Systematic ID	Name	FYPOviability	DeletionLibrary_essentiality	RevisedDeletion_essentiality	DR	DL	Cluster
SPAC1002.01	mrx11	viable	V	V			
SPAC1002.02	pom34	viable	V	V	-0.007	0.0	9.0
SPAC1002.03c	gls2	viable	V	V	0.024	0.0	9.0
SPAC1002.04c	taf11	inviable	E	E	0.733	2.629	6.0
SPAC1002.05c	jmj2	viable	V	V	-0.009	0.0	9.0
SPAC1002.06c	bqt2	viable	V	V	-0.016	0.0	9.0
SPAC1002.07c	SPAC1002.07c	viable	V	V	0.037	0.0	9.0
SPAC1002.08c	mtf1	inviable	E	E	0.656	4.606	6.0
SPAC1002.09c	dld1	inviable	E	E	0.631	4.089	6.0
SPAC1002.10c	sgt1	inviable	E	E	1.031	0.383	1.0
SPAC1002.11	gaa1	inviable	E	E	0.801	0.765	3.0
SPAC1002.12c	ssd1	viable	V	V	0.004	0.0	9.0
SPAC1002.13c	psu1	inviable	E	E	0.95	3.001	4.0
SPAC1002.14	itt1	viable	V	V	-0.045	0.0	9.0
SPAC1002.15c	med6	viable	V	V	0.206	5.253	8.0
SPAC1002.16c	tna1	inviable	E	V	-0.003	0.0	9.0
SPAC1002.17c	urg2	viable	V	V	0.021	0.0	9.0
SPAC1002.18	urg3	viable	V	V	-0.005	0.0	9.0
SPAC1002.19	urg1	viable	V	V	0.014	0.0	9.0
SPAC1002.20	SPAC1002.20	viable	V	V	0.0	0.0	9.0
SPAC1006.01	psp3	viable	V	V	0.121	-0.0	9.0
SPAC1006.02	asa1	inviable	E	E			
SPAC1006.03c	red1	viable	V	V	0.068	3.348	9.0
SPAC1006.04c	mcp3	viable	V	V	-0.012	0.0	9.0
SPAC1006.05c	och1	viable	V	V	0.964	1.013	2.0
SPAC1006.06	rgf2	viable	V	V	-0.051	0.0	9.0
SPAC1006.07	tif1	inviable	E	E	0.921	-0.0	2.0
SPAC1006.08	etd1	condition-dependent	E	E	1.082	1.103	1.0
SPAC1006.09	win1	viable	V	V	0.027	0.0	9.0
SPAC1039.01	SPAC1039.01	viable	V	V	0.064	0.0	9.0
SPAC1039.02	efn2	viable	V	V	0.058	0.0	9.0
SPAC1039.03	SPAC1039.03	viable	V	V	0.026	-0.0	9.0
SPAC1039.04	SPAC1039.04	viable	V	V	-0.005	0.0	9.0
SPAC1039.05c	klf1	viable	V	V	0.047	-0.0	9.0
SPAC1039.06	SPAC1039.06	viable	V	V	-0.005	0.0	9.0
SPAC1039.07c	SPAC1039.07c	viable	V	V	0.06	-0.0	9.0
SPAC1039.08	SPAC1039.08	viable	V	V	-0.019	0.0	9.0
SPAC1039.09	isp5	viable	V	V	-0.039	-0.0	9.0
SPAC1039.10	mmf2	viable	V	V	0.057	0.0	9.0
SPAC1039.11c	gto1	viable	V	V	0.065	0.0	9.0
SPAC105.01c	kha1	viable	V	V	0.002	0.0	9.0
SPAC105.02c	ank1	viable	V	V			
SPAC105.03c	dal81	viable	V	V	0.0	0.0	9.0
SPAC1071.01c	pta1	inviable	E	E	0.77	0.317	3.0
SPAC1071.02	mms19	viable	V	V	0.373	0.888	7.0
SPAC1071.03c	sil1	viable	V	V	0.301	9.511	9.0
SPAC1071.04c	spc2	viable	V	V	0.126	5.887	9.0
SPAC1071.05	hpm1	viable	V	V	0.064	-0.0	9.0
SPAC1071.06	arp9	viable	V	V	0.05	0.0	9.0
SPAC1071.07c	rps1502	viable	V	V			
SPAC1071.08	rpp203	viable	V	V			
SPAC1071.09c	djc9	viable	V	V	0.058	0.879	9.0
SPAC1071.10c	pma1	inviable	E	E	1.075	0.144	1.0
SPAC1071.11	coq12	condition-dependent	V	V			
SPAC1071.12c	stp1	viable	V	V	-0.011	-0.0	9.0
SPAC1071.13	SPAC1071.13	unknown	Not_determined	Not_determined	0.001	0.0	9.0
SPAC1093.01	ppr5	viable	V	V	0.103	2.148	9.0
SPAC1093.02	pdx3	viable	V	V	0.086	-0.0	9.0
SPAC1093.03	fig4	viable	V	V	0.004	0.0	9.0
SPAC1093.04c	cca1	inviable	E	E	1.016	0.641	1.0
SPAC1093.05	hca4	inviable	E	E	0.966	0.074	2.0
SPAC1093.06c	dhc1	viable	V	V	0.121	4.005	9.0
SPAC1093.07	SPAC1093.07	unknown	Not_determined	Not_determined			
SPAC10F6.01c	sir1	viable	V	V	0.137	0.465	9.0
SPAC10F6.02c	prp22	inviable	E	E	1.028	0.651	1.0
SPAC10F6.03c	cts1	inviable	E	E	1.154	-0.0	1.0
SPAC10F6.04	ats1	viable	V	V	0.11	0.274	9.0
SPAC10F6.05c	ubc6	viable	V	V	0.018	-0.0	9.0
SPAC10F6.06	vip1	viable	V	V	0.088	-0.0	9.0
SPAC10F6.07c	mug94	viable	V	V			
SPAC10F6.08c	nht1	viable	V	V	0.135	5.75	9.0
SPAC10F6.09c	psm3	condition-dependent	E	E	0.821	1.093	2.0
SPAC10F6.10	rio1	inviable	E	E	1.089	0.483	1.0
SPAC10F6.11c	atg17	viable	V	V			
SPAC10F6.12c	mam4	viable	V	V	-0.016	0.0	9.0
SPAC10F6.13c	caa1	viable	V	V	0.528	1.365	5.0
SPAC10F6.14c	SPAC10F6.14c	viable	V	V	-0.009	0.0	9.0
SPAC10F6.15	SPAC10F6.15	viable	V	V	-0.02	-0.0	9.0
SPAC10F6.16	igo1	viable	V	V	0.078	-0.0	9.0
SPAC10F6.17c	ptc5	viable	V	V	0.04	0.0	9.0
SPAC110.01	ppk1	viable	V	V	-0.015	0.0	9.0
SPAC110.02	pds5	viable	V	V	0.022	0.0	9.0
SPAC110.03	cdc42	inviable	E	E	1.071	-0.0	1.0
SPAC110.04c	pss1	condition-dependent	E	E	0.985	0.251	2.0
SPAC110.06	SPAC110.06	viable	Not_determined	Not_determined	-0.024	-0.0	9.0
SPAC1142.01	rqc1	viable	V	V	0.076	-0.0	9.0
SPAC1142.02c	sgt2	viable	V	V	-0.001	0.0	9.0
SPAC1142.03c	swi2	viable	V	V	-0.047	0.0	9.0
SPAC1142.04	noc201	inviable	E	E	1.134	0.507	1.0
SPAC1142.05	ctr5	viable	V	V	0.376	2.685	8.0
SPAC1142.06	get3	viable	V	V	-0.003	0.0	9.0
SPAC1142.07c	vps32	viable	V	V	0.372	0.489	7.0
SPAC1142.08	fhl1	viable	V	V	0.307	0.788	7.0
SPAC1142.09	SPAC1142.09	unknown	Not_determined	Not_determined	0.056	-0.0	9.0
SPAC11D3.01c	SPAC11D3.01c	viable	V	V			
SPAC11D3.02c	SPAC11D3.02c	viable	V	V	-0.002	-0.0	9.0
SPAC11D3.03c	SPAC11D3.03c	viable	V	V	-0.001	0.0	9.0
SPAC11D3.04c	SPAC11D3.04c	viable	V	V	-0.012	0.0	9.0
SPAC11D3.05	mfs2	viable	V	V	0.002	0.0	9.0
SPAC11D3.06	SPAC11D3.06	viable	V	V	0.28	9.511	9.0
SPAC11D3.07c	toe4	viable	V	V	0.003	0.0	9.0
SPAC11D3.08c	SPAC11D3.08c	viable	V	V	0.026	-0.0	9.0
SPAC11D3.09	agm1	viable	V	V	0.035	0.0	9.0
SPAC11D3.10	SPAC11D3.10	viable	V	V	0.055	0.0	9.0
SPAC11D3.11c	SPAC11D3.11c	unknown	Not_determined	Not_determined	-0.062	0.0	9.0
SPAC11D3.13	hsp3104	viable	V	V	-0.012	0.0	9.0
SPAC11D3.14c	oxp2	viable	V	V	-0.002	-0.0	9.0
SPAC11D3.15	oxp1	viable	V	V	-0.002	0.0	9.0
SPAC11D3.16c	SPAC11D3.16c	viable	V	V	0.004	0.0	9.0
SPAC11D3.17	SPAC11D3.17	viable	V	V	0.053	0.0	9.0
SPAC11D3.18c	SPAC11D3.18c	viable	V	V	0.001	0.0	9.0
SPAC11D3.19	SPAC11D3.19	viable	Not_determined	Not_determined	0.028	0.0	9.0
SPAC11D3.20	SPAC11D3.20	unknown	Not_determined	Not_determined	-0.007	0.0	9.0
SPAC11E3.01c	swr1	viable	V	V	0.116	0.0	9.0
SPAC11E3.02c	ync13	condition-dependent	E	E	0.415	3.809	8.0
SPAC11E3.03	csm1	viable	V	V	0.401	5.527	8.0
SPAC11E3.04c	ubc13	viable	V	V	0.027	0.0	9.0
SPAC11E3.05	sea3	viable	V	V	0.594	1.21	5.0
SPAC11E3.06	map1	viable	V	V	0.011	0.0	9.0
SPAC11E3.07	vma4	inviable	E	E	0.364	1.396	7.0
SPAC11E3.08c	nse6	viable	V	E	0.382	5.203	8.0
SPAC11E3.09	pyp3	viable	V	V	0.485	9.119	6.0
SPAC11E3.10	SPAC11E3.10	viable	V	V	-0.005	-0.0	9.0
SPAC11E3.11c	syt22	viable	V	V	0.045	0.0	9.0
SPAC11E3.12	SPAC11E3.12	viable	V	V	-0.018	-0.0	9.0
SPAC11E3.13c	gas5	viable	V	V	0.071	-0.0	9.0
SPAC11E3.14	SPAC11E3.14	viable	V	V	-0.019	0.0	9.0
SPAC11E3.15	rpl22	viable	V	V			
SPAC11G7.01	mtl2	viable	V	V	0.152	-0.0	9.0
SPAC11G7.02	pub1	viable	V	V	0.697	0.228	3.0
SPAC11G7.03	idh1	viable	V	V	0.204	1.061	7.0
SPAC11G7.04	ubi1	viable	V	V			
SPAC11G7.05c	mct1	viable	V	V	0.123	-0.0	9.0
SPAC11G7.06c	mug132	viable	V	V	0.053	0.0	9.0
SPAC11H11.01	sst6	viable	V	V	0.024	-0.0	9.0
SPAC11H11.02c	mug162	viable	V	V	-0.031	-0.0	9.0
SPAC11H11.03c	SPAC11H11.03c	viable	V	V	-0.008	0.0	9.0
SPAC11H11.04	mam2	viable	V	V	0.408	9.511	9.0
SPAC11H11.05c	fta6	viable	V	V	0.051	0.0	9.0
SPAC11H11.06	arp2	inviable	E	E	0.98	-0.0	2.0
SPAC1250.01	snf21	inviable	E	E	0.64	1.637	5.0
SPAC1250.02	mug95	viable	V	V	-0.032	-0.0	9.0
SPAC1250.03	ubc14	viable	V	V	-0.017	-0.0	9.0
SPAC1250.04c	atl1	viable	V	V			
SPAC1250.05	rpl3002	viable	V	V	0.069	1.456	9.0
SPAC1250.07	sfc7	condition-dependent	Not_determined	Not_determined			
SPAC1296.01c	SPAC1296.01c	viable	V	V	0.131	0.0	9.0
SPAC1296.02	cox4	viable	V	V	0.134	1.202	9.0
SPAC1296.03c	sxa2	viable	V	V	0.04	0.0	9.0
SPAC1296.04	mug65	viable	V	V	0.1	0.0	9.0
SPAC1296.05c	lcp1	viable	V	V	0.025	0.0	9.0
SPAC1296.06	tah18	viable	V	E	0.706	1.602	5.0
SPAC12B10.01c	hul6	viable	V	V	0.518	8.653	6.0
SPAC12B10.02c	sdg1	condition-dependent	E	E	0.002	0.0	9.0
SPAC12B10.03	bun62	viable	V	V	-0.015	0.0	9.0
SPAC12B10.04	pby1	viable	V	V	0.007	0.0	9.0
SPAC12B10.05	icp55	viable	V	V	-0.011	0.0	9.0
SPAC12B10.06c	sdh5	viable	V	V	-0.031	0.0	9.0
SPAC12B10.07	acp1	viable	V	V	-0.025	0.0	9.0
SPAC12B10.08c	til1	inviable	E	E	0.351	6.66	9.0
SPAC12B10.09	pet801	viable	V	V	0.003	0.0	9.0
SPAC12B10.10	nod1	viable	V	V	0.033	0.0	9.0
SPAC12B10.11	exg2	viable	V	V	-0.035	0.0	9.0
SPAC12B10.12c	rhp41	viable	V	V	0.052	-0.0	9.0
SPAC12B10.13	gid8	viable	V	V			
SPAC12B10.14c	tea5	viable	V	V	-0.01	0.0	9.0
SPAC12B10.15c	rnh203	viable	V	V	-0.04	-0.0	9.0
SPAC12B10.16c	mug157	viable	V	V	-0.015	0.0	9.0
SPAC12G12.01c	sea4	viable	V	V	0.022	-0.0	9.0
SPAC12G12.02	efg1	inviable	E	E	0.916	0.299	2.0
SPAC12G12.03	cip2	viable	V	V	0.041	1.639	9.0
SPAC12G12.04	mcp60	inviable	E	E	1.082	1.364	1.0
SPAC12G12.05c	taf9	inviable	E	E			
SPAC12G12.06c	rcl1	inviable	E	E	1.037	0.472	1.0
SPAC12G12.07c	cpn1	viable	V	V	0.081	0.792	9.0
SPAC12G12.08	mrpl6	inviable	E	E			
SPAC12G12.09	eti1	viable	V	V	0.001	0.0	9.0
SPAC12G12.10	wdr21	viable	V	V	0.075	0.713	9.0
SPAC12G12.11c	miy1	viable	V	V	0.032	-0.0	9.0
SPAC12G12.12	gms2	viable	V	V	0.021	0.0	9.0
SPAC12G12.13c	cid14	viable	V	E	0.865	1.697	4.0
SPAC12G12.14c	pfs2	inviable	E	E	0.793	1.542	5.0
SPAC12G12.15	sif3	viable	V	V	0.061	-0.0	9.0
SPAC12G12.16c	SPAC12G12.16c	viable	V	V/E	0.003	0.0	9.0
SPAC12G12.17	nce101	unknown	Not_determined	Not_determined	0.006	0.0	9.0
SPAC1327.01c	SPAC1327.01c	viable	V	V	0.042	-0.0	9.0
SPAC139.01c	mkt1	viable	V	V	-0.009	0.0	9.0
SPAC139.02c	oac1	viable	V	V	-0.002	0.0	9.0
SPAC139.03	toe2	viable	V	V	-0.009	-0.0	9.0
SPAC139.04c	fap2	viable	V	V	0.099	0.0	9.0
SPAC139.05	ssd2	viable	V	V	0.003	0.0	9.0
SPAC139.06	hat1	viable	V	V	0.047	1.29	9.0
SPAC1399.01c	SPAC1399.01c	viable	V	V	0.062	0.0	9.0
SPAC1399.02	SPAC1399.02	viable	V	V	0.027	0.0	9.0
SPAC1399.03	fur4	viable	V	V	0.039	-0.0	9.0
SPAC1399.04c	uck2	viable	V	V	0.065	0.0	9.0
SPAC1399.05c	toe1	viable	V	V	0.001	0.0	9.0
SPAC1399.06	SPAC1399.06	unknown	Not_determined	Not_determined			
SPAC13A11.01c	rga8	viable	V	V	0.051	-0.0	9.0
SPAC13A11.02c	erg11	inviable	E	E	1.02	-0.0	1.0
SPAC13A11.03	mcp7	viable	V	V	0.004	-0.0	9.0
SPAC13A11.04c	ubp8	viable	V	V	0.151	4.663	9.0
SPAC13A11.05	ysp2	viable	V	V	0.001	0.0	9.0
SPAC13A11.06	pdc202	viable	V	V	0.036	-0.0	9.0
SPAC13C5.01c	pre9	viable	V	E	1.03	0.044	1.0
SPAC13C5.02	dre4	viable	V	V	0.455	4.758	8.0
SPAC13C5.03	tht1	viable	V	V	0.047	0.0	9.0
SPAC13C5.04	SPAC13C5.04	viable	V	V	0.011	0.0	9.0
SPAC13C5.05c	SPAC13C5.05c	viable	V	E	0.857	2.265	4.0
SPAC13C5.06c	mug121	viable	V	V			
SPAC13C5.07	mre11	viable	V	V	0.465	3.826	8.0
SPAC13D1.01c	Tf2-7	unknown	Not_determined	Not_determined	-0.101	-0.0	9.0
SPAC13D6.01	pof14	viable	V	V	0.038	0.0	9.0
SPAC13D6.02c	byr3	viable	V	V			
SPAC13D6.03c	trm9	viable	V	V	0.237	1.008	7.0
SPAC13D6.04c	btb3	viable	V	V	-0.046	-0.0	9.0
SPAC13D6.05	alp11	inviable	E	E	0.693	2.114	5.0
SPAC13F5.01c	msh1	viable	V	V	0.061	0.0	9.0
SPAC13F5.02c	taf7	inviable	E	E	0.734	2.254	5.0
SPAC13F5.03c	gld1	viable	V	V	-0.053	0.0	9.0
SPAC13F5.04c	vta1	viable	V	V			
SPAC13F5.05	mpd1	viable	V	V	0.004	0.0	9.0
SPAC13F5.06c	sec10	inviable	E	E	0.868	1.057	2.0
SPAC13F5.07c	hpz2	viable	V	V	-0.023	0.0	9.0
SPAC13G6.01c	rad8	viable	V	V	-0.004	0.0	9.0
SPAC13G6.02c	rps101	viable	V	V	0.283	-0.0	7.0
SPAC13G6.03	gpi7	viable	V	V	0.03	0.0	9.0
SPAC13G6.04	tim8	viable	V	V			
SPAC13G6.05c	trs33	inviable	E	E	0.964	2.351	4.0
SPAC13G6.06c	gcv2	viable	V	V	-0.023	-0.0	9.0
SPAC13G6.07c	rps601	viable	V	V	0.365	-0.0	7.0
SPAC13G6.08	fzr2	viable	V	V	-0.029	-0.0	9.0
SPAC13G6.09	tsr402	viable	V	V	0.524	0.765	5.0
SPAC13G6.10c	asl1	viable	V	V	0.075	0.0	9.0
SPAC13G6.11c	erg12	inviable	E	E	0.94	0.497	2.0
SPAC13G6.12c	chs1	viable	V	V	-0.006	0.0	9.0
SPAC13G6.13	SPAC13G6.13	viable	V	V	0.047	0.0	9.0
SPAC13G6.14	aps1	viable	V	V	0.052	-0.0	9.0
SPAC13G6.15c	rcn1	viable	V	V			
SPAC13G7.01c	erg7	inviable	E	E	0.922	0.731	2.0
SPAC13G7.02c	ssa1	viable	V	V	0.008	0.0	9.0
SPAC13G7.03	upf3	viable	V	V			
SPAC13G7.04c	mac1	viable	V	V	-0.019	0.0	9.0
SPAC13G7.05	are1	viable	V	V	-0.011	0.0	9.0
SPAC13G7.06	met16	viable	V	V	0.112	-0.0	9.0
SPAC13G7.07	arb2	viable	V	V	0.077	-0.0	9.0
SPAC13G7.08c	crb3	inviable	E	E	0.729	0.371	3.0
SPAC13G7.09c	SPAC13G7.09c	viable	V	V	0.029	-0.0	9.0
SPAC13G7.10	teb1	inviable	E	E	1.044	0.812	1.0
SPAC13G7.11	mba1	viable	V	V	0.002	0.0	9.0
SPAC13G7.12c	eki1	viable	V	V	0.086	-0.0	9.0
SPAC13G7.13c	msa1	viable	V	V	-0.014	0.0	9.0
SPAC140.01	sdh2	viable	V	V	-0.022	0.0	9.0
SPAC140.02	gar2	viable	V	V			
SPAC140.03	arb1	viable	V	V	-0.002	-0.0	9.0
SPAC140.04	ctr1	viable	V	V	0.023	0.0	9.0
SPAC1420.01c	mks1	viable	V	V	-0.008	0.0	9.0
SPAC1420.02c	cct5	inviable	E	E	1.113	0.328	1.0
SPAC1420.03	rpn501	viable	V	V			
SPAC1420.04c	cox1101	viable	V	V			
SPAC144.01	SPAC144.01	viable	V	V	0.041	-0.0	9.0
SPAC144.02	iec1	viable	V	V	0.098	-0.0	9.0
SPAC144.03	ade2	viable	V	V	-0.004	0.0	9.0
SPAC144.04c	spe1	viable	V	V	0.131	-0.0	9.0
SPAC144.05	irc20	viable	V	V	0.002	-0.0	9.0
SPAC144.06	apl5	viable	V	V	0.076	1.339	9.0
SPAC144.07c	gpn2	inviable	E	E	0.799	0.574	3.0
SPAC144.08	jac1	condition-dependent	E	E	0.814	5.046	6.0
SPAC144.09c	sfc2	inviable	E	E	0.716	2.161	5.0
SPAC144.10c	gwt1	inviable	E	E	0.869	1.34	4.0
SPAC144.11	rps1102	viable	V	V	0.363	1.245	7.0
SPAC144.12	rki1	inviable	E	E	0.81	0.469	2.0
SPAC144.13c	srw1	viable	V	E	0.499	-0.0	3.0
SPAC144.14	klp8	viable	V	V	0.0	0.0	9.0
SPAC144.15c	cog1	inviable	E	E	0.917	0.57	2.0
SPAC144.16	cia2	inviable	E	E	1.129	0.356	1.0
SPAC144.17c	SPAC144.17c	viable	V	V	0.004	0.0	9.0
SPAC144.18	vrg4	inviable	E	E	0.624	4.887	6.0
SPAC144.19	prl46	viable	Not_determined	Not_determined	-0.0	-0.0	9.0
SPAC1486.01	sod2	viable	V	V	0.028	0.0	9.0
SPAC1486.02c	dsc2	viable	V	V	0.522	-0.0	3.0
SPAC1486.03c	ntr1	inviable	E	E	0.925	0.294	2.0
SPAC1486.04c	alm1	viable	V	V	0.371	3.597	8.0
SPAC1486.05	nup189	inviable	E	E	1.045	-0.0	1.0
SPAC1486.06	npt1	inviable	E	E	1.113	-0.0	1.0
SPAC1486.07c	mrpl19	inviable	E	E	0.525	4.686	8.0
SPAC1486.08	cox16	viable	V	V	0.307	7.956	9.0
SPAC1486.09	nob1	inviable	E	E	0.829	-0.0	2.0
SPAC1486.10	thi1	viable	V	V	0.1	3.57	9.0
SPAC1486.11	fmc1	viable	Not_determined	Not_determined	0.067	4.02	9.0
SPAC14C4.01c	atg43	viable	V	V	0.067	0.0	9.0
SPAC14C4.02c	smc5	inviable	E	E	0.739	2.46	5.0
SPAC14C4.03	mek1	viable	V	V	-0.02	0.0	9.0
SPAC14C4.04	SPAC14C4.04	viable	V	V	-0.005	0.0	9.0
SPAC14C4.05c	man1	viable	V	V	0.034	-0.0	9.0
SPAC14C4.06c	nab2	viable	V	V	0.211	2.769	8.0
SPAC14C4.07	SPAC14C4.07	viable	V	V	-0.021	0.0	9.0
SPAC14C4.08	mug5	viable	V	V	0.112	0.0	9.0
SPAC14C4.09	agn1	viable	V	V	0.011	0.0	9.0
SPAC14C4.10c	SPAC14C4.10c	viable	V	V	-0.003	0.0	9.0
SPAC14C4.11	vtc2	viable	V	V	0.086	-0.0	9.0
SPAC14C4.12c	laf1	viable	V	V	0.06	-0.0	9.0
SPAC14C4.13	rad17	viable	V	V	0.088	1.752	9.0
SPAC14C4.14	atp1	viable	V	V	0.162	0.519	9.0
SPAC14C4.15c	dpp1	viable	V	V	-0.026	-0.0	9.0
SPAC14C4.16	dad3	viable	V	V	0.112	2.025	9.0
SPAC1527.01	mok11	viable	V	V	0.008	0.0	9.0
SPAC1527.02	sft2	viable	V	V	0.148	2.141	9.0
SPAC1527.03	slr1	viable	V	V	-0.036	0.0	9.0
SPAC1556.01c	rad50	viable	V	V	0.462	2.601	8.0
SPAC1556.02c	sdh1	viable	V	V	-0.046	-0.0	9.0
SPAC1556.03	azr1	viable	V	V	0.14	0.706	9.0
SPAC1556.04c	cdd1	viable	V	V	-0.001	0.0	9.0
SPAC1556.05c	cgr1	viable	V	V	0.571	0.448	3.0
SPAC1556.06	meu1	viable	V	V	0.002	-0.0	9.0
SPAC1556.07	pmm1	inviable	E	E	1.22	0.171	1.0
SPAC1556.08c	cbs2	viable	V	V	0.162	-0.0	9.0
SPAC1565.01	rcf2	viable	V	V	0.059	0.0	9.0
SPAC1565.02c	rga10	viable	V	V	-0.026	-0.0	9.0
SPAC1565.03	SPAC1565.03	viable	V	V	0.002	0.0	9.0
SPAC1565.04c	ste4	viable	V	V	-0.018	-0.0	9.0
SPAC1565.05	utp8	inviable	E	E	1.128	0.905	1.0
SPAC1565.06c	spg1	inviable	E	E	1.053	2.4	4.0
SPAC1565.07c	knd1	viable	V	V	-0.013	0.0	9.0
SPAC1565.08	cdc48	inviable	E	E	1.023	0.858	1.0
SPAC15A10.01	atm1	condition-dependent	E	E	0.861	6.503	6.0
SPAC15A10.02	taf12	inviable	E	E	0.857	0.053	2.0
SPAC15A10.03c	rad54	viable	V	E	0.535	0.974	5.0
SPAC15A10.04c	zpr1	inviable	E	E	1.088	0.359	1.0
SPAC15A10.05c	mug182	viable	V	V	-0.035	0.0	9.0
SPAC15A10.06	nhx1	viable	V	V	0.032	0.0	9.0
SPAC15A10.07	SPAC15A10.07	viable	V	V	-0.003	0.0	9.0
SPAC15A10.08	ain1	viable	V	V	-0.168	7.944	9.0
SPAC15A10.09c	pun1	viable	V	V	0.015	-0.0	9.0
SPAC15A10.10	mde6	viable	V	V	0.067	0.0	9.0
SPAC15A10.11	ubr11	viable	V	V	0.0	0.0	9.0
SPAC15A10.12c	tca17	inviable	E	E	0.838	3.197	4.0
SPAC15A10.13	ppk3	viable	V	V	0.049	1.07	9.0
SPAC15A10.15	sgo2	viable	V	V	-0.001	0.0	9.0
SPAC15A10.16	bud6	viable	V	V	0.034	0.0	9.0
SPAC15A10.17	coa2	viable	Not_determined	Not_determined			
SPAC15E1.02c	SPAC15E1.02c	viable	V	V	-0.02	-0.0	9.0
SPAC15E1.03	rpl42	viable	Not_determined	Not_determined			
SPAC15E1.04	hal3	viable	V	E	0.958	0.647	2.0
SPAC15E1.05c	ect1	viable	V	V	-0.077	5.956	9.0
SPAC15E1.06	vps29	viable	V	V	0.004	0.0	9.0
SPAC15E1.07c	moa1	viable	V	V	-0.013	0.0	9.0
SPAC15E1.08	naa10	inviable	E	E	0.489	4.805	8.0
SPAC15E1.09	grx2	viable	V	V	-0.004	0.0	9.0
SPAC15E1.10	fub1	viable	V	V	0.431	8.501	6.0
SPAC15F9.01c	glm1	viable	V	V	-0.008	0.0	9.0
SPAC15F9.02	seh1	viable	V	V	0.024	0.0	9.0
SPAC15F9.03c	nxt2	inviable	E	E	0.851	0.523	2.0
SPAC16.01	rho2	viable	V	V	0.043	0.0	9.0
SPAC16.02c	srp2	inviable	E	E	0.83	1.45	4.0
SPAC16.03c	ura2	viable	V	V	0.143	0.03	9.0
SPAC16.04	dus3	viable	V	V	0.029	0.0	9.0
SPAC16.05c	sfp1	viable	V	V	0.358	-0.0	7.0
SPAC1610.01	saf5	viable	V	V	0.39	6.011	8.0
SPAC1610.02c	mrpl1	viable	V	V	0.293	4.038	8.0
SPAC1610.03c	crp79	viable	V	V	-0.023	0.0	9.0
SPAC1610.04	mmc1	viable	V	V	0.021	0.0	9.0
SPAC1635.01	por1	viable	V	V	0.09	-0.0	9.0
SPAC1639.01c	elo1	viable	V	V	-0.001	0.0	9.0
SPAC1639.02c	trk2	viable	V	V	0.002	0.0	9.0
SPAC167.01	ire1	viable	V	V	0.034	0.0	9.0
SPAC167.02	ptb1	inviable	E	E	1.132	0.581	1.0
SPAC167.03c	snu66	inviable	E	E	1.098	-0.0	1.0
SPAC167.04	pam17	viable	V	V	0.038	0.0	9.0
SPAC167.05	dbs2	viable	V	V	0.057	0.0	9.0
SPAC167.06c	mug143	viable	V	V			
SPAC167.07c	hul5	viable	V	V	0.046	-0.0	9.0
SPAC167.08	Tf2-2	unknown	Not_determined	Not_determined	0.02	-0.0	9.0
SPAC167.09	pga1	unknown	Not_determined	Not_determined	0.965	2.295	4.0
SPAC1687.01	rpc19	inviable	E	E	0.979	0.887	2.0
SPAC1687.02	rce1	inviable	E	E	1.093	6.136	6.0
SPAC1687.03c	rfc4	inviable	E	E	0.858	3.893	6.0
SPAC1687.04	mcb1	inviable	E	E	0.96	0.839	2.0
SPAC1687.05	pli1	viable	V	V	0.126	3.656	9.0
SPAC1687.06c	rpl44	viable	V	V			
SPAC1687.07	SPAC1687.07	viable	V	V			
SPAC1687.08	SPAC1687.08	viable	V	V	0.036	1.239	9.0
SPAC1687.09	irs4	viable	V	V	-0.042	0.0	9.0
SPAC1687.10	mcp1	viable	V	V	-0.034	0.0	9.0
SPAC1687.11	spb1	inviable	E	E	0.949	-0.0	2.0
SPAC1687.12c	coq4	condition-dependent	V	V	0.075	0.486	9.0
SPAC1687.13c	csn5	viable	V	V	0.549	9.511	6.0
SPAC1687.14c	SPAC1687.14c	viable	V	V			
SPAC1687.15	gsk3	viable	V	V	-0.0	0.0	9.0
SPAC1687.16c	erg31	viable	V	V	0.001	0.0	9.0
SPAC1687.17c	SPAC1687.17c	viable	V	V	-0.023	0.0	9.0
SPAC1687.18c	ssl3	inviable	E	E	0.63	2.101	5.0
SPAC1687.19c	qtr1	viable	V	V	-0.013	0.0	9.0
SPAC1687.20c	mis6	inviable	E	E	0.744	3.993	6.0
SPAC1687.21	SPAC1687.21	viable	V	V	0.0	0.0	9.0
SPAC1687.22c	puf3	viable	V	V	-0.014	0.0	9.0
SPAC1687.23c	SPAC1687.23c	viable	V	V	-0.012	0.0	9.0
SPAC16A10.01	SPAC16A10.01	viable	V	V	-0.031	-0.0	9.0
SPAC16A10.02	sub1	viable	V	V	-0.044	0.0	9.0
SPAC16A10.03c	SPAC16A10.03c	viable	V	V	0.002	0.0	9.0
SPAC16A10.04	rho4	viable	V	V	-0.018	-0.0	9.0
SPAC16A10.05c	dad1	viable	V	V			
SPAC16A10.06c	nse2	inviable	E	E	0.612	3.252	6.0
SPAC16A10.07c	taz1	viable	V	V	0.026	0.0	9.0
SPAC16A10.08c	mug74	unknown	Not_determined	Not_determined	-0.019	0.0	9.0
SPAC16C9.01c	SPAC16C9.01c	viable	V	V			
SPAC16C9.02c	mta1	viable	V	V	0.305	7.593	9.0
SPAC16C9.03	nmd3	inviable	E	E	0.996	-0.0	1.0
SPAC16C9.04c	mot2	viable	V	V	0.305	3.234	8.0
SPAC16C9.05	cph1	condition-dependent	V	V	0.0	0.0	9.0
SPAC16C9.06c	upf1	viable	V	V	0.031	1.189	9.0
SPAC16C9.07	pom2	viable	V	V	0.076	0.0	9.0
SPAC16E8.01	shd1	viable	V	V	-0.018	-0.0	9.0
SPAC16E8.02	mpo1	inviable	E	E			
SPAC16E8.03	gna1	inviable	E	E			
SPAC16E8.04c	aro7	inviable	E	E	1.006	0.362	1.0
SPAC16E8.05c	SPAC16E8.05c	viable	V	V			
SPAC16E8.06c	nop12	viable	V	V	0.089	-0.0	9.0
SPAC16E8.07c	vph1	inviable	E	E	0.561	0.461	3.0
SPAC16E8.08	pos1	viable	V	V	-0.022	0.0	9.0
SPAC16E8.09	scd1	viable	V	V	0.085	1.234	9.0
SPAC16E8.10c	rsm7	inviable	E	E	0.704	3.363	6.0
SPAC16E8.11c	tfb1	inviable	E	E	0.8	1.686	5.0
SPAC16E8.12c	png3	viable	V	V	0.079	0.0	9.0
SPAC16E8.13	SPAC16E8.13	viable	V	V	0.028	0.0	9.0
SPAC16E8.14c	tae1	viable	V	V	0.003	0.0	9.0
SPAC16E8.15	tif45	inviable	E	E	0.812	-0.0	2.0
SPAC16E8.16	sua7	inviable	E	E	1.079	-0.0	1.0
SPAC16E8.17c	sca1	viable	V	V	0.57	1.249	5.0
SPAC16E8.18	SPAC16E8.18	viable	V	V	0.012	0.0	9.0
SPAC16E8.18c	tam5	unknown	Not_determined	Not_determined	-0.021	0.0	9.0
SPAC1705.02	SPAC1705.02	viable	V	V	-0.012	0.0	9.0
SPAC1705.03c	ecm33	viable	V	V	0.229	6.38	9.0
SPAC1751.01c	gti1	viable	V	V	0.27	9.044	9.0
SPAC1751.02c	rsm19	inviable	E	E	0.66	3.465	6.0
SPAC1751.03	tif313	inviable	E	E	1.037	1.13	1.0
SPAC1751.04	loc1	viable	V	V	-0.015	0.0	9.0
SPAC1782.01	ecm29	viable	V	V	-0.005	0.0	9.0
SPAC1782.02c	SPAC1782.02c	viable	V	V	-0.012	0.0	9.0
SPAC1782.03	saf3	inviable	E	E	0.883	0.057	2.0
SPAC1782.04	cox24	viable	V	V	0.033	0.0	9.0
SPAC1782.05	ypa2	viable	V	V	0.302	3.201	8.0
SPAC1782.06c	phb1	viable	V	V	0.029	0.0	9.0
SPAC1782.07	qcr8	viable	V	V	0.105	-0.0	9.0
SPAC1782.08c	rex3	viable	V	V	0.011	-0.0	9.0
SPAC1782.09c	clp1	viable	V	V	0.047	0.0	9.0
SPAC1782.10c	nhp2	inviable	E	E			
SPAC1782.11	met14	viable	V	V	0.088	-0.0	9.0
SPAC1782.12c	SPAC1782.12c	viable	V	V			
SPAC1783.01	SPAC1783.01	viable	V	V	0.011	0.0	9.0
SPAC1783.02c	vps66	viable	V	V	0.279	3.178	8.0
SPAC1783.03	fta2	inviable	E	E	0.958	4.033	6.0
SPAC1783.04c	hst4	viable	V	V	0.389	2.616	8.0
SPAC1783.05	hrp1	viable	V	V	-0.012	0.0	9.0
SPAC1783.06c	atg12	viable	V	V	0.048	0.0	9.0
SPAC1783.07c	pap1	viable	V	V	0.056	0.0	9.0
SPAC1783.08c	rpl1502	viable	V	V	0.781	1.603	5.0
SPAC1786.01c	ptl2	viable	V	V	-0.004	-0.0	9.0
SPAC1786.02	plb2	viable	V	V			
SPAC1786.03	cut11	inviable	E	E			
SPAC1786.04	SPAC1786.04	viable	V	V	-0.055	0.0	9.0
SPAC17A2.01	bsu1	viable	V	V	0.029	0.0	9.0
SPAC17A2.02c	tlc4	viable	V	V			
SPAC17A2.03c	vma6	inviable	E	E	0.478	0.483	7.0
SPAC17A2.04c	cns1	inviable	E	E	1.034	0.456	1.0
SPAC17A2.05	osm1	viable	V	V	0.064	0.0	9.0
SPAC17A2.06c	vps8	viable	V	V	0.061	0.0	9.0
SPAC17A2.07c	SPAC17A2.07c	viable	V	V			
SPAC17A2.08c	ntr2	condition-dependent	E	E	0.611	0.0	3.0
SPAC17A2.09c	csx1	viable	V	V	0.031	0.0	9.0
SPAC17A2.10c	SPAC17A2.10c	viable	V	V	-0.011	0.0	9.0
SPAC17A2.11	SPAC17A2.11	viable	V	V			
SPAC17A2.12	rrp1	viable	V	V	0.002	0.0	9.0
SPAC17A2.13c	rad25	viable	V	V	-0.023	-0.0	9.0
SPAC17A2.14	mnr2	viable	V	V	0.077	0.556	9.0
SPAC17A5.01	pex6	viable	V	V	-0.009	0.0	9.0
SPAC17A5.02c	dbr1	viable	V	V	0.316	-0.0	7.0
SPAC17A5.03	rpl301	inviable	E	E			
SPAC17A5.04c	mde10	viable	V	V	0.089	0.0	9.0
SPAC17A5.05c	SPAC17A5.05c	viable	V	V	-0.024	0.0	9.0
SPAC17A5.06	ptr8	inviable	E	E	1.0	-0.0	1.0
SPAC17A5.07c	ulp2	condition-dependent	V	V	0.575	4.216	6.0
SPAC17A5.08	erp2	viable	V	V	0.008	0.0	9.0
SPAC17A5.09c	glc8	viable	V	V			
SPAC17A5.10	hua1	viable	V	V			
SPAC17A5.11	rec12	viable	V	V	-0.026	-0.0	9.0
SPAC17A5.12	ucp7	inviable	E	E	0.931	0.175	2.0
SPAC17A5.13	fol2	inviable	E	E	0.868	1.255	4.0
SPAC17A5.14	exo2	viable	V	V	0.437	1.613	7.0
SPAC17A5.15c	gus1	inviable	E	E	1.134	-0.0	1.0
SPAC17A5.16	hid1	viable	V	V	0.145	0.976	9.0
SPAC17A5.18c	rec25	viable	V	V	0.063	0.0	9.0
SPAC17A5.19	SPAC17A5.19	viable	Not_determined	Not_determined	0.009	0.0	9.0
SPAC17C9.01c	nuc2	inviable	E	E	1.046	1.521	1.0
SPAC17C9.02c	lys7	condition-dependent	V	V	0.297	9.511	9.0
SPAC17C9.03	tif471	inviable	E	E	1.052	0.099	1.0
SPAC17C9.05c	pmc3	viable	V	V	1.522	9.511	6.0
SPAC17C9.06	sam50	inviable	E	E	0.877	2.242	4.0
SPAC17C9.07	alg8	viable	V	V	0.01	0.0	9.0
SPAC17C9.08	pnu1	viable	V	V	0.001	0.0	9.0
SPAC17C9.09c	tim13	viable	V	V			
SPAC17C9.10	stm1	viable	V	V	0.033	0.0	9.0
SPAC17C9.11c	SPAC17C9.11c	viable	V	V	-0.022	0.0	9.0
SPAC17C9.12	scs22	viable	V	V	-0.023	0.0	9.0
SPAC17C9.13c	cut8	condition-dependent	V	E	0.683	0.934	3.0
SPAC17C9.14	pex19	viable	V	V	0.032	0.0	9.0
SPAC17C9.15c	dhm2	viable	V	V			
SPAC17C9.16c	mfs1	viable	V	V	0.003	0.0	9.0
SPAC17D4.01	pex7	viable	V	V	-0.023	0.0	9.0
SPAC17D4.02	cdc45	inviable	E	E	0.902	-0.0	2.0
SPAC17D4.03c	cis4	viable	V	V	0.045	0.0	9.0
SPAC17D4.04	trm401	viable	V	V	0.011	0.0	9.0
SPAC17G6.02c	tco1	viable	V	V			
SPAC17G6.03	efn3	viable	V	V	0.089	-0.0	9.0
SPAC17G6.04c	cpp1	viable	V	E	0.721	5.903	6.0
SPAC17G6.05c	bro1	viable	V	V	0.079	0.0	9.0
SPAC17G6.06	rps2401	viable	V	V			
SPAC17G6.07c	use1	inviable	E	E			
SPAC17G6.08	pep7	viable	V	V	0.014	0.0	9.0
SPAC17G6.09	sec62	inviable	E	E	-0.016	-0.0	9.0
SPAC17G6.10	ssr1	inviable	E	E	0.536	3.717	8.0
SPAC17G6.11c	ghs2	inviable	E	E	0.901	0.37	2.0
SPAC17G6.12	cul1	inviable	E	E	0.597	2.435	5.0
SPAC17G6.13	slt1	viable	V	V	-0.032	0.0	9.0
SPAC17G6.14c	uap56	inviable	E	E	1.024	0.082	1.0
SPAC17G6.15c	fsf1	viable	V	V	-0.017	-0.0	9.0
SPAC17G6.16c	ysh1	inviable	E	E	1.022	0.986	1.0
SPAC17G6.17	pof8	viable	V	V	0.058	-0.0	9.0
SPAC17G8.01c	trl1	inviable	E	E	1.126	0.506	1.0
SPAC17G8.02	urh2	inviable	E	V	0.055	0.0	9.0
SPAC17G8.03c	bur6	inviable	E	E	0.655	3.484	6.0
SPAC17G8.04c	arc5	inviable	E	E	1.033	0.097	1.0
SPAC17G8.05	med20	viable	V	V	0.261	5.376	8.0
SPAC17G8.06c	ilv3	viable	V	E	1.076	1.441	1.0
SPAC17G8.07	yaf9	viable	V	V			
SPAC17G8.08c	gdt2	viable	V	V	0.009	0.0	9.0
SPAC17G8.09	shg1	viable	V	V	-0.004	-0.0	9.0
SPAC17G8.10c	dma1	viable	V	V	0.031	-0.0	9.0
SPAC17G8.11c	imt3	viable	V	V	0.058	-0.0	9.0
SPAC17G8.12	sec3	condition-dependent	E	E	0.957	3.328	6.0
SPAC17G8.13c	mst2	viable	V	V	0.047	0.0	9.0
SPAC17G8.14c	pck1	viable	V	V	0.091	0.0	9.0
SPAC17G8.15	wip1	condition-dependent	Not_determined	Not_determined	0.727	4.862	6.0
SPAC17H9.01	cid16	viable	V	V	0.029	0.0	9.0
SPAC17H9.02	mtl1	inviable	E	E	0.513	3.566	8.0
SPAC17H9.03c	rdl1	viable	V	V	0.361	8.619	9.0
SPAC17H9.04c	dri1	viable	V	V	0.259	8.438	9.0
SPAC17H9.05	ebp2	inviable	E	E	0.938	0.892	2.0
SPAC17H9.06c	SPAC17H9.06c	viable	V	V	0.066	0.0	9.0
SPAC17H9.07	srp21	inviable	E	E	0.59	2.037	5.0
SPAC17H9.08	leu5	viable	V	V	0.304	4.3	8.0
SPAC17H9.09c	ras1	viable	V	V	0.049	1.25	9.0
SPAC17H9.10c	ddb1	viable	V	V	0.375	0.731	7.0
SPAC17H9.11	gmf1	viable	V	V			
SPAC17H9.12c	cyc2	viable	V	V	0.122	2.983	9.0
SPAC17H9.13c	pro2	viable	V	V	0.447	8.905	6.0
SPAC17H9.14c	pdi2	viable	V	V	0.027	-0.0	9.0
SPAC17H9.16	tom22	inviable	E	E			
SPAC17H9.17c	mdm10	inviable	E	E	0.607	2.493	5.0
SPAC17H9.18c	SPAC17H9.18c	viable	Not_determined	Not_determined	0.023	0.0	9.0
SPAC17H9.19c	cdt2	viable	V	V	0.461	0.586	7.0
SPAC17H9.20	psc3	inviable	E	E	0.762	1.241	5.0
SPAC1805.01c	ppk6	viable	V	V	0.04	0.0	9.0
SPAC1805.02c	etf2	viable	V	V			
SPAC1805.03c	trm13	viable	V	V	-0.0	0.0	9.0
SPAC1805.04	nup132	viable	V	V	0.188	7.64	9.0
SPAC1805.05	cki3	viable	V	V	-0.039	0.413	9.0
SPAC1805.06c	hem2	viable	V	E	0.837	1.587	4.0
SPAC1805.07c	dad2	viable	V	V	0.126	3.188	9.0
SPAC1805.08	dlc1	viable	V	V	-0.013	0.0	9.0
SPAC1805.09c	fmt1	viable	V	V			
SPAC1805.10	ccz1	viable	V	V	0.023	0.0	9.0
SPAC1805.11c	rps2602	viable	V	V	1.212	0.971	1.0
SPAC1805.12c	ubi2	viable	V	V	0.201	1.445	9.0
SPAC1805.13	rpl14	viable	V	E	1.068	-0.0	1.0
SPAC1805.14	SPAC1805.14	viable	V	V	0.042	0.0	9.0
SPAC1805.15c	pub2	viable	V	V	0.055	0.0	9.0
SPAC1805.16c	SPAC1805.16c	viable	V	V	-0.003	-0.0	9.0
SPAC1805.17	crm1	inviable	E	E	1.1	0.51	1.0
SPAC1805.18	pop6	unknown	Not_determined	Not_determined	0.681	0.384	3.0
SPAC1834.01	erf1	inviable	E	E	1.021	-0.0	1.0
SPAC1834.02	aro1	inviable	E	E	1.118	-0.0	1.0
SPAC1834.03c	hhf1	viable	V	V			
SPAC1834.04	hht1	viable	V	V			
SPAC1834.05	alg9	viable	V	V	0.312	7.319	9.0
SPAC1834.06c	pmo25	inviable	E	E	0.728	0.925	3.0
SPAC1834.07	klp3	viable	V	V	0.001	0.0	9.0
SPAC1834.08	mak1	viable	V	V	-0.005	-0.0	9.0
SPAC1834.09	whr1	viable	V	V	0.047	0.0	9.0
SPAC1834.10c	SPAC1834.10c	viable	V	V	0.042	-0.0	9.0
SPAC1834.11c	sec18	inviable	E	E	1.154	-0.0	1.0
SPAC1834.13	SPAC1834.13	viable	Not_determined	Not_determined			
SPAC1851.02	slc1	viable	V	V	0.111	3.888	9.0
SPAC1851.03	ckb1	condition-dependent	V	V	0.775	7.735	6.0
SPAC1851.04c	ric1	viable	V	V	0.47	2.664	8.0
SPAC186.01	pfl9	viable	V	V	0.172	-0.0	9.0
SPAC186.02c	SPAC186.02c	viable	V	V	0.123	-0.0	9.0
SPAC186.03	SPAC186.03	viable	V	V	-0.044	0.0	9.0
SPAC186.04c	SPAC186.04c	unknown	Not_determined	Not_determined	0.047	-0.0	9.0
SPAC186.05c	gdt1	viable	V	V	0.009	-0.0	9.0
SPAC186.06	SPAC186.06	viable	V	V	0.266	-0.0	7.0
SPAC186.07c	SPAC186.07c	viable	V	V	0.04	-0.0	9.0
SPAC186.08c	ldh1	viable	V	V			
SPAC186.09	pdc102	viable	V	V	0.063	-0.0	9.0
SPAC18B11.02c	pus9	viable	V	V	0.005	-0.0	9.0
SPAC18B11.03c	SPAC18B11.03c	viable	V	V	0.026	0.0	9.0
SPAC18B11.04	ncs1	viable	V	V	0.02	0.0	9.0
SPAC18B11.05	gpi18	inviable	E	E	0.769	1.587	5.0
SPAC18B11.06	lcp5	inviable	E	E	1.172	0.091	1.0
SPAC18B11.07c	rhp6	viable	V	V	0.45	0.806	7.0
SPAC18B11.08c	pat10	viable	V	V	-0.007	-0.0	9.0
SPAC18B11.09c	SPAC18B11.09c	viable	V	V	-0.107	0.0	9.0
SPAC18B11.10	tup11	viable	V	V			
SPAC18B11.11	SPAC18B11.11	condition-dependent	E	V	0.163	2.072	9.0
SPAC18G6.01c	aim18	viable	V	V	0.004	-0.0	9.0
SPAC18G6.02c	chp1	viable	V	V	0.019	0.0	9.0
SPAC18G6.03	ypt3	inviable	E	E	1.056	-0.0	1.0
SPAC18G6.04c	shm2	viable	V	V			
SPAC18G6.05c	gcn1	viable	V	V	0.192	0.169	9.0
SPAC18G6.06	utp11	inviable	E	E			
SPAC18G6.07c	mra1	inviable	E	E	0.822	0.067	2.0
SPAC18G6.09c	edc1	viable	V	V			
SPAC18G6.10	lem2	viable	V	V	0.212	5.783	8.0
SPAC18G6.11c	rrn3	inviable	E	E	1.079	0.112	1.0
SPAC18G6.12c	SPAC18G6.12c	viable	V	V	-0.048	-0.0	9.0
SPAC18G6.13	SPAC18G6.13	viable	V	V	0.143	7.689	9.0
SPAC18G6.14c	rps7	inviable	E	E			
SPAC18G6.15	mal3	viable	V	V	0.044	-0.0	9.0
SPAC1952.01	gab1	inviable	E	E	0.886	0.906	2.0
SPAC1952.02	tma23	viable	V	V	-0.106	0.0	9.0
SPAC1952.03	otu2	viable	V	V	0.17	4.383	9.0
SPAC1952.04c	SPAC1952.04c	unknown	Not_determined	Not_determined	-0.016	-0.0	9.0
SPAC1952.05	gcn5	viable	V	V	0.234	1.528	7.0
SPAC1952.06c	SPAC1952.06c	viable	V	V	0.003	0.0	9.0
SPAC1952.07	rad1	viable	V	V	0.316	8.288	9.0
SPAC1952.08c	SPAC1952.08c	viable	V	V			
SPAC1952.09c	ach1	viable	V	V	-0.044	0.0	9.0
SPAC1952.10c	SPAC1952.10c	viable	V	V	0.069	0.0	9.0
SPAC1952.11c	ure2	condition-dependent	V	V			
SPAC1952.12c	csn71	viable	V	V	0.027	-0.0	9.0
SPAC1952.13	ned1	inviable	E	E	0.736	0.717	3.0
SPAC1952.14c	mrpl25	inviable	E	E	0.747	3.848	6.0
SPAC1952.15c	rec24	viable	V	V	-0.049	0.0	9.0
SPAC1952.16	rga9	viable	V	V	0.01	0.0	9.0
SPAC1952.17c	tbc13	viable	V	V	0.164	1.041	9.0
SPAC19A8.01c	sec73	viable	V	V	0.022	-0.0	9.0
SPAC19A8.02	ltc2	viable	V	V	-0.0	-0.0	9.0
SPAC19A8.03	ymr1	viable	V	V	1.924	9.511	6.0
SPAC19A8.04	erg5	viable	V	V	0.03	0.002	9.0
SPAC19A8.05c	sst4	viable	V	V	0.049	-0.0	9.0
SPAC19A8.06	pbr1	inviable	E	E	0.892	0.446	2.0
SPAC19A8.07c	imp4	inviable	E	E	0.928	0.342	2.0
SPAC19A8.08	upf2	viable	V	V	0.092	-0.0	9.0
SPAC19A8.09	yos1	inviable	E	E	0.976	-0.0	2.0
SPAC19A8.10	rfp1	viable	V	V	0.036	0.157	9.0
SPAC19A8.11c	irc6	viable	V	V	0.312	1.147	7.0
SPAC19A8.12	dcp2	inviable	E	E	0.626	2.547	5.0
SPAC19A8.13	usp101	inviable	E	E	0.918	2.288	4.0
SPAC19A8.14	pth2	viable	V	V	0.041	-0.0	9.0
SPAC19A8.15	trp2	inviable	E	E	1.071	-0.0	1.0
SPAC19A8.16	prl65	viable	Not_determined	Not_determined	0.052	-0.0	9.0
SPAC19B12.01	ceo5	inviable	E	E	1.052	0.492	1.0
SPAC19B12.02c	gas1	condition-dependent	E	E	0.909	0.023	2.0
SPAC19B12.03	bgs3	inviable	E	E	0.811	-0.0	2.0
SPAC19B12.04	rps3001	viable	V	V			
SPAC19B12.05c	fcp1	inviable	E	E	0.774	1.456	5.0
SPAC19B12.06c	rbd4	viable	V	V	-0.007	0.0	9.0
SPAC19B12.07c	SPAC19B12.07c	viable	V	V	-0.019	-0.0	9.0
SPAC19B12.08	atg4	viable	V	V	0.048	0.0	9.0
SPAC19B12.09	srp14	unknown	Not_determined	Not_determined	0.638	3.94	6.0
SPAC19B12.10	sst2	viable	V	V	0.001	0.0	9.0
SPAC19B12.11c	bud20	viable	V	V			
SPAC19B12.12c	yip11	viable	V	V			
SPAC19B12.13	cox1102	viable	Not_determined	Not_determined			
SPAC19D5.01	pyp2	viable	V	V	-0.029	-0.0	9.0
SPAC19D5.02c	emc10	viable	V	V			
SPAC19D5.03	cid1	viable	V	V	-0.03	0.0	9.0
SPAC19D5.04	ptr1	inviable	E	E	1.031	0.504	1.0
SPAC19D5.05c	imp3	inviable	E	E	0.04	0.0	9.0
SPAC19D5.06c	din1	viable	V	V	-0.005	0.0	9.0
SPAC19D5.07	uga1	viable	V	V	0.082	0.729	9.0
SPAC19D5.09c	Tf2-8	unknown	Not_determined	Not_determined	0.008	0.0	9.0
SPAC19D5.10c	SPAC19D5.10c	unknown	Not_determined	Not_determined			
SPAC19D5.11c	ctf8	viable	V	V	0.038	0.0	9.0
SPAC19E9.01c	nup40	viable	V	V	0.061	-0.0	9.0
SPAC19E9.02	fin1	viable	V	V	0.065	0.0	9.0
SPAC19E9.03	pas1	viable	V	V	0.0	0.0	9.0
SPAC19G12.01c	cut20	inviable	E	E	0.835	1.61	4.0
SPAC19G12.02c	pms1	viable	V	V	0.011	0.0	9.0
SPAC19G12.03	cda1	viable	V	V	0.117	0.0	9.0
SPAC19G12.04	dal1	viable	V	V	0.003	0.0	9.0
SPAC19G12.05	mce1	viable	V	V	-0.018	0.0	9.0
SPAC19G12.06c	hta2	viable	V	V			
SPAC19G12.07c	rsd1	inviable	E	E	0.731	2.984	6.0
SPAC19G12.08	scs7	viable	V	V	0.196	2.222	8.0
SPAC19G12.09	SPAC19G12.09	viable	V	V	-0.012	0.0	9.0
SPAC19G12.10c	cpy1	viable	V	V	0.038	0.0	9.0
SPAC19G12.11	coq9	condition-dependent	V	V	0.223	4.609	8.0
SPAC19G12.12	dlp1	condition-dependent	V	V	0.111	0.0	9.0
SPAC19G12.13c	poz1	viable	V	V	0.002	0.0	9.0
SPAC19G12.14	its3	inviable	E	E	1.088	0.045	1.0
SPAC19G12.15c	tpp1	viable	V	V	0.037	1.391	9.0
SPAC19G12.16c	adg2	viable	V	V	0.003	-0.0	9.0
SPAC19G12.17	erh1	viable	Not_determined	Not_determined	-0.048	-0.0	9.0
SPAC1A6.01c	rqt4	viable	V	V	0.008	0.0	9.0
SPAC1A6.02	wdr55	inviable	E	E			
SPAC1A6.03c	plb3	viable	V	V	0.035	0.0	9.0
SPAC1A6.04c	plb1	viable	V	V	0.002	0.0	9.0
SPAC1A6.05c	ptl3	viable	V	V	-0.036	-0.0	9.0
SPAC1A6.06c	meu31	viable	V	V	0.501	-0.0	3.0
SPAC1A6.07	sle1	viable	V	V			
SPAC1A6.08c	mug125	viable	V	V	0.039	0.0	9.0
SPAC1A6.09c	lag1	viable	V	V	-0.005	0.0	9.0
SPAC1A6.10	tcd1	viable	V	V	0.014	-0.0	9.0
SPAC1A6.11	SPAC1A6.11	unknown	Not_determined	Not_determined	-0.006	0.0	9.0
SPAC1B1.01	deb1	inviable	E	E	0.776	0.32	3.0
SPAC1B1.02c	SPAC1B1.02c	viable	V	V	0.084	0.0	9.0
SPAC1B1.03c	kap95	inviable	E	E	1.097	-0.0	1.0
SPAC1B1.04c	pan3	viable	V	V	0.12	2.684	9.0
SPAC1B2.02c	ugo1	viable	V	V	0.212	3.609	8.0
SPAC1B2.03c	elo2	condition-dependent	V	E	0.675	0.113	3.0
SPAC1B2.04	cox6	viable	V	V	0.117	1.119	9.0
SPAC1B2.05	mcm5	inviable	E	E	0.948	0.964	2.0
SPAC1B2.06	SPAC1B2.06	viable	Not_determined	Not_determined			
SPAC1B3.01c	SPAC1B3.01c	viable	V	V	0.006	0.0	9.0
SPAC1B3.02c	SPAC1B3.02c	viable	V	V			
SPAC1B3.03c	wis2	condition-dependent	V	V	0.153	0.09	9.0
SPAC1B3.04c	guf1	viable	V	V	-0.007	0.0	9.0
SPAC1B3.05	not3	viable	V	V	0.107	1.022	9.0
SPAC1B3.06c	SPAC1B3.06c	viable	V	V	0.031	-0.0	9.0
SPAC1B3.07c	vps28	viable	V	V	0.003	0.0	9.0
SPAC1B3.08	SPAC1B3.08	viable	V	V	0.021	-0.0	9.0
SPAC1B3.09c	noc202	inviable	E	E	1.014	0.292	1.0
SPAC1B3.10c	hrd302	viable	V	V	0.062	1.243	9.0
SPAC1B3.11c	ypt4	viable	V	V	-0.003	0.0	9.0
SPAC1B3.12c	rpb10	inviable	E	E			
SPAC1B3.13	nan1	inviable	E	E	0.997	0.597	1.0
SPAC1B3.14	vma3	condition-dependent	E	E	0.511	-0.0	3.0
SPAC1B3.15c	SPAC1B3.15c	viable	V	V	-0.005	0.0	9.0
SPAC1B3.16c	vht1	condition-dependent	V	V	0.411	0.559	7.0
SPAC1B3.17	clr2	viable	V	V	0.033	0.0	9.0
SPAC1B3.18c	mrps18	inviable	E	E	0.671	4.338	6.0
SPAC1B3.20	SPAC1B3.20	viable	V	V	0.034	-0.0	9.0
SPAC1B3.21	coa3	viable	Not_determined	Not_determined			
SPAC1B9.02c	sck1	viable	V	V	0.028	0.0	9.0
SPAC1B9.03c	SPAC1B9.03c	inviable	E	E	1.196	0.298	1.0
SPAC1D4.01	tls1	viable	V	V	0.045	-0.0	9.0
SPAC1D4.02c	grh1	viable	V	V	0.013	-0.0	9.0
SPAC1D4.03c	aut12	viable	V	V	0.064	1.46	9.0
SPAC1D4.04	cct2	inviable	E	E	0.928	-0.0	2.0
SPAC1D4.05c	erd101	viable	V	V	-0.024	-0.0	9.0
SPAC1D4.06c	csk1	viable	V	V	0.138	7.504	9.0
SPAC1D4.08	pis1	inviable	E	E	0.981	0.571	1.0
SPAC1D4.09c	rtf2	viable	V	V	0.05	-0.0	9.0
SPAC1D4.10	trz1	inviable	E	E	0.975	0.687	1.0
SPAC1D4.11c	lkh1	viable	V	V	0.095	0.0	9.0
SPAC1D4.12	rad15	inviable	E	E	0.738	1.51	5.0
SPAC1D4.13	byr1	viable	V	V	0.031	-0.0	9.0
SPAC1D4.14	tho2	inviable	E	E	0.774	0.379	3.0
SPAC1F12.02c	tma19	viable	V	V	0.15	-0.0	9.0
SPAC1F12.04c	SPAC1F12.04c	viable	V	V			
SPAC1F12.05	any2	viable	V	V	0.067	0.0	9.0
SPAC1F12.06c	SPAC1F12.06c	viable	V	V	-0.005	-0.0	9.0
SPAC1F12.07	ser1	viable	V	V			
SPAC1F12.08	cab4	inviable	E	E	0.899	2.426	4.0
SPAC1F12.09	gpi17	inviable	E	E	0.975	1.422	2.0
SPAC1F12.10c	SPAC1F12.10c	viable	V	V	0.095	-0.0	9.0
SPAC1F3.01	rrp6	viable	E	E	0.653	1.645	5.0
SPAC1F3.02c	mkh1	viable	Not_determined	Not_determined	1.116	9.442	6.0
SPAC1F3.03	sro7	viable	V	V	0.152	0.705	9.0
SPAC1F3.04c	tsr3	viable	Not_determined	Not_determined	0.587	1.776	5.0
SPAC1F3.05	gga21	viable	V	V	0.048	1.188	9.0
SPAC1F3.06c	spo15	viable	V	V	-0.019	0.0	9.0
SPAC1F3.07c	rsc58	viable	V	V/E	0.485	4.244	8.0
SPAC1F3.08c	SPAC1F3.08c	unknown	Not_determined	Not_determined	-0.007	0.0	9.0
SPAC1F3.09	mug161	viable	V	V	0.003	0.0	9.0
SPAC1F3.10c	oct1	viable	V	V	0.827	4.867	6.0
SPAC1F5.02	pdi1	inviable	E	E	0.58	4.31	6.0
SPAC1F5.03c	SPAC1F5.03c	viable	V	V	0.018	-0.0	9.0
SPAC1F5.04c	cdc12	inviable	E	E	0.96	2.805	4.0
SPAC1F5.05c	mso1	condition-dependent	V	V			
SPAC1F5.06	lsh1	inviable	E	E	1.07	0.974	1.0
SPAC1F5.07c	hem14	viable	V	V	0.106	4.401	9.0
SPAC1F5.08c	yam8	viable	V	V	0.017	0.0	9.0
SPAC1F5.09c	shk2	viable	V	V	0.0	0.0	9.0
SPAC1F5.10	fal1	viable	V	V	0.603	1.213	5.0
SPAC1F5.11c	tra2	inviable	E	E	0.523	2.762	5.0
SPAC1F7.01c	spt6	viable	V	E	0.544	0.795	5.0
SPAC1F7.02c	has1	inviable	E	E	1.13	-0.0	1.0
SPAC1F7.03	pkd2	inviable	E	E	1.164	1.755	1.0
SPAC1F7.04	rho1	condition-dependent	V	E	1.181	0.235	1.0
SPAC1F7.05	cdc22	inviable	E	E	1.017	-0.0	1.0
SPAC1F7.06	hsp3105	viable	V	V			
SPAC1F7.07c	fip1	viable	V	V			
SPAC1F7.08	fio1	viable	V	V	-0.012	-0.0	9.0
SPAC1F7.09c	dal2	viable	V	V	0.048	2.183	9.0
SPAC1F7.10	SPAC1F7.10	viable	V	V	0.002	-0.0	9.0
SPAC1F7.11c	SPAC1F7.11c	viable	V	V	0.089	-0.0	9.0
SPAC1F7.12	yak3	viable	V	V	0.03	0.0	9.0
SPAC1F7.13c	rpl801	viable	V	V			
SPAC1F7.14c	dmo2	condition-dependent	Not_determined	Not_determined	0.061	2.046	9.0
SPAC1F8.01	ght3	viable	V	V	0.257	7.662	9.0
SPAC1F8.02c	shu1	viable	V	V	0.04	-0.0	9.0
SPAC1F8.03c	str3	viable	V	V	0.0	0.0	9.0
SPAC1F8.04c	hhy1	viable	V	V	-0.004	-0.0	9.0
SPAC1F8.05	isp3	condition-dependent	V	V	-0.158	-0.0	9.0
SPAC1F8.06	pfl8	viable	V	V	0.016	0.0	9.0
SPAC1F8.07c	pdc101	inviable	E	E	1.092	-0.0	1.0
SPAC1F8.08	SPAC1F8.08	viable	V	V	-0.003	0.0	9.0
SPAC20G4.01	caf16	viable	V	V	0.002	0.0	9.0
SPAC20G4.02c	fus1	viable	V	V	-0.006	0.0	9.0
SPAC20G4.03c	hri1	viable	V	V	-0.004	0.001	9.0
SPAC20G4.04c	hus1	viable	V	V	0.076	4.456	9.0
SPAC20G4.05c	fmp40	viable	V	V	0.007	-0.0	9.0
SPAC20G4.06c	adf1	inviable	E	E	1.063	-0.0	1.0
SPAC20G4.07c	erg4	viable	V	V	0.182	4.567	8.0
SPAC20G4.08	pdc1	viable	V	V	0.055	1.376	9.0
SPAC20G4.09	SPAC20G4.09	unknown	Not_determined	Not_determined	0.002	-0.0	9.0
SPAC20G8.01	cdc17	inviable	E	E	0.861	-0.0	2.0
SPAC20G8.02	SPAC20G8.02	viable	V	V	-0.168	7.415	9.0
SPAC20G8.03	itr2	inviable	E	E	0.923	0.572	2.0
SPAC20G8.04c	cir2	viable	V	V	0.003	-0.0	9.0
SPAC20G8.05c	cdc15	condition-dependent	E	E	0.857	2.307	4.0
SPAC20G8.06	not1	inviable	E	E	0.608	1.447	5.0
SPAC20G8.07c	erg2	viable	V	V	0.697	1.57	5.0
SPAC20G8.08c	fft1	viable	V	V	0.001	-0.0	9.0
SPAC20G8.09c	nat10	condition-dependent	V	E	1.006	0.257	1.0
SPAC20G8.10c	atg6	viable	V	V	0.0	0.0	9.0
SPAC20H4.01	utp5	inviable	E	E	0.88	0.473	2.0
SPAC20H4.02	dsc3	viable	V	V	-0.021	-0.0	9.0
SPAC20H4.03c	tfs1	viable	V	V	0.049	0.562	9.0
SPAC20H4.04	fml2	viable	V	V	0.042	0.0	9.0
SPAC20H4.05c	mde1	viable	V	V	-0.029	-0.0	9.0
SPAC20H4.06c	gpl1	viable	V	V	0.032	-0.0	9.0
SPAC20H4.07	rad57	viable	V	V	0.362	2.379	8.0
SPAC20H4.08	whi2	viable	V	V	-0.007	0.0	9.0
SPAC20H4.09	gih35	viable	V	V	0.054	-0.0	9.0
SPAC20H4.10	ufd2	viable	V	V	0.178	3.666	9.0
SPAC20H4.11c	rho5	viable	V	V	-0.002	0.0	9.0
SPAC212.01c	SPAC212.01c	viable	V	V			
SPAC212.02	SPAC212.02	viable	V	V			
SPAC212.03	SPAC212.03	viable	V	V			
SPAC212.04c	SPAC212.04c	viable	V	V	0.098	-0.0	9.0
SPAC212.06c	SPAC212.06c	unknown	Not_determined	Not_determined			
SPAC212.08c	SPAC212.08c	viable	V	V	0.315	3.201	8.0
SPAC212.11	tlh1	viable	V	V			
SPAC212.12	SPAC212.12	unknown	Not_determined	Not_determined	0.014	0.0	9.0
SPAC21E11.03c	pcr1	viable	V	V			
SPAC21E11.04	aca1	viable	V	V	-0.027	-0.0	9.0
SPAC21E11.05c	cyp8	viable	V	V	0.007	0.0	9.0
SPAC21E11.06	tif224	inviable	E	E	1.098	-0.0	1.0
SPAC21E11.07	iba57	inviable	E	E	0.385	3.269	8.0
SPAC21E11.08	lcb2	inviable	E	E	0.904	-0.0	2.0
SPAC222.03c	tim10	inviable	E	E	0.639	3.376	6.0
SPAC222.04c	ies6	condition-dependent	V	V	0.4	5.005	8.0
SPAC222.05c	mss1	viable	V	V	0.053	0.0	9.0
SPAC222.06	mak16	inviable	E	E	0.86	-0.0	2.0
SPAC222.07c	hri2	viable	V	V	-0.001	0.0	9.0
SPAC222.08c	sno1	viable	V	V	0.282	2.307	8.0
SPAC222.09	seb1	inviable	E	E	0.971	0.47	2.0
SPAC222.10c	byr4	inviable	E	E	0.979	0.53	1.0
SPAC222.11	hem13	inviable	E	E	0.663	2.958	6.0
SPAC222.12c	atp2	viable	V	V	0.191	1.303	9.0
SPAC222.13c	SPAC222.13c	viable	V	V	0.004	0.0	9.0
SPAC222.14c	sey1	viable	V	V	0.089	0.0	9.0
SPAC222.15	meu13	viable	V	V	0.031	-0.0	9.0
SPAC222.16c	csn3	viable	V	V	0.004	0.0	9.0
SPAC222.17	SPAC222.17	viable	Not_determined	Not_determined	0.016	0.0	9.0
SPAC222.18	SPAC222.18	unknown	Not_determined	Not_determined			
SPAC222.19	lam3	viable	Not_determined	Not_determined			
SPAC227.01c	erd1	viable	V	V	0.475	3.502	8.0
SPAC227.02c	rrp15	inviable	E	E			
SPAC227.03c	yea6	viable	V	V			
SPAC227.04	atg10	viable	V	V			
SPAC227.05	pfd4	viable	V	V	0.224	3.71	8.0
SPAC227.06	yip5	viable	V	V			
SPAC227.07c	pab1	viable	V	V			
SPAC227.08c	yth1	inviable	E	E	0.963	2.149	4.0
SPAC227.09	fol3	inviable	E	E	0.548	1.691	5.0
SPAC227.10	pfd2	viable	V	V	0.003	0.0	9.0
SPAC227.11c	yos9	viable	V	V	0.014	0.0	9.0
SPAC227.12	rna4	inviable	E	E	0.983	1.297	2.0
SPAC227.13c	isu1	viable	V	V	0.967	-0.0	2.0
SPAC227.14	yfh7	viable	V	V	-0.011	0.0	9.0
SPAC227.15	reg1	viable	V	V	0.002	0.0	9.0
SPAC227.16c	psf3	inviable	E	E	0.733	0.234	3.0
SPAC227.17c	SPAC227.17c	viable	V	V	0.198	2.95	8.0
SPAC227.18	lys3	viable	V	V	0.059	-0.0	9.0
SPAC227.19c	pig25	unknown	Not_determined	Not_determined	0.996	1.099	2.0
SPAC22A12.01c	pso2	viable	V	V	0.289	3.837	8.0
SPAC22A12.02c	mug103	viable	V	V	-0.008	0.0	9.0
SPAC22A12.03c	csn4	viable	V	V	0.026	0.0	9.0
SPAC22A12.04c	rps2201	viable	V	V	0.46	0.92	7.0
SPAC22A12.05	rpc11	inviable	E	E			
SPAC22A12.06c	fsh2	viable	V	V	-0.052	0.0	9.0
SPAC22A12.07c	ogm1	viable	V	V	0.028	-0.0	9.0
SPAC22A12.08c	crd1	inviable	E	E	0.658	5.212	6.0
SPAC22A12.09c	sap114	inviable	E	E	1.058	0.33	1.0
SPAC22A12.10	ept1	viable	V	V	0.056	0.009	9.0
SPAC22A12.11	dak1	viable	V	V	-0.006	0.0	9.0
SPAC22A12.12c	rrp40	inviable	E	E	1.073	1.614	1.0
SPAC22A12.13	mug84	inviable	E	E			
SPAC22A12.14c	SPAC22A12.14c	viable	V	V	0.0	0.0	9.0
SPAC22A12.15c	bip1	inviable	E	E	0.89	-0.0	2.0
SPAC22A12.16	acl2	viable	V	V	0.02	-0.0	9.0
SPAC22A12.17c	SPAC22A12.17c	viable	V	V	0.081	0.0	9.0
SPAC22E12.01	pet3	viable	V	V	-0.01	0.0	9.0
SPAC22E12.02	SPAC22E12.02	inviable	E	E	0.996	2.49	4.0
SPAC22E12.03c	sdj1	viable	V	V	0.11	0.0	9.0
SPAC22E12.04	ccs1	viable	V	V	0.242	1.259	7.0
SPAC22E12.05c	rer1	viable	V	V			
SPAC22E12.06c	gmh3	viable	V	V	0.061	-0.0	9.0
SPAC22E12.07	rna1	inviable	E	E			
SPAC22E12.08	rrn10	inviable	E	E	0.864	2.294	4.0
SPAC22E12.09c	krp1	inviable	E	E	0.622	2.548	5.0
SPAC22E12.10c	etp1	inviable	E	E	0.885	3.022	4.0
SPAC22E12.11c	set3	viable	V	V	0.044	1.264	9.0
SPAC22E12.13c	rlp24	inviable	E	E	1.016	0.055	1.0
SPAC22E12.14c	sck2	viable	V	V	0.101	0.0	9.0
SPAC22E12.16c	pik1	inviable	E	E	1.059	0.173	1.0
SPAC22E12.17c	glo3	inviable	E	E	1.105	-0.0	1.0
SPAC22E12.18	SPAC22E12.18	viable	V	V	0.369	0.154	7.0
SPAC22E12.19	snt1	viable	V	V	0.057	-0.0	9.0
SPAC22F3.02	atf31	viable	V	V			
SPAC22F3.03c	rdh54	viable	V	V	-0.005	-0.0	9.0
SPAC22F3.04	mug62	viable	V	V	-0.012	-0.0	9.0
SPAC22F3.05c	alp41	inviable	E	E	0.762	1.95	5.0
SPAC22F3.06c	lon1	viable	V	V	0.124	-0.0	9.0
SPAC22F3.07c	atp20	viable	V	V	0.026	0.0	9.0
SPAC22F3.08c	rok1	viable	V	V	0.271	0.956	7.0
SPAC22F3.09c	res2	viable	V	V	0.064	0.0	9.0
SPAC22F3.10c	gcs1	condition-dependent	V	V	0.252	0.571	7.0
SPAC22F3.11c	snu23	viable	V	E	1.026	0.604	1.0
SPAC22F3.12c	rgs1	viable	V	V	0.032	0.0	9.0
SPAC22F3.13	tsc1	viable	V	V	0.211	0.757	7.0
SPAC22F3.15	aim41	unknown	Not_determined	Not_determined	0.07	-0.0	9.0
SPAC22F8.02c	pvg5	viable	V	V	-0.018	0.0	9.0
SPAC22F8.03c	SPAC22F8.03c	viable	V	V	0.003	0.0	9.0
SPAC22F8.04	pet1	viable	V	V	-0.04	-0.0	9.0
SPAC22F8.05	SPAC22F8.05	viable	V	V	0.001	-0.0	9.0
SPAC22F8.06	pam1	inviable	E	E	0.96	0.891	2.0
SPAC22F8.07c	rtf1	viable	V	V	0.019	0.001	9.0
SPAC22F8.08	sec24	inviable	E	E	1.184	-0.0	1.0
SPAC22F8.09	rrp16	viable	V	V	0.061	0.0	9.0
SPAC22F8.10c	sap145	inviable	E	E	0.865	0.279	2.0
SPAC22F8.11	plc1	condition-dependent	V	E	0.771	1.14	3.0
SPAC22F8.12c	shf1	viable	V	V	0.042	0.0	9.0
SPAC22G7.01c	fra1	viable	V	V	0.041	-0.0	9.0
SPAC22G7.02	kap111	condition-dependent	V	V	-0.014	0.0	9.0
SPAC22G7.03	SPAC22G7.03	viable	V	V	0.045	-0.0	9.0
SPAC22G7.04	pan2	viable	V	V	0.106	1.026	9.0
SPAC22G7.05	kri1	viable	V	E	0.976	0.493	1.0
SPAC22G7.06c	ura1	viable	V	V	0.315	-0.0	7.0
SPAC22G7.07c	ime4	viable	V	V	0.002	0.0	9.0
SPAC22G7.08	ppk8	viable	V	V	0.025	0.0	9.0
SPAC22G7.09c	nup45	inviable	E	E	0.841	0.897	2.0
SPAC22G7.10	iss1	inviable	E	E	0.801	0.769	3.0
SPAC22G7.11c	cum1	viable	V	V			
SPAC22H10.02	SPAC22H10.02	viable	V	V			
SPAC22H10.03c	kap114	viable	V	V	0.204	7.51	9.0
SPAC22H10.04	ppa3	viable	V	V	0.142	9.038	9.0
SPAC22H10.05c	SPAC22H10.05c	inviable	E	E	1.092	0.92	1.0
SPAC22H10.06c	SPAC22H10.06c	unknown	Not_determined	Not_determined	0.066	0.0	9.0
SPAC22H10.07	scd2	viable	V	V	0.037	0.0	9.0
SPAC22H10.08	SPAC22H10.08	viable	V	V	-0.042	0.0	9.0
SPAC22H10.09	cbp8	viable	V	V	0.039	0.001	9.0
SPAC22H10.10	alp21	inviable	E	E	0.994	1.043	2.0
SPAC22H10.11c	crf1	viable	V	V	0.429	0.192	7.0
SPAC22H10.12c	gdi1	inviable	E	E	1.027	0.04	1.0
SPAC22H10.13	zym1	viable	V	V			
SPAC22H12.01c	mug35	viable	V	V	0.007	0.0	9.0
SPAC22H12.02	tfg3	viable	V	V	0.099	4.101	9.0
SPAC22H12.03	pah2	viable	V	V	0.003	0.0	9.0
SPAC22H12.04c	rps102	viable	V	V	0.807	0.045	2.0
SPAC22H12.05c	fsc1	viable	V	V	0.049	0.0	9.0
SPAC23A1.02c	ted1	viable	V	V	-0.007	0.0	9.0
SPAC23A1.03	apt1	viable	V	V	0.099	0.241	9.0
SPAC23A1.04c	mnl1	viable	V	V	0.02	0.0	9.0
SPAC23A1.05	tsc3	inviable	E	E	0.915	0.574	2.0
SPAC23A1.06c	cmk2	viable	V	V	0.001	0.0	9.0
SPAC23A1.07	rnf170	viable	V	V	0.008	0.0	9.0
SPAC23A1.08c	rpl3401	inviable	E	E	1.045	-0.0	1.0
SPAC23A1.09	rbm8	viable	V	V			
SPAC23A1.10	tef102	viable	Not_determined	Not_determined	-0.003	0.0	9.0
SPAC23A1.11	rpl1602	viable	V	V			
SPAC23A1.12c	frs1	inviable	E	E	1.134	-0.0	1.0
SPAC23A1.14c	SPAC23A1.14c	viable	V	V	0.002	0.0	9.0
SPAC23A1.15c	sec20	viable	V	E	1.052	0.191	1.0
SPAC23A1.16c	rtr1	inviable	E	E			
SPAC23A1.17	bbc1	viable	V	V	0.025	0.0	9.0
SPAC23A1.18c	mrp51	inviable	E	E	0.917	5.52	6.0
SPAC23A1.19c	hrq1	condition-dependent	E	E	0.044	0.0	9.0
SPAC23A1.20	new11	unknown	Not_determined	Not_determined	0.001	0.0	9.0
SPAC23C11.01	ice2	viable	V	V	0.001	-0.0	9.0
SPAC23C11.02c	rps23	viable	V	V			
SPAC23C11.03	mpp10	inviable	E	E	1.095	0.216	1.0
SPAC23C11.04c	pnk1	viable	V	V	0.11	-0.0	9.0
SPAC23C11.05	ipp1	inviable	E	E	1.119	0.701	1.0
SPAC23C11.06c	SPAC23C11.06c	viable	V	V	-0.021	0.0	9.0
SPAC23C11.07	SPAC23C11.07	viable	V	V	0.008	0.0	9.0
SPAC23C11.08	php3	viable	V	V	0.263	1.027	7.0
SPAC23C11.09	ala1	inviable	E	E	1.105	-0.0	1.0
SPAC23C11.10	mpn1	viable	V	V	0.097	-0.0	9.0
SPAC23C11.11	cka1	inviable	E	E	0.746	3.492	6.0
SPAC23C11.12	hcn1	inviable	E	E			
SPAC23C11.13c	hpt1	viable	V	V	0.674	-0.0	3.0
SPAC23C11.14	zhf1	viable	V	V	0.052	0.0	9.0
SPAC23C11.15	pst2	condition-dependent	V	V	0.2	0.83	7.0
SPAC23C11.16	plo1	condition-dependent	E	E	0.806	0.475	2.0
SPAC23C11.17	mdm38	inviable	E	E	1.099	0.498	1.0
SPAC23C4.02	crn1	viable	V	V	0.001	0.0	9.0
SPAC23C4.03	hrk1	viable	V	V	-0.0	0.0	9.0
SPAC23C4.04c	SPAC23C4.04c	viable	Not_determined	Not_determined			
SPAC23C4.05c	les1	viable	V	V	0.003	0.0	9.0
SPAC23C4.06c	efm6	viable	V	V	-0.009	0.0	9.0
SPAC23C4.07	tht2	viable	V	V	0.054	-0.0	9.0
SPAC23C4.08	rho3	condition-dependent	V	V	0.047	0.0	9.0
SPAC23C4.09c	SPAC23C4.09c	viable	V	V	0.004	0.0	9.0
SPAC23C4.10	sec2	inviable	E	E	1.005	0.198	1.0
SPAC23C4.11	atp18	viable	V	V	0.184	0.438	9.0
SPAC23C4.12	hhp2	viable	V	V	0.066	0.0	9.0
SPAC23C4.13	bet1	inviable	E	E	1.087	0.22	1.0
SPAC23C4.14	alg1	inviable	E	E	0.973	1.289	2.0
SPAC23C4.15	rpb5	inviable	E	E	0.753	1.94	5.0
SPAC23C4.16c	atg15	viable	V	V	-0.0	0.0	9.0
SPAC23C4.17	trm402	viable	V	V	0.037	0.0	9.0
SPAC23C4.18c	rad4	inviable	E	E	1.046	0.436	1.0
SPAC23C4.19	spt5	inviable	E	E	0.991	0.916	1.0
SPAC23D3.01	pdp3	viable	V	V	-0.042	0.0	9.0
SPAC23D3.02	rfc2	inviable	E	E	0.783	3.599	6.0
SPAC23D3.03c	SPAC23D3.03c	viable	V	V	-0.032	-0.0	9.0
SPAC23D3.04c	gpd2	viable	V	V	-0.035	-0.0	9.0
SPAC23D3.06c	nup146	inviable	E	E	1.068	-0.0	1.0
SPAC23D3.07	pup1	inviable	E	E	0.947	0.43	2.0
SPAC23D3.08	usp108	inviable	E	E	0.273	4.598	8.0
SPAC23D3.09	arp42	viable	V	V	0.256	2.445	8.0
SPAC23D3.10c	eng2	viable	V	V	0.0	0.0	9.0
SPAC23D3.11	ayr1	viable	V	V	-0.024	0.0	9.0
SPAC23D3.12	pho842	viable	V	V	0.068	-0.0	9.0
SPAC23D3.13c	SPAC23D3.13c	viable	V	V	0.019	-0.0	9.0
SPAC23D3.14c	aah2	viable	Not_determined	Not_determined	0.015	0.0	9.0
SPAC23D3.16	lam4	viable	Not_determined	Not_determined	0.862	0.973	2.0
SPAC23D3.17	SPAC23D3.17	viable	Not_determined	Not_determined			
SPAC23E2.01	fep1	viable	V	V	0.139	2.813	9.0
SPAC23E2.02	lsd2	inviable	E	E	0.563	3.777	6.0
SPAC23E2.03c	sms1	viable	V	V	0.006	0.0	9.0
SPAC23G3.01	rpb2	inviable	E	E	1.082	0.122	1.0
SPAC23G3.02c	sib1	viable	V	V	0.129	8.569	9.0
SPAC23G3.03	sib2	viable	V	V	-0.003	0.0	9.0
SPAC23G3.04	ies4	viable	V	V	0.038	0.0	9.0
SPAC23G3.05c	SPAC23G3.05c	viable	V	V	-0.02	0.0	9.0
SPAC23G3.06	nop58	inviable	E	E	1.087	0.385	1.0
SPAC23G3.07c	snf30	viable	V	V	0.044	-0.0	9.0
SPAC23G3.08c	ubp7	viable	V	V	0.065	0.0	9.0
SPAC23G3.09	taf4	inviable	E	E	0.814	1.182	4.0
SPAC23G3.10c	ssr3	condition-dependent	V	E	0.46	3.724	8.0
SPAC23G3.11	rpn6	inviable	E	E	0.992	0.739	1.0
SPAC23G3.12c	htr12	viable	V	V	0.04	0.0	9.0
SPAC23H3.02c	ini1	inviable	E	E	0.682	1.253	5.0
SPAC23H3.03c	npr2	viable	V	V/E	0.606	4.027	6.0
SPAC23H3.04	SPAC23H3.04	viable	V	V	0.037	-0.0	9.0
SPAC23H3.05c	swd1	viable	V	V	0.102	3.799	9.0
SPAC23H3.06	apl6	viable	V	V	0.073	1.502	9.0
SPAC23H3.07c	mrp2	inviable	E	E			
SPAC23H3.08c	bub3	viable	V	V	0.005	0.0	9.0
SPAC23H3.09c	gly1	viable	V	V	0.609	0.319	3.0
SPAC23H3.10	ssr2	inviable	E	E	0.6	3.394	6.0
SPAC23H3.11c	max1	viable	V	V	0.078	-0.0	9.0
SPAC23H3.12c	SPAC23H3.12c	viable	V	V	0.003	0.0	9.0
SPAC23H3.13c	gpa2	viable	V	V	0.199	0.511	9.0
SPAC23H3.14	avl9	viable	V	V	0.003	-0.0	9.0
SPAC23H3.15c	ddr48	condition-dependent	V	V			
SPAC23H4.01c	osh3	viable	V	V	-0.024	-0.0	9.0
SPAC23H4.02	ppk9	viable	V	V	0.0	0.0	9.0
SPAC23H4.03c	erv25	inviable	E	E			
SPAC23H4.04	slm3	inviable	E	E	0.644	6.424	6.0
SPAC23H4.05c	SPAC23H4.05c	unknown	Not_determined	Not_determined			
SPAC23H4.06	gln1	inviable	E	E	0.975	-0.0	2.0
SPAC23H4.07c	srp102	inviable	E	E	0.888	0.606	2.0
SPAC23H4.08	iwr1	viable	V	V	0.113	1.965	9.0
SPAC23H4.09	cdb4	viable	V	V	-0.007	0.0	9.0
SPAC23H4.10c	thi4	viable	V	V	-0.168	8.691	9.0
SPAC23H4.11c	cnl2	inviable	E	E	0.827	3.607	6.0
SPAC23H4.12	alp13	condition-dependent	V	V	0.196	3.019	8.0
SPAC23H4.13c	SPAC23H4.13c	unknown	Not_determined	Not_determined	0.075	0.0	9.0
SPAC23H4.14	vam6	viable	V	V	0.447	3.787	8.0
SPAC23H4.15	tsr1	inviable	E	E	0.849	-0.0	2.0
SPAC23H4.16c	not11	viable	V	V	-0.029	0.0	9.0
SPAC23H4.17c	srb10	viable	V	V	-0.068	0.0	9.0
SPAC23H4.18c	rbx1	inviable	E	E	0.831	2.815	4.0
SPAC23H4.21	SPAC23H4.21	unknown	Not_determined	Not_determined	-0.017	0.0	9.0
SPAC24B11.05	SPAC24B11.05	viable	V	V	0.072	0.0	9.0
SPAC24B11.06c	sty1	viable	V	V	0.1	4.67	9.0
SPAC24B11.07c	SPAC24B11.07c	viable	V	V	0.083	-0.0	9.0
SPAC24B11.08c	erv46	viable	V	V			
SPAC24B11.09	mpc2	viable	V	V	0.193	-0.0	9.0
SPAC24B11.10c	cfh1	viable	V	V	0.031	0.0	9.0
SPAC24B11.11c	sid2	inviable	E	E	0.98	2.684	4.0
SPAC24B11.12c	dnf2	viable	V	V	0.19	0.485	9.0
SPAC24B11.13	hem3	viable	V	E	1.072	1.816	1.0
SPAC24B11.14	SPAC24B11.14	unknown	Not_determined	Not_determined	-0.002	0.0	9.0
SPAC24C9.02c	cyt2	viable	V	V			
SPAC24C9.03	mvd1	inviable	E	E	1.132	0.648	1.0
SPAC24C9.04	med9	inviable	E	E	0.092	2.664	9.0
SPAC24C9.05c	mug70	viable	V	V			
SPAC24C9.06c	aco1	inviable	E	E	0.575	1.248	5.0
SPAC24C9.07c	bgs2	viable	V	V	0.047	0.0	9.0
SPAC24C9.08	cps1	viable	V	V	0.043	0.0	9.0
SPAC24C9.09	SPAC24C9.09	inviable	E	E	0.704	4.632	6.0
SPAC24C9.10c	mrp4	inviable	E	E	0.805	4.346	6.0
SPAC24C9.11	sgd1	inviable	E	E	0.955	-0.0	2.0
SPAC24C9.12c	shm1	viable	V	V	0.001	0.0	9.0
SPAC24C9.13c	mrp10	inviable	E	E	0.793	4.392	6.0
SPAC24C9.14	otu1	viable	V	V	0.031	0.0	9.0
SPAC24C9.15c	spn5	viable	V	V	-0.001	0.0	9.0
SPAC24C9.16c	cox8	viable	V	V			
SPAC24H6.01c	gup1	inviable	E	E	0.799	2.085	5.0
SPAC24H6.02c	zim17	viable	V	V	-0.006	0.0	9.0
SPAC24H6.03	cul3	viable	V	V	0.0	0.0	9.0
SPAC24H6.04	hxk1	viable	V	V	0.041	0.0	9.0
SPAC24H6.05	cdc25	inviable	E	E	0.756	0.145	3.0
SPAC24H6.06	sld3	inviable	E	E	0.882	-0.0	2.0
SPAC24H6.07	rps901	viable	V	V			
SPAC24H6.08	SPAC24H6.08	viable	V	V	0.001	0.0	9.0
SPAC24H6.09	gef1	viable	V	V	-0.007	0.0	9.0
SPAC24H6.10c	aro4	viable	V	V	0.001	0.0	9.0
SPAC24H6.11c	vsb1	viable	V	V	0.014	0.0	9.0
SPAC24H6.12c	uba3	inviable	E	E	0.636	3.275	6.0
SPAC24H6.13	SPAC24H6.13	viable	V	V	0.026	-0.0	9.0
SPAC25A8.01c	fft3	condition-dependent	V	V	0.155	1.704	9.0
SPAC25A8.02	atg14	viable	V	V	0.011	0.0	9.0
SPAC25A8.03c	SPAC25A8.03c	viable	V	V	-0.003	0.0	9.0
SPAC25B8.01	dap1	viable	V	V			
SPAC25B8.02	sds3	inviable	E	E	0.087	2.376	9.0
SPAC25B8.03	psd2	viable	V	V	0.048	0.0	9.0
SPAC25B8.04c	mss51	viable	V	V	0.093	3.346	9.0
SPAC25B8.05	deg1	viable	V	V	0.195	2.224	8.0
SPAC25B8.06c	dia4	condition-dependent	E	E	0.958	5.161	6.0
SPAC25B8.07c	rcf1	viable	V	V	-0.018	-0.0	9.0
SPAC25B8.08	SPAC25B8.08	viable	V	V	-0.002	0.0	9.0
SPAC25B8.09	SPAC25B8.09	viable	V	V	0.058	0.0	9.0
SPAC25B8.10	SPAC25B8.10	viable	V	V	0.045	-0.0	9.0
SPAC25B8.11	SPAC25B8.11	viable	V	V	-0.009	-0.0	9.0
SPAC25B8.12c	SPAC25B8.12c	viable	Not_determined	Not_determined			
SPAC25B8.13c	isp7	viable	V	V	0.001	-0.0	9.0
SPAC25B8.14	mal2	inviable	E	E	0.787	3.797	6.0
SPAC25B8.15c	tyw3	viable	V	E	0.604	4.855	6.0
SPAC25B8.16	pop100	inviable	E	E	1.007	0.783	1.0
SPAC25B8.17	ypf1	viable	V	V	0.079	-0.0	9.0
SPAC25B8.18	SPAC25B8.18	viable	V	V			
SPAC25B8.19c	loz1	viable	V	V	0.145	-0.0	9.0
SPAC25B8.20	smp1	viable	Not_determined	Not_determined	0.053	-0.0	9.0
SPAC25G10.01	SPAC25G10.01	viable	V	V	0.045	-0.0	9.0
SPAC25G10.02	cce1	viable	V	V	-0.014	-0.0	9.0
SPAC25G10.03	zip1	condition-dependent	V	V	0.429	-0.0	7.0
SPAC25G10.04c	rec10	viable	V	V	-0.01	0.0	9.0
SPAC25G10.05c	his1	viable	V	V	-0.002	0.0	9.0
SPAC25G10.06	rps2801	viable	V	V	0.733	0.302	3.0
SPAC25G10.07c	cut7	condition-dependent	E	E	1.053	1.193	1.0
SPAC25G10.08	tif302	inviable	E	E	1.106	0.022	1.0
SPAC25G10.09c	pan1	viable	V	E	0.954	0.38	2.0
SPAC25H1.02	jmj1	viable	V	V	0.035	-0.0	9.0
SPAC25H1.03	atg101	viable	V	V			
SPAC25H1.04	mug105	viable	V	V	0.019	0.0	9.0
SPAC25H1.05	meu29	viable	V	V	0.202	0.376	9.0
SPAC25H1.06	pcf3	viable	V	V	0.039	-0.0	9.0
SPAC25H1.07	emc1	viable	V	V	0.04	0.59	9.0
SPAC25H1.08c	sqt1	inviable	E	E			
SPAC25H1.09	mde5	viable	V	V	-0.022	-0.0	9.0
SPAC25H1.10c	atp19	viable	Not_determined	Not_determined	0.047	-0.0	9.0
SPAC26A3.01	sxa1	viable	V	V	0.027	-0.0	9.0
SPAC26A3.02	myh1	viable	V	V	-0.003	0.0	9.0
SPAC26A3.03c	rmi1	inviable	E	E	0.041	2.796	9.0
SPAC26A3.04	rpl2002	viable	V	V			
SPAC26A3.05	chc1	inviable	E	E	1.088	0.892	1.0
SPAC26A3.06	bud23	viable	V	V	-0.025	-0.0	9.0
SPAC26A3.07c	rpl1101	viable	V	V			
SPAC26A3.08	smb1	inviable	E	E			
SPAC26A3.09c	rga2	viable	V	V	0.001	0.0	9.0
SPAC26A3.10	cnt6	viable	V	V	0.059	-0.0	9.0
SPAC26A3.11	SPAC26A3.11	viable	V	V	0.054	0.0	9.0
SPAC26A3.12c	dhp1	inviable	E	E	1.102	-0.0	1.0
SPAC26A3.13c	Tf2-4	unknown	Not_determined	Not_determined	0.075	-0.0	9.0
SPAC26A3.14c	atg44	viable	V	V	0.083	-0.0	9.0
SPAC26A3.15c	nsp1	inviable	E	E	1.056	-0.0	1.0
SPAC26A3.16	dsk2	viable	V	V	-0.039	0.0	9.0
SPAC26A3.17c	rmt2	viable	V	V	-0.004	0.0	9.0
SPAC26F1.01	sec74	viable	V	V	-0.038	-0.0	9.0
SPAC26F1.02	pnn1	viable	V	V	0.017	-0.0	9.0
SPAC26F1.03	pda1	inviable	E	E	0.443	0.604	7.0
SPAC26F1.04c	etr1	viable	V	V/E	0.001	0.0	9.0
SPAC26F1.05	mug106	viable	V	V	-0.001	0.0	9.0
SPAC26F1.06	gpm1	inviable	E	E	1.057	0.066	1.0
SPAC26F1.07	SPAC26F1.07	viable	V	V	0.001	0.0	9.0
SPAC26F1.08c	SPAC26F1.08c	viable	V	V	0.001	0.0	9.0
SPAC26F1.09	gyp51	viable	V	V	0.001	0.0	9.0
SPAC26F1.10c	pyp1	viable	V	V	0.272	0.572	7.0
SPAC26F1.11	SPAC26F1.11	unknown	Not_determined	Not_determined			
SPAC26F1.12c	hgh1	viable	V	V	0.064	-0.0	9.0
SPAC26F1.13c	lrs1	inviable	E	E	1.035	-0.0	1.0
SPAC26F1.14c	aif1	viable	V	V	0.033	0.0	9.0
SPAC26H5.02c	mgs1	viable	V	V	0.002	0.0	9.0
SPAC26H5.03	pcf2	viable	V	V	-0.002	0.0	9.0
SPAC26H5.04	gid5	viable	V	V	0.04	-0.0	9.0
SPAC26H5.05	mga2	viable	V	V	0.407	1.582	7.0
SPAC26H5.06	pot1	condition-dependent	E	E	0.547	4.436	8.0
SPAC26H5.07c	SPAC26H5.07c	viable	V	V	0.138	2.915	9.0
SPAC26H5.08c	bgl2	viable	V	V			
SPAC26H5.09c	SPAC26H5.09c	viable	V	V	-0.002	0.0	9.0
SPAC26H5.10c	tif51	viable	V	V			
SPAC26H5.11	mug56	viable	V	V	0.003	0.0	9.0
SPAC26H5.12	rpo41	inviable	E	E	0.949	2.312	4.0
SPAC26H5.13c	kei1	inviable	E	E	1.211	-0.0	1.0
SPAC27D7.02c	grp1	viable	V	V	-0.04	0.0	9.0
SPAC27D7.03c	mei2	viable	V	V	-0.017	0.0	9.0
SPAC27D7.04	omt2	viable	V	V	-0.05	-0.0	9.0
SPAC27D7.05c	apc14	viable	V	V			
SPAC27D7.06	etf1	viable	V	V			
SPAC27D7.07c	smd1	inviable	E	E			
SPAC27D7.08c	mtl16	viable	V	V	0.266	8.334	9.0
SPAC27D7.09c	SPAC27D7.09c	viable	V	V			
SPAC27D7.11c	SPAC27D7.11c	viable	V	V	-0.054	0.0	9.0
SPAC27D7.12c	but1	viable	V	V	-0.03	0.0	9.0
SPAC27D7.13c	ssm4	viable	V	V	0.01	0.0	9.0
SPAC27D7.14c	tpr1	viable	V	V	0.435	1.825	7.0
SPAC27E2.01	SPAC27E2.01	viable	V	V	0.003	0.0	9.0
SPAC27E2.02	yih1	viable	V	V	0.065	-0.0	9.0
SPAC27E2.03c	ola1	viable	V	V	0.361	-0.0	7.0
SPAC27E2.04c	mug155	unknown	Not_determined	Not_determined	-0.055	-0.0	9.0
SPAC27E2.05	cdc1	inviable	E	E	1.029	1.682	1.0
SPAC27E2.06c	msm1	inviable	E	E	0.956	6.982	6.0
SPAC27E2.07	pvg2	viable	V	V	-0.109	-0.0	9.0
SPAC27E2.08	Tf2-6	unknown	Not_determined	Not_determined	0.025	0.0	9.0
SPAC27E2.09	mak2	viable	V	V	0.002	0.0	9.0
SPAC27E2.10c	rfc3	inviable	E	E	1.021	4.574	6.0
SPAC27E2.11c	SPAC27E2.11c	viable	V	V			
SPAC27E2.12	SPAC27E2.12	viable	Not_determined	Not_determined	-0.061	0.0	9.0
SPAC27E2.14	SPAC27E2.14	unknown	Not_determined	Not_determined	-0.024	0.0	9.0
SPAC27F1.02c	cdc8	inviable	E	E	0.797	3.227	4.0
SPAC27F1.03c	uch1	viable	V	V			
SPAC27F1.04c	nuf2	inviable	E	E	0.87	1.356	4.0
SPAC27F1.05c	SPAC27F1.05c	viable	V	V	0.02	-0.0	9.0
SPAC27F1.06c	ani2	viable	V	V	0.062	-0.0	9.0
SPAC27F1.07	ost1	inviable	E	E	1.009	1.082	1.0
SPAC27F1.08	pdt1	viable	V	V	0.003	-0.0	9.0
SPAC27F1.09c	prp10	inviable	E	E	1.157	-0.0	1.0
SPAC27F1.10	SPAC27F1.10	viable	V	V	-0.031	0.0	9.0
SPAC29A4.02c	SPAC29A4.02c	viable	V	V	0.069	0.0	9.0
SPAC29A4.03c	mrps9	inviable	E	E	0.911	4.791	6.0
SPAC29A4.04c	cbf5	inviable	E	E	1.076	0.281	1.0
SPAC29A4.05	cam2	condition-dependent	V	V			
SPAC29A4.06c	SPAC29A4.06c	inviable	E	E	0.869	0.26	2.0
SPAC29A4.07	srb6	inviable	E	E	0.464	2.923	8.0
SPAC29A4.08c	prp19	inviable	E	E	0.876	0.599	2.0
SPAC29A4.09	rrp17	viable	V	V	0.321	1.337	7.0
SPAC29A4.10	rrn5	inviable	E	E	0.807	1.599	4.0
SPAC29A4.11	rga3	viable	V	V	-0.022	0.0	9.0
SPAC29A4.12c	mug108	viable	V	V			
SPAC29A4.13	ure6	viable	V	V			
SPAC29A4.14c	pex3	viable	V	V	0.05	-0.0	9.0
SPAC29A4.15	srs1	inviable	E	E	1.177	-0.0	1.0
SPAC29A4.16	hal4	condition-dependent	V	V	0.433	-0.0	7.0
SPAC29A4.17c	fun14	viable	V	V	0.001	0.0	9.0
SPAC29A4.18	prw1	condition-dependent	V	V	0.34	2.68	8.0
SPAC29A4.19c	cta5	viable	V	V	-0.004	0.0	9.0
SPAC29A4.20	elp3	viable	V	V	0.404	-0.0	7.0
SPAC29A4.22	SPAC29A4.22	unknown	Not_determined	Not_determined			
SPAC29A4.23	SPAC29A4.23	unknown	Not_determined	Not_determined	0.002	0.0	9.0
SPAC29B12.01	ino80	inviable	E	E	0.478	0.853	7.0
SPAC29B12.02c	set2	viable	V	V	0.034	0.0	9.0
SPAC29B12.03	spd1	viable	V	V	0.026	-0.0	9.0
SPAC29B12.04	snz1	viable	V	V	0.437	0.927	7.0
SPAC29B12.05c	mtq1	viable	V	V	-0.013	0.0	9.0
SPAC29B12.06c	rcd1	viable	V	V	0.021	0.0	9.0
SPAC29B12.07	sec16	inviable	E	E	1.0	0.797	1.0
SPAC29B12.08	clr5	viable	V	V	-0.07	-0.0	9.0
SPAC29B12.10c	pgt1	viable	V	V	0.001	0.0	9.0
SPAC29B12.11c	SPAC29B12.11c	viable	V	V	-0.029	0.0	9.0
SPAC29B12.12	hot13	viable	V	V	-0.018	-0.0	9.0
SPAC29B12.13	SPAC29B12.13	viable	V	V			
SPAC29B12.14c	SPAC29B12.14c	viable	V	V	0.058	0.0	9.0
SPAC29E6.01	pof11	viable	V	V	-0.026	-0.0	9.0
SPAC29E6.02	prp3	inviable	E	E	0.816	0.282	2.0
SPAC29E6.03c	uso1	inviable	E	E	1.061	0.829	1.0
SPAC29E6.04	nnf1	inviable	E	E	0.781	1.44	5.0
SPAC29E6.05c	mxr1	viable	V	V	0.005	0.0	9.0
SPAC29E6.06c	SPAC29E6.06c	inviable	E	E	1.075	-0.0	1.0
SPAC29E6.07	SPAC29E6.07	viable	V	V	-0.038	-0.0	9.0
SPAC29E6.08	tbp1	inviable	E	E	1.017	-0.0	1.0
SPAC29E6.09	SPAC29E6.09	viable	V	V	-0.004	0.0	9.0
SPAC29E6.10c	nst1	viable	V	V	0.135	0.0	9.0
SPAC2C4.03c	smd2	inviable	E	E	1.049	0.299	1.0
SPAC2C4.04c	aim29	inviable	E	E			
SPAC2C4.05	cor1	viable	V	V	0.14	3.56	9.0
SPAC2C4.06c	rcm1	viable	V	V	-0.007	0.0	9.0
SPAC2C4.07c	dis32	viable	V	V	-0.026	0.0	9.0
SPAC2C4.08	SPAC2C4.08	viable	V	V	0.041	-0.0	9.0
SPAC2C4.09	SPAC2C4.09	viable	V	V	0.079	0.0	9.0
SPAC2C4.10c	csc4	viable	V	V	0.057	0.0	9.0
SPAC2C4.11c	pno1	inviable	E	E			
SPAC2C4.12c	tpt1	inviable	E	E	1.02	0.94	1.0
SPAC2C4.13	vma16	inviable	E	E			
SPAC2C4.14c	ppk11	viable	V	V			
SPAC2C4.15c	ubx2	viable	V	V	0.033	-0.0	9.0
SPAC2C4.16c	rps801	viable	V	V	0.84	1.119	2.0
SPAC2C4.17c	msy2	viable	V	V	-0.001	0.0	9.0
SPAC2E12.02	hsf1	inviable	E	E	1.152	-0.0	1.0
SPAC2E12.03c	SPAC2E12.03c	viable	V	V	0.09	-0.0	9.0
SPAC2E12.05	wtf1	unknown	Not_determined	Not_determined	0.051	0.0	9.0
SPAC2E1P3.01	SPAC2E1P3.01	viable	V	V	0.066	1.301	9.0
SPAC2E1P3.02c	amt3	viable	V	V	0.022	0.0	9.0
SPAC2E1P3.03c	Tf2-3	unknown	Not_determined	Not_determined	0.085	-0.0	9.0
SPAC2E1P3.04	cao1	viable	V	V	-0.018	0.0	9.0
SPAC2E1P3.05c	cbm1	viable	V	V			
SPAC2E1P5.01c	mns1	viable	V	V	0.03	-0.0	9.0
SPAC2E1P5.02c	mug109	viable	V	V			
SPAC2E1P5.03	erj5	viable	V	V	-0.004	0.0	9.0
SPAC2E1P5.04c	cwg2	inviable	E	E	1.022	1.609	1.0
SPAC2E1P5.05	rrp9	inviable	E	E	1.049	0.151	1.0
SPAC2F3.01	imt1	viable	V	V	0.003	0.0	9.0
SPAC2F3.02	sec67	viable	V	V	0.125	0.834	9.0
SPAC2F3.03c	rpa49	inviable	E	E	0.703	1.162	5.0
SPAC2F3.04c	rim1	inviable	E	E	0.381	6.381	8.0
SPAC2F3.05c	SPAC2F3.05c	viable	V	V	-0.039	0.0	9.0
SPAC2F3.06c	kap104	condition-dependent	E	E	0.449	1.207	7.0
SPAC2F3.07c	SPAC2F3.07c	viable	V	V	0.005	0.0	9.0
SPAC2F3.08	sut1	viable	V	V	-0.024	-0.0	9.0
SPAC2F3.09	hem1	condition-dependent	E	E	0.865	0.854	2.0
SPAC2F3.10	vps54	inviable	E	E	0.518	2.05	5.0
SPAC2F3.11	ppx1	viable	V	V	0.067	4.842	9.0
SPAC2F3.12c	plp1	viable	V	V			
SPAC2F3.13c	qtr2	viable	V	V	0.028	-0.0	9.0
SPAC2F3.14c	saf2	inviable	E	E	0.62	0.868	3.0
SPAC2F3.15	lsk1	viable	V	V	0.046	0.0	9.0
SPAC2F3.16	SPAC2F3.16	viable	V	V	-0.004	0.0	9.0
SPAC2F3.17c	lsm6	inviable	E	E	0.74	0.468	3.0
SPAC2F3.18c	SPAC2F3.18c	viable	V	V	0.031	0.0	9.0
SPAC2F7.02c	psr1	viable	V	V	0.002	0.0	9.0
SPAC2F7.03c	pom1	viable	V	V	0.199	-0.0	9.0
SPAC2F7.04	med1	viable	V	V	0.005	0.0	9.0
SPAC2F7.05c	tif5	inviable	E	E	1.105	-0.0	1.0
SPAC2F7.06c	pol4	viable	V	V	0.006	-0.0	9.0
SPAC2F7.07c	cph2	viable	V	V	0.274	1.086	7.0
SPAC2F7.08c	snf5	viable	V	V	0.115	0.62	9.0
SPAC2F7.09c	gep3	viable	V	V	0.027	0.002	9.0
SPAC2F7.10	akr1	viable	V	V	0.026	0.0	9.0
SPAC2F7.11	nrd1	viable	V	V	0.073	0.0	9.0
SPAC2F7.13c	wrs1	inviable	E	E	0.928	-0.0	2.0
SPAC2F7.14c	rrp4	inviable	E	E			
SPAC2F7.15	rsm24	inviable	E	E	0.757	3.037	6.0
SPAC2F7.16c	pld1	viable	Not_determined	Not_determined	-0.001	0.0	9.0
SPAC2F7.17	mrf1	viable	V	V	0.075	0.438	9.0
SPAC2G11.02	urb2	inviable	E	E	0.731	0.502	3.0
SPAC2G11.03c	vps45	viable	V	V	0.224	2.795	8.0
SPAC2G11.04	rbm17	viable	V	V	0.009	0.0	9.0
SPAC2G11.05c	alx1	viable	V	V	0.061	-0.0	9.0
SPAC2G11.06	vps4	viable	V	V/E	0.398	1.843	7.0
SPAC2G11.07c	ptc3	viable	V	V	0.027	-0.0	9.0
SPAC2G11.08c	smn1	inviable	E	E			
SPAC2G11.09	SPAC2G11.09	viable	V	V	-0.004	0.0	9.0
SPAC2G11.10c	uba42	viable	V	V	0.182	0.468	9.0
SPAC2G11.11c	prh1	inviable	E	E	0.734	0.336	3.0
SPAC2G11.12	rqh1	viable	V	V	0.423	2.76	8.0
SPAC2G11.13	atg22	viable	V	V	0.001	0.0	9.0
SPAC2G11.14	taf1	inviable	E	E	0.739	0.22	3.0
SPAC2G11.15c	tgs1	viable	Not_determined	Not_determined	0.22	7.913	9.0
SPAC2H10.01	SPAC2H10.01	viable	V	V	0.037	-0.0	9.0
SPAC2H10.02c	nas2	viable	V	V	0.065	0.002	9.0
SPAC2H10.04	SPAC2H10.04	unknown	Not_determined	Not_determined	0.087	0.0	9.0
SPAC30.01c	sec72	viable	V	V	0.002	0.0	9.0
SPAC30.02c	kti12	viable	V	V	0.41	0.719	7.0
SPAC30.03c	tsn1	viable	V	V	0.034	-0.0	9.0
SPAC30.04c	abc4	viable	V	V	-0.003	0.0	9.0
SPAC30C2.02	mmd1	viable	V	V	0.481	1.592	7.0
SPAC30C2.03	SPAC30C2.03	inviable	E	E	0.84	6.186	6.0
SPAC30C2.04	asc1	viable	V	V	0.418	3.758	8.0
SPAC30C2.05	erv14	viable	V	V	0.0	0.0	9.0
SPAC30C2.06c	dml1	viable	V	E	0.976	0.787	2.0
SPAC30C2.07	fnp1	viable	V	V	-0.003	-0.0	9.0
SPAC30C2.08	SPAC30C2.08	viable	V	V	0.044	0.0	9.0
SPAC30D11.01c	gto2	viable	V	V	-0.003	-0.0	9.0
SPAC30D11.02c	SPAC30D11.02c	viable	V	V	0.003	0.0	9.0
SPAC30D11.03	ddx27	inviable	E	E	0.91	0.287	2.0
SPAC30D11.04c	nup124	viable	V	V	0.27	0.424	7.0
SPAC30D11.05	aps3	viable	V	V	0.119	5.377	9.0
SPAC30D11.06c	hfl1	viable	V	V	0.001	0.0	9.0
SPAC30D11.07	nth1	viable	V	V	0.037	0.0	9.0
SPAC30D11.08c	phf2	inviable	E	E			
SPAC30D11.09	cwf19	viable	V	V	0.071	0.021	9.0
SPAC30D11.10	rad52	viable	V	V	0.627	1.423	5.0
SPAC30D11.11	izh3	viable	V	V	-0.023	-0.0	9.0
SPAC30D11.12	rpl3802	viable	V	V			
SPAC30D11.13	hus5	condition-dependent	V	E	0.594	3.331	6.0
SPAC30D11.14c	SPAC30D11.14c	viable	V	V	0.062	-0.0	9.0
SPAC31A2.02	trm112	viable	V	V	0.332	-0.0	7.0
SPAC31A2.03	mrp11	inviable	E	E	0.676	3.557	6.0
SPAC31A2.04c	pre1	inviable	E	E	0.83	0.902	2.0
SPAC31A2.05c	mis4	inviable	E	E	0.655	2.274	5.0
SPAC31A2.06	atp25	viable	V	V	0.307	4.184	8.0
SPAC31A2.07c	dbp10	inviable	E	E	1.069	-0.0	1.0
SPAC31A2.08	mrp20	inviable	E	E	0.627	3.335	6.0
SPAC31A2.09c	apm4	viable	V	V	0.022	-0.0	9.0
SPAC31A2.10	SPAC31A2.10	viable	V	V	0.0	0.0	9.0
SPAC31A2.11c	cuf1	viable	V	V	0.223	1.342	7.0
SPAC31A2.12	rod1	viable	V	V	0.057	-0.0	9.0
SPAC31A2.13c	sft1	viable	V	E	0.905	0.557	2.0
SPAC31A2.14	bun107	viable	V	V	0.032	-0.0	9.0
SPAC31A2.15c	dcc1	viable	V	V	0.097	1.334	9.0
SPAC31A2.16	gef2	viable	V	V	0.154	2.655	9.0
SPAC31F12.01	zds1	viable	V	V	0.013	0.0	9.0
SPAC31G5.01	sap49	inviable	E	E	0.767	0.301	3.0
SPAC31G5.02	rot1	inviable	E	E	0.6	0.354	3.0
SPAC31G5.03	rps1101	viable	V	V	0.708	0.314	3.0
SPAC31G5.04	lys12	viable	V	V	0.035	0.196	9.0
SPAC31G5.05c	rpe1	inviable	E	E	0.745	1.505	5.0
SPAC31G5.06	rrg8	inviable	E	E	0.745	7.624	6.0
SPAC31G5.07	dni1	viable	V	V	-0.034	0.0	9.0
SPAC31G5.08	hem4	inviable	E	E	0.631	1.492	5.0
SPAC31G5.09c	spk1	viable	V	V	0.012	-0.0	9.0
SPAC31G5.10	eta2	viable	V	V	0.002	0.0	9.0
SPAC31G5.11	pac2	viable	V	V	0.119	-0.0	9.0
SPAC31G5.12c	maf1	viable	V	V	0.308	-0.0	7.0
SPAC31G5.13	rpn11	inviable	E	E	0.838	0.464	2.0
SPAC31G5.14	gcv1	viable	V	V	0.063	0.0	9.0
SPAC31G5.15	psd3	viable	V	V	0.017	0.0	9.0
SPAC31G5.16c	dpm1	inviable	E	E	1.139	0.302	1.0
SPAC31G5.17c	rps1001	viable	V	V	0.297	0.592	7.0
SPAC31G5.18c	sde2	viable	V	V			
SPAC31G5.19	abo1	viable	V	E	0.526	0.55	3.0
SPAC31G5.21	SPAC31G5.21	viable	V	V			
SPAC323.01c	pos5	condition-dependent	V	V	0.74	5.105	6.0
SPAC323.02c	pup2	inviable	E	E			
SPAC323.03c	pex8	viable	V	V	-0.054	0.0	9.0
SPAC323.04	SPAC323.04	viable	V	V	-0.015	0.0	9.0
SPAC323.05c	mtq2	viable	V	V	0.381	2.882	8.0
SPAC323.06c	uba5	inviable	E	E	0.531	3.686	8.0
SPAC323.07c	SPAC323.07c	viable	V	V	0.01	0.0	9.0
SPAC323.08	rmp1	condition-dependent	E	E			
SPAC328.01c	msn5	viable	V	V	0.699	4.923	6.0
SPAC328.02	dbl4	viable	V	V	0.477	1.001	7.0
SPAC328.03	tps1	viable	V	V	0.068	-0.0	9.0
SPAC328.04	spg4	viable	V	V	-0.023	0.0	9.0
SPAC328.05	hrb1	viable	V	V	-0.002	0.0	9.0
SPAC328.06	ubp2	viable	V	V	0.089	3.306	9.0
SPAC328.07c	bsd1	viable	V	V	0.041	-0.0	9.0
SPAC328.08c	tbc1	inviable	E	E			
SPAC328.09	odc1	viable	V	V	-0.008	-0.0	9.0
SPAC328.10c	rps502	viable	V	V	0.515	0.934	5.0
SPAC32A11.01	mug8	viable	V	V	0.015	0.0	9.0
SPAC32A11.02c	SPAC32A11.02c	viable	V	V	0.112	2.93	9.0
SPAC32A11.03c	phx1	viable	V	V	0.143	-0.0	9.0
SPAC32A11.04c	tif212	inviable	E	E	1.084	-0.0	1.0
SPAC343.01c	erg8	inviable	E	E	0.878	1.058	2.0
SPAC343.02	img1	inviable	E	E	0.102	0.0	9.0
SPAC343.03	apc11	inviable	E	E			
SPAC343.04c	gid7	viable	V	V	0.006	0.0	9.0
SPAC343.05	vma1	condition-dependent	E	E	0.521	1.098	5.0
SPAC343.06c	pls1	viable	V	V	-0.021	0.0	9.0
SPAC343.07	mug28	viable	V	V	0.045	-0.0	9.0
SPAC343.08c	mrp17	inviable	E	E	0.359	1.961	7.0
SPAC343.09	ubx3	viable	V	V	0.149	0.661	9.0
SPAC343.10	met11	viable	V	V	0.047	0.0	9.0
SPAC343.11c	msc1	viable	V	V	0.0	0.0	9.0
SPAC343.12	rds1	viable	V	V	0.003	0.0	9.0
SPAC343.13	gta2	inviable	E	E	0.701	6.56	6.0
SPAC343.14c	tif222	inviable	E	E	1.09	-0.0	1.0
SPAC343.15	tit1	viable	V	V	0.167	1.967	9.0
SPAC343.16	lys2	viable	V	V	0.079	3.819	9.0
SPAC343.17c	wdr70	condition-dependent	E	V	0.277	3.384	8.0
SPAC343.18	rfp2	viable	V	V			
SPAC343.19	lsb6	viable	V	V	-0.04	-0.0	9.0
SPAC343.20	SPAC343.20	viable	V	V			
SPAC343.21	SPAC343.21	viable	Not_determined	Not_determined	-0.013	0.0	9.0
SPAC3A11.02	cps3	viable	V	V	0.029	-0.0	9.0
SPAC3A11.03	efm3	viable	V	V	-0.053	-0.0	9.0
SPAC3A11.04	sei1	viable	V	V	0.003	0.0	9.0
SPAC3A11.05c	kms1	viable	V	V			
SPAC3A11.06	mvp1	viable	V	V	0.001	0.0	9.0
SPAC3A11.07	nde1	viable	V	V	0.032	0.0	9.0
SPAC3A11.08	cul4	condition-dependent	E	E	0.523	1.674	5.0
SPAC3A11.09	sod22	viable	V	V	0.031	1.297	9.0
SPAC3A11.10c	dpe1	viable	V	V	0.043	-0.0	9.0
SPAC3A11.11c	SPAC3A11.11c	viable	V	V	-0.019	-0.0	9.0
SPAC3A11.12c	rpt5	inviable	E	E	1.165	-0.0	1.0
SPAC3A11.13	pfd6	viable	V	V	0.259	3.682	8.0
SPAC3A11.14c	pkl1	viable	V	V	0.02	0.0	9.0
SPAC3A12.02	ceo2	inviable	E	E	0.638	5.512	6.0
SPAC3A12.03c	meu34	viable	V	V	0.006	0.0	9.0
SPAC3A12.04c	rpp1	inviable	E	E	0.972	0.859	2.0
SPAC3A12.05c	taf2	inviable	E	E	0.965	1.935	4.0
SPAC3A12.06c	SPAC3A12.06c	viable	V	V	0.002	0.0	9.0
SPAC3A12.07	rpb11	inviable	E	E	0.842	0.686	2.0
SPAC3A12.08	SPAC3A12.08	viable	V	V	0.019	0.0	9.0
SPAC3A12.09c	ure4	viable	V	V			
SPAC3A12.10	rpl2001	viable	V	V/E	0.861	1.123	2.0
SPAC3A12.11c	cwf2	inviable	E	E	1.081	0.536	1.0
SPAC3A12.12	atp11	viable	V	V	0.194	4.294	9.0
SPAC3A12.13c	tif310	viable	V	V	0.499	-0.0	3.0
SPAC3A12.14	cam1	inviable	E	E	1.071	1.021	1.0
SPAC3A12.15	vps53	inviable	E	E	0.581	1.766	5.0
SPAC3A12.16c	tim17	inviable	E	E	1.341	0.422	1.0
SPAC3A12.17c	cys12	viable	V	V	0.005	-0.0	9.0
SPAC3A12.18	zwf1	condition-dependent	E	E	0.91	0.962	2.0
SPAC3A12.19	mrpl27	inviable	E	E			
SPAC3C7.01c	sac12	viable	V	V	-0.008	0.0	9.0
SPAC3C7.02c	pil2	viable	V	V	0.0	0.0	9.0
SPAC3C7.03c	rad55	viable	V	V	0.302	1.635	7.0
SPAC3C7.04	SPAC3C7.04	viable	V	V	0.109	0.612	9.0
SPAC3C7.05c	mug191	viable	V	V	0.007	0.0	9.0
SPAC3C7.06c	pit1	viable	V	V	-0.003	0.0	9.0
SPAC3C7.07c	ate1	viable	V	V	0.068	0.0	9.0
SPAC3C7.08c	elf1	viable	V	V	0.531	1.044	5.0
SPAC3C7.09	set8	viable	V	V	0.009	0.0	9.0
SPAC3C7.10	pex13	viable	V	V	0.002	0.0	9.0
SPAC3C7.11c	cnx1	inviable	E	E	0.807	3.391	4.0
SPAC3C7.12	tip1	viable	V	V	0.067	-0.0	9.0
SPAC3C7.13c	SPAC3C7.13c	viable	V	V	0.002	0.0	9.0
SPAC3C7.14c	obr1	viable	V	V	0.034	0.0	9.0
SPAC3F10.02c	trk1	viable	V	V	0.139	7.867	9.0
SPAC3F10.03	grs1	inviable	E	E	1.114	-0.0	1.0
SPAC3F10.04	gsa1	condition-dependent	V	V	0.03	0.0	9.0
SPAC3F10.05c	mug113	viable	V	V	0.03	-0.0	9.0
SPAC3F10.06c	rit1	viable	V	V	0.003	0.0	9.0
SPAC3F10.07c	erf4	viable	Not_determined	Not_determined	0.037	0.0	9.0
SPAC3F10.08c	faf1	inviable	E	E	1.009	0.341	1.0
SPAC3F10.09	his6	viable	V	V	-0.011	0.0	9.0
SPAC3F10.10c	map3	viable	V	V	0.025	0.0	9.0
SPAC3F10.11c	abc2	viable	V	V	0.101	4.984	9.0
SPAC3F10.12c	SPAC3F10.12c	viable	V	V	-0.004	0.0	9.0
SPAC3F10.13	ucp6	viable	V	V	-0.022	-0.0	9.0
SPAC3F10.15c	spo12	viable	V	V			
SPAC3F10.16c	SPAC3F10.16c	viable	V	E	0.847	0.477	2.0
SPAC3F10.17	ltv1	viable	V	V	0.825	0.157	2.0
SPAC3F10.18c	rpl4102	viable	V	V			
SPAC3F10.19	spd2	viable	Not_determined	Not_determined	-0.021	0.0	9.0
SPAC3G6.01	hrp3	viable	V	V	0.206	0.25	9.0
SPAC3G6.02	dss1	condition-dependent	V	V			
SPAC3G6.03c	ifs1	viable	V	V	0.004	0.0	9.0
SPAC3G6.04	rnp24	viable	V	V	-0.01	0.0	9.0
SPAC3G6.05	SPAC3G6.05	viable	V	V	-0.001	0.0	9.0
SPAC3G6.06c	rad2	viable	V	V	0.206	6.364	9.0
SPAC3G6.07	SPAC3G6.07	unknown	Not_determined	Not_determined	0.049	0.0	9.0
SPAC3G6.08	erv1	inviable	E	E			
SPAC3G6.09c	tps2	viable	V	V	0.068	-0.0	9.0
SPAC3G6.10c	vps51	inviable	E	E	0.92	6.207	6.0
SPAC3G6.11	chl1	viable	V	V	-0.009	0.0	9.0
SPAC3G6.13c	rpl4101	viable	V	V	0.076	-0.0	9.0
SPAC3G9.01	nsk1	viable	V	V	0.015	0.0	9.0
SPAC3G9.02	oar2	viable	V	V	0.364	7.67	9.0
SPAC3G9.03	rpl2301	viable	V	V	0.153	0.0	9.0
SPAC3G9.04	ssu72	viable	V	V	0.178	7.656	9.0
SPAC3G9.05	spa2	viable	V	V	-0.013	0.0	9.0
SPAC3G9.06	frs2	inviable	E	E	1.104	-0.0	1.0
SPAC3G9.07c	hos2	viable	V	V	0.034	0.0	9.0
SPAC3G9.08	png1	condition-dependent	V	V	0.174	0.579	9.0
SPAC3G9.09c	tif211	inviable	E	E	1.163	-0.0	1.0
SPAC3G9.10c	rrp41	inviable	E	E	1.055	-0.0	1.0
SPAC3G9.11c	pdc201	viable	V	V	0.032	-0.0	9.0
SPAC3G9.12	peg1	inviable	E	E	0.924	1.04	2.0
SPAC3G9.13c	msw1	inviable	E	E	0.603	5.878	6.0
SPAC3G9.14	sak1	inviable	E	E	1.079	0.604	1.0
SPAC3G9.15c	fcf2	inviable	E	E	1.093	-0.0	1.0
SPAC3G9.16c	bet5	inviable	E	E	0.937	1.596	2.0
SPAC3G9.17	ppt2	viable	Not_determined	Not_determined	0.376	5.572	8.0
SPAC3H1.01c	orc3	inviable	E	E	0.988	1.58	2.0
SPAC3H1.02c	sdd3	viable	V	V	-0.003	0.0	9.0
SPAC3H1.03	mug151	viable	V	V	-0.024	-0.0	9.0
SPAC3H1.04c	mdm31	viable	V	V	0.242	2.968	8.0
SPAC3H1.05	ste24	viable	V	V	0.001	0.0	9.0
SPAC3H1.06c	SPAC3H1.06c	viable	V	V	-0.028	-0.0	9.0
SPAC3H1.07	aru1	viable	V	V	0.151	0.0	9.0
SPAC3H1.08c	SPAC3H1.08c	viable	V	V	0.003	0.0	9.0
SPAC3H1.09c	avt3	viable	V	V			
SPAC3H1.10	pcs2	viable	V	V	0.001	-0.0	9.0
SPAC3H1.11	hsr1	viable	V	V	0.003	0.0	9.0
SPAC3H1.12c	snt2	viable	V	V	0.052	0.0	9.0
SPAC3H1.13	ppk13	viable	V	V	-0.007	-0.0	9.0
SPAC3H1.14	gid4	viable	V	V			
SPAC3H5.04	aar2	viable	V	V			
SPAC3H5.05c	rps1401	viable	V	V			
SPAC3H5.06c	pol1	inviable	E	E	1.09	-0.0	1.0
SPAC3H5.07	rpl702	viable	V	V	0.338	0.071	7.0
SPAC3H5.08c	wdr44	viable	V	V	-0.026	-0.0	9.0
SPAC3H5.09c	hob2	viable	V	V	-0.021	0.0	9.0
SPAC3H5.10	rpl3202	viable	V	V			
SPAC3H5.11	SPAC3H5.11	inviable	E	E			
SPAC3H5.12c	rpl501	viable	V	V			
SPAC3H5.13	new4	unknown	Not_determined	Not_determined			
SPAC3H8.02	csr102	viable	V	V	-0.055	0.0	9.0
SPAC3H8.03	img2	viable	V	V	0.063	-0.0	9.0
SPAC3H8.04	SPAC3H8.04	viable	V	V	-0.056	-0.0	9.0
SPAC3H8.05c	mms1	viable	V	V	0.336	5.094	8.0
SPAC3H8.06	aur1	inviable	E	E	0.843	0.127	2.0
SPAC3H8.07c	pfd3	viable	V	V			
SPAC3H8.08c	SPAC3H8.08c	viable	V	V	-0.009	0.0	9.0
SPAC3H8.09c	nab3	viable	V	V	-0.023	-0.0	9.0
SPAC3H8.10	spo20	condition-dependent	V	V	0.531	0.372	3.0
SPAC458.02c	SPAC458.02c	viable	V	V	-0.001	0.0	9.0
SPAC458.03	tel2	inviable	E	E	0.918	1.121	2.0
SPAC458.04c	dli1	viable	V	V	-0.094	4.948	9.0
SPAC458.05	pik3	viable	V	V	0.249	4.302	8.0
SPAC458.06	atg1803	viable	V	V	0.056	0.0	9.0
SPAC458.07	tfa1	inviable	E	E	0.956	1.617	2.0
SPAC4A8.02c	SPAC4A8.02c	viable	V	V	0.002	0.0	9.0
SPAC4A8.03c	ptc4	condition-dependent	V	V	0.79	8.732	6.0
SPAC4A8.04	isp6	viable	V	V	0.699	-0.0	3.0
SPAC4A8.05c	myp2	condition-dependent	V	V	-0.0	0.0	9.0
SPAC4A8.06c	SPAC4A8.06c	viable	V	V	0.0	0.0	9.0
SPAC4A8.07c	lcb4	viable	V	V	-0.041	0.0	9.0
SPAC4A8.08c	vrs2	inviable	E	E	0.823	5.037	6.0
SPAC4A8.09c	cwf21	viable	V	V	0.05	-0.0	9.0
SPAC4A8.10	rog1	viable	V	V	0.138	-0.0	9.0
SPAC4A8.11c	fas2	inviable	E	E	1.066	0.422	1.0
SPAC4A8.12c	sds22	inviable	E	E	0.804	2.208	4.0
SPAC4A8.13c	pts1	inviable	E	E	1.129	0.696	1.0
SPAC4A8.14	SPAC4A8.14	viable	V	V	-0.003	0.0	9.0
SPAC4A8.15c	cdc3	inviable	E	E	0.931	1.389	2.0
SPAC4A8.16c	tif303	inviable	E	E	1.155	-0.0	1.0
SPAC4C5.01	pud1	viable	V	V	0.02	0.0	9.0
SPAC4C5.02c	ryh1	condition-dependent	V	V	0.61	3.146	6.0
SPAC4C5.03	SPAC4C5.03	viable	V	V	0.453	8.181	6.0
SPAC4C5.04	rad31	viable	V	V	0.52	4.783	8.0
SPAC4D7.01c	sec71	viable	V	V	-0.009	0.0	9.0
SPAC4D7.02c	pgc1	viable	V	V	0.001	0.0	9.0
SPAC4D7.03	pop2	viable	V	V	0.02	-0.0	9.0
SPAC4D7.04c	rer2	inviable	E	E	1.001	1.156	2.0
SPAC4D7.05	sum1	inviable	E	E	1.256	-0.0	1.0
SPAC4D7.06c	met8	viable	V	V			
SPAC4D7.07c	csi2	viable	V	V	0.072	-0.0	9.0
SPAC4D7.08c	ade4	viable	Not_determined	Not_determined	-0.168	8.992	9.0
SPAC4D7.09	tif223	inviable	E	E	0.99	-0.0	1.0
SPAC4D7.10c	spt20	viable	V	V	0.04	-0.0	9.0
SPAC4D7.11	dsc4	viable	V	V	-0.039	0.0	9.0
SPAC4D7.12c	fet5	inviable	E	E	0.948	-0.0	2.0
SPAC4D7.13	prp40	inviable	E	E	0.68	5.283	6.0
SPAC4D7.14	new13	unknown	Not_determined	Not_determined			
SPAC4D7.15	gem6	unknown	Not_determined	Not_determined	0.734	3.885	6.0
SPAC4F10.02	ape4	viable	V	V	-0.018	0.0	9.0
SPAC4F10.03c	trm7	inviable	E	E	0.874	0.552	2.0
SPAC4F10.04	ypa1	viable	V	V	0.068	0.0	9.0
SPAC4F10.05c	lip2	viable	V	E	0.679	8.778	6.0
SPAC4F10.06	bud22	viable	V	V	0.646	0.333	3.0
SPAC4F10.07c	atg13	viable	V	V	0.104	-0.0	9.0
SPAC4F10.08	mug126	viable	V	V	-0.025	-0.0	9.0
SPAC4F10.09c	noc1	inviable	E	E	0.972	0.115	2.0
SPAC4F10.10c	mnn9	condition-dependent	E	E			
SPAC4F10.11	spn1	viable	V	V	0.059	-0.0	9.0
SPAC4F10.12	fta1	inviable	E	E	0.553	2.217	5.0
SPAC4F10.13c	mpd2	viable	V	V	0.204	1.702	9.0
SPAC4F10.14c	btf3	viable	V	V	-0.017	-0.0	9.0
SPAC4F10.15c	wsp1	condition-dependent	V	V	0.096	2.597	9.0
SPAC4F10.16c	SPAC4F10.16c	viable	V	V	-0.002	0.0	9.0
SPAC4F10.17	SPAC4F10.17	viable	V	V	-0.019	-0.0	9.0
SPAC4F10.18	nup37	viable	V	V	-0.018	-0.0	9.0
SPAC4F10.19c	hit1	viable	V	V			
SPAC4F10.20	grx1	viable	V	V	0.081	0.0	9.0
SPAC4F10.22	cmc4	viable	Not_determined	Not_determined			
SPAC4F8.01	did4	viable	V	V	0.062	0.908	9.0
SPAC4F8.02c	mrpl40	inviable	E	E	0.674	3.527	6.0
SPAC4F8.03	sdo1	viable	V	E	0.65	0.716	3.0
SPAC4F8.04	rpf1	inviable	E	E	1.021	0.621	1.0
SPAC4F8.05c	mrpl28	inviable	E	E	0.631	3.667	6.0
SPAC4F8.06	mrps12	inviable	E	E			
SPAC4F8.07c	hxk2	condition-dependent	E	E	0.703	0.069	3.0
SPAC4F8.08	mug114	viable	V	V	0.022	0.0	9.0
SPAC4F8.10c	stg1	viable	V	V	-0.039	0.0	9.0
SPAC4F8.11	sea2	viable	V	V	-0.012	0.0	9.0
SPAC4F8.12c	spp42	inviable	E	E	1.061	-0.0	1.0
SPAC4F8.13c	rng2	inviable	E	E	0.725	1.452	5.0
SPAC4F8.14c	hcs1	inviable	E	E	1.027	0.969	1.0
SPAC4F8.15	itr1	viable	V	V	0.006	0.0	9.0
SPAC4G8.02c	sss1	inviable	E	E	0.852	0.172	2.0
SPAC4G8.03c	puf5	viable	V	V	0.062	0.0	9.0
SPAC4G8.04	SPAC4G8.04	viable	V	V	0.062	0.0	9.0
SPAC4G8.05	ppk14	viable	V	V	-0.035	0.0	9.0
SPAC4G8.06c	trm12	viable	V	V	0.002	0.0	9.0
SPAC4G8.07c	trm2	viable	V	V	0.026	0.001	9.0
SPAC4G8.08	mrs4	viable	V	V	0.017	-0.0	9.0
SPAC4G8.09	SPAC4G8.09	inviable	E	E			
SPAC4G8.10	gos1	viable	V	E	1.05	0.295	1.0
SPAC4G8.11c	atp10	viable	V	V	0.104	2.049	9.0
SPAC4G8.12c	smp3	inviable	E	E	0.858	1.749	4.0
SPAC4G8.13c	prz1	viable	V	V	-0.002	0.0	9.0
SPAC4G9.02	rnh201	viable	V	V	-0.006	0.0	9.0
SPAC4G9.03	adk1	inviable	E	E			
SPAC4G9.04c	pcf11	inviable	E	E	1.067	0.253	1.0
SPAC4G9.05	mpf1	viable	V	V	0.044	0.0	9.0
SPAC4G9.06c	chz1	viable	V	V			
SPAC4G9.07	mug133	viable	V	V	-0.019	-0.0	9.0
SPAC4G9.08c	rpc2	inviable	E	E	1.139	0.665	1.0
SPAC4G9.09c	arg11	viable	V	V	0.047	0.0	9.0
SPAC4G9.10	arg3	viable	V	V	-0.006	0.0	9.0
SPAC4G9.11c	cmb1	viable	V	V	0.028	-0.0	9.0
SPAC4G9.12	idn1	viable	V	V	0.004	-0.0	9.0
SPAC4G9.13c	vps26	viable	V	V	0.002	0.0	9.0
SPAC4G9.14	sym1	viable	V	V	0.146	0.413	9.0
SPAC4G9.15	ifa38	viable	V	E	0.96	1.323	2.0
SPAC4G9.16c	rpl901	viable	V	V	0.443	0.725	7.0
SPAC4G9.17c	mrp5	inviable	E	E	0.734	3.156	6.0
SPAC4G9.19	SPAC4G9.19	viable	V	V	-0.011	-0.0	9.0
SPAC4G9.20c	ymc1	viable	V	V	0.033	-0.0	9.0
SPAC4G9.22	SPAC4G9.22	unknown	Not_determined	Not_determined	0.228	8.372	9.0
SPAC4H3.01	SPAC4H3.01	viable	V	V	-0.028	-0.0	9.0
SPAC4H3.02c	swc3	viable	V	V	0.003	0.0	9.0
SPAC4H3.03c	SPAC4H3.03c	viable	V	V			
SPAC4H3.04c	SPAC4H3.04c	viable	V	V	-0.017	0.0	9.0
SPAC4H3.05	srs2	viable	V	V	0.059	0.0	9.0
SPAC4H3.06	rss1	viable	V	V	-0.022	0.0	9.0
SPAC4H3.07c	rdl2	viable	V	V	0.005	0.0	9.0
SPAC4H3.08	fox2	inviable	E	E	-0.061	-0.0	9.0
SPAC4H3.09	SPAC4H3.09	inviable	E	E	0.911	1.31	2.0
SPAC4H3.10c	pyk1	inviable	E	E			
SPAC4H3.11c	ppc89	inviable	E	E	1.036	1.156	1.0
SPAC4H3.13	pcc1	viable	V	V	0.52	0.22	3.0
SPAC4H3.14c	rng8	viable	V	V	0.008	0.0	9.0
SPAC4H3.16	SPAC4H3.16	unknown	Not_determined	Not_determined	0.035	0.0	9.0
SPAC4H3.17	SPAC4H3.17	unknown	Not_determined	Not_determined			
SPAC513.01c	eft201	viable	V	V	0.046	0.0	9.0
SPAC513.02	SPAC513.02	viable	V	V			
SPAC513.03	mfm2	viable	V	V			
SPAC513.04	SPAC513.04	viable	V	V	0.059	0.0	9.0
SPAC513.05	ams1	viable	V	V	-0.01	0.0	9.0
SPAC513.06c	dhd1	viable	V	V	0.004	0.0	9.0
SPAC513.07	SPAC513.07	viable	V	V	0.089	-0.0	9.0
SPAC521.02	wss1	viable	V	V	0.052	0.0	9.0
SPAC521.03	SPAC521.03	viable	V	V	-0.018	0.0	9.0
SPAC521.04c	sst1	viable	V	V	-0.03	0.0	9.0
SPAC521.05	rps802	viable	V	V			
SPAC56E4.02c	alg13	inviable	E	E	0.672	1.019	5.0
SPAC56E4.03	SPAC56E4.03	viable	V	V	0.21	0.797	7.0
SPAC56E4.04c	cut6	inviable	E	E	1.022	0.385	1.0
SPAC56E4.05	snd2	inviable	E	E	0.835	3.062	4.0
SPAC56E4.06c	ggt2	viable	V	V	0.136	7.549	9.0
SPAC56E4.07	SPAC56E4.07	viable	V	V	0.012	-0.0	9.0
SPAC56F8.02	cmr2	viable	V	V	0.323	-0.0	7.0
SPAC56F8.03	tif52	inviable	E	E	1.011	-0.0	1.0
SPAC56F8.04c	ppt1	condition-dependent	V	V	0.094	2.28	9.0
SPAC56F8.05c	mug64	viable	V	V	0.027	0.0	9.0
SPAC56F8.06c	alg10	viable	V	V	-0.021	0.0	9.0
SPAC56F8.07	ema19	inviable	Not_determined	Not_determined	0.033	-0.0	9.0
SPAC56F8.08	mud1	viable	V	V	0.038	-0.0	9.0
SPAC56F8.09	rrp8	viable	V	V	0.035	0.0	9.0
SPAC56F8.10	met9	inviable	E	E	0.662	0.508	3.0
SPAC56F8.11	spc3	inviable	E	E	0.927	0.685	2.0
SPAC56F8.12	SPAC56F8.12	viable	V	V	-0.086	0.0	9.0
SPAC56F8.13	SPAC56F8.13	unknown	Not_determined	Not_determined	0.011	-0.0	9.0
SPAC56F8.14c	mug115	viable	V	V	0.065	0.0	9.0
SPAC56F8.15	SPAC56F8.15	unknown	Not_determined	Not_determined	0.002	0.0	9.0
SPAC56F8.16	esc1	viable	V	V			
SPAC57A10.02	cdr2	viable	V	V	0.104	4.347	9.0
SPAC57A10.03	cyp1	viable	V	V	0.003	0.0	9.0
SPAC57A10.04	mug10	viable	V	V	-0.014	0.0	9.0
SPAC57A10.05c	pof1	inviable	E	E	0.843	0.341	2.0
SPAC57A10.06	mug15	viable	V	V	-0.09	0.0	9.0
SPAC57A10.07	SPAC57A10.07	viable	V	V	0.033	0.0	9.0
SPAC57A10.08c	SPAC57A10.08c	viable	V	V	-0.019	0.0	9.0
SPAC57A10.09c	nhp6	viable	V	V	0.031	-0.0	9.0
SPAC57A10.10c	sla1	viable	V	V	0.193	7.442	9.0
SPAC57A10.11c	mia40	inviable	E	E			
SPAC57A10.12c	ura3	viable	V	V	0.11	0.0	9.0
SPAC57A10.14	sgf11	viable	V	V	0.024	-0.0	9.0
SPAC57A7.04c	pabp	viable	V	E	0.975	0.074	2.0
SPAC57A7.05	SPAC57A7.05	viable	V	V	0.028	-0.0	9.0
SPAC57A7.06	utp14	inviable	E	E	1.03	-0.0	1.0
SPAC57A7.07c	SPAC57A7.07c	viable	V	V	0.06	-0.0	9.0
SPAC57A7.08	pzh1	viable	V	V	0.009	-0.0	9.0
SPAC57A7.09	rnf13	viable	V	V			
SPAC57A7.10c	sec21	inviable	E	E	1.125	0.003	1.0
SPAC57A7.11	mip1	inviable	E	E	1.147	-0.0	1.0
SPAC57A7.12	ssz1	viable	V	V	0.291	3.342	8.0
SPAC57A7.13	rbm10	viable	V	V	-0.062	-0.0	9.0
SPAC57A7.15c	pex22	viable	Not_determined	Not_determined	0.008	0.0	9.0
SPAC589.02c	med13	viable	V	V	-0.012	0.0	9.0
SPAC589.03c	noc12	viable	V	V	-0.001	0.0	9.0
SPAC589.04	mtx2	inviable	E	E	0.963	2.676	4.0
SPAC589.05c	qng1	viable	V	V	0.006	0.0	9.0
SPAC589.06c	snd302	viable	V	V			
SPAC589.07c	atg1801	viable	V	V			
SPAC589.08c	dam1	viable	V	V	-0.042	-0.0	9.0
SPAC589.09	csr101	viable	V	V	0.015	0.021	9.0
SPAC589.10c	ubi5	viable	V	V			
SPAC589.11	pth4	viable	V	V	0.03	0.0	9.0
SPAC589.12	cwh43	viable	V	E	0.621	2.274	5.0
SPAC5D6.01	rps2202	viable	V	V	0.093	0.086	9.0
SPAC5D6.02c	mug165	viable	V	V	0.089	0.0	9.0
SPAC5D6.04	SPAC5D6.04	viable	V	V	-0.002	0.0	9.0
SPAC5D6.05	med18	viable	V	V	0.267	3.245	8.0
SPAC5D6.06c	alg14	viable	V	E	1.037	0.402	1.0
SPAC5D6.07c	pxa1	viable	V	V	0.003	0.0	9.0
SPAC5D6.08c	mes1	viable	V	V	0.038	-0.0	9.0
SPAC5D6.09c	mug86	viable	V	V	-0.022	0.0	9.0
SPAC5D6.10c	mug116	viable	V	V			
SPAC5D6.12	mtf2	viable	V	V	0.116	-0.0	9.0
SPAC5D6.13	gpp74	viable	V	V	0.012	0.0	9.0
SPAC5H10.01	dgc1	viable	V	V	0.038	0.0	9.0
SPAC5H10.02c	hsp3102	viable	V	V	-0.009	-0.0	9.0
SPAC5H10.03	SPAC5H10.03	viable	V	V	-0.004	0.0	9.0
SPAC5H10.04	SPAC5H10.04	viable	V	V	0.075	0.44	9.0
SPAC5H10.05c	SPAC5H10.05c	viable	V	V	0.003	0.0	9.0
SPAC5H10.06c	adh4	viable	V	V	0.03	0.0	9.0
SPAC5H10.07	SPAC5H10.07	viable	V	V	-0.028	0.0	9.0
SPAC5H10.08c	pan6	viable	V	V	-0.01	0.0	9.0
SPAC5H10.09c	ecm31	viable	V	V	0.026	0.0	9.0
SPAC5H10.10	SPAC5H10.10	viable	V	V	0.057	-0.0	9.0
SPAC5H10.11	gmh1	viable	V	V	-0.089	0.001	9.0
SPAC5H10.12c	otg1	viable	V	V	-0.006	-0.0	9.0
SPAC5H10.13c	gmh2	viable	V	V	-0.007	0.0	9.0
SPAC607.02c	SPAC607.02c	viable	V	V	0.443	-0.0	7.0
SPAC607.03c	snu13	inviable	E	E			
SPAC607.04	arg82	inviable	E	E	0.525	1.495	5.0
SPAC607.05	rpn9	inviable	E	E	1.018	0.773	1.0
SPAC607.06c	SPAC607.06c	viable	V	V	-0.021	0.0	9.0
SPAC607.07c	SPAC607.07c	viable	V	V			
SPAC607.08c	mil1	viable	V	V	-0.064	0.0	9.0
SPAC607.09c	btn1	viable	V	V	-0.048	0.0	9.0
SPAC607.10	spo3	viable	V	V	0.001	0.0	9.0
SPAC630.03	arp3	inviable	E	E	1.069	0.063	1.0
SPAC630.04c	SPAC630.04c	viable	V	V			
SPAC630.05	gyp7	viable	V	V	0.132	-0.0	9.0
SPAC630.06c	SPAC630.06c	viable	V	V	-0.022	0.0	9.0
SPAC630.07c	SPAC630.07c	viable	V	V	0.0	0.0	9.0
SPAC630.08c	erg25	inviable	E	E	0.944	0.941	2.0
SPAC630.09c	mug58	viable	V	V	0.037	0.001	9.0
SPAC630.10	bmt2	viable	V	V	-0.009	0.0	9.0
SPAC630.11	vps55	viable	V	V	0.099	0.0	9.0
SPAC630.12	ted2	inviable	E	E	0.819	0.612	2.0
SPAC630.13c	tsc2	viable	V	V	0.601	6.843	6.0
SPAC630.14c	tup12	viable	V	V	0.203	4.751	8.0
SPAC630.15	mug177	viable	V	V	0.025	0.0	9.0
SPAC631.01c	acp2	viable	V	V	0.047	-0.0	9.0
SPAC631.02	bdf2	viable	V	V	0.275	-0.0	7.0
SPAC637.03	SPAC637.03	viable	V	V	0.008	0.0	9.0
SPAC637.04	ypp1	inviable	E	E	0.986	-0.0	2.0
SPAC637.05c	vma2	inviable	E	E	0.474	1.68	7.0
SPAC637.06	gmh5	viable	V	V	0.398	4.878	8.0
SPAC637.07	moe1	viable	V	V	0.361	4.294	8.0
SPAC637.08	nbp35	inviable	E	E	1.071	0.586	1.0
SPAC637.09	rex1	viable	V	V	0.255	1.485	7.0
SPAC637.10c	rpn10	viable	V	V	0.178	-0.0	9.0
SPAC637.11	rpm2	viable	V	V	0.234	-0.0	9.0
SPAC637.12c	mst1	inviable	E	E	0.638	1.832	5.0
SPAC637.13c	slm1	viable	V	V	-0.036	-0.0	9.0
SPAC644.04	pct1	inviable	E	E	0.837	4.061	6.0
SPAC644.05c	dut1	inviable	E	E			
SPAC644.06c	cdr1	viable	V	V	0.017	0.0	9.0
SPAC644.07	bcs1	viable	V	V	0.083	0.0	9.0
SPAC644.08	utr4	viable	V	V	0.061	-0.0	9.0
SPAC644.09	SPAC644.09	viable	V	V	0.057	0.0	9.0
SPAC644.10	med11	inviable	E	E			
SPAC644.11c	pkp1	viable	V	V	-0.011	0.0	9.0
SPAC644.12	cdc5	inviable	E	E			
SPAC644.13c	SPAC644.13c	viable	V	V	-0.013	0.0	9.0
SPAC644.14c	rad51	viable	V	E	0.532	2.272	5.0
SPAC644.15	rpp101	viable	V	V	0.156	0.0	9.0
SPAC644.16	rna15	inviable	E	E	0.876	2.793	4.0
SPAC644.17c	mrpl9	inviable	E	E			
SPAC644.18c	bet3	inviable	E	E	0.884	1.395	4.0
SPAC652.01	SPAC652.01	viable	V	V			
SPAC664.01c	swi6	viable	V	V	0.018	0.0	9.0
SPAC664.02c	arp8	viable	V	V	0.501	5.691	8.0
SPAC664.03	paf1	viable	V	V	0.483	7.755	6.0
SPAC664.04c	rps1602	viable	V	V	0.344	2.173	7.0
SPAC664.05	rpl13	inviable	E	E	1.344	0.19	1.0
SPAC664.06	rlp7	inviable	E	E	1.021	0.023	1.0
SPAC664.07c	rad9	viable	V	V	0.02	0.0	9.0
SPAC664.08c	bfr2	inviable	E	E	0.774	0.033	3.0
SPAC664.09	ggt1	inviable	E	E	-0.045	0.0	9.0
SPAC664.10	klp2	viable	V	V	0.002	0.0	9.0
SPAC664.11	ssc1	inviable	E	E	1.009	0.084	1.0
SPAC664.12c	sdh6	viable	V	V			
SPAC664.13	SPAC664.13	viable	V	V			
SPAC664.14	amt2	viable	V	V	0.066	0.0	9.0
SPAC664.15	mdv1	viable	V	V	0.001	-0.0	9.0
SPAC683.02c	SPAC683.02c	viable	V	V			
SPAC683.03	SPAC683.03	viable	V	V	0.004	0.0	9.0
SPAC688.02c	mis14	inviable	E	E	0.914	2.218	4.0
SPAC688.03c	SPAC688.03c	viable	V	V			
SPAC688.04c	gst3	viable	V	V	0.005	0.0	9.0
SPAC688.06c	slx4	viable	V	V	-0.029	-0.0	9.0
SPAC688.07c	rng10	viable	V	V	0.281	7.796	9.0
SPAC688.08	srb8	viable	Not_determined	Not_determined	-0.004	-0.0	9.0
SPAC688.09	rim2	inviable	E	E	0.465	0.649	7.0
SPAC688.10	rev3	viable	V	V	0.003	-0.0	9.0
SPAC688.11	end4	condition-dependent	E	E	0.541	1.829	5.0
SPAC688.12c	SPAC688.12c	viable	V	V	0.0	0.0	9.0
SPAC688.13	scn3	viable	V	V	-0.028	-0.0	9.0
SPAC688.14	set13	viable	V	V	0.088	0.0	9.0
SPAC688.16	SPAC688.16	viable	Not_determined	Not_determined	-0.039	-0.0	9.0
SPAC694.02	SPAC694.02	viable	V	V	0.167	1.495	9.0
SPAC694.03	SPAC694.03	viable	V	V	0.003	-0.0	9.0
SPAC694.04c	SPAC694.04c	viable	V	V	0.119	-0.0	9.0
SPAC694.05c	rps2502	viable	V	V	0.067	2.589	9.0
SPAC694.06c	mrc1	viable	V	V	0.078	0.0	9.0
SPAC6B12.02c	mus7	viable	V	V	0.356	2.054	7.0
SPAC6B12.03c	bit2	viable	V	V	0.048	-0.0	9.0
SPAC6B12.04c	SPAC6B12.04c	viable	V	V	0.018	0.0	9.0
SPAC6B12.05c	ies2	viable	V	V	0.239	7.739	9.0
SPAC6B12.06c	rrg9	viable	V	V	-0.033	0.0	9.0
SPAC6B12.07c	pqr1	viable	V	V	0.095	-0.0	9.0
SPAC6B12.08	epr1	viable	V	V	-0.051	0.0	9.0
SPAC6B12.09	trm10	viable	V	V	0.003	0.0	9.0
SPAC6B12.10c	spp1	inviable	E	E	0.754	-0.0	3.0
SPAC6B12.11	drc1	inviable	E	E	1.233	0.356	1.0
SPAC6B12.12	tom70	viable	V	V	0.29	7.199	9.0
SPAC6B12.13	SPAC6B12.13	inviable	E	E	1.095	0.177	1.0
SPAC6B12.14c	SPAC6B12.14c	viable	V	V	0.056	0.0	9.0
SPAC6B12.15	cpc2	viable	V	V	0.27	-0.0	7.0
SPAC6B12.16	meu26	viable	V	V	0.23	9.467	9.0
SPAC6B12.18	gon7	condition-dependent	Not_determined	Not_determined	0.356	0.323	7.0
SPAC6B12.19	rsa3	viable	Not_determined	Not_determined			
SPAC6C3.02c	mix17	viable	V	V			
SPAC6C3.03c	SPAC6C3.03c	viable	V	V			
SPAC6C3.04	cit1	viable	V	V	0.248	1.912	8.0
SPAC6C3.05	meu43	viable	V	V	-0.008	0.0	9.0
SPAC6C3.06c	neo1	viable	V	V	0.031	-0.0	9.0
SPAC6C3.07	mug68	viable	V	V	-0.009	0.0	9.0
SPAC6C3.08	nas6	viable	V	V	0.134	3.149	9.0
SPAC6C3.09	rpp40	inviable	E	V	0.225	0.848	7.0
SPAC6F12.02	rst2	viable	V	V	-0.012	0.0	9.0
SPAC6F12.03c	fsv1	viable	V	V	0.056	-0.0	9.0
SPAC6F12.04	tvp15	viable	V	V	0.05	-0.0	9.0
SPAC6F12.05c	tnr3	inviable	E	E	0.859	0.74	2.0
SPAC6F12.06	rdi1	viable	V	V	0.009	0.0	9.0
SPAC6F12.07	tom20	inviable	E	E	0.631	3.662	6.0
SPAC6F12.08c	exo8	inviable	E	E	0.964	1.729	4.0
SPAC6F12.09	rdp1	viable	V	V	0.006	0.0	9.0
SPAC6F12.10c	ade3	viable	V	V	0.002	0.0	9.0
SPAC6F12.11c	sfc1	inviable	E	E	0.613	4.723	6.0
SPAC6F12.12	par2	viable	V	V	-0.004	0.0	9.0
SPAC6F12.13c	fps1	inviable	E	E	1.087	0.972	1.0
SPAC6F12.14	cut23	inviable	E	E	1.019	0.868	1.0
SPAC6F12.15c	cut9	inviable	E	E	0.858	0.779	2.0
SPAC6F12.16c	mtr4	inviable	E	E	1.086	-0.0	1.0
SPAC6F12.17	rna14	inviable	E	E	1.024	0.377	1.0
SPAC6F6.01	cch1	viable	V	V	0.033	0.0	9.0
SPAC6F6.02c	pof5	viable	V	V	0.068	0.0	9.0
SPAC6F6.03c	nog2	viable	V	E	1.112	-0.0	1.0
SPAC6F6.04c	SPAC6F6.04c	viable	V	V	-0.003	0.0	9.0
SPAC6F6.05	ost2	inviable	E	E	0.939	1.235	2.0
SPAC6F6.06c	rax2	viable	V	V	0.002	0.0	9.0
SPAC6F6.07c	rps13	inviable	E	E	1.116	0.068	1.0
SPAC6F6.08c	cdc16	inviable	E	E	0.955	1.178	2.0
SPAC6F6.09	eaf6	viable	V	V	0.022	0.0	9.0
SPAC6F6.10c	arc2	inviable	E	E	1.018	-0.0	1.0
SPAC6F6.11c	SPAC6F6.11c	viable	V	V	0.035	0.0	9.0
SPAC6F6.12	atg24	viable	V	V	0.001	0.0	9.0
SPAC6F6.13c	SPAC6F6.13c	viable	V	V	0.031	-0.0	9.0
SPAC6F6.15	ypt5	condition-dependent	E	E	0.488	0.778	7.0
SPAC6F6.16c	tpz1	inviable	E	E	0.537	3.984	8.0
SPAC6F6.17	rif1	viable	V	V	0.229	8.187	9.0
SPAC6F6.19	SPAC6F6.19	unknown	Not_determined	Not_determined	-0.009	0.0	9.0
SPAC6G10.02c	tea3	viable	V	V	0.012	0.0	9.0
SPAC6G10.03c	SPAC6G10.03c	viable	V	V	-0.036	0.0	9.0
SPAC6G10.04c	pre5	inviable	E	E	0.87	-0.0	2.0
SPAC6G10.05c	trs120	inviable	E	E	0.878	1.445	4.0
SPAC6G10.06	tda3	viable	V	V	-0.026	-0.0	9.0
SPAC6G10.07	cbc1	inviable	E	E	0.707	1.702	5.0
SPAC6G10.08	idp1	viable	V	V	0.017	0.0	9.0
SPAC6G10.09	gls1	condition-dependent	E	E	0.817	4.528	6.0
SPAC6G10.10c	SPAC6G10.10c	viable	V	V			
SPAC6G10.11c	ubi3	viable	V	V	0.163	1.706	9.0
SPAC6G10.12c	ace2	viable	V	V	0.075	1.041	9.0
SPAC6G9.01c	SPAC6G9.01c	viable	V	V	-0.001	0.0	9.0
SPAC6G9.02c	nop9	inviable	E	E	0.879	0.485	2.0
SPAC6G9.03c	rtt106	viable	V	V	-0.001	0.0	9.0
SPAC6G9.04	spo7	viable	V	V	0.002	-0.0	9.0
SPAC6G9.05	pcd1	viable	V	V	0.002	0.0	9.0
SPAC6G9.06c	pcp1	inviable	E	E	0.855	0.679	2.0
SPAC6G9.07c	arc4	inviable	E	E	0.955	0.067	2.0
SPAC6G9.08	ubp6	viable	V	V	0.004	-0.0	9.0
SPAC6G9.09c	rpl2401	viable	V	V	0.115	-0.0	9.0
SPAC6G9.10c	sen1	viable	V	V	0.276	0.909	7.0
SPAC6G9.11	syb1	inviable	E	E	1.041	-0.0	1.0
SPAC6G9.12	cfr1	viable	V	V	0.06	-0.0	9.0
SPAC6G9.13c	bqt1	viable	V	V	0.017	0.0	9.0
SPAC6G9.14	puf4	viable	V	V	0.133	0.84	9.0
SPAC6G9.15c	ebp1	viable	V	V	0.005	-0.0	9.0
SPAC6G9.16c	xrc4	viable	V	V	-0.016	-0.0	9.0
SPAC732.01	vma11	inviable	E	E	0.673	-0.0	3.0
SPAC732.02c	fpb26	viable	V	V	-0.001	0.001	9.0
SPAC750.01	SPAC750.01	unknown	Not_determined	Not_determined			
SPAC750.02c	SPAC750.02c	viable	V	V			
SPAC750.03c	SPAC750.03c	viable	V	V			
SPAC750.04c	ftm3	unknown	Not_determined	Not_determined			
SPAC750.05c	ftm4	viable	V	V			
SPAC750.06c	SPAC750.06c	viable	V	V			
SPAC750.07c	SPAC750.07c	viable	V	V			
SPAC750.08c	SPAC750.08c	viable	V	V			
SPAC767.01c	vps1	viable	V	V	0.069	-0.0	9.0
SPAC7D4.02c	sfp47	viable	V	V	0.333	9.397	9.0
SPAC7D4.03c	ahk1	viable	V	V	0.037	0.0	9.0
SPAC7D4.04	atg11	viable	V	V	0.029	-0.0	9.0
SPAC7D4.05	SPAC7D4.05	viable	V	V	-0.014	0.0	9.0
SPAC7D4.06c	alg3	viable	V	V	0.462	5.259	8.0
SPAC7D4.07c	trx1	condition-dependent	V	V	0.13	-0.0	9.0
SPAC7D4.08	SPAC7D4.08	viable	V	V			
SPAC7D4.09c	dfg10	inviable	E	E	0.78	3.34	6.0
SPAC7D4.10	vma13	inviable	E	E	0.29	0.458	7.0
SPAC7D4.11c	sec39	inviable	E	E	1.103	-0.0	1.0
SPAC7D4.12c	SPAC7D4.12c	viable	V	V	0.002	0.0	9.0
SPAC7D4.13c	SPAC7D4.13c	viable	V	V	0.003	0.0	9.0
SPAC7D4.14c	iss10	viable	V	V	0.022	0.0	9.0
SPAC7D4.15c	ost4	inviable	E	E			
SPAC806.02c	SPAC806.02c	inviable	E	E	0.935	0.095	2.0
SPAC806.03c	rps2601	viable	V	V			
SPAC806.04c	duf8901	viable	V	V	0.057	0.0	9.0
SPAC806.05	lyr3	inviable	E	E			
SPAC806.06c	SPAC806.06c	condition-dependent	E	E			
SPAC806.07	ndk1	viable	V	V	0.09	-0.0	9.0
SPAC806.08c	mod21	viable	V	V	-0.012	0.0	9.0
SPAC806.11	SPAC806.11	unknown	Not_determined	Not_determined	-0.004	-0.0	9.0
SPAC821.03c	slf1	viable	V	V	-0.002	0.0	9.0
SPAC821.04c	cid13	viable	V	V	0.051	-0.0	9.0
SPAC821.05	tif308	viable	V	V	0.294	0.041	7.0
SPAC821.06	spn2	viable	V	V	-0.037	0.0	9.0
SPAC821.07c	moc3	viable	V	V	0.008	0.0	9.0
SPAC821.08c	slp1	inviable	E	E	0.98	-0.0	2.0
SPAC821.09	eng1	viable	V	V	0.0	0.0	9.0
SPAC821.10c	sod1	condition-dependent	V	V	0.454	4.336	8.0
SPAC821.11	pro1	viable	V	V	-0.001	-0.0	9.0
SPAC821.12	orb6	inviable	E	E	1.103	1.168	1.0
SPAC821.13c	dnf1	viable	V	V	0.013	-0.0	9.0
SPAC823.03	ppk15	viable	V	V	-0.043	-0.0	9.0
SPAC823.04	rrp36	inviable	E	E	0.636	-0.0	3.0
SPAC823.05c	tlg2	viable	V	V	0.148	2.453	9.0
SPAC823.06	taf3	inviable	E	E	0.075	0.0	9.0
SPAC823.07	pga3	inviable	E	E	0.757	0.87	3.0
SPAC823.08c	rrp3	inviable	E	E	1.105	0.178	1.0
SPAC823.09c	SPAC823.09c	viable	V	V	0.068	0.0	9.0
SPAC823.10c	hem25	viable	V	V	0.108	2.765	9.0
SPAC823.11	sgp1	condition-dependent	E	V	-0.039	-0.0	9.0
SPAC823.12	vps11	condition-dependent	E	E	0.646	5.57	6.0
SPAC823.13c	she9	viable	V	V	0.005	-0.0	9.0
SPAC823.14	ptf1	viable	V	V	-0.014	0.0	9.0
SPAC823.15	ppa1	viable	V	V	0.002	0.0	9.0
SPAC823.16c	atg1802	viable	V	V	0.002	-0.0	9.0
SPAC823.17	tom6	viable	V	V			
SPAC824.02	bst1	viable	V	V	0.343	1.11	7.0
SPAC824.03c	SPAC824.03c	viable	V	V	-0.005	0.0	9.0
SPAC824.04	swd22	viable	V	V	0.139	4.978	9.0
SPAC824.05	vps16	condition-dependent	V	V	0.541	3.622	8.0
SPAC824.06	tim14	inviable	E	E			
SPAC824.07	glo2	viable	V	V	0.043	0.001	9.0
SPAC824.08	gda1	viable	V	V	0.0	0.0	9.0
SPAC824.09c	age1	viable	V	V	0.053	0.0	9.0
SPAC869.01	SPAC869.01	viable	V	V	0.053	2.772	9.0
SPAC869.02c	yhb1	viable	V	V	0.022	0.0	9.0
SPAC869.03c	SPAC869.03c	viable	V	V	0.042	-0.0	9.0
SPAC869.04	SPAC869.04	viable	V	V	0.022	0.0	9.0
SPAC869.05c	sul2	viable	V	V	0.112	-0.0	9.0
SPAC869.06c	hry1	viable	V	V	0.02	-0.0	9.0
SPAC869.07c	mel1	viable	V	V	0.003	-0.0	9.0
SPAC869.08	pcm2	viable	V	V	0.061	0.0	9.0
SPAC869.09	SPAC869.09	viable	V	V	-0.064	-0.0	9.0
SPAC869.10c	put4	viable	V	V	-0.008	0.0	9.0
SPAC869.11	cat1	viable	V	V	0.136	3.116	9.0
SPAC890.02c	alp7	viable	V	V	0.113	-0.0	9.0
SPAC890.03	ppk16	viable	V	V	0.009	0.0	9.0
SPAC890.04c	ytm1	inviable	E	E	0.903	-0.0	2.0
SPAC890.05	pxr1	viable	V	V			
SPAC890.06	nup155	condition-dependent	V	V	1.033	0.133	1.0
SPAC890.07c	rmt1	viable	V	V	-0.002	0.0	9.0
SPAC890.08	rpl31	inviable	E	E			
SPAC8C9.03	cgs1	viable	V	V	0.226	-0.0	9.0
SPAC8C9.04	SPAC8C9.04	viable	V	V	-0.038	0.0	9.0
SPAC8C9.05	dtd1	viable	V	V	0.079	0.0	9.0
SPAC8C9.06c	ppr4	viable	V	V	0.125	2.56	9.0
SPAC8C9.07	fyv7	viable	V	V			
SPAC8C9.08	rps5	viable	V	V	0.636	0.755	3.0
SPAC8C9.09c	mug129	viable	V	V	0.059	-0.0	9.0
SPAC8C9.10c	rrp14	viable	V	V	0.484	1.61	7.0
SPAC8C9.11	fra2	viable	V	V	-0.022	0.001	9.0
SPAC8C9.12c	mrs3	viable	V	V	-0.019	0.0	9.0
SPAC8C9.14	prr1	viable	V	V	0.051	-0.0	9.0
SPAC8C9.15c	tif225	inviable	E	E	1.014	-0.0	1.0
SPAC8C9.16c	oxr1	viable	V	V	0.009	0.0	9.0
SPAC8C9.17c	spc34	viable	V	V			
SPAC8C9.19	emr1	viable	V	V			
SPAC8E11.01c	inv2	viable	V	V	0.002	0.0	9.0
SPAC8E11.02c	rad24	viable	V	V			
SPAC8E11.03c	dmc1	viable	V	V	0.08	0.0	9.0
SPAC8E11.04c	pah1	viable	V	V	-0.02	-0.0	9.0
SPAC8E11.05c	SPAC8E11.05c	viable	V	V	0.062	0.0	9.0
SPAC8E11.06	SPAC8E11.06	viable	V	V	0.061	-0.0	9.0
SPAC8E11.07c	alp31	viable	V	V	0.341	5.871	8.0
SPAC8E11.08c	SPAC8E11.08c	unknown	Not_determined	Not_determined	0.0	0.0	9.0
SPAC8E11.10	SPAC8E11.10	viable	V	V	-0.002	0.0	9.0
SPAC8E11.12	SPAC8E11.12	viable	Not_determined	Not_determined	0.0	0.0	9.0
SPAC8F11.02c	dph3	viable	V	V	0.477	-0.0	3.0
SPAC8F11.03	msh3	viable	V	V	0.145	0.884	9.0
SPAC8F11.04	SPAC8F11.04	inviable	E	E	1.031	-0.0	1.0
SPAC8F11.05c	mug130	viable	V	V			
SPAC8F11.06	brr6	inviable	E	E	1.007	0.146	1.0
SPAC8F11.07c	cdc24	inviable	E	E	0.709	1.031	3.0
SPAC8F11.08c	SPAC8F11.08c	viable	V	V	0.213	0.468	9.0
SPAC8F11.09c	efm7	viable	V	V	0.092	0.0	9.0
SPAC8F11.10c	pvg1	viable	V	V	-0.033	-0.0	9.0
SPAC9.02c	SPAC9.02c	viable	V	V	0.051	1.381	9.0
SPAC9.03c	brr2	inviable	E	E	1.064	-0.0	1.0
SPAC9.04	Tf2-1	unknown	Not_determined	Not_determined	0.065	3.434	9.0
SPAC9.05	fml1	viable	V	V	0.115	2.518	9.0
SPAC9.06c	mta3	viable	V	V	0.045	-0.0	9.0
SPAC9.07c	SPAC9.07c	viable	V	V	0.019	0.0	9.0
SPAC9.08c	SPAC9.08c	viable	V	V	-0.003	0.0	9.0
SPAC9.09	met26	viable	Not_determined	Not_determined	1.013	0.241	1.0
SPAC9.10	thi9	viable	V	V	0.024	0.0	9.0
SPAC9.11	SPAC9.11	viable	V	V	-0.0	-0.0	9.0
SPAC9.12c	atp12	viable	V	V	0.143	1.97	9.0
SPAC9.13c	cwf16	viable	V	E	0.973	0.033	2.0
SPAC922.03	SPAC922.03	viable	V	V	0.092	-0.0	9.0
SPAC922.04	SPAC922.04	viable	V	V	-0.023	-0.0	9.0
SPAC922.05c	SPAC922.05c	viable	V	V	-0.005	0.0	9.0
SPAC922.06	SPAC922.06	viable	V	V	0.062	-0.0	9.0
SPAC922.07c	atd2	viable	V	V	0.0	0.0	9.0
SPAC922.09	SPAC922.09	unknown	Not_determined	Not_determined	0.003	-0.0	9.0
SPAC926.02	SPAC926.02	viable	V	V	0.04	-0.0	9.0
SPAC926.03	rlc1	condition-dependent	V	V	0.104	0.0	9.0
SPAC926.04c	hsp90	inviable	E	E	1.035	0.087	1.0
SPAC926.05c	dph4	viable	V	V			
SPAC926.06c	SPAC926.06c	viable	V	V	-0.0	0.0	9.0
SPAC926.07c	dlc2	viable	V	V	0.046	0.0	9.0
SPAC926.08c	rpf2	inviable	E	E	0.811	-0.0	2.0
SPAC926.09c	fas1	viable	V	E	1.17	0.601	1.0
SPAC926.10	ina22	unknown	Not_determined	Not_determined			
SPAC959.02	sec17	inviable	E	E	0.944	-0.0	2.0
SPAC959.03c	utp7	inviable	E	E	1.035	0.293	1.0
SPAC959.04c	omh6	viable	V	V	0.761	6.814	6.0
SPAC959.05c	pdi4	viable	V	V			
SPAC959.06c	SPAC959.06c	viable	V	V	-0.01	0.0	9.0
SPAC959.07	rps403	viable	V	V	0.069	3.662	9.0
SPAC959.08	rpl2102	viable	V	V	0.418	0.508	7.0
SPAC959.09c	apc5	inviable	E	E	1.056	1.614	1.0
SPAC959.10	sen15	inviable	E	E			
SPAC959.11	SPAC959.11	unknown	Not_determined	Not_determined	0.119	0.107	9.0
SPAC977.01	ftm1	viable	V	V			
SPAC977.02	ftm2	viable	V	V			
SPAC977.03	SPAC977.03	viable	V	V	0.447	0.443	7.0
SPAC977.04	SPAC977.04	unknown	Not_determined	Not_determined			
SPAC977.05c	SPAC977.05c	viable	V	V	0.032	-0.0	9.0
SPAC977.06	SPAC977.06	viable	V	V			
SPAC977.07c	pfl6	viable	Not_determined	Not_determined			
SPAC977.08	ayr2	viable	V	V			
SPAC977.09c	plb4	viable	V	V			
SPAC977.10	nhe1	viable	V	V	0.057	-0.0	9.0
SPAC977.11	fex1	viable	V	V	-0.015	0.0	9.0
SPAC977.12	SPAC977.12	viable	V	V	0.04	0.0	9.0
SPAC977.14c	SPAC977.14c	viable	V	V	0.016	0.0	9.0
SPAC977.15	SPAC977.15	viable	V	V	0.032	1.229	9.0
SPAC977.16c	dak2	viable	V	V	0.011	0.0	9.0
SPAC977.17	SPAC977.17	viable	V	V	-0.025	0.0	9.0
SPAC977.18	SPAC977.18	unknown	Not_determined	Not_determined	0.072	-0.0	9.0
SPAC9E9.01	SPAC9E9.01	unknown	Not_determined	Not_determined	-0.028	-0.0	9.0
SPAC9E9.02	SPAC9E9.02	unknown	Not_determined	Not_determined	0.007	0.0	9.0
SPAC9E9.03	leu2	viable	V	V	-0.004	0.0	9.0
SPAC9E9.04	SPAC9E9.04	viable	V	V	0.046	-0.0	9.0
SPAC9E9.05	sor1	viable	V	V	-0.008	0.0	9.0
SPAC9E9.06c	SPAC9E9.06c	inviable	E	E	1.046	-0.0	1.0
SPAC9E9.07c	ypt2	inviable	E	E	1.047	0.364	1.0
SPAC9E9.08	rad26	viable	V	V	0.134	4.83	9.0
SPAC9E9.09c	atd1	viable	V	V	0.316	0.137	7.0
SPAC9E9.10c	cbh1	viable	V	V	0.039	0.0	9.0
SPAC9E9.11	plr1	viable	V	V	-0.023	-0.0	9.0
SPAC9E9.12c	abc1	viable	V	V	-0.013	0.0	9.0
SPAC9E9.13	wos2	viable	V	V	0.001	0.0	9.0
SPAC9E9.14	vps24	viable	V	V	0.11	1.656	9.0
SPAC9E9.15	SPAC9E9.15	viable	V	V	0.011	-0.0	9.0
SPAC9E9.17c	SPAC9E9.17c	unknown	Not_determined	Not_determined	-0.025	-0.0	9.0
SPAC9G1.02	wis4	viable	V	V	0.093	2.789	9.0
SPAC9G1.03c	rpl3001	viable	V	V			
SPAC9G1.04	oxa101	viable	V	V	-0.001	0.0	9.0
SPAC9G1.05	aip1	viable	V	V	0.005	0.0	9.0
SPAC9G1.06c	cyk3	viable	V	V	-0.008	0.0	9.0
SPAC9G1.07	SPAC9G1.07	viable	V	V/E	0.392	8.24	9.0
SPAC9G1.08c	phi1	viable	V	V	0.68	2.949	6.0
SPAC9G1.09	sid1	inviable	E	E	0.756	1.735	5.0
SPAC9G1.10c	inp53	viable	V	V	0.021	-0.0	9.0
SPAC9G1.11c	spn4	viable	V	V	0.03	0.0	9.0
SPAC9G1.12	trm61	viable	V	V	0.166	0.683	9.0
SPAC9G1.13c	swc4	inviable	E	E	0.72	3.485	6.0
SPAC9G1.14	SPAC9G1.14	unknown	Not_determined	Not_determined	0.041	-0.0	9.0
SPAC9G1.15c	mzt1	inviable	Not_determined	Not_determined			
SPACUNK12.02c	cmk1	viable	V	V	0.063	-0.0	9.0
SPACUNK4.06c	rpb7	inviable	E	E	0.947	0.763	2.0
SPACUNK4.07c	cta4	viable	Not_determined	Not_determined	0.387	2.409	8.0
SPACUNK4.08	dpp2	viable	V	V	0.039	0.0	9.0
SPACUNK4.09	SPACUNK4.09	viable	V	V	0.001	0.0	9.0
SPACUNK4.10	gor1	viable	V	V	-0.027	1.82	9.0
SPACUNK4.11c	mpp6	viable	V	V	-0.009	0.0	9.0
SPACUNK4.12c	iph1	viable	V	V	-0.012	0.0	9.0
SPACUNK4.13c	ola2	viable	V	V	-0.041	0.0	9.0
SPACUNK4.14	mdb1	viable	V	V	0.003	0.0	9.0
SPACUNK4.15	SPACUNK4.15	viable	V	V			
SPACUNK4.16c	tps3	viable	V	V	-0.009	-0.0	9.0
SPACUNK4.17	SPACUNK4.17	viable	V	V	-0.005	0.0	9.0
SPACUNK4.19	mug153	viable	V	V	-0.002	0.0	9.0
SPACUNK4.20	SPACUNK4.20	unknown	Not_determined	Not_determined			
SPAP11E10.01	SPAP11E10.01	viable	V	V	-0.039	-0.0	9.0
SPAP11E10.02c	mam3	viable	V	V	-0.016	0.0	9.0
SPAP14E8.02	tos4	viable	V	V	0.038	0.0	9.0
SPAP14E8.03	bos1	inviable	E	E	0.929	0.39	2.0
SPAP14E8.04	oma1	viable	V	V	-0.008	0.0	9.0
SPAP14E8.05c	SPAP14E8.05c	viable	V	V	0.008	0.0	9.0
SPAP19A11.05c	mrp7	inviable	E	E			
SPAP27G11.02	mgr3	viable	V	V	0.013	0.0	9.0
SPAP27G11.03	cdc123	inviable	E	E	0.897	0.143	2.0
SPAP27G11.04c	tad3	inviable	E	E			
SPAP27G11.05c	vps41	viable	V	V	0.305	3.509	8.0
SPAP27G11.06c	vas2	viable	V	V	0.263	2.604	8.0
SPAP27G11.07c	bud32	condition-dependent	E	E	0.649	0.376	3.0
SPAP27G11.08c	meu32	viable	V	V	0.06	0.0	9.0
SPAP27G11.09c	rib1	inviable	E	E	0.655	0.13	3.0
SPAP27G11.10c	nup184	viable	V	V	0.718	-0.0	3.0
SPAP27G11.11c	SPAP27G11.11c	unknown	Not_determined	Not_determined	-0.003	0.0	9.0
SPAP27G11.12	hid3	viable	V	V	0.131	7.713	9.0
SPAP27G11.13c	nop10	inviable	E	E			
SPAP27G11.14c	SPAP27G11.14c	viable	V	V	0.176	0.604	9.0
SPAP27G11.15	slx1	viable	V	V	0.025	0.0	9.0
SPAP27G11.16	SPAP27G11.16	viable	V	V	0.432	9.443	9.0
SPAP32A8.02	SPAP32A8.02	viable	V	V	0.027	0.0	9.0
SPAP32A8.03c	bop1	viable	V	V	0.065	0.0	9.0
SPAP4C9.02	emc5	viable	Not_determined	Not_determined	0.056	0.0	9.0
SPAP7G5.02c	gua2	inviable	E	E	1.161	-0.0	1.0
SPAP7G5.03	prm1	viable	V	V	-0.027	-0.0	9.0
SPAP7G5.04c	lys1	viable	V	V	-0.02	-0.0	9.0
SPAP7G5.05	rpl1002	viable	V	V			
SPAP7G5.06	per1	viable	V	V	0.004	0.598	9.0
SPAP8A3.02c	ofd2	viable	V	V	0.029	0.0	9.0
SPAP8A3.03	zip3	viable	V	V	-0.016	0.0	9.0
SPAP8A3.04c	hsp9	viable	V	V			
SPAP8A3.05	ski7	viable	V	V	0.028	-0.0	9.0
SPAP8A3.06	uaf2	inviable	E	E			
SPAP8A3.07c	aro3	viable	V	V/E	0.66	0.24	3.0
SPAP8A3.08	cdc4	inviable	E	E	0.786	1.862	5.0
SPAP8A3.09c	paa1	inviable	E	E	0.925	0.826	2.0
SPAP8A3.10	ups1	inviable	E	E	0.897	1.931	4.0
SPAP8A3.11c	mtg2	inviable	E	E	0.57	6.318	6.0
SPAP8A3.12c	tpp2	viable	V	V	-0.0	0.0	9.0
SPAP8A3.13c	gid10	viable	V	V	0.062	0.0	9.0
SPAP8A3.14c	sls1	viable	V	V	0.114	2.18	9.0
SPAPB15E9.01c	pfl2	viable	Not_determined	Not_determined	-0.045	-0.0	9.0
SPAPB15E9.02c	SPAPB15E9.02c	unknown	Not_determined	Not_determined	-0.062	-0.0	9.0
SPAPB15E9.03c	Tf2-5	unknown	Not_determined	Not_determined	0.252	-0.0	9.0
SPAPB15E9.06	SPAPB15E9.06	unknown	Not_determined	Not_determined			
SPAPB17E12.02	yip12	viable	V	V			
SPAPB17E12.03	pex12	viable	V	V	0.028	-0.0	9.0
SPAPB17E12.04c	csn2	viable	V	V	0.199	1.349	9.0
SPAPB17E12.05	rpl3703	viable	V	V	0.224	-0.0	9.0
SPAPB17E12.06	sos7	unknown	Not_determined	Not_determined	0.881	1.6	4.0
SPAPB17E12.07c	sen2	inviable	E	E	1.105	0.702	1.0
SPAPB17E12.08	eos1	viable	V	V	0.055	3.513	9.0
SPAPB17E12.09	SPAPB17E12.09	inviable	E	E	-0.008	0.0	9.0
SPAPB17E12.10c	mrm202	inviable	E	E	0.554	7.546	6.0
SPAPB17E12.11	ost3	inviable	E	E	0.814	1.25	4.0
SPAPB17E12.12c	mrx21	viable	V	V			
SPAPB17E12.13	rpl1802	viable	V	V			
SPAPB17E12.14c	SPAPB17E12.14c	viable	V	V	0.089	0.0	9.0
SPAPB18E9.01	trm5	viable	V	V	0.597	1.058	5.0
SPAPB18E9.02c	ppk18	viable	Not_determined	Not_determined	-0.036	-0.0	9.0
SPAPB18E9.04c	SPAPB18E9.04c	viable	V	V	0.033	0.0	9.0
SPAPB18E9.05c	SPAPB18E9.05c	unknown	Not_determined	Not_determined			
SPAPB1A10.02	scm3	inviable	E	E	0.801	4.577	6.0
SPAPB1A10.03	nxt1	viable	V	V	0.077	5.053	9.0
SPAPB1A10.04c	cwp1	inviable	E	E	1.037	1.484	1.0
SPAPB1A10.05	SPAPB1A10.05	viable	V	V	-0.028	-0.0	9.0
SPAPB1A10.06c	dhx37	inviable	E	E	1.127	0.083	1.0
SPAPB1A10.07c	SPAPB1A10.07c	viable	V	V	0.035	0.0	9.0
SPAPB1A10.08	SPAPB1A10.08	viable	V	V	0.001	-0.0	9.0
SPAPB1A10.09	ase1	viable	V	V	0.118	0.541	9.0
SPAPB1A10.10c	ypt71	viable	V	V	-0.002	0.0	9.0
SPAPB1A10.11c	mse1	inviable	E	E	0.773	5.33	6.0
SPAPB1A10.12c	alo1	viable	V	V	0.029	-0.0	9.0
SPAPB1A10.13	SPAPB1A10.13	viable	V	V	0.009	-0.0	9.0
SPAPB1A10.14	pof15	viable	V	V			
SPAPB1A10.15	arv1	viable	V	V	0.053	0.0	9.0
SPAPB1A10.16	dpc13	viable	Not_determined	Not_determined	-0.01	0.001	9.0
SPAPB1A11.01	mfc1	viable	V	V			
SPAPB1A11.02	SPAPB1A11.02	viable	V	V	-0.015	-0.0	9.0
SPAPB1A11.03	SPAPB1A11.03	viable	V	V	0.048	1.823	9.0
SPAPB1A11.04c	mca1	viable	V	V	0.638	1.06	5.0
SPAPB1A11.06	SPAPB1A11.06	unknown	Not_determined	Not_determined			
SPAPB1E7.01c	SPAPB1E7.01c	inviable	E	E	0.364	1.836	7.0
SPAPB1E7.02c	mcl1	condition-dependent	V	V	0.58	3.214	6.0
SPAPB1E7.03	rpc82	inviable	E	E	0.974	0.354	2.0
SPAPB1E7.04c	cts2	viable	V	V	0.006	0.0	9.0
SPAPB1E7.05	gde1	viable	V	V	0.065	-0.0	9.0
SPAPB1E7.06c	eme1	viable	V	V	0.553	1.738	5.0
SPAPB1E7.07	glt1	viable	V	V	0.002	0.0	9.0
SPAPB1E7.08c	SPAPB1E7.08c	viable	V	V	0.003	0.0	9.0
SPAPB1E7.09	ogm2	condition-dependent	V	E	0.987	0.379	1.0
SPAPB1E7.10	rpc17	inviable	E	E	1.038	1.107	1.0
SPAPB1E7.11c	mpa1	viable	V	V	0.088	3.803	9.0
SPAPB1E7.12	rps602	viable	V	V	0.613	0.206	3.0
SPAPB1E7.14	iec5	unknown	Not_determined	Not_determined	0.032	0.0	9.0
SPAPB21F2.02	dop1	viable	V	V	0.004	0.0	9.0
SPAPB21F2.03	slx9	viable	V	V			
SPAPB24D3.01	toe3	viable	V	V	-0.005	0.0	9.0
SPAPB24D3.02c	SPAPB24D3.02c	viable	V	V	0.089	0.0	9.0
SPAPB24D3.03	agm2	viable	V	V	0.015	0.235	9.0
SPAPB24D3.04c	mag1	viable	V	V	0.071	0.0	9.0
SPAPB24D3.06c	SPAPB24D3.06c	inviable	E	V	0.001	0.0	9.0
SPAPB24D3.07c	SPAPB24D3.07c	viable	V	V	0.004	0.0	9.0
SPAPB24D3.08c	SPAPB24D3.08c	viable	V	V	0.05	0.0	9.0
SPAPB24D3.09c	pdr1	viable	V	V	-0.014	0.0	9.0
SPAPB24D3.10c	agl1	viable	V	V	0.03	-0.0	9.0
SPAPB2B4.01c	gpi12	inviable	E	E	0.956	2.836	4.0
SPAPB2B4.02	grx5	condition-dependent	V	V	0.479	8.198	6.0
SPAPB2B4.03	cig2	viable	V	V	0.029	0.0	9.0
SPAPB2B4.04c	pmc1	viable	V	V	0.132	2.944	9.0
SPAPB2B4.05	vma5	inviable	E	E	0.39	1.462	7.0
SPAPB2B4.06	SPAPB2B4.06	viable	V	V	0.005	0.0	9.0
SPAPB2B4.07	SPAPB2B4.07	viable	V	V	0.008	-0.0	9.0
SPAPB2C8.01	pfl10	viable	V	V	-0.103	0.0	9.0
SPAPB8E5.02c	rpn502	viable	V	V			
SPAPB8E5.03	mae1	viable	V	V	-0.002	0.0	9.0
SPAPB8E5.04c	npc2	viable	V	V	-0.082	0.0	9.0
SPAPB8E5.05	mfm1	viable	V	V	-0.016	0.0	9.0
SPAPB8E5.06c	rpl302	viable	V	V			
SPAPB8E5.07c	rrp12	inviable	E	E	1.12	0.077	1.0
SPAPB8E5.08	SPAPB8E5.08	viable	V	V	0.004	-0.0	9.0
SPAPB8E5.09	rvb1	inviable	E	E	1.176	-0.0	1.0
SPAPB8E5.10	min8	viable	V	V	-0.0	0.0	9.0
SPAPJ691.02	moh1	viable	V	V	0.039	-0.0	9.0
SPAPJ691.03	mic10	viable	V	V	0.0	0.0	9.0
SPAPJ695.01c	SPAPJ695.01c	viable	V	V	0.04	0.0	9.0
SPAPJ695.02	SPAPJ695.02	viable	Not_determined	Not_determined	0.156	-0.0	9.0
SPAPJ696.01c	vps17	viable	V	V	-0.004	0.0	9.0
SPAPJ696.02	lsb4	viable	V	V	0.025	0.0	9.0
SPAPJ698.02c	rps002	viable	V	V			
SPAPJ698.03c	prp12	inviable	E	E	1.01	0.227	1.0
SPAPJ760.02c	abp1	viable	V	V	0.031	0.0	9.0
SPAPJ760.03c	adg1	viable	V	V			
SPAPYUG7.02c	sin1	viable	V	V	0.402	0.64	7.0
SPAPYUG7.03c	mid2	viable	V	V	0.001	-0.0	9.0
SPAPYUG7.04c	rpb9	viable	V	V	0.052	0.0	9.0
SPAPYUG7.05	pro3	inviable	E	E	1.151	0.632	1.0
SPAPYUG7.06	sdu1	viable	V	V	-0.021	-0.0	9.0
SPAPYUK71.03c	tcb3	viable	V	V	0.01	0.0	9.0
SPBC106.01	mph1	viable	V	V	0.092	1.356	9.0
SPBC106.02c	srx1	viable	V	V	0.02	-0.0	9.0
SPBC106.03	SPBC106.03	viable	V	V	-0.014	0.0	9.0
SPBC106.04	ada1	viable	V	V	0.14	0.812	9.0
SPBC106.05c	tim11	viable	V	V	0.001	0.0	9.0
SPBC106.06	cct4	inviable	E	E	1.009	-0.0	1.0
SPBC106.07c	nat2	viable	V	V	0.392	0.694	7.0
SPBC106.08c	mug2	viable	V	V	-0.012	0.001	9.0
SPBC106.09	cut4	inviable	E	E	1.066	1.316	1.0
SPBC106.10	pka1	viable	V	E	0.478	0.651	7.0
SPBC106.11c	plg7	viable	V	V	-0.002	0.0	9.0
SPBC106.12c	tho4	viable	V	V	-0.138	-0.0	9.0
SPBC106.13	gid9	viable	V	V	-0.014	0.0	9.0
SPBC106.14c	sda1	inviable	E	E	1.064	0.025	1.0
SPBC106.15	idi1	inviable	E	E	1.126	1.106	1.0
SPBC106.16	pre6	viable	V	E	0.972	0.032	2.0
SPBC106.17c	cys2	viable	V	V	0.273	-0.0	7.0
SPBC106.18	rpl2501	inviable	E	E	1.037	-0.0	1.0
SPBC106.19	ppr10	viable	V	V	0.401	8.486	9.0
SPBC106.20	exo70	condition-dependent	V	V	0.142	3.145	9.0
SPBC1105.01	SPBC1105.01	viable	V	V	0.042	-0.0	9.0
SPBC1105.02c	lys4	viable	V	V	0.007	0.0	9.0
SPBC1105.03c	mrpl16	inviable	E	E	0.64	3.406	6.0
SPBC1105.04c	cbp1	viable	V	V	0.664	5.871	6.0
SPBC1105.05	exg1	viable	V	V	-0.025	-0.0	9.0
SPBC1105.06	pmc4	inviable	E	E	0.4	3.558	8.0
SPBC1105.07c	pci2	inviable	E	E	0.598	1.974	5.0
SPBC1105.08	emp70	viable	V	V	-0.027	0.0	9.0
SPBC1105.09	ubc15	viable	V	V	0.058	0.665	9.0
SPBC1105.10	rav1	viable	V	V	0.002	0.0	9.0
SPBC1105.11c	hht3	viable	V	V	0.028	0.0	9.0
SPBC1105.12	hhf3	viable	V	V	0.02	0.0	9.0
SPBC1105.13c	SPBC1105.13c	viable	V	V	0.058	0.0	9.0
SPBC1105.14	rsv2	viable	V	V	-0.004	0.0	9.0
SPBC1105.15c	htd2	viable	V	V	0.377	5.268	8.0
SPBC1105.16c	rpr2	inviable	E	E	0.863	0.377	2.0
SPBC1105.17	cnp1	inviable	E	E	0.759	3.611	6.0
SPBC1105.18c	pth3	viable	V	V			
SPBC1105.19	tam12	unknown	Not_determined	Not_determined	0.009	0.0	9.0
SPBC115.01c	rrp46	inviable	E	E	0.925	0.425	2.0
SPBC115.02c	afg1	viable	V	V	0.077	4.437	9.0
SPBC115.03	SPBC115.03	viable	V	V	0.001	0.0	9.0
SPBC119.01	rpn3	inviable	E	E	1.06	-0.0	1.0
SPBC119.02	ubc4	inviable	E	E	0.642	-0.0	3.0
SPBC119.03	cmt1	viable	V	V	-0.016	0.0	9.0
SPBC119.04	mei3	viable	V	V			
SPBC119.05c	lsb1	viable	V	V			
SPBC119.06	sco1	viable	V	V	0.06	0.0	9.0
SPBC119.07	vps15	viable	V	V	0.12	5.261	9.0
SPBC119.08	pmk1	viable	V	V	0.052	1.397	9.0
SPBC119.09c	orm1	inviable	E	E			
SPBC119.10	asn1	viable	Not_determined	Not_determined	1.065	0.451	1.0
SPBC119.11c	pac1	inviable	E	E	0.842	1.505	4.0
SPBC119.12	rud3	viable	V	V	0.118	5.809	9.0
SPBC119.13c	prp31	inviable	E	E	1.108	-0.0	1.0
SPBC119.14	rti1	viable	V	V	-0.001	0.0	9.0
SPBC119.15	npa3	inviable	E	E	0.987	0.871	1.0
SPBC119.16c	den11	viable	V	V	0.025	0.0	9.0
SPBC119.17	cym1	condition-dependent	E	E	0.91	1.732	4.0
SPBC119.18	mdm35	inviable	E	E	0.694	3.999	6.0
SPBC1198.01	fmd2	viable	V	V	-0.039	0.0	9.0
SPBC1198.02	dea2	inviable	E	V	0.046	-0.0	9.0
SPBC1198.03c	SPBC1198.03c	viable	V	V	-0.002	0.0	9.0
SPBC1198.04c	zas1	inviable	E	E	0.598	3.174	6.0
SPBC1198.05	guk1	inviable	E	E	0.992	-0.0	1.0
SPBC1198.06c	dfg501	viable	V	V	0.022	-0.0	9.0
SPBC1198.07c	dfg502	viable	V	V	0.028	0.0	9.0
SPBC1198.08	dug1	viable	V	V	0.043	0.0	9.0
SPBC1198.09	pex4	viable	V	V	0.061	-0.0	9.0
SPBC1198.10c	slm5	inviable	E	E	0.748	4.575	6.0
SPBC1198.11c	reb1	viable	V	V	0.0	0.0	9.0
SPBC1198.12	mfr1	viable	V	V	-0.032	-0.0	9.0
SPBC1198.13c	tfg2	inviable	E	E	0.652	0.769	3.0
SPBC1198.14c	fbp1	viable	V	V	0.108	0.0	9.0
SPBC11B10.01	alg2	inviable	E	E	1.035	0.068	1.0
SPBC11B10.02c	his3	viable	V	V			
SPBC11B10.03	cog8	inviable	E	E	0.951	1.286	2.0
SPBC11B10.04c	mrps28	inviable	E	E	0.817	4.366	6.0
SPBC11B10.05c	rsp1	viable	V	V	-0.001	0.0	9.0
SPBC11B10.06	sws1	viable	V	V	0.171	-0.0	9.0
SPBC11B10.07c	ivn1	viable	V	V	0.181	-0.0	9.0
SPBC11B10.08	wwm1	viable	V	V	-0.016	0.0	9.0
SPBC11B10.09	cdc2	inviable	E	E	0.569	-0.0	3.0
SPBC11B10.10c	pht1	viable	V	V			
SPBC11C11.01	SPBC11C11.01	viable	V	V	0.084	0.0	9.0
SPBC11C11.02	imp2	viable	V	V/E	0.462	4.092	8.0
SPBC11C11.03	ndc80	inviable	E	E	0.735	1.023	3.0
SPBC11C11.04c	alp1	inviable	E	E	0.912	0.569	2.0
SPBC11C11.05	knh1	inviable	E	E	0.571	0.102	3.0
SPBC11C11.06c	SPBC11C11.06c	viable	V	V			
SPBC11C11.07	rpl1801	viable	V	V	0.655	0.686	3.0
SPBC11C11.08	srp1	viable	V	V	0.051	0.0	9.0
SPBC11C11.09c	rpl502	viable	V	V	0.249	-0.0	9.0
SPBC11C11.10	pus4	viable	V	V	0.033	0.003	9.0
SPBC11C11.11c	irc3	viable	V	V	0.017	-0.0	9.0
SPBC11G11.01	fis1	viable	V	V	-0.016	-0.0	9.0
SPBC11G11.02c	end3	viable	V	V	-0.016	0.0	9.0
SPBC11G11.03	mrt4	viable	V	V			
SPBC11G11.04	trs20	inviable	E	E	0.762	1.45	5.0
SPBC11G11.05	rpa34	viable	V	E			
SPBC11G11.06c	sme1	inviable	E	E	0.858	0.38	2.0
SPBC11G11.07	mtr10	inviable	E	E	0.422	-0.0	7.0
SPBC1215.01	shy1	viable	V	V	0.072	0.0	9.0
SPBC1215.02c	naa25	condition-dependent	E	E	0.4	3.811	8.0
SPBC1271.01c	pof13	viable	V	V	-0.024	0.0	9.0
SPBC1271.02	stt3	inviable	E	E	0.95	0.694	2.0
SPBC1271.03c	SPBC1271.03c	viable	V	V	0.075	-0.0	9.0
SPBC1271.04c	dys1	inviable	E	E	0.668	1.821	5.0
SPBC1271.05c	SPBC1271.05c	viable	V	V	-0.007	0.0	9.0
SPBC1271.06c	mug96	viable	V	V	0.001	0.0	9.0
SPBC1271.07c	SPBC1271.07c	viable	V	V			
SPBC1271.08c	SPBC1271.08c	viable	V	V	-0.025	0.0	9.0
SPBC1271.09	tgp1	viable	V	V	-0.012	0.0	9.0
SPBC1271.10c	SPBC1271.10c	viable	V	V	0.022	0.0	9.0
SPBC1271.11	pet802	viable	V	V	-0.009	-0.0	9.0
SPBC1271.12	osh41	viable	V	V	0.027	0.0	9.0
SPBC1271.13	mrpl8	inviable	E	E	0.739	4.067	6.0
SPBC1271.14	aga1	viable	V	V	0.06	4.815	9.0
SPBC1271.15c	mti2	viable	V	V	0.381	6.982	9.0
SPBC1289.01c	chr4	viable	V	V	0.019	0.0	9.0
SPBC1289.02c	uap2	inviable	E	E	0.647	2.127	5.0
SPBC1289.03c	spi1	inviable	E	E	1.159	0.084	1.0
SPBC1289.04c	pob1	inviable	E	E	0.961	1.608	2.0
SPBC1289.05c	vma10	inviable	E	E			
SPBC1289.06c	ppr8	viable	V	V	0.137	0.0	9.0
SPBC1289.07c	rpc40	inviable	E	E	0.94	0.506	2.0
SPBC1289.08	uap1	viable	V	E	0.878	1.074	2.0
SPBC1289.09	tim21	viable	V	V	0.003	-0.0	9.0
SPBC1289.10c	adn2	viable	V	V	0.076	0.642	9.0
SPBC1289.11	spf38	viable	V	V	-0.024	0.0	9.0
SPBC1289.12	usp109	inviable	E	E	0.587	0.905	5.0
SPBC1289.13c	gmh6	viable	V	V	0.009	0.0	9.0
SPBC1289.14	SPBC1289.14	viable	V	V	0.035	-0.0	9.0
SPBC1289.15	pfl5	viable	V	V	0.002	-0.0	9.0
SPBC1289.16c	cao2	viable	V	V	0.026	0.0	9.0
SPBC1289.17	Tf2-11	unknown	Not_determined	Not_determined	0.001	0.0	9.0
SPBC12C2.01c	SPBC12C2.01c	viable	V	V	0.06	0.007	9.0
SPBC12C2.02c	ste20	viable	V	V	0.301	1.707	7.0
SPBC12C2.03c	SPBC12C2.03c	viable	V	V	0.05	-0.0	9.0
SPBC12C2.04	SPBC12C2.04	viable	V	V	-0.01	0.0	9.0
SPBC12C2.05c	bzz1	condition-dependent	V	V	0.038	-0.0	9.0
SPBC12C2.06	dbp5	inviable	E	E	1.144	0.387	1.0
SPBC12C2.07c	srm1	viable	V	V	0.111	0.026	9.0
SPBC12C2.08	dnm1	viable	V	V	0.029	0.0	9.0
SPBC12C2.09c	izh2	viable	V	V	-0.004	0.0	9.0
SPBC12C2.10c	pst1	inviable	E	E	0.638	1.179	5.0
SPBC12C2.11	gfa1	inviable	E	E	1.054	0.252	1.0
SPBC12C2.12c	glo1	viable	V	V	0.053	-0.0	9.0
SPBC12C2.13c	fnx1	viable	V	V	0.004	0.0	9.0
SPBC12C2.14c	SPBC12C2.14c	unknown	Not_determined	Not_determined			
SPBC12D12.01	sad1	inviable	E	E	0.848	1.649	4.0
SPBC12D12.02c	cdm1	viable	V	V	0.053	0.0	9.0
SPBC12D12.03	cct1	inviable	E	E	1.032	-0.0	1.0
SPBC12D12.04c	pck2	viable	V	V	0.035	0.0	9.0
SPBC12D12.05c	SPBC12D12.05c	viable	V	V	0.056	-0.0	9.0
SPBC12D12.06	srb11	viable	V	V	0.074	-0.0	9.0
SPBC12D12.07c	trx2	viable	V	V	0.08	0.0	9.0
SPBC12D12.08c	ned8	inviable	E	E	0.786	0.699	3.0
SPBC12D12.09	rev7	viable	V	V	-0.022	-0.0	9.0
SPBC1306.01c	gfm1	inviable	E	E	0.599	3.564	6.0
SPBC1306.02	trm734	viable	V	V	0.463	1.508	7.0
SPBC1347.01c	rev1	viable	V	V	-0.0	0.0	9.0
SPBC1347.02	ani1	viable	V	V	0.335	4.996	8.0
SPBC1347.03	meu14	viable	V	V	0.015	0.0	9.0
SPBC1347.04	tim54	inviable	E	E	0.737	2.27	5.0
SPBC1347.05c	scj1	inviable	E	E	0.861	2.184	4.0
SPBC1347.06c	cki1	viable	V	V	0.09	4.23	9.0
SPBC1347.07	rex2	viable	V	V	-0.008	0.0	9.0
SPBC1347.08c	rnh202	viable	V	V	-0.0	0.0	9.0
SPBC1347.09	SPBC1347.09	viable	V	V	0.011	0.0	9.0
SPBC1347.10	cdc23	inviable	E	E	0.923	-0.0	2.0
SPBC1347.11	sro1	viable	V	V	0.001	0.0	9.0
SPBC1347.12	arp1	viable	V	V	0.007	0.0	9.0
SPBC1347.13c	mrm1	viable	V	V	0.006	0.0	9.0
SPBC1347.14c	SPBC1347.14c	unknown	Not_determined	Not_determined	-0.026	0.0	9.0
SPBC1348.01	SPBC1348.01	viable	V	V			
SPBC1348.02	ftm5	viable	V	V			
SPBC1348.03	ftm6	unknown	Not_determined	Not_determined			
SPBC1348.04	SPBC1348.04	viable	V	V			
SPBC1348.05	SPBC1348.05	viable	V	V			
SPBC1348.06c	SPBC1348.06c	inviable	E	E			
SPBC1348.07	SPBC1348.07	viable	V	V			
SPBC1348.08c	SPBC1348.08c	viable	V	V			
SPBC1348.09	SPBC1348.09	viable	V	V			
SPBC1348.10c	SPBC1348.10c	viable	V	V			
SPBC1348.12	SPBC1348.12	unknown	Not_determined	Not_determined			
SPBC1348.14c	ght7	viable	V	V			
SPBC1348.15	SPBC1348.15	unknown	Not_determined	Not_determined			
SPBC13A2.01c	cbc2	inviable	E	E	0.393	3.355	8.0
SPBC13A2.02	nup82	condition-dependent	V	E	1.017	-0.0	1.0
SPBC13A2.03	bbl1	inviable	E	E	1.007	0.516	1.0
SPBC13A2.04c	ptr2	viable	V	V	0.059	2.405	9.0
SPBC13E7.01	cwf22	inviable	E	E	1.093	0.606	1.0
SPBC13E7.02	cwf24	inviable	E	E	0.891	1.506	4.0
SPBC13E7.03c	vts1	viable	V	V	-0.011	0.0	9.0
SPBC13E7.04	atp16	viable	V	V			
SPBC13E7.05	gpi14	inviable	E	E	0.759	0.541	3.0
SPBC13E7.06	msd1	viable	V	V	0.039	3.829	9.0
SPBC13E7.07	SPBC13E7.07	viable	V	V	-0.009	0.0	9.0
SPBC13E7.08c	leo1	viable	V	V	0.029	-0.0	9.0
SPBC13E7.09	vrp1	viable	V	V	0.005	0.0	9.0
SPBC13E7.10c	brf1	inviable	E	E	1.083	0.25	1.0
SPBC13E7.11	rbd1	viable	V	V	-0.022	0.0	9.0
SPBC13G1.01c	nam9	inviable	E	E	1.066	4.709	6.0
SPBC13G1.02	mpg2	viable	V	V	0.014	0.0	9.0
SPBC13G1.03c	pex14	viable	V	V			
SPBC13G1.04c	abh1	viable	V	V	-0.024	-0.0	9.0
SPBC13G1.05	emp65	inviable	E	E	0.363	2.156	7.0
SPBC13G1.06c	isd11	inviable	E	E	0.954	1.981	4.0
SPBC13G1.07	swf1	inviable	E	E	0.534	2.541	5.0
SPBC13G1.08c	ash2	viable	V	V	0.127	6.482	9.0
SPBC13G1.09	enp1	inviable	E	E	1.111	0.709	1.0
SPBC13G1.10c	rqt2	viable	V	V	0.141	1.954	9.0
SPBC13G1.11	ykt6	inviable	E	E	1.156	-0.0	1.0
SPBC13G1.12	did2	viable	V	V	0.039	0.0	9.0
SPBC13G1.13	tfb2	viable	V	E	0.85	1.442	4.0
SPBC13G1.14c	rns1	viable	V	V			
SPBC13G1.15c	SPBC13G1.15c	unknown	Not_determined	Not_determined	-0.023	-0.0	9.0
SPBC13G1.16	smp2	viable	Not_determined	Not_determined			
SPBC146.01	med15	inviable	E	E	0.42	-0.0	7.0
SPBC146.02	SPBC146.02	viable	V	V	0.003	0.0	9.0
SPBC146.03c	cut3	inviable	E	E	1.005	0.855	1.0
SPBC146.04	erv2	viable	V	V			
SPBC146.05c	cwf25	inviable	E	E	1.221	-0.0	1.0
SPBC146.06c	fan1	viable	V	V	0.012	0.0	9.0
SPBC146.07	prp2	inviable	E	E			
SPBC146.08c	tif1102	viable	V	V	0.753	0.273	3.0
SPBC146.09c	lsd1	viable	V	V	0.457	4.54	8.0
SPBC146.10	mug57	viable	V	V	-0.029	0.0	9.0
SPBC146.11c	mug97	viable	V	V	-0.017	-0.0	9.0
SPBC146.12	coq6	condition-dependent	V	V	0.209	3.936	8.0
SPBC146.13c	myo1	condition-dependent	V	E	0.625	2.32	5.0
SPBC146.14c	sec26	inviable	E	E	1.17	-0.0	1.0
SPBC14C8.01c	cut2	inviable	E	E	0.538	1.861	5.0
SPBC14C8.02	tim44	inviable	E	E	1.008	0.558	1.0
SPBC14C8.03	fma2	viable	V	V	0.056	1.984	9.0
SPBC14C8.04	ilv6	viable	V	V	-0.067	0.0	9.0
SPBC14C8.05c	meu17	viable	V	V	-0.057	-0.0	9.0
SPBC14C8.06	arc1	inviable	E	E	0.862	0.205	2.0
SPBC14C8.07c	cdc18	inviable	E	E	1.067	-0.0	1.0
SPBC14C8.09c	dbl3	viable	V	V	0.034	0.0	9.0
SPBC14C8.10	mrpl24	inviable	E	E	0.636	3.846	6.0
SPBC14C8.11c	SPBC14C8.11c	viable	V	V	-0.005	0.0	9.0
SPBC14C8.12	rpb8	inviable	E	E	0.911	0.019	2.0
SPBC14C8.13	srr1	viable	V	V	0.137	0.339	9.0
SPBC14C8.14c	pol5	inviable	E	E	0.744	1.045	3.0
SPBC14C8.15	SPBC14C8.15	viable	V	V			
SPBC14C8.16c	bot1	condition-dependent	V	E	0.413	1.978	7.0
SPBC14C8.17c	spt8	viable	V	V	0.335	5.577	8.0
SPBC14C8.19	tam10	viable	Not_determined	Not_determined	0.058	-0.0	9.0
SPBC14F5.01	SPBC14F5.01	unknown	Not_determined	Not_determined	0.02	-0.0	9.0
SPBC14F5.02	trs65	inviable	E	E	1.063	3.159	4.0
SPBC14F5.03c	kap123	viable	V	V	0.297	-0.0	7.0
SPBC14F5.04c	pgk1	inviable	E	E	0.863	0.416	2.0
SPBC14F5.05c	sam1	inviable	E	E	1.002	0.22	1.0
SPBC14F5.06	rli1	inviable	E	E	1.099	-0.0	1.0
SPBC14F5.07	doa10	viable	V	V	0.006	0.0	9.0
SPBC14F5.08	med7	inviable	E	E	0.44	4.059	8.0
SPBC14F5.09c	ade8	viable	V	V	0.24	0.623	7.0
SPBC14F5.10c	SPBC14F5.10c	viable	V	V	0.027	-0.0	9.0
SPBC14F5.11c	snx41	viable	V	V	0.001	-0.0	9.0
SPBC14F5.12c	cbh2	viable	V	V	0.001	0.0	9.0
SPBC14F5.13c	pho8	viable	V	V	0.083	0.0	9.0
SPBC1539.01c	mrpl15	inviable	E	E			
SPBC1539.02	SPBC1539.02	viable	V	V	0.04	0.0	9.0
SPBC1539.03c	arg41	viable	V	V	-0.025	-0.0	9.0
SPBC1539.04	tts1	viable	V	V	0.003	-0.0	9.0
SPBC1539.05	cog3	inviable	E	E	1.064	1.527	1.0
SPBC1539.06	acb1	viable	V	V	0.356	1.77	7.0
SPBC1539.07c	fmd1	viable	V	V			
SPBC1539.08	arf6	viable	V	V	0.051	0.0	9.0
SPBC1539.09c	trp1	inviable	E	E	1.065	-0.0	1.0
SPBC1539.10	nop16	viable	V	V	0.283	4.102	8.0
SPBC15C4.01c	oca3	viable	V	V	0.236	9.405	9.0
SPBC15C4.02	cqd2	viable	V	V	0.0	0.0	9.0
SPBC15C4.03	mrs6	inviable	E	E	1.092	-0.0	1.0
SPBC15C4.04c	SPBC15C4.04c	viable	V	V	0.001	0.0	9.0
SPBC15C4.05	dhx29	viable	V	V	0.109	-0.0	9.0
SPBC15C4.06c	rnf181	viable	V	V	0.083	1.824	9.0
SPBC15D4.01c	klp9	viable	V	V	-0.001	0.0	9.0
SPBC15D4.02	gsf1	viable	V	V	0.04	0.0	9.0
SPBC15D4.03	slm9	condition-dependent	V	V	0.15	2.93	9.0
SPBC15D4.04	alg7	inviable	E	E	1.034	0.536	1.0
SPBC15D4.05	zng1	viable	V	V	0.059	-0.0	9.0
SPBC15D4.06	naa30	viable	V	V	0.025	0.0	9.0
SPBC15D4.07c	atg9	viable	V	V	0.051	-0.0	9.0
SPBC15D4.08c	SPBC15D4.08c	unknown	Not_determined	Not_determined	-0.002	0.0	9.0
SPBC15D4.09c	met3	viable	V	V	0.0	0.0	9.0
SPBC15D4.10c	amo1	viable	V	V	0.538	0.479	3.0
SPBC15D4.11c	mam3302	inviable	E	E	0.942	1.261	2.0
SPBC15D4.12c	mug98	viable	V	V			
SPBC15D4.13c	SPBC15D4.13c	viable	V	V	-0.002	0.0	9.0
SPBC15D4.14	taf51	inviable	E	E	0.87	4.502	6.0
SPBC15D4.15	pho2	viable	V	V			
SPBC1604.01	egt1	viable	V	V	-0.004	0.0	9.0
SPBC1604.02c	ppr1	viable	V	V	0.216	0.077	9.0
SPBC1604.03c	SPBC1604.03c	viable	V	V	0.006	0.0	9.0
SPBC1604.04	SPBC1604.04	viable	V	V	-0.025	-0.0	9.0
SPBC1604.05	pgi1	inviable	E	E	1.137	0.371	1.0
SPBC1604.06c	noc4	inviable	E	E	0.87	-0.0	2.0
SPBC1604.07	atp4	viable	V	V	0.188	1.321	9.0
SPBC1604.08c	imp1	condition-dependent	V	V	0.372	1.569	7.0
SPBC1604.09c	rex4	viable	V	V	0.097	1.794	9.0
SPBC1604.10	srb7	inviable	E	E	0.512	3.597	8.0
SPBC1604.11	atp17	viable	V	V			
SPBC1604.12	SPBC1604.12	viable	V	V	0.034	0.0	9.0
SPBC1604.13c	mrpl32	inviable	E	E	0.291	2.946	8.0
SPBC1604.14c	shk1	inviable	E	E	1.093	1.182	1.0
SPBC1604.15	gpi16	inviable	E	E	1.075	1.146	1.0
SPBC1604.16c	SPBC1604.16c	viable	V	V	-0.01	0.0	9.0
SPBC1604.17c	tti2	inviable	E	E	0.759	2.48	5.0
SPBC1604.18c	cmp7	viable	V	V	0.059	1.155	9.0
SPBC1604.19c	trs8501	viable	V	V	-0.031	0.0	9.0
SPBC1604.20c	tea2	viable	V	V	0.071	0.042	9.0
SPBC1604.21c	uba1	inviable	E	E	1.101	-0.0	1.0
SPBC1604.25	pet117	viable	Not_determined	Not_determined	0.057	1.475	9.0
SPBC1652.01	stb3	viable	V	V	-0.013	0.0	9.0
SPBC1652.02	SPBC1652.02	viable	V	E	1.208	-0.0	1.0
SPBC1677.02	dpm3	inviable	E	E	0.903	0.706	2.0
SPBC1677.03c	tda1	inviable	E	E	0.919	0.861	2.0
SPBC1683.01	pho841	viable	V	V	0.005	0.0	9.0
SPBC1683.02	dea3	viable	V	V	0.037	-0.0	9.0
SPBC1683.03c	amf1	viable	V	V	0.02	0.0	9.0
SPBC1683.04	ghf3	viable	V	V	-0.005	0.0	9.0
SPBC1683.05	thi7	viable	V	V	0.027	-0.0	9.0
SPBC1683.06c	urh1	viable	V	V	-0.0	0.0	9.0
SPBC1683.07	mal1	viable	V	V	0.525	9.511	6.0
SPBC1683.08	ght4	viable	V	V	-0.0	0.0	9.0
SPBC1683.09c	frp1	viable	V	V	0.028	0.0	9.0
SPBC1683.10c	pcl1	viable	V	V	0.065	-0.0	9.0
SPBC1683.11c	icl1	viable	V	V	0.113	0.538	9.0
SPBC1683.12	SPBC1683.12	viable	V	V	0.001	0.0	9.0
SPBC1683.13c	cha4	viable	V	V	0.016	0.0	9.0
SPBC1685.01	pmp1	viable	V	V	0.061	2.084	9.0
SPBC1685.02c	rps1202	viable	V	V	0.171	0.073	9.0
SPBC1685.03	sec11	inviable	E	E	0.976	0.031	2.0
SPBC1685.04	SPBC1685.04	viable	V	V	-0.045	-0.0	9.0
SPBC1685.05	htr11	viable	V	V	0.018	-0.0	9.0
SPBC1685.06	cid11	viable	V	V	-0.007	0.0	9.0
SPBC1685.07c	avt5	viable	V	V	0.001	0.0	9.0
SPBC1685.08	cti6	viable	V	V	0.067	1.477	9.0
SPBC1685.09	rps29	viable	V	V	1.251	-0.0	1.0
SPBC1685.10	rps27	viable	V	V			
SPBC1685.11	rlp1	viable	V	V	-0.023	-0.0	9.0
SPBC1685.13	fhn1	viable	V	V			
SPBC1685.14c	vid27	viable	V	V	-0.002	0.0	9.0
SPBC1685.15c	klp6	viable	V	V	0.043	-0.0	9.0
SPBC1685.16	vma9	inviable	E	E	0.477	0.736	7.0
SPBC1685.17	SPBC1685.17	unknown	Not_determined	Not_determined	-0.017	-0.0	9.0
SPBC16A3.01	spn3	viable	V	V	-0.012	0.0	9.0
SPBC16A3.02c	SPBC16A3.02c	viable	V	V	0.039	0.0	9.0
SPBC16A3.03c	ppr7	viable	V	V	0.118	-0.0	9.0
SPBC16A3.04	rsm25	inviable	E	E			
SPBC16A3.05c	rae1	condition-dependent	E	E	1.084	0.361	1.0
SPBC16A3.06	tad1	viable	V	V	0.033	0.0	9.0
SPBC16A3.07c	nrm1	viable	V	V	0.068	0.0	9.0
SPBC16A3.08c	oga1	viable	V	V	0.075	3.378	9.0
SPBC16A3.09c	ufd1	inviable	E	E	0.892	1.616	4.0
SPBC16A3.10	ale1	viable	V	V	-0.02	0.0	9.0
SPBC16A3.11	eso1	inviable	E	E	0.801	2.027	5.0
SPBC16A3.12c	SPBC16A3.12c	viable	V	V	-0.002	0.0	9.0
SPBC16A3.13	meu7	viable	V	V	0.054	-0.0	9.0
SPBC16A3.14	SPBC16A3.14	viable	V	V			
SPBC16A3.15c	nda2	inviable	E	E	1.006	0.151	1.0
SPBC16A3.16	coa5	viable	V	V	0.035	0.0	9.0
SPBC16A3.17c	SPBC16A3.17c	viable	V	V	0.008	0.0	9.0
SPBC16A3.18	cip1	viable	V	V	0.074	-0.0	9.0
SPBC16A3.19	eaf7	viable	V	V	0.081	-0.0	9.0
SPBC16C6.01c	SPBC16C6.01c	viable	V	V	0.015	-0.0	9.0
SPBC16C6.02c	vps1302	viable	V	V	0.022	0.0	9.0
SPBC16C6.03c	rsa1	viable	V	V	0.429	4.304	8.0
SPBC16C6.04	dbl6	viable	V	V	0.022	0.0	9.0
SPBC16C6.05	tma22	viable	V	V	0.16	1.533	9.0
SPBC16C6.06	vps10	viable	V	V	0.038	0.0	9.0
SPBC16C6.07c	rpt1	inviable	E	E	1.232	-0.0	1.0
SPBC16C6.08c	qcr6	viable	V	V	0.034	-0.0	9.0
SPBC16C6.09	ogm4	viable	V	V	0.65	5.448	6.0
SPBC16C6.10	chp2	viable	V	V	0.027	0.0	9.0
SPBC16C6.11	rpl3201	viable	V	V			
SPBC16C6.12c	las1	inviable	E	E	0.692	0.531	3.0
SPBC16C6.13c	sec27	inviable	E	E	1.182	1.079	1.0
SPBC16C6.14	spo2	viable	Not_determined	Not_determined	0.007	0.0	9.0
SPBC16D10.01c	acl4	viable	V	V	0.283	1.452	7.0
SPBC16D10.02	trm11	viable	V	V	0.136	0.531	9.0
SPBC16D10.03	kae1	viable	V	E	0.641	0.339	3.0
SPBC16D10.04c	dna2	inviable	E	E	0.988	1.552	2.0
SPBC16D10.05	mok13	viable	V	V	0.3	9.511	9.0
SPBC16D10.06	zrt1	viable	V	V	0.552	1.893	5.0
SPBC16D10.07c	sir2	viable	V	V	-0.014	0.0	9.0
SPBC16D10.08c	hsp104	viable	V	V	-0.002	0.0	9.0
SPBC16D10.09	pcn1	inviable	E	E	0.699	0.327	3.0
SPBC16D10.10	tad2	inviable	E	E	0.665	0.745	3.0
SPBC16D10.11c	rps1801	viable	V	V	0.315	0.27	7.0
SPBC16E9.01c	php4	viable	V	V	-0.039	0.0	9.0
SPBC16E9.02c	SPBC16E9.02c	viable	V	V	0.001	0.0	9.0
SPBC16E9.03c	coa1	viable	V	V	0.101	0.937	9.0
SPBC16E9.05	erg6	condition-dependent	E	E			
SPBC16E9.06c	uvi31	viable	V	V	-0.036	-0.0	9.0
SPBC16E9.07	mug100	viable	V	V	0.006	0.0	9.0
SPBC16E9.08	mcp4	viable	V	V	0.04	0.0	9.0
SPBC16E9.09c	erp5	viable	V	V			
SPBC16E9.10c	rix7	inviable	E	E	1.095	0.558	1.0
SPBC16E9.11c	pub3	viable	V	V	-0.01	0.0	9.0
SPBC16E9.12c	pab2	viable	V	V	0.09	6.887	9.0
SPBC16E9.13	ksp1	viable	V	V	0.178	8.727	9.0
SPBC16E9.14c	zrg17	viable	V	V	-0.003	-0.0	9.0
SPBC16E9.15	SPBC16E9.15	viable	V	V	0.002	0.0	9.0
SPBC16E9.16c	lsd90	viable	V	V	0.014	0.0	9.0
SPBC16E9.17c	rem1	viable	V	V	0.095	-0.0	9.0
SPBC16E9.18	psd1	viable	V	V	0.134	1.301	9.0
SPBC16E9.19	pac3	viable	V	V			
SPBC16E9.20	SPBC16E9.20	unknown	Not_determined	Not_determined			
SPBC16G5.01	rpn12	inviable	E	E			
SPBC16G5.02c	rbk1	viable	V	V	0.008	0.0	9.0
SPBC16G5.03	mrz1	viable	V	V	-0.037	0.954	9.0
SPBC16G5.04	mrpl23	inviable	E	E	0.633	3.68	6.0
SPBC16G5.05c	scs2	viable	V	V	0.04	-0.0	9.0
SPBC16G5.06	SPBC16G5.06	viable	V	V			
SPBC16G5.07c	SPBC16G5.07c	viable	V	V	-0.001	0.0	9.0
SPBC16G5.08	trp4	inviable	E	E	1.05	-0.0	1.0
SPBC16G5.09	kex1	viable	V	V	-0.045	0.0	9.0
SPBC16G5.10	rrp42	inviable	E	E	0.914	0.732	2.0
SPBC16G5.11c	bag101	viable	V	V	0.003	-0.0	9.0
SPBC16G5.12c	top3	inviable	E	E	0.68	2.802	6.0
SPBC16G5.13	ptf2	viable	V	V	0.001	0.0	9.0
SPBC16G5.14c	rps3	inviable	E	E	1.213	0.478	1.0
SPBC16G5.15c	fkh2	viable	V	E	0.455	2.001	7.0
SPBC16G5.16	ntu1	viable	V	V	0.054	0.005	9.0
SPBC16G5.17	SPBC16G5.17	viable	V	V	0.056	0.0	9.0
SPBC16G5.18	erg24	inviable	E	E	0.454	1.985	7.0
SPBC16G5.19	SPBC16G5.19	viable	Not_determined	Not_determined	0.042	0.0	9.0
SPBC16H5.02	pfk1	condition-dependent	E	E	1.047	-0.0	1.0
SPBC16H5.03c	uba2	viable	V	E	0.532	4.072	8.0
SPBC16H5.04	snd301	viable	V	V	-0.038	1.28	9.0
SPBC16H5.05c	cyp7	viable	V	V	0.003	-0.0	9.0
SPBC16H5.06	rip1	viable	V	V	0.087	0.235	9.0
SPBC16H5.07c	ppa2	viable	V	V	0.076	0.0	9.0
SPBC16H5.08c	SPBC16H5.08c	viable	V	V	0.295	0.368	7.0
SPBC16H5.09c	omh2	viable	V	V	-0.032	-0.0	9.0
SPBC16H5.10c	prp43	inviable	E	E	1.051	0.899	1.0
SPBC16H5.11c	skb1	viable	V	V	-0.056	0.0	9.0
SPBC16H5.12c	SPBC16H5.12c	viable	V	V	0.021	0.0	9.0
SPBC16H5.13	wdr7	viable	V	V	0.322	1.144	7.0
SPBC16H5.14c	SPBC16H5.14c	unknown	Not_determined	Not_determined	0.464	6.635	6.0
SPBC16H5.15	gem8	inviable	E	E	0.756	3.595	6.0
SPBC1703.01c	pop4	inviable	E	E	0.76	0.388	3.0
SPBC1703.02	rsc9	inviable	E	E	0.508	1.089	5.0
SPBC1703.03c	syo2	viable	V	V	0.201	2.224	8.0
SPBC1703.04	mlh1	viable	V	V	-0.007	0.0	9.0
SPBC1703.05	rio2	inviable	E	E	1.136	0.335	1.0
SPBC1703.06	pof10	viable	V	V	-0.007	-0.0	9.0
SPBC1703.07	acl1	viable	V	V	0.016	0.0	9.0
SPBC1703.08c	fau1	viable	V	V	0.005	0.0	9.0
SPBC1703.09	SPBC1703.09	viable	V	V	0.061	0.0	9.0
SPBC1703.10	ypt1	inviable	E	E	1.059	-0.0	1.0
SPBC1703.11	opa3	viable	V	V	-0.022	0.0	9.0
SPBC1703.12	ubp9	viable	V	V	0.108	-0.0	9.0
SPBC1703.13c	mir1	viable	V	E			
SPBC1703.14c	top1	viable	V	V	0.179	4.295	9.0
SPBC1703.15c	vps33	condition-dependent	V	V	0.449	3.065	8.0
SPBC1706.01	tea4	viable	V	V	0.033	0.0	9.0
SPBC1706.03	fzo1	viable	V	V	0.155	3.605	9.0
SPBC1709.01	chs2	viable	V	V	0.03	0.0	9.0
SPBC1709.02c	vrs1	inviable	E	E	1.127	-0.0	1.0
SPBC1709.03	vps3844	viable	V	V	0.287	2.184	8.0
SPBC1709.04c	cyp3	viable	V	V	0.046	0.0	9.0
SPBC1709.05	sks2	viable	V	V	0.632	1.214	5.0
SPBC1709.06	dus2	viable	V	V	0.0	0.0	9.0
SPBC1709.07	erg27	inviable	E	E	0.75	1.443	5.0
SPBC1709.08	cft1	inviable	E	E	0.765	0.669	3.0
SPBC1709.09	rrf1	viable	V	V	0.015	-0.0	9.0
SPBC1709.10c	atx1	viable	V	V	-0.009	0.0	9.0
SPBC1709.11c	png2	viable	V	V	0.068	-0.0	9.0
SPBC1709.12	rid1	viable	V	V	-0.022	0.0	9.0
SPBC1709.13c	set10	viable	V	V	0.035	-0.0	9.0
SPBC1709.14	ngl1	viable	V	V	0.031	-0.0	9.0
SPBC1709.15c	cft2	inviable	E	E	0.863	1.043	2.0
SPBC1709.16c	SPBC1709.16c	viable	V	V	0.001	0.0	9.0
SPBC1709.17	met7	inviable	E	E	0.671	0.888	3.0
SPBC1709.18	tif452	viable	V	V	0.055	2.628	9.0
SPBC1709.19c	nfu1	unknown	Not_determined	Not_determined	0.022	0.0	9.0
SPBC1709.20	pop8	inviable	E	E	0.755	0.657	3.0
SPBC1711.01c	mat3-Mi	viable	V	V			
SPBC1711.02	mat3-Mc	viable	V	V			
SPBC1711.03	emc3	viable	V	V	0.099	5.738	9.0
SPBC1711.04	mtd1	viable	V	V	-0.006	0.0	9.0
SPBC1711.05	srp40	viable	V	V	0.324	4.145	8.0
SPBC1711.06	rpl401	viable	V	V	0.536	0.472	3.0
SPBC1711.07	rrb1	inviable	E	E	0.697	-0.0	3.0
SPBC1711.08	aha1	viable	V	V	0.226	-0.0	9.0
SPBC1711.09c	SPBC1711.09c	viable	V	V	0.028	0.0	9.0
SPBC1711.10c	npl4	inviable	E	E	0.563	2.437	5.0
SPBC1711.11	atg2402	viable	V	V	-0.002	0.0	9.0
SPBC1711.12	ppp16	viable	V	V	0.107	0.0	9.0
SPBC1711.13	his2	viable	V	V	-0.001	0.0	9.0
SPBC1711.14	rec15	viable	V	V	0.008	0.0	9.0
SPBC1711.15c	SPBC1711.15c	viable	V	V	0.068	0.0	9.0
SPBC1711.16	pwp1	inviable	E	E			
SPBC1711.17	prp16	inviable	E	E	0.589	0.964	5.0
SPBC1711.18	tam9	unknown	Not_determined	Not_determined			
SPBC1718.01	pop1	viable	V	V	0.11	-0.0	9.0
SPBC1718.02	hop1	viable	V	V	-0.019	0.0	9.0
SPBC1718.03	ker1	viable	V	V	0.714	5.057	6.0
SPBC1718.04	sct1	inviable	E	E	1.011	0.363	1.0
SPBC1718.05	trs31	inviable	E	E	0.915	1.341	2.0
SPBC1718.06	msp1	condition-dependent	V	V	0.268	2.171	8.0
SPBC1718.07c	zfs1	viable	V	V	0.009	0.0	9.0
SPBC1734.01c	esf1	inviable	E	E	1.061	0.961	1.0
SPBC1734.02c	cdc27	inviable	E	E	0.671	1.093	5.0
SPBC1734.03	fol1	inviable	E	E	0.686	0.74	3.0
SPBC1734.04	anp1	viable	V	E	0.86	1.668	4.0
SPBC1734.05c	spf31	viable	V	V	0.031	0.0	9.0
SPBC1734.06	rhp18	viable	V	V	0.036	-0.0	9.0
SPBC1734.07c	trs8502	viable	V	V	-0.03	-0.0	9.0
SPBC1734.08	hse1	viable	V	V	0.253	-0.0	9.0
SPBC1734.09	yea4	viable	V	V	0.034	-0.0	9.0
SPBC1734.10c	ipa1	inviable	E	E	1.06	1.463	1.0
SPBC1734.11	mas5	condition-dependent	V	V	0.621	0.013	3.0
SPBC1734.12c	alg12	viable	V	V	0.264	5.285	8.0
SPBC1734.13	atp3	viable	V	V	0.343	-0.0	7.0
SPBC1734.14c	suc1	inviable	E	E	0.652	0.968	3.0
SPBC1734.15	rsc4	viable	V	V	0.052	0.0	9.0
SPBC1734.16c	pst3	inviable	E	E	0.543	2.505	5.0
SPBC1773.01	csc3	viable	V	V	-0.022	-0.0	9.0
SPBC1773.02c	bcp1	viable	V	V	-0.027	0.0	9.0
SPBC1773.03c	SPBC1773.03c	viable	V	V	0.002	0.0	9.0
SPBC1773.04	SPBC1773.04	viable	V	V	-0.011	0.0	9.0
SPBC1773.05c	tms1	viable	V	V	0.038	-0.0	9.0
SPBC1773.06c	adh8	viable	V	V	-0.007	0.0	9.0
SPBC1773.07c	sbp1	inviable	E	E	0.937	0.091	2.0
SPBC1773.08c	omh4	viable	V	V	-0.011	0.0	9.0
SPBC1773.09c	mug184	viable	V	V	0.013	0.0	9.0
SPBC1773.10c	nrs1	inviable	E	E	1.119	-0.0	1.0
SPBC1773.11c	mug89	inviable	E	E	1.105	-0.0	1.0
SPBC1773.12	SPBC1773.12	viable	V	V	0.003	-0.0	9.0
SPBC1773.13	SPBC1773.13	viable	V	V	0.026	0.0	9.0
SPBC1773.14	arg7	viable	V	V	0.011	0.0	9.0
SPBC1773.15	dal52	viable	V	V	-0.025	0.0	9.0
SPBC1773.16c	SPBC1773.16c	viable	V	V	0.007	-0.0	9.0
SPBC1773.17c	gor2	viable	V	V	-0.021	0.0	9.0
SPBC1778.01c	zuo1	viable	V	V	0.563	3.384	6.0
SPBC1778.02	rap1	viable	V	V	0.071	0.0	9.0
SPBC1778.03c	SPBC1778.03c	viable	V	V	-0.011	-0.0	9.0
SPBC1778.04	spo6	viable	V	V	-0.001	-0.0	9.0
SPBC1778.05c	lam2	viable	V	E	0.943	0.483	2.0
SPBC1778.06c	fim1	condition-dependent	V	V	0.053	1.456	9.0
SPBC1778.07	SPBC1778.07	viable	V	V	0.044	-0.0	9.0
SPBC1778.08c	arc3	inviable	E	E	1.04	0.512	1.0
SPBC1778.09	SPBC1778.09	viable	V	V	0.002	0.0	9.0
SPBC1778.10c	pdk1	viable	V	V	0.024	0.0	9.0
SPBC17A3.01c	tim50	inviable	E	E	0.886	0.828	2.0
SPBC17A3.02	aim19	viable	V	V	0.087	-0.0	9.0
SPBC17A3.03c	siw14	viable	V	V	-0.012	0.0	9.0
SPBC17A3.04c	rar1	inviable	E	E	0.996	-0.0	1.0
SPBC17A3.05c	SPBC17A3.05c	viable	V	V	0.453	4.67	8.0
SPBC17A3.06	SPBC17A3.06	viable	V	V	0.322	3.446	8.0
SPBC17A3.07	pgr1	condition-dependent	E	E	0.851	1.827	4.0
SPBC17A3.08	SPBC17A3.08	viable	V	V	-0.016	-0.0	9.0
SPBC17A3.09c	aim22	viable	V	E	0.545	7.475	6.0
SPBC17A3.10	pas4	viable	V	V	0.021	0.0	9.0
SPBC17D1.01	spp41	inviable	E	E	0.612	0.293	3.0
SPBC17D1.02	dph2	viable	V	V	0.165	0.0	9.0
SPBC17D1.03c	rrp43	inviable	E	E	0.639	0.286	3.0
SPBC17D1.04	acr1	inviable	E	E			
SPBC17D1.05	rhs1	viable	V	V	0.019	0.0	9.0
SPBC17D1.06	dbp3	viable	V	V	0.342	8.497	9.0
SPBC17D1.07c	npg1	viable	V	V	-0.015	-0.0	9.0
SPBC17D1.17	tam11	unknown	Not_determined	Not_determined			
SPBC17D11.01	nep1	viable	V	V	-0.021	0.0	9.0
SPBC17D11.02c	hrd1	viable	V	V	0.05	-0.0	9.0
SPBC17D11.03c	pxp2	viable	V	V	0.058	-0.0	9.0
SPBC17D11.04c	nto1	viable	V	V	0.055	-0.0	9.0
SPBC17D11.05	tif301	inviable	E	E	1.224	-0.0	1.0
SPBC17D11.06	spp2	inviable	E	E	1.083	0.603	1.0
SPBC17D11.07c	rpn2	inviable	E	E	1.121	0.44	1.0
SPBC17D11.08	dca7	viable	V	V	0.055	-0.0	9.0
SPBC17F3.01c	rga5	viable	V	V	-0.008	-0.0	9.0
SPBC17F3.02	nak1	inviable	E	E	0.82	-0.0	2.0
SPBC17G9.02c	cdc73	viable	V	V/E	0.283	0.932	7.0
SPBC17G9.03c	krs1	inviable	E	E	0.941	-0.0	2.0
SPBC17G9.04c	nup85	inviable	E	E	0.648	0.65	3.0
SPBC17G9.05	rct1	inviable	V	V	0.34	2.873	8.0
SPBC17G9.06c	sib3	viable	Not_determined	Not_determined	0.016	0.0	9.0
SPBC17G9.07	rps2402	viable	V	V			
SPBC17G9.08c	cnt5	viable	V	V	0.044	-0.0	9.0
SPBC17G9.09	tif213	viable	V	E	1.235	-0.0	1.0
SPBC17G9.10	rpl1102	viable	V	V			
SPBC17G9.11c	pyr1	inviable	E	E	1.066	-0.0	1.0
SPBC17G9.12c	SPBC17G9.12c	viable	V	V	-0.001	0.0	9.0
SPBC17G9.13c	cup1	inviable	E	E	1.07	8.529	6.0
SPBC1815.01	eno101	viable	V	E	1.106	-0.0	1.0
SPBC1826.01c	mot1	inviable	E	E	0.98	0.715	1.0
SPBC1861.01c	cnp3	viable	V	V	0.487	3.258	8.0
SPBC1861.02	abp2	viable	V	V	0.118	1.42	9.0
SPBC1861.03	naa35	viable	V	V	0.025	-0.0	9.0
SPBC1861.04c	prp24	inviable	E	E	0.905	1.247	2.0
SPBC1861.05	SPBC1861.05	condition-dependent	V	V	0.798	4.371	6.0
SPBC1861.06c	mug131	viable	V	V	-0.004	0.0	9.0
SPBC1861.07	elc1	viable	V	V	-0.015	0.0	9.0
SPBC1861.08c	lea1	inviable	E	E	0.883	0.844	2.0
SPBC1861.09	ppk22	viable	V	V	-0.002	0.0	9.0
SPBC18A7.01	xpa1	viable	V	V	0.0	0.0	9.0
SPBC18A7.02c	SPBC18A7.02c	viable	V	V	0.004	0.0	9.0
SPBC18E5.01	SPBC18E5.01	viable	V	V			
SPBC18E5.02c	lcb1	inviable	E	E	1.017	0.444	1.0
SPBC18E5.03c	sim4	inviable	E	E	0.75	4.073	6.0
SPBC18E5.04	rpl1001	viable	V	V			
SPBC18E5.05c	elp5	viable	V	E	0.537	1.899	5.0
SPBC18E5.06	rps21	inviable	E	E			
SPBC18E5.07	aim21	viable	V	V	0.002	0.0	9.0
SPBC18E5.08	SPBC18E5.08	viable	V	V			
SPBC18E5.09c	SPBC18E5.09c	viable	V	V	0.052	0.0	9.0
SPBC18E5.10	SPBC18E5.10	viable	V	V	0.002	0.0	9.0
SPBC18E5.11c	edc3	viable	V	V	0.071	0.0	9.0
SPBC18E5.12c	mas2	inviable	E	E	1.004	0.833	1.0
SPBC18E5.13	mti3	viable	V	V			
SPBC18E5.14c	SPBC18E5.14c	viable	V	V			
SPBC18H10.02	lcf1	viable	V	V	0.111	-0.0	9.0
SPBC18H10.03	tif307	inviable	E	E			
SPBC18H10.04c	sce3	viable	V	V			
SPBC18H10.05	SPBC18H10.05	viable	V	V	0.017	0.0	9.0
SPBC18H10.06c	swd2	viable	V	V	0.143	3.181	9.0
SPBC18H10.07	wbp4	viable	V	V	0.184	4.756	8.0
SPBC18H10.08c	ubp4	viable	V	V	0.07	0.0	9.0
SPBC18H10.09	SPBC18H10.09	viable	V	V	0.036	-0.0	9.0
SPBC18H10.10c	saf4	viable	V	V	0.053	0.0	9.0
SPBC18H10.11c	ppr2	viable	V	V	0.139	4.482	9.0
SPBC18H10.12c	rpl701	inviable	E	E	0.586	0.203	3.0
SPBC18H10.13	rps1402	viable	V	V			
SPBC18H10.14	rps1601	condition-dependent	E	E	0.95	-0.0	2.0
SPBC18H10.15	cdk11	viable	V	V	-0.003	0.0	9.0
SPBC18H10.16	vhc1	viable	V	V	0.0	0.0	9.0
SPBC18H10.17c	mhr1	inviable	E	E	0.846	4.346	6.0
SPBC18H10.18c	SPBC18H10.18c	viable	V	V	0.003	0.0	9.0
SPBC18H10.19	vps38	viable	V	V	-0.021	0.0	9.0
SPBC18H10.20c	any1	viable	V	V/E	0.495	-0.0	3.0
SPBC1921.01c	rpl35A02	viable	V	V			
SPBC1921.02	rad60	inviable	E	E	0.652	1.771	5.0
SPBC1921.03c	mex67	viable	V	V	0.177	0.0	9.0
SPBC1921.04c	SPBC1921.04c	viable	V	V	0.077	0.0	9.0
SPBC1921.05	ape2	viable	V	V	-0.005	0.0	9.0
SPBC1921.06c	pvg3	viable	V	V	-0.031	-0.0	9.0
SPBC1921.07c	sgf29	viable	V	V	0.053	0.0	9.0
SPBC19C2.01	cdc28	inviable	E	E	1.117	0.779	1.0
SPBC19C2.02	pmt1	viable	V	E	0.416	9.141	9.0
SPBC19C2.03	rpc10	inviable	E	E	1.222	0.984	1.0
SPBC19C2.04c	ubp11	viable	V	V	0.031	0.0	9.0
SPBC19C2.05	pat1	inviable	E	E	0.852	2.947	4.0
SPBC19C2.06c	mug124	viable	V	V	0.007	-0.0	9.0
SPBC19C2.07	fba1	inviable	E	E	1.094	-0.0	1.0
SPBC19C2.08	prp38	inviable	E	E	0.707	0.842	3.0
SPBC19C2.09	sre1	viable	V	V	0.033	1.226	9.0
SPBC19C2.10	SPBC19C2.10	viable	V	V	0.001	0.0	9.0
SPBC19C2.11c	mdm34	inviable	E	E	1.173	4.776	6.0
SPBC19C2.12	mrpl51	inviable	E	E	0.947	4.375	6.0
SPBC19C2.13c	ctu2	viable	V	V	0.174	0.734	9.0
SPBC19C2.14	smd3	viable	Not_determined	Not_determined	1.192	0.301	1.0
SPBC19C2.15c	phs1	inviable	E	E	0.941	2.263	4.0
SPBC19C7.01	mni1	viable	V	V	0.012	0.0	9.0
SPBC19C7.02	ubr1	viable	V	V	0.389	0.192	7.0
SPBC19C7.03	cyr1	viable	V	V	0.264	0.691	7.0
SPBC19C7.04c	gsr1	viable	V	V			
SPBC19C7.05	rcr1	viable	V	V			
SPBC19C7.06	prs1	inviable	E	E	1.078	-0.0	1.0
SPBC19C7.07c	sen34	inviable	E	E	0.81	0.201	2.0
SPBC19C7.08c	ppm2	viable	V	V	0.116	2.324	9.0
SPBC19C7.09c	uve1	viable	V	V	-0.015	0.0	9.0
SPBC19C7.10	bqt4	viable	V	V	0.001	0.0	9.0
SPBC19C7.11	SPBC19C7.11	viable	V	V	-0.14	1.211	9.0
SPBC19C7.12c	omh1	viable	V	V	0.037	-0.0	9.0
SPBC19F5.01c	puc1	viable	V	V	0.0	0.0	9.0
SPBC19F5.02c	utp4	inviable	E	E	1.013	0.384	1.0
SPBC19F5.03	sac11	inviable	E	E	0.859	0.609	2.0
SPBC19F5.04	hom3	inviable	E	E	1.105	0.088	1.0
SPBC19F5.05c	ppp1	inviable	E	E	0.951	0.466	2.0
SPBC19F8.01c	spn7	viable	V	V	0.002	0.0	9.0
SPBC19F8.02	nud3	viable	V	V			
SPBC19F8.03c	yap18	viable	V	V	0.061	0.0	9.0
SPBC19F8.04c	lcl3	viable	V	V	0.034	1.207	9.0
SPBC19F8.05	mrps26	inviable	E	E	0.844	5.151	6.0
SPBC19F8.06c	meu22	viable	V	V	-0.033	0.0	9.0
SPBC19F8.07	mcs6	inviable	E	E	0.567	3.425	6.0
SPBC19F8.08	rps401	viable	V	V	0.301	0.228	7.0
SPBC19G7.01c	msh2	viable	V	V	0.173	8.196	9.0
SPBC19G7.02	abz2	viable	V	V	0.24	7.758	9.0
SPBC19G7.03c	rps3002	viable	V	V	0.002	0.0	9.0
SPBC19G7.04	SPBC19G7.04	viable	V	V	-0.053	-0.0	9.0
SPBC19G7.05c	bgs1	inviable	E	E	0.753	1.123	3.0
SPBC19G7.06	mbx1	viable	V	V	0.037	0.0	9.0
SPBC19G7.07c	ppr3	viable	V	V	0.583	1.498	5.0
SPBC19G7.08c	art1	viable	V	V	0.047	3.906	9.0
SPBC19G7.09	ulp1	viable	V	V	0.425	4.432	8.0
SPBC19G7.10c	pdc2	viable	V	V	0.395	0.843	7.0
SPBC19G7.13	tbf1	inviable	E	E	0.564	0.166	3.0
SPBC19G7.14c	cog5	inviable	E	E	0.635	1.848	5.0
SPBC19G7.15	nup44	inviable	E	E	0.702	0.519	3.0
SPBC19G7.16	iws1	viable	V	V	0.443	1.741	7.0
SPBC19G7.17	ssh1	viable	V	V	0.225	2.849	8.0
SPBC19G7.18c	SPBC19G7.18c	viable	V	V			
SPBC19G7.19	tom5	unknown	Not_determined	Not_determined	-0.078	0.0	9.0
SPBC1A4.01	apc10	inviable	E	E	0.834	2.822	4.0
SPBC1A4.02c	leu1	viable	V	V	0.067	0.0	9.0
SPBC1A4.03c	top2	inviable	E	E	1.014	1.343	1.0
SPBC1A4.04	SPBC1A4.04	viable	V	V	0.019	0.0	9.0
SPBC1A4.05	blt1	viable	V	V	0.002	-0.0	9.0
SPBC1A4.06c	tam41	inviable	E	E	0.856	6.2	6.0
SPBC1A4.07c	sof1	inviable	E	E	0.971	0.055	2.0
SPBC1A4.08c	cct3	inviable	E	E	1.107	0.087	1.0
SPBC1A4.09	pus7	viable	V	V	0.548	4.495	8.0
SPBC1A4.10c	med14	inviable	E	E	0.434	3.305	8.0
SPBC1A4.11c	SPBC1A4.11c	inviable	E	E	0.819	1.573	4.0
SPBC1D7.01	pfd1	viable	V	V	-0.024	0.0	9.0
SPBC1D7.02c	scr1	viable	Not_determined	Not_determined	0.078	-0.0	9.0
SPBC1D7.03	clg1	viable	V	V			
SPBC1D7.04	mlo3	viable	V	V	0.346	1.941	7.0
SPBC1D7.05	byr2	viable	V	V	0.001	-0.0	9.0
SPBC1E8.02	SPBC1E8.02	viable	V	V	0.055	0.0	9.0
SPBC1E8.03c	SPBC1E8.03c	viable	V	V	-0.003	0.0	9.0
SPBC1E8.04	Tf2-10	unknown	Not_determined	Not_determined	0.076	-0.0	9.0
SPBC1E8.05	knh4	viable	V	V			
SPBC20F10.01	gar1	inviable	E	E	1.134	0.701	1.0
SPBC20F10.02c	SPBC20F10.02c	viable	V	V	0.023	0.0	9.0
SPBC20F10.03	SPBC20F10.03	viable	V	V	0.011	-0.0	9.0
SPBC20F10.04c	nse4	inviable	E	E	0.698	2.569	6.0
SPBC20F10.05	nrl1	viable	V	V	0.001	0.0	9.0
SPBC20F10.06	mad2	viable	V	V	0.065	0.0	9.0
SPBC20F10.07	ltc1	viable	V	V	0.068	0.0	9.0
SPBC20F10.08c	rtp1	inviable	E	E	0.816	1.052	2.0
SPBC20F10.09	lsm5	inviable	E	E			
SPBC20F10.10	psl1	viable	V	V	0.062	-0.0	9.0
SPBC21.01	mis17	inviable	E	E	0.696	3.41	6.0
SPBC21.02	rtc5	viable	V	V	-0.004	0.0	9.0
SPBC21.03c	SPBC21.03c	viable	V	V	-0.017	0.0	9.0
SPBC21.04	med8	inviable	E	E	0.512	3.945	8.0
SPBC21.05c	ral2	viable	V	V	-0.001	0.0	9.0
SPBC21.06c	cdc7	inviable	E	E	0.924	2.112	4.0
SPBC21.07c	ppk24	viable	V	V	-0.019	0.0	9.0
SPBC211.01	rsm10	inviable	E	E	0.814	3.987	6.0
SPBC211.02c	cwf3	inviable	E	E	0.761	1.178	5.0
SPBC211.03c	gea1	inviable	E	E	1.112	0.049	1.0
SPBC211.04c	mcm6	inviable	E	E	0.922	-0.0	2.0
SPBC211.05	sap10	unknown	Not_determined	Not_determined			
SPBC211.06	gfh1	viable	V	V	0.001	0.0	9.0
SPBC211.07c	ubc8	viable	V	V			
SPBC211.08c	mtr3	inviable	E	E			
SPBC215.01	gyp4	viable	V	V	0.001	-0.0	9.0
SPBC215.02	pfd5	viable	V	V			
SPBC215.03c	csn1	viable	V	V	0.278	0.0	7.0
SPBC215.04	git11	viable	V	V	0.122	2.385	9.0
SPBC215.05	gpd1	viable	V	V	0.1	0.0	9.0
SPBC215.06c	SPBC215.06c	viable	V	V	0.022	0.0	9.0
SPBC215.07c	pdp2	viable	V	V	-0.038	0.0	9.0
SPBC215.08c	arg4	viable	V	V	0.001	0.0	9.0
SPBC215.09c	erg10	inviable	E	E	0.832	0.506	2.0
SPBC215.10	odr1	viable	V	V	0.002	0.0	9.0
SPBC215.11c	SPBC215.11c	viable	V	V	0.023	0.0	9.0
SPBC215.12	cwf10	inviable	E	E	1.099	0.664	1.0
SPBC215.13	mtl3	viable	V	V	0.011	0.0	9.0
SPBC215.14c	vps20	viable	V	V			
SPBC215.15	sec13	condition-dependent	Not_determined	Not_determined	1.039	-0.0	1.0
SPBC216.01c	psy2	viable	V	V	0.066	-0.0	9.0
SPBC216.02	num1	viable	V	V	2.091	9.273	6.0
SPBC216.03	SPBC216.03	viable	V	V			
SPBC216.04c	mxr2	viable	V	V	-0.008	0.0	9.0
SPBC216.05	rad3	viable	V	V	0.159	3.822	9.0
SPBC216.06c	swi1	viable	V	V	0.174	0.52	9.0
SPBC216.07c	tor2	inviable	E	E	1.098	-0.0	1.0
SPBC21B10.02	SPBC21B10.02	viable	V	V	0.052	0.0	9.0
SPBC21B10.03c	ath1	viable	V	V	0.027	0.0	9.0
SPBC21B10.04c	vtc1	viable	V	V			
SPBC21B10.05c	wat1	viable	V	V	0.397	0.539	7.0
SPBC21B10.06c	inp2	viable	V	V	0.012	0.0	9.0
SPBC21B10.07	crr1	viable	V	V	0.026	0.0	9.0
SPBC21B10.08c	SPBC21B10.08c	viable	V	V	0.078	0.0	9.0
SPBC21B10.09	SPBC21B10.09	viable	V	V	0.003	0.0	9.0
SPBC21B10.10	rps402	viable	V	V	0.639	5.101	6.0
SPBC21B10.11	dpm2	inviable	E	E			
SPBC21B10.12	rec6	viable	V	V	-0.01	0.0	9.0
SPBC21B10.13c	yox1	viable	V	V	0.057	-0.0	9.0
SPBC21B10.14	kgd4	viable	Not_determined	Not_determined	0.007	-0.0	9.0
SPBC21B10.15	SPBC21B10.15	viable	Not_determined	V	0.08	3.688	9.0
SPBC21C3.01c	vps1301	viable	V	V	1.135	9.511	6.0
SPBC21C3.02c	dep1	viable	V	V	0.151	-0.0	9.0
SPBC21C3.03	cqd1	viable	V	V	0.014	0.0	9.0
SPBC21C3.04c	mrx14	inviable	E	E	0.895	4.334	6.0
SPBC21C3.05	sap62	inviable	E	E	1.089	0.834	1.0
SPBC21C3.06	SPBC21C3.06	viable	V	V	0.029	0.0	9.0
SPBC21C3.07c	trm140	viable	V	V	0.001	0.0	9.0
SPBC21C3.08c	car2	viable	V	V	0.094	0.0	9.0
SPBC21C3.09c	oaa1	viable	V	V	-0.002	0.0	9.0
SPBC21C3.10c	rib7	inviable	E	E	0.821	3.301	4.0
SPBC21C3.11	ubx4	viable	V	V	-0.015	0.0	9.0
SPBC21C3.12c	SPBC21C3.12c	viable	V	V	0.046	0.0	9.0
SPBC21C3.13	rps1901	viable	V	V	0.904	0.062	2.0
SPBC21C3.14c	SPBC21C3.14c	viable	V	V	-0.002	0.0	9.0
SPBC21C3.15c	SPBC21C3.15c	viable	V	V	-0.04	-0.0	9.0
SPBC21C3.16c	spt4	viable	V	V	0.058	-0.0	9.0
SPBC21C3.17c	psg1	viable	V	V	-0.025	0.0	9.0
SPBC21C3.18	spo4	viable	V	V	-0.008	0.0	9.0
SPBC21C3.19	rtc3	viable	V	V	-0.006	-0.0	9.0
SPBC21C3.20c	git1	viable	V	V	0.235	2.748	8.0
SPBC21D10.05c	ucp3	inviable	E	E	1.047	0.056	1.0
SPBC21D10.06c	map4	viable	Not_determined	Not_determined	-0.02	0.0	9.0
SPBC21D10.07	cmc2	viable	V	V	0.006	0.0	9.0
SPBC21D10.08c	SPBC21D10.08c	viable	V	V	0.027	0.0	9.0
SPBC21D10.09c	rkr1	viable	V	V	0.002	0.0	9.0
SPBC21D10.10	bdc1	viable	V	V			
SPBC21D10.11c	nfs1	viable	V	E	0.915	0.68	2.0
SPBC21D10.12	hob1	viable	V	V	-0.016	0.0	9.0
SPBC21H7.02	taf10	inviable	E	E	1.023	3.743	6.0
SPBC21H7.03c	SPBC21H7.03c	viable	V	V	0.021	0.0	9.0
SPBC21H7.04	dbp7	viable	V	V	0.526	0.08	3.0
SPBC21H7.05	sfc6	inviable	E	E	0.639	5.099	6.0
SPBC21H7.06c	opi10	viable	V	V	0.08	0.0	9.0
SPBC21H7.07c	his5	viable	V	V	-0.0	-0.0	9.0
SPBC23E6.01c	cxr1	viable	V	V	0.039	-0.0	9.0
SPBC23E6.02	rrp2	viable	V	V	0.02	0.0	9.0
SPBC23E6.03c	nta1	viable	V	V	0.033	0.0	9.0
SPBC23E6.04c	utp10	inviable	E	E	0.933	0.279	2.0
SPBC23E6.05	arx1	viable	V	V	0.004	0.0	9.0
SPBC23E6.06c	rib3	inviable	E	E	1.011	0.21	1.0
SPBC23E6.07c	rfc1	inviable	E	E	0.72	1.752	5.0
SPBC23E6.08	rgp1	viable	V	V	0.39	2.904	8.0
SPBC23E6.09	ssn6	condition-dependent	V	V	0.279	1.398	7.0
SPBC23E6.10c	mri1	viable	V	V	-0.025	0.0	9.0
SPBC23G7.04c	nif1	viable	V	V	0.034	0.0	9.0
SPBC23G7.05	sui1	inviable	E	E	1.062	0.007	1.0
SPBC23G7.06c	nvj2	viable	V	V	0.03	-0.0	9.0
SPBC23G7.07c	cms1	viable	V	V	-0.014	0.0	9.0
SPBC23G7.08c	rga7	viable	V	V	0.334	3.884	8.0
SPBC23G7.09	mat1-Mc	viable	Not_determined	Not_determined			
SPBC23G7.10c	SPBC23G7.10c	viable	V	V	-0.032	-0.0	9.0
SPBC23G7.11	mag2	viable	V	V			
SPBC23G7.12c	rpt6	condition-dependent	V	E	0.926	3.693	6.0
SPBC23G7.13c	SPBC23G7.13c	viable	V	V	-0.028	0.0	9.0
SPBC23G7.14	SPBC23G7.14	viable	V	V	-0.012	0.0	9.0
SPBC23G7.15c	rpp202	viable	V	V	0.106	-0.0	9.0
SPBC23G7.16	ctr6	viable	V	V	0.504	1.025	5.0
SPBC23G7.17c	mat1-Mi	viable	Not_determined	Not_determined			
SPBC244.01c	sid4	inviable	E	E	0.841	2.65	4.0
SPBC244.02c	utp6	inviable	E	E	0.932	0.38	2.0
SPBC24C6.02	spb4	inviable	E	E	1.134	-0.0	1.0
SPBC24C6.03	SPBC24C6.03	inviable	E	E	0.702	5.47	6.0
SPBC24C6.04	put2	viable	V	V	0.197	1.073	7.0
SPBC24C6.05	sec28	viable	V	V	0.417	3.232	8.0
SPBC24C6.06	gpa1	viable	V	V	-0.044	-0.0	9.0
SPBC24C6.07	cdc14	inviable	E	E	0.974	2.111	4.0
SPBC24C6.08c	bhd1	viable	V	V	0.024	-0.0	9.0
SPBC24C6.09c	SPBC24C6.09c	viable	V	V	-0.016	0.0	9.0
SPBC24C6.10c	dip1	viable	V	V	-0.055	-0.0	9.0
SPBC24C6.11	cwf14	viable	V	V			
SPBC24C6.13	coa6	viable	Not_determined	Not_determined	0.083	2.079	9.0
SPBC25B2.01	hbs1	viable	V	V	-0.01	0.0	9.0
SPBC25B2.02c	mam1	viable	V	V	0.253	1.02	7.0
SPBC25B2.03	SPBC25B2.03	viable	V	V	0.051	0.0	9.0
SPBC25B2.04c	mtg1	viable	V	V	0.051	0.0	9.0
SPBC25B2.05	mis3	inviable	E	E	1.028	-0.0	1.0
SPBC25B2.06c	btb2	viable	V	V	0.077	4.632	9.0
SPBC25B2.07c	mmb1	viable	V	V	0.008	-0.0	9.0
SPBC25B2.08	SPBC25B2.08	viable	V	V	-0.014	0.0	9.0
SPBC25B2.09c	msr1	inviable	E	E	1.135	-0.0	1.0
SPBC25B2.10	SPBC25B2.10	viable	V	V	0.002	0.0	9.0
SPBC25B2.11	pof2	viable	V	V	0.002	-0.0	9.0
SPBC25D12.02c	dnt1	viable	V	V	0.226	3.349	8.0
SPBC25D12.03c	mcm7	inviable	E	E	0.946	0.285	2.0
SPBC25D12.04	suc22	inviable	E	E	1.091	0.422	1.0
SPBC25D12.05	trm1	viable	V	V	0.078	-0.0	9.0
SPBC25D12.06	mrh5	viable	V	V	0.087	1.352	9.0
SPBC25H2.02	trs1	inviable	E	E	1.084	-0.0	1.0
SPBC25H2.03	vac14	viable	V	V	0.003	0.0	9.0
SPBC25H2.04c	tim22	inviable	E	E	0.924	2.171	4.0
SPBC25H2.05	egd2	viable	V	V	0.038	-0.0	9.0
SPBC25H2.06c	hrf1	inviable	E	E	1.059	0.262	1.0
SPBC25H2.07	tif11	inviable	E	E	1.307	-0.0	1.0
SPBC25H2.08c	mrs2	viable	V	V	0.058	0.0	9.0
SPBC25H2.09	mic19	viable	V	V	0.034	-0.0	9.0
SPBC25H2.10c	tan1	viable	V	V	-0.002	0.0	9.0
SPBC25H2.11c	spt7	viable	V	V/E	0.636	6.283	6.0
SPBC25H2.12c	cct7	inviable	E	E	1.052	-0.0	1.0
SPBC25H2.13c	cdc20	inviable	E	E	1.086	0.059	1.0
SPBC25H2.14	mug16	viable	V	V	0.003	-0.0	9.0
SPBC25H2.15	tsr401	viable	V	V	1.198	0.523	1.0
SPBC25H2.16c	gga22	viable	V	V	0.038	0.0	9.0
SPBC25H2.18	cox20	viable	Not_determined	Not_determined	0.028	0.001	9.0
SPBC26H8.01	thi2	viable	V	V	0.004	0.0	9.0
SPBC26H8.02c	sec9	inviable	E	E	0.723	2.097	5.0
SPBC26H8.03	cho2	viable	V	V	-0.007	-0.0	9.0
SPBC26H8.04c	iml1	viable	V	V	0.585	2.069	5.0
SPBC26H8.05c	pph3	viable	V	V			
SPBC26H8.06	grx4	condition-dependent	E	E	0.618	0.662	3.0
SPBC26H8.07c	nda3	inviable	E	E	1.11	0.288	1.0
SPBC26H8.08c	grn1	viable	V	V	0.677	0.1	3.0
SPBC26H8.09c	snf59	viable	V	V	0.024	0.0	9.0
SPBC26H8.10	dis3	inviable	E	E	0.886	0.878	2.0
SPBC26H8.11c	the4	viable	V	V	0.093	0.0	9.0
SPBC26H8.12	cyc3	viable	V	V			
SPBC26H8.13c	SPBC26H8.13c	viable	V	V			
SPBC26H8.14c	cox17	viable	V	V	0.103	-0.0	9.0
SPBC26H8.16	sdh8	viable	Not_determined	Not_determined	0.006	0.0	9.0
SPBC27.01c	pga2	inviable	E	E	0.968	0.229	2.0
SPBC27.02c	ask1	viable	V	V			
SPBC27.03	meu25	viable	V	V	0.012	0.0	9.0
SPBC27.04	uds1	viable	V	V	-0.001	0.0	9.0
SPBC27.05	SPBC27.05	unknown	Not_determined	Not_determined	-0.001	0.0	9.0
SPBC27.06c	mgr2	viable	V	V	0.735	1.299	5.0
SPBC27.08c	sua1	viable	V	V	0.053	0.0	9.0
SPBC27B12.01c	mmm1	inviable	E	E	0.73	1.906	5.0
SPBC27B12.02	mis19	inviable	E	E	1.119	8.402	6.0
SPBC27B12.03c	erg32	viable	V	V	0.023	0.0	9.0
SPBC27B12.04c	csc2	viable	V	V	0.003	0.0	9.0
SPBC27B12.05	crt10	viable	V	V	0.048	0.0	9.0
SPBC27B12.06	gpi13	inviable	E	E	0.772	1.484	5.0
SPBC27B12.07	SPBC27B12.07	viable	V	V	0.022	-0.0	9.0
SPBC27B12.08	sip1	viable	V	E	0.54	-0.0	3.0
SPBC27B12.09c	flx1	viable	V	V	0.497	3.121	8.0
SPBC27B12.10c	tom7	viable	V	V	0.045	0.0	9.0
SPBC27B12.11c	pho7	viable	V	V	0.182	-0.0	9.0
SPBC27B12.12c	SPBC27B12.12c	inviable	E	E			
SPBC27B12.13	tom40	inviable	E	E	0.674	0.275	3.0
SPBC27B12.14	cbp4	viable	Not_determined	Not_determined	-0.002	0.0	9.0
SPBC28E12.01c	apc13	inviable	E	E	1.072	0.981	1.0
SPBC28E12.02	SPBC28E12.02	viable	V	V	-0.021	0.01	9.0
SPBC28E12.03	rga4	viable	V	V	0.033	0.0	9.0
SPBC28E12.04	cbp7	viable	V	V	0.108	3.477	9.0
SPBC28E12.05	esf2	inviable	E	E	1.214	1.251	1.0
SPBC28E12.06c	lvs1	viable	V	V	0.002	0.0	9.0
SPBC28F2.02	mep33	viable	V	V	0.004	-0.0	9.0
SPBC28F2.03	ppi1	viable	V	V			
SPBC28F2.04c	cwf7	inviable	E	E			
SPBC28F2.05c	SPBC28F2.05c	viable	V	V	-0.001	0.0	9.0
SPBC28F2.06c	mdm12	inviable	E	E	0.84	2.266	4.0
SPBC28F2.07	sfr1	viable	V	V	0.018	-0.0	9.0
SPBC28F2.08c	hrd3	viable	V	V	0.008	0.0	9.0
SPBC28F2.09	toa1	inviable	E	E			
SPBC28F2.10c	ngg1	viable	V	V	0.297	4.701	8.0
SPBC28F2.11	hmo1	viable	V	V	0.057	0.0	9.0
SPBC28F2.12	rpb1	inviable	E	E	1.018	0.173	1.0
SPBC29A10.01	ccr1	viable	V	V	0.379	0.748	7.0
SPBC29A10.02	spo5	viable	V	V	0.018	0.0	9.0
SPBC29A10.03c	pcf1	viable	V	V	0.032	0.0	9.0
SPBC29A10.04	psm1	inviable	E	E	0.912	1.382	2.0
SPBC29A10.05	exo1	viable	V	V	0.074	1.356	9.0
SPBC29A10.06c	ely5	viable	V	V	0.007	0.0	9.0
SPBC29A10.07	pom152	viable	V	V	0.102	2.19	9.0
SPBC29A10.08	gas2	viable	V	V	0.001	0.0	9.0
SPBC29A10.09c	tri1	viable	V	V	0.059	-0.0	9.0
SPBC29A10.10c	dbl8	viable	V	V	0.574	9.088	6.0
SPBC29A10.11c	muk1	viable	V	V	0.013	0.0	9.0
SPBC29A10.12	oxs1	viable	V	V	0.089	0.0	9.0
SPBC29A10.13	atp7	viable	V	V	0.342	-0.0	7.0
SPBC29A10.14	rec8	viable	V	V	0.544	1.644	5.0
SPBC29A10.15	orc1	inviable	E	E			
SPBC29A10.16c	cyb502	viable	V	V	0.609	3.08	6.0
SPBC29A10.17	lam1	viable	Not_determined	Not_determined	1.049	0.281	1.0
SPBC29A3.01	ccc2	viable	V	V	-0.014	0.0	9.0
SPBC29A3.02c	his7	viable	V	V	0.0	0.0	9.0
SPBC29A3.03c	gid2	viable	V	V	-0.035	0.0	9.0
SPBC29A3.04	rpl8	inviable	E	E	1.015	-0.0	1.0
SPBC29A3.05	vps71	viable	V	V	0.002	-0.0	9.0
SPBC29A3.06	utp18	inviable	E	E	0.969	0.096	2.0
SPBC29A3.07c	sap14	viable	V	V	0.002	0.0	9.0
SPBC29A3.08	pof4	viable	V	V	0.064	0.0	9.0
SPBC29A3.09c	gcn20	viable	V	V	0.004	0.0	9.0
SPBC29A3.10c	atp14	viable	V	V			
SPBC29A3.11c	ort1	viable	V	V	0.089	0.0	9.0
SPBC29A3.12	rps902	viable	V	V	0.397	-0.0	7.0
SPBC29A3.13	pdp1	viable	V	V	-0.042	0.0	9.0
SPBC29A3.14c	trt1	viable	V	V	0.043	0.0	9.0
SPBC29A3.15c	rsm23	inviable	E	E	0.891	4.17	6.0
SPBC29A3.16	rrs1	inviable	E	E	0.623	0.273	3.0
SPBC29A3.17	gef3	viable	V	V			
SPBC29A3.18	cyt1	viable	V	V	0.147	1.191	9.0
SPBC29A3.21	SPBC29A3.21	viable	V	V	-0.03	-0.0	9.0
SPBC29B5.01	atf1	viable	V	V	0.439	-0.0	7.0
SPBC29B5.02c	isp4	viable	V	V	-0.005	0.0	9.0
SPBC29B5.03c	rpl26	viable	V	V			
SPBC29B5.04c	app1	viable	V	V	0.002	-0.0	9.0
SPBC2A9.02	SPBC2A9.02	viable	V	V	-0.031	-0.0	9.0
SPBC2A9.03	SPBC2A9.03	viable	V	V	0.044	0.0	9.0
SPBC2A9.04c	san1	viable	V	V	-0.001	0.0	9.0
SPBC2A9.05c	tvp23	viable	V	V	0.003	-0.0	9.0
SPBC2A9.06c	nus1	condition-dependent	V	E	1.027	1.376	1.0
SPBC2A9.07c	hpz1	viable	V	V	0.039	0.0	9.0
SPBC2A9.08c	sec22	inviable	E	E	0.618	0.307	3.0
SPBC2A9.09	plp2	inviable	E	E	0.402	2.931	8.0
SPBC2A9.10	bmc1	viable	E	V	-0.003	0.0	9.0
SPBC2A9.11c	iss9	viable	V	V	0.005	0.0	9.0
SPBC2A9.12	orc6	inviable	E	E	0.618	1.856	5.0
SPBC2A9.13	SPBC2A9.13	viable	V	V	-0.045	-0.0	9.0
SPBC2A9.14	SPBC2A9.14	viable	Not_determined	Not_determined	0.051	0.0	9.0
SPBC2D10.03c	ess1	viable	V	V	0.024	-0.0	9.0
SPBC2D10.04	aly2	viable	V	V	0.052	0.0	9.0
SPBC2D10.05	exg3	viable	V	V	-0.006	0.0	9.0
SPBC2D10.06	rep1	viable	V	V	-0.034	0.0	9.0
SPBC2D10.07c	mmp1	viable	V	V	0.247	6.957	9.0
SPBC2D10.08c	yml6	inviable	E	E	0.745	3.632	6.0
SPBC2D10.09	snr1	viable	V	V	0.04	-0.0	9.0
SPBC2D10.10c	fib1	viable	V	E	1.078	0.208	1.0
SPBC2D10.11c	nap2	condition-dependent	V	V	-0.001	0.0	9.0
SPBC2D10.12	rhp23	viable	V	V	0.026	0.0	9.0
SPBC2D10.13	est1	viable	V	V	-0.01	0.0	9.0
SPBC2D10.14c	myo51	viable	V	V	0.06	0.0	9.0
SPBC2D10.15c	pth1	viable	V	V	-0.003	-0.0	9.0
SPBC2D10.16	mhf1	viable	V	V	0.468	4.768	8.0
SPBC2D10.17	clr1	viable	V	V	0.005	0.0	9.0
SPBC2D10.18	coq8	condition-dependent	V	V	0.112	0.566	9.0
SPBC2D10.19c	alb1	viable	V	V	-0.043	0.0	9.0
SPBC2D10.20	ubc1	viable	V	V	0.2	2.007	9.0
SPBC2F12.02c	mrpl7	inviable	E	E	0.756	3.51	6.0
SPBC2F12.03c	esl1	viable	V	V	0.029	0.0	9.0
SPBC2F12.04	rpl1701	viable	V	V	0.717	-0.0	3.0
SPBC2F12.05c	osh2	viable	V	V	-0.039	0.0	9.0
SPBC2F12.07c	rpl802	viable	V	V			
SPBC2F12.08c	ceg1	inviable	E	E	0.68	2.079	5.0
SPBC2F12.09c	atf21	viable	V	V			
SPBC2F12.10	mrpl35	inviable	E	E	0.652	3.857	6.0
SPBC2F12.11c	rep2	viable	V	V	0.045	-0.0	9.0
SPBC2F12.12c	cay1	viable	V	V	0.345	3.843	8.0
SPBC2F12.13	klp5	viable	V	V	0.001	0.0	9.0
SPBC2F12.14c	gua1	inviable	E	E	1.139	-0.0	1.0
SPBC2F12.15c	pfa3	viable	V	V	-0.034	0.0	9.0
SPBC2F12.17	cox7	unknown	Not_determined	Not_determined			
SPBC2G2.01c	liz1	viable	V	V	0.207	2.292	8.0
SPBC2G2.02	syj1	viable	V	V	0.054	-0.0	9.0
SPBC2G2.03c	sbh1	viable	V	V	0.056	5.284	9.0
SPBC2G2.04c	mmf1	inviable	E	E	0.704	6.505	6.0
SPBC2G2.05	rpl1603	viable	V	V	0.135	-0.0	9.0
SPBC2G2.06c	apl1	viable	V	V	0.023	0.0	9.0
SPBC2G2.07c	mug178	viable	V	V	0.113	0.0	9.0
SPBC2G2.08	ade9	viable	V	V	-0.002	0.0	9.0
SPBC2G2.09c	crs1	viable	V	V	-0.003	0.0	9.0
SPBC2G2.10c	mug110	viable	V	V			
SPBC2G2.11	myr1	inviable	E	E	1.035	-0.0	1.0
SPBC2G2.12	hrs1	inviable	E	E	1.066	-0.0	1.0
SPBC2G2.13c	dcd1	viable	V	V	0.157	1.965	9.0
SPBC2G2.14	csi1	viable	V	V	0.19	4.735	8.0
SPBC2G2.15c	mrm2	viable	V	V	0.007	0.0	9.0
SPBC2G2.16	mpi1	inviable	E	E	0.871	0.46	2.0
SPBC2G2.17c	psu2	viable	V	V	0.145	-0.0	9.0
SPBC2G5.01	SPBC2G5.01	viable	V	V	0.028	0.0	9.0
SPBC2G5.02c	ckb2	viable	V	V	0.041	0.0	9.0
SPBC2G5.03	ctu1	viable	V	V	0.275	1.212	7.0
SPBC2G5.04c	erv41	viable	V	V	0.06	0.0	9.0
SPBC2G5.05	tkt1	inviable	E	E	1.093	1.093	1.0
SPBC2G5.06c	hmt2	condition-dependent	V	V	0.15	0.445	9.0
SPBC2G5.07c	rpc25	inviable	E	E			
SPBC30B4.01c	wsc1	viable	V	V	-0.041	0.0	9.0
SPBC30B4.02c	sqs1	viable	V	V	0.012	0.0	9.0
SPBC30B4.03c	ldb1	viable	V	V	0.058	2.757	9.0
SPBC30B4.04c	sol1	viable	V	V	0.363	0.921	7.0
SPBC30B4.05	kap109	inviable	E	E	1.045	0.787	1.0
SPBC30B4.06c	ips1	viable	V	V	0.023	0.0	9.0
SPBC30B4.07c	tfb4	inviable	E	E	0.835	2.301	4.0
SPBC30B4.08	eri1	viable	V	V	-0.01	0.0	9.0
SPBC30B4.09	SPBC30B4.09	viable	Not_determined	Not_determined	-0.023	0.0	9.0
SPBC30D10.02	ncb2	inviable	E	E			
SPBC30D10.03c	isn1	viable	V	V	0.046	0.0	9.0
SPBC30D10.04	swi3	viable	V	V	0.089	-0.0	9.0
SPBC30D10.05c	nre1	viable	V	V	0.004	0.0	9.0
SPBC30D10.06	lsm4	inviable	E	E			
SPBC30D10.07c	bpl1	inviable	E	E	0.765	5.976	6.0
SPBC30D10.08	mgm101	inviable	E	E	0.524	7.766	6.0
SPBC30D10.09c	hva22	viable	V	V	0.005	0.0	9.0
SPBC30D10.10c	tor1	viable	V	V	0.25	3.881	8.0
SPBC30D10.11	gpi1	inviable	E	E	1.075	0.649	1.0
SPBC30D10.12c	rsm27	inviable	E	E	0.812	4.73	6.0
SPBC30D10.13c	pdb1	viable	V	V	0.417	2.25	8.0
SPBC30D10.14	SPBC30D10.14	viable	V	V	0.027	0.0	9.0
SPBC30D10.15	naf1	inviable	E	E	0.979	1.004	2.0
SPBC30D10.16	pha2	viable	V	V	0.004	-0.0	9.0
SPBC30D10.17c	smi1	inviable	E	E	1.183	-0.0	1.0
SPBC30D10.18c	rpl102	viable	V	V	0.06	1.409	9.0
SPBC30D10.21	mzm1	unknown	Not_determined	Not_determined			
SPBC317.01	mbx2	viable	V	V	0.259	4.843	8.0
SPBC31A8.01c	rtn1	viable	V	V	-0.021	0.0	9.0
SPBC31E1.01c	atg2	viable	V	V	0.052	0.0	9.0
SPBC31E1.02c	pmr1	viable	V	V	0.224	7.542	9.0
SPBC31E1.03	hub1	inviable	E	E	0.784	0.556	3.0
SPBC31E1.04	pep12	condition-dependent	E	E	1.019	-0.0	1.0
SPBC31E1.05	gle1	inviable	E	E	1.048	0.392	1.0
SPBC31E1.06	bms1	inviable	E	E	1.168	-0.0	1.0
SPBC31F10.02	the13	viable	V	V			
SPBC31F10.03	ggg1	viable	V	V			
SPBC31F10.04c	srb4	inviable	E	E	0.703	4.087	6.0
SPBC31F10.05	mug37	viable	V	V	-0.012	0.0	9.0
SPBC31F10.06c	sar1	inviable	E	E			
SPBC31F10.07	lsb5	viable	V	V	0.019	0.0	9.0
SPBC31F10.08	mde2	viable	V	V	0.049	-0.0	9.0
SPBC31F10.09c	med10	viable	V	V	0.322	7.839	9.0
SPBC31F10.10c	mub1	viable	V	V	0.276	0.119	7.0
SPBC31F10.11c	cwf4	inviable	E	E	1.083	-0.0	1.0
SPBC31F10.12	tma20	viable	V	V	0.138	1.38	9.0
SPBC31F10.13c	hip1	condition-dependent	V	V	0.242	4.398	8.0
SPBC31F10.14c	hip3	condition-dependent	V	V	0.238	0.797	7.0
SPBC31F10.15c	atp15	viable	V	V			
SPBC31F10.16	bch1	viable	V	V	0.023	0.0	9.0
SPBC31F10.17c	SPBC31F10.17c	viable	V	V			
SPBC32C12.02	ste11	condition-dependent	E	V	0.042	-0.0	9.0
SPBC32C12.03c	ppk25	viable	V	V	-0.057	0.0	9.0
SPBC32F12.01c	css1	condition-dependent	V	E	1.019	0.115	1.0
SPBC32F12.02	rec14	viable	V	V			
SPBC32F12.03c	gpx1	viable	V	V	0.001	0.0	9.0
SPBC32F12.04	gtb1	inviable	E	E	0.748	0.995	3.0
SPBC32F12.05c	cwf12	viable	V	V	0.063	0.085	9.0
SPBC32F12.06	pch1	inviable	E	E	0.462	2.606	8.0
SPBC32F12.07c	SPBC32F12.07c	viable	V	V	-0.019	-0.0	9.0
SPBC32F12.08c	duo1	viable	V	V	0.228	5.712	8.0
SPBC32F12.09	rum1	viable	V	V	0.231	-0.0	9.0
SPBC32F12.10	pgm1	inviable	E	E	1.031	1.032	1.0
SPBC32F12.11	tdh1	viable	V	V	0.548	0.09	3.0
SPBC32F12.12c	SPBC32F12.12c	viable	V	V	0.016	0.0	9.0
SPBC32F12.15	tfb5	unknown	Not_determined	Not_determined			
SPBC32F12.16	gem7	unknown	Not_determined	Not_determined	0.799	4.04	6.0
SPBC32H8.01c	SPBC32H8.01c	viable	V	V	-0.006	0.0	9.0
SPBC32H8.02c	nep2	viable	V	V	0.045	-0.0	9.0
SPBC32H8.03	bem46	viable	V	V	0.198	8.609	9.0
SPBC32H8.04c	utp24	inviable	E	E	0.845	0.19	2.0
SPBC32H8.05	llp1	viable	V	V	0.014	0.0	9.0
SPBC32H8.06	mug93	viable	V	V	-0.004	-0.0	9.0
SPBC32H8.07	git5	viable	V	V	0.126	-0.0	9.0
SPBC32H8.08c	omh5	viable	V	V	0.033	-0.0	9.0
SPBC32H8.09	wdr8	viable	V	V	0.002	-0.0	9.0
SPBC32H8.10	cdk9	inviable	E	E	0.577	1.486	5.0
SPBC32H8.11	mei4	viable	V	V	-0.047	0.0	9.0
SPBC32H8.12c	act1	inviable	E	E	1.143	-0.0	1.0
SPBC32H8.13c	mok12	viable	V	V	-0.02	0.0	9.0
SPBC32H8.15	SPBC32H8.15	unknown	Not_determined	Not_determined			
SPBC336.01	fbh1	viable	V	E	0.642	2.017	5.0
SPBC336.02	cdh1	inviable	E	E	1.036	-0.0	1.0
SPBC336.03	efc25	viable	V	V	0.001	0.0	9.0
SPBC336.04	cdc6	inviable	E	E	1.072	0.261	1.0
SPBC336.05c	hen1	viable	V	V	-0.008	-0.0	9.0
SPBC336.06c	rnh1	viable	V	V	0.044	0.0	9.0
SPBC336.07	sfc3	inviable	E	E	0.976	0.906	2.0
SPBC336.08	spc24	inviable	E	E	0.794	1.748	5.0
SPBC336.09c	rrn7	inviable	E	E	0.846	1.896	4.0
SPBC336.10c	tif512	viable	V	V	0.078	-0.0	9.0
SPBC336.11	vps52	inviable	E	E	0.911	2.938	4.0
SPBC336.12c	cdc10	inviable	E	E	0.765	0.756	3.0
SPBC336.13c	mmp2	viable	V	V	0.018	0.0	9.0
SPBC336.14c	ppk26	viable	V	V	0.136	1.642	9.0
SPBC336.15	pic1	inviable	E	E	0.797	0.638	3.0
SPBC336.16	SPBC336.16	viable	Not_determined	Not_determined	0.021	0.0	9.0
SPBC337.02c	SPBC337.02c	viable	Not_determined	Not_determined	0.044	3.003	9.0
SPBC337.03	rhn1	viable	V	V	0.042	0.0	9.0
SPBC337.04	ppk27	viable	V	V	-0.018	0.0	9.0
SPBC337.05c	cct8	inviable	E	E	1.001	0.295	1.0
SPBC337.06c	cwf15	inviable	E	E	0.371	5.356	8.0
SPBC337.07c	ecm14	viable	V	V	0.001	0.0	9.0
SPBC337.08c	ubi4	viable	V	V	0.249	-0.0	9.0
SPBC337.09	erg28	viable	V	V	0.185	4.009	9.0
SPBC337.10c	dre2	viable	V	E	1.089	-0.0	1.0
SPBC337.11	SPBC337.11	viable	V	V	-0.007	0.0	9.0
SPBC337.12	red5	inviable	E	E	0.925	0.276	2.0
SPBC337.13c	gtr1	condition-dependent	E	E	0.836	-0.0	2.0
SPBC337.14	rpb4	inviable	E	E	0.745	0.629	3.0
SPBC337.15c	coq7	condition-dependent	V	V	0.239	5.842	8.0
SPBC337.16	cho1	viable	V	V	0.028	0.0	9.0
SPBC342.01c	alg6	viable	V	V	0.237	7.265	9.0
SPBC342.02	qrs1	inviable	E	E	1.158	-0.0	1.0
SPBC342.03	gas4	viable	V	V	-0.021	0.0	9.0
SPBC342.04	rpn1301	viable	V	V	0.0	-0.0	9.0
SPBC342.05	crb2	viable	V	V	0.03	0.0	9.0
SPBC342.06c	rtt109	viable	V	V	0.202	4.163	9.0
SPBC354.01	gtp1	viable	V	V	-0.034	0.0	9.0
SPBC354.02c	sec61	inviable	E	E	1.027	0.292	1.0
SPBC354.03	swd3	viable	V	V	0.059	0.641	9.0
SPBC354.04	SPBC354.04	viable	V	V			
SPBC354.05c	sre2	viable	V	V	-0.002	-0.0	9.0
SPBC354.06	mrps16	inviable	E	E	0.627	3.408	6.0
SPBC354.07c	osh42	viable	V	V	0.014	0.074	9.0
SPBC354.08c	rsn1	viable	V	V	0.006	0.0	9.0
SPBC354.09c	tre1	viable	V	V	-0.009	0.0	9.0
SPBC354.10	def1	viable	V	V	0.396	7.113	9.0
SPBC354.12	gpd3	viable	V	V			
SPBC354.13	rga6	viable	V	V	0.018	0.0	9.0
SPBC354.14c	vac8	viable	V	V	-0.029	-0.0	9.0
SPBC354.15	fap1	viable	V	V	0.022	-0.0	9.0
SPBC359.01	SPBC359.01	viable	V	V	-0.043	0.0	9.0
SPBC359.02	alr2	inviable	E	V	0.015	0.0	9.0
SPBC359.03c	aat1	viable	V	V	0.033	0.0	9.0
SPBC359.04c	pfl7	viable	V	V	0.027	-0.0	9.0
SPBC359.05	abc3	viable	V	V	0.111	0.971	9.0
SPBC359.06	mug14	viable	V	V	0.064	0.0	9.0
SPBC36.01c	SPBC36.01c	viable	V	V	0.042	0.0	9.0
SPBC36.02c	SPBC36.02c	viable	V	V	-0.002	0.0	9.0
SPBC36.03c	mfs3	viable	V	V	0.039	0.0	9.0
SPBC36.04	cys11	condition-dependent	V	V	0.2	2.351	8.0
SPBC36.05c	clr6	inviable	E	E	0.713	4.403	6.0
SPBC36.06c	spo9	condition-dependent	V	V	0.063	0.0	9.0
SPBC36.07	elp1	viable	V	E	0.448	1.041	7.0
SPBC36.08c	cog2	inviable	E	E	1.269	1.619	1.0
SPBC36.09	sap61	inviable	E	E	1.073	0.671	1.0
SPBC36.10	ups2	viable	V	V	0.0	0.0	9.0
SPBC36.11	SPBC36.11	viable	V	V	-0.06	-0.0	9.0
SPBC36.12c	git7	inviable	E	E	0.679	1.986	5.0
SPBC365.01	csr103	viable	V	V	0.032	-0.0	9.0
SPBC365.02c	cox10	viable	V	V	0.093	0.342	9.0
SPBC365.03c	rpl2101	viable	V	V	0.608	-0.0	3.0
SPBC365.04c	nop6	viable	V	V	0.06	-0.0	9.0
SPBC365.05c	slu7	inviable	Not_determined	Not_determined			
SPBC365.06	pmt3	viable	V	V			
SPBC365.07c	tmf1	viable	V	V	-0.014	0.0	9.0
SPBC365.08c	der1	viable	V	V	0.083	0.0	9.0
SPBC365.09c	kin17	inviable	E	E			
SPBC365.10	arp5	viable	V	V	0.553	6.041	6.0
SPBC365.11	grp2	viable	V	V			
SPBC365.12c	ish1	viable	V	V	0.016	0.0	9.0
SPBC365.13c	hba1	viable	V	V	0.405	1.537	7.0
SPBC365.14c	uge1	viable	V	V	0.621	4.219	6.0
SPBC365.15	alp4	inviable	E	E	0.821	1.82	4.0
SPBC365.16	SPBC365.16	viable	V	V	0.147	-0.0	9.0
SPBC365.20c	pnc1	viable	V	V			
SPBC36B7.02	svf2	viable	V	V	0.0	0.0	9.0
SPBC36B7.03	sec63	viable	V	E	0.936	0.153	2.0
SPBC36B7.04	dus1	viable	V	V	0.044	-0.0	9.0
SPBC36B7.05c	pib1	viable	V	V	0.064	-0.0	9.0
SPBC36B7.06c	mug20	viable	V	V	0.005	0.0	9.0
SPBC36B7.07	tlg1	condition-dependent	E	E	0.701	2.657	6.0
SPBC36B7.08c	ccp1	viable	V	V	0.048	0.0	9.0
SPBC36B7.09	gcn2	inviable	E	V	0.072	-0.0	9.0
SPBC3B8.01c	arh1	inviable	E	E	0.86	1.852	4.0
SPBC3B8.02	php5	viable	V	V			
SPBC3B8.03	lys9	viable	V	V	0.038	0.0	9.0
SPBC3B8.04c	plt1	viable	V	V	0.076	-0.0	9.0
SPBC3B8.05	dph1	viable	V	V	0.183	1.546	9.0
SPBC3B8.06	SPBC3B8.06	viable	V	V	0.153	-0.0	9.0
SPBC3B8.07c	dsd1	viable	V	V	-0.005	0.0	9.0
SPBC3B8.08	SPBC3B8.08	viable	V	V	0.021	-0.0	9.0
SPBC3B8.09	utp3	inviable	E	E	1.209	0.12	1.0
SPBC3B8.10	ina17	unknown	Not_determined	Not_determined	0.049	0.0	9.0
SPBC3B8.10c	nem1	viable	V	V			
SPBC3B8.11	rrn6	inviable	E	E	0.788	0.919	3.0
SPBC3B9.01	fes1	inviable	E	E	0.946	1.578	2.0
SPBC3B9.02c	cwf28	inviable	E	E	1.07	0.014	1.0
SPBC3B9.03	srp101	inviable	E	E	0.976	0.625	1.0
SPBC3B9.04	oms1	viable	V	V	0.019	-0.0	9.0
SPBC3B9.05	hot15	viable	V	V	0.185	0.795	7.0
SPBC3B9.06c	atg3	viable	V	V	0.007	0.0	9.0
SPBC3B9.07c	rpa43	inviable	E	E	0.765	0.815	3.0
SPBC3B9.08c	mnh1	viable	V	V	0.012	0.0	9.0
SPBC3B9.09	vps36	viable	V	V	0.023	0.0	9.0
SPBC3B9.10	vti1	inviable	E	E	1.104	-0.0	1.0
SPBC3B9.11c	ctf1	viable	V	V	-0.027	0.0	9.0
SPBC3B9.12	trs23	inviable	E	E	0.986	2.002	4.0
SPBC3B9.13c	rpp102	viable	V	V	0.457	-0.0	7.0
SPBC3B9.14c	mrpl3	inviable	E	E	0.784	1.937	5.0
SPBC3B9.15c	scp1	viable	V	V	0.004	-0.0	9.0
SPBC3B9.16c	nup120	condition-dependent	E	E	0.55	4.23	8.0
SPBC3B9.17	isa2	inviable	E	E	0.693	5.187	6.0
SPBC3B9.18c	vma7	inviable	E	E			
SPBC3B9.19	mge1	inviable	E	E	1.084	0.151	1.0
SPBC3B9.21	dcp1	inviable	E	E	0.569	2.772	5.0
SPBC3B9.22c	dad4	unknown	Not_determined	Not_determined	0.138	3.821	9.0
SPBC3D6.02	but2	viable	V	V	0.011	0.0	9.0
SPBC3D6.03c	trz2	inviable	E	E	1.031	7.905	6.0
SPBC3D6.04c	mad1	viable	V	V	0.024	-0.0	9.0
SPBC3D6.05	ptp4	viable	V	V	0.039	-0.0	9.0
SPBC3D6.06c	prs5	viable	V	V	0.008	0.0	9.0
SPBC3D6.07	gpi3	inviable	E	E	1.056	0.703	1.0
SPBC3D6.08c	lsm1	viable	V	E	0.414	0.682	7.0
SPBC3D6.09	dpb4	viable	V	V	0.03	0.0	9.0
SPBC3D6.10	apn2	viable	V	V			
SPBC3D6.11c	slx8	inviable	E	E	0.156	2.826	9.0
SPBC3D6.12	dip2	inviable	E	E	0.815	0.384	2.0
SPBC3D6.13c	pdi3	viable	V	V	-0.008	0.0	9.0
SPBC3D6.15	rps2501	viable	V	V	-0.021	-0.0	9.0
SPBC3D6.16	SPBC3D6.16	unknown	Not_determined	Not_determined	0.088	-0.0	9.0
SPBC3E7.01	fab1	viable	V	V	0.19	1.218	9.0
SPBC3E7.02c	hsp16	viable	V	V	-0.007	0.0	9.0
SPBC3E7.04c	ric8	unknown	Not_determined	Not_determined	-0.001	0.0	9.0
SPBC3E7.05c	mic60	viable	V	V	0.024	-0.0	9.0
SPBC3E7.06c	fnx2	viable	V	V	-0.06	0.0	9.0
SPBC3E7.07c	SPBC3E7.07c	viable	V	V	0.04	-0.0	9.0
SPBC3E7.08c	rad13	viable	V	V	0.018	-0.0	9.0
SPBC3E7.09	SPBC3E7.09	viable	V	V	0.122	4.261	9.0
SPBC3E7.10	fma1	viable	V	V	0.379	8.263	9.0
SPBC3E7.11c	SPBC3E7.11c	viable	V	V	0.032	-0.0	9.0
SPBC3E7.12c	cfh4	viable	V	V	-0.0	0.0	9.0
SPBC3E7.13c	syf2	inviable	E	E	0.747	1.518	5.0
SPBC3E7.14	smf1	inviable	E	E	0.919	0.428	2.0
SPBC3E7.15c	lac1	viable	V	V	0.411	1.86	7.0
SPBC3E7.16c	leu3	viable	V	V	-0.006	0.0	9.0
SPBC3E7.17	SPBC3E7.17	unknown	Not_determined	Not_determined	-0.006	0.0	9.0
SPBC3F6.01c	hpp5	viable	V	V	0.087	0.0	9.0
SPBC3F6.02c	erg26	inviable	E	E	0.861	1.373	4.0
SPBC3F6.03	trr1	viable	V	V	0.427	0.773	7.0
SPBC3F6.04c	nop14	inviable	E	E	0.877	0.423	2.0
SPBC3F6.05	rga1	viable	V	V	0.573	2.466	5.0
SPBC3H7.01	spo14	inviable	E	E	1.087	0.483	1.0
SPBC3H7.02	sul1	viable	V	V	0.026	0.0	9.0
SPBC3H7.03c	kgd1	condition-dependent	V	V	0.065	2.373	9.0
SPBC3H7.04	SPBC3H7.04	inviable	E	E	0.634	3.133	6.0
SPBC3H7.05c	acn1	viable	V	V	-0.02	0.0	9.0
SPBC3H7.06c	pof9	viable	V	V	0.062	0.0	9.0
SPBC3H7.07c	ser2	viable	V	V	0.683	0.616	3.0
SPBC3H7.08c	mra2	viable	V	V	-0.005	0.0	9.0
SPBC3H7.09	erf2	viable	V	V	0.061	3.646	9.0
SPBC3H7.10	elp6	viable	V	V	0.404	1.087	7.0
SPBC3H7.11	trm141	viable	V	V	0.064	-0.0	9.0
SPBC3H7.12	rav2	viable	V	V	0.034	0.0	9.0
SPBC3H7.13	csc1	viable	V	V	-0.011	0.0	9.0
SPBC3H7.14	mug176	viable	V	V			
SPBC3H7.15	hhp1	condition-dependent	V	V			
SPBC3H7.18	tam8	unknown	Not_determined	Not_determined			
SPBC4.01	dni2	viable	V	V	-0.009	0.0	9.0
SPBC4.02c	SPBC4.02c	viable	V	V	0.034	-0.0	9.0
SPBC4.03c	sfb3	inviable	E	E	0.954	1.295	2.0
SPBC4.04c	mcm2	inviable	E	E	0.972	0.371	2.0
SPBC4.05	mlo2	viable	V	V	0.045	-0.0	9.0
SPBC4.06	SPBC4.06	viable	V	V	-0.001	0.0	9.0
SPBC4.07c	rpt2	inviable	E	E	1.127	0.582	1.0
SPBC405.01	ade1	viable	V	V	0.057	1.131	9.0
SPBC405.02c	SPBC405.02c	viable	V	V			
SPBC405.03c	SPBC405.03c	viable	V	V	0.017	0.0	9.0
SPBC405.04c	ypt7	viable	V	V			
SPBC405.05	atg16	viable	V	V	-0.017	-0.0	9.0
SPBC405.06	xdj1	viable	V	V	0.077	0.0	9.0
SPBC405.07	rpl3602	viable	V	V	0.666	0.49	3.0
SPBC409.03	swi5	viable	Not_determined	Not_determined			
SPBC409.04c	mis12	inviable	E	E	0.77	2.018	5.0
SPBC409.05	skp1	inviable	E	E			
SPBC409.06	uch2	viable	V	V	-0.022	-0.0	9.0
SPBC409.07c	wis1	viable	V	V	0.064	0.0	9.0
SPBC409.08	SPBC409.08	viable	V	V	0.002	0.0	9.0
SPBC409.09c	mis13	inviable	E	E	0.712	1.24	5.0
SPBC409.10	ade7	viable	V	V	-0.003	-0.0	9.0
SPBC409.11	meu18	viable	V	V	-0.006	0.0	9.0
SPBC409.12c	stn1	inviable	E	E	0.581	4.527	6.0
SPBC409.13	rib4	inviable	E	E	0.999	-0.0	1.0
SPBC409.14c	mrps17	inviable	E	E	0.271	5.213	8.0
SPBC409.15	tsr2	inviable	E	E	1.008	0.152	1.0
SPBC409.16c	saw1	viable	V	V	0.06	0.0	9.0
SPBC409.17c	duc2	viable	V	V	0.043	0.0	9.0
SPBC409.18	SPBC409.18	viable	V	V	0.005	0.0	9.0
SPBC409.19c	mtx1	viable	V	V	0.178	7.197	9.0
SPBC409.20c	shr3	viable	V	V	0.886	3.13	4.0
SPBC409.21	sec66	inviable	E	E	0.531	1.061	5.0
SPBC409.23	mim2	condition-dependent	Not_determined	Not_determined	0.438	2.618	8.0
SPBC418.01c	his4	viable	V	V	0.006	0.0	9.0
SPBC418.02	nat1	viable	V	V	0.004	0.0	9.0
SPBC428.01c	nup107	inviable	E	E	0.658	2.709	6.0
SPBC428.02c	eca39	viable	V	V	1.007	1.649	1.0
SPBC428.03c	pho4	viable	V	V	0.062	-0.0	9.0
SPBC428.04	apq12	viable	V	V	0.181	0.503	9.0
SPBC428.05c	arg12	viable	V	V	0.086	0.0	9.0
SPBC428.06c	rxt2	viable	V	V	0.408	5.137	8.0
SPBC428.07	meu6	viable	V	V	0.002	0.0	9.0
SPBC428.08c	clr4	viable	V	V	0.301	7.6	9.0
SPBC428.10	SPBC428.10	viable	V	V	0.018	-0.0	9.0
SPBC428.11	met17	viable	V	V	-0.008	0.0	9.0
SPBC428.12c	SPBC428.12c	viable	V	V	-0.018	-0.0	9.0
SPBC428.13c	mob1	inviable	E	E	0.982	2.488	4.0
SPBC428.14	mlg1	viable	V	V	0.044	-0.0	9.0
SPBC428.15	SPBC428.15	viable	V	V	-0.013	0.0	9.0
SPBC428.16c	rhb1	condition-dependent	E	E	0.921	0.166	2.0
SPBC428.17c	wpl1	viable	V	V	-0.002	0.0	9.0
SPBC428.18	cdt1	inviable	E	E	1.079	-0.0	1.0
SPBC428.19c	utp15	condition-dependent	E	E	1.089	0.662	1.0
SPBC428.20c	alp6	inviable	E	E	0.93	1.18	2.0
SPBC460.01c	SPBC460.01c	unknown	Not_determined	Not_determined	0.029	-0.0	9.0
SPBC460.02c	SPBC460.02c	unknown	Not_determined	Not_determined	-0.001	0.0	9.0
SPBC460.03	vba2	unknown	Not_determined	V	0.001	0.0	9.0
SPBC460.04c	SPBC460.04c	viable	Not_determined	Not_determined	0.026	-0.0	9.0
SPBC460.05	SPBC460.05	unknown	Not_determined	Not_determined	-0.006	0.0	9.0
SPBC4B4.01c	ptk1	inviable	E	E	1.007	-0.0	1.0
SPBC4B4.02c	nca2	viable	V	V	-0.003	0.0	9.0
SPBC4B4.03	rsc1	viable	V	V	0.077	3.049	9.0
SPBC4B4.04	eif21	viable	V	V	0.076	0.0	9.0
SPBC4B4.05	smg1	inviable	E	E			
SPBC4B4.06	vps25	viable	V	V	0.765	8.673	6.0
SPBC4B4.07c	usp102	viable	V	V	0.271	4.024	8.0
SPBC4B4.08	ght2	viable	V	V	0.026	0.0	9.0
SPBC4B4.09	prp39	inviable	E	E	1.016	0.949	1.0
SPBC4B4.10c	atg5	viable	V	V	0.023	-0.0	9.0
SPBC4B4.11	fyv4	viable	V	V	0.001	0.0	9.0
SPBC4B4.12c	SPBC4B4.12c	viable	V	V	-0.02	-0.0	9.0
SPBC4C3.03	thr1	inviable	E	E			
SPBC4C3.04c	dss4	viable	V	V	-0.017	0.0	9.0
SPBC4C3.05c	nuc1	inviable	E	E	1.03	0.182	1.0
SPBC4C3.06	syp1	viable	V	V	0.001	0.0	9.0
SPBC4C3.07	tif306	inviable	E	E			
SPBC4C3.08	otg2	viable	V	V	-0.011	0.0	9.0
SPBC4C3.09	otg3	viable	V	V	0.007	0.0	9.0
SPBC4C3.10c	pre3	inviable	E	E	1.001	0.242	1.0
SPBC4C3.12	sep1	viable	V	V	0.079	0.0	9.0
SPBC4F6.04	rpl2502	viable	V	V	0.272	0.385	7.0
SPBC4F6.05c	emp46	viable	V	V	-0.001	0.0	9.0
SPBC4F6.06	kin1	viable	V	V	0.329	3.663	8.0
SPBC4F6.07c	mak5	inviable	E	E	0.594	0.012	3.0
SPBC4F6.08c	mrpl39	viable	V	V	0.069	0.0	9.0
SPBC4F6.09	str1	viable	V	V	-0.007	0.0	9.0
SPBC4F6.10	vps901	viable	V	V	0.362	5.105	8.0
SPBC4F6.11c	asn2	viable	V	V	0.032	0.0	9.0
SPBC4F6.12	pxl1	viable	V	V	0.025	0.0	9.0
SPBC4F6.13c	erb1	inviable	E	E	0.947	0.012	2.0
SPBC4F6.14	nop4	inviable	E	E	1.005	0.313	1.0
SPBC4F6.15c	swi10	viable	V	V	0.047	1.282	9.0
SPBC4F6.16c	ero11	viable	V	V	0.005	0.0	9.0
SPBC4F6.17c	hsp78	inviable	E	E	0.833	4.805	6.0
SPBC4F6.18c	arf1	inviable	E	E	1.049	-0.0	1.0
SPBC530.01	gyp1	viable	V	V	0.095	-0.0	9.0
SPBC530.02	SPBC530.02	viable	V	V	0.046	-0.0	9.0
SPBC530.03c	bag102	viable	V	V	-0.024	0.0	9.0
SPBC530.04	mod5	viable	V	V	-0.008	0.0	9.0
SPBC530.05	prt1	viable	V	V	0.022	-0.0	9.0
SPBC530.06c	clu1	viable	V	V	0.002	0.0	9.0
SPBC530.07c	SPBC530.07c	viable	V	V			
SPBC530.08	ntu2	viable	V	V	0.035	0.0	9.0
SPBC530.09c	mrl1	viable	V	V	0.008	0.0	9.0
SPBC530.10c	anc1	viable	V	V	0.229	-0.0	9.0
SPBC530.11c	SPBC530.11c	viable	V	V	0.039	0.001	9.0
SPBC530.12c	pdf1	inviable	E	E	1.015	-0.0	1.0
SPBC530.13	lsc1	viable	V	V	0.034	0.001	9.0
SPBC530.14c	dsk1	viable	V	V	0.22	7.762	9.0
SPBC530.15c	shp2	viable	V	V	0.065	0.0	9.0
SPBC530.16	ksh1	inviable	Not_determined	Not_determined	0.966	-0.0	2.0
SPBC543.02c	SPBC543.02c	viable	V	V	0.079	0.0	9.0
SPBC543.03c	pku80	viable	V	V	0.057	0.0	9.0
SPBC543.04	npr3	condition-dependent	E	E	0.582	3.792	6.0
SPBC543.05c	bor1	viable	V	V	0.072	-0.0	9.0
SPBC543.06c	dbp8	inviable	E	E	0.739	0.15	3.0
SPBC543.07	pek1	viable	V	V	0.052	2.302	9.0
SPBC543.08	fit1	viable	V	V	0.001	0.0	9.0
SPBC543.09	yta12	viable	V	V	0.249	0.994	7.0
SPBC543.10	get1	viable	V	V	0.007	0.0	9.0
SPBC557.02c	SPBC557.02c	viable	V	V	0.003	0.0	9.0
SPBC557.03c	pim1	inviable	E	E			
SPBC557.04	ppk29	viable	V	V	0.019	0.0	9.0
SPBC557.05	SPBC557.05	viable	V	V	0.062	-0.0	9.0
SPBC56F2.01	pof12	viable	V	V	0.002	0.0	9.0
SPBC56F2.02	rpl1901	viable	V	V	0.602	0.002	3.0
SPBC56F2.03	arp10	viable	V	V	0.039	-0.0	9.0
SPBC56F2.04	utp20	viable	V	E	1.044	-0.0	1.0
SPBC56F2.05c	SPBC56F2.05c	viable	V	V			
SPBC56F2.06	mug147	viable	V	V	0.027	0.0	9.0
SPBC56F2.07c	SPBC56F2.07c	inviable	E	E	1.007	0.697	1.0
SPBC56F2.08c	puf1	viable	V	V	0.218	-0.0	9.0
SPBC56F2.09c	arg5	viable	V	V	-0.168	-0.0	9.0
SPBC56F2.10c	alg5	viable	V	V	0.098	4.362	9.0
SPBC56F2.11	met6	viable	V	V	0.207	6.177	9.0
SPBC56F2.12	ilv5	viable	V	V	0.88	0.89	2.0
SPBC56F2.14	mrpl44	viable	V	V	-0.013	0.0	9.0
SPBC56F2.15	tam13	viable	Not_determined	Not_determined			
SPBC577.02	rpl3801	viable	V	V	0.454	-0.0	7.0
SPBC577.03c	SPBC577.03c	viable	V	V	0.064	-0.0	9.0
SPBC577.04	tho5	viable	V	V	0.737	5.348	6.0
SPBC577.05c	rec27	viable	V	V	-0.018	0.0	9.0
SPBC577.06c	stt4	condition-dependent	V	E	1.082	-0.0	1.0
SPBC577.07	ubp10	inviable	E	E	0.655	1.379	5.0
SPBC577.08c	txl1	viable	V	V	0.0	0.0	9.0
SPBC577.09	ckn1	inviable	E	E	0.12	0.0	9.0
SPBC577.10	pre4	inviable	E	E			
SPBC577.11	SPBC577.11	viable	V	V	-0.005	0.0	9.0
SPBC577.12	dph6	viable	V	V	0.035	0.0	9.0
SPBC577.13	syj2	viable	V	V	-0.003	0.0	9.0
SPBC577.14c	spa1	viable	V	V	0.088	-0.0	9.0
SPBC577.15c	sim3	viable	V	V			
SPBC582.03	cdc13	inviable	E	E	0.547	0.631	5.0
SPBC582.04c	dsh1	viable	V	V	0.1	0.0	9.0
SPBC582.05c	brc1	viable	V	V	0.113	5.364	9.0
SPBC582.06c	mcp6	viable	V	V	-0.097	0.0	9.0
SPBC582.07c	rpn7	inviable	E	E	1.163	0.639	1.0
SPBC582.08	alt1	viable	V	V	-0.006	0.0	9.0
SPBC582.09	pex11	viable	V	V	0.03	0.0	9.0
SPBC582.10c	rhp1602	viable	V	V	-0.013	0.0	9.0
SPBC609.01	SPBC609.01	inviable	E	E	0.723	-0.0	3.0
SPBC609.02	ptn1	viable	V	V	-0.019	-0.0	9.0
SPBC609.03	iqw1	viable	V	V	0.004	-0.0	9.0
SPBC609.04	caf5	viable	V	V	0.003	0.0	9.0
SPBC609.05	pob3	viable	V	V	0.095	0.815	9.0
SPBC646.02	cwf11	viable	V	V	0.004	0.0	9.0
SPBC646.03	gta1	inviable	E	E	0.775	7.239	6.0
SPBC646.04	pla1	inviable	E	E	0.8	2.507	4.0
SPBC646.05c	erg9	inviable	E	E	1.13	0.996	1.0
SPBC646.06c	agn2	viable	V	V	0.012	0.0	9.0
SPBC646.07c	tsc13	inviable	E	E	0.762	1.41	5.0
SPBC646.08c	oss1	viable	V	V			
SPBC646.09c	int6	viable	V	V	0.739	7.247	6.0
SPBC646.10c	nop56	inviable	E	E	1.096	-0.0	1.0
SPBC646.11	cct6	inviable	E	E	1.016	-0.0	1.0
SPBC646.12c	gap1	viable	V	V	0.002	0.0	9.0
SPBC646.13	sds23	condition-dependent	V	V	1.037	0.0	1.0
SPBC646.14c	orc5	inviable	E	E	0.765	0.0	3.0
SPBC646.15c	pex16	viable	V	V	-0.012	0.0	9.0
SPBC646.16	scl1	inviable	E	E	0.951	0.68	2.0
SPBC646.17c	dic1	viable	V	V	-0.014	0.0	9.0
SPBC649.02	rps1902	viable	V	V	0.138	5.521	9.0
SPBC649.03	rhp14	viable	V	V	-0.013	-0.0	9.0
SPBC649.04	uvi15	viable	V	V	0.039	-0.0	9.0
SPBC649.05	cut12	inviable	E	E	0.72	0.755	3.0
SPBC651.01c	nog1	inviable	E	E	1.0	-0.0	1.0
SPBC651.02	nit1	viable	V	V	0.017	0.0	9.0
SPBC651.03c	gyp10	viable	V	V	0.017	0.0	9.0
SPBC651.04	SPBC651.04	viable	V	V	-0.023	-0.0	9.0
SPBC651.05c	dot2	viable	V	V	-0.009	-0.0	9.0
SPBC651.06	mug166	viable	V	V			
SPBC651.07	SPBC651.07	viable	V	V	0.026	0.0	9.0
SPBC651.08c	rpc1	inviable	E	E	1.102	0.315	1.0
SPBC651.09c	prf1	viable	V	V	0.255	-0.0	9.0
SPBC651.10	nse5	viable	V	V	0.291	4.52	8.0
SPBC651.11c	apm3	viable	V	V	0.052	0.0	9.0
SPBC651.12c	dbl7	viable	V	V	-0.007	0.0	9.0
SPBC660.05	wwm3	viable	V	V	-0.024	-0.0	9.0
SPBC660.06	wwm2	viable	V	V	0.057	-0.0	9.0
SPBC660.07	ntp1	viable	V	V	0.102	1.302	9.0
SPBC660.08	atg38	viable	V	V	0.03	0.0	9.0
SPBC660.09	mug168	viable	V	V	-0.023	0.0	9.0
SPBC660.10	gfm2	viable	V	V	0.188	6.497	9.0
SPBC660.11	tcg1	viable	V	V	0.049	0.351	9.0
SPBC660.12c	egt2	viable	V	V	-0.004	0.0	9.0
SPBC660.13c	ssb1	inviable	E	E	1.016	0.912	1.0
SPBC660.14	mik1	viable	V	V	0.019	0.0	9.0
SPBC660.15	msi2	inviable	E	E	0.73	4.08	6.0
SPBC660.16	gnd1	inviable	E	E	1.011	-0.0	1.0
SPBC660.17c	SPBC660.17c	viable	V	V	-0.009	0.0	9.0
SPBC685.02	exo5	viable	V	V	0.044	-0.0	9.0
SPBC685.03	SPBC685.03	viable	V	V			
SPBC685.04c	aps2	viable	V	V	-0.026	-0.0	9.0
SPBC685.05	gpi15	inviable	E	E	0.959	0.762	2.0
SPBC685.06	rps001	viable	V	V			
SPBC685.07c	rpl2701	viable	V	V	1.036	-0.0	1.0
SPBC685.08	SPBC685.08	viable	Not_determined	Not_determined	-0.018	0.0	9.0
SPBC685.09	orc2	inviable	E	E			
SPBC691.01	pfa5	viable	V	V	0.017	0.0	9.0
SPBC691.02c	drp1	inviable	E	E	0.927	0.099	2.0
SPBC691.03c	apl3	viable	V	V	-0.002	0.0	9.0
SPBC691.04	mss116	viable	V	V	0.203	4.013	9.0
SPBC691.05c	ist2	viable	V	V	-0.018	-0.0	9.0
SPBC6B1.02	ppk30	viable	V	V	0.024	-0.0	9.0
SPBC6B1.03c	pal2	viable	V	V	0.011	0.0	9.0
SPBC6B1.04	mde4	viable	V	V	0.354	2.851	8.0
SPBC6B1.05c	atg7	viable	V	V	0.001	0.0	9.0
SPBC6B1.06c	ubp14	viable	V	V	0.085	0.0	9.0
SPBC6B1.07	prp1	inviable	E	E	0.793	0.343	3.0
SPBC6B1.08c	ofd1	viable	V	V	0.15	0.746	9.0
SPBC6B1.09c	nbs1	viable	V	V	0.472	-0.0	3.0
SPBC6B1.10	prp17	condition-dependent	V	V	0.036	0.0	9.0
SPBC6B1.12c	sus1	viable	Not_determined	Not_determined	0.051	1.04	9.0
SPBC713.02c	ubp15	viable	V	V	0.061	0.0	9.0
SPBC713.03	dld2	viable	V	V	-0.004	0.0	9.0
SPBC713.04c	pwp2	inviable	E	E	1.028	0.228	1.0
SPBC713.05	wdr83	viable	V	V	0.019	-0.0	9.0
SPBC713.06	adl1	viable	V	V	0.037	-0.0	9.0
SPBC713.07c	SPBC713.07c	viable	V	V	0.244	0.485	7.0
SPBC713.08	mim1	viable	V	V			
SPBC713.09	SPBC713.09	viable	V	V	-0.057	0.0	9.0
SPBC713.10	tim16	inviable	E	E	0.861	0.438	2.0
SPBC713.11c	pmp3	viable	V	V	0.008	0.0	9.0
SPBC713.12	erg1	inviable	E	E	0.947	0.342	2.0
SPBC713.14c	SPBC713.14c	viable	Not_determined	Not_determined			
SPBC725.01	maa1	condition-dependent	V	V	0.087	0.0	9.0
SPBC725.02	mpr1	viable	V	V	0.143	-0.0	9.0
SPBC725.03	SPBC725.03	viable	V	V	0.002	-0.0	9.0
SPBC725.04	hac1	viable	V	V	0.015	-0.0	9.0
SPBC725.05c	npp1	viable	V	V	0.011	0.0	9.0
SPBC725.06c	ppk31	viable	V	V	-0.001	0.0	9.0
SPBC725.07	pex5	viable	V	V	-0.022	-0.0	9.0
SPBC725.08	pir2	inviable	E	E	0.753	1.739	5.0
SPBC725.09c	hob3	viable	V	V	0.079	0.392	9.0
SPBC725.10	tsp0	condition-dependent	V	V	-0.005	0.0	9.0
SPBC725.11c	php2	condition-dependent	V	V	0.0	0.0	9.0
SPBC725.12	nbl1	viable	Not_determined	Not_determined	0.234	1.989	8.0
SPBC725.13c	psf2	inviable	E	E	0.851	0.54	2.0
SPBC725.14	arg6	viable	V	V	-0.035	0.465	9.0
SPBC725.15	ura5	viable	V	V	0.097	0.106	9.0
SPBC725.16	res1	inviable	E	E	0.401	0.719	7.0
SPBC725.17c	rrn11	inviable	E	E	0.683	1.598	5.0
SPBC776.01	rpl29	viable	V	V	0.086	-0.0	9.0
SPBC776.02c	dis2	viable	V	V			
SPBC776.03	hom6	viable	V	V	1.089	0.662	1.0
SPBC776.04	sec2302	viable	V	V	0.518	3.283	8.0
SPBC776.05	gpc1	viable	V	V	0.001	0.0	9.0
SPBC776.06c	SPBC776.06c	viable	V	V	0.019	0.0	9.0
SPBC776.07	mam33	inviable	E	E	0.98	1.294	2.0
SPBC776.08c	utp22	inviable	E	E	0.931	0.157	2.0
SPBC776.09	ste13	viable	V	V	0.256	0.723	7.0
SPBC776.10c	cog6	inviable	E	E	0.798	2.386	4.0
SPBC776.11	rpl2801	viable	V	V			
SPBC776.12c	hsk1	condition-dependent	E	E	0.914	0.005	2.0
SPBC776.13	cnd1	inviable	E	E	0.84	0.653	2.0
SPBC776.14	plh1	viable	V	V	0.023	0.0	9.0
SPBC776.15c	kgd2	viable	V	V	0.103	2.279	9.0
SPBC776.16	mis20	viable	V	V	0.016	-0.0	9.0
SPBC776.17	rrp7	viable	V	V	0.468	0.493	7.0
SPBC776.18c	pmh1	inviable	E	E	0.82	4.246	6.0
SPBC800.02	whi5	viable	V	V	-0.009	0.0	9.0
SPBC800.03	clr3	viable	V	V	0.062	0.0	9.0
SPBC800.04c	rpl4301	viable	V	V			
SPBC800.05c	atb2	viable	V	V	0.063	1.217	9.0
SPBC800.06	brx1	inviable	E	E	1.037	0.265	1.0
SPBC800.07c	tsf1	viable	V	V	0.436	7.62	6.0
SPBC800.08	trm6	viable	V	V	0.221	2.472	8.0
SPBC800.09	sum2	viable	V	V	0.157	1.359	9.0
SPBC800.10c	ede1	viable	V	V	0.324	1.082	7.0
SPBC800.11	SPBC800.11	viable	V	V	-0.014	0.0	9.0
SPBC800.12c	SPBC800.12c	viable	V	V	-0.048	0.0	9.0
SPBC800.13	cnp20	inviable	E	E	0.659	3.069	6.0
SPBC800.14c	SPBC800.14c	viable	Not_determined	Not_determined	0.068	0.0	9.0
SPBC83.01	ucp8	viable	V	V	0.01	-0.0	9.0
SPBC83.02c	rpl4302	viable	V	V			
SPBC83.03c	tas3	viable	V	V	0.016	0.0	9.0
SPBC83.04	apc15	viable	V	V	0.033	-0.0	9.0
SPBC83.05	yme2	viable	V	V	0.014	-0.0	9.0
SPBC83.06c	rtc6	inviable	E	E	0.578	3.204	6.0
SPBC83.07	jmj3	inviable	E	E	0.688	5.153	6.0
SPBC83.08	rvb2	inviable	E	E	1.081	0.048	1.0
SPBC83.09c	lin1	viable	V	V	0.11	-0.0	9.0
SPBC83.10	emc7	viable	V	V	0.047	1.305	9.0
SPBC83.11	pet2	viable	V	V	0.028	0.0	9.0
SPBC83.12	SPBC83.12	viable	V	V	-0.007	0.0	9.0
SPBC83.13	yhm2	viable	V	V	-0.039	-0.0	9.0
SPBC83.14c	rfc5	inviable	E	E	0.826	3.531	4.0
SPBC83.15	wdr74	inviable	E	E	0.992	0.413	1.0
SPBC83.16c	SPBC83.16c	viable	V	V	0.001	0.0	9.0
SPBC83.17	mbf1	viable	V	V			
SPBC83.18c	fic1	viable	V	V	-0.012	0.0	9.0
SPBC83.19c	SPBC83.19c	viable	V	V			
SPBC839.02	aly1	viable	V	V	0.052	0.0	9.0
SPBC839.03c	dcn1	viable	V	V	0.074	2.427	9.0
SPBC839.04	rpl803	viable	V	V			
SPBC839.05c	rps1701	viable	V	V	0.364	0.239	7.0
SPBC839.06	cta3	viable	V	V	-0.01	0.0	9.0
SPBC839.07	ibp1	viable	V	V	0.003	0.0	9.0
SPBC839.08c	its8	condition-dependent	E	E	0.926	0.864	2.0
SPBC839.09c	mrp21	inviable	E	E			
SPBC839.10	usp107	inviable	E	E	0.787	4.15	6.0
SPBC839.11c	hut1	viable	V	V	0.022	-0.0	9.0
SPBC839.12	rpc31	inviable	E	E			
SPBC839.13c	rpl1601	viable	V	V			
SPBC839.14c	efm4	viable	V	V	0.024	0.0	9.0
SPBC839.15c	tef103	viable	V	V	0.374	1.507	7.0
SPBC839.16	thf1	viable	V	V	0.003	0.0	9.0
SPBC839.17c	fkh1	viable	V	V	0.041	-0.0	9.0
SPBC839.19	new20	viable	Not_determined	Not_determined	-0.003	0.0	9.0
SPBC839.20	new14	viable	Not_determined	Not_determined	-0.016	0.0	9.0
SPBC887.01	adi1	viable	V	V	0.001	-0.0	9.0
SPBC887.02	SPBC887.02	viable	V	V	-0.041	0.0	9.0
SPBC887.03c	noc3	inviable	E	E	1.029	0.136	1.0
SPBC887.04c	lub1	viable	V	V	0.09	3.124	9.0
SPBC887.05c	cwf29	viable	V	E	0.438	0.498	7.0
SPBC887.06c	snx3	viable	V	V	-0.024	0.0	9.0
SPBC887.07	mrpl38	inviable	E	E	0.644	3.901	6.0
SPBC887.08	SPBC887.08	viable	V	V	0.094	-0.0	9.0
SPBC887.09c	sog2	inviable	E	E	1.087	1.699	1.0
SPBC887.10	mcs4	viable	V	V	0.096	1.208	9.0
SPBC887.11	pus2	viable	V	V	-0.009	0.0	9.0
SPBC887.12	SPBC887.12	inviable	E	E	1.042	-0.0	1.0
SPBC887.13c	cem1	inviable	E	E	0.574	7.499	6.0
SPBC887.14c	pfh1	inviable	E	E	0.756	0.754	3.0
SPBC887.15c	sur2	viable	V	V	0.053	-0.0	9.0
SPBC887.16	SPBC887.16	viable	Not_determined	Not_determined	0.007	0.0	9.0
SPBC887.17	SPBC887.17	condition-dependent	V	V	0.075	-0.0	9.0
SPBC887.18c	hfi1	viable	V	V	0.497	4.689	8.0
SPBC887.19	rft1	inviable	E	E	0.735	0.164	3.0
SPBC887.22	spc1	condition-dependent	Not_determined	Not_determined	0.002	0.0	9.0
SPBC8D2.01	gsk31	viable	V	V	0.019	0.0	9.0
SPBC8D2.02c	vps68	viable	V	V			
SPBC8D2.03c	hhf2	viable	V	V			
SPBC8D2.04	hht2	viable	V	V			
SPBC8D2.05c	sfi1	inviable	E	E	0.623	1.362	5.0
SPBC8D2.06	irs1	inviable	E	E	1.122	-0.0	1.0
SPBC8D2.07c	sfc9	inviable	E	V	0.609	5.638	6.0
SPBC8D2.09c	msl1	inviable	E	E	0.995	1.06	2.0
SPBC8D2.10c	rmt3	viable	V	V	0.04	0.0	9.0
SPBC8D2.11	SPBC8D2.11	viable	V	V	0.056	0.0	9.0
SPBC8D2.12c	tac1	viable	V	V	-0.027	0.0	9.0
SPBC8D2.13	shq1	inviable	E	E	0.729	0.926	3.0
SPBC8D2.14c	sed5	inviable	E	E	0.979	-0.0	2.0
SPBC8D2.15	lip5	inviable	E	E	0.809	6.745	6.0
SPBC8D2.16c	SPBC8D2.16c	viable	V	V	0.003	0.0	9.0
SPBC8D2.17	gmh4	viable	V	V	0.478	5.492	8.0
SPBC8D2.18c	sah1	viable	V	V	0.631	0.317	3.0
SPBC8D2.19	mde3	viable	V	V	0.005	0.0	9.0
SPBC8D2.20c	sec31	condition-dependent	V	V			
SPBC8D2.23	new15	viable	Not_determined	Not_determined	-0.01	0.0	9.0
SPBC8E4.01c	pho84	viable	V	V	-0.026	0.0	9.0
SPBC8E4.03	agm3	viable	V	V	0.001	0.0	9.0
SPBC8E4.04	SPBC8E4.04	viable	V	V			
SPBC8E4.05c	SPBC8E4.05c	viable	V	V	0.012	0.0	9.0
SPBC8E4.12c	ecl3	viable	Not_determined	Not_determined			
SPBC902.02c	ctf18	viable	V	V	0.134	2.271	9.0
SPBC902.03	nem2	viable	V	V	0.118	0.671	9.0
SPBC902.04	rmn1	viable	V	V	-0.007	0.0	9.0
SPBC902.05c	idh2	viable	V	V	0.146	0.185	9.0
SPBC902.06	mto2	viable	V	V	0.063	0.0	9.0
SPBC947.01	knk1	viable	V	V	-0.031	0.0	9.0
SPBC947.02	apl2	viable	V	V	0.541	2.148	5.0
SPBC947.03c	naa38	viable	V	V			
SPBC947.04	pfl3	viable	V	V	0.005	0.0	9.0
SPBC947.05c	frp2	viable	V	V	-0.006	0.0	9.0
SPBC947.06c	SPBC947.06c	viable	V	V	-0.026	-0.0	9.0
SPBC947.07	rrp1402	inviable	E	E	1.148	0.16	1.0
SPBC947.08c	hip4	viable	V	V	0.14	0.04	9.0
SPBC947.09	hsp3103	viable	V	V			
SPBC947.10	dsc1	viable	V	V	-0.014	-0.0	9.0
SPBC947.11c	elg1	viable	V	V	0.043	0.0	9.0
SPBC947.12	kms2	condition-dependent	E	E	0.535	3.12	8.0
SPBC947.13	rba50	viable	V	E	0.782	0.788	3.0
SPBC947.14c	cbp6	viable	V	V	0.11	2.901	9.0
SPBC947.15c	ndi1	viable	V	V	0.084	-0.0	9.0
SPBC9B6.02c	Tf2-9	unknown	Not_determined	Not_determined	0.006	0.0	9.0
SPBC9B6.03	pib2	viable	V	V			
SPBC9B6.04c	tuf1	inviable	E	E	0.805	4.421	6.0
SPBC9B6.05c	lsm3	inviable	E	E	0.466	1.288	7.0
SPBC9B6.06	mrpl10	inviable	E	E	0.668	3.754	6.0
SPBC9B6.07	nop52	viable	V	V	0.504	-0.0	3.0
SPBC9B6.08	clc1	inviable	E	E			
SPBC9B6.09c	mdl1	viable	V	V	0.01	0.0	9.0
SPBC9B6.10	cdc37	inviable	E	E	0.853	2.652	4.0
SPBC9B6.11c	SPBC9B6.11c	viable	V	V	0.311	4.981	8.0
SPBCPT2R1.01c	SPBCPT2R1.01c	viable	V	V			
SPBCPT2R1.02	SPBCPT2R1.02	viable	V	V			
SPBCPT2R1.03	SPBCPT2R1.03	viable	V	V			
SPBCPT2R1.04c	SPBCPT2R1.04c	viable	V	V			
SPBCPT2R1.08c	tlh2	viable	V	V			
SPBP16F5.02	mcs2	inviable	E	E	0.589	3.648	6.0
SPBP16F5.03c	tra1	viable	V	V	0.11	0.0	9.0
SPBP16F5.04	ubc7	viable	V	V	0.003	0.0	9.0
SPBP16F5.05c	yar1	viable	V	V	0.311	-0.0	7.0
SPBP16F5.06	nop8	inviable	E	E	0.791	0.692	3.0
SPBP16F5.07	apm1	condition-dependent	V	V	0.569	1.977	5.0
SPBP16F5.08c	fmo1	viable	V	V	0.745	9.511	6.0
SPBP18G5.02	pgs1	inviable	E	E	0.799	5.735	6.0
SPBP18G5.03	toc1	viable	V	V	-0.008	0.0	9.0
SPBP19A11.01	gcv3	inviable	E	E	0.024	0.0	9.0
SPBP19A11.02c	SPBP19A11.02c	viable	V	V			
SPBP19A11.03c	mts4	inviable	E	E	1.047	0.425	1.0
SPBP19A11.04c	mor2	inviable	E	E	0.77	1.31	5.0
SPBP19A11.06	lid2	inviable	E	E	0.563	2.303	5.0
SPBP19A11.07c	hid2	unknown	Not_determined	Not_determined	-0.011	0.0	9.0
SPBP22H7.02c	mrd1	inviable	E	E	1.082	-0.0	1.0
SPBP22H7.03	sbg1	inviable	E	E	0.55	0.809	5.0
SPBP22H7.04	SPBP22H7.04	viable	V	V	0.033	0.0	9.0
SPBP22H7.05c	abo2	viable	V	V	0.032	0.0	9.0
SPBP22H7.06	nrk1	viable	V	V	-0.004	0.0	9.0
SPBP22H7.07	prp5	inviable	E	E	1.002	0.372	1.0
SPBP22H7.08	rps1002	viable	V	V	0.886	0.604	2.0
SPBP22H7.09c	mis15	inviable	E	E	0.726	3.395	6.0
SPBP23A10.02	pkr1	viable	V	V	0.282	5.2	8.0
SPBP23A10.03c	sdh7	viable	V	V	-0.002	0.0	9.0
SPBP23A10.04	apc2	inviable	E	E	1.065	1.263	1.0
SPBP23A10.05	ssr4	condition-dependent	V	V	0.231	3.244	8.0
SPBP23A10.06	mtm1	inviable	E	E	1.166	6.102	6.0
SPBP23A10.07	rpa2	inviable	E	E	1.09	0.741	1.0
SPBP23A10.08	alp5	inviable	E	E	0.65	1.405	5.0
SPBP23A10.09	psf1	inviable	E	E	0.671	0.132	3.0
SPBP23A10.10	ppk32	viable	V	V	0.065	-0.0	9.0
SPBP23A10.11c	SPBP23A10.11c	viable	Not_determined	Not_determined	-0.051	5.878	9.0
SPBP23A10.12	frg1	viable	V	V	0.078	0.0	9.0
SPBP23A10.13	orc4	inviable	E	E	0.896	1.774	4.0
SPBP23A10.14c	ell1	viable	V	V	-0.0	0.0	9.0
SPBP23A10.15c	qcr1	inviable	E	E	1.015	-0.0	1.0
SPBP23A10.16	tim18	viable	V	V	0.039	0.0	9.0
SPBP23A10.17	SPBP23A10.17	viable	Not_determined	Not_determined			
SPBP26C9.02c	car1	viable	V	V	-0.041	-0.0	9.0
SPBP26C9.03c	fet4	viable	V	V	0.031	0.0	9.0
SPBP35G2.02	txc1	viable	V	V			
SPBP35G2.03c	sgo1	viable	V	V	0.003	0.0	9.0
SPBP35G2.04c	SPBP35G2.04c	viable	V	V	-0.016	-0.0	9.0
SPBP35G2.05c	cki2	viable	V	V			
SPBP35G2.06c	nup131	viable	V	V	0.198	0.912	7.0
SPBP35G2.07	ilv1	viable	V	V	0.987	0.253	1.0
SPBP35G2.08c	air1	viable	V	V	0.303	1.998	7.0
SPBP35G2.09	usp103	inviable	E	E	0.155	8.091	9.0
SPBP35G2.10	mit1	viable	V	V	-0.004	0.0	9.0
SPBP35G2.11c	nbr1	viable	V	V	0.074	-0.0	9.0
SPBP35G2.12	ysa1	viable	V	V	0.06	0.0	9.0
SPBP35G2.13c	swc2	viable	V	V	0.085	-0.0	9.0
SPBP35G2.14	puf2	viable	V	V	0.068	-0.0	9.0
SPBP35G2.16c	ecl2	viable	Not_determined	Not_determined			
SPBP35G2.17	SPBP35G2.17	unknown	Not_determined	Not_determined			
SPBP4G3.02	pho1	viable	V	V	0.002	0.0	9.0
SPBP4G3.03	fub2	viable	V	V	0.005	0.0	9.0
SPBP4H10.03	oxa102	viable	V	V/E	0.152	2.101	9.0
SPBP4H10.04	ppb1	viable	V	V	0.021	-0.0	9.0
SPBP4H10.05c	spe2	viable	V	V	0.257	3.822	8.0
SPBP4H10.06c	cut14	inviable	E	E	0.893	0.696	2.0
SPBP4H10.07	SPBP4H10.07	viable	V	V	-0.04	0.0	9.0
SPBP4H10.08	qcr10	viable	V	V	0.002	-0.0	9.0
SPBP4H10.09	rsv1	viable	V	V	0.116	-0.0	9.0
SPBP4H10.10	rbd3	viable	V	V	0.056	0.0	9.0
SPBP4H10.11c	lcf2	viable	V	V	0.183	5.085	8.0
SPBP4H10.12	SPBP4H10.12	viable	V	V	-0.001	-0.0	9.0
SPBP4H10.13	rps2302	viable	V	V			
SPBP4H10.14c	SPBP4H10.14c	viable	V	V	-0.047	0.0	9.0
SPBP4H10.15	aco2	inviable	E	E	0.818	4.23	6.0
SPBP4H10.16c	SPBP4H10.16c	viable	V	V	-0.021	0.0	9.0
SPBP4H10.17c	SPBP4H10.17c	viable	V	V	0.0	0.0	9.0
SPBP4H10.18c	SPBP4H10.18c	viable	V	V	0.074	2.115	9.0
SPBP4H10.19c	SPBP4H10.19c	viable	V	V	0.003	0.0	9.0
SPBP4H10.20	nhm1	viable	V	V	-0.002	0.0	9.0
SPBP4H10.21c	sld5	inviable	E	E	0.768	0.723	3.0
SPBP8B7.01c	pop7	inviable	E	E	0.824	1.042	2.0
SPBP8B7.02	rng9	viable	V	V	0.09	0.0	9.0
SPBP8B7.03c	rpl402	inviable	E	E			
SPBP8B7.04	mug45	viable	V	V	0.009	0.0	9.0
SPBP8B7.05c	nce103	condition-dependent	E	E	0.357	0.319	7.0
SPBP8B7.06	rpp201	viable	V	V	0.313	-0.0	7.0
SPBP8B7.07c	set6	viable	V	V	-0.053	0.0	9.0
SPBP8B7.08c	ppm1	viable	V	V	-0.078	0.0	9.0
SPBP8B7.09c	los1	viable	V	V	0.29	4.638	8.0
SPBP8B7.10c	utp16	viable	V	V	0.216	1.644	9.0
SPBP8B7.11	nxt3	viable	V	V	0.223	0.874	7.0
SPBP8B7.12c	fta3	inviable	E	E	0.88	4.898	6.0
SPBP8B7.13	vac7	viable	V	V	0.032	0.0	9.0
SPBP8B7.14c	dpb2	inviable	E	E	1.087	-0.0	1.0
SPBP8B7.15c	mpe1	inviable	E	E	1.274	-0.0	1.0
SPBP8B7.16c	dbp2	inviable	E	E	0.735	0.67	3.0
SPBP8B7.17c	thi20	inviable	E	E	0.851	1.098	2.0
SPBP8B7.18c	thi201	viable	V	V	0.075	-0.0	9.0
SPBP8B7.19	spt16	inviable	E	E	0.657	1.286	5.0
SPBP8B7.20c	nop2	inviable	E	E	1.128	0.516	1.0
SPBP8B7.21	ubp3	viable	V	V	0.044	0.391	9.0
SPBP8B7.22	erd2	viable	V	E	0.838	5.778	6.0
SPBP8B7.23	rnf10	viable	V	V	0.03	0.0	9.0
SPBP8B7.24c	atg8	viable	V	V	0.003	0.0	9.0
SPBP8B7.25	cyp4	viable	V	V	-0.052	-0.0	9.0
SPBP8B7.26	SPBP8B7.26	viable	V	V			
SPBP8B7.27	mug30	viable	V	V	0.124	-0.0	9.0
SPBP8B7.28c	stc1	viable	V	V	0.032	1.177	9.0
SPBP8B7.29	abz1	inviable	E	E	-0.014	-0.0	9.0
SPBP8B7.30c	thi5	viable	V	V	0.007	0.0	9.0
SPBP8B7.31	SPBP8B7.31	viable	V	V	0.007	0.0	9.0
SPBP8B7.32	SPBP8B7.32	viable	Not_determined	Not_determined	-0.002	0.0	9.0
SPBPB10D8.01	SPBPB10D8.01	viable	V	V	0.088	-0.0	9.0
SPBPB10D8.02c	SPBPB10D8.02c	viable	V	V	0.035	-0.0	9.0
SPBPB10D8.04c	ssu1	viable	V	V			
SPBPB10D8.05c	ssu2	viable	V	V			
SPBPB10D8.06c	ssu3	viable	V	V			
SPBPB10D8.07c	ssu4	viable	V	V			
SPBPB21E7.01c	eno102	viable	V	V	0.05	-0.0	9.0
SPBPB21E7.02c	SPBPB21E7.02c	unknown	Not_determined	Not_determined	0.028	0.0	9.0
SPBPB21E7.04c	cmt2	viable	V	V	0.045	-0.0	9.0
SPBPB21E7.05	SPBPB21E7.05	viable	V	V	0.02	0.0	9.0
SPBPB21E7.07	aes1	unknown	Not_determined	Not_determined	0.175	7.031	9.0
SPBPB21E7.09	SPBPB21E7.09	viable	V	V	0.019	-0.0	9.0
SPBPB21E7.10	SPBPB21E7.10	unknown	Not_determined	Not_determined	0.123	5.546	9.0
SPBPB21E7.11	SPBPB21E7.11	unknown	Not_determined	Not_determined	0.049	2.934	9.0
SPBPB2B2.01	nrg1	viable	V	V	0.039	0.0	9.0
SPBPB2B2.02	say1	viable	V	V	0.036	0.0	9.0
SPBPB2B2.05	SPBPB2B2.05	viable	V	V	0.022	-0.0	9.0
SPBPB2B2.06c	efn1	viable	V	V	0.029	0.0	9.0
SPBPB2B2.07c	SPBPB2B2.07c	viable	V	V	0.052	3.315	9.0
SPBPB2B2.08	SPBPB2B2.08	viable	V	V	0.308	7.774	9.0
SPBPB2B2.09c	pan5	viable	V	V	0.041	1.046	9.0
SPBPB2B2.10c	gal7	viable	V	V	0.105	4.85	9.0
SPBPB2B2.11	tgd1	viable	V	V	0.03	0.0	9.0
SPBPB2B2.12c	gal10	viable	V	V	0.039	0.0	9.0
SPBPB2B2.13	gal1	viable	V	V	0.0	0.0	9.0
SPBPB2B2.14c	SPBPB2B2.14c	viable	V	V			
SPBPB2B2.15	SPBPB2B2.15	viable	V	V			
SPBPB2B2.16c	SPBPB2B2.16c	viable	V	V			
SPBPB2B2.17c	ftm7	unknown	Not_determined	Not_determined			
SPBPB2B2.18	SPBPB2B2.18	viable	V	V			
SPBPB2B2.19c	SPBPB2B2.19c	viable	V	V			
SPBPB7E8.01	SPBPB7E8.01	viable	V	V	0.03	0.0	9.0
SPBPB7E8.02	SPBPB7E8.02	viable	V	V	-0.042	-0.0	9.0
SPBPB8B6.02c	SPBPB8B6.02c	unknown	Not_determined	Not_determined	0.058	-0.0	9.0
SPBPB8B6.03	fah1	viable	Not_determined	Not_determined	0.011	0.0	9.0
SPBPB8B6.04c	grt1	viable	V	V	0.042	0.0	9.0
SPBPB8B6.05c	SPBPB8B6.05c	viable	V	V	0.002	0.0	9.0
SPBPB8B6.06c	fex2	viable	Not_determined	Not_determined	-0.001	-0.0	9.0
SPBPJ4664.01	dps1	condition-dependent	V	V	0.189	5.36	8.0
SPBPJ4664.02	SPBPJ4664.02	viable	V	V	-0.09	3.216	9.0
SPBPJ4664.03	mfm3	viable	V	V	-0.03	-0.0	9.0
SPBPJ4664.04	cop1	condition-dependent	E	E	1.123	-0.0	1.0
SPBPJ4664.05	aig1	viable	V	V	-0.011	0.0	9.0
SPBPJ4664.06	gpt1	viable	V	V	-0.003	0.0	9.0
SPCC1020.01c	pma2	viable	V	V	0.563	-0.0	3.0
SPCC1020.02	spc7	inviable	E	E	0.844	1.328	4.0
SPCC1020.03	mmt1	viable	V	V	-0.008	-0.0	9.0
SPCC1020.04c	rpb6	inviable	E	E	1.202	0.471	1.0
SPCC1020.05	dcr2	viable	V	V	0.134	-0.0	9.0
SPCC1020.06c	tal1	viable	V	V			
SPCC1020.07	SPCC1020.07	viable	V	V	0.101	0.0	9.0
SPCC1020.08	tyw1	viable	V	V	0.048	-0.0	9.0
SPCC1020.09	gnr1	viable	V	V	0.003	0.0	9.0
SPCC1020.10	oca2	viable	V	V	-0.007	0.0	9.0
SPCC1020.11c	emc6	viable	V	V	0.012	0.0	9.0
SPCC1020.12c	xap5	viable	V	V	0.028	0.0	9.0
SPCC1020.13c	SPCC1020.13c	viable	V	V	-0.02	0.0	9.0
SPCC1020.14	Tf2-12	unknown	Not_determined	Not_determined			
SPCC10H11.01	prp11	inviable	E	E	1.05	0.134	1.0
SPCC10H11.02	cwf23	inviable	E	E	1.212	-0.0	1.0
SPCC1183.01	sec15	inviable	E	E	1.034	1.232	1.0
SPCC1183.02	SPCC1183.02	viable	V	V	-0.023	0.0	9.0
SPCC1183.03c	fxn1	condition-dependent	E	E	0.74	2.899	6.0
SPCC1183.04c	pet127	viable	V	V	0.002	0.0	9.0
SPCC1183.05c	lig4	viable	V	V	-0.007	-0.0	9.0
SPCC1183.06	ung1	viable	V	V	0.003	0.0	9.0
SPCC1183.07	rrp5	inviable	E	E	0.978	0.082	2.0
SPCC1183.08c	rpl101	inviable	E	E	0.962	-0.0	2.0
SPCC1183.09c	pmp31	viable	V	V	0.054	0.0	9.0
SPCC1183.10	wtf10	viable	V	V	-0.071	0.0	9.0
SPCC1183.11	msy1	viable	V	V	-0.001	0.0	9.0
SPCC1183.12	spo13	unknown	Not_determined	Not_determined	-0.002	0.0	9.0
SPCC11E10.01	cbl1	viable	V	V	-0.023	0.0	9.0
SPCC11E10.02c	gpi8	inviable	E	E	1.083	1.136	1.0
SPCC11E10.03	jnm1	viable	V	V	-0.008	0.0	9.0
SPCC11E10.04	ppr6	viable	V	V	0.231	1.236	7.0
SPCC11E10.05c	ynd1	viable	V	V	0.006	0.0	9.0
SPCC11E10.06c	elp4	viable	V	V	0.585	0.926	5.0
SPCC11E10.07c	gcn3	viable	V	V	0.187	4.948	8.0
SPCC11E10.08	rik1	viable	V	V	0.301	8.663	9.0
SPCC11E10.09c	SPCC11E10.09c	viable	V	V	0.002	0.0	9.0
SPCC1223.01	rqt1	viable	V	V	0.039	0.0	9.0
SPCC1223.02	nmt1	viable	V	V	-0.018	0.0	9.0
SPCC1223.03c	gut2	viable	V	V	0.0	0.0	9.0
SPCC1223.04c	set11	viable	V	V	0.077	0.0	9.0
SPCC1223.05c	rpl3702	viable	V	V			
SPCC1223.06	tea1	viable	V	V	0.051	0.0	9.0
SPCC1223.07c	drs1	viable	V	E	1.155	-0.0	1.0
SPCC1223.08c	dfr1	inviable	E	E	1.069	4.381	6.0
SPCC1223.09	uro1	viable	V	V	-0.02	0.0	9.0
SPCC1223.10c	eaf1	viable	V	V	0.062	0.0	9.0
SPCC1223.11	ptc2	viable	V	V	0.3	3.888	8.0
SPCC1223.12c	meu10	viable	V	V	0.003	0.0	9.0
SPCC1223.13	cbf12	viable	V	V	0.007	0.0	9.0
SPCC1223.14	aro2	inviable	E	E	1.057	0.063	1.0
SPCC1223.15c	spc19	viable	V	V	0.172	3.181	9.0
SPCC1235.01	SPCC1235.01	viable	V	V	0.021	-0.0	9.0
SPCC1235.02	bio2	viable	V	V	0.026	0.0	9.0
SPCC1235.03	cue2	viable	V	V	0.038	0.0	9.0
SPCC1235.04c	nad1	viable	V	E	0.793	1.082	3.0
SPCC1235.05c	fft2	viable	V	V	-0.019	-0.0	9.0
SPCC1235.06	get2	viable	V	V	0.005	0.0	9.0
SPCC1235.07	fta7	inviable	E	E	0.706	3.525	6.0
SPCC1235.08c	pdh1	viable	V	V	-0.023	0.0	9.0
SPCC1235.09	hif2	viable	V	V	0.001	0.0	9.0
SPCC1235.10c	sec6	inviable	E	E	0.836	1.95	4.0
SPCC1235.11	mpc1	viable	V	V	0.437	7.755	6.0
SPCC1235.12c	mug146	viable	V	V	-0.029	-0.0	9.0
SPCC1235.13	ght6	viable	V	V	0.053	-0.0	9.0
SPCC1235.14	ght5	viable	V	V	0.054	1.888	9.0
SPCC1235.15	dga1	viable	V	V	-0.008	0.0	9.0
SPCC1235.16	vma21	condition-dependent	Not_determined	Not_determined	0.257	2.662	8.0
SPCC1235.17	SPCC1235.17	viable	Not_determined	Not_determined	-0.005	0.0	9.0
SPCC1235.18	SPCC1235.18	viable	Not_determined	Not_determined			
SPCC1259.01c	rps1802	viable	V	V	1.147	0.857	1.0
SPCC1259.02c	erm1	viable	V	V	-0.006	0.0	9.0
SPCC1259.03	rpa12	viable	V	V	0.152	0.978	9.0
SPCC1259.04	iec3	viable	V	V	0.129	3.639	9.0
SPCC1259.05c	cox9	viable	V	V			
SPCC1259.06	taf8	inviable	E	E			
SPCC1259.07	rxt3	inviable	E	E	0.906	6.141	6.0
SPCC1259.08	SPCC1259.08	viable	V	V			
SPCC1259.09c	pdx1	viable	V	V	-0.027	0.0	9.0
SPCC1259.10	pgp1	viable	V	V	0.014	0.0	9.0
SPCC1259.11c	gyp2	viable	V	V	0.055	-0.0	9.0
SPCC1259.12c	gid1	viable	V	V	0.03	-0.0	9.0
SPCC1259.13	chk1	viable	V	V	0.019	0.0	9.0
SPCC1259.14c	meu27	viable	V	V	0.044	0.0	9.0
SPCC1259.15c	ubc11	inviable	E	E	1.151	0.189	1.0
SPCC1259.16	SPCC1259.16	viable	Not_determined	Not_determined			
SPCC126.01c	SPCC126.01c	viable	V	V	0.035	0.0	9.0
SPCC126.02c	pku70	viable	V	V	0.057	0.0	9.0
SPCC126.03	pus1	viable	V	V	0.034	-0.0	9.0
SPCC126.04c	sgf73	viable	V	V	0.038	1.397	9.0
SPCC126.05c	mrpl17	inviable	E	E	0.776	4.131	6.0
SPCC126.06	twf1	viable	V	V	-0.005	-0.0	9.0
SPCC126.07c	asr1	viable	V	V	0.012	0.0	9.0
SPCC126.08c	SPCC126.08c	viable	V	V	0.003	0.0	9.0
SPCC126.09	zip2	viable	V	V	0.017	0.0	9.0
SPCC126.10	iah1	viable	V	V	0.015	0.0	9.0
SPCC126.11c	SPCC126.11c	viable	V	V	0.004	-0.0	9.0
SPCC126.12	SPCC126.12	viable	V	V	0.029	1.277	9.0
SPCC126.13c	sap18	viable	V	V			
SPCC126.14	prp18	inviable	E	E	0.755	2.024	5.0
SPCC126.15c	sec65	viable	V	V			
SPCC1281.01	ags1	inviable	E	E	1.154	-0.0	1.0
SPCC1281.02c	spf30	inviable	E	E	0.852	1.904	4.0
SPCC1281.03c	emc4	viable	V	V	0.027	1.523	9.0
SPCC1281.04	akr7	viable	V	V	0.013	0.0	9.0
SPCC1281.05	rsc7	inviable	E	E	0.345	5.946	8.0
SPCC1281.06c	ole1	inviable	E	E			
SPCC1281.07c	gst4	viable	V	V	-0.096	0.0	9.0
SPCC1281.08	wtf11	viable	V	V	-0.008	-0.0	9.0
SPCC132.01c	rqc2	viable	V	V	0.007	0.0	9.0
SPCC132.02	hst2	viable	V	V	0.008	-0.0	9.0
SPCC132.03	SPCC132.03	viable	V	V	-0.033	0.0	9.0
SPCC132.04c	gdh2	viable	V	V	0.001	0.0	9.0
SPCC1322.01	rpm1	viable	V	V	0.109	0.978	9.0
SPCC1322.02	pxd1	viable	V	V	0.028	0.001	9.0
SPCC1322.03	trp1322	viable	V	V	0.033	0.0	9.0
SPCC1322.04	fyu1	inviable	E	E	1.047	0.363	1.0
SPCC1322.05c	lap2	viable	V	V	-0.002	-0.0	9.0
SPCC1322.06	kap113	viable	V	V	0.002	-0.0	9.0
SPCC1322.07c	mug150	viable	V	V	-0.011	0.0	9.0
SPCC1322.08	srk1	viable	V	V	0.118	-0.0	9.0
SPCC1322.09	SPCC1322.09	viable	V	V	0.072	-0.0	9.0
SPCC1322.10	knh2	viable	V	V			
SPCC1322.11	rpl2302	inviable	E	E	1.233	-0.0	1.0
SPCC1322.12c	bub1	viable	V	V	0.045	0.0	9.0
SPCC1322.13	ade6	unknown	Not_determined	Not_determined	0.09	-0.0	9.0
SPCC1322.14c	vtc4	viable	V	V	0.12	0.962	9.0
SPCC1322.15	rpl3402	viable	V	V	-0.027	0.0	9.0
SPCC1322.16	phb2	viable	V	V	-0.012	0.0	9.0
SPCC1393.02c	spt2	viable	V	V			
SPCC1393.03	rps1501	viable	V	V	0.609	0.477	3.0
SPCC1393.04	fta4	inviable	E	E	0.745	3.943	6.0
SPCC1393.05	ers1	viable	V	V	0.059	0.0	9.0
SPCC1393.06c	ipi1	inviable	E	E	0.828	0.101	2.0
SPCC1393.07c	mug4	viable	V	E	0.373	9.511	9.0
SPCC1393.08	fil1	viable	V	V	0.215	-0.0	9.0
SPCC1393.09c	gir2	viable	V	V	0.025	0.0	9.0
SPCC1393.10	ctr4	viable	V	V			
SPCC1393.11	mrpl20	inviable	E	E			
SPCC1393.12	SPCC1393.12	viable	V	V	-0.014	0.0	9.0
SPCC1393.13	duf89	viable	V	V	0.0	0.0	9.0
SPCC1393.14	ten1	viable	Not_determined	Not_determined	0.593	5.625	6.0
SPCC13B11.01	adh1	viable	V	V	0.777	0.044	3.0
SPCC13B11.02c	SPCC13B11.02c	viable	V	V			
SPCC13B11.03c	SPCC13B11.03c	viable	V	V	-0.068	-0.0	9.0
SPCC13B11.04c	fmd3	viable	V	V	0.027	0.0	9.0
SPCC1442.01	ste6	viable	V	V	0.037	0.0	9.0
SPCC1442.02	glm2	viable	V	V	0.099	-0.0	9.0
SPCC1442.03	mme1	viable	V	V	0.12	0.89	9.0
SPCC1442.04c	rmr1	viable	V	V	0.083	-0.0	9.0
SPCC1442.05c	mic26	viable	V	V	0.0	0.0	9.0
SPCC1442.06	pre8	inviable	E	E	1.064	0.12	1.0
SPCC1442.07c	wss2	viable	V	V	0.016	0.0	9.0
SPCC1442.08c	cox12	viable	V	V	0.055	2.139	9.0
SPCC1442.09	trp3	inviable	E	E	0.993	-0.0	1.0
SPCC1442.10c	rpb3	inviable	E	E			
SPCC1442.11c	SPCC1442.11c	viable	V	V	0.008	-0.0	9.0
SPCC1442.12	pps1	condition-dependent	E	E	0.637	0.275	3.0
SPCC1442.13c	sqs2	viable	V	V			
SPCC1442.14c	hnt1	viable	V	V	0.003	0.0	9.0
SPCC1442.15c	cox18	viable	V	V			
SPCC1442.16c	zta1	viable	V	V	-0.019	-0.0	9.0
SPCC1442.17c	ist1	viable	V	V	0.046	-0.0	9.0
SPCC1442.19	mrp49	unknown	Not_determined	Not_determined	0.342	7.366	9.0
SPCC1450.02	bdf1	viable	V	V	0.112	3.648	9.0
SPCC1450.03	utp502	viable	V	V			
SPCC1450.04	tef5	inviable	E	E	1.179	0.304	1.0
SPCC1450.05c	rox3	viable	V	V			
SPCC1450.06c	grx3	viable	V	V			
SPCC1450.07c	dao1	viable	V	V	0.016	0.0	9.0
SPCC1450.08c	wtf16	viable	V	V	-0.005	0.0	9.0
SPCC1450.09c	plb5	viable	V	V	0.0	0.0	9.0
SPCC1450.10c	nar1	inviable	E	E	1.046	0.783	1.0
SPCC1450.11c	cek1	viable	V	V	0.031	-0.0	9.0
SPCC1450.12	SPCC1450.12	viable	V	V	-0.046	1.19	9.0
SPCC1450.13c	rib5	inviable	E	E	0.955	1.815	4.0
SPCC1450.14c	ero12	inviable	E	E	0.711	2.336	5.0
SPCC1450.15	SPCC1450.15	inviable	E	E	0.874	0.864	2.0
SPCC1450.16c	ptl1	viable	V	V	-0.013	-0.0	9.0
SPCC1494.01	SPCC1494.01	viable	V	V	-0.039	0.0	9.0
SPCC1494.02c	taf13	inviable	E	E	1.037	3.552	6.0
SPCC1494.03	arz1	viable	V	V			
SPCC1494.04c	tyr1	viable	V	E	1.178	-0.0	1.0
SPCC1494.05c	ubp12	viable	V	V	0.004	0.0	9.0
SPCC1494.06c	dbp9	inviable	E	E	1.071	0.177	1.0
SPCC1494.07	trm732	viable	V	V	0.002	0.0	9.0
SPCC1494.08c	SPCC1494.08c	viable	V	V	-0.025	0.0	9.0
SPCC1494.09c	tfb6	viable	V	V	-0.023	0.0	9.0
SPCC1494.10	adn3	viable	V	V	0.05	0.001	9.0
SPCC1494.11c	Tf2-13	unknown	Not_determined	Not_determined			
SPCC14G10.01	cab5	inviable	E	E	0.843	2.476	4.0
SPCC14G10.02	urb1	inviable	E	E	0.811	0.692	2.0
SPCC14G10.03c	ump1	viable	V	V	0.577	0.402	3.0
SPCC14G10.04	eap1	viable	V	V	0.147	0.012	9.0
SPCC1529.01	SPCC1529.01	viable	V	V	0.005	0.0	9.0
SPCC162.01c	snp27	viable	V	V			
SPCC162.02c	SPCC162.02c	viable	V	V	-0.005	0.0	9.0
SPCC162.03	SPCC162.03	viable	V	V	-0.049	-0.0	9.0
SPCC162.04c	wtf13	viable	V	V			
SPCC162.05	coq3	condition-dependent	V	V			
SPCC162.06c	vps60	viable	V	V	0.007	-0.0	9.0
SPCC162.07	ent1	inviable	E	E			
SPCC162.08c	nup211	inviable	E	E	0.653	1.03	5.0
SPCC162.09c	hmg1	condition-dependent	E	E	1.007	-0.0	1.0
SPCC162.10	ppk33	viable	V	V	-0.027	0.0	9.0
SPCC162.11c	urk1	viable	V	V	-0.019	0.0	9.0
SPCC162.12	tco89	viable	V	V	0.068	0.0	9.0
SPCC1620.01c	lsm2	inviable	E	E	0.456	0.742	7.0
SPCC1620.02	wtf23	viable	V	V			
SPCC1620.03	mug163	viable	V	V	0.045	-0.0	9.0
SPCC1620.04c	fzr3	viable	V	V	-0.035	-0.0	9.0
SPCC1620.05	bet4	inviable	E	E	0.994	0.532	1.0
SPCC1620.06c	SPCC1620.06c	inviable	E	E	1.277	0.314	1.0
SPCC1620.07c	lnp1	viable	V	V	0.015	0.0	9.0
SPCC1620.08	lsc2	viable	V	V	0.104	-0.0	9.0
SPCC1620.09c	tfg1	inviable	E	E	0.903	-0.0	2.0
SPCC1620.10	cwf26	inviable	E	E			
SPCC1620.11	nup97	inviable	E	E	1.12	0.527	1.0
SPCC1620.12c	SPCC1620.12c	viable	V	V	-0.002	0.0	9.0
SPCC1620.13	SPCC1620.13	viable	V	V	-0.013	0.0	9.0
SPCC1620.14c	snf22	viable	V	V	0.4	0.914	7.0
SPCC1672.01	SPCC1672.01	inviable	E	E	0.086	0.0	9.0
SPCC1672.02c	sap1	inviable	E	E	1.221	0.243	1.0
SPCC1672.03c	gud1	viable	V	V	-0.015	0.0	9.0
SPCC1672.04c	cox19	viable	V	V	0.25	5.148	8.0
SPCC1672.05c	yrs1	inviable	E	E			
SPCC1672.06c	asp1	viable	V	V	0.712	1.258	5.0
SPCC1672.07	utp21	inviable	E	E	0.95	0.372	2.0
SPCC1672.08c	tfa2	inviable	E	E	1.091	1.329	1.0
SPCC1672.09	SPCC1672.09	viable	V	V	0.024	-0.0	9.0
SPCC1672.10	mis16	inviable	E	E	0.723	4.5	6.0
SPCC1672.11c	SPCC1672.11c	viable	V	V	0.08	0.0	9.0
SPCC1672.12c	get4	viable	V	V	0.015	-0.0	9.0
SPCC1682.01	qcr9	viable	V	V	0.046	0.0	9.0
SPCC1682.02c	mcm3	inviable	E	E	0.895	0.195	2.0
SPCC1682.03c	mug174	inviable	E	E	0.542	7.911	6.0
SPCC1682.04	cdc31	inviable	E	E	0.715	1.711	5.0
SPCC1682.05c	srp68	inviable	Not_determined	Not_determined			
SPCC1682.06	SPCC1682.06	viable	V	V	0.017	0.0	9.0
SPCC1682.07	ssl1	condition-dependent	E	E	0.752	2.322	5.0
SPCC1682.08c	mpf2	viable	V	V	0.003	-0.0	9.0
SPCC1682.09c	ggc1	inviable	E	E	0.794	7.02	6.0
SPCC1682.10	rpn8	inviable	E	E	1.026	0.31	1.0
SPCC1682.11c	ctl1	viable	V	V	0.003	0.0	9.0
SPCC1682.12c	ubp16	viable	V	V	0.137	0.905	9.0
SPCC1682.13	laf2	viable	V	V			
SPCC1682.14	rpl1902	viable	V	V			
SPCC1682.15	mug122	viable	V	V	0.006	0.0	9.0
SPCC1682.16	rpt4	viable	V	E	1.057	-0.0	1.0
SPCC16A11.01	sfk1	viable	V	V	-0.027	0.0	9.0
SPCC16A11.02	utp13	inviable	Not_determined	Not_determined	1.082	-0.0	1.0
SPCC16A11.03c	SPCC16A11.03c	viable	V	V	0.008	0.0	9.0
SPCC16A11.04	snx12	viable	V	V	0.047	0.0	9.0
SPCC16A11.05c	dim1	inviable	E	E	0.874	0.926	2.0
SPCC16A11.06c	gpi10	inviable	E	E	0.842	2.31	4.0
SPCC16A11.07	coq10	viable	V	V	0.068	-0.0	9.0
SPCC16A11.08	atg20	viable	V	V	0.058	0.0	9.0
SPCC16A11.09c	tim23	inviable	E	E	1.022	-0.0	1.0
SPCC16A11.10c	oca8	viable	V	V	-0.0	-0.0	9.0
SPCC16A11.11	mrpl31	inviable	E	E	0.959	4.757	6.0
SPCC16A11.12c	ubp1	viable	V	V	-0.009	0.0	9.0
SPCC16A11.13	luc7	inviable	E	E			
SPCC16A11.14	sfh1	inviable	E	E			
SPCC16A11.15c	SPCC16A11.15c	viable	V	V	-0.061	0.0	9.0
SPCC16A11.16c	rpn1302	viable	V	V	-0.002	0.0	9.0
SPCC16A11.17	mcm4	inviable	E	E	0.983	0.957	2.0
SPCC16C4.01	sif2	viable	V	V	0.104	-0.0	9.0
SPCC16C4.02c	asi1	inviable	E	E	0.896	0.596	2.0
SPCC16C4.03	pin1	viable	V	V	0.085	4.927	9.0
SPCC16C4.04	pex26	viable	V	V	0.055	0.0	9.0
SPCC16C4.05	pop23	inviable	E	E			
SPCC16C4.06c	pus3	viable	V	V	-0.005	0.0	9.0
SPCC16C4.07	scw1	viable	V	V	0.066	0.614	9.0
SPCC16C4.08c	skb15	inviable	E	E	0.73	0.985	3.0
SPCC16C4.09	sts5	viable	V	V	0.074	-0.0	9.0
SPCC16C4.10	pgl1	viable	V	V	0.264	2.184	8.0
SPCC16C4.11	pef1	viable	V	V	0.541	0.843	5.0
SPCC16C4.12	naa20	viable	V	V/E	0.962	6.576	6.0
SPCC16C4.13c	rpl1201	viable	V	V			
SPCC16C4.14c	sfc4	viable	V	E	0.702	2.824	6.0
SPCC16C4.15	rml2	inviable	E	E	0.555	2.403	5.0
SPCC16C4.16c	cbc3	viable	Not_determined	Not_determined	-0.052	-0.0	9.0
SPCC16C4.17	mug123	viable	V	V	0.032	-0.0	9.0
SPCC16C4.18c	taf6	inviable	E	E	1.297	1.403	1.0
SPCC16C4.19	rpp21	inviable	E	E	0.598	2.194	5.0
SPCC16C4.20c	hap2	viable	V	V	-0.02	-0.0	9.0
SPCC16C4.21	SPCC16C4.21	unknown	Not_determined	Not_determined	-0.001	0.0	9.0
SPCC16C4.22	dpb3	viable	Not_determined	Not_determined			
SPCC1739.01	SPCC1739.01	viable	V	V	-0.019	0.0	9.0
SPCC1739.02c	mrpl22	inviable	E	E	0.755	4.026	6.0
SPCC1739.03	hrr1	viable	V	V	0.015	0.0	9.0
SPCC1739.04c	dms1	viable	V	V			
SPCC1739.05	set5	viable	V	V	0.039	-0.0	9.0
SPCC1739.06c	met1	viable	V	V	0.062	-0.0	9.0
SPCC1739.07	cti1	condition-dependent	V	V	0.637	6.188	6.0
SPCC1739.08c	SPCC1739.08c	viable	V	V	-0.008	0.0	9.0
SPCC1739.09c	cox13	viable	V	V			
SPCC1739.10	mug33	viable	V	V	0.03	-0.0	9.0
SPCC1739.11c	cdc11	inviable	E	E	0.855	2.803	4.0
SPCC1739.12	ppe1	condition-dependent	V	V			
SPCC1739.13	ssa2	condition-dependent	E	E	1.066	-0.0	1.0
SPCC1739.14	npp106	viable	V	V	0.451	1.762	7.0
SPCC1739.15	wtf21	inviable	E	V	0.105	0.0	9.0
SPCC1742.01	gsf2	viable	V	V	0.142	0.313	9.0
SPCC1753.01c	ssb2	inviable	E	E	0.812	0.914	2.0
SPCC1753.02c	git3	viable	V	V	0.298	0.478	7.0
SPCC1753.03c	rec7	viable	V	V	-0.005	0.0	9.0
SPCC1753.04	tol1	inviable	E	E	0.879	-0.0	2.0
SPCC1753.05	rsm1	viable	V	V	0.432	5.315	8.0
SPCC1795.01c	mad3	viable	V	V			
SPCC1795.02c	vcx1	viable	V	V	0.06	-0.0	9.0
SPCC1795.03	gms1	viable	V	V	0.762	4.386	6.0
SPCC1795.04c	pre10	inviable	E	E	1.075	0.752	1.0
SPCC1795.05c	ura6	inviable	E	E	0.968	-0.0	2.0
SPCC1795.06	map2	viable	V	V	-0.032	0.0	9.0
SPCC1795.07	sws2	inviable	E	E			
SPCC1795.08c	vid21	inviable	E	E	0.582	3.139	6.0
SPCC1795.09	yps1	viable	V	V	0.205	8.638	9.0
SPCC1795.10c	svp26	viable	V	V	0.036	0.0	9.0
SPCC1795.11	sum3	inviable	E	E	0.906	-0.0	2.0
SPCC1795.12c	SPCC1795.12c	viable	V	V	0.032	-0.0	9.0
SPCC18.01c	adg3	viable	V	V	0.007	0.0	9.0
SPCC18.02	SPCC18.02	viable	V	V	0.049	0.0	9.0
SPCC18.03	SPCC18.03	viable	V	V	0.002	0.0	9.0
SPCC18.04	pof6	inviable	E	E	1.04	0.42	1.0
SPCC18.05c	rsa4	inviable	E	E	1.255	0.184	1.0
SPCC18.06c	caf1	viable	V	V	0.31	1.144	7.0
SPCC18.07	rpc53	inviable	E	E	0.773	1.135	3.0
SPCC18.08	msk1	inviable	E	E			
SPCC18.09c	hnt3	viable	V	V	-0.023	-0.0	9.0
SPCC18.10	SPCC18.10	viable	V	V			
SPCC18.11c	sdc1	viable	V	V	0.009	0.0	9.0
SPCC18.12c	utp23	inviable	E	E	0.627	0.106	3.0
SPCC18.13	trm82	viable	V	V	0.068	0.0	9.0
SPCC18.14c	rpp0	inviable	E	E	1.105	-0.0	1.0
SPCC18.15	dph7	viable	V	V	0.059	2.713	9.0
SPCC18.16c	fmn1	inviable	E	E	1.058	-0.0	1.0
SPCC18.17c	SPCC18.17c	viable	V	V	0.141	0.56	9.0
SPCC18.18c	fum1	unknown	Not_determined	Not_determined	-0.0	0.0	9.0
SPCC18.19c	ost5	unknown	Not_determined	Not_determined	-0.022	0.0	9.0
SPCC18.20	SPCC18.20	unknown	Not_determined	Not_determined			
SPCC1827.01c	utp25	inviable	E	E	0.915	0.474	2.0
SPCC1827.02c	pcy1	viable	V	V	-0.004	0.0	9.0
SPCC1827.03c	pcs60	viable	V	V	0.084	-0.0	9.0
SPCC1827.04	vms1	viable	V	V	0.001	0.0	9.0
SPCC1827.05c	SPCC1827.05c	inviable	E	E	1.09	0.318	1.0
SPCC1827.06c	hom2	inviable	E	E	0.961	0.456	2.0
SPCC1827.07c	spx2	viable	V	V	0.012	0.0	9.0
SPCC1827.08c	pof7	viable	V	V	0.007	0.0	9.0
SPCC1840.01c	mog1	inviable	E	E			
SPCC1840.02c	bgs4	condition-dependent	V	E	1.146	-0.0	1.0
SPCC1840.03	sal3	viable	V	V	0.334	0.239	7.0
SPCC1840.04	pca1	viable	V	V	0.002	0.0	9.0
SPCC1840.05c	pgm2	viable	V	V	-0.001	0.0	9.0
SPCC1840.06	atp5	viable	V	V	0.291	7.03	9.0
SPCC1840.07c	SPCC1840.07c	viable	V	V	-0.015	0.0	9.0
SPCC1840.08c	pdi5	viable	V	V	-0.014	0.0	9.0
SPCC1840.09	coq11	viable	V	V	0.189	5.569	8.0
SPCC1840.10	lsm8	viable	V	V			
SPCC1840.11	csl4	viable	V	V			
SPCC1840.12	opt3	viable	V	V	0.01	0.0	9.0
SPCC1840.13	SPCC1840.13	unknown	Not_determined	Not_determined	-0.013	0.0	9.0
SPCC188.02	par1	viable	V	V	0.258	6.8	9.0
SPCC188.03	cnd3	inviable	E	E	1.05	1.278	1.0
SPCC188.04c	spc25	inviable	E	E	1.017	1.996	4.0
SPCC188.06c	srp54	inviable	E	E	1.092	-0.0	1.0
SPCC188.07	ccq1	viable	V	V	0.008	0.0	9.0
SPCC188.08c	ubp5	viable	V	V	0.212	-0.0	9.0
SPCC188.09c	pfl4	viable	V	V			
SPCC188.11	prp45	inviable	E	E	1.115	0.058	1.0
SPCC188.12	spn6	viable	V	V	0.027	0.0	9.0
SPCC188.13c	dcr1	viable	V	V	0.063	0.0	9.0
SPCC188.14	SPCC188.14	unknown	Not_determined	Not_determined			
SPCC1884.01	SPCC1884.01	unknown	Not_determined	Not_determined	-0.022	0.0	9.0
SPCC1884.02	nic1	condition-dependent	V	V	0.021	-0.0	9.0
SPCC18B5.01c	bfr1	viable	V	V	-0.02	0.0	9.0
SPCC18B5.03	wee1	viable	V	V	0.137	3.178	9.0
SPCC18B5.04	rsm18	inviable	E	E	0.86	3.925	6.0
SPCC18B5.05c	SPCC18B5.05c	viable	V	V	0.012	-0.0	9.0
SPCC18B5.06	dom34	viable	V	V	0.03	-0.0	9.0
SPCC18B5.07c	nup61	viable	V	V			
SPCC18B5.08c	ism1	inviable	E	E	0.774	4.596	6.0
SPCC18B5.09c	thc1	viable	V	V	-0.089	-0.0	9.0
SPCC18B5.10c	tho3	viable	V	V			
SPCC18B5.11c	cds1	viable	V	V	-0.003	0.0	9.0
SPCC1902.01	gaf1	viable	V	V	-0.008	0.0	9.0
SPCC1902.02	mug72	viable	V	V	-0.024	-0.0	9.0
SPCC1906.01	mpg1	inviable	E	E	1.068	0.041	1.0
SPCC1906.02c	rqt3	viable	V	V	0.368	8.459	9.0
SPCC1906.03	wtf19	viable	V	V			
SPCC1906.04	wtf20	viable	V	V	-0.047	-0.0	9.0
SPCC191.01	SPCC191.01	viable	V	V			
SPCC191.02c	acs1	viable	V	E	0.961	0.327	2.0
SPCC191.03c	SPCC191.03c	viable	V	V			
SPCC191.04c	SPCC191.04c	unknown	Not_determined	Not_determined	0.009	0.0	9.0
SPCC191.05c	SPCC191.05c	viable	V	V	-0.051	0.0	9.0
SPCC191.06	SPCC191.06	viable	V	V	-0.013	0.0	9.0
SPCC191.07	cyc1	condition-dependent	E	E			
SPCC191.08	lto1	inviable	E	E	0.637	0.909	3.0
SPCC191.09c	gst1	viable	V	V	0.001	0.0	9.0
SPCC191.10	SPCC191.10	viable	V	V			
SPCC191.11	inv1	viable	V	V			
SPCC1919.01	ckk2	viable	V	V	-0.056	-0.0	9.0
SPCC1919.02	pbn1	inviable	E	E	0.892	1.747	4.0
SPCC1919.03c	amk2	viable	V	V	0.036	-0.0	9.0
SPCC1919.04	SPCC1919.04	unknown	Not_determined	Not_determined			
SPCC1919.05	ski3	viable	V	V	0.073	5.884	9.0
SPCC1919.06c	wtf25	unknown	Not_determined	Not_determined	0.089	0.0	9.0
SPCC1919.07	SPCC1919.07	viable	V	V	-0.0	0.0	9.0
SPCC1919.08c	mrpl33	inviable	E	E	0.641	3.377	6.0
SPCC1919.09	tif6	viable	V	E	1.045	0.045	1.0
SPCC1919.10c	myo52	condition-dependent	V	V	0.562	1.938	5.0
SPCC1919.11	mug137	viable	V	V	0.039	0.0	9.0
SPCC1919.12c	erm2	viable	V	V	0.381	9.511	9.0
SPCC1919.13c	bmt5	viable	V	V	-0.081	0.0	9.0
SPCC1919.14c	bdp1	inviable	E	E	1.091	-0.0	1.0
SPCC1919.15	brl1	viable	V	V	0.32	1.697	7.0
SPCC23B6.01c	osh6	viable	V	V	0.024	0.0	9.0
SPCC23B6.02c	ecm1	viable	V	V	-0.05	0.912	9.0
SPCC23B6.03c	tel1	viable	V	V	-0.008	0.0	9.0
SPCC23B6.04c	pdr16	viable	V	V	0.097	-0.0	9.0
SPCC23B6.05c	ssb3	viable	V	V	0.127	3.693	9.0
SPCC24B10.02c	SPCC24B10.02c	viable	V	V	-0.02	0.0	9.0
SPCC24B10.03	SPCC24B10.03	viable	V	V	-0.021	-0.0	9.0
SPCC24B10.04	mrpl50	viable	V	E	0.872	4.235	6.0
SPCC24B10.05	tim9	inviable	E	E	0.651	3.352	6.0
SPCC24B10.06	SPCC24B10.06	viable	V	V	0.524	2.646	5.0
SPCC24B10.07	gad8	viable	V	E	0.349	-0.0	7.0
SPCC24B10.08c	ada2	viable	V	V	0.133	0.026	9.0
SPCC24B10.09	rps1702	viable	V	V	0.22	-0.0	9.0
SPCC24B10.10c	yta4	viable	V	V	0.052	-0.0	9.0
SPCC24B10.11c	tho7	viable	V	V	0.359	1.779	7.0
SPCC24B10.12	cgi121	viable	V	V	0.388	0.685	7.0
SPCC24B10.13	skb5	viable	V	V			
SPCC24B10.14c	xlf1	viable	V	V	0.083	0.0	9.0
SPCC24B10.15	swt1	viable	V	V	0.004	0.0	9.0
SPCC24B10.16c	pac4	viable	V	V			
SPCC24B10.17	emp24	viable	V	V	0.071	0.0	9.0
SPCC24B10.18	SPCC24B10.18	viable	V	V	0.505	8.243	6.0
SPCC24B10.19c	nts1	viable	V	V	0.003	0.0	9.0
SPCC24B10.20	SPCC24B10.20	viable	V	V	0.008	0.0	9.0
SPCC24B10.21	tpi1	viable	V	V	1.047	0.893	1.0
SPCC24B10.22	pog1	viable	V	E	0.839	8.168	6.0
SPCC285.03	dbp6	inviable	E	E	0.902	0.751	2.0
SPCC285.04	SPCC285.04	viable	V	V	0.048	-0.0	9.0
SPCC285.05	SPCC285.05	viable	V	V	0.051	0.0	9.0
SPCC285.07c	wtf18	unknown	Not_determined	Not_determined			
SPCC285.08	ret2	inviable	E	E	1.054	-0.0	1.0
SPCC285.09c	cgs2	viable	V	V	-0.053	1.996	9.0
SPCC285.10c	ear1	viable	V	V			
SPCC285.11	dsc5	viable	V	V	-0.044	0.0	9.0
SPCC285.12	lsm7	inviable	E	E	0.842	0.919	2.0
SPCC285.13c	nup60	viable	V	V	0.013	0.0	9.0
SPCC285.14	trs130	viable	V	E	0.825	2.74	4.0
SPCC285.15c	rps2802	viable	V	V	0.612	0.683	3.0
SPCC285.16c	msh6	viable	V	V	0.036	0.0	9.0
SPCC285.17	spp27	viable	V	V	0.0	0.0	9.0
SPCC290.02	rpc34	inviable	E	E	0.839	0.587	2.0
SPCC290.03c	nup186	inviable	E	E	0.864	0.199	2.0
SPCC290.04	ams2	viable	Not_determined	Not_determined	0.444	1.062	7.0
SPCC297.03	ssp1	condition-dependent	V	V	0.836	7.373	6.0
SPCC297.04c	set7	viable	V	V	-0.037	0.0	9.0
SPCC297.05	SPCC297.05	viable	V	V	0.0	0.0	9.0
SPCC297.06c	SPCC297.06c	viable	V	V	0.091	6.127	9.0
SPCC2H8.02	pho843	viable	V	V	-0.01	0.0	9.0
SPCC2H8.04	lyr2	inviable	E	E	0.836	7.493	6.0
SPCC2H8.05c	dbl1	viable	V	V	0.032	0.0	9.0
SPCC306.02c	yip3	viable	V	V	-0.027	-0.0	9.0
SPCC306.03c	cnd2	inviable	E	E	0.975	1.59	2.0
SPCC306.04c	set1	viable	V	V	0.108	2.1	9.0
SPCC306.05c	ins1	viable	V	V	0.023	-0.0	9.0
SPCC306.06c	big1	condition-dependent	E	E	0.275	1.966	8.0
SPCC306.07c	SPCC306.07c	viable	V	V	-0.017	0.0	9.0
SPCC306.08c	mdh1	viable	V	V	0.0	0.0	9.0
SPCC306.09c	cap1	viable	V	V	0.261	1.171	7.0
SPCC306.11	SPCC306.11	viable	V	V	0.059	0.0	9.0
SPCC31H12.02c	mug73	viable	V	V			
SPCC31H12.03c	mlo1	viable	V	V	0.07	5.573	9.0
SPCC31H12.04c	rpl1202	viable	V	V			
SPCC31H12.05c	sds21	viable	V	V	0.001	0.0	9.0
SPCC31H12.06	mug111	viable	V	V	0.0	0.0	9.0
SPCC31H12.07	sec231	inviable	E	E	1.074	0.026	1.0
SPCC31H12.08c	ccr4	viable	V	V	0.351	0.429	7.0
SPCC320.03	rgt1	viable	V	V	0.033	-0.0	9.0
SPCC320.04c	gem1	viable	V	V	0.789	2.975	4.0
SPCC320.05	sul3	viable	V	V	0.016	0.0	9.0
SPCC320.06	SPCC320.06	viable	V	V	-0.022	0.0	9.0
SPCC320.07c	mde7	viable	V	V	0.039	-0.0	9.0
SPCC320.08	qtp1	viable	V	V	-0.002	0.0	9.0
SPCC320.09	hem15	inviable	E	E	0.702	2.397	5.0
SPCC320.10	srp72	inviable	E	E	1.015	0.474	1.0
SPCC320.11c	nip7	inviable	E	E	0.746	-0.0	3.0
SPCC320.12	atp23	viable	V	V			
SPCC320.13c	ark1	inviable	E	E			
SPCC320.14	sry1	viable	V	V	-0.006	0.0	9.0
SPCC330.01c	rhp16	viable	V	V	-0.007	0.0	9.0
SPCC330.02	rhp7	viable	V	V	0.091	0.0	9.0
SPCC330.03c	SPCC330.03c	viable	V	V	-0.019	0.0	9.0
SPCC330.04c	tdk1	condition-dependent	E	E	0.724	1.078	3.0
SPCC330.05c	ura4	viable	Not_determined	Not_determined	0.026	0.001	9.0
SPCC330.06c	pmp20	viable	V	V			
SPCC330.07c	SPCC330.07c	viable	V	V	0.011	0.0	9.0
SPCC330.08	alg11	inviable	E	E	1.041	-0.0	1.0
SPCC330.09	enp2	inviable	E	E	0.876	-0.0	2.0
SPCC330.10	pcm1	inviable	E	E	0.792	0.988	3.0
SPCC330.11	btb1	viable	V	V	0.038	0.0	9.0
SPCC330.12c	sdh3	viable	V	V			
SPCC330.13	rpc37	inviable	E	E			
SPCC330.14c	rpl2402	viable	V	V	0.113	1.684	9.0
SPCC330.19c	SPCC330.19c	viable	V	V	0.018	-0.0	9.0
SPCC330.20	tam14	unknown	Not_determined	Not_determined			
SPCC330.21	new25	viable	Not_determined	Not_determined			
SPCC338.02	mug112	viable	V	V			
SPCC338.03c	SPCC338.03c	unknown	Not_determined	Not_determined			
SPCC338.04	mix23	viable	V	V	0.009	0.0	9.0
SPCC338.05c	mms2	viable	V	V	-0.007	0.0	9.0
SPCC338.06c	hsp20	viable	V	V	-0.006	0.0	9.0
SPCC338.07c	naa15	viable	V	V	0.52	5.458	8.0
SPCC338.08	ctp1	viable	V	V	0.458	1.139	7.0
SPCC338.10c	cox5	viable	V	V	0.026	1.222	9.0
SPCC338.11c	efm2	viable	V	V	0.102	-0.0	9.0
SPCC338.12	pbi2	viable	V	V	0.039	0.0	9.0
SPCC338.13	cog4	inviable	E	E	1.043	0.393	1.0
SPCC338.14	ado1	viable	V	V			
SPCC338.15	wbp1	inviable	E	E	0.948	1.459	2.0
SPCC338.16	pof3	viable	V	V	0.318	0.832	7.0
SPCC338.17c	rad21	inviable	E	E	0.992	1.033	2.0
SPCC338.18	SPCC338.18	viable	V	V	-0.018	0.0	9.0
SPCC364.01	cif1	viable	V	V	0.007	0.0	9.0
SPCC364.02c	bis1	viable	V	V	0.114	-0.0	9.0
SPCC364.03	rpl1702	viable	V	V	0.263	-0.0	7.0
SPCC364.04c	coy1	viable	V	V	-0.009	0.0	9.0
SPCC364.05	vps3	viable	V	V	0.0	0.0	9.0
SPCC364.06	nap1	condition-dependent	V	V	0.054	-0.0	9.0
SPCC364.07	ser3	viable	V	E	1.029	0.959	1.0
SPCC417.02	dad5	viable	V	V			
SPCC417.03	SPCC417.03	unknown	Not_determined	Not_determined			
SPCC417.05c	cfh2	viable	V	V	-0.02	-0.0	9.0
SPCC417.06c	mug27	viable	V	V	-0.026	0.0	9.0
SPCC417.07c	mto1	viable	V	V	0.304	4.699	8.0
SPCC417.08	tef3	inviable	E	E	1.003	-0.0	1.0
SPCC417.09c	sdr1	viable	V	V	0.002	-0.0	9.0
SPCC417.10	dal51	viable	V	V	-0.03	0.0	9.0
SPCC417.11c	SPCC417.11c	viable	V	V	-0.032	0.0	9.0
SPCC417.12	SPCC417.12	viable	V	V	0.002	0.0	9.0
SPCC417.15	SPCC417.15	unknown	Not_determined	Not_determined			
SPCC417.16	SPCC417.16	viable	Not_determined	Not_determined			
SPCC4B3.01	tum1	unknown	Not_determined	Not_determined	0.02	0.0	9.0
SPCC4B3.02c	got1	viable	V	V			
SPCC4B3.03c	mam301	viable	V	V	0.059	0.0	9.0
SPCC4B3.04c	nte1	viable	V	V	0.085	0.0	9.0
SPCC4B3.05c	hem12	viable	V	E	0.786	1.532	5.0
SPCC4B3.06c	SPCC4B3.06c	viable	V	V	-0.011	0.0	9.0
SPCC4B3.07	nro1	viable	V	V	0.008	0.0	9.0
SPCC4B3.08	lsg1	viable	V	V	0.002	0.0	9.0
SPCC4B3.09c	mrpl12	inviable	E	E	0.914	3.792	6.0
SPCC4B3.10c	ipk1	viable	V	V	-0.013	0.19	9.0
SPCC4B3.11c	fra3	viable	V	V	-0.021	-0.0	9.0
SPCC4B3.12	set9	viable	V	V	-0.031	-0.0	9.0
SPCC4B3.13	SPCC4B3.13	viable	V	V	0.026	0.0	9.0
SPCC4B3.14	cwf20	condition-dependent	E	E	0.448	1.107	7.0
SPCC4B3.15	mid1	viable	V	V	0.149	1.166	9.0
SPCC4B3.16	tip41	viable	V	V	0.036	0.0	9.0
SPCC4B3.17	cbp3	viable	V	V	0.137	4.961	9.0
SPCC4B3.18	ppc1	inviable	E	E			
SPCC4B3.20	cmc1	viable	Not_determined	Not_determined	0.08	-0.0	9.0
SPCC4E9.01c	rec11	viable	V	V	0.007	0.0	9.0
SPCC4E9.02	cig1	viable	V	V	0.001	0.0	9.0
SPCC4F11.02	ptc1	viable	V	V	0.237	8.689	9.0
SPCC4F11.03c	SPCC4F11.03c	viable	V	V	-0.045	0.0	9.0
SPCC4F11.04c	imt2	viable	V	V	0.017	-0.0	9.0
SPCC4F11.05	SPCC4F11.05	unknown	Not_determined	Not_determined	-0.026	0.0	9.0
SPCC4G3.02	aph1	viable	V	V	-0.027	0.0	9.0
SPCC4G3.03	SPCC4G3.03	viable	V	V	0.034	-0.0	9.0
SPCC4G3.04c	coq5	condition-dependent	V	V	0.318	4.172	8.0
SPCC4G3.05c	mus81	viable	V	V	0.376	2.339	8.0
SPCC4G3.06c	mrpl4	inviable	E	E			
SPCC4G3.07c	phf1	inviable	E	E			
SPCC4G3.08	psk1	viable	V	V	0.141	8.645	9.0
SPCC4G3.09c	gyp3	viable	V	V	0.056	-0.0	9.0
SPCC4G3.10c	rhp42	viable	V	V	-0.021	0.0	9.0
SPCC4G3.11	nur1	viable	V	V	0.023	0.0	9.0
SPCC4G3.12c	SPCC4G3.12c	viable	V	V	0.384	0.458	7.0
SPCC4G3.13c	cue1	viable	V	V			
SPCC4G3.14	mdj1	inviable	E	E	0.938	3.256	6.0
SPCC4G3.15c	not2	viable	V	V	0.148	4.923	9.0
SPCC4G3.16	rib2	inviable	E	E	0.987	0.931	2.0
SPCC4G3.17	hdd1	viable	V	V	0.075	0.0	9.0
SPCC4G3.18	rix1	inviable	E	E	0.783	0.101	3.0
SPCC4G3.19	alp16	viable	V	V	-0.019	0.0	9.0
SPCC4G3.20	SPCC4G3.20	unknown	Not_determined	Not_determined			
SPCC548.03c	wtf4	unknown	Not_determined	Not_determined			
SPCC548.04	urm1	unknown	Not_determined	Not_determined	0.263	2.426	8.0
SPCC548.05c	dbl5	viable	V	V	-0.009	0.0	9.0
SPCC548.06c	ght8	viable	V	V	0.043	-0.0	9.0
SPCC548.07c	ght1	viable	V	V	-0.011	0.0	9.0
SPCC550.01c	coa4	viable	V	V	0.051	-0.0	9.0
SPCC550.02c	cwf5	inviable	E	E	0.646	1.771	5.0
SPCC550.03c	ski2	viable	V	V	0.091	3.561	9.0
SPCC550.04c	gpi2	inviable	E	E	0.841	-0.0	2.0
SPCC550.05	nse1	inviable	E	E			
SPCC550.06c	hsp10	inviable	E	E			
SPCC550.07	fah2	viable	V	V	0.0	0.0	9.0
SPCC550.08	SPCC550.08	viable	V	V	0.063	0.0	9.0
SPCC550.09	pex32	viable	V	V			
SPCC550.10	atd3	viable	V	V	0.07	-0.0	9.0
SPCC550.11	nmd5	viable	V	V	0.04	0.0	9.0
SPCC550.12	arp6	viable	V	V	0.063	0.0	9.0
SPCC550.13	dfp1	inviable	E	E	1.046	0.699	1.0
SPCC550.14	vgl1	viable	V	V	-0.003	0.0	9.0
SPCC550.15c	rei1	viable	V	V	0.096	0.046	9.0
SPCC553.01c	dbl2	viable	V	V	0.45	4.937	8.0
SPCC553.02	qns1	inviable	E	E	0.861	0.575	2.0
SPCC553.03	pex1	viable	V	V	0.08	0.0	9.0
SPCC553.04	cyp9	viable	V	V	0.074	2.208	9.0
SPCC553.06	swp1	inviable	E	E			
SPCC553.07c	kpa1	viable	V	V	-0.015	0.0	9.0
SPCC553.08c	ria1	viable	V	V	0.591	-0.0	3.0
SPCC553.09c	spb70	inviable	E	E	1.049	1.21	1.0
SPCC553.10	knh3	unknown	Not_determined	Not_determined	-0.058	2.148	9.0
SPCC553.11c	toa2	inviable	E	E	1.017	1.642	1.0
SPCC553.12c	SPCC553.12c	viable	V	V	0.001	0.0	9.0
SPCC569.01c	SPCC569.01c	viable	V	V			
SPCC569.02c	SPCC569.02c	viable	V	V			
SPCC569.03	SPCC569.03	viable	V	V			
SPCC569.04	SPCC569.04	viable	V	V			
SPCC569.05c	SPCC569.05c	viable	V	V	-0.02	-0.0	9.0
SPCC569.06	SPCC569.06	viable	V	V	0.001	0.0	9.0
SPCC569.07	SPCC569.07	viable	V	V			
SPCC569.08c	ade5	viable	V	V			
SPCC569.09	SPCC569.09	unknown	Not_determined	Not_determined			
SPCC576.01c	xan1	condition-dependent	V	V	0.073	0.0	9.0
SPCC576.02	SPCC576.02	viable	V	V			
SPCC576.03c	tpx1	condition-dependent	E	E	0.905	1.177	2.0
SPCC576.04	bxi1	viable	V	V	-0.01	0.0	9.0
SPCC576.05	sac3	inviable	E	E	0.698	0.933	3.0
SPCC576.06c	SPCC576.06c	inviable	E	E	0.777	4.574	6.0
SPCC576.07	ret3	inviable	E	E	0.96	-0.0	2.0
SPCC576.08c	rps2	inviable	E	E	1.327	0.085	1.0
SPCC576.09	rps20	inviable	E	E			
SPCC576.10c	rpt3	inviable	E	E	0.941	-0.0	2.0
SPCC576.11	rpl15	viable	V	V	0.929	0.29	2.0
SPCC576.12c	mhf2	viable	V	V			
SPCC576.13	swc5	viable	V	V	0.037	1.337	9.0
SPCC576.14	dph5	viable	V	V	0.077	-0.0	9.0
SPCC576.15c	ksg1	inviable	E	E	0.778	4.417	6.0
SPCC576.17c	SPCC576.17c	viable	V	V	-0.024	0.0	9.0
SPCC576.19c	SPCC576.19c	unknown	Not_determined	Not_determined	-0.002	0.0	9.0
SPCC584.01c	met10	viable	V	V	0.103	-0.0	9.0
SPCC584.02	cuf2	viable	V	V	0.07	-0.0	9.0
SPCC584.03c	SPCC584.03c	viable	V	V	0.002	0.0	9.0
SPCC584.04	sup35	inviable	E	E	1.2	-0.0	1.0
SPCC584.05	sec1	inviable	E	E	1.077	1.029	1.0
SPCC584.11c	svf1	viable	V	V	0.356	-0.0	7.0
SPCC584.12	mug42	viable	V	V	-0.02	-0.0	9.0
SPCC584.13	SPCC584.13	viable	V	V	-0.007	0.0	9.0
SPCC584.14	mug160	inviable	E	E	1.048	0.258	1.0
SPCC584.15c	aly3	viable	V	V	0.017	0.0	9.0
SPCC584.16c	SPCC584.16c	viable	V	V	-0.021	0.0	9.0
SPCC594.01	duc1	viable	V	V	-0.023	-0.0	9.0
SPCC594.02c	SPCC594.02c	viable	V	V	0.356	-0.0	7.0
SPCC594.03	SPCC594.03	unknown	Not_determined	Not_determined	-0.008	0.0	9.0
SPCC594.04c	SPCC594.04c	viable	V	V	0.447	1.469	7.0
SPCC594.05c	spf1	viable	V	V	0.092	0.986	9.0
SPCC594.06c	vsl1	viable	V	V	0.091	0.039	9.0
SPCC594.07c	bqt3	viable	V	V			
SPCC5E4.03c	taf5	inviable	E	E	1.013	2.93	4.0
SPCC5E4.04	cut1	inviable	E	E	0.921	1.832	4.0
SPCC5E4.05c	mgl1	viable	V	V			
SPCC5E4.06	smc6	inviable	E	E	0.88	1.503	4.0
SPCC5E4.07	rpl2802	viable	V	V	0.768	-0.0	3.0
SPCC5E4.10c	SPCC5E4.10c	viable	V	V	0.039	-0.0	9.0
SPCC61.01c	str2	unknown	E	V	0.059	3.113	9.0
SPCC61.02	spt3	viable	V	E	0.471	5.472	8.0
SPCC61.03	nnr2	viable	V	V	-0.001	0.0	9.0
SPCC61.04c	SPCC61.04c	inviable	E	E	1.109	0.15	1.0
SPCC61.05	SPCC61.05	viable	V	V	0.029	0.0	9.0
SPCC613.01	SPCC613.01	viable	V	V	0.044	0.549	9.0
SPCC613.02	SPCC613.02	viable	V	V	0.044	0.0	9.0
SPCC613.03	SPCC613.03	viable	V	V			
SPCC613.04c	rng3	inviable	E	E	0.959	2.445	4.0
SPCC613.05c	rpl35	inviable	E	E	1.1	0.039	1.0
SPCC613.06	rpl902	viable	V	V			
SPCC613.07	bcd1	viable	V	V	0.416	4.56	8.0
SPCC613.08	SPCC613.08	viable	V	V	0.557	2.304	5.0
SPCC613.09	sen54	inviable	E	E	0.767	0.162	3.0
SPCC613.10	qcr2	viable	V	V	0.184	4.367	9.0
SPCC613.11c	meu23	viable	V	V	0.386	0.249	7.0
SPCC613.12c	raf1	viable	V	V	0.242	6.369	9.0
SPCC622.01c	SPCC622.01c	viable	V	V			
SPCC622.02	SPCC622.02	viable	Not_determined	Not_determined	0.129	8.318	9.0
SPCC622.03c	SPCC622.03c	unknown	Not_determined	Not_determined	-0.021	-0.0	9.0
SPCC622.04	SPCC622.04	unknown	Not_determined	Not_determined	0.001	0.0	9.0
SPCC622.06c	SPCC622.06c	unknown	Not_determined	Not_determined	-0.006	0.0	9.0
SPCC622.07	SPCC622.07	unknown	Not_determined	Not_determined	-0.021	-0.0	9.0
SPCC622.08c	hta1	viable	V	V			
SPCC622.09	htb1	inviable	E	E			
SPCC622.10c	sec5	inviable	E	E	0.989	1.829	4.0
SPCC622.11	lmb1	viable	V	V	0.066	0.0	9.0
SPCC622.12c	gdh1	viable	V	V	0.097	-0.0	9.0
SPCC622.13c	tti1	inviable	E	E	0.98	1.721	4.0
SPCC622.14	SPCC622.14	viable	V	V	-0.029	-0.0	9.0
SPCC622.15c	SPCC622.15c	viable	V	V	0.055	-0.0	9.0
SPCC622.16c	epe1	viable	V	V	0.042	0.0	9.0
SPCC622.17	apn1	viable	V	V	-0.038	-0.0	9.0
SPCC622.18	rpl6	viable	V	V			
SPCC622.19	jmj4	viable	V	V			
SPCC63.02c	aah3	viable	V	V	0.007	0.0	9.0
SPCC63.03	mib1	viable	V	V	-0.013	0.0	9.0
SPCC63.04	mok14	viable	V	V	-0.032	-0.0	9.0
SPCC63.05	tap42	inviable	E	E	0.928	0.951	2.0
SPCC63.06	wdr89	viable	V	V	0.129	3.618	9.0
SPCC63.07	thg1	inviable	E	E	0.822	0.326	2.0
SPCC63.08c	atg1	viable	V	V	0.06	0.0	9.0
SPCC63.10c	sec59	inviable	E	E	0.68	3.229	6.0
SPCC63.11	prp28	inviable	E	E	1.012	0.332	1.0
SPCC63.12c	pup3	inviable	E	E	0.994	1.016	2.0
SPCC63.13	SPCC63.13	viable	V	V	-0.003	-0.0	9.0
SPCC63.14	eis1	viable	V	V	0.003	0.0	9.0
SPCC645.02	gep4	viable	V	V			
SPCC645.03c	isa1	inviable	E	E	0.925	1.608	2.0
SPCC645.04	nse3	inviable	E	E	0.006	0.0	9.0
SPCC645.05c	myo2	inviable	E	E	0.746	3.175	6.0
SPCC645.06c	rgf3	inviable	E	E	0.88	0.224	2.0
SPCC645.07	rgf1	viable	V	V	0.468	1.22	7.0
SPCC645.08c	snd1	viable	V	V	-0.028	0.0	9.0
SPCC645.09	mrpl37	inviable	E	E	1.245	8.43	6.0
SPCC645.10	cca2	inviable	E	E	1.031	0.131	1.0
SPCC645.11c	mug117	viable	V	V	-0.025	-0.0	9.0
SPCC645.12c	SPCC645.12c	viable	V	V	-0.07	-0.0	9.0
SPCC645.13	bye1	viable	V	V	0.005	0.0	9.0
SPCC645.14c	sti1	viable	V	V	0.052	0.0	9.0
SPCC663.01c	ekc1	viable	V	V	0.702	1.581	5.0
SPCC663.02	wtf14	viable	V	V			
SPCC663.03	pmd1	viable	V	V	-0.107	1.454	9.0
SPCC663.04	rpl39	viable	V	V			
SPCC663.05c	asf1	inviable	E	E	0.731	2.887	6.0
SPCC663.06c	osr1	viable	V	V	0.061	-0.0	9.0
SPCC663.08c	SPCC663.08c	viable	V	V	-0.02	0.0	9.0
SPCC663.09c	SPCC663.09c	viable	V	V	0.062	0.0	9.0
SPCC663.10	trm44	viable	V	V	-0.008	-0.0	9.0
SPCC663.11	saf1	viable	V	V	0.137	5.17	9.0
SPCC663.12	cid12	viable	V	V	0.05	0.0	9.0
SPCC663.13c	naa50	viable	V	V	-0.021	0.0	9.0
SPCC663.14c	trp663	viable	V	V	0.06	-0.0	9.0
SPCC663.15c	SPCC663.15c	viable	V	V	0.051	-0.0	9.0
SPCC663.17	wtf15	unknown	Not_determined	Not_determined	-0.011	0.0	9.0
SPCC663.18	SPCC663.18	viable	Not_determined	Not_determined			
SPCC70.02c	inh1	viable	V	V			
SPCC70.03c	put1	viable	V	V	-0.013	0.0	9.0
SPCC70.04c	SPCC70.04c	viable	V	V	-0.027	-0.0	9.0
SPCC70.05c	nnk1	inviable	E	E	0.858	0.684	2.0
SPCC70.06	sac32	viable	V	V	0.001	0.0	9.0
SPCC70.07c	tmp1	inviable	E	E	0.642	1.009	5.0
SPCC70.08c	SPCC70.08c	viable	V	V	-0.064	0.0	9.0
SPCC70.09c	gsr2	viable	V	V	-0.018	0.0	9.0
SPCC70.10	SPCC70.10	viable	V	V			
SPCC70.12c	ecl1	viable	Not_determined	Not_determined			
SPCC736.02	SPCC736.02	viable	V	V	0.127	0.262	9.0
SPCC736.03c	msf1	inviable	E	E	0.623	4.149	6.0
SPCC736.04c	gma12	viable	V	V	0.035	0.0	9.0
SPCC736.05	wtf7	viable	Not_determined	Not_determined	0.001	0.0	9.0
SPCC736.06	dar2	viable	V	V/E	0.224	5.049	8.0
SPCC736.07c	uri1	viable	V	E	0.724	1.808	5.0
SPCC736.08	cbf11	condition-dependent	V	V	0.407	0.847	7.0
SPCC736.09c	tfx1	viable	V	V	0.092	-0.0	9.0
SPCC736.10c	mrps8	inviable	E	E			
SPCC736.11	ago1	viable	V	V	0.003	0.0	9.0
SPCC736.12c	mmi1	inviable	E	E	0.927	3.431	6.0
SPCC736.13	SPCC736.13	viable	V	V			
SPCC736.14	dis1	condition-dependent	V	V	0.139	0.66	9.0
SPCC736.15	pil1	viable	V	V	0.002	0.0	9.0
SPCC737.02c	qcr7	viable	V	V	0.008	0.0	9.0
SPCC737.03c	ima1	viable	V	V	-0.007	0.0	9.0
SPCC737.04	SPCC737.04	viable	Not_determined	Not_determined	0.05	0.0	9.0
SPCC737.05	SPCC737.05	viable	V	V	0.082	-0.0	9.0
SPCC737.06c	gcs2	viable	V	V	0.049	-0.0	9.0
SPCC737.07c	SPCC737.07c	viable	V	V	-0.013	0.0	9.0
SPCC737.08	mdn1	inviable	E	E	1.112	0.023	1.0
SPCC737.09c	hmt1	viable	V	V	0.018	0.0	9.0
SPCC74.01	sly1	inviable	E	E	0.996	-0.0	1.0
SPCC74.02c	ppn1	viable	V	V	0.126	7.235	9.0
SPCC74.03c	ssp2	viable	V	V	0.119	0.394	9.0
SPCC74.04	SPCC74.04	viable	V	V	-0.032	0.0	9.0
SPCC74.05	rpl2702	viable	V	V			
SPCC74.06	mak3	viable	V	V	0.081	7.345	9.0
SPCC74.09	mug24	viable	V	V	-0.029	0.0	9.0
SPCC757.02c	SPCC757.02c	viable	V	V	-0.026	-0.0	9.0
SPCC757.03c	hsp3101	viable	V	V	0.051	0.0	9.0
SPCC757.04	SPCC757.04	viable	V	V	-0.003	0.0	9.0
SPCC757.05c	SPCC757.05c	viable	V	V	0.055	-0.0	9.0
SPCC757.06	SPCC757.06	unknown	Not_determined	Not_determined			
SPCC757.07c	ctt1	viable	V	V	0.003	0.0	9.0
SPCC757.08	rrp45	inviable	E	E	0.807	0.138	2.0
SPCC757.09c	rnc1	viable	V	V			
SPCC757.10	vph2	inviable	E	E	0.594	5.843	6.0
SPCC757.11c	SPCC757.11c	viable	V	V	-0.006	0.0	9.0
SPCC757.12	aah1	viable	V	V	0.027	0.0	9.0
SPCC757.13	SPCC757.13	viable	V	V	-0.0	0.0	9.0
SPCC757.15	cox14	unknown	Not_determined	Not_determined			
SPCC777.02	SPCC777.02	viable	V	V	0.031	0.0	9.0
SPCC777.03c	SPCC777.03c	viable	V	V	-0.054	0.0	9.0
SPCC777.04	dip5	viable	V	V	-0.0	0.0	9.0
SPCC777.05	gtr2	condition-dependent	E	E	0.988	0.51	1.0
SPCC777.06c	SPCC777.06c	viable	V	V	-0.011	0.0	9.0
SPCC777.07	omh3	viable	V	E	0.929	6.647	6.0
SPCC777.08c	bit61	viable	V	V	0.044	0.0	9.0
SPCC777.09c	arg1	viable	V	V	-0.002	0.0	9.0
SPCC777.10c	ubc12	condition-dependent	E	E	0.57	3.308	6.0
SPCC777.11	gta3	inviable	E	E	0.671	6.908	6.0
SPCC777.12c	SPCC777.12c	viable	V	V	0.056	0.0	9.0
SPCC777.13	vps35	viable	V	V	0.005	0.0	9.0
SPCC777.14	prp4	inviable	E	E	0.838	1.564	4.0
SPCC777.15	dus4	viable	V	V			
SPCC777.17c	SPCC777.17c	viable	V	V	-0.064	-0.0	9.0
SPCC790.02	pep3	condition-dependent	E	E	0.63	5.118	6.0
SPCC790.03	rbd2	condition-dependent	V	V	-0.025	0.0	9.0
SPCC794.01c	gcd1	viable	V	V	0.007	0.0	9.0
SPCC794.02	wtf5	viable	V	V	0.072	-0.0	9.0
SPCC794.03	SPCC794.03	viable	V	V	0.0	0.0	9.0
SPCC794.04c	SPCC794.04c	viable	V	V	-0.011	0.0	9.0
SPCC794.06	SPCC794.06	viable	V	V			
SPCC794.07	lat1	viable	V	V	0.438	2.805	8.0
SPCC794.08	efr3	viable	V	V	0.213	-0.0	9.0
SPCC794.09c	tef101	viable	V	V	0.141	-0.0	9.0
SPCC794.10	ugp1	viable	V	V	0.024	-0.0	9.0
SPCC794.11c	ent3	viable	V	V	0.117	-0.0	9.0
SPCC794.12c	mae2	viable	V	V	0.005	0.0	9.0
SPCC794.15	SPCC794.15	viable	V	V			
SPCC794.16	SPCC794.16	unknown	Not_determined	Not_determined	0.065	0.0	9.0
SPCC825.01	SPCC825.01	viable	V	V	0.811	0.842	2.0
SPCC825.02	gbs1	condition-dependent	V	V	0.005	0.0	9.0
SPCC825.03c	psy1	inviable	E	E	1.102	0.36	1.0
SPCC825.04c	naa40	viable	V	V	-0.026	-0.0	9.0
SPCC825.05c	pwi1	viable	V	V	0.001	0.0	9.0
SPCC830.03	grc3	inviable	E	E	0.797	1.022	3.0
SPCC830.04c	mug128	viable	V	V	0.015	0.0	9.0
SPCC830.05c	epl1	inviable	E	E	0.965	1.027	2.0
SPCC830.06	cnb1	viable	V	V	0.073	-0.0	9.0
SPCC830.07c	psi1	viable	V	V	-0.011	0.0	9.0
SPCC830.08c	yop1	viable	V	V	0.013	0.0	9.0
SPCC830.09c	pop5	inviable	E	E	0.737	0.561	3.0
SPCC830.10	ham1	viable	V	V	0.002	-0.0	9.0
SPCC830.11c	fap7	inviable	E	E	0.702	0.167	3.0
SPCC895.03c	sua5	inviable	E	E			
SPCC895.04c	ufe1	inviable	E	E	1.085	-0.0	1.0
SPCC895.05	for3	condition-dependent	V	V	0.548	1.981	5.0
SPCC895.06	elp2	viable	V	V	0.48	0.933	7.0
SPCC895.07	alp14	viable	V	V	0.146	1.705	9.0
SPCC895.08c	SPCC895.08c	viable	V	V			
SPCC895.09c	ucp12	viable	V	V	-0.015	0.0	9.0
SPCC962.01	tcb1	viable	V	V	-0.012	0.0	9.0
SPCC962.02c	bir1	inviable	E	E	0.927	1.21	2.0
SPCC962.03c	cut15	inviable	E	E	0.741	0.805	3.0
SPCC962.04	rps1201	viable	V	V	0.209	-0.0	9.0
SPCC962.05	ast1	viable	V	V	-0.003	0.0	9.0
SPCC962.06c	bpb1	inviable	E	E	0.836	0.738	2.0
SPCC965.03	vma8	inviable	E	E	0.408	2.272	8.0
SPCC965.04c	yme1	viable	V	V	0.027	-0.0	9.0
SPCC965.05c	thp1	viable	V	V	0.43	9.511	9.0
SPCC965.06	osr2	viable	V	V	0.01	0.0	9.0
SPCC965.07c	gst2	viable	V	V			
SPCC965.08c	alr1	viable	V	V	-0.002	0.0	9.0
SPCC965.09	SPCC965.09	viable	V	V	0.069	-0.0	9.0
SPCC965.10	SPCC965.10	viable	V	V	0.251	9.511	9.0
SPCC965.11c	agp3	viable	V	V	-0.028	0.0	9.0
SPCC965.12	dpe2	viable	V	V	-0.01	0.0	9.0
SPCC965.13	SPCC965.13	viable	V	V	0.039	0.0	9.0
SPCC965.14c	fcy1	viable	V	V			
SPCC970.01	rad16	viable	V	V	0.076	4.748	9.0
SPCC970.02	dcw1	viable	V	V	0.003	0.0	9.0
SPCC970.03	cbr1	inviable	E	E			
SPCC970.04c	mob2	inviable	E	E	0.719	0.776	3.0
SPCC970.05	rpl3601	viable	V	V	0.488	-0.0	3.0
SPCC970.06	erv29	viable	V	V	0.084	2.301	9.0
SPCC970.07c	raf2	viable	V	V	0.26	5.44	8.0
SPCC970.08	kcs1	inviable	E	E	0.667	0.779	3.0
SPCC970.09	sec8	inviable	E	E	0.927	0.799	2.0
SPCC970.10c	brl2	viable	V	V	0.264	0.71	7.0
SPCC970.11c	wtf9	viable	Not_determined	Not_determined	0.028	0.0	9.0
SPCC970.12	mis18	inviable	E	E	0.811	6.594	6.0
SPCP1E11.02	ppk38	viable	V	V	-0.002	0.0	9.0
SPCP1E11.03	mug170	viable	V	V	-0.007	0.0	9.0
SPCP1E11.04c	pal1	viable	V	V	0.004	0.0	9.0
SPCP1E11.05c	are2	viable	V	V	0.539	7.654	6.0
SPCP1E11.06	apl4	viable	V	V	0.191	0.27	9.0
SPCP1E11.07c	cwf18	viable	V	V	0.069	2.563	9.0
SPCP1E11.08	nsa2	inviable	E	E	1.265	-0.0	1.0
SPCP1E11.09c	rpp103	viable	V	V	0.238	-0.0	9.0
SPCP1E11.10	dhm1	viable	V	V	0.457	0.823	7.0
SPCP1E11.11	puf6	viable	V	V	0.083	0.04	9.0
SPCP20C8.01c	SPCP20C8.01c	viable	V	V			
SPCP20C8.02c	SPCP20C8.02c	viable	V	V			
SPCP20C8.04	new22	unknown	Not_determined	Not_determined	-0.011	0.001	9.0
SPCP25A2.02c	rhp26	viable	V	V	0.01	-0.0	9.0
SPCP25A2.03	tho1	inviable	E	E	0.992	1.886	4.0
SPCP31B10.02	SPCP31B10.02	viable	V	V	0.04	0.0	9.0
SPCP31B10.03c	med31	viable	V	V	0.235	2.319	8.0
SPCP31B10.04	psg2	viable	V	V			
SPCP31B10.05	tdp1	viable	V	V	0.033	-0.0	9.0
SPCP31B10.06	tcb2	viable	V	V	-0.036	-0.0	9.0
SPCP31B10.07	eft202	viable	V	V	0.643	0.453	3.0
SPCP31B10.08c	rpl35A01	inviable	E	E			
SPCPB16A4.02c	opy1	viable	V	V	0.053	-0.0	9.0
SPCPB16A4.03c	ade10	viable	V	V	0.077	-0.0	9.0
SPCPB16A4.04c	trm8	viable	V	V			
SPCPB16A4.05c	ure7	viable	V	V			
SPCPB16A4.06c	SPCPB16A4.06c	viable	V	V	0.125	-0.0	9.0
SPCPB16A4.07	smp4	viable	Not_determined	Not_determined			
SPCPB1C11.01	amt1	viable	V	V	-0.002	0.0	9.0
SPCPB1C11.02	SPCPB1C11.02	viable	V	V	0.002	0.0	9.0
SPCPB1C11.03	SPCPB1C11.03	viable	V	V	-0.015	0.0	9.0
SPCPJ732.01	vps5	viable	V	V	0.106	0.0	9.0
SPCPJ732.02c	xks1	viable	V	V	0.05	0.0	9.0
SPCPJ732.03	meu15	viable	V	V	0.004	-0.0	9.0
SPMIT.01	cox1	unknown	Not_determined	Not_determined	-0.008	-0.0	9.0
SPMIT.02	cox1-I1b	unknown	Not_determined	Not_determined			
SPMIT.03	cox1-I2b	unknown	Not_determined	Not_determined			
SPMIT.04	cox3	unknown	Not_determined	Not_determined	-0.051	1.508	9.0
SPMIT.05	cob1	unknown	Not_determined	Not_determined	-0.123	0.49	9.0
SPMIT.06	cob1-I1	unknown	Not_determined	Not_determined			
SPMIT.07	atp6	unknown	Not_determined	Not_determined	-0.137	0.76	9.0
SPMIT.08	var1	unknown	Not_determined	Not_determined			
SPMIT.09	atp8	unknown	Not_determined	Not_determined			
SPMIT.10	atp9	unknown	Not_determined	Not_determined			
SPMIT.11	cox2	unknown	Not_determined	Not_determined			
SPMTR.01	mat2-Pc	unknown	Not_determined	Not_determined			
SPMTR.02	mat2-Pi	unknown	Not_determined	Not_determined	0.178	-0.0	9.0
