Systematic ID	Name	FYPOviability	DeletionLibrary_essentiality	A	um	lam	t10	t50	t90	t_window	t_inflection	y_inflection	auc	R2	RMSE	normalized_RMSE	AIC	BIC
SPAC1002.02	pom34	viable	V	0.099	-0.007	0.0	0.814	6.703	15.943	15.129	4.905	0.036	0.009	-0.37103	0.133	0.456556	-14.15	-15.322
SPAC1002.03c	gls2	viable	V	0.258	0.024	0.0	0.648	5.332	12.684	12.036	3.902	0.095	1.722	0.259431	0.128	0.305515	-14.58	-15.752
SPAC1002.04c	taf11	inviable	E	8.542	0.733	2.629	3.34	8.487	16.564	13.224	6.916	3.142	35.706	0.996478	0.147	0.022741	-13.204	-14.376
SPAC1002.05c	jmj2	viable	V	0.107	-0.009	0.0	0.708	5.829	13.864	13.157	4.266	0.039	0.009	-0.77907	0.104	0.531165	-16.674	-17.846
SPAC1002.06c	bqt2	viable	V	-0.097	-0.016	0.0	0.364	3.001	7.138	6.773	2.196	-0.036	-0.871	0.063658	0.09	0.356264	-18.104	-19.276
SPAC1002.07c	SPAC1002.07c	viable	V	-0.247	0.037	0.0	0.411	3.383	8.046	7.635	2.476	-0.091	-0.011	-0.411799	0.078	0.450971	-19.451	-20.622
SPAC1002.08c	mtf1	inviable	E	5.509	0.656	4.606	5.12	8.831	14.656	9.536	7.698	2.027	19.955	0.999015	0.055	0.012348	-23.016	-24.188
SPAC1002.09c	dld1	inviable	E	5.685	0.631	4.089	4.639	8.616	14.857	10.218	7.402	2.091	21.855	0.999001	0.058	0.012427	-22.495	-23.667
SPAC1002.10c	sgt1	inviable	E	6.155	1.031	0.383	0.748	3.384	7.521	6.773	2.579	2.264	53.151	0.991477	0.218	0.034412	-9.255	-10.427
SPAC1002.11	gaa1	inviable	E	6.38	0.801	0.765	1.252	4.771	10.292	9.041	3.696	2.347	46.042	0.995632	0.154	0.024802	-12.703	-13.875
SPAC1002.12c	ssd1	viable	V	-0.061	0.004	0.0	0.926	7.628	18.144	17.218	5.582	-0.023	-0.006	-0.92649	0.105	0.56563	-16.572	-17.744
SPAC1002.13c	psu1	inviable	E	5.67	0.95	3.001	3.366	6.002	10.139	6.773	5.197	2.086	34.551	0.996931	0.126	0.023723	-14.715	-15.887
SPAC1002.14	itt1	viable	V	0.69	-0.045	0.0	0.931	7.662	18.225	17.294	5.607	0.254	0.073	-0.090898	0.094	0.396712	-17.6	-18.772
SPAC1002.15c	med6	viable	V	2.103	0.206	5.253	5.877	10.394	17.482	11.605	9.015	0.774	5.583	0.931617	0.136	0.091795	-13.962	-15.133
SPAC1002.16c	tna1	inviable	E	-0.025	-0.003	0.0	0.457	3.759	8.942	8.485	2.751	-0.009	-0.203	-0.224148	0.036	0.378235	-27.156	-28.328
SPAC1002.17c	urg2	viable	V	-0.321	0.021	0.0	0.919	7.571	18.008	17.088	5.54	-0.118	-0.033	-0.065816	0.171	0.364792	-11.635	-12.806
SPAC1002.18	urg3	viable	V	0.037	-0.005	0.0	0.413	3.401	8.09	7.676	2.489	0.014	0.002	-1.354541	0.046	0.576952	-24.757	-25.929
SPAC1002.19	urg1	viable	V	-0.102	0.014	0.0	0.454	3.74	8.895	8.441	2.737	-0.038	-0.005	-2.224567	0.073	0.584073	-20.172	-21.343
SPAC1002.20	SPAC1002.20	viable	V	-0.0	0.0	0.0	0.67	5.513	13.113	12.443	4.034	-0.0	-0.0	-0.692994	0.071	0.452875	-20.5	-21.672
SPAC1006.01	psp3	viable	V	0.725	0.121	-0.0	0.364	3.001	7.138	6.773	2.196	0.267	6.522	0.786486	0.119	0.163223	-15.287	-16.459
SPAC1006.03c	red1	viable	V	0.821	0.068	3.348	4.088	9.447	17.855	13.766	7.811	0.302	2.899	0.980413	0.032	0.052666	-28.283	-29.455
SPAC1006.04c	mcp3	viable	V	0.182	-0.012	0.0	0.913	7.518	17.881	16.968	5.501	0.067	0.019	-0.063136	0.066	0.34159	-21.192	-22.364
SPAC1006.05c	och1	viable	V	5.752	0.964	1.013	1.377	4.014	8.15	6.773	3.209	2.116	46.193	0.882046	0.811	0.133863	3.908	2.736
SPAC1006.06	rgf2	viable	V	-0.302	-0.051	0.0	0.364	3.001	7.138	6.773	2.196	-0.111	-2.717	0.955196	0.026	0.081844	-30.518	-31.69
SPAC1006.07	tif1	inviable	E	5.497	0.921	-0.0	0.364	3.001	7.138	6.773	2.196	2.022	49.447	0.690701	1.083	0.195667	6.799	5.628
SPAC1006.08	etd1	condition-dependent	E	6.458	1.082	1.103	1.468	4.104	8.241	6.773	3.299	2.376	51.291	0.988488	0.276	0.042514	-6.867	-8.039
SPAC1006.09	win1	viable	V	0.415	0.027	0.0	0.945	7.782	18.51	17.565	5.695	0.153	2.074	0.952464	0.027	0.082938	-29.983	-31.155
SPAC1039.01	SPAC1039.01	viable	V	-0.45	0.064	0.0	0.426	3.51	8.349	7.923	2.569	-0.165	-0.022	-0.485319	0.065	0.429698	-21.351	-22.523
SPAC1039.02	efn2	viable	V	-0.39	0.058	0.0	0.413	3.401	8.089	7.676	2.489	-0.143	-0.018	-0.475466	0.055	0.421957	-23.031	-24.202
SPAC1039.03	SPAC1039.03	viable	V	0.157	0.026	-0.0	0.364	3.001	7.138	6.773	2.196	0.058	1.412	-0.169955	0.219	0.40655	-9.199	-10.371
SPAC1039.04	SPAC1039.04	viable	V	-0.06	-0.005	0.0	0.75	6.174	14.686	13.936	4.518	-0.022	-0.36	0.276004	0.043	0.299091	-25.519	-26.691
SPAC1039.05c	klf1	viable	V	-0.319	0.047	-0.0	0.416	3.422	8.139	7.724	2.504	-0.117	-0.015	-0.055756	0.044	0.362508	-25.184	-26.356
SPAC1039.06	SPAC1039.06	viable	V	-0.029	-0.005	0.0	0.364	3.001	7.138	6.773	2.196	-0.011	-0.258	0.038318	0.05	0.341222	-23.925	-25.097
SPAC1039.07c	SPAC1039.07c	viable	V	-0.433	0.06	-0.0	0.439	3.618	8.606	8.167	2.648	-0.159	-0.021	-0.81319	0.059	0.494957	-22.235	-23.407
SPAC1039.08	SPAC1039.08	viable	V	0.266	-0.019	0.0	0.834	6.863	16.325	15.491	5.022	0.098	0.025	-0.161378	0.121	0.377815	-15.159	-16.331
SPAC1039.09	isp5	viable	V	-0.232	-0.039	-0.0	0.364	3.001	7.138	6.773	2.196	-0.085	-2.087	0.186416	0.089	0.332027	-18.156	-19.328
SPAC1039.10	mmf2	viable	V	-0.425	0.057	0.0	0.455	3.746	8.911	8.456	2.742	-0.156	-0.022	-0.022509	0.097	0.372248	-17.353	-18.524
SPAC1039.11c	gto1	viable	V	-1.0	0.065	0.0	0.945	7.782	18.51	17.565	5.695	-0.368	-0.107	-0.473963	0.168	0.424002	-11.818	-12.99
SPAC105.01c	kha1	viable	V	-0.009	0.002	0.0	0.364	3.001	7.138	6.773	2.196	-0.003	-0.0	-1.478254	0.089	0.660933	-18.24	-19.412
SPAC105.03c	dal81	viable	V	-0.001	0.0	0.0	0.364	3.001	7.137	6.773	2.196	-0.0	-0.0	-0.829714	0.144	0.499127	-13.397	-14.569
SPAC1071.01c	pta1	inviable	E	6.121	0.77	0.317	0.802	4.313	9.822	9.019	3.241	2.252	46.744	0.992069	0.197	0.032657	-10.243	-11.415
SPAC1071.02	mms19	viable	V	3.266	0.373	0.888	1.423	5.291	11.36	9.937	4.11	1.202	21.967	0.99611	0.072	0.023406	-20.256	-21.428
SPAC1071.03c	sil1	viable	V	1.799	0.301	9.511	9.875	12.512	16.648	6.773	11.707	0.662	1.468	0.79153	0.164	0.172071	-12.059	-13.231
SPAC1071.04c	spc2	viable	V	0.754	0.126	5.887	6.252	8.888	13.025	6.773	8.083	0.278	2.577	0.989633	0.029	0.040984	-29.484	-30.656
SPAC1071.05	hpm1	viable	V	0.385	0.064	-0.0	0.364	3.001	7.138	6.773	2.196	0.142	3.461	0.387367	0.113	0.278776	-15.837	-17.009
SPAC1071.06	arp9	viable	V	0.623	0.05	0.0	0.757	6.232	14.822	14.065	4.56	0.229	3.72	0.986846	0.022	0.041524	-32.014	-33.185
SPAC1071.09c	djc9	viable	V	0.849	0.058	0.879	1.77	8.219	18.338	16.568	6.25	0.312	3.935	0.896328	0.079	0.123472	-19.365	-20.536
SPAC1071.10c	pma1	inviable	E	6.417	1.075	0.144	0.508	3.145	7.282	6.773	2.34	2.361	56.863	0.981957	0.329	0.051757	-5.109	-6.28
SPAC1071.12c	stp1	viable	V	-0.065	-0.011	-0.0	0.364	3.001	7.138	6.773	2.196	-0.024	-0.584	0.174295	0.045	0.358981	-24.96	-26.131
SPAC1071.13	SPAC1071.13	unknown	Not_determined	-0.016	0.001	0.0	0.666	5.485	13.046	12.38	4.014	-0.006	-0.001	-0.389742	0.157	0.406148	-12.53	-13.701
SPAC1093.01	ppr5	viable	V	0.613	0.103	2.148	2.512	5.149	9.286	6.773	4.344	0.226	4.247	0.553629	0.231	0.242776	-8.659	-9.83
SPAC1093.02	pdx3	viable	V	0.514	0.086	-0.0	0.364	3.001	7.138	6.773	2.196	0.189	4.622	0.068884	0.246	0.363496	-8.021	-9.192
SPAC1093.03	fig4	viable	V	0.062	0.004	0.0	0.945	7.782	18.51	17.565	5.695	0.023	0.31	0.450027	0.024	0.268093	-31.244	-32.415
SPAC1093.04c	cca1	inviable	E	6.063	1.016	0.641	1.005	3.642	7.779	6.773	2.837	2.231	50.869	0.993968	0.183	0.030595	-10.973	-12.145
SPAC1093.05	hca4	inviable	E	5.767	0.966	0.074	0.439	3.075	7.212	6.773	2.27	2.121	51.475	0.961327	0.435	0.071533	-2.321	-3.493
SPAC1093.06c	dhc1	viable	V	0.721	0.121	4.005	4.37	7.006	11.143	6.773	6.201	0.265	3.703	0.778179	0.159	0.189669	-12.416	-13.588
SPAC10F6.01c	sir1	viable	V	2.056	0.137	0.465	1.382	8.013	18.419	17.037	5.989	0.756	9.888	0.696735	0.344	0.180171	-4.683	-5.855
SPAC10F6.02c	prp22	inviable	E	6.134	1.028	0.651	1.016	3.652	7.789	6.773	2.847	2.257	51.402	0.988639	0.256	0.042925	-7.626	-8.797
SPAC10F6.03c	cts1	inviable	E	6.89	1.154	-0.0	0.364	3.001	7.138	6.773	2.196	2.535	61.98	0.920714	0.688	0.101932	2.257	1.085
SPAC10F6.04	ats1	viable	V	1.679	0.11	0.274	1.202	7.918	18.456	17.254	5.868	0.618	8.208	0.944335	0.106	0.079246	-16.433	-17.604
SPAC10F6.05c	ubc6	viable	V	0.106	0.018	-0.0	0.364	3.001	7.138	6.773	2.196	0.039	0.95	-0.20461	0.071	0.44672	-20.384	-21.556
SPAC10F6.06	vip1	viable	V	0.528	0.088	-0.0	0.364	3.001	7.138	6.773	2.196	0.194	4.752	0.155739	0.22	0.319986	-9.164	-10.335
SPAC10F6.08c	nht1	viable	V	1.176	0.135	5.75	6.283	10.138	16.188	9.905	8.961	0.433	3.123	0.956032	0.077	0.075577	-19.618	-20.79
SPAC10F6.09c	psm3	condition-dependent	E	5.905	0.821	1.093	1.532	4.71	9.696	8.164	3.74	2.172	43.108	0.999335	0.057	0.01013	-22.574	-23.746
SPAC10F6.10	rio1	inviable	E	6.526	1.089	0.483	0.849	3.496	7.65	6.8	2.688	2.401	55.648	0.997622	0.122	0.018691	-15.059	-16.231
SPAC10F6.12c	mam4	viable	V	0.244	-0.016	0.0	0.915	7.533	17.917	17.002	5.512	0.09	0.025	-0.233947	0.05	0.434872	-24.043	-25.214
SPAC10F6.13c	caa1	viable	V	5.949	0.528	1.365	2.053	7.031	14.844	12.791	5.512	2.189	31.484	0.994789	0.135	0.026827	-14.041	-15.213
SPAC10F6.14c	SPAC10F6.14c	viable	V	0.054	-0.009	0.0	0.364	3.001	7.138	6.773	2.196	0.02	0.002	-0.617939	0.073	0.470941	-20.238	-21.41
SPAC10F6.15	SPAC10F6.15	viable	V	-0.118	-0.02	-0.0	0.364	3.001	7.138	6.773	2.196	-0.044	-1.065	-0.216775	0.084	0.452757	-18.798	-19.97
SPAC10F6.16	igo1	viable	V	-0.529	0.078	-0.0	0.415	3.417	8.127	7.712	2.5	-0.195	-0.025	-0.200466	0.141	0.37984	-13.623	-14.794
SPAC10F6.17c	ptc5	viable	V	-0.28	0.04	0.0	0.431	3.55	8.445	8.014	2.598	-0.103	-0.014	-0.040819	0.05	0.339402	-23.979	-25.151
SPAC110.01	ppk1	viable	V	0.097	-0.015	0.0	0.39	3.209	7.634	7.244	2.349	0.036	0.004	-0.610291	0.059	0.454337	-22.369	-23.54
SPAC110.02	pds5	viable	V	0.344	0.022	0.0	0.945	7.782	18.51	17.565	5.695	0.127	1.721	0.745939	0.068	0.217709	-20.926	-22.097
SPAC110.03	cdc42	inviable	E	6.395	1.071	-0.0	0.364	3.001	7.138	6.773	2.196	2.352	57.524	0.731931	1.203	0.186509	7.847	6.675
SPAC110.04c	pss1	condition-dependent	E	6.291	0.985	0.251	0.641	3.461	7.887	7.246	2.6	2.314	53.659	0.993043	0.197	0.030957	-10.234	-11.406
SPAC110.06	SPAC110.06	viable	Not_determined	-0.192	-0.024	-0.0	0.489	4.029	9.583	9.094	2.948	-0.071	-1.517	0.066438	0.141	0.352501	-13.565	-14.737
SPAC1142.01	rqc1	viable	V	0.456	0.076	-0.0	0.364	3.001	7.138	6.773	2.196	0.168	4.103	-0.059274	1.578	0.400705	10.564	9.392
SPAC1142.02c	sgt2	viable	V	0.004	-0.001	0.0	0.364	3.001	7.138	6.774	2.196	0.002	0.0	-0.248607	0.099	0.391519	-17.121	-18.293
SPAC1142.03c	swi2	viable	V	0.721	-0.047	0.0	0.934	7.688	18.285	17.352	5.626	0.265	0.076	-0.076431	0.114	0.369686	-15.695	-16.867
SPAC1142.04	noc201	inviable	E	6.767	1.134	0.507	0.871	3.508	7.645	6.773	2.703	2.49	57.647	0.985996	0.312	0.04649	-5.663	-6.834
SPAC1142.05	ctr5	viable	V	4.807	0.376	2.685	3.466	9.117	17.985	14.519	7.392	1.768	18.436	0.969245	0.23	0.063275	-8.683	-9.855
SPAC1142.06	get3	viable	V	-0.042	-0.003	0.0	0.853	7.021	16.701	15.848	5.138	-0.016	-0.229	0.109909	0.05	0.307048	-24.009	-25.181
SPAC1142.07c	vps32	viable	V	5.051	0.372	0.489	1.318	7.312	16.717	15.399	5.482	1.858	26.308	0.888136	0.511	0.119529	-0.716	-1.888
SPAC1142.08	fhl1	viable	V	2.218	0.307	0.788	1.23	4.424	9.436	8.206	3.449	0.816	16.784	0.959264	0.17	0.075612	-11.703	-12.875
SPAC1142.09	SPAC1142.09	unknown	Not_determined	-0.392	0.056	-0.0	0.428	3.523	8.381	7.953	2.578	-0.144	-0.019	-0.711936	0.07	0.476291	-20.523	-21.694
SPAC11D3.02c	SPAC11D3.02c	viable	V	-0.011	-0.002	-0.0	0.364	2.999	7.134	6.769	2.195	-0.004	-0.099	-0.00959	0.029	0.337554	-29.279	-30.45
SPAC11D3.03c	SPAC11D3.03c	viable	V	0.004	-0.001	0.0	0.364	3.001	7.138	6.774	2.196	0.002	0.0	-1.982586	0.069	0.559853	-20.676	-21.847
SPAC11D3.04c	SPAC11D3.04c	viable	V	0.174	-0.012	0.0	0.921	7.586	18.043	17.122	5.551	0.064	0.018	0.028815	0.043	0.32247	-25.492	-26.663
SPAC11D3.05	mfs2	viable	V	0.024	0.002	0.0	0.847	6.972	16.584	15.737	5.102	0.009	0.129	0.090122	0.036	0.331337	-27.302	-28.474
SPAC11D3.06	SPAC11D3.06	viable	V	1.672	0.28	9.511	9.875	12.512	16.648	6.773	11.707	0.615	1.364	0.972959	0.057	0.064393	-22.582	-23.753
SPAC11D3.07c	toe4	viable	V	0.02	0.003	0.0	0.364	3.001	7.138	6.773	2.196	0.007	0.182	0.078375	0.03	0.330996	-28.916	-30.088
SPAC11D3.08c	SPAC11D3.08c	viable	V	0.154	0.026	-0.0	0.364	3.001	7.138	6.773	2.196	0.057	1.382	-0.178197	0.081	0.347931	-19.168	-20.339
SPAC11D3.09	agm1	viable	V	0.22	0.035	0.0	0.38	3.125	7.433	7.053	2.287	0.081	1.952	0.983826	0.011	0.050448	-39.147	-40.318
SPAC11D3.10	SPAC11D3.10	viable	V	-0.39	0.055	0.0	0.437	3.598	8.557	8.12	2.633	-0.144	-0.019	-1.15789	0.091	0.529627	-18.017	-19.188
SPAC11D3.11c	SPAC11D3.11c	unknown	Not_determined	0.949	-0.062	0.0	0.934	7.687	18.285	17.352	5.626	0.349	0.1	0.010048	0.119	0.355982	-15.265	-16.437
SPAC11D3.13	hsp3104	viable	V	0.069	-0.012	0.0	0.364	3.001	7.138	6.773	2.196	0.026	0.003	-1.000828	0.068	0.492626	-20.813	-21.985
SPAC11D3.14c	oxp2	viable	V	-0.013	-0.002	-0.0	0.364	3.001	7.137	6.773	2.196	-0.005	-0.115	-0.054	0.039	0.370569	-26.465	-27.637
SPAC11D3.15	oxp1	viable	V	-0.038	-0.002	0.0	0.926	7.626	18.138	17.212	5.58	-0.014	-0.192	0.015893	0.017	0.361121	-34.977	-36.148
SPAC11D3.16c	SPAC11D3.16c	viable	V	-0.058	0.004	0.0	0.942	7.753	18.441	17.499	5.674	-0.021	-0.006	-0.297526	0.117	0.429814	-15.427	-16.599
SPAC11D3.17	SPAC11D3.17	viable	V	-0.383	0.053	0.0	0.442	3.636	8.65	8.208	2.661	-0.141	-0.019	-1.506991	0.049	0.554989	-24.192	-25.364
SPAC11D3.18c	SPAC11D3.18c	viable	V	-0.012	0.001	0.0	0.6	4.944	11.76	11.159	3.618	-0.004	-0.001	-0.276113	0.059	0.406749	-22.306	-23.477
SPAC11D3.19	SPAC11D3.19	viable	Not_determined	-0.194	0.028	0.0	0.424	3.493	8.308	7.884	2.556	-0.071	-0.009	-2.169332	0.063	0.669422	-21.658	-22.83
SPAC11D3.20	SPAC11D3.20	unknown	Not_determined	0.039	-0.007	0.0	0.364	3.001	7.138	6.773	2.196	0.014	0.002	-1.44475	0.092	0.533966	-17.877	-19.049
SPAC11E3.01c	swr1	viable	V	0.695	0.116	0.0	0.364	3.001	7.138	6.773	2.196	0.255	6.248	0.961761	0.05	0.068626	-23.883	-25.055
SPAC11E3.02c	ync13	condition-dependent	E	3.755	0.415	3.809	4.361	8.358	14.629	10.268	7.138	1.382	15.238	0.993903	0.093	0.030512	-17.748	-18.92
SPAC11E3.03	csm1	viable	V	3.027	0.401	5.527	5.987	9.317	14.543	8.556	8.3	1.113	9.566	0.989836	0.094	0.038899	-17.601	-18.773
SPAC11E3.04c	ubc13	viable	V	0.419	0.027	0.0	0.945	7.782	18.51	17.565	5.695	0.154	2.096	0.471161	0.115	0.25948	-15.655	-16.827
SPAC11E3.05	sea3	viable	V	4.813	0.594	1.21	1.704	5.28	10.892	9.188	4.189	1.771	32.454	0.999435	0.042	0.009185	-25.755	-26.927
SPAC11E3.06	map1	viable	V	0.063	0.011	0.0	0.364	3.001	7.138	6.773	2.196	0.023	0.567	-0.197583	0.045	0.391226	-25.1	-26.272
SPAC11E3.07	vma4	inviable	E	5.12	0.364	1.396	2.256	8.476	18.237	15.981	6.577	1.883	22.594	0.976492	0.209	0.053293	-9.661	-10.833
SPAC11E3.08c	nse6	viable	V	2.847	0.382	5.203	5.658	8.95	14.117	8.459	7.945	1.047	9.828	0.997941	0.042	0.017895	-25.68	-26.851
SPAC11E3.09	pyp3	viable	V	2.894	0.485	9.119	9.483	12.12	16.257	6.773	11.315	1.065	2.958	0.981818	0.081	0.050605	-19.081	-20.253
SPAC11E3.10	SPAC11E3.10	viable	V	0.072	-0.005	-0.0	0.945	7.782	18.51	17.565	5.695	0.027	0.008	-0.52768	0.143	0.437683	-13.441	-14.612
SPAC11E3.11c	syt22	viable	V	0.322	0.045	0.0	0.438	3.6	8.562	8.124	2.634	0.119	2.688	0.727268	0.082	0.180136	-19.037	-20.209
SPAC11E3.12	SPAC11E3.12	viable	V	-0.108	-0.018	-0.0	0.364	3.001	7.138	6.773	2.196	-0.04	-0.971	0.146247	0.043	0.349938	-25.456	-26.627
SPAC11E3.13c	gas5	viable	V	0.423	0.071	-0.0	0.364	3.001	7.138	6.773	2.196	0.156	3.803	0.740311	0.079	0.176238	-19.434	-20.605
SPAC11E3.14	SPAC11E3.14	viable	V	0.286	-0.019	0.0	0.925	7.614	18.111	17.186	5.572	0.105	0.03	-0.238976	0.097	0.379059	-17.366	-18.537
SPAC11G7.01	mtl2	viable	V	0.907	0.152	-0.0	0.364	3.001	7.138	6.773	2.196	0.334	8.158	0.875014	0.112	0.134017	-15.877	-17.049
SPAC11G7.02	pub1	viable	V	4.531	0.697	0.228	0.624	3.493	7.995	7.371	2.617	1.667	38.467	0.770876	0.85	0.164639	4.371	3.2
SPAC11G7.03	idh1	viable	V	2.946	0.204	1.061	1.941	8.309	18.303	16.362	6.365	1.084	13.431	0.960863	0.155	0.067719	-12.63	-13.801
SPAC11G7.05c	mct1	viable	V	1.909	0.123	-0.0	0.945	7.782	18.51	17.565	5.695	0.702	9.541	0.884531	0.178	0.115802	-11.28	-12.452
SPAC11G7.06c	mug132	viable	V	-0.361	0.053	0.0	0.413	3.402	8.091	7.678	2.489	-0.133	-0.017	-1.169164	0.067	0.642132	-21.063	-22.235
SPAC11H11.01	sst6	viable	V	0.376	0.024	-0.0	0.945	7.782	18.51	17.565	5.695	0.138	1.881	0.639815	0.076	0.252958	-19.752	-20.923
SPAC11H11.02c	mug162	viable	V	-0.183	-0.031	-0.0	0.364	3.001	7.138	6.773	2.196	-0.067	-1.65	0.263238	0.065	0.308152	-21.378	-22.55
SPAC11H11.03c	SPAC11H11.03c	viable	V	-0.124	-0.008	0.0	0.945	7.782	18.51	17.565	5.695	-0.045	-0.618	0.451148	0.038	0.277609	-26.693	-27.865
SPAC11H11.04	mam2	viable	V	2.433	0.408	9.511	9.875	12.512	16.648	6.773	11.707	0.895	1.985	0.991393	0.045	0.036981	-24.985	-26.157
SPAC11H11.05c	fta6	viable	V	-0.361	0.051	0.0	0.434	3.576	8.506	8.071	2.617	-0.133	-0.018	-0.34824	0.124	0.420511	-14.871	-16.042
SPAC11H11.06	arp2	inviable	E	5.849	0.98	-0.0	0.364	3.001	7.138	6.773	2.196	2.152	52.613	0.97646	0.33	0.057196	-5.083	-6.254
SPAC1250.01	snf21	inviable	E	7.274	0.64	1.637	2.331	7.352	15.231	12.9	5.819	2.676	36.665	0.998057	0.099	0.016526	-17.122	-18.294
SPAC1250.02	mug95	viable	V	-0.192	-0.032	-0.0	0.364	3.001	7.138	6.773	2.196	-0.071	-1.727	-0.027085	0.096	0.350224	-17.438	-18.61
SPAC1250.03	ubc14	viable	V	-0.112	-0.017	-0.0	0.406	3.345	7.956	7.55	2.448	-0.041	-0.967	-0.057349	0.08	0.414321	-19.21	-20.382
SPAC1250.05	rpl3002	viable	V	0.409	0.069	1.456	1.821	4.457	8.594	6.773	3.652	0.15	3.107	0.4413	0.225	0.288207	-8.925	-10.097
SPAC1296.01c	SPAC1296.01c	viable	V	0.779	0.131	0.0	0.364	3.001	7.138	6.773	2.196	0.287	7.008	0.076156	1.116	0.358024	7.097	5.925
SPAC1296.02	cox4	viable	V	1.599	0.134	1.202	1.931	7.201	15.471	13.541	5.592	0.588	8.304	0.966679	0.09	0.071445	-18.109	-19.281
SPAC1296.03c	sxa2	viable	V	-0.299	0.04	0.0	0.452	3.724	8.857	8.405	2.725	-0.11	-0.015	-0.957294	0.05	0.594755	-23.965	-25.137
SPAC1296.04	mug65	viable	V	-0.642	0.1	0.0	0.391	3.217	7.651	7.261	2.354	-0.236	-0.028	-0.21073	0.252	0.375486	-7.785	-8.957
SPAC1296.05c	lcp1	viable	V	-0.175	0.025	0.0	0.435	3.583	8.522	8.087	2.622	-0.065	-0.009	-1.262849	0.082	0.641561	-18.996	-20.167
SPAC1296.06	tah18	viable	V	6.562	0.706	1.602	2.17	6.275	12.718	10.549	5.022	2.414	38.393	0.998975	0.073	0.012267	-20.239	-21.411
SPAC12B10.01c	hul6	viable	V	3.089	0.518	8.653	9.018	11.654	15.791	6.773	10.849	1.136	4.003	0.972673	0.117	0.060803	-15.467	-16.639
SPAC12B10.02c	sdg1	condition-dependent	E	-0.029	0.002	0.0	0.707	5.819	13.842	13.135	4.259	-0.011	-0.002	-0.378412	0.116	0.450118	-15.569	-16.741
SPAC12B10.03	bun62	viable	V	-0.089	-0.015	0.0	0.365	3.007	7.152	6.787	2.2	-0.033	-0.799	0.505856	0.034	0.255226	-27.755	-28.927
SPAC12B10.04	pby1	viable	V	-0.115	0.007	0.0	0.934	7.692	18.296	17.361	5.629	-0.042	-0.012	-0.224773	0.054	0.393447	-23.206	-24.378
SPAC12B10.05	icp55	viable	V	0.163	-0.011	0.0	0.945	7.782	18.51	17.565	5.695	0.06	0.017	-0.05115	0.053	0.371391	-23.284	-24.456
SPAC12B10.06c	sdh5	viable	V	0.211	-0.031	0.0	0.422	3.473	8.26	7.839	2.541	0.078	0.01	-0.642205	0.117	0.446487	-15.419	-16.591
SPAC12B10.07	acp1	viable	V	0.147	-0.025	0.0	0.364	3.001	7.138	6.773	2.196	0.054	0.006	-0.236323	0.132	0.363663	-14.249	-15.42
SPAC12B10.08c	til1	inviable	E	3.092	0.351	6.66	7.199	11.094	17.206	10.007	9.905	1.137	6.242	0.992991	0.063	0.031527	-21.683	-22.854
SPAC12B10.09	pet801	viable	V	0.04	0.003	0.0	0.945	7.779	18.502	17.558	5.692	0.015	0.202	0.077999	0.061	0.331908	-22.012	-23.183
SPAC12B10.10	nod1	viable	V	0.508	0.033	0.0	0.945	7.782	18.51	17.565	5.695	0.187	2.539	0.883189	0.046	0.117375	-24.763	-25.935
SPAC12B10.11	exg2	viable	V	0.522	-0.035	0.0	0.915	7.53	17.911	16.997	5.511	0.192	0.054	-0.057815	0.07	0.347239	-20.572	-21.744
SPAC12B10.12c	rhp41	viable	V	0.8	0.052	-0.0	0.945	7.782	18.51	17.565	5.695	0.294	3.999	0.768639	0.103	0.161012	-16.741	-17.913
SPAC12B10.14c	tea5	viable	V	0.153	-0.01	0.0	0.911	7.498	17.835	16.924	5.487	0.056	0.016	-0.086533	0.107	0.393997	-16.334	-17.505
SPAC12B10.15c	rnh203	viable	V	-0.613	-0.04	-0.0	0.945	7.782	18.51	17.565	5.695	-0.225	-3.063	0.93277	0.042	0.088529	-25.668	-26.839
SPAC12B10.16c	mug157	viable	V	0.221	-0.015	0.0	0.916	7.541	17.937	17.021	5.519	0.081	0.023	-0.361447	0.11	0.446137	-16.096	-17.267
SPAC12G12.01c	sea4	viable	V	0.192	0.022	-0.0	0.534	4.395	10.453	9.919	3.216	0.071	1.446	0.657245	0.053	0.194673	-23.421	-24.592
SPAC12G12.02	efg1	inviable	E	5.465	0.916	0.299	0.663	3.299	7.436	6.773	2.495	2.011	47.638	0.996899	0.116	0.021547	-15.565	-16.737
SPAC12G12.03	cip2	viable	V	0.504	0.041	1.639	2.389	7.815	16.33	13.94	6.159	0.185	2.392	0.761696	0.098	0.169302	-17.208	-18.38
SPAC12G12.04	mcp60	inviable	E	6.461	1.082	1.364	1.729	4.365	8.502	6.773	3.56	2.377	49.664	0.997847	0.119	0.018391	-15.283	-16.454
SPAC12G12.06c	rcl1	inviable	E	6.193	1.037	0.472	0.836	3.473	7.61	6.773	2.668	2.278	52.959	0.993424	0.193	0.030855	-10.436	-11.608
SPAC12G12.07c	cpn1	viable	V	1.187	0.081	0.792	1.689	8.176	18.355	16.666	6.195	0.437	5.545	0.753508	0.182	0.168472	-11.05	-12.221
SPAC12G12.09	eti1	viable	V	-0.005	0.001	0.0	0.399	3.282	7.805	7.407	2.401	-0.002	-0.0	-2.184121	0.116	0.654873	-15.549	-16.721
SPAC12G12.10	wdr21	viable	V	0.448	0.075	0.713	1.077	3.714	7.851	6.773	2.909	0.165	3.731	0.874164	0.07	0.136179	-20.535	-21.707
SPAC12G12.11c	miy1	viable	V	0.192	0.032	-0.0	0.364	3.001	7.138	6.773	2.196	0.071	1.731	-0.005945	0.151	0.388078	-12.907	-14.079
SPAC12G12.12	gms2	viable	V	0.323	0.021	0.0	0.945	7.782	18.51	17.565	5.695	0.119	1.616	0.774827	0.058	0.204982	-22.507	-23.678
SPAC12G12.13c	cid14	viable	V	5.466	0.865	1.697	2.083	4.874	9.254	7.171	4.022	2.011	39.222	0.999976	0.011	0.002003	-39.418	-40.59
SPAC12G12.14c	pfs2	inviable	E	5.864	0.793	1.542	1.994	5.258	10.381	8.387	4.262	2.157	39.731	0.999109	0.066	0.011908	-21.203	-22.375
SPAC12G12.15	sif3	viable	V	0.362	0.061	-0.0	0.364	3.001	7.138	6.773	2.196	0.133	3.26	0.747783	0.071	0.160636	-20.519	-21.69
SPAC12G12.16c	SPAC12G12.16c	viable	V	-0.04	0.003	0.0	0.925	7.616	18.115	17.19	5.573	-0.015	-0.004	-0.169557	0.215	0.370912	-9.382	-10.554
SPAC12G12.17	nce101	unknown	Not_determined	-0.099	0.006	0.0	0.937	7.711	18.341	17.405	5.643	-0.036	-0.01	-0.650322	0.088	0.453132	-18.315	-19.486
SPAC1327.01c	SPAC1327.01c	viable	V	-0.271	0.042	-0.0	0.392	3.231	7.684	7.292	2.364	-0.1	-0.012	-2.462737	0.089	0.60627	-18.178	-19.349
SPAC139.01c	mkt1	viable	V	0.07	-0.009	0.0	0.456	3.756	8.935	8.479	2.749	0.026	0.004	-0.312954	0.055	0.416141	-23.017	-24.189
SPAC139.02c	oac1	viable	V	-0.023	-0.002	0.0	0.626	5.158	12.269	11.643	3.775	-0.008	-0.154	-0.002028	0.14	0.336683	-13.657	-14.829
SPAC139.03	toe2	viable	V	0.133	-0.009	-0.0	0.945	7.782	18.51	17.565	5.695	0.049	0.014	-0.219218	0.082	0.445412	-19.07	-20.242
SPAC139.04c	fap2	viable	V	-0.64	0.099	0.0	0.396	3.262	7.759	7.363	2.387	-0.235	-0.029	-0.404877	0.179	0.425279	-11.201	-12.373
SPAC139.05	ssd2	viable	V	0.044	0.003	0.0	0.925	7.613	18.108	17.183	5.571	0.016	0.226	0.352592	0.032	0.294814	-28.563	-29.735
SPAC139.06	hat1	viable	V	0.322	0.047	1.29	1.71	4.749	9.518	7.808	3.821	0.119	2.344	0.800015	0.071	0.165861	-20.499	-21.671
SPAC1399.01c	SPAC1399.01c	viable	V	-0.45	0.062	0.0	0.446	3.672	8.735	8.289	2.687	-0.165	-0.023	-0.149025	0.065	0.371981	-21.262	-22.434
SPAC1399.02	SPAC1399.02	viable	V	0.16	0.027	0.0	0.365	3.001	7.138	6.773	2.196	0.059	1.44	0.211728	0.157	0.350739	-12.484	-13.656
SPAC1399.03	fur4	viable	V	-0.25	0.039	-0.0	0.394	3.241	7.71	7.316	2.372	-0.092	-0.011	-1.174841	0.104	0.576535	-16.6	-17.771
SPAC1399.04c	uck2	viable	V	-0.411	0.065	0.0	0.388	3.192	7.592	7.204	2.336	-0.151	-0.018	-0.468721	0.1	0.447452	-17.048	-18.219
SPAC1399.05c	toe1	viable	V	-0.009	0.001	0.0	0.364	3.001	7.138	6.773	2.196	-0.003	-0.0	-0.187145	0.209	0.374636	-9.652	-10.824
SPAC13A11.01c	rga8	viable	V	-0.354	0.051	-0.0	0.422	3.474	8.262	7.841	2.542	-0.13	-0.017	-0.130878	0.082	0.399621	-19.069	-20.24
SPAC13A11.02c	erg11	inviable	E	6.089	1.02	-0.0	0.364	3.001	7.138	6.773	2.196	2.24	54.772	0.876013	0.77	0.124248	3.386	2.214
SPAC13A11.03	mcp7	viable	V	-0.024	0.004	-0.0	0.364	3.0	7.136	6.772	2.196	-0.009	-0.001	-0.156715	0.146	0.359603	-13.266	-14.438
SPAC13A11.04c	ubp8	viable	V	0.899	0.151	4.663	5.027	7.664	11.801	6.773	6.859	0.331	4.064	0.960634	0.072	0.092303	-20.311	-21.483
SPAC13A11.05	ysp2	viable	V	-0.008	0.001	0.0	0.364	3.0	7.137	6.772	2.196	-0.003	-0.0	-0.985099	0.119	0.581673	-15.266	-16.438
SPAC13A11.06	pdc202	viable	V	0.216	0.036	-0.0	0.364	3.001	7.138	6.773	2.196	0.079	1.941	-0.235126	0.132	0.375179	-14.273	-15.445
SPAC13C5.01c	pre9	viable	V	6.149	1.03	0.044	0.408	3.045	7.182	6.773	2.24	2.262	55.065	0.990011	0.23	0.037442	-8.675	-9.847
SPAC13C5.02	dre4	viable	V	4.877	0.455	4.758	5.412	10.148	17.579	12.167	8.702	1.794	14.051	0.999226	0.036	0.010698	-27.335	-28.507
SPAC13C5.03	tht1	viable	V	-0.377	0.047	0.0	0.494	4.064	9.667	9.174	2.974	-0.139	-0.021	-1.047961	0.056	0.600197	-22.857	-24.028
SPAC13C5.04	SPAC13C5.04	viable	V	0.068	0.011	0.0	0.364	3.001	7.138	6.773	2.196	0.025	0.614	-0.156786	0.058	0.396609	-22.558	-23.73
SPAC13C5.05c	SPAC13C5.05c	viable	V	5.797	0.857	2.265	2.678	5.664	10.349	7.671	4.752	2.133	37.113	0.997403	0.116	0.020459	-15.578	-16.75
SPAC13C5.07	mre11	viable	V	5.424	0.465	3.826	4.538	9.685	17.761	13.224	8.113	1.995	17.954	0.997853	0.067	0.017532	-20.975	-22.146
SPAC13D1.01c	Tf2-7	unknown	Not_determined	-0.605	-0.101	-0.0	0.364	3.001	7.138	6.773	2.196	-0.222	-5.439	0.472793	0.154	0.275241	-12.699	-13.871
SPAC13D6.01	pof14	viable	V	-0.264	0.038	0.0	0.427	3.512	8.354	7.928	2.57	-0.097	-0.013	-1.025482	0.106	0.590824	-16.41	-17.582
SPAC13D6.03c	trm9	viable	V	1.417	0.237	1.008	1.373	4.009	8.146	6.773	3.204	0.521	11.382	0.957015	0.121	0.087405	-15.129	-16.301
SPAC13D6.04c	btb3	viable	V	-0.272	-0.046	-0.0	0.364	3.001	7.138	6.773	2.196	-0.1	-2.448	0.529134	0.074	0.230958	-19.987	-21.159
SPAC13D6.05	alp11	inviable	E	6.49	0.693	2.114	2.686	6.82	13.306	10.62	5.558	2.387	34.898	0.998395	0.088	0.015665	-18.291	-19.463
SPAC13F5.01c	msh1	viable	V	-0.543	0.061	0.0	0.542	4.466	10.623	10.081	3.268	-0.2	-0.033	-0.018712	0.097	0.346047	-17.341	-18.513
SPAC13F5.02c	taf7	inviable	E	6.573	0.734	2.254	2.801	6.758	12.968	10.167	5.55	2.418	35.601	0.997361	0.116	0.020272	-15.502	-16.674
SPAC13F5.03c	gld1	viable	V	0.802	-0.053	0.0	0.919	7.566	17.996	17.077	5.537	0.295	0.083	0.020552	0.164	0.334044	-12.098	-13.27
SPAC13F5.05	mpd1	viable	V	-0.065	0.004	0.0	0.933	7.685	18.278	17.345	5.623	-0.024	-0.007	-0.646176	0.101	0.511687	-16.946	-18.118
SPAC13F5.06c	sec10	inviable	E	6.262	0.868	1.057	1.497	4.684	9.684	8.186	3.711	2.304	45.866	0.999151	0.069	0.01129	-20.765	-21.937
SPAC13F5.07c	hpz2	viable	V	-0.137	-0.023	0.0	0.364	3.001	7.138	6.773	2.196	-0.05	-1.235	0.047894	0.083	0.342195	-18.912	-20.084
SPAC13G6.01c	rad8	viable	V	0.026	-0.004	0.0	0.364	3.001	7.138	6.773	2.196	0.01	0.001	-2.17768	0.081	0.682162	-19.111	-20.283
SPAC13G6.02c	rps101	viable	V	2.429	0.283	-0.0	0.524	4.315	10.265	9.741	3.158	0.894	18.471	0.975745	0.132	0.056903	-14.27	-15.442
SPAC13G6.03	gpi7	viable	V	-0.208	0.03	0.0	0.43	3.537	8.414	7.984	2.589	-0.076	-0.01	-2.743164	0.059	0.665315	-22.379	-23.551
SPAC13G6.05c	trs33	inviable	E	5.756	0.964	2.351	2.715	5.351	9.488	6.773	4.547	2.117	38.707	0.997957	0.106	0.019351	-16.467	-17.638
SPAC13G6.06c	gcv2	viable	V	-0.135	-0.023	-0.0	0.364	3.001	7.138	6.773	2.196	-0.05	-1.214	0.204592	0.05	0.326077	-23.914	-25.086
SPAC13G6.07c	rps601	viable	V	3.694	0.365	-0.0	0.618	5.084	12.094	11.476	3.721	1.359	25.443	0.927731	0.318	0.09055	-5.462	-6.634
SPAC13G6.08	fzr2	viable	V	-0.173	-0.029	-0.0	0.364	3.001	7.138	6.773	2.196	-0.063	-1.553	-0.228568	0.116	0.376569	-15.543	-16.715
SPAC13G6.09	tsr402	viable	V	5.5	0.524	0.765	1.406	6.041	13.315	11.909	4.626	2.023	33.443	0.996421	0.108	0.022108	-16.296	-17.467
SPAC13G6.10c	asl1	viable	V	1.154	0.075	0.0	0.945	7.782	18.51	17.565	5.695	0.425	5.768	0.887714	0.104	0.10911	-16.635	-17.807
SPAC13G6.11c	erg12	inviable	E	5.982	0.94	0.497	0.886	3.698	8.11	7.224	2.84	2.201	49.693	0.997519	0.113	0.019098	-15.793	-16.965
SPAC13G6.12c	chs1	viable	V	0.085	-0.006	0.0	0.914	7.53	17.91	16.995	5.51	0.031	0.009	-0.477603	0.09	0.442747	-18.093	-19.265
SPAC13G6.13	SPAC13G6.13	viable	V	-0.34	0.047	0.0	0.445	3.668	8.724	8.278	2.684	-0.125	-0.017	-1.527843	0.077	0.655832	-19.674	-20.846
SPAC13G6.14	aps1	viable	V	0.31	0.052	-0.0	0.364	3.001	7.138	6.773	2.196	0.114	2.789	-0.091044	0.212	0.39805	-9.523	-10.695
SPAC13G7.01c	erg7	inviable	E	6.596	0.922	0.731	1.168	4.329	9.289	8.121	3.364	2.426	50.535	0.998411	0.098	0.015399	-17.187	-18.359
SPAC13G7.02c	ssa1	viable	V	-0.124	0.008	0.0	0.932	7.672	18.248	17.316	5.614	-0.046	-0.013	-0.55823	0.103	0.470315	-16.685	-17.856
SPAC13G7.04c	mac1	viable	V	-0.152	-0.019	0.0	0.486	3.997	9.507	9.021	2.925	-0.056	-1.202	0.588773	0.041	0.21323	-25.956	-27.128
SPAC13G7.05	are1	viable	V	-0.068	-0.011	0.0	0.364	3.001	7.138	6.773	2.196	-0.025	-0.609	0.272699	0.054	0.349722	-23.214	-24.386
SPAC13G7.06	met16	viable	V	0.671	0.112	-0.0	0.364	3.001	7.138	6.773	2.196	0.247	6.034	0.726923	0.125	0.178429	-14.76	-15.931
SPAC13G7.07	arb2	viable	V	-0.487	0.077	-0.0	0.388	3.191	7.59	7.202	2.335	-0.179	-0.021	-0.166369	0.12	0.372576	-15.205	-16.377
SPAC13G7.08c	crb3	inviable	E	7.003	0.729	0.371	0.958	5.201	11.859	10.902	3.905	2.576	47.586	0.958426	0.49	0.079111	-1.135	-2.307
SPAC13G7.09c	SPAC13G7.09c	viable	V	0.173	0.029	-0.0	0.364	3.001	7.138	6.773	2.196	0.064	1.56	-0.189286	0.243	0.41653	-8.154	-9.325
SPAC13G7.10	teb1	inviable	E	6.229	1.044	0.812	1.176	3.812	7.949	6.773	3.008	2.292	51.239	0.930655	0.655	0.097221	1.774	0.603
SPAC13G7.11	mba1	viable	V	-0.011	0.002	0.0	0.364	3.0	7.135	6.771	2.195	-0.004	-0.0	-1.507785	0.105	0.553883	-16.515	-17.687
SPAC13G7.12c	eki1	viable	V	0.516	0.086	-0.0	0.364	3.001	7.138	6.773	2.196	0.19	4.639	0.020535	0.828	0.380704	4.113	2.941
SPAC13G7.13c	msa1	viable	V	0.199	-0.014	0.0	0.895	7.367	17.523	16.628	5.391	0.073	0.02	-0.217542	0.175	0.375968	-11.418	-12.59
SPAC140.01	sdh2	viable	V	0.311	-0.022	0.0	0.863	7.104	16.897	16.034	5.198	0.114	0.03	-0.171884	0.123	0.395464	-14.957	-16.128
SPAC140.03	arb1	viable	V	-0.011	-0.002	-0.0	0.364	3.001	7.137	6.773	2.196	-0.004	-0.098	-0.181898	0.017	0.370065	-34.952	-36.123
SPAC140.04	ctr1	viable	V	0.357	0.023	0.0	0.945	7.782	18.51	17.565	5.695	0.131	1.785	0.053305	0.153	0.400498	-12.8	-13.972
SPAC1420.01c	mks1	viable	V	0.05	-0.008	0.0	0.396	3.26	7.753	7.357	2.385	0.018	0.002	-1.178223	0.054	0.62223	-23.163	-24.335
SPAC1420.02c	cct5	inviable	E	6.645	1.113	0.328	0.692	3.328	7.465	6.773	2.524	2.444	57.733	0.972479	0.429	0.064721	-2.471	-3.643
SPAC144.01	SPAC144.01	viable	V	0.245	0.041	-0.0	0.364	3.001	7.138	6.773	2.196	0.09	2.203	0.075127	0.171	0.336376	-11.668	-12.84
SPAC144.02	iec1	viable	V	0.669	0.098	-0.0	0.419	3.446	8.196	7.778	2.522	0.246	5.687	0.871611	0.087	0.125202	-18.431	-19.603
SPAC144.03	ade2	viable	V	0.027	-0.004	0.0	0.364	3.001	7.138	6.773	2.196	0.01	0.001	-1.377906	0.088	0.60054	-18.272	-19.444
SPAC144.04c	spe1	viable	V	1.238	0.131	-0.0	0.579	4.771	11.347	10.768	3.491	0.456	8.879	0.796192	0.193	0.163943	-10.436	-11.607
SPAC144.05	irc20	viable	V	-0.031	0.002	-0.0	0.945	7.782	18.51	17.565	5.695	-0.011	-0.003	-0.114973	0.146	0.391435	-13.214	-14.386
SPAC144.06	apl5	viable	V	1.081	0.076	1.339	2.202	8.448	18.248	16.046	6.541	0.398	4.798	0.953743	0.065	0.075747	-21.405	-22.577
SPAC144.07c	gpn2	inviable	E	5.716	0.799	0.574	1.01	4.168	9.123	8.113	3.204	2.103	44.658	0.99588	0.137	0.024112	-13.877	-15.049
SPAC144.08	jac1	condition-dependent	E	8.46	0.814	5.046	5.681	10.273	17.48	11.8	8.871	3.112	23.32	0.993636	0.174	0.030439	-11.479	-12.651
SPAC144.09c	sfc2	inviable	E	7.6	0.716	2.161	2.81	7.5	14.859	12.049	6.068	2.796	37.029	0.997657	0.117	0.018491	-15.455	-16.627
SPAC144.10c	gwt1	inviable	E	6.41	0.869	1.34	1.79	5.047	10.157	8.367	4.053	2.358	44.712	0.999795	0.034	0.005623	-27.674	-28.846
SPAC144.11	rps1102	viable	V	2.166	0.363	1.245	1.61	4.246	8.383	6.773	3.441	0.797	16.905	0.961936	0.172	0.073912	-11.629	-12.801
SPAC144.12	rki1	inviable	E	7.119	0.81	0.469	1.006	4.889	10.981	9.975	3.703	2.619	50.445	0.985462	0.304	0.043767	-5.907	-7.079
SPAC144.13c	srw1	viable	V	2.98	0.499	-0.0	0.364	3.001	7.138	6.773	2.196	1.096	26.811	0.945727	0.247	0.085374	-7.981	-9.152
SPAC144.14	klp8	viable	V	-0.0	0.0	0.0	0.364	3.0	7.137	6.772	2.196	-0.0	-0.0	-2.805689	0.13	0.751303	-14.404	-15.576
SPAC144.15c	cog1	inviable	E	5.862	0.917	0.57	0.96	3.782	8.21	7.25	2.921	2.156	48.215	0.997899	0.102	0.017528	-16.799	-17.971
SPAC144.16	cia2	inviable	E	6.74	1.129	0.356	0.72	3.356	7.493	6.773	2.552	2.479	58.381	0.989104	0.269	0.038617	-7.123	-8.295
SPAC144.17c	SPAC144.17c	viable	V	-0.06	0.004	0.0	0.927	7.636	18.164	17.237	5.588	-0.022	-0.006	-0.410238	0.135	0.425766	-14.059	-15.23
SPAC144.18	vrg4	inviable	E	6.613	0.624	4.887	5.533	10.212	17.554	12.02	8.784	2.433	18.662	0.980263	0.241	0.051597	-8.238	-9.409
SPAC144.19	prl46	viable	Not_determined	0.002	-0.0	-0.0	0.374	3.079	7.324	6.95	2.253	0.001	0.0	-0.982923	0.164	0.572094	-12.067	-13.239
SPAC1486.01	sod2	viable	V	0.169	0.028	0.0	0.364	3.001	7.138	6.773	2.196	0.062	1.523	0.849197	0.026	0.14091	-30.363	-31.534
SPAC1486.02c	dsc2	viable	V	4.95	0.522	-0.0	0.579	4.768	11.342	10.763	3.489	1.821	35.501	0.924967	0.446	0.094815	-2.085	-3.256
SPAC1486.03c	ntr1	inviable	E	5.905	0.925	0.294	0.684	3.505	7.932	7.248	2.644	2.172	50.124	0.994128	0.17	0.028584	-11.698	-12.87
SPAC1486.04c	alm1	viable	V	4.404	0.371	3.597	4.323	9.571	17.806	13.483	7.969	1.62	15.042	0.983552	0.15	0.046532	-12.973	-14.145
SPAC1486.05	nup189	inviable	E	6.24	1.045	-0.0	0.364	3.001	7.138	6.773	2.196	2.295	56.129	0.980766	0.32	0.050965	-5.391	-6.562
SPAC1486.06	npt1	inviable	E	6.643	1.113	-0.0	0.364	3.001	7.138	6.773	2.196	2.444	59.757	0.939563	0.601	0.095351	0.905	-0.267
SPAC1486.07c	mrpl19	inviable	E	5.439	0.525	4.686	5.319	9.897	17.081	11.763	8.5	2.001	16.384	0.999944	0.011	0.002934	-38.89	-40.062
SPAC1486.08	cox16	viable	V	2.309	0.307	7.956	8.415	11.738	16.953	8.537	10.724	0.849	3.353	0.990014	0.052	0.037228	-23.564	-24.735
SPAC1486.09	nob1	inviable	E	7.382	0.829	-0.0	0.544	4.478	10.652	10.108	3.277	2.716	54.956	0.978241	0.374	0.052499	-3.831	-5.002
SPAC1486.10	thi1	viable	V	0.597	0.1	3.57	3.934	6.571	10.708	6.773	5.766	0.22	3.312	0.272749	0.423	0.318298	-2.611	-3.783
SPAC1486.11	fmc1	viable	Not_determined	0.477	0.067	4.02	4.456	7.608	12.555	8.1	6.646	0.176	2.193	0.673079	0.155	0.195605	-12.649	-13.82
SPAC14C4.01c	atg43	viable	V	-0.642	0.067	0.0	0.581	4.784	11.379	10.798	3.501	-0.236	-0.042	-0.008799	0.243	0.351342	-8.156	-9.328
SPAC14C4.02c	smc5	inviable	E	6.539	0.739	2.46	3.001	6.911	13.046	10.045	5.717	2.406	34.509	0.998554	0.087	0.014914	-18.438	-19.61
SPAC14C4.03	mek1	viable	V	-0.119	-0.02	0.0	0.365	3.001	7.138	6.773	2.196	-0.044	-1.067	0.218094	0.057	0.322507	-22.632	-23.804
SPAC14C4.04	SPAC14C4.04	viable	V	-0.03	-0.005	0.0	0.364	3.001	7.138	6.773	2.196	-0.011	-0.268	-0.003824	0.083	0.325431	-18.93	-20.102
SPAC14C4.05c	man1	viable	V	0.205	0.034	-0.0	0.364	3.001	7.138	6.773	2.196	0.075	1.842	0.036244	0.112	0.388566	-15.901	-17.073
SPAC14C4.06c	nab2	viable	V	2.687	0.211	2.769	3.545	9.159	17.968	14.424	7.445	0.988	10.202	0.986134	0.084	0.04256	-18.722	-19.894
SPAC14C4.07	SPAC14C4.07	viable	V	-0.128	-0.021	0.0	0.364	3.001	7.138	6.773	2.196	-0.047	-1.147	0.049789	0.052	0.324259	-23.526	-24.697
SPAC14C4.08	mug5	viable	V	-0.729	0.112	0.0	0.396	3.26	7.754	7.358	2.386	-0.268	-0.033	-0.428544	0.179	0.458977	-11.178	-12.35
SPAC14C4.09	agn1	viable	V	-0.085	0.011	0.0	0.49	4.035	9.597	9.107	2.953	-0.031	-0.005	-0.068379	0.2	0.348043	-10.088	-11.26
SPAC14C4.10c	SPAC14C4.10c	viable	V	-0.017	-0.003	0.0	0.388	3.198	7.607	7.219	2.34	-0.006	-0.145	0.020291	0.072	0.330341	-20.263	-21.435
SPAC14C4.11	vtc2	viable	V	1.331	0.086	-0.0	0.945	7.782	18.51	17.565	5.695	0.49	6.651	0.897638	0.107	0.104265	-16.342	-17.513
SPAC14C4.12c	laf1	viable	V	0.358	0.06	-0.0	0.364	3.001	7.138	6.773	2.196	0.132	3.221	0.077275	0.147	0.346121	-13.166	-14.338
SPAC14C4.13	rad17	viable	V	1.171	0.088	1.752	2.569	8.476	17.746	15.177	6.673	0.431	5.094	0.949209	0.078	0.085579	-19.537	-20.709
SPAC14C4.14	atp1	viable	V	1.986	0.162	0.519	1.267	6.678	15.169	13.902	5.026	0.73	11.159	0.98422	0.076	0.045066	-19.725	-20.897
SPAC14C4.15c	dpp1	viable	V	-0.155	-0.026	-0.0	0.364	3.001	7.138	6.773	2.196	-0.057	-1.39	0.385002	0.048	0.26022	-24.282	-25.454
SPAC14C4.16	dad3	viable	V	1.512	0.112	2.025	2.847	8.789	18.114	15.267	6.975	0.556	6.25	0.99009	0.041	0.037209	-25.959	-27.131
SPAC1527.01	mok11	viable	V	0.068	0.008	0.0	0.51	4.197	9.982	9.472	3.071	0.025	0.522	-0.00741	0.064	0.351401	-21.496	-22.667
SPAC1527.02	sft2	viable	V	1.976	0.148	2.141	2.955	8.847	18.091	15.136	7.048	0.727	8.068	0.992227	0.047	0.031932	-24.562	-25.733
SPAC1527.03	slr1	viable	V	-0.259	-0.036	0.0	0.436	3.585	8.528	8.092	2.624	-0.095	-2.168	0.537567	0.095	0.237574	-17.586	-18.757
SPAC1556.01c	rad50	viable	V	5.945	0.462	2.601	3.388	9.076	18.001	14.613	7.339	2.187	23.027	0.998675	0.058	0.013606	-22.405	-23.577
SPAC1556.02c	sdh1	viable	V	0.686	-0.046	-0.0	0.913	7.514	17.874	16.961	5.499	0.253	0.071	0.016628	0.133	0.365383	-14.147	-15.318
SPAC1556.03	azr1	viable	V	0.836	0.14	0.706	1.07	3.707	7.844	6.773	2.902	0.307	6.96	0.874068	0.129	0.151897	-14.518	-15.69
SPAC1556.04c	cdd1	viable	V	0.01	-0.001	0.0	0.619	5.098	12.127	11.508	3.731	0.004	0.001	-0.001598	0.06	0.350772	-22.079	-23.25
SPAC1556.05c	cgr1	viable	V	4.917	0.571	0.448	0.973	4.778	10.747	9.774	3.616	1.809	35.354	0.991639	0.16	0.033481	-12.353	-13.524
SPAC1556.06	meu1	viable	V	-0.015	0.002	-0.0	0.364	3.001	7.138	6.773	2.196	-0.005	-0.001	-0.33563	0.057	0.416636	-22.706	-23.878
SPAC1556.07	pmm1	inviable	E	7.28	1.22	0.171	0.535	3.172	7.308	6.773	2.367	2.678	64.33	0.991802	0.25	0.035896	-7.844	-9.015
SPAC1556.08c	cbs2	viable	V	0.967	0.162	-0.0	0.364	3.001	7.138	6.773	2.196	0.356	8.698	0.891881	0.124	0.122053	-14.904	-16.076
SPAC1565.01	rcf2	viable	V	0.357	0.059	0.0	0.371	3.054	7.265	6.894	2.235	0.131	3.186	0.877041	0.047	0.121832	-24.674	-25.846
SPAC1565.02c	rga10	viable	V	-0.158	-0.026	-0.0	0.364	3.001	7.138	6.773	2.196	-0.058	-1.417	-0.018558	0.087	0.395887	-18.408	-19.579
SPAC1565.03	SPAC1565.03	viable	V	-0.031	0.002	0.0	0.777	6.394	15.208	14.431	4.679	-0.012	-0.003	-1.078434	0.083	0.539704	-18.941	-20.112
SPAC1565.04c	ste4	viable	V	-0.109	-0.018	-0.0	0.364	3.001	7.138	6.773	2.196	-0.04	-0.984	-0.12181	0.072	0.437823	-20.338	-21.51
SPAC1565.05	utp8	inviable	E	6.733	1.128	0.905	1.27	3.906	8.043	6.773	3.101	2.477	54.77	0.995953	0.168	0.025074	-11.832	-13.004
SPAC1565.06c	spg1	inviable	E	6.287	1.053	2.4	2.764	5.4	9.537	6.773	4.596	2.313	41.976	0.972401	0.429	0.068287	-2.475	-3.646
SPAC1565.07c	knd1	viable	V	0.092	-0.013	0.0	0.424	3.49	8.302	7.878	2.554	0.034	0.004	-0.462307	0.099	0.456161	-17.174	-18.346
SPAC1565.08	cdc48	inviable	E	6.107	1.023	0.858	1.223	3.859	7.996	6.773	3.054	2.247	49.955	0.974886	0.388	0.06717	-3.466	-4.638
SPAC15A10.01	atm1	condition-dependent	E	6.077	0.861	6.503	6.934	10.052	14.943	8.009	9.1	2.235	15.449	0.999671	0.033	0.007092	-28.002	-29.174
SPAC15A10.02	taf12	inviable	E	7.225	0.857	0.053	0.568	4.29	10.131	9.564	3.154	2.658	55.151	0.979138	0.369	0.05431	-3.976	-5.148
SPAC15A10.03c	rad54	viable	V	6.531	0.535	0.974	1.719	7.106	15.559	13.84	5.461	2.403	34.512	0.975491	0.312	0.056677	-5.651	-6.823
SPAC15A10.04c	zpr1	inviable	E	6.495	1.088	0.359	0.723	3.36	7.497	6.773	2.555	2.389	56.237	0.990723	0.241	0.03811	-8.243	-9.415
SPAC15A10.05c	mug182	viable	V	0.538	-0.035	0.0	0.931	7.668	18.24	17.309	5.612	0.198	0.057	-0.065803	0.071	0.377244	-20.462	-21.633
SPAC15A10.06	nhx1	viable	V	0.19	0.032	0.0	0.365	3.001	7.138	6.773	2.196	0.07	1.707	0.620405	0.045	0.214782	-25.084	-26.255
SPAC15A10.07	SPAC15A10.07	viable	V	0.015	-0.003	0.0	0.364	3.001	7.138	6.773	2.196	0.006	0.001	-1.683087	0.073	0.561371	-20.176	-21.348
SPAC15A10.08	ain1	viable	V	-1.0	-0.168	7.944	8.308	10.945	15.082	6.773	10.14	-0.368	-1.769	0.722845	0.263	0.200331	-7.362	-8.534
SPAC15A10.09c	pun1	viable	V	0.213	0.015	-0.0	0.895	7.369	17.527	16.632	5.392	0.078	1.112	-0.193021	0.069	0.386821	-20.702	-21.873
SPAC15A10.10	mde6	viable	V	-0.42	0.067	0.0	0.384	3.164	7.525	7.141	2.315	-0.155	-0.018	-0.492153	0.085	0.4236	-18.684	-19.856
SPAC15A10.11	ubr11	viable	V	-0.002	0.0	0.0	0.364	3.001	7.138	6.773	2.196	-0.001	-0.0	-2.465464	0.125	0.593353	-14.779	-15.95
SPAC15A10.12c	tca17	inviable	E	6.004	0.838	3.197	3.635	6.799	11.764	8.129	5.833	2.209	32.019	0.999982	0.009	0.001701	-40.638	-41.81
SPAC15A10.13	ppk3	viable	V	0.29	0.049	1.07	1.434	4.071	8.208	6.773	3.266	0.107	2.313	0.376878	0.182	0.281857	-11.064	-12.236
SPAC15A10.15	sgo2	viable	V	0.005	-0.001	0.0	0.364	3.001	7.137	6.773	2.196	0.002	0.0	-0.287615	0.118	0.378269	-15.401	-16.573
SPAC15A10.16	bud6	viable	V	0.524	0.034	0.0	0.946	7.782	18.51	17.565	5.695	0.193	2.62	0.666093	0.109	0.199711	-16.16	-17.332
SPAC15E1.02c	SPAC15E1.02c	viable	V	-0.121	-0.02	-0.0	0.364	3.001	7.138	6.773	2.196	-0.044	-1.088	-0.090372	0.107	0.389404	-16.378	-17.549
SPAC15E1.04	hal3	viable	V	5.717	0.958	0.647	1.011	3.647	7.784	6.773	2.843	2.103	47.935	0.983172	0.29	0.049385	-6.376	-7.548
SPAC15E1.05c	ect1	viable	V	-0.457	-0.077	5.956	6.32	8.957	13.094	6.773	8.152	-0.168	-1.535	0.521417	0.176	0.257047	-11.383	-12.555
SPAC15E1.06	vps29	viable	V	-0.068	0.004	0.0	0.931	7.663	18.227	17.296	5.608	-0.025	-0.007	-0.810379	0.091	0.508068	-17.919	-19.091
SPAC15E1.07c	moa1	viable	V	-0.128	-0.013	0.0	0.589	4.846	11.526	10.937	3.546	-0.047	-0.906	0.477127	0.062	0.268832	-21.833	-23.005
SPAC15E1.08	naa10	inviable	E	5.215	0.489	4.805	5.457	10.172	17.57	12.113	8.732	1.918	14.91	0.994131	0.103	0.028821	-16.705	-17.876
SPAC15E1.09	grx2	viable	V	0.023	-0.004	0.0	0.364	2.999	7.134	6.77	2.195	0.009	0.001	-1.265476	0.038	0.648723	-26.63	-27.801
SPAC15E1.10	fub1	viable	V	2.974	0.431	8.501	8.922	11.972	16.757	7.835	11.041	1.094	3.667	0.990818	0.061	0.035997	-22.002	-23.173
SPAC15F9.01c	glm1	viable	V	-0.048	-0.008	0.0	0.391	3.217	7.652	7.261	2.354	-0.018	-0.424	0.55083	0.015	0.218294	-35.812	-36.983
SPAC15F9.02	seh1	viable	V	0.376	0.024	0.0	0.945	7.782	18.509	17.564	5.695	0.138	1.881	0.125832	0.149	0.370862	-13.032	-14.204
SPAC15F9.03c	nxt2	inviable	E	7.336	0.851	0.523	1.049	4.858	10.835	9.786	3.695	2.699	52.216	0.994789	0.187	0.027238	-10.755	-11.927
SPAC16.01	rho2	viable	V	0.67	0.043	0.0	0.946	7.782	18.51	17.565	5.695	0.247	3.35	0.732061	0.116	0.180815	-15.566	-16.737
SPAC16.02c	srp2	inviable	E	4.956	0.83	1.45	1.814	4.451	8.587	6.773	3.646	1.823	37.686	0.96938	0.352	0.06693	-4.436	-5.608
SPAC16.03c	ura2	viable	V	1.155	0.143	0.03	0.522	4.077	9.656	9.134	2.992	0.425	9.057	0.919512	0.124	0.099934	-14.914	-16.085
SPAC16.04	dus3	viable	V	0.172	0.029	0.0	0.364	3.001	7.138	6.773	2.196	0.063	1.55	0.400695	0.09	0.285609	-18.051	-19.223
SPAC16.05c	sfp1	viable	V	2.848	0.358	-0.0	0.485	3.996	9.505	9.02	2.924	1.048	22.565	0.970015	0.175	0.063632	-11.438	-12.609
SPAC1610.01	saf5	viable	V	3.689	0.39	6.011	6.589	10.771	17.333	10.744	9.495	1.357	8.52	0.993623	0.075	0.03035	-19.968	-21.14
SPAC1610.02c	mrpl1	viable	V	3.352	0.293	4.038	4.736	9.79	17.72	12.983	8.247	1.233	10.768	0.91818	0.245	0.099579	-8.066	-9.238
SPAC1610.03c	crp79	viable	V	-0.14	-0.023	0.0	0.364	3.001	7.138	6.773	2.196	-0.051	-1.259	0.412431	0.065	0.271528	-21.308	-22.48
SPAC1610.04	mmc1	viable	V	0.299	0.021	0.0	0.85	7.003	16.656	15.806	5.124	0.11	1.629	0.678069	0.049	0.183792	-24.182	-25.354
SPAC1635.01	por1	viable	V	1.4	0.09	-0.0	0.945	7.782	18.51	17.565	5.695	0.515	6.996	0.638838	0.224	0.19078	-8.979	-10.151
SPAC1639.01c	elo1	viable	V	0.008	-0.001	0.0	0.364	3.001	7.138	6.773	2.196	0.003	0.0	-0.721586	0.134	0.486885	-14.071	-15.243
SPAC1639.02c	trk2	viable	V	-0.022	0.002	0.0	0.619	5.097	12.125	11.506	3.73	-0.008	-0.002	-0.862192	0.057	0.502153	-22.692	-23.864
SPAC167.01	ire1	viable	V	0.201	0.034	0.0	0.364	3.001	7.138	6.773	2.196	0.074	1.805	0.880202	0.028	0.129907	-29.688	-30.86
SPAC167.02	ptb1	inviable	E	6.756	1.132	0.581	0.945	3.581	7.718	6.773	2.777	2.485	57.073	0.988157	0.287	0.044536	-6.478	-7.65
SPAC167.03c	snu66	inviable	E	6.552	1.098	-0.0	0.364	3.001	7.138	6.773	2.196	2.41	58.938	0.934984	0.592	0.094111	0.755	-0.416
SPAC167.04	pam17	viable	V	-0.278	0.038	0.0	0.45	3.705	8.812	8.362	2.711	-0.102	-0.014	-0.013405	0.083	0.355927	-18.855	-20.026
SPAC167.05	dbs2	viable	V	0.877	0.057	0.0	0.945	7.782	18.51	17.565	5.695	0.323	4.384	0.870431	0.091	0.119398	-18.024	-19.195
SPAC167.07c	hul5	viable	V	-0.338	0.046	-0.0	0.444	3.657	8.699	8.255	2.676	-0.124	-0.017	-1.101594	0.059	0.612628	-22.334	-23.506
SPAC167.08	Tf2-2	unknown	Not_determined	-0.119	0.02	-0.0	0.364	3.001	7.138	6.773	2.196	-0.044	-0.005	-1.401912	0.144	0.544699	-13.355	-14.527
SPAC167.09	pga1	unknown	Not_determined	5.76	0.965	2.295	2.66	5.296	9.433	6.773	4.491	2.119	39.041	0.999297	0.062	0.01087	-21.862	-23.034
SPAC1687.01	rpc19	inviable	E	5.869	0.979	0.887	1.253	3.9	8.053	6.8	3.092	2.159	47.763	0.992695	0.196	0.032577	-10.287	-11.459
SPAC1687.02	rce1	inviable	E	6.556	1.093	6.136	6.503	9.152	13.31	6.808	8.343	2.412	20.907	0.99983	0.03	0.005218	-29.167	-30.339
SPAC1687.03c	rfc4	inviable	E	7.757	0.858	3.893	4.445	8.44	14.708	10.263	7.22	2.854	30.952	0.999992	0.007	0.001109	-43.612	-44.784
SPAC1687.04	mcb1	inviable	E	5.73	0.96	0.839	1.204	3.84	7.977	6.773	3.035	2.108	46.973	0.98228	0.3	0.049969	-6.043	-7.214
SPAC1687.05	pli1	viable	V	1.49	0.126	3.656	4.378	9.6	17.795	13.417	8.006	0.548	5.048	0.993504	0.033	0.030788	-28.055	-29.227
SPAC1687.08	SPAC1687.08	viable	V	0.516	0.036	1.239	2.109	8.398	18.267	16.158	6.478	0.19	2.314	0.645887	0.113	0.227759	-15.806	-16.978
SPAC1687.09	irs4	viable	V	0.657	-0.042	0.0	0.945	7.782	18.51	17.565	5.695	0.242	0.07	-0.4159	0.128	0.457205	-14.556	-15.728
SPAC1687.10	mcp1	viable	V	0.515	-0.034	0.0	0.915	7.536	17.924	17.009	5.515	0.189	0.053	-0.005307	0.076	0.363496	-19.726	-20.898
SPAC1687.11	spb1	inviable	E	5.664	0.949	-0.0	0.364	3.001	7.138	6.773	2.196	2.084	50.952	0.988366	0.226	0.040991	-8.871	-10.043
SPAC1687.12c	coq4	condition-dependent	V	1.124	0.075	0.486	1.401	8.024	18.415	17.014	6.002	0.414	5.398	0.853498	0.123	0.143441	-14.985	-16.157
SPAC1687.13c	csn5	viable	V	3.275	0.549	9.511	9.875	12.512	16.648	6.773	11.707	1.205	2.672	0.980532	0.089	0.054337	-18.16	-19.332
SPAC1687.15	gsk3	viable	V	0.002	-0.0	0.0	0.364	3.001	7.138	6.774	2.196	0.001	0.0	-1.645437	0.109	0.578299	-16.137	-17.308
SPAC1687.16c	erg31	viable	V	-0.017	0.001	0.0	0.711	5.851	13.916	13.206	4.281	-0.006	-0.001	-0.182937	0.037	0.384575	-26.99	-28.162
SPAC1687.17c	SPAC1687.17c	viable	V	-0.138	-0.023	0.0	0.364	3.001	7.138	6.773	2.196	-0.051	-1.24	0.094747	0.153	0.352665	-12.746	-13.918
SPAC1687.18c	ssl3	inviable	E	6.017	0.63	2.101	2.684	6.905	13.527	10.843	5.616	2.214	31.963	0.958171	0.433	0.078896	-2.365	-3.537
SPAC1687.19c	qtr1	viable	V	0.077	-0.013	0.0	0.375	3.086	7.341	6.966	2.258	0.028	0.003	-0.168889	0.103	0.388241	-16.704	-17.876
SPAC1687.20c	mis6	inviable	E	6.962	0.744	3.993	4.564	8.698	15.185	10.62	7.436	2.561	26.513	0.999993	0.006	0.001037	-45.618	-46.79
SPAC1687.21	SPAC1687.21	viable	V	0.002	0.0	0.0	0.365	3.001	7.137	6.773	2.196	0.001	0.014	-0.103187	0.062	0.385356	-21.799	-22.971
SPAC1687.22c	puf3	viable	V	-0.087	-0.014	0.0	0.391	3.215	7.648	7.257	2.353	-0.032	-0.759	0.16423	0.072	0.319524	-20.37	-21.542
SPAC1687.23c	SPAC1687.23c	viable	V	0.178	-0.012	0.0	0.932	7.674	18.253	17.321	5.616	0.065	0.019	-0.137991	0.054	0.390497	-23.136	-24.308
SPAC16A10.01	SPAC16A10.01	viable	V	-0.187	-0.031	-0.0	0.364	3.001	7.138	6.773	2.196	-0.069	-1.684	0.113204	0.074	0.331959	-20.078	-21.25
SPAC16A10.02	sub1	viable	V	0.66	-0.044	0.0	0.914	7.525	17.899	16.985	5.507	0.243	0.068	-0.032239	0.211	0.329796	-9.54	-10.712
SPAC16A10.03c	SPAC16A10.03c	viable	V	-0.014	0.002	0.0	0.364	3.001	7.138	6.773	2.196	-0.005	-0.001	-0.941201	0.085	0.588339	-18.615	-19.786
SPAC16A10.04	rho4	viable	V	-0.105	-0.018	-0.0	0.364	3.001	7.138	6.773	2.196	-0.039	-0.944	-0.07315	0.056	0.373742	-22.813	-23.985
SPAC16A10.06c	nse2	inviable	E	6.858	0.612	3.252	3.937	8.889	16.659	12.722	7.377	2.523	26.306	0.999969	0.011	0.002154	-39.042	-40.213
SPAC16A10.07c	taz1	viable	V	0.172	0.026	0.0	0.396	3.259	7.751	7.355	2.385	0.063	1.495	0.800686	0.036	0.178866	-27.306	-28.477
SPAC16A10.08c	mug74	unknown	Not_determined	0.291	-0.019	0.0	0.945	7.777	18.499	17.555	5.691	0.107	0.031	-0.017343	0.101	0.343159	-16.903	-18.075
SPAC16C9.02c	mta1	viable	V	2.406	0.305	7.593	8.075	11.558	17.024	8.949	10.494	0.885	3.871	0.915406	0.151	0.103609	-12.873	-14.045
SPAC16C9.03	nmd3	inviable	E	5.948	0.996	-0.0	0.364	3.001	7.138	6.773	2.196	2.188	53.507	0.97297	0.353	0.061343	-4.402	-5.573
SPAC16C9.04c	mot2	viable	V	3.741	0.305	3.234	3.982	9.39	17.877	13.896	7.739	1.376	13.405	0.997964	0.046	0.016998	-24.874	-26.045
SPAC16C9.05	cph1	condition-dependent	V	-0.002	0.0	0.0	0.392	3.224	7.668	7.276	2.359	-0.001	-0.0	-2.957424	0.118	0.731429	-15.391	-16.563
SPAC16C9.06c	upf1	viable	V	0.437	0.031	1.189	2.062	8.373	18.277	16.216	6.446	0.161	1.968	0.446928	0.148	0.276611	-13.125	-14.297
SPAC16C9.07	pom2	viable	V	-0.548	0.076	0.0	0.438	3.603	8.57	8.132	2.637	-0.201	-0.027	-0.414042	0.092	0.423317	-17.875	-19.047
SPAC16E8.01	shd1	viable	V	-0.11	-0.018	-0.0	0.364	3.001	7.138	6.773	2.196	-0.041	-0.993	-0.110406	0.118	0.377001	-15.371	-16.542
SPAC16E8.04c	aro7	inviable	E	6.003	1.006	0.362	0.727	3.363	7.5	6.773	2.558	2.208	51.961	0.989671	0.235	0.039715	-8.489	-9.66
SPAC16E8.06c	nop12	viable	V	0.532	0.089	-0.0	0.364	3.001	7.138	6.773	2.196	0.196	4.786	0.867044	0.068	0.135011	-20.836	-22.008
SPAC16E8.07c	vph1	inviable	E	4.217	0.561	0.461	0.92	4.24	9.449	8.53	3.226	1.551	32.584	0.987406	0.175	0.041134	-11.424	-12.595
SPAC16E8.08	pos1	viable	V	0.327	-0.022	0.0	0.927	7.635	18.16	17.233	5.587	0.12	0.034	-0.0535	0.089	0.359314	-18.139	-19.31
SPAC16E8.09	scd1	viable	V	1.213	0.085	1.234	2.104	8.396	18.269	16.165	6.475	0.446	5.439	0.868892	0.126	0.121415	-14.712	-15.884
SPAC16E8.10c	rsm7	inviable	E	6.98	0.704	3.363	3.969	8.349	15.222	11.253	7.012	2.568	28.852	0.996038	0.136	0.024522	-13.969	-15.141
SPAC16E8.11c	tfb1	inviable	E	6.625	0.8	1.686	2.191	5.847	11.585	9.394	4.731	2.437	41.21	0.999712	0.041	0.006664	-26.021	-27.193
SPAC16E8.12c	png3	viable	V	-0.505	0.079	0.0	0.389	3.202	7.617	7.228	2.343	-0.186	-0.022	-0.318471	0.111	0.379268	-16.005	-17.177
SPAC16E8.13	SPAC16E8.13	viable	V	0.438	0.028	0.0	0.945	7.782	18.51	17.565	5.695	0.161	2.189	0.250496	0.199	0.307162	-10.142	-11.314
SPAC16E8.14c	tae1	viable	V	-0.042	0.003	0.0	0.945	7.782	18.51	17.565	5.695	-0.015	-0.004	-0.300391	0.21	0.382504	-9.607	-10.778
SPAC16E8.15	tif45	inviable	E	6.309	0.812	-0.0	0.474	3.904	9.286	8.812	2.857	2.321	50.589	0.982782	0.297	0.046972	-6.132	-7.304
SPAC16E8.16	sua7	inviable	E	6.439	1.079	-0.0	0.364	3.001	7.138	6.773	2.196	2.369	57.92	0.97303	0.39	0.059446	-3.405	-4.576
SPAC16E8.17c	sca1	viable	V	3.403	0.57	1.249	1.614	4.25	8.387	6.773	3.445	1.252	26.546	0.416924	1.239	0.331235	8.147	6.975
SPAC16E8.18	SPAC16E8.18	viable	V	-0.181	0.012	0.0	0.914	7.528	17.906	16.992	5.509	-0.067	-0.019	-0.160589	0.095	0.348544	-17.559	-18.731
SPAC16E8.18c	tam5	unknown	Not_determined	-0.325	-0.021	0.0	0.945	7.782	18.51	17.565	5.695	-0.119	-1.622	0.393855	0.122	0.286547	-15.055	-16.227
SPAC1705.02	SPAC1705.02	viable	V	0.079	-0.012	0.0	0.394	3.246	7.72	7.326	2.375	0.029	0.004	-0.055752	0.175	0.37474	-11.429	-12.601
SPAC1705.03c	ecm33	viable	V	2.085	0.229	6.38	6.936	10.955	17.261	10.326	9.728	0.767	4.471	0.999533	0.011	0.008366	-38.754	-39.926
SPAC1751.01c	gti1	viable	V	1.614	0.27	9.044	9.408	12.044	16.181	6.773	11.24	0.594	1.717	0.985885	0.042	0.045257	-25.82	-26.992
SPAC1751.02c	rsm19	inviable	E	6.695	0.66	3.465	4.084	8.566	15.598	11.514	7.198	2.463	26.659	0.998589	0.076	0.01461	-19.72	-20.892
SPAC1751.03	tif313	inviable	E	6.19	1.037	1.13	1.495	4.131	8.268	6.773	3.326	2.277	48.999	0.992927	0.206	0.032905	-9.783	-10.955
SPAC1751.04	loc1	viable	V	0.232	-0.015	0.0	0.943	7.768	18.477	17.533	5.684	0.085	0.025	0.028193	0.047	0.355107	-24.679	-25.851
SPAC1782.01	ecm29	viable	V	0.037	-0.005	0.0	0.431	3.547	8.436	8.005	2.595	0.014	0.002	-1.40236	0.087	0.512591	-18.461	-19.633
SPAC1782.02c	SPAC1782.02c	viable	V	0.161	-0.012	0.0	0.809	6.659	15.839	15.03	4.873	0.059	0.015	-0.70003	0.096	0.516827	-17.421	-18.592
SPAC1782.03	saf3	inviable	E	5.27	0.883	0.057	0.422	3.058	7.195	6.773	2.253	1.939	47.123	0.992979	0.166	0.03154	-11.962	-13.134
SPAC1782.04	cox24	viable	V	-0.501	0.033	0.0	0.916	7.541	17.937	17.021	5.518	-0.184	-0.052	0.013179	0.211	0.333192	-9.547	-10.719
SPAC1782.05	ypa2	viable	V	3.704	0.302	3.201	3.951	9.374	17.883	13.933	7.718	1.363	13.328	0.998752	0.035	0.013347	-27.419	-28.59
SPAC1782.06c	phb1	viable	V	0.174	0.029	0.0	0.364	3.001	7.138	6.773	2.196	0.064	1.562	0.774817	0.04	0.198999	-26.239	-27.411
SPAC1782.07	qcr8	viable	V	1.631	0.105	-0.0	0.945	7.782	18.51	17.565	5.695	0.6	8.152	0.944812	0.098	0.078415	-17.274	-18.446
SPAC1782.08c	rex3	viable	V	0.176	0.011	-0.0	0.945	7.782	18.51	17.565	5.695	0.065	0.881	0.110831	0.082	0.381834	-19.045	-20.217
SPAC1782.09c	clp1	viable	V	0.62	0.047	0.0	0.803	6.612	15.727	14.924	4.838	0.228	3.535	0.922242	0.054	0.098068	-23.236	-24.407
SPAC1782.11	met14	viable	V	0.525	0.088	-0.0	0.364	3.001	7.138	6.773	2.196	0.193	4.725	0.252627	0.179	0.30817	-11.218	-12.39
SPAC1783.01	SPAC1783.01	viable	V	0.165	0.011	0.0	0.945	7.782	18.51	17.565	5.695	0.061	0.824	0.160541	0.131	0.313075	-14.336	-15.508
SPAC1783.02c	vps66	viable	V	3.432	0.279	3.178	3.929	9.363	17.888	13.959	7.704	1.263	12.386	0.978201	0.139	0.054442	-13.761	-14.933
SPAC1783.03	fta2	inviable	E	5.72	0.958	4.033	4.397	7.033	11.17	6.773	6.229	2.104	29.224	0.999304	0.059	0.010986	-22.35	-23.522
SPAC1783.04c	hst4	viable	V	5.001	0.389	2.616	3.402	9.083	17.998	14.596	7.349	1.84	19.336	0.974047	0.218	0.057623	-9.225	-10.397
SPAC1783.05	hrp1	viable	V	0.177	-0.012	0.0	0.924	7.608	18.097	17.173	5.568	0.065	0.018	-0.012314	0.081	0.348448	-19.153	-20.325
SPAC1783.06c	atg12	viable	V	-0.336	0.048	0.0	0.429	3.529	8.394	7.966	2.583	-0.123	-0.016	-1.014191	0.082	0.608839	-19.061	-20.233
SPAC1783.07c	pap1	viable	V	0.344	0.056	0.0	0.372	3.067	7.294	6.922	2.244	0.126	3.066	0.888626	0.045	0.11261	-25.026	-26.198
SPAC1783.08c	rpl1502	viable	V	4.66	0.781	1.603	1.968	4.604	8.741	6.773	3.799	1.714	34.739	0.907918	0.599	0.112803	0.869	-0.303
SPAC1786.01c	ptl2	viable	V	-0.047	-0.004	-0.0	0.743	6.118	14.552	13.809	4.477	-0.017	-0.282	0.766601	0.01	0.188315	-40.071	-41.243
SPAC1786.04	SPAC1786.04	viable	V	0.834	-0.055	0.0	0.929	7.652	18.201	17.271	5.6	0.307	0.087	0.021802	0.161	0.32944	-12.278	-13.45
SPAC17A2.01	bsu1	viable	V	-0.266	0.029	0.0	0.561	4.622	10.995	10.433	3.383	-0.098	-0.017	-1.932604	0.094	0.693789	-17.607	-18.779
SPAC17A2.03c	vma6	inviable	E	5.178	0.478	0.483	1.145	5.934	13.448	12.303	4.472	1.905	31.98	0.977437	0.251	0.056662	-7.822	-8.994
SPAC17A2.04c	cns1	inviable	E	6.171	1.034	0.456	0.821	3.457	7.594	6.773	2.652	2.27	52.865	0.992029	0.213	0.034583	-9.486	-10.658
SPAC17A2.05	osm1	viable	V	-0.446	0.064	0.0	0.428	3.521	8.375	7.947	2.577	-0.164	-0.022	-0.422467	0.095	0.433309	-17.55	-18.722
SPAC17A2.06c	vps8	viable	V	-0.469	0.061	0.0	0.473	3.895	9.264	8.791	2.85	-0.173	-0.025	-0.065699	0.058	0.333353	-22.53	-23.702
SPAC17A2.08c	ntr2	condition-dependent	E	5.135	0.611	0.0	0.513	4.224	10.047	9.534	3.091	1.889	39.508	0.983966	0.23	0.04527	-8.706	-9.878
SPAC17A2.09c	csx1	viable	V	-0.247	0.031	0.0	0.482	3.969	9.44	8.958	2.904	-0.091	-0.013	-0.004664	0.104	0.330125	-16.666	-17.838
SPAC17A2.10c	SPAC17A2.10c	viable	V	0.16	-0.011	0.0	0.919	7.565	17.993	17.074	5.536	0.059	0.017	-0.078549	0.062	0.351469	-21.886	-23.058
SPAC17A2.12	rrp1	viable	V	-0.01	0.002	0.0	0.364	3.0	7.137	6.772	2.196	-0.004	-0.0	-1.72957	0.087	0.637376	-18.455	-19.627
SPAC17A2.13c	rad25	viable	V	-0.139	-0.023	-0.0	0.364	3.001	7.138	6.773	2.196	-0.051	-1.254	0.032515	0.092	0.391867	-17.85	-19.022
SPAC17A2.14	mnr2	viable	V	0.805	0.077	0.556	1.191	5.784	12.992	11.801	4.382	0.296	5.07	0.935357	0.073	0.095666	-20.148	-21.319
SPAC17A5.01	pex6	viable	V	0.147	-0.009	0.0	0.945	7.782	18.51	17.565	5.695	0.054	0.016	0.00074	0.074	0.339603	-20.078	-21.25
SPAC17A5.02c	dbr1	viable	V	1.888	0.316	-0.0	0.364	3.001	7.138	6.773	2.196	0.695	16.987	0.106892	2.042	0.338173	13.14	11.969
SPAC17A5.04c	mde10	viable	V	-0.533	0.089	0.0	0.365	3.006	7.15	6.785	2.2	-0.196	-0.022	-0.47724	0.228	0.449635	-8.766	-9.938
SPAC17A5.05c	SPAC17A5.05c	viable	V	0.367	-0.024	0.0	0.927	7.63	18.148	17.222	5.583	0.135	0.038	-0.122594	0.156	0.39313	-12.6	-13.771
SPAC17A5.06	ptr8	inviable	E	5.968	1.0	-0.0	0.364	3.001	7.138	6.773	2.196	2.196	53.689	0.990212	0.22	0.03802	-9.125	-10.296
SPAC17A5.07c	ulp2	condition-dependent	V	3.434	0.575	4.216	4.58	7.216	11.353	6.773	6.412	1.263	16.957	0.991285	0.123	0.039587	-14.943	-16.115
SPAC17A5.08	erp2	viable	V	-0.12	0.008	0.0	0.925	7.612	18.106	17.182	5.571	-0.044	-0.013	-0.257175	0.142	0.401872	-13.501	-14.672
SPAC17A5.11	rec12	viable	V	-0.153	-0.026	-0.0	0.364	3.001	7.138	6.773	2.196	-0.056	-1.38	0.066234	0.082	0.327663	-18.981	-20.152
SPAC17A5.12	ucp7	inviable	E	5.555	0.931	0.175	0.539	3.175	7.312	6.773	2.371	2.044	49.069	0.99548	0.141	0.025859	-13.575	-14.746
SPAC17A5.13	fol2	inviable	E	5.622	0.868	1.255	1.65	4.51	8.997	7.347	3.637	2.068	42.289	0.999852	0.027	0.004826	-30.293	-31.465
SPAC17A5.14	exo2	viable	V	6.053	0.437	1.613	2.459	8.584	18.194	15.735	6.714	2.227	26.137	0.987798	0.18	0.040011	-11.121	-12.292
SPAC17A5.15c	gus1	inviable	E	6.767	1.134	-0.0	0.364	3.001	7.138	6.773	2.196	2.489	60.87	0.962217	0.475	0.070851	-1.445	-2.616
SPAC17A5.16	hid1	viable	V	1.339	0.145	0.976	1.541	5.622	12.027	10.487	4.376	0.493	8.605	0.922352	0.134	0.106883	-14.081	-15.253
SPAC17A5.18c	rec25	viable	V	-0.454	0.063	0.0	0.439	3.611	8.59	8.152	2.643	-0.167	-0.023	-0.271077	0.073	0.434872	-20.106	-21.277
SPAC17A5.19	SPAC17A5.19	viable	Not_determined	-0.067	0.009	0.0	0.436	3.588	8.535	8.099	2.626	-0.025	-0.003	-2.227577	0.079	0.61709	-19.385	-20.556
SPAC17C9.01c	nuc2	inviable	E	6.285	1.046	1.521	1.888	4.542	8.707	6.818	3.732	2.312	47.216	0.997711	0.12	0.018998	-15.226	-16.397
SPAC17C9.02c	lys7	condition-dependent	V	1.774	0.297	9.511	9.875	12.512	16.648	6.773	11.707	0.653	1.447	0.959671	0.074	0.073159	-20.082	-21.253
SPAC17C9.03	tif471	inviable	E	6.283	1.052	0.099	0.464	3.1	7.237	6.773	2.295	2.311	55.937	0.897366	0.829	0.122721	4.12	2.948
SPAC17C9.05c	pmc3	viable	V	9.083	1.522	9.511	9.875	12.512	16.648	6.773	11.707	3.342	7.411	0.999249	0.048	0.010716	-24.306	-25.478
SPAC17C9.06	sam50	inviable	E	5.512	0.877	2.242	2.626	5.401	9.757	7.131	4.554	2.028	36.742	0.972144	0.377	0.065984	-3.754	-4.926
SPAC17C9.07	alg8	viable	V	-0.154	0.01	0.0	0.917	7.554	17.968	17.051	5.528	-0.057	-0.016	-0.051173	0.147	0.353114	-13.204	-14.376
SPAC17C9.08	pnu1	viable	V	-0.007	0.001	0.0	0.364	3.001	7.138	6.773	2.196	-0.003	-0.0	-1.476213	0.089	0.680209	-18.179	-19.351
SPAC17C9.10	stm1	viable	V	0.506	0.033	0.0	0.945	7.782	18.51	17.565	5.695	0.186	2.529	0.735885	0.09	0.182041	-18.067	-19.239
SPAC17C9.11c	SPAC17C9.11c	viable	V	-0.133	-0.022	0.0	0.364	3.001	7.138	6.773	2.196	-0.049	-1.195	0.751842	0.025	0.16586	-31.072	-32.243
SPAC17C9.12	scs22	viable	V	-0.136	-0.023	0.0	0.364	3.001	7.138	6.773	2.196	-0.05	-1.22	0.243539	0.049	0.286031	-24.119	-25.291
SPAC17C9.13c	cut8	condition-dependent	V	5.661	0.683	0.934	1.44	5.101	10.847	9.407	3.983	2.083	39.088	0.997989	0.092	0.017291	-17.913	-19.085
SPAC17C9.14	pex19	viable	V	0.19	0.032	0.0	0.364	3.001	7.138	6.773	2.196	0.07	1.713	0.321453	0.073	0.288297	-20.142	-21.314
SPAC17C9.16c	mfs1	viable	V	-0.018	0.003	0.0	0.364	3.001	7.138	6.773	2.196	-0.007	-0.001	-0.852092	0.048	0.543421	-24.29	-25.462
SPAC17D4.01	pex7	viable	V	-0.138	-0.023	0.0	0.364	3.001	7.138	6.773	2.196	-0.051	-1.241	0.826078	0.024	0.138786	-31.468	-32.639
SPAC17D4.02	cdc45	inviable	E	6.613	0.902	-0.0	0.448	3.686	8.769	8.321	2.698	2.433	54.529	0.983833	0.305	0.046294	-5.875	-7.047
SPAC17D4.03c	cis4	viable	V	-0.297	0.045	0.0	0.398	3.28	7.801	7.403	2.4	-0.109	-0.013	-0.092295	0.041	0.380278	-26.018	-27.189
SPAC17D4.04	trm401	viable	V	-0.159	0.011	0.0	0.923	7.599	18.074	17.151	5.561	-0.058	-0.017	-0.31403	0.106	0.396267	-16.424	-17.596
SPAC17G6.03	efn3	viable	V	-0.629	0.089	-0.0	0.431	3.547	8.437	8.007	2.596	-0.231	-0.031	-0.063524	0.088	0.374832	-18.294	-19.466
SPAC17G6.04c	cpp1	viable	V	6.656	0.721	5.903	6.467	10.546	16.947	10.48	9.301	2.449	16.18	0.999073	0.054	0.011726	-23.162	-24.334
SPAC17G6.05c	bro1	viable	V	-0.503	0.079	0.0	0.389	3.203	7.618	7.229	2.344	-0.185	-0.022	-0.133257	0.191	0.348436	-10.576	-11.748
SPAC17G6.08	pep7	viable	V	-0.204	0.014	0.0	0.899	7.401	17.604	16.705	5.416	-0.075	-0.021	-0.085118	0.201	0.341937	-10.042	-11.213
SPAC17G6.09	sec62	inviable	E	0.133	-0.016	-0.0	0.505	4.156	9.885	9.38	3.041	0.049	0.008	-0.725513	0.108	0.463926	-16.247	-17.419
SPAC17G6.10	ssr1	inviable	E	6.308	0.536	3.717	4.435	9.631	17.782	13.347	8.045	2.321	21.197	0.993947	0.13	0.028822	-14.403	-15.575
SPAC17G6.11c	ghs2	inviable	E	5.817	0.901	0.37	0.765	3.617	8.093	7.328	2.746	2.14	48.73	0.985015	0.269	0.046377	-7.116	-8.287
SPAC17G6.12	cul1	inviable	E	7.787	0.597	2.435	3.231	8.993	18.033	14.802	7.234	2.865	30.752	0.996094	0.131	0.022985	-14.331	-15.503
SPAC17G6.13	slt1	viable	V	0.476	-0.032	0.0	0.919	7.567	17.998	17.079	5.537	0.175	0.049	0.002261	0.277	0.332937	-6.837	-8.009
SPAC17G6.14c	uap56	inviable	E	6.11	1.024	0.082	0.447	3.083	7.22	6.773	2.278	2.248	54.498	0.913209	0.728	0.11446	2.819	1.647
SPAC17G6.15c	fsf1	viable	V	-0.1	-0.017	-0.0	0.364	3.001	7.138	6.773	2.196	-0.037	-0.898	0.044785	0.068	0.406091	-20.85	-22.021
SPAC17G6.16c	ysh1	inviable	E	6.099	1.022	0.986	1.35	3.987	8.124	6.773	3.182	2.244	49.137	0.995471	0.161	0.025993	-12.26	-13.432
SPAC17G6.17	pof8	viable	V	0.349	0.058	-0.0	0.364	3.001	7.138	6.773	2.196	0.128	3.136	0.593263	0.078	0.236516	-19.504	-20.676
SPAC17G8.01c	trl1	inviable	E	6.724	1.126	0.506	0.871	3.507	7.644	6.773	2.702	2.473	57.278	0.977016	0.399	0.05949	-3.186	-4.358
SPAC17G8.02	urh2	inviable	E	-0.388	0.055	0.0	0.43	3.539	8.417	7.987	2.59	-0.143	-0.019	-0.678431	0.102	0.476826	-16.871	-18.042
SPAC17G8.03c	bur6	inviable	E	7.857	0.655	3.484	4.217	9.515	17.828	13.612	7.897	2.89	27.247	0.972337	0.352	0.060327	-4.431	-5.602
SPAC17G8.04c	arc5	inviable	E	6.168	1.033	0.097	0.461	3.098	7.235	6.773	2.293	2.269	54.933	0.988187	0.254	0.041709	-7.697	-8.869
SPAC17G8.05	med20	viable	V	2.047	0.261	5.376	5.856	9.324	14.766	8.91	8.265	0.753	6.513	0.998064	0.028	0.017277	-29.717	-30.888
SPAC17G8.06c	ilv3	viable	V	6.423	1.076	1.441	1.806	4.442	8.579	6.773	3.637	2.363	48.894	0.991035	0.245	0.038096	-8.064	-9.235
SPAC17G8.08c	gdt2	viable	V	-0.129	0.009	0.0	0.924	7.605	18.089	17.165	5.565	-0.047	-0.013	-0.201798	0.08	0.430685	-19.298	-20.469
SPAC17G8.09	shg1	viable	V	-0.022	-0.004	-0.0	0.364	3.001	7.137	6.773	2.196	-0.008	-0.201	-0.012952	0.108	0.33511	-16.296	-17.468
SPAC17G8.10c	dma1	viable	V	0.183	0.031	-0.0	0.364	3.001	7.138	6.773	2.196	0.067	1.645	-0.162868	0.191	0.401643	-10.545	-11.717
SPAC17G8.11c	imt3	viable	V	0.346	0.058	-0.0	0.364	3.001	7.138	6.773	2.196	0.127	3.109	0.502193	0.087	0.259965	-18.438	-19.61
SPAC17G8.12	sec3	condition-dependent	E	5.712	0.957	3.328	3.693	6.329	10.466	6.773	5.524	2.101	33.015	0.945926	0.526	0.095058	-0.427	-1.599
SPAC17G8.13c	mst2	viable	V	0.28	0.047	0.0	0.364	3.001	7.138	6.773	2.196	0.103	2.518	0.435311	0.11	0.313308	-16.075	-17.247
SPAC17G8.14c	pck1	viable	V	-0.569	0.091	0.0	0.384	3.163	7.523	7.139	2.315	-0.209	-0.025	-0.643643	0.157	0.481043	-12.496	-13.668
SPAC17G8.15	wip1	condition-dependent	Not_determined	7.718	0.727	4.862	5.51	10.2	17.558	12.048	8.768	2.839	21.867	0.997649	0.1	0.018501	-16.993	-18.164
SPAC17H9.01	cid16	viable	V	-0.174	0.029	0.0	0.367	3.024	7.193	6.826	2.213	-0.064	-0.007	-0.125026	0.031	0.351983	-28.746	-29.918
SPAC17H9.02	mtl1	inviable	E	6.106	0.513	3.566	4.294	9.556	17.812	13.518	7.949	2.246	20.945	0.9534	0.357	0.077486	-4.299	-5.47
SPAC17H9.03c	rdl1	viable	V	2.152	0.361	8.619	8.983	11.62	15.757	6.773	10.815	0.792	2.835	0.906733	0.162	0.10659	-12.187	-13.359
SPAC17H9.04c	dri1	viable	V	1.544	0.259	8.438	8.802	11.439	15.576	6.773	10.634	0.568	2.213	0.928018	0.097	0.096644	-17.297	-18.469
SPAC17H9.05	ebp2	inviable	E	5.599	0.938	0.892	1.257	3.893	8.03	6.773	3.088	2.06	45.617	0.9407	0.552	0.090027	0.06	-1.111
SPAC17H9.06c	SPAC17H9.06c	viable	V	-0.516	0.066	0.0	0.478	3.933	9.356	8.878	2.878	-0.19	-0.028	-0.379489	0.109	0.421664	-16.183	-17.355
SPAC17H9.07	srp21	inviable	E	6.416	0.59	2.037	2.701	7.505	15.043	12.342	6.038	2.36	31.348	0.997554	0.1	0.018797	-17.043	-18.215
SPAC17H9.08	leu5	viable	V	3.399	0.304	4.3	4.983	9.92	17.668	12.686	8.413	1.25	10.507	0.964127	0.17	0.068372	-11.705	-12.877
SPAC17H9.09c	ras1	viable	V	0.291	0.049	1.25	1.615	4.251	8.388	6.773	3.446	0.107	2.269	0.679807	0.086	0.242397	-18.556	-19.728
SPAC17H9.10c	ddb1	viable	V	3.499	0.375	0.731	1.3	5.419	11.883	10.582	4.162	1.287	23.118	0.991782	0.11	0.03342	-16.059	-17.231
SPAC17H9.12c	cyc2	viable	V	0.73	0.122	2.983	3.347	5.984	10.121	6.773	5.179	0.268	4.459	0.98535	0.038	0.049091	-26.741	-27.913
SPAC17H9.13c	pro2	viable	V	2.665	0.447	8.905	9.27	11.906	16.043	6.773	11.101	0.981	3.049	0.915366	0.165	0.105296	-12.031	-13.203
SPAC17H9.14c	pdi2	viable	V	0.415	0.027	-0.0	0.945	7.782	18.51	17.565	5.695	0.153	2.073	0.210436	0.172	0.335699	-11.61	-12.781
SPAC17H9.17c	mdm10	inviable	E	7.65	0.607	2.493	3.262	8.824	17.552	14.291	7.126	2.814	30.781	0.991286	0.2	0.035305	-10.08	-11.252
SPAC17H9.18c	SPAC17H9.18c	viable	Not_determined	-0.3	0.023	0.0	0.815	6.709	15.957	15.142	4.909	-0.111	-0.028	0.003845	0.077	0.320336	-19.655	-20.827
SPAC17H9.19c	cdt2	viable	V	4.107	0.461	0.586	1.13	5.065	11.239	10.108	3.864	1.511	28.446	0.993266	0.118	0.031215	-15.366	-16.538
SPAC17H9.20	psc3	inviable	E	6.391	0.762	1.241	1.753	5.46	11.276	9.523	4.328	2.351	42.024	0.998745	0.081	0.013776	-19.08	-20.252
SPAC1805.01c	ppk6	viable	V	0.473	0.04	0.0	0.727	5.989	14.244	13.517	4.382	0.174	2.909	0.858228	0.061	0.141746	-21.93	-23.102
SPAC1805.03c	trm13	viable	V	0.002	-0.0	0.0	0.364	3.0	7.137	6.772	2.196	0.001	0.0	-0.638363	0.079	0.48158	-19.325	-20.497
SPAC1805.04	nup132	viable	V	1.473	0.188	7.64	8.118	11.581	17.015	8.896	10.524	0.542	2.339	0.987007	0.04	0.041686	-26.257	-27.429
SPAC1805.05	cki3	viable	V	-0.233	-0.039	0.413	0.777	3.413	7.55	6.773	2.609	-0.086	-2.009	0.306522	0.163	0.360543	-12.142	-13.314
SPAC1805.06c	hem2	viable	V	5.811	0.837	1.587	2.011	5.078	9.89	7.879	4.141	2.138	40.432	0.994694	0.164	0.028431	-12.1	-13.272
SPAC1805.07c	dad2	viable	V	1.549	0.126	3.188	3.938	9.367	17.886	13.948	7.71	0.57	5.585	0.984114	0.053	0.045926	-23.358	-24.529
SPAC1805.08	dlc1	viable	V	0.076	-0.013	0.0	0.364	3.001	7.138	6.773	2.196	0.028	0.003	-0.182931	0.108	0.399764	-16.262	-17.434
SPAC1805.10	ccz1	viable	V	0.354	0.023	0.0	0.945	7.782	18.51	17.565	5.695	0.13	1.77	0.451596	0.104	0.270179	-16.658	-17.83
SPAC1805.11c	rps2602	viable	V	7.233	1.212	0.971	1.336	3.972	8.109	6.773	3.167	2.661	58.373	0.916331	0.883	0.118656	4.755	3.583
SPAC1805.12c	ubi2	viable	V	2.18	0.201	1.445	2.107	6.889	14.392	12.286	5.429	0.802	11.74	0.998434	0.028	0.014988	-29.821	-30.993
SPAC1805.13	rpl14	viable	V	6.374	1.068	-0.0	0.364	3.001	7.138	6.773	2.196	2.345	57.34	0.320961	2.042	0.298839	13.139	11.967
SPAC1805.14	SPAC1805.14	viable	V	0.631	0.042	0.0	0.928	7.64	18.173	17.245	5.591	0.232	3.202	0.929205	0.048	0.108223	-24.468	-25.64
SPAC1805.15c	pub2	viable	V	-0.376	0.055	0.0	0.417	3.432	8.164	7.747	2.512	-0.138	-0.018	-1.41983	0.065	0.57176	-21.394	-22.566
SPAC1805.16c	SPAC1805.16c	viable	V	-0.054	-0.003	-0.0	0.945	7.781	18.508	17.563	5.694	-0.02	-0.267	0.495862	0.018	0.249498	-33.92	-35.092
SPAC1805.17	crm1	inviable	E	6.565	1.1	0.51	0.874	3.511	7.647	6.773	2.706	2.415	55.909	0.990479	0.247	0.036298	-7.997	-9.168
SPAC1805.18	pop6	unknown	Not_determined	5.794	0.681	0.384	0.903	4.66	10.554	9.651	3.513	2.132	42.297	0.991611	0.188	0.034603	-10.71	-11.881
SPAC1834.01	erf1	inviable	E	6.095	1.021	-0.0	0.364	3.001	7.138	6.773	2.196	2.242	54.832	0.961143	0.452	0.068568	-1.95	-3.122
SPAC1834.02	aro1	inviable	E	6.673	1.118	-0.0	0.364	3.001	7.138	6.773	2.196	2.455	60.024	0.909763	0.716	0.107962	2.664	1.492
SPAC1834.05	alg9	viable	V	1.934	0.312	7.319	7.697	10.43	14.719	7.022	9.596	0.711	4.194	0.946032	0.148	0.082581	-13.134	-14.306
SPAC1834.06c	pmo25	inviable	E	6.878	0.728	0.925	1.502	5.676	12.225	10.724	4.401	2.53	43.889	0.997952	0.107	0.017086	-16.377	-17.549
SPAC1834.07	klp3	viable	V	-0.008	0.001	0.0	0.411	3.387	8.056	7.644	2.478	-0.003	-0.0	-3.572896	0.092	0.783237	-17.899	-19.071
SPAC1834.08	mak1	viable	V	0.027	-0.005	-0.0	0.364	2.998	7.13	6.766	2.194	0.01	0.001	-3.627137	0.036	0.77609	-27.326	-28.498
SPAC1834.09	whr1	viable	V	-0.348	0.047	0.0	0.456	3.752	8.924	8.469	2.746	-0.128	-0.018	-0.79081	0.053	0.53337	-23.412	-24.583
SPAC1834.10c	SPAC1834.10c	viable	V	0.248	0.042	-0.0	0.364	3.001	7.138	6.773	2.196	0.091	2.235	0.332163	0.103	0.266106	-16.706	-17.878
SPAC1834.11c	sec18	inviable	E	6.89	1.154	-0.0	0.364	3.001	7.138	6.773	2.196	2.535	61.977	0.891236	0.805	0.125403	3.826	2.654
SPAC1851.02	slc1	viable	V	1.284	0.111	3.888	4.596	9.716	17.749	13.153	8.153	0.473	4.215	0.925213	0.102	0.097343	-16.817	-17.988
SPAC1851.03	ckb1	condition-dependent	V	6.006	0.775	7.735	8.208	11.628	16.996	8.788	10.584	2.21	9.294	0.958199	0.272	0.075279	-7.028	-8.2
SPAC1851.04c	ric1	viable	V	6.021	0.47	2.664	3.446	9.107	17.989	14.542	7.379	2.215	23.15	0.994836	0.118	0.027188	-15.364	-16.536
SPAC186.01	pfl9	viable	V	1.024	0.172	-0.0	0.364	3.001	7.138	6.773	2.196	0.377	9.216	0.259215	0.724	0.314319	2.769	1.597
SPAC186.02c	SPAC186.02c	viable	V	0.963	0.123	-0.0	0.479	3.943	9.379	8.9	2.885	0.354	7.68	0.678585	0.223	0.189379	-8.985	-10.157
SPAC186.03	SPAC186.03	viable	V	0.283	-0.044	0.0	0.396	3.258	7.749	7.353	2.384	0.104	0.013	-0.063034	0.672	0.374528	2.029	0.857
SPAC186.04c	SPAC186.04c	unknown	Not_determined	0.281	0.047	-0.0	0.364	3.001	7.138	6.773	2.196	0.103	2.53	-0.272163	0.2	0.369067	-10.111	-11.283
SPAC186.05c	gdt1	viable	V	0.051	0.009	-0.0	0.364	3.001	7.138	6.773	2.196	0.019	0.457	-0.055858	0.197	0.37068	-10.235	-11.407
SPAC186.06	SPAC186.06	viable	V	1.588	0.266	-0.0	0.364	3.001	7.138	6.773	2.196	0.584	14.288	-0.153292	0.835	0.356399	4.193	3.021
SPAC186.07c	SPAC186.07c	viable	V	0.241	0.04	-0.0	0.364	3.001	7.138	6.773	2.196	0.089	2.169	0.064122	0.123	0.327134	-14.956	-16.127
SPAC186.09	pdc102	viable	V	0.377	0.063	-0.0	0.364	3.001	7.138	6.773	2.196	0.139	3.392	-0.282385	0.263	0.396655	-7.357	-8.528
SPAC18B11.02c	pus9	viable	V	-0.072	0.005	-0.0	0.945	7.782	18.51	17.565	5.695	-0.027	-0.008	-0.220318	0.051	0.405478	-23.742	-24.913
SPAC18B11.03c	SPAC18B11.03c	viable	V	0.198	0.026	0.0	0.461	3.791	9.016	8.556	2.774	0.073	1.61	0.814893	0.037	0.174968	-26.943	-28.115
SPAC18B11.04	ncs1	viable	V	0.291	0.02	0.0	0.905	7.453	17.726	16.821	5.454	0.107	1.507	0.76793	0.055	0.180418	-22.934	-24.106
SPAC18B11.05	gpi18	inviable	E	5.884	0.769	1.587	2.054	5.434	10.738	8.684	4.402	2.164	38.867	0.98558	0.267	0.046098	-7.191	-8.363
SPAC18B11.06	lcp5	inviable	E	6.999	1.172	0.091	0.455	3.092	7.229	6.773	2.287	2.575	62.369	0.986783	0.305	0.044062	-5.867	-7.039
SPAC18B11.07c	rhp6	viable	V	4.847	0.45	0.806	1.463	6.216	13.675	12.212	4.765	1.783	28.793	0.983857	0.199	0.048326	-10.154	-11.326
SPAC18B11.08c	pat10	viable	V	0.104	-0.007	-0.0	0.945	7.782	18.51	17.565	5.695	0.038	0.011	0.001092	0.063	0.328366	-21.691	-22.863
SPAC18B11.09c	SPAC18B11.09c	viable	V	1.648	-0.107	0.0	0.936	7.707	18.331	17.395	5.64	0.606	0.174	0.020551	0.173	0.359718	-11.564	-12.736
SPAC18B11.11	SPAC18B11.11	condition-dependent	E	2.19	0.163	2.072	2.891	8.812	18.105	15.214	7.005	0.806	9.008	0.982551	0.078	0.050152	-19.493	-20.665
SPAC18G6.01c	aim18	viable	V	-0.059	0.004	-0.0	0.901	7.421	17.652	16.75	5.431	-0.022	-0.006	-0.386834	0.159	0.459866	-12.381	-13.553
SPAC18G6.02c	chp1	viable	V	0.203	0.019	0.0	0.666	5.486	13.048	12.382	4.014	0.075	1.328	0.884386	0.021	0.113708	-32.401	-33.573
SPAC18G6.03	ypt3	inviable	E	6.306	1.056	-0.0	0.364	3.001	7.138	6.773	2.196	2.32	56.724	0.986233	0.278	0.044341	-6.791	-7.963
SPAC18G6.05c	gcn1	viable	V	1.146	0.192	0.169	0.534	3.17	7.307	6.773	2.365	0.422	10.128	0.764534	0.249	0.182012	-7.903	-9.075
SPAC18G6.07c	mra1	inviable	E	6.903	0.822	0.067	0.58	4.289	10.109	9.529	3.156	2.54	52.714	0.985792	0.291	0.044103	-6.358	-7.53
SPAC18G6.10	lem2	viable	V	2.053	0.212	5.783	6.375	10.658	17.378	11.004	9.35	0.755	4.954	0.925643	0.139	0.096696	-13.75	-14.922
SPAC18G6.11c	rrn3	inviable	E	6.441	1.079	0.112	0.477	3.113	7.25	6.773	2.308	2.37	57.271	0.948608	0.566	0.082369	0.306	-0.866
SPAC18G6.12c	SPAC18G6.12c	viable	V	-0.284	-0.048	-0.0	0.364	3.001	7.138	6.773	2.196	-0.104	-2.552	0.271064	0.128	0.310726	-14.556	-15.727
SPAC18G6.13	SPAC18G6.13	viable	V	1.111	0.143	7.689	8.165	11.606	17.005	8.84	10.555	0.409	1.741	0.975381	0.04	0.058544	-26.236	-27.408
SPAC18G6.15	mal3	viable	V	0.261	0.044	-0.0	0.364	3.001	7.138	6.773	2.196	0.096	2.345	0.466345	0.08	0.25876	-19.198	-20.37
SPAC1952.01	gab1	inviable	E	6.904	0.886	0.906	1.382	4.821	10.219	8.837	3.771	2.54	49.54	0.998928	0.083	0.012589	-18.879	-20.051
SPAC1952.02	tma23	viable	V	0.753	-0.106	0.0	0.436	3.586	8.53	8.095	2.624	0.277	0.037	-0.291336	0.266	0.38613	-7.255	-8.427
SPAC1952.03	otu2	viable	V	1.012	0.17	4.383	4.748	7.384	11.521	6.773	6.579	0.372	4.84	0.601386	0.298	0.233018	-6.113	-7.285
SPAC1952.04c	SPAC1952.04c	unknown	Not_determined	-0.097	-0.016	-0.0	0.364	3.001	7.138	6.773	2.196	-0.036	-0.873	-0.189327	0.242	0.361745	-8.203	-9.375
SPAC1952.05	gcn5	viable	V	3.259	0.234	1.528	2.38	8.542	18.211	15.832	6.66	1.199	14.196	0.846185	0.371	0.137659	-3.908	-5.08
SPAC1952.06c	SPAC1952.06c	viable	V	-0.017	0.003	0.0	0.391	3.218	7.655	7.264	2.355	-0.006	-0.001	-2.176626	0.081	0.615055	-19.11	-20.282
SPAC1952.07	rad1	viable	V	2.246	0.316	8.288	8.722	11.86	16.786	8.064	10.902	0.826	2.974	0.978167	0.071	0.05463	-20.417	-21.589
SPAC1952.09c	ach1	viable	V	0.643	-0.044	0.0	0.9	7.41	17.625	16.725	5.423	0.236	0.065	0.01848	0.121	0.319554	-15.084	-16.256
SPAC1952.10c	SPAC1952.10c	viable	V	-0.497	0.069	0.0	0.44	3.622	8.616	8.176	2.651	-0.183	-0.025	-0.049181	0.074	0.331242	-20.055	-21.227
SPAC1952.12c	csn71	viable	V	0.162	0.027	-0.0	0.364	3.001	7.138	6.773	2.196	0.06	1.461	-0.202928	0.207	0.38513	-9.741	-10.912
SPAC1952.13	ned1	inviable	E	7.358	0.736	0.717	1.327	5.74	12.666	11.339	4.393	2.707	46.565	0.996176	0.152	0.022851	-12.817	-13.989
SPAC1952.14c	mrpl25	inviable	E	5.887	0.747	3.848	4.329	7.808	13.267	8.938	6.746	2.166	26.193	0.995274	0.138	0.027183	-13.771	-14.943
SPAC1952.15c	rec24	viable	V	0.74	-0.049	0.0	0.92	7.577	18.023	17.102	5.545	0.272	0.077	-0.132128	0.082	0.348363	-19.027	-20.198
SPAC1952.16	rga9	viable	V	-0.147	0.01	0.0	0.924	7.607	18.094	17.17	5.567	-0.054	-0.015	-0.143627	0.063	0.347899	-21.651	-22.823
SPAC1952.17c	tbc13	viable	V	0.98	0.164	1.041	1.406	4.042	8.179	6.773	3.237	0.36	7.839	0.853177	0.168	0.172042	-11.812	-12.984
SPAC19A8.01c	sec73	viable	V	-0.281	0.022	-0.0	0.762	6.273	14.92	14.158	4.59	-0.103	-0.024	-3.62295	0.084	0.808396	-18.761	-19.932
SPAC19A8.02	ltc2	viable	V	0.002	-0.0	-0.0	0.364	3.001	7.138	6.774	2.196	0.001	0.0	-2.685467	0.093	0.677236	-17.775	-18.947
SPAC19A8.03	ymr1	viable	V	11.487	1.924	9.511	9.875	12.512	16.648	6.773	11.707	4.226	9.372	0.988993	0.231	0.04052	-8.655	-9.827
SPAC19A8.04	erg5	viable	V	0.47	0.03	0.002	0.945	7.77	18.479	17.534	5.687	0.173	2.35	0.947111	0.032	0.090202	-28.301	-29.473
SPAC19A8.05c	sst4	viable	V	0.292	0.049	-0.0	0.364	3.001	7.138	6.773	2.196	0.108	2.63	0.176288	0.141	0.314045	-13.612	-14.783
SPAC19A8.06	pbr1	inviable	E	7.293	0.892	0.446	0.945	4.557	10.225	9.28	3.454	2.683	53.999	0.972899	0.438	0.059339	-2.254	-3.426
SPAC19A8.07c	imp4	inviable	E	5.98	0.928	0.342	0.735	3.582	8.05	7.315	2.713	2.2	50.292	0.988854	0.239	0.038736	-8.323	-9.494
SPAC19A8.08	upf2	viable	V	0.547	0.092	-0.0	0.364	3.001	7.138	6.773	2.196	0.201	4.924	0.863191	0.073	0.128085	-20.137	-21.308
SPAC19A8.09	yos1	inviable	E	6.742	0.976	-0.0	0.422	3.472	8.259	7.837	2.541	2.48	57.139	0.962581	0.475	0.067331	-1.445	-2.617
SPAC19A8.10	rfp1	viable	V	0.218	0.036	0.157	0.521	3.158	7.295	6.773	2.353	0.08	1.928	0.568224	0.088	0.242324	-18.336	-19.508
SPAC19A8.11c	irc6	viable	V	3.327	0.312	1.147	1.799	6.513	13.911	12.112	5.074	1.224	18.932	0.962996	0.213	0.070956	-9.444	-10.616
SPAC19A8.12	dcp2	inviable	E	8.09	0.626	2.547	3.337	9.049	18.012	14.675	7.305	2.976	31.538	0.984795	0.272	0.045496	-7.009	-8.18
SPAC19A8.13	usp101	inviable	E	7.019	0.918	2.288	2.755	6.13	11.427	8.672	5.1	2.582	41.809	0.999223	0.073	0.011089	-20.17	-21.342
SPAC19A8.14	pth2	viable	V	0.244	0.041	-0.0	0.364	3.001	7.138	6.773	2.196	0.09	2.199	0.201543	0.111	0.2883	-16.009	-17.18
SPAC19A8.15	trp2	inviable	E	6.395	1.071	-0.0	0.364	3.001	7.138	6.773	2.196	2.353	57.528	0.946513	0.537	0.086027	-0.22	-1.391
SPAC19A8.16	prl65	viable	Not_determined	-0.388	0.052	-0.0	0.455	3.745	8.907	8.452	2.74	-0.143	-0.02	-0.2449	0.037	0.386214	-26.948	-28.119
SPAC19B12.01	ceo5	inviable	E	6.281	1.052	0.492	0.856	3.493	7.63	6.773	2.688	2.311	53.596	0.984542	0.303	0.047566	-5.933	-7.104
SPAC19B12.02c	gas1	condition-dependent	E	6.342	0.909	0.023	0.449	3.53	8.365	7.916	2.589	2.333	53.376	0.966959	0.427	0.06696	-2.516	-3.688
SPAC19B12.03	bgs3	inviable	E	6.562	0.811	-0.0	0.494	4.07	9.68	9.186	2.978	2.414	51.497	0.979216	0.334	0.052371	-4.951	-6.123
SPAC19B12.05c	fcp1	inviable	E	6.395	0.774	1.456	1.96	5.61	11.336	9.376	4.495	2.352	41.173	0.999258	0.063	0.010664	-21.637	-22.809
SPAC19B12.06c	rbd4	viable	V	0.044	-0.007	0.0	0.397	3.267	7.771	7.374	2.391	0.016	0.002	-0.342096	0.078	0.433688	-19.502	-20.674
SPAC19B12.07c	SPAC19B12.07c	viable	V	-0.112	-0.019	-0.0	0.364	3.001	7.138	6.773	2.196	-0.041	-1.007	0.200724	0.058	0.321922	-22.482	-23.654
SPAC19B12.08	atg4	viable	V	0.288	0.048	0.0	0.364	3.001	7.138	6.773	2.196	0.106	2.594	0.902536	0.031	0.108135	-28.761	-29.933
SPAC19B12.09	srp14	unknown	Not_determined	7.363	0.638	3.94	4.645	9.742	17.739	13.094	8.186	2.709	23.983	0.996876	0.109	0.020989	-16.17	-17.342
SPAC19B12.10	sst2	viable	V	-0.007	0.001	0.0	0.444	3.655	8.694	8.25	2.675	-0.002	-0.0	-3.344219	0.075	0.769942	-19.842	-21.014
SPAC19D5.01	pyp2	viable	V	-0.171	-0.029	-0.0	0.364	3.001	7.138	6.773	2.196	-0.063	-1.539	0.017255	0.397	0.370843	-3.234	-4.406
SPAC19D5.03	cid1	viable	V	0.223	-0.03	0.0	0.459	3.778	8.987	8.529	2.765	0.082	0.012	-0.692604	0.125	0.45494	-14.786	-15.957
SPAC19D5.04	ptr1	inviable	E	6.28	1.031	0.504	0.875	3.564	7.784	6.908	2.743	2.31	53.095	0.992833	0.204	0.031626	-9.903	-11.075
SPAC19D5.05c	imp3	inviable	E	-0.551	0.04	0.0	0.844	6.945	16.52	15.676	5.082	-0.203	-0.052	-1.33528	0.31	0.68183	-5.704	-6.876
SPAC19D5.06c	din1	viable	V	-0.029	-0.005	0.0	0.364	3.001	7.138	6.773	2.196	-0.011	-0.259	-0.170493	0.047	0.36285	-24.54	-25.712
SPAC19D5.07	uga1	viable	V	0.49	0.082	0.729	1.093	3.73	7.866	6.773	2.925	0.18	4.073	0.742338	0.122	0.209921	-15.075	-16.246
SPAC19D5.09c	Tf2-8	unknown	Not_determined	-0.12	0.008	0.0	0.938	7.727	18.379	17.44	5.654	-0.044	-0.013	-0.129748	0.095	0.42985	-17.584	-18.756
SPAC19D5.11c	ctf8	viable	V	-0.264	0.038	0.0	0.428	3.521	8.375	7.947	2.576	-0.097	-0.013	-0.001907	0.191	0.320648	-10.549	-11.721
SPAC19E9.01c	nup40	viable	V	0.947	0.061	-0.0	0.945	7.782	18.51	17.565	5.695	0.348	4.734	0.552178	0.209	0.223137	-9.661	-10.833
SPAC19E9.02	fin1	viable	V	0.883	0.065	0.0	0.824	6.785	16.14	15.316	4.966	0.325	4.936	0.929754	0.063	0.090558	-21.627	-22.799
SPAC19E9.03	pas1	viable	V	-0.003	0.0	0.0	0.4	3.297	7.841	7.441	2.412	-0.001	-0.0	-1.355699	0.132	0.590834	-14.223	-15.395
SPAC19G12.01c	cut20	inviable	E	6.656	0.835	1.61	2.096	5.618	11.145	9.048	4.543	2.449	42.812	0.999848	0.03	0.004837	-29.003	-30.174
SPAC19G12.02c	pms1	viable	V	-0.167	0.011	0.0	0.923	7.596	18.069	17.146	5.559	-0.062	-0.017	-0.122705	0.21	0.382216	-9.614	-10.786
SPAC19G12.03	cda1	viable	V	-0.709	0.117	0.0	0.369	3.041	7.233	6.863	2.225	-0.261	-0.03	-0.092693	0.275	0.352829	-6.902	-8.074
SPAC19G12.04	dal1	viable	V	-0.041	0.003	0.0	0.941	7.751	18.436	17.494	5.672	-0.015	-0.004	-0.893469	0.139	0.497889	-13.739	-14.911
SPAC19G12.05	mce1	viable	V	-0.134	-0.018	0.0	0.455	3.748	8.914	8.458	2.742	-0.049	-1.096	0.837979	0.026	0.146959	-30.606	-31.777
SPAC19G12.07c	rsd1	inviable	E	7.235	0.731	2.984	3.588	7.958	14.814	11.226	6.624	2.662	32.18	0.999814	0.031	0.005324	-28.586	-29.758
SPAC19G12.08	scs7	viable	V	2.278	0.196	2.222	2.929	8.05	16.084	13.155	6.486	0.838	10.271	0.991641	0.063	0.034831	-21.6	-22.772
SPAC19G12.09	SPAC19G12.09	viable	V	0.181	-0.012	0.0	0.923	7.597	18.069	17.147	5.559	0.067	0.019	-0.012767	0.048	0.381629	-24.348	-25.519
SPAC19G12.10c	cpy1	viable	V	0.225	0.038	0.0	0.364	3.001	7.138	6.773	2.196	0.083	2.026	0.883875	0.027	0.130296	-29.986	-31.158
SPAC19G12.11	coq9	condition-dependent	V	1.567	0.223	4.609	5.038	8.141	13.01	7.973	7.194	0.576	6.452	0.999689	0.01	0.007176	-40.164	-41.336
SPAC19G12.12	dlp1	condition-dependent	V	1.03	0.111	0.0	0.564	4.644	11.046	10.482	3.399	0.379	7.504	0.586938	0.297	0.234056	-6.14	-7.311
SPAC19G12.13c	poz1	viable	V	-0.01	0.002	0.0	0.384	3.161	7.518	7.134	2.313	-0.004	-0.0	-0.182387	0.211	0.406401	-9.543	-10.715
SPAC19G12.14	its3	inviable	E	6.495	1.088	0.045	0.41	3.046	7.183	6.773	2.241	2.389	58.156	0.987047	0.279	0.04218	-6.772	-7.944
SPAC19G12.15c	tpp1	viable	V	0.527	0.037	1.391	2.251	8.474	18.238	15.987	6.574	0.194	2.328	0.900032	0.054	0.125946	-23.276	-24.447
SPAC19G12.16c	adg2	viable	V	-0.017	0.003	-0.0	0.364	3.0	7.137	6.772	2.196	-0.006	-0.001	-0.544571	0.05	0.423274	-24.053	-25.225
SPAC19G12.17	erh1	viable	Not_determined	-0.289	-0.048	-0.0	0.364	3.001	7.138	6.773	2.196	-0.106	-2.597	-0.051717	0.288	0.356518	-6.433	-7.605
SPAC1A6.01c	rqt4	viable	V	-0.115	0.008	0.0	0.937	7.712	18.343	17.406	5.643	-0.042	-0.012	-0.29841	0.105	0.405345	-16.539	-17.711
SPAC1A6.03c	plb3	viable	V	0.548	0.035	0.0	0.945	7.782	18.51	17.565	5.695	0.202	2.741	0.66715	0.102	0.227599	-16.831	-18.003
SPAC1A6.04c	plb1	viable	V	-0.033	0.002	0.0	0.938	7.722	18.367	17.429	5.651	-0.012	-0.003	-2.905119	0.106	0.77818	-16.459	-17.631
SPAC1A6.05c	ptl3	viable	V	-0.218	-0.036	-0.0	0.364	3.001	7.138	6.773	2.196	-0.08	-1.96	-0.024759	0.113	0.403107	-15.815	-16.987
SPAC1A6.06c	meu31	viable	V	2.992	0.501	-0.0	0.364	3.001	7.138	6.773	2.196	1.101	26.913	-0.257246	2.656	0.460492	15.769	14.597
SPAC1A6.08c	mug125	viable	V	-0.285	0.039	0.0	0.448	3.686	8.768	8.321	2.698	-0.105	-0.014	-0.675616	0.109	0.481921	-16.172	-17.344
SPAC1A6.09c	lag1	viable	V	0.031	-0.005	0.0	0.378	3.111	7.399	7.021	2.276	0.011	0.001	-0.84128	0.055	0.558677	-23.05	-24.221
SPAC1A6.10	tcd1	viable	V	0.108	0.014	-0.0	0.482	3.967	9.435	8.953	2.903	0.04	0.858	0.041173	0.098	0.348393	-17.274	-18.446
SPAC1A6.11	SPAC1A6.11	unknown	Not_determined	0.099	-0.006	0.0	0.945	7.781	18.507	17.562	5.694	0.037	0.011	-0.056422	0.073	0.351195	-20.215	-21.386
SPAC1B1.01	deb1	inviable	E	6.106	0.776	0.32	0.8	4.273	9.722	8.922	3.213	2.246	46.878	0.993797	0.174	0.029505	-11.492	-12.664
SPAC1B1.02c	SPAC1B1.02c	viable	V	-0.571	0.084	0.0	0.414	3.407	8.105	7.691	2.493	-0.21	-0.027	-0.046895	0.076	0.357413	-19.8	-20.972
SPAC1B1.03c	kap95	inviable	E	6.55	1.097	-0.0	0.364	3.001	7.138	6.773	2.196	2.409	58.917	0.98693	0.281	0.043444	-6.699	-7.87
SPAC1B1.04c	pan3	viable	V	1.353	0.12	2.684	3.374	8.36	16.185	12.811	6.838	0.498	5.741	0.998481	0.016	0.015184	-35.368	-36.54
SPAC1B2.02c	ugo1	viable	V	2.521	0.212	3.609	4.334	9.577	17.804	13.47	7.976	0.928	8.599	0.998091	0.03	0.016528	-29.155	-30.327
SPAC1B2.03c	elo2	condition-dependent	V	7.217	0.675	0.113	0.766	5.485	12.89	12.124	4.044	2.655	47.249	0.986795	0.269	0.041138	-7.144	-8.316
SPAC1B2.04	cox6	viable	V	1.679	0.117	1.119	1.996	8.339	18.291	16.295	6.402	0.618	7.609	0.842319	0.199	0.14679	-10.127	-11.299
SPAC1B2.05	mcm5	inviable	E	6.28	0.948	0.964	1.369	4.296	8.889	7.52	3.403	2.31	48.481	0.9867	0.28	0.043512	-6.719	-7.891
SPAC1B3.01c	SPAC1B3.01c	viable	V	-0.096	0.006	0.0	0.941	7.75	18.433	17.492	5.671	-0.035	-0.01	-0.425751	0.099	0.407021	-17.095	-18.266
SPAC1B3.03c	wis2	condition-dependent	V	1.914	0.153	0.09	0.856	6.396	15.089	14.233	4.705	0.704	11.194	0.986059	0.068	0.042331	-20.897	-22.069
SPAC1B3.04c	guf1	viable	V	-0.042	-0.007	0.0	0.364	3.001	7.137	6.773	2.196	-0.015	-0.375	0.017775	0.057	0.356304	-22.646	-23.817
SPAC1B3.05	not3	viable	V	1.38	0.107	1.022	1.813	7.535	16.515	14.702	5.788	0.508	6.907	0.914854	0.121	0.118155	-15.101	-16.273
SPAC1B3.06c	SPAC1B3.06c	viable	V	0.185	0.031	-0.0	0.364	3.001	7.138	6.773	2.196	0.068	1.661	0.207956	0.099	0.356875	-17.105	-18.277
SPAC1B3.07c	vps28	viable	V	-0.041	0.003	0.0	0.911	7.502	17.844	16.933	5.49	-0.015	-0.004	-0.206544	0.188	0.372845	-10.718	-11.889
SPAC1B3.08	SPAC1B3.08	viable	V	-0.148	0.021	-0.0	0.42	3.462	8.234	7.813	2.533	-0.054	-0.007	-0.072641	0.086	0.341785	-18.559	-19.73
SPAC1B3.09c	noc202	inviable	E	6.052	1.014	0.292	0.657	3.293	7.43	6.773	2.488	2.226	52.784	0.994871	0.165	0.026957	-12.029	-13.201
SPAC1B3.10c	hrd302	viable	V	0.395	0.062	1.243	1.63	4.428	8.818	7.188	3.573	0.145	3.002	0.214283	0.308	0.341205	-5.773	-6.945
SPAC1B3.11c	ypt4	viable	V	0.016	-0.003	0.0	0.364	3.001	7.138	6.773	2.196	0.006	0.001	-0.229071	0.115	0.430418	-15.598	-16.769
SPAC1B3.13	nan1	inviable	E	6.35	0.997	0.597	0.986	3.8	8.215	7.229	2.941	2.336	52.131	0.996357	0.146	0.022857	-13.22	-14.392
SPAC1B3.14	vma3	condition-dependent	E	4.959	0.511	-0.0	0.593	4.883	11.615	11.022	3.573	1.824	35.046	0.975115	0.26	0.055688	-7.46	-8.632
SPAC1B3.15c	SPAC1B3.15c	viable	V	-0.059	-0.005	0.0	0.727	5.985	14.237	13.51	4.38	-0.022	-0.362	0.385996	0.024	0.284732	-31.096	-32.268
SPAC1B3.16c	vht1	condition-dependent	V	4.35	0.411	0.559	1.204	5.873	13.2	11.995	4.448	1.6	27.066	0.994336	0.107	0.027691	-16.378	-17.55
SPAC1B3.17	clr2	viable	V	0.517	0.033	0.0	0.945	7.782	18.51	17.565	5.695	0.19	2.583	0.45649	0.152	0.264891	-12.853	-14.025
SPAC1B3.18c	mrps18	inviable	E	5.828	0.671	4.338	4.869	8.705	14.726	9.857	7.534	2.144	21.835	0.986762	0.208	0.044361	-9.71	-10.882
SPAC1B3.20	SPAC1B3.20	viable	V	0.201	0.034	-0.0	0.364	3.001	7.138	6.773	2.196	0.074	1.811	0.197512	0.086	0.287707	-18.565	-19.736
SPAC1B9.02c	sck1	viable	V	0.311	0.028	0.0	0.688	5.667	13.478	12.79	4.147	0.114	1.989	0.52281	0.062	0.228365	-21.824	-22.996
SPAC1B9.03c	SPAC1B9.03c	inviable	E	7.14	1.196	0.298	0.663	3.299	7.436	6.773	2.494	2.626	62.233	0.930493	0.756	0.103766	3.206	2.034
SPAC1D4.01	tls1	viable	V	0.698	0.045	-0.0	0.945	7.782	18.51	17.565	5.695	0.257	3.487	0.622566	0.139	0.254949	-13.755	-14.927
SPAC1D4.02c	grh1	viable	V	-0.2	0.013	-0.0	0.917	7.553	17.966	17.049	5.527	-0.074	-0.021	-0.142783	0.101	0.350278	-16.904	-18.075
SPAC1D4.03c	aut12	viable	V	0.859	0.064	1.46	2.276	8.181	17.446	15.17	6.378	0.316	3.915	0.843944	0.105	0.169203	-16.563	-17.735
SPAC1D4.04	cct2	inviable	E	5.841	0.928	-0.0	0.384	3.164	7.527	7.142	2.316	2.149	51.477	0.983582	0.278	0.04729	-6.787	-7.959
SPAC1D4.05c	erd101	viable	V	-0.296	-0.024	-0.0	0.76	6.257	14.883	14.123	4.579	-0.109	-1.762	0.648172	0.045	0.194566	-24.98	-26.152
SPAC1D4.06c	csk1	viable	V	0.966	0.138	7.504	7.933	11.035	15.901	7.968	10.088	0.355	1.769	0.960823	0.055	0.072239	-22.943	-24.115
SPAC1D4.08	pis1	inviable	E	6.104	0.981	0.571	0.951	3.698	8.009	7.058	2.859	2.246	50.772	0.993483	0.189	0.030291	-10.662	-11.834
SPAC1D4.09c	rtf2	viable	V	0.301	0.05	-0.0	0.364	3.001	7.138	6.773	2.196	0.111	2.704	0.82807	0.048	0.140137	-24.439	-25.611
SPAC1D4.10	trz1	inviable	E	5.82	0.975	0.687	1.051	3.687	7.824	6.773	2.883	2.141	48.57	0.997793	0.106	0.0181	-16.463	-17.634
SPAC1D4.11c	lkh1	viable	V	0.568	0.095	0.0	0.364	3.001	7.138	6.773	2.196	0.209	5.114	0.969862	0.037	0.064009	-26.917	-28.089
SPAC1D4.12	rad15	inviable	E	6.415	0.738	1.51	2.041	5.879	11.902	9.862	4.707	2.36	39.738	0.997287	0.118	0.020429	-15.338	-16.51
SPAC1D4.13	byr1	viable	V	0.186	0.031	-0.0	0.364	3.001	7.138	6.773	2.196	0.068	1.671	0.003914	0.112	0.432063	-15.863	-17.034
SPAC1D4.14	tho2	inviable	E	6.42	0.774	0.379	0.885	4.551	10.302	9.417	3.432	2.362	47.539	0.987093	0.262	0.041262	-7.394	-8.565
SPAC1F12.02c	tma19	viable	V	0.896	0.15	-0.0	0.364	3.001	7.138	6.773	2.196	0.33	8.063	0.893407	0.11	0.110226	-16.052	-17.224
SPAC1F12.05	any2	viable	V	-0.471	0.067	0.0	0.426	3.505	8.338	7.912	2.565	-0.173	-0.023	-0.071557	0.107	0.335739	-16.34	-17.512
SPAC1F12.06c	SPAC1F12.06c	viable	V	-0.032	-0.005	-0.0	0.364	3.001	7.137	6.773	2.196	-0.012	-0.284	0.037099	0.022	0.357887	-32.244	-33.416
SPAC1F12.08	cab4	inviable	E	6.131	0.899	2.426	2.842	5.853	10.578	7.736	4.934	2.255	38.136	0.996183	0.148	0.024837	-13.097	-14.268
SPAC1F12.09	gpi17	inviable	E	5.819	0.975	1.422	1.786	4.423	8.56	6.773	3.618	2.141	44.407	0.992159	0.206	0.034753	-9.795	-10.966
SPAC1F12.10c	SPAC1F12.10c	viable	V	0.569	0.095	-0.0	0.364	3.001	7.138	6.773	2.196	0.209	5.115	0.933335	0.053	0.090636	-23.285	-24.457
SPAC1F3.01	rrp6	viable	E	6.985	0.653	1.645	2.299	7.025	14.442	12.144	5.582	2.57	36.785	0.999248	0.061	0.010415	-21.95	-23.122
SPAC1F3.02c	mkh1	viable	Not_determined	6.663	1.116	9.442	9.807	12.443	16.58	6.773	11.638	2.451	5.664	0.997837	0.061	0.018023	-22.009	-23.18
SPAC1F3.03	sro7	viable	V	0.906	0.152	0.705	1.07	3.706	7.843	6.773	2.901	0.333	7.546	0.98949	0.037	0.042703	-26.997	-28.168
SPAC1F3.04c	tsr3	viable	Not_determined	8.045	0.587	1.776	2.613	8.665	18.162	15.549	6.818	2.959	34.153	0.954422	0.461	0.073207	-1.745	-2.917
SPAC1F3.05	gga21	viable	V	0.689	0.048	1.188	2.061	8.373	18.278	16.217	6.446	0.253	3.101	0.551903	0.174	0.239222	-11.492	-12.664
SPAC1F3.06c	spo15	viable	V	0.275	-0.019	0.0	0.903	7.435	17.685	16.782	5.441	0.101	0.028	0.004833	0.057	0.320159	-22.649	-23.821
SPAC1F3.07c	rsc58	viable	V	2.893	0.485	4.244	4.609	7.245	11.382	6.773	6.44	1.064	14.208	0.985779	0.129	0.048794	-14.448	-15.62
SPAC1F3.08c	SPAC1F3.08c	unknown	Not_determined	0.046	-0.007	0.0	0.375	3.086	7.34	6.966	2.258	0.017	0.002	-0.172788	0.089	0.399758	-18.175	-19.346
SPAC1F3.09	mug161	viable	V	0.042	0.003	0.0	0.945	7.782	18.51	17.565	5.695	0.015	0.208	0.329949	0.025	0.288111	-30.978	-32.15
SPAC1F3.10c	oct1	viable	V	5.301	0.827	4.867	5.258	8.089	12.53	7.272	7.224	1.95	21.957	0.996248	0.116	0.024467	-15.504	-16.676
SPAC1F5.02	pdi1	inviable	E	4.273	0.58	4.31	4.76	8.017	13.126	8.365	7.022	1.572	18.129	0.998424	0.059	0.015821	-22.295	-23.466
SPAC1F5.03c	SPAC1F5.03c	viable	V	0.281	0.018	-0.0	0.945	7.782	18.51	17.565	5.695	0.103	1.402	-0.130532	0.151	0.390335	-12.927	-14.098
SPAC1F5.04c	cdc12	inviable	E	6.464	0.96	2.805	3.216	6.191	10.858	7.642	5.283	2.378	38.148	0.999878	0.028	0.004513	-29.86	-31.032
SPAC1F5.06	lsh1	inviable	E	6.388	1.07	0.974	1.338	3.975	8.112	6.773	3.17	2.35	51.536	0.993715	0.199	0.030429	-10.157	-11.328
SPAC1F5.07c	hem14	viable	V	0.63	0.106	4.401	4.766	7.402	11.539	6.773	6.597	0.232	3.003	0.74315	0.152	0.20188	-12.851	-14.023
SPAC1F5.08c	yam8	viable	V	-0.185	0.017	0.0	0.663	5.455	12.976	12.313	3.992	-0.068	-0.014	-0.085979	0.095	0.347334	-17.521	-18.693
SPAC1F5.09c	shk2	viable	V	-0.001	0.0	0.0	0.364	3.001	7.137	6.773	2.196	-0.001	-0.0	-1.32681	0.109	0.536232	-16.177	-17.349
SPAC1F5.10	fal1	viable	V	6.593	0.603	1.213	1.881	6.713	14.296	12.415	5.238	2.425	36.496	0.996767	0.12	0.021126	-15.229	-16.401
SPAC1F5.11c	tra2	inviable	E	6.65	0.523	2.762	3.538	9.155	17.97	14.431	7.44	2.446	25.273	0.977738	0.263	0.053111	-7.358	-8.529
SPAC1F7.01c	spt6	viable	V	5.719	0.544	0.795	1.437	6.084	13.375	11.937	4.665	2.104	34.575	0.996603	0.109	0.021577	-16.181	-17.353
SPAC1F7.02c	has1	inviable	E	6.745	1.13	-0.0	0.364	3.001	7.138	6.773	2.196	2.481	60.673	0.970633	0.418	0.064695	-2.729	-3.901
SPAC1F7.03	pkd2	inviable	E	8.043	1.164	1.755	2.177	5.228	10.017	7.84	4.297	2.959	54.814	0.999974	0.016	0.00206	-35.4	-36.572
SPAC1F7.04	rho1	condition-dependent	V	7.051	1.181	0.235	0.6	3.236	7.373	6.773	2.431	2.594	61.877	0.949146	0.624	0.087077	1.28	0.108
SPAC1F7.05	cdc22	inviable	E	6.071	1.017	-0.0	0.364	3.001	7.138	6.773	2.196	2.233	54.608	0.975833	0.351	0.055457	-4.472	-5.643
SPAC1F7.08	fio1	viable	V	0.176	-0.012	-0.0	0.892	7.346	17.474	16.581	5.376	0.065	0.018	-0.124678	0.12	0.458069	-15.163	-16.335
SPAC1F7.09c	dal2	viable	V	0.566	0.048	2.183	2.901	8.091	16.235	13.335	6.506	0.208	2.54	0.959217	0.038	0.078764	-26.608	-27.78
SPAC1F7.10	SPAC1F7.10	viable	V	-0.014	0.002	-0.0	0.364	3.0	7.135	6.77	2.195	-0.005	-0.001	-0.947881	0.109	0.590558	-16.195	-17.367
SPAC1F7.11c	SPAC1F7.11c	viable	V	0.532	0.089	-0.0	0.364	3.001	7.138	6.773	2.196	0.196	4.788	0.699472	0.111	0.18648	-16.02	-17.192
SPAC1F7.12	yak3	viable	V	-0.218	0.03	0.0	0.446	3.675	8.741	8.295	2.689	-0.08	-0.011	-3.175138	0.072	0.697076	-20.242	-21.414
SPAC1F7.14c	dmo2	condition-dependent	Not_determined	0.823	0.061	2.046	2.866	8.799	18.11	15.244	6.988	0.303	3.395	0.978602	0.035	0.055717	-27.527	-28.698
SPAC1F8.01	ght3	viable	V	2.006	0.257	7.662	8.139	11.592	17.01	8.871	10.538	0.738	3.167	0.702761	0.227	0.18635	-8.829	-10.001
SPAC1F8.02c	shu1	viable	V	0.62	0.04	-0.0	0.945	7.782	18.51	17.565	5.695	0.228	3.098	0.955252	0.034	0.071844	-27.798	-28.97
SPAC1F8.03c	str3	viable	V	-0.001	0.0	0.0	0.364	2.999	7.132	6.768	2.194	-0.0	-0.0	-2.867027	0.134	0.68142	-14.132	-15.304
SPAC1F8.04c	hhy1	viable	V	0.024	-0.004	-0.0	0.365	3.005	7.147	6.782	2.199	0.009	0.001	-1.115451	0.087	0.504678	-18.383	-19.555
SPAC1F8.05	isp3	condition-dependent	V	-0.945	-0.158	-0.0	0.364	3.001	7.138	6.773	2.196	-0.348	-8.498	0.870421	0.119	0.134718	-15.279	-16.45
SPAC1F8.06	pfl8	viable	V	-0.249	0.016	0.0	0.945	7.782	18.51	17.565	5.695	-0.092	-0.027	-0.573804	0.048	0.457059	-24.273	-25.444
SPAC1F8.07c	pdc101	inviable	E	6.517	1.092	-0.0	0.364	3.001	7.138	6.773	2.196	2.398	58.629	0.937311	0.608	0.085362	1.032	-0.14
SPAC1F8.08	SPAC1F8.08	viable	V	0.021	-0.003	0.0	0.394	3.248	7.725	7.33	2.377	0.008	0.001	-2.590429	0.071	0.66455	-20.436	-21.607
SPAC20G4.01	caf16	viable	V	0.019	0.002	0.0	0.571	4.701	11.183	10.612	3.44	0.007	0.138	0.027341	0.043	0.338493	-25.547	-26.719
SPAC20G4.02c	fus1	viable	V	0.038	-0.006	0.0	0.364	2.999	7.133	6.769	2.194	0.014	0.002	-1.404306	0.051	0.618181	-23.699	-24.871
SPAC20G4.03c	hri1	viable	V	-0.058	-0.004	0.001	0.931	7.659	18.216	17.285	5.605	-0.021	-0.293	0.168495	0.087	0.320763	-18.427	-19.599
SPAC20G4.04c	hus1	viable	V	0.838	0.076	4.456	5.129	9.998	17.638	12.509	8.512	0.308	2.531	0.952579	0.05	0.084411	-24.014	-25.186
SPAC20G4.05c	fmp40	viable	V	-0.04	0.007	-0.0	0.364	2.999	7.132	6.768	2.194	-0.015	-0.002	-0.275683	0.093	0.428412	-17.709	-18.881
SPAC20G4.06c	adf1	inviable	E	6.345	1.063	-0.0	0.364	3.001	7.138	6.773	2.196	2.334	57.081	0.983413	0.309	0.050206	-5.743	-6.915
SPAC20G4.07c	erg4	viable	V	1.981	0.182	4.567	5.233	10.053	17.616	12.383	8.581	0.729	5.882	0.917073	0.155	0.103867	-12.672	-13.844
SPAC20G4.08	pdc1	viable	V	0.772	0.055	1.376	2.237	8.466	18.241	16.003	6.565	0.284	3.415	0.907882	0.068	0.117352	-20.873	-22.045
SPAC20G4.09	SPAC20G4.09	unknown	Not_determined	-0.014	0.002	-0.0	0.364	3.0	7.135	6.771	2.195	-0.005	-0.001	-1.933555	0.077	0.649283	-19.69	-20.861
SPAC20G8.01	cdc17	inviable	E	6.367	0.861	-0.0	0.451	3.717	8.841	8.39	2.72	2.342	52.299	0.979846	0.327	0.052203	-5.184	-6.356
SPAC20G8.02	SPAC20G8.02	viable	V	-1.0	-0.168	7.415	7.779	10.416	14.553	6.773	9.611	-0.368	-2.158	0.686977	0.292	0.215012	-6.296	-7.467
SPAC20G8.03	itr2	inviable	E	6.11	0.923	0.572	0.976	3.901	8.49	7.514	3.008	2.248	49.476	0.99483	0.167	0.027011	-11.918	-13.09
SPAC20G8.04c	cir2	viable	V	-0.041	0.003	-0.0	0.794	6.539	15.554	14.76	4.785	-0.015	-0.004	-0.566296	0.112	0.512729	-15.913	-17.084
SPAC20G8.05c	cdc15	condition-dependent	E	5.941	0.857	2.307	2.731	5.794	10.6	7.869	4.859	2.185	37.279	0.999899	0.023	0.004056	-31.727	-32.899
SPAC20G8.06	not1	inviable	E	6.154	0.608	1.447	2.066	6.539	13.557	11.491	5.173	2.264	34.763	0.998528	0.078	0.014501	-19.477	-20.648
SPAC20G8.07c	erg2	viable	V	5.14	0.697	1.57	2.02	5.277	10.388	8.367	4.283	1.891	34.736	0.999859	0.023	0.004685	-31.72	-32.892
SPAC20G8.08c	fft1	viable	V	-0.008	0.001	-0.0	0.364	3.001	7.138	6.773	2.196	-0.003	-0.0	-1.067656	0.093	0.542013	-17.786	-18.957
SPAC20G8.09c	nat10	condition-dependent	V	6.004	1.006	0.257	0.621	3.258	7.395	6.773	2.453	2.209	52.568	0.994276	0.172	0.028994	-11.598	-12.77
SPAC20G8.10c	atg6	viable	V	-0.003	0.0	0.0	0.364	3.001	7.138	6.773	2.196	-0.001	-0.0	-0.302473	0.149	0.423302	-13.066	-14.238
SPAC20H4.01	utp5	inviable	E	6.546	0.88	0.473	0.927	4.212	9.366	8.439	3.209	2.408	50.776	0.994345	0.182	0.027954	-11.054	-12.226
SPAC20H4.02	dsc3	viable	V	0.318	-0.021	-0.0	0.945	7.782	18.51	17.565	5.695	0.117	0.034	-0.24042	0.135	0.40719	-14.011	-15.183
SPAC20H4.03c	tfs1	viable	V	0.292	0.049	0.562	0.927	3.563	7.7	6.773	2.758	0.107	2.47	0.488939	0.132	0.308316	-14.229	-15.401
SPAC20H4.04	fml2	viable	V	-0.269	0.042	0.0	0.389	3.207	7.628	7.238	2.347	-0.099	-0.012	-0.031341	0.124	0.354707	-14.891	-16.063
SPAC20H4.05c	mde1	viable	V	-0.172	-0.029	-0.0	0.364	3.001	7.138	6.773	2.196	-0.063	-1.551	-0.186063	0.129	0.47427	-14.516	-15.688
SPAC20H4.06c	gpl1	viable	V	0.192	0.032	-0.0	0.364	3.001	7.138	6.773	2.196	0.071	1.731	-0.272641	0.15	0.386445	-12.975	-14.147
SPAC20H4.07	rad57	viable	V	4.476	0.362	2.379	3.134	8.595	17.165	14.031	6.928	1.647	18.652	0.999721	0.021	0.006318	-32.587	-33.758
SPAC20H4.08	whi2	viable	V	0.11	-0.007	0.0	0.945	7.782	18.51	17.565	5.695	0.04	0.012	-0.166157	0.035	0.385532	-27.611	-28.782
SPAC20H4.09	gih35	viable	V	0.321	0.054	-0.0	0.364	3.001	7.138	6.773	2.196	0.118	2.887	-0.323577	0.287	0.403374	-6.49	-7.661
SPAC20H4.10	ufd2	viable	V	1.065	0.178	3.666	4.031	6.667	10.804	6.773	5.862	0.392	5.81	0.894907	0.136	0.129981	-13.944	-15.116
SPAC20H4.11c	rho5	viable	V	0.01	-0.002	0.0	0.364	3.001	7.138	6.773	2.196	0.004	0.0	-0.65741	0.099	0.486509	-17.15	-18.322
SPAC212.04c	SPAC212.04c	viable	V	0.584	0.098	-0.0	0.364	3.001	7.138	6.773	2.196	0.215	5.251	-0.234824	0.611	0.492202	1.079	-0.093
SPAC212.08c	SPAC212.08c	viable	V	1.877	0.315	3.201	3.566	6.202	10.339	6.773	5.397	0.691	11.08	0.787294	0.375	0.171047	-3.81	-4.982
SPAC212.12	SPAC212.12	unknown	Not_determined	-0.216	0.014	0.0	0.913	7.521	17.888	16.975	5.504	-0.079	-0.022	-0.056439	0.285	0.381565	-6.538	-7.71
SPAC21E11.04	aca1	viable	V	-0.159	-0.027	-0.0	0.364	3.001	7.138	6.773	2.196	-0.058	-1.429	0.262781	0.06	0.282542	-22.057	-23.229
SPAC21E11.05c	cyp8	viable	V	0.106	0.007	0.0	0.945	7.782	18.51	17.565	5.695	0.039	0.529	0.21692	0.051	0.333142	-23.7	-24.872
SPAC21E11.06	tif224	inviable	E	6.556	1.098	-0.0	0.364	3.001	7.138	6.773	2.196	2.412	58.977	0.923366	0.645	0.098785	1.617	0.446
SPAC21E11.07	iba57	inviable	E	4.704	0.385	3.269	4.015	9.408	17.87	13.855	7.761	1.731	16.781	0.986428	0.15	0.04375	-12.973	-14.144
SPAC21E11.08	lcb2	inviable	E	6.614	0.904	-0.0	0.447	3.679	8.75	8.303	2.692	2.433	54.596	0.974381	0.386	0.060701	-3.527	-4.699
SPAC222.03c	tim10	inviable	E	7.44	0.639	3.376	4.087	9.229	17.298	13.212	7.659	2.737	27.02	0.999199	0.058	0.010873	-22.42	-23.592
SPAC222.04c	ies6	condition-dependent	V	4.187	0.4	5.005	5.645	10.271	17.53	11.886	8.859	1.54	11.586	0.97139	0.178	0.061182	-11.258	-12.429
SPAC222.05c	mss1	viable	V	0.315	0.053	0.0	0.364	3.001	7.138	6.773	2.196	0.116	2.836	0.914198	0.036	0.106859	-27.121	-28.293
SPAC222.06	mak16	inviable	E	6.198	0.86	-0.0	0.44	3.623	8.616	8.177	2.651	2.28	51.531	0.975186	0.357	0.055564	-4.302	-5.473
SPAC222.07c	hri2	viable	V	0.006	-0.001	0.0	0.364	3.001	7.138	6.773	2.196	0.002	0.0	-1.083612	0.075	0.494455	-19.882	-21.053
SPAC222.08c	sno1	viable	V	3.713	0.282	2.307	3.111	8.929	18.059	14.947	7.153	1.366	14.878	0.998936	0.033	0.012142	-28.23	-29.402
SPAC222.09	seb1	inviable	E	6.281	0.971	0.47	0.865	3.723	8.208	7.343	2.85	2.311	51.985	0.993083	0.198	0.030983	-10.183	-11.355
SPAC222.10c	byr4	inviable	E	6.426	0.979	0.53	0.931	3.829	8.376	7.445	2.944	2.364	52.498	0.997537	0.121	0.018908	-15.147	-16.318
SPAC222.11	hem13	inviable	E	6.806	0.663	2.958	3.585	8.122	15.242	11.657	6.737	2.504	29.565	0.999888	0.022	0.004103	-31.985	-33.156
SPAC222.12c	atp2	viable	V	2.616	0.191	1.303	2.139	8.187	17.677	15.537	6.341	0.963	11.992	0.989916	0.073	0.036597	-20.181	-21.353
SPAC222.13c	SPAC222.13c	viable	V	-0.026	0.004	0.0	0.364	3.001	7.137	6.773	2.196	-0.01	-0.001	-0.008095	0.054	0.345135	-23.153	-24.325
SPAC222.14c	sey1	viable	V	1.374	0.089	0.0	0.945	7.782	18.51	17.565	5.695	0.506	6.87	0.84545	0.153	0.13553	-12.763	-13.935
SPAC222.15	meu13	viable	V	0.183	0.031	-0.0	0.364	3.001	7.138	6.773	2.196	0.067	1.643	0.388372	0.058	0.262165	-22.484	-23.655
SPAC222.16c	csn3	viable	V	-0.023	0.004	0.0	0.364	3.001	7.138	6.773	2.196	-0.009	-0.001	-0.831579	0.074	0.483109	-20.048	-21.22
SPAC222.17	SPAC222.17	viable	Not_determined	-0.096	0.016	0.0	0.364	3.001	7.138	6.773	2.196	-0.035	-0.004	-0.267367	0.072	0.487527	-20.357	-21.529
SPAC227.01c	erd1	viable	V	5.019	0.475	3.502	4.147	8.81	16.126	11.98	7.386	1.846	19.23	0.998423	0.06	0.015517	-22.167	-23.338
SPAC227.05	pfd4	viable	V	2.268	0.224	3.71	4.328	8.8	15.818	11.491	7.435	0.834	8.611	0.99402	0.054	0.029679	-23.114	-24.285
SPAC227.08c	yth1	inviable	E	6.671	0.963	2.149	2.572	5.632	10.435	7.863	4.698	2.454	42.888	0.996498	0.151	0.024321	-12.879	-14.05
SPAC227.09	fol3	inviable	E	6.407	0.548	1.691	2.405	7.568	15.668	13.263	5.992	2.357	31.343	0.99833	0.079	0.01541	-19.396	-20.567
SPAC227.10	pfd2	viable	V	-0.046	0.003	0.0	0.923	7.603	18.084	17.161	5.564	-0.017	-0.005	-1.906228	0.132	0.610209	-14.218	-15.39
SPAC227.11c	yos9	viable	V	0.082	0.014	0.0	0.364	3.001	7.137	6.773	2.196	0.03	0.736	-0.194396	0.074	0.454183	-20.094	-21.266
SPAC227.12	rna4	inviable	E	5.87	0.983	1.297	1.662	4.298	8.435	6.773	3.493	2.159	45.508	0.988473	0.25	0.042688	-7.848	-9.02
SPAC227.13c	isu1	viable	V	5.77	0.967	-0.0	0.364	3.001	7.138	6.773	2.196	2.122	51.9	0.98595	0.255	0.046244	-7.678	-8.85
SPAC227.14	yfh7	viable	V	-0.072	-0.011	0.0	0.392	3.231	7.684	7.292	2.364	-0.026	-0.629	0.522496	0.024	0.226877	-31.183	-32.354
SPAC227.15	reg1	viable	V	-0.034	0.002	0.0	0.932	7.675	18.257	17.324	5.617	-0.013	-0.004	-2.769276	0.116	0.641667	-15.529	-16.701
SPAC227.16c	psf3	inviable	E	6.192	0.733	0.234	0.75	4.479	10.332	9.582	3.341	2.278	46.213	0.991577	0.201	0.033539	-10.026	-11.198
SPAC227.17c	SPAC227.17c	viable	V	1.382	0.198	2.95	3.375	6.452	11.28	7.905	5.513	0.508	7.814	0.988459	0.059	0.042402	-22.312	-23.484
SPAC227.18	lys3	viable	V	-0.919	0.059	-0.0	0.945	7.782	18.51	17.565	5.695	-0.338	-0.098	-0.34029	0.118	0.404859	-15.352	-16.524
SPAC227.19c	pig25	unknown	Not_determined	5.948	0.996	1.099	1.464	4.1	8.237	6.773	3.295	2.188	47.265	0.993591	0.189	0.032306	-10.647	-11.819
SPAC22A12.01c	pso2	viable	V	1.728	0.289	3.837	4.202	6.838	10.975	6.773	6.033	0.636	9.147	0.816594	0.336	0.1688	-4.914	-6.086
SPAC22A12.02c	mug103	viable	V	0.124	-0.008	0.0	0.932	7.671	18.247	17.315	5.614	0.046	0.013	-0.065863	0.057	0.331287	-22.65	-23.822
SPAC22A12.03c	csn4	viable	V	-0.388	0.026	0.0	0.912	7.513	17.87	16.957	5.498	-0.143	-0.04	0.023341	0.088	0.369484	-18.311	-19.483
SPAC22A12.04c	rps2201	viable	V	6.335	0.46	0.92	1.762	7.851	17.406	15.645	5.992	2.331	30.61	0.990964	0.167	0.034087	-11.917	-13.088
SPAC22A12.06c	fsh2	viable	V	0.782	-0.052	0.0	0.92	7.571	18.008	17.088	5.54	0.288	0.081	-0.080107	0.091	0.386095	-17.956	-19.128
SPAC22A12.07c	ogm1	viable	V	0.166	0.028	-0.0	0.364	3.001	7.138	6.773	2.196	0.061	1.494	-0.242523	0.127	0.38901	-14.619	-15.791
SPAC22A12.08c	crd1	inviable	E	6.483	0.658	5.212	5.813	10.163	16.988	11.175	8.835	2.385	17.936	0.999956	0.012	0.002576	-38.578	-39.75
SPAC22A12.09c	sap114	inviable	E	6.318	1.058	0.33	0.694	3.331	7.468	6.773	2.526	2.324	54.879	0.994081	0.186	0.030159	-10.817	-11.989
SPAC22A12.10	ept1	viable	V	0.859	0.056	0.009	0.954	7.787	18.508	17.555	5.701	0.316	4.29	0.974051	0.038	0.056572	-26.608	-27.78
SPAC22A12.11	dak1	viable	V	0.052	-0.006	0.0	0.564	4.642	11.042	10.478	3.397	0.019	0.003	-0.397962	0.066	0.459441	-21.157	-22.329
SPAC22A12.12c	rrp40	inviable	E	6.406	1.073	1.614	1.979	4.615	8.752	6.773	3.81	2.357	47.685	0.998487	0.1	0.015722	-17.044	-18.216
SPAC22A12.14c	SPAC22A12.14c	viable	V	-0.001	0.0	0.0	0.404	3.324	7.907	7.503	2.433	-0.0	-0.0	-0.007355	0.054	0.351789	-23.22	-24.392
SPAC22A12.15c	bip1	inviable	E	6.877	0.89	-0.0	0.472	3.886	9.243	8.771	2.844	2.53	55.271	0.98493	0.303	0.044847	-5.93	-7.102
SPAC22A12.16	acl2	viable	V	0.313	0.02	-0.0	0.945	7.782	18.51	17.565	5.695	0.115	1.565	0.786836	0.049	0.163672	-24.205	-25.377
SPAC22A12.17c	SPAC22A12.17c	viable	V	-0.526	0.081	0.0	0.397	3.272	7.783	7.386	2.394	-0.194	-0.024	-0.11079	0.087	0.36372	-18.427	-19.598
SPAC22E12.01	pet3	viable	V	0.059	-0.01	0.0	0.375	3.091	7.352	6.977	2.262	0.022	0.002	-0.635293	0.152	0.460903	-12.832	-14.004
SPAC22E12.02	SPAC22E12.02	inviable	E	6.59	0.996	2.49	2.894	5.817	10.404	7.511	4.925	2.424	41.239	0.999763	0.04	0.006312	-26.303	-27.475
SPAC22E12.03c	sdj1	viable	V	-0.687	0.11	0.0	0.381	3.133	7.452	7.071	2.293	-0.253	-0.03	-0.302294	0.2	0.400559	-10.1	-11.272
SPAC22E12.04	ccs1	viable	V	3.436	0.242	1.259	2.127	8.408	18.264	16.137	6.49	1.264	15.371	0.985299	0.112	0.043106	-15.905	-17.077
SPAC22E12.06c	gmh3	viable	V	0.366	0.061	-0.0	0.364	3.001	7.138	6.773	2.196	0.135	3.296	-0.252688	0.697	0.388546	2.391	1.219
SPAC22E12.08	rrn10	inviable	E	5.159	0.864	2.294	2.658	5.294	9.431	6.773	4.49	1.898	34.977	0.997505	0.104	0.021177	-16.664	-17.836
SPAC22E12.09c	krp1	inviable	E	6.784	0.622	2.548	3.214	8.034	15.596	12.382	6.563	2.496	30.294	0.999671	0.038	0.006981	-26.811	-27.983
SPAC22E12.10c	etp1	inviable	E	6.373	0.885	3.022	3.462	6.642	11.632	8.17	5.671	2.345	34.919	0.998825	0.081	0.013908	-19.082	-20.254
SPAC22E12.11c	set3	viable	V	0.625	0.044	1.264	2.132	8.411	18.263	16.131	6.494	0.23	2.796	0.754165	0.102	0.170861	-16.827	-17.999
SPAC22E12.13c	rlp24	inviable	E	6.065	1.016	0.055	0.42	3.056	7.193	6.773	2.251	2.231	54.244	0.977629	0.345	0.056205	-4.639	-5.811
SPAC22E12.14c	sck2	viable	V	-0.704	0.101	0.0	0.425	3.496	8.316	7.892	2.559	-0.259	-0.034	-0.172071	0.194	0.393521	-10.419	-11.591
SPAC22E12.16c	pik1	inviable	E	6.324	1.059	0.173	0.537	3.174	7.311	6.773	2.369	2.326	55.869	0.980528	0.336	0.050627	-4.908	-6.079
SPAC22E12.17c	glo3	inviable	E	6.596	1.105	-0.0	0.364	3.001	7.138	6.773	2.196	2.427	59.337	0.951267	0.537	0.078495	-0.211	-1.382
SPAC22E12.18	SPAC22E12.18	viable	V	4.632	0.369	0.154	0.92	6.461	15.157	14.237	4.769	1.704	26.862	0.985039	0.169	0.043216	-11.778	-12.949
SPAC22E12.19	snt1	viable	V	0.577	0.057	-0.0	0.615	5.066	12.051	11.435	3.708	0.212	3.986	0.745872	0.097	0.185261	-17.323	-18.494
SPAC22F3.03c	rdh54	viable	V	-0.03	-0.005	-0.0	0.364	3.001	7.138	6.773	2.196	-0.011	-0.266	-0.073797	0.048	0.34712	-24.386	-25.558
SPAC22F3.04	mug62	viable	V	0.179	-0.012	-0.0	0.945	7.782	18.51	17.565	5.695	0.066	0.019	-0.525257	0.029	0.437628	-29.445	-30.617
SPAC22F3.05c	alp41	inviable	E	7.409	0.762	1.95	2.544	6.838	13.577	11.033	5.527	2.726	39.835	0.999745	0.04	0.006166	-26.308	-27.479
SPAC22F3.06c	lon1	viable	V	0.743	0.124	-0.0	0.364	3.001	7.138	6.773	2.196	0.273	6.679	-0.13321	0.735	0.447123	2.916	1.744
SPAC22F3.07c	atp20	viable	V	0.409	0.026	0.0	0.946	7.782	18.51	17.564	5.695	0.15	2.044	0.665469	0.093	0.204447	-17.727	-18.899
SPAC22F3.08c	rok1	viable	V	3.239	0.271	0.956	1.687	6.975	15.272	13.585	5.36	1.191	17.406	0.993568	0.079	0.029805	-19.415	-20.587
SPAC22F3.09c	res2	viable	V	0.99	0.064	0.0	0.945	7.782	18.51	17.565	5.695	0.364	4.946	0.965437	0.049	0.063772	-24.112	-25.284
SPAC22F3.10c	gcs1	condition-dependent	V	2.138	0.252	0.571	1.088	4.832	10.706	9.617	3.689	0.787	15.279	0.996638	0.044	0.021707	-25.152	-26.324
SPAC22F3.11c	snu23	viable	V	6.122	1.026	0.604	0.969	3.605	7.742	6.773	2.8	2.252	51.576	0.997583	0.116	0.018875	-15.536	-16.708
SPAC22F3.12c	rgs1	viable	V	0.192	0.032	0.0	0.364	3.001	7.138	6.773	2.196	0.071	1.728	0.602213	0.05	0.219188	-24.05	-25.222
SPAC22F3.13	tsc1	viable	V	1.501	0.211	0.757	1.192	4.339	9.278	8.086	3.378	0.552	11.488	0.970241	0.099	0.065453	-17.156	-18.328
SPAC22F3.15	aim41	unknown	Not_determined	-0.495	0.07	-0.0	0.429	3.532	8.402	7.973	2.585	-0.182	-0.024	-0.408325	0.068	0.438282	-20.828	-22.0
SPAC22F8.02c	pvg5	viable	V	-0.109	-0.018	0.0	0.364	3.001	7.138	6.773	2.196	-0.04	-0.982	0.089575	0.058	0.412441	-22.447	-23.618
SPAC22F8.03c	SPAC22F8.03c	viable	V	-0.017	0.003	0.0	0.364	3.001	7.138	6.773	2.196	-0.006	-0.001	-0.250274	0.104	0.414867	-16.661	-17.833
SPAC22F8.04	pet1	viable	V	-0.241	-0.04	-0.0	0.364	3.001	7.138	6.773	2.196	-0.089	-2.168	-0.021465	0.14	0.43996	-13.636	-14.808
SPAC22F8.05	SPAC22F8.05	viable	V	-0.004	0.001	-0.0	0.364	3.001	7.138	6.773	2.196	-0.002	-0.0	-2.447485	0.09	0.617809	-18.057	-19.229
SPAC22F8.06	pam1	inviable	E	6.39	0.96	0.891	1.297	4.237	8.849	7.552	3.339	2.351	49.685	0.999324	0.063	0.010124	-21.572	-22.744
SPAC22F8.07c	rtf1	viable	V	0.152	0.019	0.001	0.501	4.12	9.8	9.299	3.015	0.056	1.183	-0.463143	0.082	0.510371	-18.99	-20.161
SPAC22F8.08	sec24	inviable	E	7.067	1.184	-0.0	0.364	3.001	7.138	6.773	2.196	2.6	63.575	0.955483	0.539	0.079402	-0.172	-1.344
SPAC22F8.09	rrp16	viable	V	0.639	0.061	0.0	0.643	5.292	12.588	11.946	3.873	0.235	4.288	0.873959	0.074	0.131685	-20.0	-21.172
SPAC22F8.10c	sap145	inviable	E	5.303	0.865	0.279	0.654	3.361	7.608	6.955	2.534	1.951	45.847	0.975789	0.315	0.055913	-5.537	-6.709
SPAC22F8.11	plc1	condition-dependent	V	6.933	0.771	1.14	1.69	5.663	11.899	10.209	4.45	2.55	44.302	0.9978	0.114	0.01806	-15.738	-16.91
SPAC22F8.12c	shf1	viable	V	0.51	0.042	0.0	0.742	6.105	14.522	13.78	4.468	0.188	3.095	0.979226	0.024	0.056146	-31.168	-32.34
SPAC22G7.01c	fra1	viable	V	-0.273	0.041	-0.0	0.408	3.359	7.989	7.581	2.458	-0.1	-0.013	-1.648249	0.104	0.625403	-16.651	-17.823
SPAC22G7.02	kap111	condition-dependent	V	0.132	-0.014	0.0	0.573	4.715	11.215	10.642	3.45	0.049	0.009	-1.225024	0.094	0.634611	-17.653	-18.825
SPAC22G7.03	SPAC22G7.03	viable	V	-0.304	0.045	-0.0	0.414	3.409	8.107	7.693	2.494	-0.112	-0.014	-1.034809	0.096	0.560174	-17.456	-18.628
SPAC22G7.04	pan2	viable	V	1.534	0.106	1.026	1.909	8.292	18.309	16.401	6.343	0.564	7.017	0.917359	0.121	0.096252	-15.081	-16.253
SPAC22G7.05	kri1	viable	V	6.498	0.976	0.493	0.9	3.84	8.454	7.554	2.942	2.391	52.976	0.994574	0.181	0.027558	-11.103	-12.275
SPAC22G7.06c	ura1	viable	V	1.881	0.315	-0.0	0.364	3.001	7.138	6.773	2.196	0.692	16.925	0.921459	0.198	0.099643	-10.17	-11.342
SPAC22G7.07c	ime4	viable	V	-0.036	0.002	0.0	0.897	7.385	17.566	16.669	5.404	-0.013	-0.004	-0.221216	0.057	0.417851	-22.604	-23.776
SPAC22G7.08	ppk8	viable	V	0.392	0.025	0.0	0.945	7.782	18.51	17.565	5.695	0.144	1.961	0.650986	0.085	0.216431	-18.695	-19.867
SPAC22G7.09c	nup45	inviable	E	5.807	0.841	0.897	1.319	4.369	9.156	7.837	3.438	2.136	44.343	0.999226	0.061	0.01085	-21.93	-23.102
SPAC22G7.10	iss1	inviable	E	6.23	0.801	0.769	1.244	4.68	10.071	8.828	3.631	2.292	45.522	0.996597	0.134	0.021995	-14.126	-15.298
SPAC22H10.03c	kap114	viable	V	1.626	0.204	7.51	7.997	11.517	17.04	9.043	10.442	0.598	2.674	0.959272	0.074	0.07372	-20.055	-21.227
SPAC22H10.04	ppa3	viable	V	0.849	0.142	9.038	9.403	12.039	16.176	6.773	11.234	0.312	0.906	0.633338	0.155	0.198065	-12.663	-13.835
SPAC22H10.05c	SPAC22H10.05c	inviable	E	6.533	1.092	0.92	1.285	3.928	8.075	6.79	3.121	2.403	52.996	0.987953	0.282	0.041559	-6.67	-7.841
SPAC22H10.06c	SPAC22H10.06c	unknown	Not_determined	-0.553	0.066	0.0	0.513	4.227	10.054	9.54	3.093	-0.204	-0.032	-0.037564	0.078	0.352497	-19.568	-20.74
SPAC22H10.07	scd2	viable	V	0.577	0.037	0.0	0.945	7.782	18.51	17.565	5.695	0.212	2.883	0.830704	0.071	0.14636	-20.515	-21.687
SPAC22H10.08	SPAC22H10.08	viable	V	0.623	-0.042	0.0	0.909	7.483	17.798	16.889	5.476	0.229	0.064	-0.1017	0.076	0.381478	-19.782	-20.953
SPAC22H10.09	cbp8	viable	V	0.358	0.039	0.001	0.561	4.613	10.971	10.41	3.376	0.132	2.621	0.957099	0.03	0.08425	-28.984	-30.156
SPAC22H10.10	alp21	inviable	E	6.588	0.994	1.043	1.448	4.375	8.97	7.522	3.482	2.423	50.354	0.999538	0.054	0.008413	-23.119	-24.29
SPAC22H10.11c	crf1	viable	V	3.351	0.429	0.192	0.67	4.122	9.539	8.869	3.068	1.233	26.194	0.988896	0.128	0.03827	-14.562	-15.734
SPAC22H10.12c	gdi1	inviable	E	6.132	1.027	0.04	0.404	3.04	7.177	6.773	2.236	2.256	54.935	0.992601	0.198	0.032636	-10.201	-11.373
SPAC22H12.01c	mug35	viable	V	0.042	0.007	0.0	0.364	3.001	7.138	6.773	2.196	0.015	0.377	-0.023167	0.066	0.339892	-21.139	-22.311
SPAC22H12.02	tfg3	viable	V	0.99	0.099	4.101	4.71	9.117	16.032	11.322	7.772	0.364	3.507	0.989545	0.032	0.038883	-28.481	-29.653
SPAC22H12.03	pah2	viable	V	-0.039	0.003	0.0	0.933	7.682	18.273	17.34	5.622	-0.014	-0.004	-0.905796	0.056	0.501974	-22.874	-24.046
SPAC22H12.04c	rps102	viable	V	6.613	0.807	0.045	0.545	4.163	9.841	9.296	3.059	2.433	51.315	0.983171	0.306	0.046325	-5.842	-7.014
SPAC22H12.05c	fsc1	viable	V	0.29	0.049	0.0	0.364	3.001	7.138	6.773	2.196	0.107	2.611	0.699981	0.064	0.17937	-21.427	-22.599
SPAC23A1.02c	ted1	viable	V	0.093	-0.007	0.0	0.867	7.135	16.971	16.104	5.221	0.034	0.009	-0.230349	0.106	0.401658	-16.478	-17.649
SPAC23A1.03	apt1	viable	V	1.515	0.099	0.241	1.172	7.902	18.463	17.291	5.847	0.557	7.423	0.912839	0.122	0.112015	-15.02	-16.192
SPAC23A1.04c	mnl1	viable	V	-0.155	0.02	0.0	0.481	3.96	9.42	8.939	2.898	-0.057	-0.008	-0.906275	0.113	0.497417	-15.811	-16.983
SPAC23A1.05	tsc3	inviable	E	5.463	0.915	0.574	0.939	3.575	7.712	6.773	2.77	2.01	46.18	0.993125	0.175	0.031816	-11.411	-12.582
SPAC23A1.06c	cmk2	viable	V	-0.017	0.001	0.0	0.902	7.426	17.664	16.762	5.434	-0.006	-0.002	-0.512735	0.063	0.4558	-21.662	-22.834
SPAC23A1.07	rnf170	viable	V	0.046	0.008	0.0	0.369	3.041	7.232	6.863	2.225	0.017	0.408	0.011258	0.142	0.329913	-13.506	-14.677
SPAC23A1.08c	rpl3401	inviable	E	6.236	1.045	-0.0	0.364	3.001	7.138	6.773	2.196	2.294	56.099	0.954464	0.477	0.080769	-1.407	-2.579
SPAC23A1.10	tef102	viable	Not_determined	-0.025	-0.003	0.0	0.433	3.564	8.478	8.045	2.608	-0.009	-0.207	-0.011412	0.098	0.3501	-17.225	-18.397
SPAC23A1.12c	frs1	inviable	E	6.77	1.134	-0.0	0.364	3.001	7.138	6.773	2.196	2.49	60.898	0.939403	0.635	0.095343	1.466	0.294
SPAC23A1.14c	SPAC23A1.14c	viable	V	-0.009	0.002	0.0	0.364	2.999	7.134	6.769	2.195	-0.003	-0.0	-0.013168	0.126	0.36299	-14.689	-15.861
SPAC23A1.15c	sec20	viable	V	6.281	1.052	0.191	0.556	3.192	7.329	6.773	2.387	2.311	55.38	0.993277	0.194	0.031012	-10.375	-11.546
SPAC23A1.17	bbc1	viable	V	0.176	0.025	0.0	0.439	3.612	8.591	8.152	2.643	0.065	1.469	0.952291	0.015	0.082662	-35.858	-37.03
SPAC23A1.18c	mrp51	inviable	E	6.804	0.917	5.52	5.973	9.251	14.396	8.423	8.251	2.503	21.799	0.999882	0.024	0.004303	-31.34	-32.511
SPAC23A1.19c	hrq1	condition-dependent	E	0.688	0.044	0.0	0.945	7.782	18.51	17.565	5.695	0.253	3.441	0.813473	0.094	0.154404	-17.592	-18.764
SPAC23A1.20	new11	unknown	Not_determined	-0.007	0.001	0.0	0.364	3.001	7.138	6.773	2.196	-0.003	-0.0	-1.662448	0.113	0.641389	-15.814	-16.986
SPAC23C11.01	ice2	viable	V	-0.008	0.001	-0.0	0.364	3.001	7.138	6.773	2.196	-0.003	-0.0	-2.254935	0.101	0.651113	-16.934	-18.106
SPAC23C11.03	mpp10	inviable	E	6.534	1.095	0.216	0.58	3.217	7.354	6.773	2.412	2.404	57.462	0.994826	0.178	0.02707	-11.268	-12.44
SPAC23C11.04c	pnk1	viable	V	0.659	0.11	-0.0	0.364	3.001	7.138	6.773	2.196	0.242	5.927	0.814944	0.108	0.14297	-16.288	-17.46
SPAC23C11.05	ipp1	inviable	E	6.68	1.119	0.701	1.066	3.702	7.839	6.773	2.897	2.457	55.652	0.993198	0.215	0.033539	-9.355	-10.527
SPAC23C11.06c	SPAC23C11.06c	viable	V	0.148	-0.021	0.0	0.422	3.478	8.273	7.85	2.545	0.054	0.007	-0.237758	0.091	0.401172	-17.918	-19.089
SPAC23C11.07	SPAC23C11.07	viable	V	-0.117	0.008	0.0	0.942	7.758	18.454	17.512	5.677	-0.043	-0.012	-0.198724	0.143	0.414722	-13.444	-14.615
SPAC23C11.08	php3	viable	V	1.572	0.263	1.027	1.391	4.028	8.165	6.773	3.223	0.578	12.599	0.970646	0.11	0.073137	-16.1	-17.271
SPAC23C11.09	ala1	inviable	E	6.597	1.105	-0.0	0.364	3.001	7.138	6.773	2.196	2.427	59.339	0.988232	0.266	0.042125	-7.236	-8.407
SPAC23C11.10	mpn1	viable	V	0.579	0.097	-0.0	0.364	3.001	7.138	6.773	2.196	0.213	5.207	0.441416	0.233	0.283638	-8.585	-9.757
SPAC23C11.11	cka1	inviable	E	8.946	0.746	3.492	4.224	9.519	17.827	13.603	7.902	3.291	30.993	0.984658	0.291	0.045849	-6.339	-7.511
SPAC23C11.13c	hpt1	viable	V	4.52	0.674	-0.0	0.409	3.371	8.017	7.608	2.467	1.663	38.813	0.958576	0.341	0.070276	-4.766	-5.937
SPAC23C11.14	zhf1	viable	V	0.803	0.052	0.0	0.945	7.782	18.51	17.565	5.695	0.296	4.016	0.880311	0.081	0.115298	-19.141	-20.312
SPAC23C11.15	pst2	condition-dependent	V	2.896	0.2	0.83	1.713	8.102	18.127	16.414	6.152	1.066	13.63	0.992837	0.066	0.030366	-21.238	-22.41
SPAC23C11.16	plo1	condition-dependent	E	6.14	0.806	0.475	0.94	4.304	9.581	8.641	3.277	2.259	47.044	0.99635	0.136	0.022712	-13.961	-15.133
SPAC23C11.17	mdm38	inviable	E	6.559	1.099	0.498	0.862	3.498	7.635	6.773	2.694	2.413	55.929	0.99783	0.117	0.018294	-15.441	-16.613
SPAC23C4.02	crn1	viable	V	-0.01	0.001	0.0	0.849	6.994	16.636	15.786	5.118	-0.004	-0.001	-0.806412	0.053	0.479449	-23.424	-24.596
SPAC23C4.03	hrk1	viable	V	0.001	-0.0	0.0	0.365	3.001	7.139	6.774	2.196	0.0	0.0	-1.987145	0.057	0.625157	-22.666	-23.838
SPAC23C4.05c	les1	viable	V	-0.049	0.003	0.0	0.945	7.778	18.502	17.557	5.692	-0.018	-0.005	-0.407759	0.096	0.458342	-17.408	-18.58
SPAC23C4.06c	efm6	viable	V	-0.113	-0.009	0.0	0.803	6.607	15.716	14.914	4.835	-0.041	-0.642	0.894204	0.01	0.126435	-39.691	-40.862
SPAC23C4.07	tht2	viable	V	-0.376	0.054	-0.0	0.424	3.493	8.308	7.884	2.556	-0.138	-0.018	-1.353315	0.091	0.586303	-17.982	-19.154
SPAC23C4.08	rho3	condition-dependent	V	0.727	0.047	0.0	0.945	7.782	18.51	17.565	5.695	0.268	3.635	0.902597	0.065	0.110277	-21.375	-22.547
SPAC23C4.09c	SPAC23C4.09c	viable	V	-0.061	0.004	0.0	0.92	7.573	18.012	17.093	5.542	-0.022	-0.006	-0.182155	0.197	0.432056	-10.267	-11.438
SPAC23C4.10	sec2	inviable	E	5.999	1.005	0.198	0.562	3.199	7.336	6.773	2.394	2.207	52.859	0.994547	0.168	0.028932	-11.839	-13.011
SPAC23C4.11	atp18	viable	V	1.611	0.184	0.438	0.973	4.842	10.912	9.939	3.661	0.593	11.484	0.981387	0.079	0.049739	-19.417	-20.588
SPAC23C4.12	hhp2	viable	V	0.392	0.066	0.0	0.364	3.001	7.138	6.773	2.196	0.144	3.526	0.924114	0.04	0.094612	-26.231	-27.403
SPAC23C4.13	bet1	inviable	E	6.49	1.087	0.22	0.584	3.221	7.358	6.773	2.416	2.387	57.048	0.992837	0.208	0.031434	-9.708	-10.88
SPAC23C4.14	alg1	inviable	E	5.868	0.973	1.289	1.658	4.321	8.501	6.843	3.508	2.159	45.338	0.991051	0.22	0.036616	-9.122	-10.294
SPAC23C4.15	rpb5	inviable	E	8.949	0.753	1.94	2.666	7.917	16.156	13.489	6.314	3.292	41.482	0.978114	0.39	0.057147	-3.407	-4.578
SPAC23C4.16c	atg15	viable	V	0.002	-0.0	0.0	0.364	3.001	7.138	6.774	2.196	0.001	0.0	-1.646108	0.106	0.574675	-16.468	-17.639
SPAC23C4.17	trm402	viable	V	-0.265	0.037	0.0	0.438	3.604	8.573	8.136	2.638	-0.097	-0.013	-0.766582	0.096	0.521247	-17.389	-18.561
SPAC23C4.18c	rad4	inviable	E	6.438	1.046	0.436	0.812	3.531	7.797	6.985	2.701	2.368	54.602	0.991781	0.223	0.03366	-9.014	-10.185
SPAC23C4.19	spt5	inviable	E	6.214	0.991	0.916	1.299	4.069	8.417	7.118	3.223	2.286	49.447	0.948393	0.563	0.083447	0.263	-0.909
SPAC23D3.01	pdp3	viable	V	0.646	-0.042	0.0	0.945	7.782	18.51	17.565	5.695	0.238	0.069	-0.401889	0.098	0.420238	-17.194	-18.365
SPAC23D3.02	rfc2	inviable	E	5.927	0.783	3.599	4.061	7.406	12.654	8.593	6.385	2.18	28.395	0.999462	0.049	0.009315	-24.12	-25.291
SPAC23D3.03c	SPAC23D3.03c	viable	V	-0.192	-0.032	-0.0	0.364	3.001	7.138	6.773	2.196	-0.071	-1.73	0.389927	0.068	0.252847	-20.843	-22.015
SPAC23D3.04c	gpd2	viable	V	-0.209	-0.035	-0.0	0.364	3.001	7.138	6.773	2.196	-0.077	-1.884	-0.177443	0.128	0.430031	-14.546	-15.717
SPAC23D3.06c	nup146	inviable	E	6.374	1.068	-0.0	0.364	3.001	7.138	6.773	2.196	2.345	57.335	0.981794	0.318	0.048863	-5.449	-6.621
SPAC23D3.07	pup1	inviable	E	6.383	0.947	0.43	0.842	3.818	8.489	7.647	2.909	2.348	52.135	0.992733	0.205	0.031629	-9.859	-11.03
SPAC23D3.08	usp108	inviable	E	2.971	0.273	4.598	5.262	10.068	17.61	12.348	8.601	1.093	8.778	0.996116	0.049	0.02348	-24.226	-25.398
SPAC23D3.09	arp42	viable	V	3.341	0.256	2.445	3.241	8.998	18.031	14.79	7.241	1.229	13.18	0.975618	0.14	0.055196	-13.655	-14.827
SPAC23D3.10c	eng2	viable	V	0.001	0.0	0.0	0.87	7.164	17.039	16.169	5.242	0.001	0.008	-0.00092	0.049	0.330353	-24.114	-25.286
SPAC23D3.11	ayr1	viable	V	0.356	-0.024	0.0	0.919	7.57	18.006	17.086	5.54	0.131	0.037	-0.053764	0.085	0.359987	-18.614	-19.786
SPAC23D3.12	pho842	viable	V	0.405	0.068	-0.0	0.364	3.001	7.138	6.773	2.196	0.149	3.641	0.174315	0.217	0.360798	-9.286	-10.458
SPAC23D3.13c	SPAC23D3.13c	viable	V	0.292	0.019	-0.0	0.944	7.774	18.491	17.547	5.689	0.108	1.462	0.817327	0.03	0.138542	-29.044	-30.216
SPAC23D3.14c	aah2	viable	Not_determined	-0.198	0.015	0.0	0.823	6.78	16.126	15.303	4.961	-0.073	-0.018	-0.081747	0.223	0.366574	-8.995	-10.167
SPAC23D3.16	lam4	viable	Not_determined	6.253	0.862	0.973	1.416	4.619	9.646	8.23	3.641	2.3	46.169	0.999221	0.066	0.010802	-21.246	-22.418
SPAC23E2.01	fep1	viable	V	1.76	0.139	2.813	3.587	9.181	17.959	14.373	7.473	0.648	6.649	0.951695	0.105	0.085739	-16.519	-17.69
SPAC23E2.02	lsd2	inviable	E	6.589	0.563	3.777	4.491	9.66	17.771	13.28	8.082	2.424	21.962	0.998531	0.067	0.01449	-20.989	-22.161
SPAC23E2.03c	sms1	viable	V	-0.086	0.006	0.0	0.905	7.451	17.723	16.818	5.452	-0.032	-0.009	-0.330201	0.163	0.408639	-12.112	-13.284
SPAC23G3.01	rpb2	inviable	E	6.46	1.082	0.122	0.487	3.123	7.26	6.773	2.318	2.377	57.379	0.986348	0.286	0.043561	-6.505	-7.676
SPAC23G3.02c	sib1	viable	V	0.768	0.129	8.569	8.934	11.57	15.707	6.773	10.765	0.283	1.036	0.982487	0.025	0.050532	-30.904	-32.075
SPAC23G3.03	sib2	viable	V	-0.017	-0.003	0.0	0.364	3.0	7.135	6.771	2.195	-0.006	-0.155	0.089187	0.022	0.36084	-32.327	-33.499
SPAC23G3.04	ies4	viable	V	0.228	0.038	0.0	0.364	3.001	7.138	6.773	2.196	0.084	2.053	0.918309	0.026	0.099831	-30.552	-31.724
SPAC23G3.05c	SPAC23G3.05c	viable	V	0.309	-0.02	0.0	0.93	7.661	18.222	17.292	5.606	0.114	0.032	0.033318	0.062	0.316734	-21.844	-23.016
SPAC23G3.06	nop58	inviable	E	6.486	1.087	0.385	0.75	3.386	7.523	6.773	2.581	2.386	56.004	0.997347	0.128	0.02014	-14.579	-15.75
SPAC23G3.07c	snf30	viable	V	0.264	0.044	-0.0	0.364	3.001	7.138	6.773	2.196	0.097	2.374	0.752764	0.048	0.163183	-24.405	-25.576
SPAC23G3.08c	ubp7	viable	V	-0.581	0.065	0.0	0.549	4.523	10.758	10.209	3.31	-0.214	-0.036	-0.10673	0.074	0.377477	-19.988	-21.16
SPAC23G3.09	taf4	inviable	E	4.856	0.814	1.182	1.546	4.182	8.319	6.773	3.378	1.786	38.197	0.991754	0.177	0.038188	-11.34	-12.511
SPAC23G3.10c	ssr3	condition-dependent	V	5.413	0.46	3.724	4.442	9.634	17.781	13.34	8.049	1.991	18.174	0.999638	0.028	0.007262	-29.888	-31.06
SPAC23G3.11	rpn6	inviable	E	6.225	0.992	0.739	1.122	3.894	8.244	7.122	3.048	2.29	50.586	0.98343	0.311	0.047924	-5.679	-6.85
SPAC23G3.12c	htr12	viable	V	0.243	0.04	0.0	0.371	3.054	7.265	6.894	2.235	0.089	2.17	0.86855	0.041	0.129488	-26.025	-27.197
SPAC23H3.02c	ini1	inviable	E	6.752	0.682	1.253	1.858	6.232	13.096	11.238	4.897	2.484	39.864	0.9887	0.244	0.039647	-8.126	-9.298
SPAC23H3.03c	npr2	viable	V	6.946	0.606	4.027	4.726	9.785	17.722	12.995	8.24	2.555	22.348	0.996701	0.106	0.021556	-16.487	-17.658
SPAC23H3.04	SPAC23H3.04	viable	V	0.223	0.037	-0.0	0.364	3.001	7.138	6.773	2.196	0.082	2.008	-0.061195	0.128	0.362613	-14.557	-15.729
SPAC23H3.05c	swd1	viable	V	1.187	0.102	3.799	4.512	9.671	17.766	13.254	8.096	0.437	3.945	0.892258	0.104	0.123592	-16.616	-17.787
SPAC23H3.06	apl6	viable	V	0.644	0.073	1.502	2.04	5.932	12.039	9.999	4.744	0.237	3.958	0.925266	0.069	0.105606	-20.712	-21.883
SPAC23H3.08c	bub3	viable	V	-0.074	0.005	0.0	0.944	7.772	18.486	17.542	5.687	-0.027	-0.008	-0.168552	0.066	0.408372	-21.157	-22.329
SPAC23H3.09c	gly1	viable	V	5.634	0.609	0.319	0.883	4.967	11.375	10.492	3.72	2.073	39.469	0.961423	0.39	0.069782	-3.427	-4.598
SPAC23H3.10	ssr2	inviable	E	7.253	0.6	3.394	4.132	9.47	17.846	13.714	7.84	2.668	25.458	0.987259	0.218	0.041114	-9.224	-10.396
SPAC23H3.11c	max1	viable	V	0.465	0.078	-0.0	0.364	3.001	7.138	6.773	2.196	0.171	4.18	0.301262	0.147	0.289	-13.206	-14.377
SPAC23H3.12c	SPAC23H3.12c	viable	V	-0.042	0.003	0.0	0.919	7.569	18.004	17.085	5.539	-0.015	-0.004	-0.656799	0.135	0.458847	-14.032	-15.204
SPAC23H3.13c	gpa2	viable	V	2.966	0.199	0.511	1.42	8.0	18.325	16.905	5.991	1.091	14.263	0.9742	0.128	0.056322	-14.591	-15.763
SPAC23H3.14	avl9	viable	V	-0.054	0.003	-0.0	0.945	7.782	18.51	17.565	5.695	-0.02	-0.006	-0.310524	0.069	0.425942	-20.675	-21.846
SPAC23H4.01c	osh3	viable	V	-0.143	-0.024	-0.0	0.364	3.001	7.138	6.773	2.196	-0.053	-1.287	0.822357	0.023	0.148316	-31.727	-32.899
SPAC23H4.02	ppk9	viable	V	-0.002	0.0	0.0	0.397	3.265	7.765	7.369	2.389	-0.001	-0.0	-1.837544	0.127	0.604763	-14.636	-15.807
SPAC23H4.04	slm3	inviable	E	5.836	0.644	6.424	6.977	10.976	17.253	10.276	9.755	2.147	12.399	0.995977	0.091	0.0241	-17.995	-19.167
SPAC23H4.06	gln1	inviable	E	5.822	0.975	-0.0	0.364	3.001	7.138	6.773	2.196	2.142	52.372	0.987575	0.241	0.041221	-8.237	-9.409
SPAC23H4.07c	srp102	inviable	E	7.141	0.888	0.606	1.097	4.648	10.221	9.124	3.564	2.627	52.321	0.996355	0.156	0.022589	-12.559	-13.73
SPAC23H4.08	iwr1	viable	V	1.256	0.113	1.965	2.642	7.54	15.226	12.584	6.045	0.462	6.119	0.998284	0.016	0.016069	-35.071	-36.243
SPAC23H4.09	cdb4	viable	V	0.111	-0.007	0.0	0.945	7.782	18.51	17.565	5.695	0.041	0.012	-0.011171	0.049	0.364228	-24.199	-25.371
SPAC23H4.10c	thi4	viable	V	-1.0	-0.168	8.691	9.056	11.692	15.829	6.773	10.887	-0.368	-1.273	0.890973	0.086	0.125158	-18.507	-19.679
SPAC23H4.11c	cnl2	inviable	E	5.686	0.827	3.607	4.027	7.064	11.829	7.802	6.137	2.092	28.916	0.998816	0.075	0.013922	-19.965	-21.136
SPAC23H4.12	alp13	condition-dependent	V	1.358	0.196	3.019	3.442	6.504	11.31	7.868	5.569	0.5	7.612	0.999077	0.016	0.012565	-35.362	-36.534
SPAC23H4.13c	SPAC23H4.13c	unknown	Not_determined	-0.876	0.075	0.0	0.715	5.89	14.009	13.294	4.31	-0.322	-0.071	-0.041042	0.21	0.371553	-9.592	-10.764
SPAC23H4.14	vam6	viable	V	5.221	0.447	3.787	4.501	9.665	17.769	13.268	8.088	1.921	17.379	0.987653	0.154	0.0408	-12.683	-13.855
SPAC23H4.15	tsr1	inviable	E	5.777	0.849	-0.0	0.415	3.419	8.132	7.717	2.502	2.125	49.295	0.951881	0.46	0.079056	-1.756	-2.928
SPAC23H4.16c	not11	viable	V	0.419	-0.029	0.0	0.895	7.369	17.527	16.632	5.392	0.154	0.042	-0.088512	0.097	0.407099	-17.342	-18.514
SPAC23H4.17c	srb10	viable	V	1.026	-0.068	0.0	0.927	7.629	18.146	17.22	5.583	0.377	0.107	-0.040247	0.166	0.40015	-11.954	-13.126
SPAC23H4.18c	rbx1	inviable	E	5.645	0.831	2.815	3.229	6.229	10.936	7.707	5.313	2.077	33.103	0.999556	0.046	0.008628	-24.854	-26.026
SPAC23H4.21	SPAC23H4.21	unknown	Not_determined	0.141	-0.017	0.0	0.495	4.078	9.699	9.204	2.984	0.052	0.008	-0.300628	0.144	0.434173	-13.399	-14.571
SPAC24B11.05	SPAC24B11.05	viable	V	-0.495	0.072	0.0	0.422	3.475	8.265	7.843	2.543	-0.182	-0.024	-0.37495	0.101	0.441097	-16.969	-18.141
SPAC24B11.06c	sty1	viable	V	1.079	0.1	4.67	5.33	10.105	17.596	12.265	8.647	0.397	3.151	0.985829	0.034	0.0444	-27.733	-28.904
SPAC24B11.07c	SPAC24B11.07c	viable	V	-0.596	0.083	-0.0	0.44	3.626	8.625	8.184	2.653	-0.219	-0.03	-0.035357	0.087	0.33243	-18.369	-19.541
SPAC24B11.09	mpc2	viable	V	2.988	0.193	-0.0	0.945	7.782	18.51	17.565	5.695	1.099	14.934	0.74916	0.376	0.16333	-3.773	-4.945
SPAC24B11.10c	cfh1	viable	V	0.237	0.031	0.0	0.466	3.84	9.135	8.668	2.81	0.087	1.918	0.501097	0.069	0.253114	-20.722	-21.894
SPAC24B11.11c	sid2	inviable	E	5.849	0.98	2.684	3.048	5.684	9.821	6.773	4.88	2.152	37.443	0.999388	0.059	0.01026	-22.372	-23.544
SPAC24B11.12c	dnf2	viable	V	1.132	0.19	0.485	0.849	3.486	7.623	6.773	2.681	0.416	9.665	0.968627	0.08	0.074284	-19.294	-20.466
SPAC24B11.13	hem3	viable	V	6.514	1.072	1.816	2.187	4.87	9.08	6.893	4.051	2.396	46.835	0.989142	0.274	0.041056	-6.957	-8.128
SPAC24B11.14	SPAC24B11.14	unknown	Not_determined	0.012	-0.002	0.0	0.364	3.001	7.138	6.773	2.196	0.004	0.0	-1.285578	0.084	0.536765	-18.801	-19.973
SPAC24C9.03	mvd1	inviable	E	6.756	1.132	0.648	1.013	3.649	7.786	6.773	2.844	2.485	56.634	0.92328	0.778	0.116747	3.487	2.315
SPAC24C9.04	med9	inviable	E	1.184	0.092	2.664	3.446	9.107	17.989	14.542	7.379	0.436	4.554	0.90602	0.102	0.12395	-16.827	-17.998
SPAC24C9.06c	aco1	inviable	E	6.655	0.575	1.248	1.956	7.071	15.098	13.143	5.509	2.448	35.121	0.997868	0.095	0.017133	-17.584	-18.755
SPAC24C9.07c	bgs2	viable	V	0.283	0.047	0.0	0.364	3.001	7.138	6.773	2.196	0.104	2.548	0.961727	0.02	0.068971	-33.189	-34.36
SPAC24C9.08	cps1	viable	V	-0.322	0.043	0.0	0.46	3.784	9.002	8.542	2.769	-0.118	-0.017	-1.21872	0.063	0.584187	-21.725	-22.896
SPAC24C9.09	SPAC24C9.09	inviable	E	6.128	0.704	4.632	5.164	9.01	15.044	9.88	7.836	2.254	21.478	0.998063	0.083	0.017198	-18.858	-20.03
SPAC24C9.10c	mrp4	inviable	E	7.36	0.805	4.346	4.905	8.944	15.283	10.379	7.711	2.707	26.461	0.999697	0.04	0.006858	-26.22	-27.392
SPAC24C9.11	sgd1	inviable	E	6.157	0.955	-0.0	0.393	3.239	7.705	7.312	2.371	2.265	53.749	0.955357	0.477	0.074737	-1.4	-2.571
SPAC24C9.12c	shm1	viable	V	-0.006	0.001	0.0	0.364	3.001	7.138	6.773	2.196	-0.002	-0.0	-0.718319	0.144	0.471074	-13.369	-14.541
SPAC24C9.13c	mrp10	inviable	E	8.797	0.793	4.392	5.069	9.966	17.65	12.581	8.471	3.236	26.823	0.99963	0.045	0.007382	-25.036	-26.208
SPAC24C9.14	otu1	viable	V	-0.227	0.031	0.0	0.45	3.709	8.823	8.372	2.714	-0.084	-0.012	-2.938424	0.074	0.686405	-20.019	-21.191
SPAC24C9.15c	spn5	viable	V	0.015	-0.001	0.0	0.945	7.781	18.507	17.562	5.694	0.005	0.002	-0.961411	0.075	0.562611	-19.926	-21.097
SPAC24H6.01c	gup1	inviable	E	5.901	0.799	2.085	2.536	5.799	10.919	8.383	4.803	2.171	36.976	0.997795	0.105	0.018605	-16.525	-17.697
SPAC24H6.02c	zim17	viable	V	0.099	-0.006	0.0	0.944	7.771	18.485	17.541	5.687	0.036	0.011	0.016211	0.04	0.317323	-26.193	-27.365
SPAC24H6.03	cul3	viable	V	-0.003	0.0	0.0	0.372	3.063	7.286	6.914	2.242	-0.001	-0.0	-3.531465	0.115	0.711829	-15.601	-16.772
SPAC24H6.04	hxk1	viable	V	-0.279	0.041	0.0	0.412	3.389	8.062	7.65	2.48	-0.103	-0.013	-0.431224	0.094	0.410436	-17.646	-18.817
SPAC24H6.05	cdc25	inviable	E	6.255	0.756	0.145	0.65	4.305	10.04	9.39	3.189	2.301	47.709	0.990279	0.219	0.036087	-9.181	-10.353
SPAC24H6.06	sld3	inviable	E	5.263	0.882	-0.0	0.364	3.001	7.138	6.773	2.196	1.936	47.341	0.973313	0.322	0.057738	-5.332	-6.504
SPAC24H6.08	SPAC24H6.08	viable	V	-0.008	0.001	0.0	0.582	4.788	11.389	10.807	3.504	-0.003	-0.001	-1.62141	0.125	0.626276	-14.824	-15.996
SPAC24H6.09	gef1	viable	V	0.041	-0.007	0.0	0.364	3.001	7.138	6.773	2.196	0.015	0.002	-1.209501	0.047	0.623798	-24.622	-25.794
SPAC24H6.10c	aro4	viable	V	-0.016	0.001	0.0	0.926	7.623	18.132	17.206	5.579	-0.006	-0.002	-2.671876	0.115	0.633135	-15.608	-16.78
SPAC24H6.11c	vsb1	viable	V	-0.108	0.014	0.0	0.478	3.937	9.365	8.887	2.881	-0.04	-0.006	-3.570401	0.08	0.753726	-19.27	-20.442
SPAC24H6.12c	uba3	inviable	E	7.768	0.636	3.275	4.02	9.411	17.869	13.849	7.765	2.858	27.687	0.99451	0.153	0.02734	-12.752	-13.924
SPAC24H6.13	SPAC24H6.13	viable	V	0.397	0.026	-0.0	0.945	7.782	18.51	17.565	5.695	0.146	1.986	0.714954	0.064	0.176455	-21.425	-22.597
SPAC25A8.01c	fft3	condition-dependent	V	2.132	0.155	1.704	2.545	8.629	18.177	15.631	6.772	0.784	9.118	0.910499	0.174	0.100738	-11.494	-12.666
SPAC25A8.02	atg14	viable	V	-0.063	0.011	0.0	0.364	3.001	7.138	6.773	2.196	-0.023	-0.003	-0.034099	0.199	0.328167	-10.168	-11.339
SPAC25A8.03c	SPAC25A8.03c	viable	V	-0.049	-0.003	0.0	0.874	7.193	17.108	16.234	5.263	-0.018	-0.259	0.445058	0.009	0.269562	-40.634	-41.805
SPAC25B8.02	sds3	inviable	E	0.522	0.087	2.376	2.741	5.377	9.514	6.773	4.572	0.192	3.494	0.933437	0.062	0.100803	-21.759	-22.93
SPAC25B8.03	psd2	viable	V	-0.541	0.048	0.0	0.691	5.686	13.526	12.835	4.161	-0.199	-0.042	-0.33623	0.464	0.449423	-1.673	-2.845
SPAC25B8.04c	mss51	viable	V	1.133	0.093	3.346	4.087	9.446	17.855	13.768	7.81	0.417	4.003	0.977016	0.049	0.056174	-24.14	-25.312
SPAC25B8.05	deg1	viable	V	2.588	0.195	2.224	3.033	8.888	18.075	15.041	7.101	0.952	10.467	0.950931	0.158	0.078377	-12.446	-13.618
SPAC25B8.06c	dia4	condition-dependent	E	5.753	0.958	5.161	5.528	8.181	12.344	6.816	7.371	2.116	23.279	0.996556	0.123	0.023582	-14.967	-16.139
SPAC25B8.07c	rcf1	viable	V	-0.106	-0.018	-0.0	0.364	3.001	7.138	6.773	2.196	-0.039	-0.952	-0.156501	0.128	0.412651	-14.596	-15.767
SPAC25B8.08	SPAC25B8.08	viable	V	0.01	-0.002	0.0	0.364	2.996	7.126	6.762	2.192	0.004	0.0	-0.345712	0.066	0.458076	-21.256	-22.428
SPAC25B8.09	SPAC25B8.09	viable	V	-0.373	0.058	0.0	0.392	3.225	7.671	7.28	2.36	-0.137	-0.017	-0.225001	0.049	0.375883	-24.187	-25.359
SPAC25B8.10	SPAC25B8.10	viable	V	0.693	0.045	-0.0	0.945	7.782	18.51	17.565	5.695	0.255	3.463	0.145256	0.249	0.399135	-7.885	-9.056
SPAC25B8.11	SPAC25B8.11	viable	V	0.054	-0.009	-0.0	0.364	3.001	7.137	6.773	2.196	0.02	0.002	-0.88735	0.09	0.527249	-18.062	-19.233
SPAC25B8.13c	isp7	viable	V	-0.006	0.001	-0.0	0.364	3.001	7.138	6.773	2.196	-0.002	-0.0	-0.737989	0.141	0.493656	-13.577	-14.748
SPAC25B8.14	mal2	inviable	E	6.22	0.787	3.797	4.28	7.773	13.254	8.974	6.706	2.288	27.872	0.999701	0.038	0.006951	-26.753	-27.925
SPAC25B8.15c	tyw3	viable	V	3.604	0.604	4.855	5.219	7.856	11.993	6.773	7.051	1.326	15.65	0.976069	0.204	0.063654	-9.88	-11.052
SPAC25B8.16	pop100	inviable	E	6.579	1.007	0.783	1.182	4.069	8.598	7.416	3.187	2.42	52.254	0.998973	0.081	0.012404	-19.187	-20.359
SPAC25B8.17	ypf1	viable	V	0.47	0.079	-0.0	0.364	3.001	7.138	6.773	2.196	0.173	4.23	0.467954	0.157	0.270828	-12.51	-13.682
SPAC25B8.19c	loz1	viable	V	1.196	0.145	-0.0	0.504	4.152	9.877	9.372	3.039	0.44	9.287	0.850142	0.169	0.127519	-11.758	-12.93
SPAC25B8.20	smp1	viable	Not_determined	0.315	0.053	-0.0	0.364	3.001	7.138	6.773	2.196	0.116	2.837	0.000177	0.24	0.384307	-8.279	-9.451
SPAC25G10.01	SPAC25G10.01	viable	V	0.27	0.045	-0.0	0.364	3.001	7.138	6.773	2.196	0.099	2.427	-0.219122	0.394	0.460412	-3.311	-4.483
SPAC25G10.02	cce1	viable	V	0.177	-0.014	-0.0	0.751	6.184	14.709	13.958	4.525	0.065	0.015	-0.334764	0.121	0.439619	-15.092	-16.264
SPAC25G10.03	zip1	condition-dependent	V	6.645	0.429	-0.0	0.945	7.782	18.51	17.565	5.695	2.445	33.216	0.911197	0.49	0.098277	-1.125	-2.297
SPAC25G10.04c	rec10	viable	V	0.158	-0.01	0.0	0.933	7.683	18.275	17.342	5.622	0.058	0.017	0.0085	0.038	0.33329	-26.703	-27.875
SPAC25G10.05c	his1	viable	V	0.016	-0.002	0.0	0.387	3.184	7.573	7.186	2.33	0.006	0.001	-1.102397	0.085	0.616416	-18.643	-19.815
SPAC25G10.06	rps2801	viable	V	4.376	0.733	0.302	0.666	3.303	7.44	6.773	2.498	1.61	38.125	0.995475	0.112	0.026099	-15.866	-17.037
SPAC25G10.07c	cut7	condition-dependent	E	6.287	1.053	1.193	1.558	4.194	8.331	6.773	3.389	2.313	49.383	0.996974	0.137	0.022756	-13.879	-15.05
SPAC25G10.08	tif302	inviable	E	6.603	1.106	0.022	0.386	3.023	7.16	6.773	2.218	2.429	59.266	0.979654	0.358	0.057007	-4.271	-5.442
SPAC25G10.09c	pan1	viable	V	5.95	0.954	0.38	0.76	3.514	7.834	7.073	2.673	2.189	50.524	0.99626	0.138	0.023187	-13.814	-14.986
SPAC25H1.02	jmj1	viable	V	0.206	0.035	-0.0	0.364	3.001	7.138	6.773	2.196	0.076	1.853	0.119111	0.088	0.35077	-18.299	-19.471
SPAC25H1.04	mug105	viable	V	0.261	0.019	0.0	0.831	6.846	16.283	15.451	5.01	0.096	1.448	0.938066	0.021	0.101751	-32.847	-34.019
SPAC25H1.05	meu29	viable	V	2.936	0.202	0.376	1.262	7.672	17.73	16.468	5.715	1.08	14.707	0.983179	0.103	0.045482	-16.685	-17.856
SPAC25H1.06	pcf3	viable	V	0.235	0.039	-0.0	0.364	3.001	7.138	6.773	2.196	0.086	2.111	0.374066	0.072	0.285711	-20.311	-21.483
SPAC25H1.07	emc1	viable	V	0.24	0.04	0.59	0.954	3.59	7.727	6.773	2.786	0.088	2.027	0.717076	0.069	0.215073	-20.669	-21.84
SPAC25H1.09	mde5	viable	V	-0.129	-0.022	-0.0	0.364	3.001	7.138	6.773	2.196	-0.048	-1.162	-0.221669	0.119	0.397697	-15.327	-16.499
SPAC25H1.10c	atp19	viable	Not_determined	0.281	0.047	-0.0	0.364	3.001	7.138	6.773	2.196	0.104	2.531	0.181868	0.12	0.322878	-15.22	-16.392
SPAC26A3.01	sxa1	viable	V	0.164	0.027	-0.0	0.364	3.001	7.138	6.773	2.196	0.06	1.473	-0.223061	0.129	0.385343	-14.502	-15.674
SPAC26A3.02	myh1	viable	V	0.033	-0.003	0.0	0.632	5.205	12.379	11.747	3.809	0.012	0.002	-0.984074	0.079	0.514502	-19.354	-20.525
SPAC26A3.03c	rmi1	inviable	E	0.288	0.041	2.796	3.229	6.361	11.277	8.048	5.405	0.106	1.651	0.531473	0.139	0.226261	-13.755	-14.926
SPAC26A3.05	chc1	inviable	E	6.497	1.088	0.892	1.257	3.893	8.03	6.773	3.088	2.39	52.93	0.996825	0.143	0.022573	-13.478	-14.649
SPAC26A3.06	bud23	viable	V	-0.152	-0.025	-0.0	0.364	3.001	7.138	6.773	2.196	-0.056	-1.367	0.003825	0.229	0.369466	-8.753	-9.925
SPAC26A3.09c	rga2	viable	V	-0.004	0.001	0.0	0.364	3.001	7.138	6.773	2.196	-0.002	-0.0	-1.365609	0.127	0.615913	-14.645	-15.817
SPAC26A3.10	cnt6	viable	V	-0.432	0.059	-0.0	0.444	3.658	8.7	8.256	2.677	-0.159	-0.022	-0.371918	0.049	0.445777	-24.152	-25.324
SPAC26A3.11	SPAC26A3.11	viable	V	-0.387	0.054	0.0	0.436	3.593	8.546	8.11	2.629	-0.142	-0.019	-0.391397	0.124	0.409999	-14.856	-16.028
SPAC26A3.12c	dhp1	inviable	E	6.576	1.102	-0.0	0.364	3.001	7.138	6.773	2.196	2.419	59.159	0.889632	0.79	0.112923	3.644	2.473
SPAC26A3.13c	Tf2-4	unknown	Not_determined	0.447	0.075	-0.0	0.364	3.001	7.138	6.773	2.196	0.165	4.023	-0.304755	0.353	0.414346	-4.412	-5.584
SPAC26A3.14c	atg44	viable	V	0.498	0.083	-0.0	0.364	3.001	7.138	6.773	2.196	0.183	4.476	0.029815	0.248	0.408742	-7.955	-9.127
SPAC26A3.15c	nsp1	inviable	E	6.304	1.056	-0.0	0.364	3.001	7.138	6.773	2.196	2.319	56.709	0.913673	0.678	0.110655	2.12	0.948
SPAC26A3.16	dsk2	viable	V	0.61	-0.039	0.0	0.945	7.782	18.51	17.565	5.695	0.224	0.065	-0.300109	0.083	0.425721	-18.939	-20.11
SPAC26A3.17c	rmt2	viable	V	0.024	-0.004	0.0	0.379	3.124	7.431	7.051	2.286	0.009	0.001	-2.782881	0.08	0.711922	-19.202	-20.373
SPAC26F1.01	sec74	viable	V	-0.228	-0.038	-0.0	0.364	3.001	7.138	6.773	2.196	-0.084	-2.051	0.096968	0.091	0.337719	-18.023	-19.195
SPAC26F1.02	pnn1	viable	V	-0.26	0.017	-0.0	0.915	7.536	17.924	17.009	5.515	-0.095	-0.027	-0.022668	0.414	0.352383	-2.818	-3.989
SPAC26F1.03	pda1	inviable	E	6.589	0.443	0.604	1.512	8.082	18.392	16.88	6.077	2.424	31.307	0.983666	0.222	0.044782	-9.039	-10.211
SPAC26F1.04c	etr1	viable	V	-0.022	0.001	0.0	0.93	7.654	18.205	17.276	5.601	-0.008	-0.002	-0.09213	0.355	0.39066	-4.353	-5.525
SPAC26F1.05	mug106	viable	V	0.005	-0.001	0.0	0.364	3.001	7.138	6.774	2.196	0.002	0.0	-1.264932	0.077	0.503553	-19.699	-20.871
SPAC26F1.06	gpm1	inviable	E	6.312	1.057	0.066	0.43	3.066	7.203	6.773	2.262	2.322	56.399	0.983363	0.308	0.047516	-5.772	-6.944
SPAC26F1.07	SPAC26F1.07	viable	V	-0.005	0.001	0.0	0.364	3.001	7.138	6.773	2.196	-0.002	-0.0	-1.189496	0.096	0.611826	-17.428	-18.6
SPAC26F1.08c	SPAC26F1.08c	viable	V	-0.008	0.001	0.0	0.634	5.218	12.411	11.777	3.818	-0.003	-0.001	-1.869788	0.055	0.681445	-23.093	-24.264
SPAC26F1.09	gyp51	viable	V	-0.006	0.001	0.0	0.364	3.001	7.138	6.773	2.196	-0.002	-0.0	-1.792373	0.115	0.610218	-15.599	-16.771
SPAC26F1.10c	pyp1	viable	V	1.623	0.272	0.572	0.936	3.573	7.709	6.773	2.768	0.597	13.721	0.978718	0.093	0.059306	-17.708	-18.88
SPAC26F1.12c	hgh1	viable	V	0.38	0.064	-0.0	0.364	3.001	7.138	6.773	2.196	0.14	3.42	0.711251	0.082	0.193283	-18.969	-20.141
SPAC26F1.13c	lrs1	inviable	E	6.179	1.035	-0.0	0.364	3.001	7.138	6.773	2.196	2.273	55.579	0.702557	1.218	0.187311	7.971	6.8
SPAC26F1.14c	aif1	viable	V	0.514	0.033	0.0	0.945	7.782	18.51	17.565	5.695	0.189	2.568	0.250482	0.173	0.391973	-11.53	-12.702
SPAC26H5.02c	mgs1	viable	V	-0.017	0.002	0.0	0.43	3.539	8.417	7.987	2.59	-0.006	-0.001	-1.720771	0.087	0.686622	-18.474	-19.646
SPAC26H5.03	pcf2	viable	V	0.013	-0.002	0.0	0.364	3.001	7.138	6.773	2.196	0.005	0.001	-1.743472	0.115	0.581992	-15.659	-16.83
SPAC26H5.04	gid5	viable	V	0.238	0.04	-0.0	0.364	3.001	7.138	6.773	2.196	0.088	2.145	0.074969	0.266	0.366905	-7.242	-8.414
SPAC26H5.05	mga2	viable	V	4.96	0.407	1.582	2.326	7.706	16.148	13.823	6.063	1.825	23.908	0.939695	0.378	0.091697	-3.741	-4.913
SPAC26H5.06	pot1	condition-dependent	E	6.046	0.547	4.436	5.11	9.988	17.642	12.532	8.499	2.224	18.313	0.996329	0.096	0.022789	-17.407	-18.578
SPAC26H5.07c	SPAC26H5.07c	viable	V	0.824	0.138	2.915	3.279	5.915	10.052	6.773	5.111	0.303	5.09	0.24824	0.629	0.339043	1.363	0.191
SPAC26H5.09c	SPAC26H5.09c	viable	V	0.014	-0.002	0.0	0.364	2.995	7.125	6.761	2.192	0.005	0.001	-1.490735	0.036	0.556857	-27.188	-28.36
SPAC26H5.11	mug56	viable	V	-0.043	0.003	0.0	0.926	7.623	18.132	17.207	5.579	-0.016	-0.004	-0.835267	0.037	0.485205	-26.871	-28.043
SPAC26H5.12	rpo41	inviable	E	5.667	0.949	2.312	2.677	5.313	9.45	6.773	4.508	2.085	38.318	0.999993	0.006	0.001073	-45.302	-46.474
SPAC26H5.13c	kei1	inviable	E	7.228	1.211	-0.0	0.364	3.001	7.138	6.773	2.196	2.659	65.018	0.956833	0.562	0.07172	0.237	-0.934
SPAC27D7.02c	grp1	viable	V	0.603	-0.04	0.0	0.928	7.639	18.171	17.243	5.59	0.222	0.063	0.023936	0.093	0.340401	-17.796	-18.968
SPAC27D7.03c	mei2	viable	V	-0.103	-0.017	0.0	0.364	3.001	7.138	6.773	2.196	-0.038	-0.929	0.704758	0.021	0.186036	-32.534	-33.705
SPAC27D7.04	omt2	viable	V	-0.297	-0.05	-0.0	0.364	3.001	7.138	6.773	2.196	-0.109	-2.668	0.630726	0.063	0.219427	-21.685	-22.857
SPAC27D7.08c	mtl16	viable	V	1.904	0.266	8.334	8.77	11.926	16.879	8.109	10.963	0.7	2.46	0.854871	0.153	0.139847	-12.792	-13.964
SPAC27D7.11c	SPAC27D7.11c	viable	V	0.801	-0.054	0.0	0.909	7.486	17.806	16.897	5.478	0.295	0.082	0.024708	0.159	0.321014	-12.374	-13.546
SPAC27D7.12c	but1	viable	V	-0.182	-0.03	0.0	0.368	3.026	7.197	6.829	2.214	-0.067	-1.636	0.606553	0.07	0.24327	-20.549	-21.721
SPAC27D7.13c	ssm4	viable	V	-0.062	0.01	0.0	0.371	3.057	7.272	6.9	2.237	-0.023	-0.003	-0.948078	0.073	0.489022	-20.192	-21.363
SPAC27D7.14c	tpr1	viable	V	5.935	0.435	1.825	2.659	8.69	18.153	15.494	6.849	2.183	25.066	0.99515	0.111	0.025382	-15.978	-17.15
SPAC27E2.01	SPAC27E2.01	viable	V	-0.024	0.003	0.0	0.449	3.696	8.791	8.342	2.705	-0.009	-0.001	-0.2041	0.103	0.372735	-16.779	-17.95
SPAC27E2.02	yih1	viable	V	0.569	0.065	-0.0	0.535	4.404	10.476	9.941	3.223	0.209	4.28	0.881413	0.073	0.119563	-20.133	-21.305
SPAC27E2.03c	ola1	viable	V	3.039	0.361	-0.0	0.514	4.229	10.058	9.545	3.094	1.118	23.367	0.797571	0.526	0.153669	-0.427	-1.599
SPAC27E2.04c	mug155	unknown	Not_determined	0.818	-0.055	-0.0	0.906	7.463	17.751	16.845	5.461	0.301	0.084	0.036399	0.128	0.356478	-14.587	-15.759
SPAC27E2.05	cdc1	inviable	E	6.243	1.029	1.682	2.052	4.731	8.935	6.883	3.913	2.297	45.728	0.997586	0.122	0.019598	-15.004	-16.176
SPAC27E2.06c	msm1	inviable	E	8.122	0.956	6.982	7.5	11.254	17.144	9.643	10.108	2.988	15.24	0.997271	0.101	0.019853	-16.892	-18.063
SPAC27E2.07	pvg2	viable	V	-0.653	-0.109	-0.0	0.364	3.001	7.138	6.773	2.196	-0.24	-5.87	0.059245	0.255	0.332737	-7.657	-8.828
SPAC27E2.08	Tf2-6	unknown	Not_determined	0.386	0.025	0.0	0.945	7.782	18.51	17.565	5.695	0.142	1.928	0.534603	0.111	0.261981	-15.999	-17.17
SPAC27E2.09	mak2	viable	V	-0.026	0.002	0.0	0.929	7.647	18.19	17.261	5.596	-0.01	-0.003	-0.529559	0.052	0.471997	-23.49	-24.662
SPAC27E2.10c	rfc3	inviable	E	6.248	1.021	4.574	4.947	7.65	11.891	6.943	6.825	2.299	28.334	0.994765	0.167	0.029008	-11.899	-13.071
SPAC27E2.12	SPAC27E2.12	viable	Not_determined	0.944	-0.061	0.0	0.938	7.725	18.374	17.436	5.653	0.347	0.1	0.032792	0.152	0.355589	-12.826	-13.998
SPAC27E2.14	SPAC27E2.14	unknown	Not_determined	-0.143	-0.024	0.0	0.364	3.001	7.138	6.773	2.196	-0.052	-1.283	0.979389	0.008	0.05627	-42.509	-43.68
SPAC27F1.02c	cdc8	inviable	E	9.765	0.797	3.227	3.975	9.387	17.878	13.904	7.734	3.592	35.024	0.950269	0.596	0.08057	0.826	-0.346
SPAC27F1.04c	nuf2	inviable	E	5.847	0.87	1.356	1.767	4.736	9.394	7.628	3.829	2.151	42.645	0.999487	0.051	0.009066	-23.753	-24.924
SPAC27F1.05c	SPAC27F1.05c	viable	V	-0.305	0.02	-0.0	0.945	7.782	18.51	17.565	5.695	-0.112	-0.033	-1.297347	0.043	0.508778	-25.527	-26.699
SPAC27F1.06c	ani2	viable	V	0.497	0.062	-0.0	0.492	4.055	9.645	9.153	2.967	0.183	3.906	0.213074	0.264	0.330189	-7.325	-8.497
SPAC27F1.07	ost1	inviable	E	6.192	1.009	1.082	1.457	4.169	8.424	6.967	3.341	2.278	48.729	0.999103	0.072	0.011756	-20.247	-21.418
SPAC27F1.08	pdt1	viable	V	-0.052	0.003	-0.0	0.943	7.768	18.476	17.533	5.684	-0.019	-0.006	-0.376967	0.086	0.445645	-18.533	-19.705
SPAC27F1.09c	prp10	inviable	E	6.904	1.157	-0.0	0.364	3.001	7.138	6.773	2.196	2.54	62.102	0.821658	1.029	0.151059	6.285	5.113
SPAC27F1.10	SPAC27F1.10	viable	V	-0.183	-0.031	0.0	0.365	3.001	7.138	6.773	2.196	-0.067	-1.648	0.574664	0.059	0.223496	-22.302	-23.473
SPAC29A4.02c	SPAC29A4.02c	viable	V	0.411	0.069	0.0	0.364	3.001	7.138	6.773	2.196	0.151	3.699	0.948	0.034	0.081075	-27.681	-28.852
SPAC29A4.03c	mrps9	inviable	E	5.707	0.911	4.791	5.173	7.939	12.28	7.107	7.095	2.1	24.383	0.998034	0.093	0.017874	-17.796	-18.968
SPAC29A4.04c	cbf5	inviable	E	6.421	1.076	0.281	0.645	3.282	7.419	6.773	2.477	2.362	56.072	0.885413	0.916	0.13133	5.117	3.945
SPAC29A4.06c	SPAC29A4.06c	inviable	E	5.19	0.869	0.26	0.624	3.261	7.398	6.773	2.456	1.909	45.423	0.989116	0.206	0.038712	-9.781	-10.952
SPAC29A4.07	srb6	inviable	E	5.823	0.464	2.923	3.69	9.236	17.938	14.248	7.543	2.142	21.697	0.961619	0.318	0.073114	-5.453	-6.625
SPAC29A4.08c	prp19	inviable	E	5.724	0.876	0.599	0.998	3.885	8.415	7.417	3.004	2.106	46.462	0.991571	0.2	0.034286	-10.073	-11.244
SPAC29A4.09	rrp17	viable	V	3.209	0.321	1.337	1.947	6.361	13.288	11.341	5.014	1.181	18.598	0.993085	0.089	0.032177	-18.195	-19.366
SPAC29A4.10	rrn5	inviable	E	4.819	0.807	1.599	1.963	4.6	8.737	6.773	3.795	1.773	35.938	0.993724	0.155	0.033247	-12.648	-13.819
SPAC29A4.11	rga3	viable	V	-0.134	-0.022	0.0	0.378	3.109	7.395	7.017	2.275	-0.049	-1.186	0.54775	0.051	0.240689	-23.801	-24.973
SPAC29A4.14c	pex3	viable	V	0.301	0.05	-0.0	0.364	3.001	7.138	6.773	2.196	0.111	2.712	-0.008703	0.154	0.402984	-12.686	-13.857
SPAC29A4.15	srs1	inviable	E	7.025	1.177	-0.0	0.364	3.001	7.138	6.773	2.196	2.584	63.19	0.546267	1.728	0.258478	11.469	10.298
SPAC29A4.16	hal4	condition-dependent	V	2.586	0.433	-0.0	0.364	3.001	7.138	6.773	2.196	0.951	23.262	0.853643	0.402	0.140998	-3.12	-4.292
SPAC29A4.17c	fun14	viable	V	-0.005	0.001	0.0	0.364	3.001	7.138	6.773	2.196	-0.002	-0.0	-0.681498	0.118	0.469361	-15.387	-16.559
SPAC29A4.18	prw1	condition-dependent	V	4.357	0.34	2.68	3.461	9.115	17.986	14.524	7.389	1.603	16.721	0.971632	0.205	0.063894	-9.855	-11.027
SPAC29A4.19c	cta5	viable	V	0.021	-0.004	0.0	0.364	3.001	7.138	6.774	2.196	0.008	0.001	-1.554644	0.074	0.617445	-20.024	-21.196
SPAC29A4.20	elp3	viable	V	6.245	0.404	-0.0	0.943	7.767	18.475	17.532	5.684	2.297	31.264	0.964842	0.302	0.063723	-5.976	-7.148
SPAC29A4.23	SPAC29A4.23	unknown	Not_determined	-0.031	0.002	0.0	0.942	7.756	18.448	17.506	5.676	-0.011	-0.003	-0.822893	0.128	0.516246	-14.555	-15.727
SPAC29B12.01	ino80	inviable	E	6.005	0.478	0.853	1.619	7.166	15.87	14.25	5.473	2.209	31.575	0.986371	0.208	0.042032	-9.683	-10.855
SPAC29B12.02c	set2	viable	V	0.528	0.034	0.0	0.945	7.782	18.51	17.565	5.695	0.194	2.639	0.958468	0.031	0.075899	-28.897	-30.068
SPAC29B12.03	spd1	viable	V	0.399	0.026	-0.0	0.945	7.782	18.51	17.565	5.695	0.147	1.995	0.698773	0.054	0.174857	-23.182	-24.354
SPAC29B12.04	snz1	viable	V	4.926	0.437	0.927	1.616	6.597	14.414	12.798	5.077	1.812	27.802	0.995945	0.098	0.023645	-17.184	-18.355
SPAC29B12.05c	mtq1	viable	V	0.204	-0.013	0.0	0.943	7.767	18.475	17.532	5.684	0.075	0.022	0.001246	0.053	0.324252	-23.341	-24.513
SPAC29B12.06c	rcd1	viable	V	-0.311	0.021	0.0	0.908	7.474	17.778	16.87	5.47	-0.115	-0.032	-0.05051	0.212	0.35172	-9.524	-10.696
SPAC29B12.07	sec16	inviable	E	5.971	1.0	0.797	1.161	3.798	7.935	6.773	2.993	2.197	49.197	0.969672	0.414	0.06743	-2.814	-3.985
SPAC29B12.08	clr5	viable	V	-0.42	-0.07	-0.0	0.364	3.001	7.138	6.773	2.196	-0.154	-3.776	-0.279656	0.315	0.398548	-5.557	-6.728
SPAC29B12.10c	pgt1	viable	V	-0.015	0.001	0.0	0.61	5.024	11.949	11.339	3.676	-0.005	-0.001	-1.076802	0.051	0.570723	-23.688	-24.86
SPAC29B12.11c	SPAC29B12.11c	viable	V	-0.173	-0.029	0.0	0.364	3.001	7.138	6.773	2.196	-0.064	-1.559	0.650346	0.037	0.194456	-26.878	-28.05
SPAC29B12.12	hot13	viable	V	0.275	-0.018	-0.0	0.945	7.782	18.51	17.565	5.695	0.101	0.029	-0.346214	0.123	0.394088	-14.927	-16.099
SPAC29B12.14c	SPAC29B12.14c	viable	V	-0.427	0.058	0.0	0.448	3.692	8.783	8.334	2.702	-0.157	-0.022	-1.012229	0.09	0.567064	-18.061	-19.233
SPAC29E6.01	pof11	viable	V	0.156	-0.026	-0.0	0.366	3.012	7.163	6.798	2.204	0.057	0.006	-0.335729	0.121	0.429629	-15.142	-16.314
SPAC29E6.02	prp3	inviable	E	6.259	0.816	0.282	0.75	4.139	9.457	8.707	3.105	2.303	48.885	0.984431	0.286	0.045108	-6.523	-7.695
SPAC29E6.03c	uso1	inviable	E	6.336	1.061	0.829	1.194	3.83	7.967	6.773	3.025	2.331	52.003	0.999422	0.059	0.009446	-22.266	-23.437
SPAC29E6.04	nnf1	inviable	E	7.638	0.781	1.44	2.037	6.353	13.127	11.09	5.035	2.81	44.271	0.992454	0.226	0.032708	-8.891	-10.062
SPAC29E6.05c	mxr1	viable	V	-0.066	0.005	0.0	0.864	7.118	16.93	16.065	5.209	-0.024	-0.006	-0.042764	0.34	0.37468	-4.782	-5.954
SPAC29E6.06c	SPAC29E6.06c	inviable	E	6.415	1.075	-0.0	0.364	3.001	7.138	6.773	2.196	2.36	57.711	0.988108	0.259	0.040949	-7.52	-8.692
SPAC29E6.07	SPAC29E6.07	viable	V	0.267	-0.038	-0.0	0.428	3.521	8.376	7.948	2.577	0.098	0.013	-0.373276	0.169	0.520056	-11.777	-12.949
SPAC29E6.08	tbp1	inviable	E	6.072	1.017	-0.0	0.364	3.001	7.138	6.773	2.196	2.234	54.619	0.944512	0.507	0.088307	-0.793	-1.965
SPAC29E6.09	SPAC29E6.09	viable	V	-0.067	-0.004	0.0	0.945	7.779	18.503	17.558	5.693	-0.025	-0.335	0.294734	0.035	0.334052	-27.598	-28.77
SPAC29E6.10c	nst1	viable	V	2.086	0.135	0.0	0.945	7.782	18.51	17.565	5.695	0.767	10.425	0.860082	0.21	0.135855	-9.624	-10.796
SPAC2C4.03c	smd2	inviable	E	6.261	1.049	0.299	0.663	3.3	7.436	6.773	2.495	2.303	54.572	0.951777	0.541	0.086641	-0.137	-1.309
SPAC2C4.05	cor1	viable	V	1.573	0.14	3.56	4.245	9.195	16.962	12.718	7.684	0.579	5.679	0.985099	0.057	0.045772	-22.674	-23.845
SPAC2C4.06c	rcm1	viable	V	0.104	-0.007	0.0	0.942	7.755	18.446	17.504	5.675	0.038	0.011	-0.005298	0.041	0.358056	-25.899	-27.071
SPAC2C4.07c	dis32	viable	V	0.38	-0.026	0.0	0.887	7.303	17.371	16.484	5.344	0.14	0.038	-0.075977	0.076	0.368151	-19.791	-20.963
SPAC2C4.08	SPAC2C4.08	viable	V	-0.638	0.041	-0.0	0.945	7.782	18.51	17.565	5.695	-0.235	-0.068	-1.158864	0.384	0.592835	-3.582	-4.754
SPAC2C4.09	SPAC2C4.09	viable	V	-0.586	0.079	0.0	0.453	3.734	8.881	8.427	2.732	-0.215	-0.03	-0.375939	0.091	0.423256	-17.923	-19.094
SPAC2C4.10c	csc4	viable	V	-0.371	0.057	0.0	0.396	3.263	7.761	7.365	2.388	-0.137	-0.017	-0.186512	0.106	0.396878	-16.409	-17.581
SPAC2C4.12c	tpt1	inviable	E	6.425	1.02	0.94	1.325	4.107	8.474	7.149	3.258	2.364	50.884	0.998601	0.093	0.014523	-17.748	-18.92
SPAC2C4.15c	ubx2	viable	V	0.196	0.033	-0.0	0.364	3.001	7.138	6.773	2.196	0.072	1.762	0.574047	0.063	0.224181	-21.683	-22.854
SPAC2C4.16c	rps801	viable	V	6.064	0.84	1.119	1.56	4.75	9.755	8.195	3.776	2.231	44.033	0.982415	0.304	0.052444	-5.903	-7.075
SPAC2C4.17c	msy2	viable	V	0.017	-0.001	0.0	0.757	6.235	14.829	14.072	4.562	0.006	0.001	-0.125942	0.052	0.357106	-23.47	-24.642
SPAC2E12.02	hsf1	inviable	E	6.878	1.152	-0.0	0.364	3.001	7.138	6.773	2.196	2.53	61.868	0.931751	0.637	0.094941	1.487	0.315
SPAC2E12.03c	SPAC2E12.03c	viable	V	0.54	0.09	-0.0	0.364	3.001	7.138	6.773	2.196	0.199	4.856	0.133504	0.209	0.357894	-9.654	-10.825
SPAC2E12.05	wtf1	unknown	Not_determined	-0.365	0.051	0.0	0.438	3.61	8.588	8.149	2.642	-0.134	-0.018	-0.399493	0.077	0.428337	-19.682	-20.854
SPAC2E1P3.01	SPAC2E1P3.01	viable	V	0.397	0.066	1.301	1.666	4.302	8.439	6.773	3.497	0.146	3.074	0.376752	0.213	0.287638	-9.458	-10.63
SPAC2E1P3.02c	amt3	viable	V	-0.2	0.022	0.0	0.547	4.505	10.716	10.168	3.297	-0.074	-0.012	-0.066902	0.056	0.36208	-22.867	-24.039
SPAC2E1P3.03c	Tf2-3	unknown	Not_determined	0.506	0.085	-0.0	0.364	3.001	7.138	6.773	2.196	0.186	4.552	-0.044476	0.61	0.395647	1.058	-0.113
SPAC2E1P3.04	cao1	viable	V	-0.108	-0.018	0.0	0.364	3.001	7.138	6.773	2.196	-0.04	-0.975	0.301401	0.049	0.282617	-24.181	-25.353
SPAC2E1P5.01c	mns1	viable	V	0.177	0.03	-0.0	0.364	3.001	7.138	6.773	2.196	0.065	1.591	-0.04664	0.186	0.40677	-10.804	-11.976
SPAC2E1P5.03	erj5	viable	V	-0.029	-0.004	0.0	0.479	3.944	9.382	8.903	2.886	-0.011	-0.234	0.053754	0.033	0.345943	-28.154	-29.325
SPAC2E1P5.04c	cwg2	inviable	E	6.099	1.022	1.609	1.973	4.61	8.747	6.773	3.805	2.244	45.429	0.992732	0.211	0.035717	-9.543	-10.715
SPAC2E1P5.05	rrp9	inviable	E	6.263	1.049	0.151	0.516	3.152	7.289	6.773	2.347	2.304	55.46	0.98685	0.272	0.042169	-7.007	-8.179
SPAC2F3.01	imt1	viable	V	-0.036	0.003	0.0	0.833	6.858	16.313	15.48	5.019	-0.013	-0.003	-0.000214	0.057	0.324534	-22.626	-23.798
SPAC2F3.02	sec67	viable	V	0.954	0.125	0.834	1.299	4.663	9.943	8.644	3.636	0.351	6.989	0.814185	0.169	0.151054	-11.795	-12.966
SPAC2F3.03c	rpa49	inviable	E	6.812	0.703	1.162	1.753	6.035	12.754	11.001	4.728	2.506	41.349	0.992819	0.197	0.031639	-10.235	-11.407
SPAC2F3.04c	rim1	inviable	E	2.53	0.381	6.381	6.787	9.722	14.328	7.541	8.826	0.931	6.99	0.991411	0.073	0.035877	-20.221	-21.393
SPAC2F3.05c	SPAC2F3.05c	viable	V	0.587	-0.039	0.0	0.91	7.496	17.829	16.919	5.485	0.216	0.06	-0.014817	0.1	0.342779	-16.983	-18.154
SPAC2F3.06c	kap104	condition-dependent	E	5.477	0.449	1.207	1.952	7.342	15.8	13.848	5.696	2.015	27.942	0.997517	0.081	0.018392	-19.102	-20.273
SPAC2F3.07c	SPAC2F3.07c	viable	V	-0.077	0.005	0.0	0.911	7.498	17.835	16.924	5.487	-0.028	-0.008	-0.285438	0.164	0.372506	-12.108	-13.279
SPAC2F3.08	sut1	viable	V	0.359	-0.024	-0.0	0.913	7.52	17.888	16.974	5.503	0.132	0.037	0.011944	0.09	0.388994	-18.095	-19.267
SPAC2F3.09	hem1	condition-dependent	E	6.157	0.865	0.854	1.288	4.432	9.366	8.077	3.472	2.265	46.585	0.997401	0.118	0.020048	-15.37	-16.542
SPAC2F3.10	vps54	inviable	E	6.954	0.518	2.05	2.87	8.801	18.109	15.239	6.99	2.558	28.674	0.98655	0.218	0.041912	-9.233	-10.405
SPAC2F3.11	ppx1	viable	V	0.406	0.067	4.842	5.212	7.885	12.08	6.868	7.069	0.149	1.754	0.719859	0.12	0.189008	-15.185	-16.357
SPAC2F3.13c	qtr2	viable	V	0.432	0.028	-0.0	0.945	7.782	18.51	17.565	5.695	0.159	2.158	0.461934	0.106	0.308433	-16.463	-17.634
SPAC2F3.14c	saf2	inviable	E	5.648	0.62	0.868	1.424	5.447	11.761	10.337	4.219	2.078	37.18	0.994844	0.142	0.026737	-13.529	-14.7
SPAC2F3.15	lsk1	viable	V	0.718	0.046	0.0	0.945	7.782	18.51	17.565	5.695	0.264	3.59	0.86467	0.071	0.131609	-20.441	-21.613
SPAC2F3.16	SPAC2F3.16	viable	V	0.027	-0.004	0.0	0.377	3.102	7.379	7.002	2.27	0.01	0.001	-0.305076	0.128	0.423235	-14.572	-15.743
SPAC2F3.17c	lsm6	inviable	E	6.521	0.74	0.468	1.006	4.9	11.009	10.004	3.711	2.399	46.14	0.99165	0.209	0.034593	-9.655	-10.827
SPAC2F3.18c	SPAC2F3.18c	viable	V	-0.226	0.031	0.0	0.446	3.672	8.735	8.289	2.687	-0.083	-0.011	-0.016708	0.11	0.341033	-16.09	-17.261
SPAC2F7.02c	psr1	viable	V	-0.012	0.002	0.0	0.418	3.442	8.186	7.768	2.519	-0.004	-0.001	-0.112814	0.072	0.378972	-20.363	-21.535
SPAC2F7.03c	pom1	viable	V	1.19	0.199	-0.0	0.364	3.001	7.138	6.773	2.196	0.438	10.704	0.802761	0.211	0.164306	-9.553	-10.724
SPAC2F7.04	med1	viable	V	-0.036	0.005	0.0	0.481	3.959	9.418	8.937	2.897	-0.013	-0.002	-0.439473	0.099	0.428302	-17.176	-18.348
SPAC2F7.05c	tif5	inviable	E	6.599	1.105	-0.0	0.364	3.001	7.138	6.773	2.196	2.428	59.363	0.925426	0.662	0.095682	1.875	0.704
SPAC2F7.06c	pol4	viable	V	-0.068	0.006	-0.0	0.691	5.691	13.536	12.845	4.165	-0.025	-0.005	-0.263278	0.107	0.389246	-16.345	-17.517
SPAC2F7.07c	cph2	viable	V	1.639	0.274	1.086	1.45	4.086	8.223	6.773	3.282	0.603	13.042	0.993637	0.052	0.032149	-23.605	-24.777
SPAC2F7.08c	snf5	viable	V	1.38	0.115	0.62	1.354	6.663	14.994	13.64	5.042	0.508	7.757	0.988471	0.046	0.039172	-24.751	-25.923
SPAC2F7.09c	gep3	viable	V	0.415	0.027	0.002	0.946	7.772	18.484	17.539	5.688	0.153	2.076	0.965755	0.023	0.071795	-31.796	-32.968
SPAC2F7.10	akr1	viable	V	0.381	0.026	0.0	0.895	7.372	17.535	16.639	5.395	0.14	1.991	0.980328	0.015	0.051184	-35.697	-36.868
SPAC2F7.11	nrd1	viable	V	0.434	0.073	0.0	0.364	3.001	7.138	6.773	2.196	0.16	3.901	0.812944	0.081	0.164063	-19.168	-20.339
SPAC2F7.13c	wrs1	inviable	E	5.537	0.928	-0.0	0.364	3.001	7.138	6.773	2.196	2.037	49.805	0.961972	0.389	0.070497	-3.445	-4.617
SPAC2F7.15	rsm24	inviable	E	9.415	0.757	3.037	3.797	9.292	17.916	14.119	7.614	3.464	34.594	0.996387	0.151	0.022669	-12.891	-14.063
SPAC2F7.16c	pld1	viable	Not_determined	0.023	-0.001	0.0	0.942	7.755	18.445	17.503	5.675	0.008	0.002	-0.017946	0.046	0.344433	-24.758	-25.929
SPAC2F7.17	mrf1	viable	V	0.965	0.075	0.438	1.221	6.885	15.772	14.552	5.156	0.355	5.292	0.957356	0.061	0.081156	-21.898	-23.069
SPAC2G11.02	urb2	inviable	E	6.556	0.731	0.502	1.05	5.012	11.228	10.179	3.802	2.412	45.709	0.994958	0.163	0.026216	-12.164	-13.335
SPAC2G11.03c	vps45	viable	V	2.847	0.224	2.795	3.57	9.172	17.963	14.393	7.462	1.047	10.776	0.93533	0.198	0.0888	-10.194	-11.365
SPAC2G11.04	rbm17	viable	V	-0.144	0.009	0.0	0.945	7.782	18.51	17.565	5.695	-0.053	-0.015	-1.307643	0.086	0.56115	-18.486	-19.657
SPAC2G11.05c	alx1	viable	V	0.361	0.061	-0.0	0.364	3.001	7.138	6.773	2.196	0.133	3.249	-0.246457	1.958	0.434358	12.717	11.546
SPAC2G11.06	vps4	viable	V	5.431	0.398	1.843	2.676	8.699	18.149	15.473	6.86	1.998	22.897	0.982946	0.194	0.048026	-10.42	-11.592
SPAC2G11.07c	ptc3	viable	V	0.162	0.027	-0.0	0.364	3.001	7.138	6.773	2.196	0.06	1.46	-0.180027	0.432	0.38751	-2.392	-3.563
SPAC2G11.09	SPAC2G11.09	viable	V	0.021	-0.004	0.0	0.364	3.001	7.138	6.773	2.196	0.008	0.001	-0.607425	0.167	0.515711	-11.923	-13.095
SPAC2G11.10c	uba42	viable	V	2.394	0.182	0.468	1.271	7.077	16.189	14.918	5.305	0.881	12.828	0.990699	0.067	0.034738	-21.055	-22.227
SPAC2G11.11c	prh1	inviable	E	6.493	0.734	0.336	0.876	4.781	10.908	10.032	3.588	2.389	46.62	0.990815	0.218	0.034855	-9.221	-10.392
SPAC2G11.12	rqh1	viable	V	2.704	0.423	2.76	3.15	5.973	10.402	7.252	5.111	0.995	16.532	0.998204	0.045	0.017615	-25.029	-26.201
SPAC2G11.13	atg22	viable	V	-0.007	0.001	0.0	0.363	2.989	7.11	6.747	2.187	-0.002	-0.0	-1.169194	0.109	0.564604	-16.167	-17.339
SPAC2G11.14	taf1	inviable	E	5.194	0.739	0.22	0.649	3.755	8.628	7.979	2.806	1.911	42.621	0.990454	0.188	0.035772	-10.72	-11.892
SPAC2G11.15c	tgs1	viable	Not_determined	1.667	0.22	7.913	8.375	11.717	16.961	8.586	10.697	0.613	2.452	0.991862	0.034	0.033567	-27.705	-28.877
SPAC2H10.01	SPAC2H10.01	viable	V	0.22	0.037	-0.0	0.364	3.001	7.138	6.773	2.196	0.081	1.979	0.366903	0.064	0.290554	-21.547	-22.718
SPAC2H10.02c	nas2	viable	V	-1.0	0.065	0.002	0.947	7.783	18.51	17.563	5.696	-0.368	-0.107	0.040786	0.148	0.351434	-13.109	-14.28
SPAC2H10.04	SPAC2H10.04	unknown	Not_determined	-0.69	0.087	0.0	0.484	3.983	9.473	8.989	2.914	-0.254	-0.038	-0.028545	0.118	0.362027	-15.4	-16.571
SPAC30.01c	sec72	viable	V	-0.028	0.002	0.0	0.82	6.748	16.052	15.232	4.938	-0.01	-0.003	-1.431303	0.097	0.633848	-17.333	-18.504
SPAC30.02c	kti12	viable	V	4.683	0.41	0.719	1.417	6.464	14.385	12.968	4.923	1.723	26.964	0.989844	0.147	0.037472	-13.145	-14.317
SPAC30.03c	tsn1	viable	V	0.201	0.034	-0.0	0.364	3.001	7.138	6.773	2.196	0.074	1.811	0.390191	0.083	0.262717	-18.887	-20.059
SPAC30.04c	abc4	viable	V	-0.047	-0.003	0.0	0.945	7.781	18.509	17.564	5.694	-0.017	-0.233	0.433198	0.021	0.30096	-32.6	-33.772
SPAC30C2.02	mmd1	viable	V	2.87	0.481	1.592	1.957	4.593	8.73	6.773	3.788	1.056	21.422	0.957215	0.249	0.08543	-7.902	-9.074
SPAC30C2.03	SPAC30C2.03	inviable	E	7.81	0.84	6.186	6.753	10.858	17.299	10.546	9.605	2.873	17.427	0.990371	0.197	0.036306	-10.261	-11.432
SPAC30C2.04	asc1	viable	V	2.789	0.418	3.758	4.165	7.11	11.732	7.567	6.211	1.026	14.058	0.997444	0.053	0.020494	-23.457	-24.628
SPAC30C2.05	erv14	viable	V	0.003	0.0	0.0	0.362	2.977	7.081	6.72	2.179	0.001	0.023	-0.004018	0.017	0.321051	-34.549	-35.721
SPAC30C2.06c	dml1	viable	V	5.823	0.976	0.787	1.152	3.788	7.925	6.773	2.983	2.142	48.032	0.982246	0.307	0.053064	-5.813	-6.985
SPAC30C2.07	fnp1	viable	V	-0.04	-0.003	-0.0	0.717	5.906	14.047	13.33	4.322	-0.015	-0.249	0.243612	0.041	0.314802	-25.884	-27.055
SPAC30C2.08	SPAC30C2.08	viable	V	0.271	0.044	0.0	0.378	3.113	7.403	7.025	2.278	0.1	2.403	0.93743	0.028	0.088128	-29.841	-31.013
SPAC30D11.01c	gto2	viable	V	0.016	-0.003	-0.0	0.364	2.995	7.124	6.761	2.192	0.006	0.001	-2.082366	0.118	0.591282	-15.349	-16.521
SPAC30D11.02c	SPAC30D11.02c	viable	V	-0.02	0.003	0.0	0.406	3.341	7.946	7.54	2.445	-0.007	-0.001	-0.23777	0.084	0.368745	-18.717	-19.889
SPAC30D11.03	ddx27	inviable	E	5.43	0.91	0.287	0.651	3.288	7.424	6.773	2.483	1.997	47.388	0.995021	0.146	0.026501	-13.275	-14.446
SPAC30D11.04c	nup124	viable	V	1.611	0.27	0.424	0.788	3.424	7.561	6.773	2.62	0.593	13.85	0.54632	0.585	0.287528	0.631	-0.541
SPAC30D11.05	aps3	viable	V	0.712	0.119	5.377	5.742	8.378	12.515	6.773	7.573	0.262	2.753	0.874938	0.093	0.140242	-17.784	-18.956
SPAC30D11.06c	hfl1	viable	V	-0.01	0.001	0.0	0.869	7.155	17.018	16.149	5.236	-0.004	-0.001	-2.720684	0.109	0.678777	-16.138	-17.31
SPAC30D11.07	nth1	viable	V	0.577	0.037	0.0	0.945	7.782	18.51	17.565	5.695	0.212	2.882	0.837948	0.063	0.135673	-21.675	-22.847
SPAC30D11.09	cwf19	viable	V	1.103	0.071	0.021	0.964	7.792	18.506	17.542	5.708	0.406	5.502	0.92234	0.085	0.093131	-18.615	-19.787
SPAC30D11.10	rad52	viable	V	4.307	0.627	1.423	1.842	4.876	9.637	7.795	3.95	1.584	30.806	0.971248	0.287	0.064459	-6.475	-7.646
SPAC30D11.11	izh3	viable	V	-0.136	-0.023	-0.0	0.364	3.001	7.138	6.773	2.196	-0.05	-1.222	-0.196231	0.098	0.432495	-17.254	-18.426
SPAC30D11.13	hus5	condition-dependent	V	6.864	0.594	3.331	4.037	9.142	17.153	13.117	7.583	2.525	25.299	0.98628	0.232	0.044422	-8.606	-9.777
SPAC30D11.14c	SPAC30D11.14c	viable	V	0.963	0.062	-0.0	0.945	7.782	18.51	17.565	5.695	0.354	4.814	0.661981	0.153	0.186055	-12.802	-13.973
SPAC31A2.02	trm112	viable	V	5.146	0.332	-0.0	0.945	7.782	18.51	17.565	5.695	1.893	25.722	0.865159	0.492	0.120358	-1.102	-2.274
SPAC31A2.03	mrp11	inviable	E	7.031	0.676	3.557	4.193	8.789	16.002	11.809	7.386	2.587	26.948	0.999962	0.013	0.00241	-37.413	-38.585
SPAC31A2.04c	pre1	inviable	E	7.272	0.83	0.902	1.437	5.308	11.382	9.945	4.126	2.675	48.798	0.980426	0.365	0.051647	-4.072	-5.243
SPAC31A2.05c	mis4	inviable	E	7.004	0.655	2.274	2.928	7.652	15.066	12.138	6.21	2.576	33.296	0.999522	0.048	0.008382	-24.34	-25.512
SPAC31A2.06	atp25	viable	V	3.471	0.307	4.184	4.874	9.863	17.691	12.817	8.34	1.277	10.916	0.904228	0.277	0.10634	-6.825	-7.997
SPAC31A2.07c	dbp10	inviable	E	6.379	1.069	-0.0	0.364	3.001	7.138	6.773	2.196	2.347	57.38	0.960771	0.457	0.070529	-1.836	-3.008
SPAC31A2.08	mrp20	inviable	E	7.324	0.627	3.335	4.048	9.205	17.297	13.249	7.631	2.694	26.75	0.990068	0.201	0.038287	-10.067	-11.239
SPAC31A2.09c	apm4	viable	V	0.345	0.022	-0.0	0.945	7.782	18.51	17.565	5.695	0.127	1.723	0.874693	0.036	0.119062	-27.254	-28.426
SPAC31A2.10	SPAC31A2.10	viable	V	-0.002	0.0	0.0	0.364	3.001	7.138	6.773	2.196	-0.001	-0.0	-2.959667	0.121	0.727446	-15.14	-16.312
SPAC31A2.11c	cuf1	viable	V	3.155	0.223	1.342	2.206	8.45	18.247	16.042	6.543	1.16	13.995	0.894943	0.277	0.109881	-6.849	-8.021
SPAC31A2.12	rod1	viable	V	0.342	0.057	-0.0	0.364	3.001	7.138	6.773	2.196	0.126	3.076	-0.259317	0.239	0.391118	-8.298	-9.469
SPAC31A2.13c	sft1	viable	V	6.529	0.905	0.557	0.997	4.184	9.184	8.186	3.211	2.402	50.892	0.99738	0.124	0.019417	-14.853	-16.025
SPAC31A2.14	bun107	viable	V	0.192	0.032	-0.0	0.364	3.001	7.138	6.773	2.196	0.071	1.73	0.158376	0.094	0.306316	-17.64	-18.812
SPAC31A2.15c	dcc1	viable	V	0.777	0.097	1.334	1.823	5.36	10.91	9.086	4.28	0.286	5.182	0.90403	0.095	0.117831	-17.592	-18.763
SPAC31A2.16	gef2	viable	V	0.922	0.154	2.655	3.019	5.655	9.792	6.773	4.851	0.339	5.927	0.154128	1.155	0.355646	7.442	6.271
SPAC31F12.01	zds1	viable	V	-0.085	0.013	0.0	0.388	3.192	7.593	7.205	2.336	-0.031	-0.004	-0.006885	0.158	0.359276	-12.469	-13.641
SPAC31G5.01	sap49	inviable	E	4.579	0.767	0.301	0.666	3.302	7.439	6.773	2.497	1.685	39.903	0.993205	0.144	0.032647	-13.354	-14.526
SPAC31G5.02	rot1	inviable	E	7.569	0.6	0.354	1.125	6.701	15.45	14.325	4.998	2.785	42.525	0.965716	0.423	0.065034	-2.613	-3.785
SPAC31G5.03	rps1101	viable	V	5.965	0.708	0.314	0.828	4.548	10.384	9.557	3.412	2.194	44.159	0.960153	0.428	0.075313	-2.497	-3.668
SPAC31G5.04	lys12	viable	V	0.21	0.035	0.196	0.561	3.197	7.334	6.773	2.392	0.077	1.848	0.537033	0.091	0.245194	-17.946	-19.117
SPAC31G5.05c	rpe1	inviable	E	7.447	0.745	1.505	2.115	6.528	13.452	11.337	5.181	2.74	42.096	0.967708	0.446	0.071817	-2.071	-3.243
SPAC31G5.06	rrg8	inviable	E	5.852	0.745	7.624	8.104	11.573	17.018	8.914	10.514	2.153	9.335	0.990337	0.131	0.037095	-14.307	-15.479
SPAC31G5.07	dni1	viable	V	0.504	-0.034	0.0	0.915	7.533	17.918	17.003	5.513	0.185	0.052	0.016879	0.078	0.351173	-19.471	-20.642
SPAC31G5.08	hem4	inviable	E	7.222	0.631	1.492	2.191	7.249	15.186	12.995	5.705	2.657	37.035	0.99857	0.084	0.014138	-18.75	-19.922
SPAC31G5.09c	spk1	viable	V	0.071	0.012	-0.0	0.364	3.001	7.138	6.773	2.196	0.026	0.64	-0.062204	0.051	0.369323	-23.839	-25.01
SPAC31G5.10	eta2	viable	V	-0.022	0.002	0.0	0.621	5.113	12.163	11.542	3.742	-0.008	-0.002	-0.316533	0.04	0.439346	-26.084	-27.256
SPAC31G5.11	pac2	viable	V	1.412	0.119	-0.0	0.727	5.99	14.247	13.52	4.383	0.52	8.685	0.936883	0.106	0.086671	-16.484	-17.656
SPAC31G5.12c	maf1	viable	V	1.84	0.308	-0.0	0.364	3.001	7.138	6.773	2.196	0.677	16.549	0.744349	0.318	0.185697	-5.442	-6.614
SPAC31G5.13	rpn11	inviable	E	5.995	0.838	0.464	0.901	4.059	9.016	8.115	3.095	2.206	47.452	0.993167	0.185	0.030673	-10.895	-12.066
SPAC31G5.14	gcv1	viable	V	-0.386	0.063	0.0	0.375	3.087	7.343	6.968	2.259	-0.142	-0.016	-0.280767	0.052	0.447575	-23.581	-24.752
SPAC31G5.15	psd3	viable	V	-0.131	0.017	0.0	0.459	3.781	8.993	8.534	2.767	-0.048	-0.007	-1.22768	0.106	0.521817	-16.45	-17.622
SPAC31G5.16c	dpm1	inviable	E	6.797	1.139	0.302	0.666	3.303	7.44	6.773	2.498	2.5	59.222	0.98172	0.353	0.050618	-4.415	-5.587
SPAC31G5.17c	rps1001	viable	V	2.661	0.297	0.592	1.139	5.095	11.303	10.164	3.887	0.979	18.356	0.984881	0.115	0.047778	-15.64	-16.812
SPAC31G5.19	abo1	viable	V	5.281	0.526	0.55	1.163	5.601	12.564	11.4	4.246	1.943	34.057	0.968262	0.321	0.064002	-5.376	-6.548
SPAC323.01c	pos5	condition-dependent	V	7.68	0.74	5.105	5.739	10.321	17.511	11.772	8.922	2.825	20.903	0.970106	0.34	0.062844	-4.781	-5.953
SPAC323.03c	pex8	viable	V	0.821	-0.054	0.0	0.927	7.637	18.164	17.237	5.588	0.302	0.086	0.012422	0.114	0.315682	-15.691	-16.863
SPAC323.04	SPAC323.04	viable	V	0.221	-0.015	0.0	0.923	7.597	18.071	17.148	5.56	0.081	0.023	-0.107994	0.086	0.341857	-18.477	-19.649
SPAC323.05c	mtq2	viable	V	4.795	0.381	2.882	3.652	9.215	17.946	14.294	7.517	1.764	17.957	0.997055	0.07	0.020227	-20.557	-21.729
SPAC323.06c	uba5	inviable	E	6.263	0.531	3.686	4.406	9.615	17.789	13.382	8.025	2.304	21.138	0.997673	0.081	0.018289	-19.088	-20.259
SPAC323.07c	SPAC323.07c	viable	V	-0.151	0.01	0.0	0.943	7.762	18.462	17.519	5.68	-0.056	-0.016	-0.101315	0.051	0.344285	-23.701	-24.873
SPAC328.01c	msn5	viable	V	4.174	0.699	4.923	5.287	7.923	12.06	6.773	7.119	1.536	17.87	0.912434	0.498	0.137187	-0.964	-2.135
SPAC328.02	dbl4	viable	V	5.744	0.477	1.001	1.735	7.05	15.391	13.655	5.428	2.113	30.548	0.98194	0.236	0.04879	-8.425	-9.597
SPAC328.03	tps1	viable	V	0.404	0.068	-0.0	0.364	3.001	7.138	6.773	2.196	0.149	3.632	0.924966	0.04	0.10431	-26.227	-27.399
SPAC328.04	spg4	viable	V	-0.135	-0.023	0.0	0.364	3.001	7.138	6.773	2.196	-0.05	-1.218	0.733132	0.033	0.186786	-28.208	-29.379
SPAC328.05	hrb1	viable	V	0.025	-0.002	0.0	0.908	7.472	17.774	16.866	5.468	0.009	0.003	0.000951	0.08	0.335379	-19.196	-20.368
SPAC328.06	ubp2	viable	V	0.533	0.089	3.306	3.67	6.307	10.443	6.773	5.502	0.196	3.094	0.183958	0.435	0.332547	-2.317	-3.489
SPAC328.07c	bsd1	viable	V	0.243	0.041	-0.0	0.364	3.001	7.138	6.773	2.196	0.089	2.183	0.047932	0.216	0.35629	-9.329	-10.501
SPAC328.09	odc1	viable	V	0.122	-0.008	-0.0	0.945	7.782	18.51	17.565	5.695	0.045	0.013	-0.178105	0.091	0.439541	-18.019	-19.191
SPAC328.10c	rps502	viable	V	3.076	0.515	0.934	1.299	3.935	8.072	6.773	3.13	1.131	24.933	0.999133	0.035	0.011825	-27.413	-28.585
SPAC32A11.01	mug8	viable	V	-0.229	0.015	0.0	0.929	7.651	18.199	17.269	5.599	-0.084	-0.024	-0.069049	0.079	0.343743	-19.332	-20.504
SPAC32A11.02c	SPAC32A11.02c	viable	V	0.669	0.112	2.93	3.294	5.931	10.068	6.773	5.126	0.246	4.126	0.198691	0.638	0.349083	1.508	0.336
SPAC32A11.03c	phx1	viable	V	0.854	0.143	-0.0	0.364	3.001	7.138	6.773	2.196	0.314	7.686	0.695984	0.181	0.182763	-11.076	-12.248
SPAC32A11.04c	tif212	inviable	E	6.47	1.084	-0.0	0.364	3.001	7.138	6.773	2.196	2.38	58.203	0.954845	0.492	0.078959	-1.103	-2.274
SPAC343.01c	erg8	inviable	E	6.695	0.878	1.058	1.524	4.89	10.172	8.648	3.862	2.463	47.645	0.997564	0.123	0.018886	-14.962	-16.133
SPAC343.02	img1	inviable	E	0.729	0.102	0.0	0.437	3.594	8.55	8.113	2.63	0.268	6.085	0.91528	0.082	0.101867	-18.973	-20.145
SPAC343.04c	gid7	viable	V	-0.099	0.006	0.0	0.943	7.767	18.476	17.532	5.684	-0.036	-0.011	-0.705446	0.087	0.509153	-18.47	-19.641
SPAC343.05	vma1	condition-dependent	E	3.42	0.521	1.098	1.499	4.4	8.953	7.455	3.515	1.258	26.072	0.98856	0.142	0.040757	-13.491	-14.662
SPAC343.06c	pls1	viable	V	0.314	-0.021	0.0	0.901	7.421	17.651	16.75	5.43	0.116	0.032	-0.091879	0.077	0.370151	-19.593	-20.764
SPAC343.07	mug28	viable	V	0.27	0.045	-0.0	0.364	3.001	7.138	6.773	2.196	0.099	2.433	-0.001045	0.113	0.339021	-15.813	-16.985
SPAC343.08c	mrp17	inviable	E	3.052	0.359	1.961	2.48	6.24	12.139	9.658	5.092	1.123	17.901	0.999826	0.014	0.005188	-36.429	-37.601
SPAC343.09	ubx3	viable	V	0.889	0.149	0.661	1.026	3.662	7.799	6.773	2.857	0.327	7.444	0.825055	0.167	0.172525	-11.918	-13.09
SPAC343.10	met11	viable	V	-0.332	0.047	0.0	0.435	3.583	8.522	8.087	2.622	-0.122	-0.016	-0.083756	0.05	0.343078	-24.008	-25.18
SPAC343.11c	msc1	viable	V	-0.002	0.0	0.0	0.364	3.001	7.138	6.773	2.196	-0.001	-0.0	-2.539523	0.121	0.694781	-15.129	-16.3
SPAC343.12	rds1	viable	V	-0.039	0.003	0.0	0.684	5.629	13.389	12.705	4.119	-0.014	-0.003	-0.653146	0.051	0.464067	-23.841	-25.013
SPAC343.13	gta2	inviable	E	6.253	0.701	6.56	7.105	11.044	17.226	10.122	9.841	2.3	12.903	0.991031	0.144	0.035576	-13.381	-14.553
SPAC343.14c	tif222	inviable	E	6.507	1.09	-0.0	0.364	3.001	7.138	6.773	2.196	2.394	58.537	0.988627	0.258	0.040847	-7.566	-8.737
SPAC343.15	tit1	viable	V	2.251	0.167	1.967	2.792	8.76	18.125	15.333	6.938	0.828	9.363	0.977485	0.091	0.052984	-18.013	-19.184
SPAC343.16	lys2	viable	V	0.68	0.079	3.819	4.347	8.17	14.169	9.822	7.003	0.25	2.845	0.977416	0.037	0.05773	-26.951	-28.123
SPAC343.17c	wdr70	condition-dependent	E	3.352	0.277	3.384	4.122	9.465	17.848	13.726	7.834	1.233	11.782	0.9858	0.107	0.043471	-16.335	-17.506
SPAC343.19	lsb6	viable	V	-0.612	-0.04	-0.0	0.945	7.782	18.51	17.565	5.695	-0.225	-3.059	0.943908	0.039	0.07943	-26.544	-27.716
SPAC343.21	SPAC343.21	viable	Not_determined	0.206	-0.013	0.0	0.933	7.685	18.28	17.346	5.624	0.076	0.022	-0.201968	0.085	0.361493	-18.699	-19.871
SPAC3A11.02	cps3	viable	V	0.175	0.029	-0.0	0.364	3.001	7.138	6.773	2.196	0.064	1.571	0.181226	0.091	0.314238	-18.024	-19.196
SPAC3A11.03	efm3	viable	V	-0.314	-0.053	-0.0	0.364	3.001	7.138	6.773	2.196	-0.116	-2.828	0.245368	0.15	0.295042	-12.94	-14.112
SPAC3A11.04	sei1	viable	V	-0.019	0.003	0.0	0.402	3.308	7.868	7.466	2.421	-0.007	-0.001	-1.255558	0.045	0.58843	-24.942	-26.114
SPAC3A11.06	mvp1	viable	V	-0.006	0.001	0.0	0.364	3.001	7.138	6.773	2.196	-0.002	-0.0	-2.483781	0.109	0.607954	-16.125	-17.296
SPAC3A11.07	nde1	viable	V	0.269	0.032	0.0	0.515	4.235	10.073	9.558	3.099	0.099	2.067	0.796668	0.057	0.174594	-22.6	-23.772
SPAC3A11.08	cul4	condition-dependent	E	7.224	0.523	1.674	2.517	8.614	18.182	15.666	6.753	2.658	30.998	0.994167	0.148	0.027679	-13.111	-14.283
SPAC3A11.09	sod22	viable	V	0.439	0.031	1.297	2.163	8.427	18.256	16.093	6.515	0.162	1.956	0.763757	0.077	0.180196	-19.694	-20.865
SPAC3A11.10c	dpe1	viable	V	0.256	0.043	-0.0	0.364	3.001	7.138	6.773	2.196	0.094	2.306	0.178451	0.104	0.341143	-16.596	-17.768
SPAC3A11.11c	SPAC3A11.11c	viable	V	-0.115	-0.019	-0.0	0.364	3.001	7.138	6.773	2.196	-0.042	-1.034	-0.230693	0.091	0.468204	-17.987	-19.159
SPAC3A11.12c	rpt5	inviable	E	6.954	1.165	-0.0	0.364	3.001	7.138	6.773	2.196	2.558	62.56	0.655423	1.482	0.220496	9.937	8.765
SPAC3A11.13	pfd6	viable	V	2.382	0.259	3.682	4.244	8.308	14.685	10.441	7.067	0.876	9.791	0.998839	0.026	0.013429	-30.472	-31.643
SPAC3A11.14c	pkl1	viable	V	0.307	0.02	0.0	0.945	7.782	18.51	17.565	5.695	0.113	1.536	0.924492	0.026	0.099555	-30.541	-31.713
SPAC3A12.02	ceo2	inviable	E	5.35	0.638	5.512	6.024	9.727	15.537	9.513	8.596	1.968	15.624	0.986525	0.178	0.044207	-11.259	-12.43
SPAC3A12.03c	meu34	viable	V	-0.097	0.006	0.0	0.945	7.782	18.51	17.565	5.695	-0.036	-0.01	-0.000847	0.113	0.329978	-15.846	-17.018
SPAC3A12.04c	rpp1	inviable	E	6.455	0.972	0.859	1.264	4.198	8.801	7.537	3.302	2.375	50.436	0.989728	0.252	0.038192	-7.797	-8.969
SPAC3A12.05c	taf2	inviable	E	6.002	0.965	1.935	2.314	5.063	9.375	7.061	4.224	2.208	41.99	0.997504	0.12	0.020041	-15.236	-16.407
SPAC3A12.06c	SPAC3A12.06c	viable	V	-0.013	0.002	0.0	0.364	3.001	7.138	6.773	2.196	-0.005	-0.001	-0.430267	0.104	0.412606	-16.676	-17.847
SPAC3A12.07	rpb11	inviable	E	7.132	0.842	0.686	1.203	4.944	10.814	9.611	3.802	2.624	50.237	0.996474	0.151	0.022192	-12.88	-14.052
SPAC3A12.08	SPAC3A12.08	viable	V	-0.284	0.019	0.0	0.932	7.671	18.247	17.315	5.614	-0.105	-0.03	-0.047116	0.084	0.360608	-18.81	-19.981
SPAC3A12.10	rpl2001	viable	V	9.376	0.861	1.123	1.787	6.594	14.137	12.349	5.126	3.449	52.799	0.929875	0.809	0.106967	3.884	2.713
SPAC3A12.11c	cwf2	inviable	E	6.453	1.081	0.536	0.9	3.537	7.674	6.773	2.732	2.374	54.793	0.970857	0.435	0.071742	-2.315	-3.487
SPAC3A12.12	atp11	viable	V	1.161	0.194	4.294	4.658	7.295	11.432	6.773	6.49	0.427	5.646	0.942709	0.11	0.106789	-16.073	-17.245
SPAC3A12.13c	tif310	viable	V	7.73	0.499	-0.0	0.945	7.782	18.51	17.565	5.695	2.844	38.639	0.902744	0.648	0.105706	1.661	0.489
SPAC3A12.14	cam1	inviable	E	7.901	1.071	1.021	1.472	4.731	9.846	8.374	3.736	2.907	57.466	0.873151	1.046	0.12771	6.446	5.274
SPAC3A12.15	vps53	inviable	E	6.015	0.581	1.766	2.399	6.971	14.146	11.747	5.575	2.213	31.844	0.987209	0.225	0.04276	-8.936	-10.107
SPAC3A12.16c	tim17	inviable	E	8.004	1.341	0.422	0.786	3.423	7.56	6.773	2.618	2.944	68.828	0.873486	1.223	0.14142	8.012	6.84
SPAC3A12.17c	cys12	viable	V	-0.057	0.005	-0.0	0.744	6.126	14.572	13.828	4.483	-0.021	-0.005	-0.509209	0.175	0.460244	-11.436	-12.608
SPAC3A12.18	zwf1	condition-dependent	E	6.223	0.91	0.962	1.379	4.399	9.137	7.757	3.477	2.289	47.365	0.994506	0.176	0.028258	-11.349	-12.521
SPAC3C7.01c	sac12	viable	V	0.046	-0.008	0.0	0.364	3.001	7.138	6.773	2.196	0.017	0.002	-0.717605	0.057	0.530285	-22.6	-23.771
SPAC3C7.02c	pil2	viable	V	-0.001	0.0	0.0	0.716	5.893	14.016	13.301	4.312	-0.0	-0.0	-0.634177	0.047	0.468748	-24.603	-25.774
SPAC3C7.03c	rad55	viable	V	4.177	0.302	1.635	2.48	8.595	18.19	15.71	6.728	1.537	17.993	0.992588	0.096	0.030959	-17.398	-18.57
SPAC3C7.04	SPAC3C7.04	viable	V	0.887	0.109	0.612	1.109	4.703	10.344	9.236	3.606	0.326	6.451	0.991256	0.031	0.037543	-28.832	-30.003
SPAC3C7.05c	mug191	viable	V	-0.089	0.007	0.0	0.805	6.626	15.76	14.955	4.849	-0.033	-0.008	-0.238438	0.057	0.393392	-22.709	-23.881
SPAC3C7.06c	pit1	viable	V	0.016	-0.003	0.0	0.388	3.197	7.605	7.217	2.34	0.006	0.001	-1.785966	0.118	0.633149	-15.337	-16.509
SPAC3C7.07c	ate1	viable	V	-0.575	0.068	0.0	0.512	4.219	10.036	9.524	3.088	-0.211	-0.033	-0.050514	0.075	0.328703	-19.91	-21.082
SPAC3C7.08c	elf1	viable	V	5.403	0.531	1.044	1.665	6.158	13.208	11.542	4.786	1.988	32.281	0.994112	0.138	0.028463	-13.787	-14.959
SPAC3C7.09	set8	viable	V	-0.068	0.009	0.0	0.477	3.93	9.347	8.869	2.876	-0.025	-0.004	-2.126205	0.076	0.670192	-19.717	-20.889
SPAC3C7.10	pex13	viable	V	-0.013	0.002	0.0	0.364	3.001	7.138	6.773	2.196	-0.005	-0.001	-1.13279	0.093	0.563838	-17.748	-18.92
SPAC3C7.11c	cnx1	inviable	E	6.37	0.807	3.391	3.873	7.361	12.833	8.96	6.296	2.344	30.85	0.99769	0.111	0.019169	-16.009	-17.181
SPAC3C7.12	tip1	viable	V	0.4	0.067	-0.0	0.364	3.001	7.138	6.773	2.196	0.147	3.602	0.684498	0.079	0.192498	-19.393	-20.564
SPAC3C7.13c	SPAC3C7.13c	viable	V	-0.01	0.002	0.0	0.364	3.001	7.138	6.773	2.196	-0.004	-0.0	-0.634187	0.14	0.475027	-13.686	-14.857
SPAC3C7.14c	obr1	viable	V	0.521	0.034	0.0	0.945	7.782	18.51	17.565	5.695	0.192	2.603	0.226035	0.226	0.334998	-8.882	-10.053
SPAC3F10.02c	trk1	viable	V	1.058	0.139	7.867	8.332	11.694	16.97	8.639	10.668	0.389	1.577	0.904824	0.078	0.106999	-19.551	-20.723
SPAC3F10.03	grs1	inviable	E	6.649	1.114	-0.0	0.364	3.001	7.138	6.773	2.196	2.446	59.811	0.955172	0.512	0.074276	-0.693	-1.865
SPAC3F10.04	gsa1	condition-dependent	V	0.471	0.03	0.0	0.945	7.782	18.51	17.565	5.695	0.173	2.356	0.873366	0.053	0.125541	-23.355	-24.527
SPAC3F10.05c	mug113	viable	V	0.179	0.03	-0.0	0.364	3.001	7.138	6.773	2.196	0.066	1.606	-0.161095	0.445	0.358412	-2.093	-3.265
SPAC3F10.06c	rit1	viable	V	-0.05	0.003	0.0	0.945	7.781	18.507	17.562	5.694	-0.018	-0.005	-0.163368	0.134	0.381624	-14.103	-15.275
SPAC3F10.07c	erf4	viable	Not_determined	0.542	0.037	0.0	0.901	7.418	17.644	16.743	5.428	0.199	2.82	0.953981	0.036	0.083088	-27.272	-28.444
SPAC3F10.08c	faf1	inviable	E	6.022	1.009	0.341	0.705	3.341	7.478	6.773	2.537	2.215	52.25	0.996825	0.129	0.0217	-14.471	-15.642
SPAC3F10.09	his6	viable	V	0.07	-0.011	0.0	0.387	3.187	7.58	7.193	2.332	0.026	0.003	-0.406219	0.096	0.464442	-17.468	-18.64
SPAC3F10.10c	map3	viable	V	0.197	0.025	0.0	0.487	4.008	9.532	9.046	2.933	0.072	1.559	0.857133	0.031	0.147549	-28.648	-29.819
SPAC3F10.11c	abc2	viable	V	0.604	0.101	4.984	5.348	7.984	12.121	6.773	7.18	0.222	2.552	0.917036	0.074	0.134604	-20.033	-21.204
SPAC3F10.12c	SPAC3F10.12c	viable	V	0.066	-0.004	0.0	0.944	7.772	18.487	17.543	5.688	0.024	0.007	-0.071555	0.038	0.336995	-26.769	-27.941
SPAC3F10.13	ucp6	viable	V	-0.131	-0.022	-0.0	0.364	3.001	7.138	6.773	2.196	-0.048	-1.179	-0.192132	0.09	0.406974	-18.131	-19.303
SPAC3F10.16c	SPAC3F10.16c	viable	V	6.231	0.847	0.477	0.926	4.173	9.269	8.343	3.182	2.292	48.581	0.994452	0.171	0.02867	-11.64	-12.812
SPAC3F10.17	ltv1	viable	V	6.633	0.825	0.157	0.647	4.197	9.766	9.118	3.113	2.44	51.325	0.990379	0.233	0.036271	-8.57	-9.742
SPAC3F10.19	spd2	viable	Not_determined	0.32	-0.021	0.0	0.915	7.537	17.927	17.011	5.515	0.118	0.033	-0.166697	0.135	0.358429	-14.015	-15.187
SPAC3G6.01	hrp3	viable	V	1.231	0.206	0.25	0.614	3.251	7.388	6.773	2.446	0.453	10.789	0.89988	0.158	0.118226	-12.447	-13.619
SPAC3G6.03c	ifs1	viable	V	-0.022	0.004	0.0	0.364	2.999	7.133	6.769	2.194	-0.008	-0.001	-0.957185	0.154	0.550476	-12.735	-13.907
SPAC3G6.04	rnp24	viable	V	0.151	-0.01	0.0	0.938	7.721	18.365	17.427	5.65	0.056	0.016	-0.009893	0.037	0.324913	-27.046	-28.217
SPAC3G6.05	SPAC3G6.05	viable	V	0.009	-0.001	0.0	0.364	3.001	7.138	6.773	2.196	0.003	0.0	-1.181008	0.074	0.511712	-20.01	-21.182
SPAC3G6.06c	rad2	viable	V	1.877	0.206	6.364	6.921	10.947	17.264	10.344	9.718	0.691	4.038	0.910847	0.131	0.104121	-14.343	-15.514
SPAC3G6.07	SPAC3G6.07	unknown	Not_determined	-0.366	0.049	0.0	0.454	3.739	8.893	8.439	2.736	-0.135	-0.019	-0.549653	0.081	0.425803	-19.093	-20.264
SPAC3G6.09c	tps2	viable	V	0.404	0.068	-0.0	0.364	3.001	7.138	6.773	2.196	0.149	3.635	-0.040476	0.184	0.361802	-10.939	-12.111
SPAC3G6.10c	vps51	inviable	E	8.535	0.92	6.207	6.773	10.869	17.295	10.522	9.618	3.14	18.963	0.997979	0.098	0.017072	-17.232	-18.404
SPAC3G6.11	chl1	viable	V	0.055	-0.009	0.0	0.364	3.001	7.138	6.773	2.196	0.02	0.002	-0.588789	0.038	0.561551	-26.653	-27.825
SPAC3G6.13c	rpl4101	viable	V	0.451	0.076	-0.0	0.364	3.001	7.138	6.773	2.196	0.166	4.059	0.278313	0.188	0.316902	-10.734	-11.906
SPAC3G9.01	nsk1	viable	V	-0.094	0.015	0.0	0.373	3.067	7.296	6.924	2.245	-0.035	-0.004	-0.168091	0.056	0.369787	-22.853	-24.025
SPAC3G9.02	oar2	viable	V	2.839	0.364	7.67	8.147	11.596	17.009	8.862	10.543	1.045	4.473	0.997511	0.033	0.018796	-28.099	-29.271
SPAC3G9.03	rpl2301	viable	V	2.084	0.153	0.0	0.83	6.833	16.252	15.422	5.0	0.767	11.586	0.977704	0.089	0.052777	-18.229	-19.401
SPAC3G9.04	ssu72	viable	V	1.396	0.178	7.656	8.134	11.589	17.011	8.877	10.535	0.513	2.207	0.988714	0.034	0.039859	-27.849	-29.021
SPAC3G9.05	spa2	viable	V	0.201	-0.013	0.0	0.925	7.616	18.116	17.191	5.573	0.074	0.021	-0.388105	0.042	0.463868	-25.761	-26.933
SPAC3G9.06	frs2	inviable	E	6.589	1.104	-0.0	0.364	3.001	7.138	6.773	2.196	2.424	59.273	0.94005	0.574	0.087887	0.445	-0.726
SPAC3G9.07c	hos2	viable	V	0.532	0.034	0.0	0.945	7.782	18.51	17.565	5.695	0.196	2.661	0.926765	0.043	0.095974	-25.466	-26.638
SPAC3G9.08	png1	condition-dependent	V	1.04	0.174	0.579	0.943	3.58	7.717	6.773	2.775	0.383	8.788	0.79235	0.211	0.176722	-9.559	-10.73
SPAC3G9.09c	tif211	inviable	E	6.941	1.163	-0.0	0.364	3.001	7.138	6.773	2.196	2.554	62.442	0.962749	0.487	0.072019	-1.194	-2.365
SPAC3G9.10c	rrp41	inviable	E	6.299	1.055	-0.0	0.364	3.001	7.138	6.773	2.196	2.317	56.663	0.853411	0.879	0.138179	4.711	3.54
SPAC3G9.11c	pdc201	viable	V	0.193	0.032	-0.0	0.364	3.001	7.138	6.773	2.196	0.071	1.739	-0.315306	0.141	0.387136	-13.623	-14.795
SPAC3G9.12	peg1	inviable	E	5.876	0.924	1.04	1.429	4.237	8.643	7.214	3.379	2.162	45.782	0.999588	0.046	0.007974	-24.751	-25.923
SPAC3G9.13c	msw1	inviable	E	5.789	0.603	5.878	6.464	10.705	17.36	10.896	9.41	2.13	13.721	0.965568	0.269	0.068106	-7.125	-8.296
SPAC3G9.14	sak1	inviable	E	6.439	1.079	0.604	0.968	3.605	7.742	6.773	2.8	2.369	54.247	0.993713	0.198	0.031331	-10.178	-11.35
SPAC3G9.15c	fcf2	inviable	E	6.522	1.093	-0.0	0.364	3.001	7.138	6.773	2.196	2.399	58.668	0.964953	0.444	0.067298	-2.129	-3.301
SPAC3G9.16c	bet5	inviable	E	5.652	0.937	1.596	1.964	4.629	8.81	6.846	3.815	2.079	41.979	0.997955	0.102	0.018019	-16.84	-18.011
SPAC3G9.17	ppt2	viable	Not_determined	3.728	0.376	5.572	6.177	10.553	17.419	11.242	9.217	1.371	9.352	0.990632	0.091	0.036079	-17.994	-19.165
SPAC3H1.01c	orc3	inviable	E	6.481	0.988	1.58	1.981	4.879	9.427	7.446	3.995	2.384	46.41	0.997922	0.115	0.018013	-15.585	-16.757
SPAC3H1.02c	sdd3	viable	V	0.025	-0.003	0.0	0.491	4.045	9.622	9.13	2.96	0.009	0.001	-0.9716	0.085	0.551142	-18.666	-19.837
SPAC3H1.03	mug151	viable	V	0.362	-0.024	-0.0	0.909	7.481	17.795	16.886	5.475	0.133	0.037	0.007293	0.086	0.335777	-18.539	-19.711
SPAC3H1.04c	mdm31	viable	V	1.722	0.242	2.968	3.403	6.552	11.493	8.089	5.591	0.634	9.579	0.99339	0.052	0.033358	-23.5	-24.672
SPAC3H1.05	ste24	viable	V	-0.007	0.001	0.0	0.507	4.177	9.936	9.429	3.057	-0.003	-0.0	-0.478054	0.074	0.447038	-20.009	-21.18
SPAC3H1.06c	SPAC3H1.06c	viable	V	-0.165	-0.028	-0.0	0.364	3.001	7.138	6.773	2.196	-0.061	-1.488	0.145218	0.059	0.306788	-22.319	-23.49
SPAC3H1.07	aru1	viable	V	1.056	0.151	0.0	0.428	3.522	8.378	7.95	2.577	0.388	8.891	0.738903	0.226	0.167936	-8.878	-10.049
SPAC3H1.08c	SPAC3H1.08c	viable	V	-0.016	0.003	0.0	0.364	2.996	7.127	6.763	2.193	-0.006	-0.001	-0.851125	0.076	0.505941	-19.718	-20.89
SPAC3H1.10	pcs2	viable	V	-0.008	0.001	-0.0	0.364	2.999	7.133	6.769	2.195	-0.003	-0.0	-1.590552	0.112	0.63738	-15.934	-17.105
SPAC3H1.11	hsr1	viable	V	-0.038	0.003	0.0	0.933	7.679	18.265	17.333	5.619	-0.014	-0.004	-0.091228	0.08	0.348833	-19.228	-20.4
SPAC3H1.12c	snt2	viable	V	0.341	0.052	0.0	0.4	3.29	7.826	7.427	2.408	0.126	2.96	0.801414	0.062	0.149427	-21.804	-22.976
SPAC3H1.13	ppk13	viable	V	0.042	-0.007	-0.0	0.364	3.001	7.137	6.773	2.196	0.016	0.002	-0.769938	0.056	0.5188	-22.912	-24.083
SPAC3H5.06c	pol1	inviable	E	6.509	1.09	-0.0	0.364	3.001	7.138	6.773	2.196	2.394	58.551	0.982018	0.324	0.048898	-5.281	-6.453
SPAC3H5.07	rpl702	viable	V	3.222	0.338	0.071	0.653	4.868	11.482	10.829	3.581	1.185	22.821	0.985588	0.132	0.042867	-14.27	-15.442
SPAC3H5.08c	wdr44	viable	V	-0.156	-0.026	-0.0	0.364	3.001	7.138	6.773	2.196	-0.057	-1.403	-0.225955	0.231	0.406582	-8.674	-9.845
SPAC3H5.09c	hob2	viable	V	-0.127	-0.021	0.0	0.364	3.001	7.138	6.773	2.196	-0.047	-1.142	0.032862	0.193	0.382686	-10.437	-11.609
SPAC3H8.02	csr102	viable	V	0.831	-0.055	0.0	0.916	7.54	17.935	17.02	5.518	0.306	0.086	-0.089473	0.103	0.377043	-16.737	-17.908
SPAC3H8.03	img2	viable	V	0.376	0.063	-0.0	0.364	3.001	7.138	6.773	2.196	0.138	3.386	0.540714	0.123	0.226909	-14.957	-16.129
SPAC3H8.04	SPAC3H8.04	viable	V	0.863	-0.056	-0.0	0.945	7.782	18.51	17.565	5.695	0.317	0.092	-0.17158	0.159	0.447684	-12.365	-13.537
SPAC3H8.05c	mms1	viable	V	3.492	0.336	5.094	5.728	10.315	17.513	11.784	8.915	1.285	9.522	0.991993	0.082	0.033696	-19.07	-20.242
SPAC3H8.06	aur1	inviable	E	7.386	0.843	0.127	0.662	4.533	10.608	9.946	3.351	2.717	54.672	0.965393	0.488	0.065519	-1.176	-2.348
SPAC3H8.08c	SPAC3H8.08c	viable	V	0.134	-0.009	0.0	0.903	7.436	17.688	16.785	5.442	0.049	0.014	-0.114767	0.099	0.369609	-17.121	-18.292
SPAC3H8.09c	nab3	viable	V	-0.135	-0.023	-0.0	0.364	3.001	7.138	6.773	2.196	-0.05	-1.219	-0.054792	0.074	0.443382	-20.031	-21.203
SPAC3H8.10	spo20	condition-dependent	V	4.963	0.531	0.372	0.942	5.068	11.542	10.6	3.808	1.826	34.32	0.992673	0.146	0.031233	-13.236	-14.408
SPAC458.02c	SPAC458.02c	viable	V	0.009	-0.001	0.0	0.364	3.001	7.138	6.773	2.196	0.003	0.0	-0.302289	0.092	0.426695	-17.888	-19.06
SPAC458.03	tel2	inviable	E	6.309	0.918	1.121	1.54	4.574	9.334	7.794	3.648	2.321	46.954	0.998417	0.096	0.015442	-17.431	-18.602
SPAC458.04c	dli1	viable	V	-0.562	-0.094	4.948	5.312	7.948	12.085	6.773	7.144	-0.207	-2.393	0.23405	0.419	0.28209	-2.708	-3.88
SPAC458.05	pik3	viable	V	2.785	0.249	4.302	4.985	9.921	17.668	12.683	8.414	1.024	8.606	0.999569	0.015	0.008011	-35.72	-36.892
SPAC458.06	atg1803	viable	V	-0.501	0.056	0.0	0.549	4.517	10.745	10.196	3.306	-0.184	-0.031	-0.530675	0.08	0.478576	-19.267	-20.439
SPAC458.07	tfa1	inviable	E	5.706	0.956	1.617	1.982	4.618	8.755	6.773	3.813	2.099	42.456	0.982665	0.303	0.052865	-5.936	-7.108
SPAC4A8.02c	SPAC4A8.02c	viable	V	-0.034	0.002	0.0	0.927	7.631	18.15	17.223	5.584	-0.012	-0.004	-0.240757	0.192	0.420526	-10.515	-11.687
SPAC4A8.03c	ptc4	condition-dependent	V	5.241	0.79	8.732	9.137	12.068	16.668	7.53	11.174	1.928	5.985	0.919793	0.304	0.103997	-5.918	-7.09
SPAC4A8.04	isp6	viable	V	4.174	0.699	-0.0	0.364	3.001	7.138	6.773	2.196	1.535	37.544	0.793021	0.663	0.160853	1.893	0.721
SPAC4A8.05c	myp2	condition-dependent	V	0.001	-0.0	0.0	0.365	3.001	7.139	6.774	2.196	0.0	0.0	-3.372217	0.092	0.749847	-17.835	-19.006
SPAC4A8.06c	SPAC4A8.06c	viable	V	-0.002	0.0	0.0	0.364	3.001	7.137	6.773	2.196	-0.001	-0.0	-2.555169	0.093	0.681718	-17.782	-18.954
SPAC4A8.07c	lcb4	viable	V	0.611	-0.041	0.0	0.908	7.476	17.783	16.875	5.471	0.225	0.063	0.009924	0.093	0.31802	-17.766	-18.938
SPAC4A8.08c	vrs2	inviable	E	6.183	0.823	5.037	5.496	8.813	14.018	8.522	7.8	2.275	22.076	0.998115	0.088	0.017127	-18.293	-19.464
SPAC4A8.09c	cwf21	viable	V	0.675	0.05	-0.0	0.824	6.783	16.135	15.311	4.964	0.248	3.777	0.815333	0.086	0.160731	-18.535	-19.707
SPAC4A8.10	rog1	viable	V	0.824	0.138	-0.0	0.364	3.001	7.138	6.773	2.196	0.303	7.41	-0.024715	0.418	0.419386	-2.73	-3.901
SPAC4A8.11c	fas2	inviable	E	6.426	1.066	0.422	0.789	3.45	7.626	6.837	2.638	2.364	55.059	0.991163	0.231	0.034843	-8.647	-9.819
SPAC4A8.12c	sds22	inviable	E	6.142	0.804	2.208	2.674	6.047	11.34	8.666	5.018	2.26	37.06	0.999941	0.018	0.003075	-34.371	-35.543
SPAC4A8.13c	pts1	inviable	E	6.742	1.129	0.696	1.061	3.697	7.834	6.773	2.892	2.48	56.2	0.989554	0.269	0.039539	-7.122	-8.294
SPAC4A8.14	SPAC4A8.14	viable	V	0.051	-0.003	0.0	0.928	7.645	18.183	17.255	5.594	0.019	0.005	-0.059742	0.04	0.330632	-26.105	-27.277
SPAC4A8.15c	cdc3	inviable	E	5.556	0.931	1.389	1.753	4.39	8.527	6.773	3.585	2.044	42.579	0.969597	0.399	0.072077	-3.184	-4.356
SPAC4A8.16c	tif303	inviable	E	6.892	1.155	-0.0	0.364	3.001	7.138	6.773	2.196	2.535	61.999	0.977955	0.375	0.054658	-3.81	-4.981
SPAC4C5.01	pud1	viable	V	-0.152	0.02	0.0	0.476	3.92	9.323	8.847	2.868	-0.056	-0.008	-2.063208	0.083	0.658357	-18.895	-20.067
SPAC4C5.02c	ryh1	condition-dependent	V	7.529	0.61	3.146	3.899	9.346	17.894	13.996	7.683	2.77	27.287	0.999518	0.045	0.008348	-25.081	-26.252
SPAC4C5.03	SPAC4C5.03	viable	V	3.303	0.453	8.181	8.627	11.85	16.909	8.282	10.866	1.215	4.48	0.866125	0.243	0.127075	-8.138	-9.309
SPAC4C5.04	rad31	viable	V	4.134	0.52	4.783	5.269	8.781	14.292	9.023	7.708	1.521	15.001	0.999363	0.034	0.009988	-27.829	-29.001
SPAC4D7.01c	sec71	viable	V	0.134	-0.009	0.0	0.941	7.747	18.427	17.486	5.669	0.049	0.014	-0.009361	0.046	0.326719	-24.848	-26.019
SPAC4D7.02c	pgc1	viable	V	-0.009	0.001	0.0	0.435	3.578	8.511	8.077	2.619	-0.003	-0.0	-0.315123	0.065	0.419194	-21.338	-22.509
SPAC4D7.03	pop2	viable	V	0.314	0.02	-0.0	0.945	7.782	18.51	17.565	5.695	0.115	1.568	0.553359	0.059	0.216218	-22.225	-23.396
SPAC4D7.04c	rer2	inviable	E	5.975	1.001	1.156	1.52	4.157	8.294	6.773	3.352	2.198	47.15	0.991833	0.216	0.036924	-9.338	-10.51
SPAC4D7.05	sum1	inviable	E	7.498	1.256	-0.0	0.364	3.001	7.138	6.773	2.196	2.758	67.451	0.814578	1.145	0.152509	7.353	6.181
SPAC4D7.07c	csi2	viable	V	0.43	0.072	-0.0	0.364	3.001	7.138	6.773	2.196	0.158	3.865	-0.1702	0.237	0.3475	-8.412	-9.584
SPAC4D7.08c	ade4	viable	Not_determined	-1.0	-0.168	8.992	9.356	11.992	16.129	6.773	11.187	-0.368	-1.094	0.902126	0.08	0.116407	-19.217	-20.389
SPAC4D7.09	tif223	inviable	E	5.911	0.99	-0.0	0.364	3.001	7.138	6.773	2.196	2.175	53.177	0.852526	0.819	0.137422	4.004	2.832
SPAC4D7.10c	spt20	viable	V	0.239	0.04	-0.0	0.364	3.001	7.138	6.773	2.196	0.088	2.147	0.026487	0.121	0.384776	-15.103	-16.274
SPAC4D7.11	dsc4	viable	V	-0.234	-0.039	0.0	0.365	3.001	7.138	6.773	2.196	-0.086	-2.105	0.60125	0.06	0.240594	-22.149	-23.321
SPAC4D7.12c	fet5	inviable	E	5.66	0.948	-0.0	0.364	3.001	7.138	6.773	2.196	2.082	50.913	0.990363	0.208	0.037689	-9.698	-10.87
SPAC4D7.13	prp40	inviable	E	5.871	0.68	5.283	5.81	9.623	15.605	9.795	8.459	2.16	17.752	0.999997	0.003	0.00063	-52.808	-53.979
SPAC4D7.15	gem6	unknown	Not_determined	6.734	0.734	3.885	4.444	8.494	14.849	10.404	7.258	2.477	26.64	0.998132	0.094	0.016925	-17.628	-18.8
SPAC4F10.02	ape4	viable	V	-0.266	-0.018	0.0	0.88	7.248	17.241	16.361	5.304	-0.098	-1.408	0.747812	0.037	0.178476	-26.839	-28.011
SPAC4F10.03c	trm7	inviable	E	6.203	0.874	0.552	0.985	4.12	9.04	8.055	3.163	2.282	48.765	0.997399	0.118	0.0195	-15.371	-16.543
SPAC4F10.04	ypa1	viable	V	0.725	0.068	0.0	0.653	5.375	12.784	12.131	3.933	0.267	4.812	0.816523	0.116	0.155687	-15.556	-16.728
SPAC4F10.05c	lip2	viable	V	4.054	0.679	8.778	9.143	11.779	15.916	6.773	10.974	1.491	4.943	0.994968	0.07	0.027006	-20.659	-21.83
SPAC4F10.06	bud22	viable	V	6.146	0.646	0.333	0.913	5.114	11.706	10.793	3.832	2.261	42.235	0.984565	0.262	0.044609	-7.391	-8.563
SPAC4F10.07c	atg13	viable	V	0.619	0.104	-0.0	0.364	3.001	7.138	6.773	2.196	0.228	5.57	0.797247	0.104	0.15041	-16.611	-17.783
SPAC4F10.08	mug126	viable	V	-0.149	-0.025	-0.0	0.364	3.001	7.138	6.773	2.196	-0.055	-1.342	0.011848	0.11	0.418712	-16.1	-17.272
SPAC4F10.09c	noc1	inviable	E	6.216	0.972	0.115	0.505	3.331	7.765	7.259	2.468	2.287	53.764	0.989094	0.243	0.038252	-8.167	-9.339
SPAC4F10.11	spn1	viable	V	0.353	0.059	-0.0	0.364	3.001	7.138	6.773	2.196	0.13	3.173	0.455447	0.106	0.240798	-16.402	-17.574
SPAC4F10.12	fta1	inviable	E	5.198	0.553	2.217	2.791	6.947	13.467	10.676	5.678	1.912	27.392	0.979212	0.261	0.055782	-7.432	-8.604
SPAC4F10.13c	mpd2	viable	V	1.216	0.204	1.702	2.066	4.703	8.84	6.773	3.898	0.447	8.944	0.870997	0.195	0.141578	-10.372	-11.543
SPAC4F10.14c	btf3	viable	V	-0.103	-0.017	-0.0	0.364	3.001	7.138	6.773	2.196	-0.038	-0.923	-0.108267	0.148	0.363324	-13.114	-14.286
SPAC4F10.15c	wsp1	condition-dependent	V	1.202	0.096	2.597	3.364	8.911	17.616	14.252	7.218	0.442	4.755	0.918152	0.098	0.116331	-17.197	-18.369
SPAC4F10.16c	SPAC4F10.16c	viable	V	0.034	-0.002	0.0	0.905	7.448	17.716	16.811	5.45	0.013	0.004	-0.057786	0.063	0.359723	-21.654	-22.826
SPAC4F10.17	SPAC4F10.17	viable	V	-0.299	-0.019	-0.0	0.945	7.782	18.51	17.565	5.695	-0.11	-1.494	0.45586	0.096	0.299198	-17.399	-18.57
SPAC4F10.18	nup37	viable	V	-0.107	-0.018	-0.0	0.364	3.001	7.138	6.773	2.196	-0.039	-0.96	-0.268867	0.124	0.404065	-14.903	-16.075
SPAC4F10.20	grx1	viable	V	-0.635	0.081	0.0	0.477	3.929	9.345	8.868	2.875	-0.234	-0.034	-0.029674	0.099	0.348247	-17.136	-18.308
SPAC4F8.01	did4	viable	V	0.874	0.062	0.908	1.772	8.026	17.84	16.068	6.117	0.321	4.136	0.987928	0.028	0.041784	-29.892	-31.064
SPAC4F8.02c	mrpl40	inviable	E	8.055	0.674	3.527	4.257	9.536	17.82	13.563	7.924	2.963	27.776	0.983942	0.268	0.047127	-7.16	-8.332
SPAC4F8.03	sdo1	viable	V	6.229	0.65	0.716	1.301	5.533	12.172	10.871	4.241	2.292	40.533	0.980063	0.304	0.05143	-5.902	-7.074
SPAC4F8.04	rpf1	inviable	E	6.098	1.021	0.621	0.986	3.622	7.759	6.773	2.817	2.243	51.272	0.987263	0.268	0.042851	-7.171	-8.343
SPAC4F8.05c	mrpl28	inviable	E	7.459	0.631	3.667	4.388	9.605	17.792	13.404	8.013	2.744	25.24	0.998161	0.085	0.016334	-18.62	-19.792
SPAC4F8.07c	hxk2	condition-dependent	E	4.502	0.703	0.069	0.46	3.289	7.727	7.267	2.425	1.656	39.111	0.986189	0.197	0.04261	-10.22	-11.392
SPAC4F8.08	mug114	viable	V	0.329	0.022	0.0	0.932	7.676	18.257	17.325	5.617	0.121	1.664	0.445686	0.065	0.290013	-21.339	-22.511
SPAC4F8.10c	stg1	viable	V	0.59	-0.039	0.0	0.93	7.661	18.221	17.291	5.606	0.217	0.062	0.025576	0.111	0.33538	-16.012	-17.183
SPAC4F8.11	sea2	viable	V	0.071	-0.012	0.0	0.37	3.05	7.254	6.884	2.232	0.026	0.003	-1.23684	0.072	0.526395	-20.295	-21.466
SPAC4F8.12c	spp42	inviable	E	6.335	1.061	-0.0	0.364	3.001	7.138	6.773	2.196	2.331	56.99	0.972318	0.394	0.062125	-3.303	-4.475
SPAC4F8.13c	rng2	inviable	E	5.838	0.725	1.452	1.943	5.502	11.085	9.142	4.415	2.148	38.174	0.999695	0.037	0.006834	-26.894	-28.065
SPAC4F8.14c	hcs1	inviable	E	6.128	1.027	0.969	1.334	3.97	8.107	6.773	3.165	2.254	49.466	0.97596	0.378	0.059123	-3.72	-4.892
SPAC4F8.15	itr1	viable	V	0.034	0.006	0.0	0.364	3.001	7.138	6.773	2.196	0.012	0.302	-0.092049	0.083	0.365479	-18.894	-20.065
SPAC4G8.02c	sss1	inviable	E	5.943	0.852	0.172	0.598	3.68	8.516	7.918	2.739	2.186	49.204	0.983445	0.284	0.046341	-6.589	-7.76
SPAC4G8.03c	puf5	viable	V	0.37	0.062	0.0	0.365	3.001	7.138	6.773	2.196	0.136	3.328	0.519651	0.125	0.228757	-14.821	-15.992
SPAC4G8.04	SPAC4G8.04	viable	V	-0.424	0.062	0.0	0.415	3.415	8.123	7.708	2.499	-0.156	-0.02	-0.281595	0.05	0.426502	-23.977	-25.149
SPAC4G8.05	ppk14	viable	V	0.524	-0.035	0.0	0.907	7.468	17.763	16.856	5.465	0.193	0.054	0.027082	0.095	0.349166	-17.542	-18.713
SPAC4G8.06c	trm12	viable	V	-0.023	0.002	0.0	0.678	5.579	13.271	12.594	4.083	-0.008	-0.002	-1.155068	0.084	0.538162	-18.711	-19.883
SPAC4G8.07c	trm2	viable	V	0.41	0.026	0.001	0.946	7.781	18.506	17.56	5.694	0.151	2.05	0.906693	0.039	0.122394	-26.337	-27.509
SPAC4G8.08	mrs4	viable	V	-0.104	0.017	-0.0	0.364	3.001	7.138	6.773	2.196	-0.038	-0.004	-0.330186	0.041	0.441091	-26.045	-27.216
SPAC4G8.10	gos1	viable	V	6.27	1.05	0.295	0.659	3.296	7.433	6.773	2.491	2.306	54.669	0.989268	0.249	0.039842	-7.906	-9.077
SPAC4G8.11c	atp10	viable	V	1.393	0.104	2.049	2.869	8.801	18.109	15.24	6.99	0.512	5.743	0.996072	0.024	0.023613	-31.33	-32.502
SPAC4G8.12c	smp3	inviable	E	6.215	0.858	1.749	2.191	5.39	10.409	8.218	4.413	2.286	41.357	0.997593	0.115	0.019851	-15.589	-16.761
SPAC4G8.13c	prz1	viable	V	0.01	-0.002	0.0	0.364	3.001	7.138	6.774	2.196	0.004	0.0	-1.462284	0.144	0.529583	-13.413	-14.585
SPAC4G9.02	rnh201	viable	V	0.034	-0.006	0.0	0.364	3.001	7.138	6.773	2.196	0.013	0.001	-0.787196	0.052	0.498553	-23.594	-24.766
SPAC4G9.04c	pcf11	inviable	E	6.372	1.067	0.253	0.617	3.254	7.391	6.773	2.449	2.344	55.815	0.983223	0.317	0.051127	-5.474	-6.646
SPAC4G9.05	mpf1	viable	V	0.26	0.044	0.0	0.365	3.001	7.138	6.773	2.196	0.096	2.338	0.691574	0.069	0.201089	-20.74	-21.912
SPAC4G9.07	mug133	viable	V	-0.116	-0.019	-0.0	0.364	3.001	7.138	6.773	2.196	-0.043	-1.046	-0.127638	0.1	0.465446	-17.065	-18.237
SPAC4G9.08c	rpc2	inviable	E	6.802	1.139	0.665	1.03	3.666	7.803	6.773	2.861	2.502	56.907	0.985669	0.318	0.045838	-5.446	-6.618
SPAC4G9.09c	arg11	viable	V	-0.35	0.047	0.0	0.459	3.778	8.986	8.528	2.765	-0.129	-0.018	-0.384009	0.089	0.43322	-18.164	-19.336
SPAC4G9.10	arg3	viable	V	-0.033	-0.006	0.0	0.365	3.001	7.138	6.773	2.196	-0.012	-0.296	0.256601	0.028	0.28895	-29.643	-30.815
SPAC4G9.11c	cmb1	viable	V	0.169	0.028	-0.0	0.364	3.001	7.138	6.773	2.196	0.062	1.516	-0.308536	0.2	0.418567	-10.091	-11.262
SPAC4G9.12	idn1	viable	V	0.068	0.004	-0.0	0.945	7.781	18.509	17.564	5.694	0.025	0.34	-0.098848	0.094	0.349446	-17.607	-18.779
SPAC4G9.13c	vps26	viable	V	-0.01	0.002	0.0	0.364	3.001	7.138	6.773	2.196	-0.004	-0.0	-1.692679	0.095	0.604127	-17.555	-18.726
SPAC4G9.14	sym1	viable	V	0.87	0.146	0.413	0.778	3.414	7.551	6.773	2.609	0.32	7.49	0.091934	1.367	0.361866	9.13	7.958
SPAC4G9.15	ifa38	viable	V	6.072	0.96	1.323	1.709	4.502	8.884	7.175	3.65	2.234	45.762	0.999898	0.024	0.004032	-31.302	-32.474
SPAC4G9.16c	rpl901	viable	V	6.54	0.443	0.725	1.626	8.142	18.368	16.742	6.153	2.406	30.742	0.981014	0.237	0.04967	-8.39	-9.561
SPAC4G9.17c	mrp5	inviable	E	9.05	0.734	3.156	3.909	9.351	17.892	13.984	7.69	3.329	32.753	0.997828	0.113	0.01768	-15.812	-16.984
SPAC4G9.19	SPAC4G9.19	viable	V	-0.166	-0.011	-0.0	0.945	7.782	18.51	17.565	5.695	-0.061	-0.829	0.473797	0.058	0.272239	-22.429	-23.6
SPAC4G9.20c	ymc1	viable	V	0.196	0.033	-0.0	0.364	3.001	7.138	6.773	2.196	0.072	1.766	0.792869	0.032	0.161025	-28.558	-29.73
SPAC4G9.22	SPAC4G9.22	unknown	Not_determined	1.359	0.228	8.372	8.736	11.372	15.509	6.773	10.568	0.5	2.005	0.918283	0.092	0.102209	-17.883	-19.055
SPAC4H3.01	SPAC4H3.01	viable	V	-0.166	-0.028	-0.0	0.364	3.001	7.138	6.773	2.196	-0.061	-1.489	-0.125964	0.204	0.382934	-9.873	-11.044
SPAC4H3.02c	swc3	viable	V	-0.048	0.003	0.0	0.938	7.722	18.367	17.429	5.651	-0.017	-0.005	-1.122289	0.096	0.576537	-17.465	-18.637
SPAC4H3.04c	SPAC4H3.04c	viable	V	0.25	-0.017	0.0	0.923	7.6	18.077	17.154	5.561	0.092	0.026	-0.268215	0.046	0.427474	-24.755	-25.927
SPAC4H3.05	srs2	viable	V	0.693	0.059	0.0	0.724	5.956	14.167	13.444	4.359	0.255	4.28	0.953573	0.047	0.084545	-24.485	-25.657
SPAC4H3.06	rss1	viable	V	0.165	-0.022	0.0	0.455	3.744	8.906	8.451	2.74	0.061	0.008	-0.080552	0.173	0.335806	-11.529	-12.7
SPAC4H3.07c	rdl2	viable	V	-0.075	0.005	0.0	0.919	7.569	18.003	17.084	5.539	-0.028	-0.008	-0.446296	0.133	0.404133	-14.208	-15.379
SPAC4H3.08	fox2	inviable	E	-0.365	-0.061	-0.0	0.364	3.001	7.138	6.773	2.196	-0.134	-3.286	0.164984	0.189	0.347203	-10.667	-11.838
SPAC4H3.09	SPAC4H3.09	inviable	E	5.437	0.911	1.31	1.675	4.311	8.448	6.773	3.506	2.0	42.082	0.96923	0.387	0.067656	-3.497	-4.669
SPAC4H3.11c	ppc89	inviable	E	6.185	1.036	1.156	1.52	4.156	8.293	6.773	3.352	2.275	48.805	0.977067	0.379	0.061509	-3.703	-4.875
SPAC4H3.13	pcc1	viable	V	6.723	0.52	0.22	1.01	6.724	15.69	14.68	4.98	2.473	37.74	0.985169	0.239	0.043187	-8.309	-9.481
SPAC4H3.14c	rng8	viable	V	-0.122	0.008	0.0	0.934	7.688	18.287	17.353	5.626	-0.045	-0.013	-0.425782	0.064	0.468049	-21.47	-22.641
SPAC4H3.16	SPAC4H3.16	unknown	Not_determined	-0.307	0.035	0.0	0.538	4.431	10.539	10.001	3.242	-0.113	-0.019	-0.943007	0.135	0.487736	-14.053	-15.225
SPAC513.01c	eft201	viable	V	0.467	0.046	0.0	0.618	5.085	12.094	11.477	3.721	0.172	3.218	0.965899	0.029	0.065413	-29.3	-30.472
SPAC513.04	SPAC513.04	viable	V	-0.491	0.059	0.0	0.512	4.215	10.025	9.513	3.084	-0.181	-0.028	-0.624559	0.073	0.478713	-20.14	-21.311
SPAC513.05	ams1	viable	V	0.057	-0.01	0.0	0.364	3.001	7.138	6.773	2.196	0.021	0.002	-0.48539	0.041	0.484213	-26.022	-27.193
SPAC513.06c	dhd1	viable	V	0.026	0.004	0.0	0.364	3.001	7.137	6.773	2.196	0.009	0.232	0.014513	0.042	0.339156	-25.607	-26.779
SPAC513.07	SPAC513.07	viable	V	-0.637	0.089	-0.0	0.439	3.613	8.594	8.155	2.644	-0.234	-0.032	-0.084655	0.142	0.388232	-13.513	-14.684
SPAC521.02	wss1	viable	V	-0.376	0.052	0.0	0.44	3.624	8.621	8.18	2.652	-0.138	-0.019	-0.10195	0.086	0.382441	-18.528	-19.7
SPAC521.03	SPAC521.03	viable	V	0.113	-0.018	0.0	0.384	3.16	7.516	7.132	2.312	0.042	0.005	-0.162327	0.092	0.383184	-17.822	-18.994
SPAC521.04c	sst1	viable	V	-0.287	-0.03	0.0	0.582	4.788	11.388	10.806	3.504	-0.106	-2.054	0.181527	0.226	0.324607	-8.861	-10.033
SPAC56E4.02c	alg13	inviable	E	4.009	0.672	1.019	1.383	4.02	8.157	6.773	3.215	1.475	32.165	0.861193	0.654	0.157238	1.755	0.584
SPAC56E4.03	SPAC56E4.03	viable	V	2.149	0.21	0.797	1.423	5.95	13.053	11.63	4.568	0.791	13.225	0.98651	0.084	0.042642	-18.784	-19.956
SPAC56E4.04c	cut6	inviable	E	6.101	1.022	0.385	0.75	3.386	7.523	6.773	2.581	2.244	52.673	0.99027	0.231	0.037214	-8.651	-9.822
SPAC56E4.05	snd2	inviable	E	6.144	0.835	3.062	3.512	6.764	11.866	8.354	5.771	2.26	32.985	0.981036	0.307	0.056038	-5.819	-6.991
SPAC56E4.06c	ggt2	viable	V	1.078	0.136	7.549	8.034	11.536	17.032	8.999	10.467	0.396	1.754	0.943131	0.057	0.085673	-22.622	-23.793
SPAC56E4.07	SPAC56E4.07	viable	V	0.188	0.012	-0.0	0.945	7.782	18.51	17.565	5.695	0.069	0.94	0.036896	0.143	0.333478	-13.468	-14.64
SPAC56F8.02	cmr2	viable	V	1.93	0.323	-0.0	0.364	3.001	7.138	6.773	2.196	0.71	17.363	0.711617	0.355	0.202437	-4.354	-5.526
SPAC56F8.03	tif52	inviable	E	6.033	1.011	-0.0	0.364	3.001	7.138	6.773	2.196	2.219	54.269	0.899208	0.686	0.108882	2.227	1.056
SPAC56F8.04c	ppt1	condition-dependent	V	1.243	0.094	2.28	3.086	8.916	18.064	14.978	7.136	0.457	4.995	0.970994	0.06	0.063113	-22.162	-23.334
SPAC56F8.05c	mug64	viable	V	-0.179	0.027	0.0	0.402	3.312	7.877	7.475	2.423	-0.066	-0.008	-0.960671	0.053	0.513041	-23.308	-24.479
SPAC56F8.06c	alg10	viable	V	0.196	-0.021	0.0	0.567	4.665	11.097	10.53	3.414	0.072	0.013	-0.13648	0.15	0.37493	-12.998	-14.17
SPAC56F8.07	ema19	inviable	Not_determined	0.199	0.033	-0.0	0.364	3.001	7.138	6.773	2.196	0.073	1.787	-0.237333	0.127	0.367112	-14.605	-15.777
SPAC56F8.08	mud1	viable	V	0.226	0.038	-0.0	0.364	3.001	7.138	6.773	2.196	0.083	2.032	0.044632	0.157	0.368803	-12.485	-13.656
SPAC56F8.09	rrp8	viable	V	0.548	0.035	0.0	0.945	7.782	18.51	17.565	5.695	0.202	2.739	0.951563	0.036	0.080818	-27.32	-28.492
SPAC56F8.10	met9	inviable	E	6.832	0.662	0.508	1.138	5.699	12.856	11.718	4.307	2.513	43.494	0.993612	0.18	0.02913	-11.142	-12.313
SPAC56F8.11	spc3	inviable	E	5.832	0.927	0.685	1.07	3.848	8.208	7.139	3.0	2.145	47.64	0.996884	0.125	0.022087	-14.813	-15.985
SPAC56F8.12	SPAC56F8.12	viable	V	1.33	-0.086	0.0	0.941	7.744	18.42	17.48	5.667	0.489	0.141	0.001479	0.34	0.367962	-4.777	-5.949
SPAC56F8.13	SPAC56F8.13	unknown	Not_determined	0.079	0.011	-0.0	0.443	3.644	8.668	8.226	2.667	0.029	0.656	-0.242874	0.05	0.374428	-23.923	-25.094
SPAC56F8.14c	mug115	viable	V	-0.421	0.065	0.0	0.397	3.269	7.776	7.379	2.392	-0.155	-0.019	-0.111575	0.046	0.342431	-24.891	-26.063
SPAC56F8.15	SPAC56F8.15	unknown	Not_determined	-0.026	0.002	0.0	0.74	6.095	14.498	13.758	4.46	-0.01	-0.002	-1.231131	0.152	0.557931	-12.855	-14.026
SPAC57A10.02	cdr2	viable	V	1.156	0.104	4.347	5.027	9.944	17.659	12.632	8.443	0.425	3.548	0.911374	0.089	0.104521	-18.15	-19.322
SPAC57A10.03	cyp1	viable	V	-0.029	0.003	0.0	0.666	5.485	13.047	12.38	4.014	-0.011	-0.002	-2.713154	0.089	0.722215	-18.21	-19.382
SPAC57A10.04	mug10	viable	V	0.206	-0.014	0.0	0.931	7.664	18.23	17.299	5.609	0.076	0.022	-0.016586	0.063	0.415068	-21.632	-22.804
SPAC57A10.05c	pof1	inviable	E	7.602	0.843	0.341	0.892	4.876	11.129	10.237	3.66	2.797	53.904	0.993061	0.22	0.030524	-9.138	-10.309
SPAC57A10.06	mug15	viable	V	1.387	-0.09	0.0	0.939	7.728	18.382	17.444	5.655	0.51	0.147	-0.04561	0.126	0.367656	-14.706	-15.878
SPAC57A10.07	SPAC57A10.07	viable	V	-0.492	0.033	0.0	0.92	7.576	18.02	17.1	5.544	-0.181	-0.051	-2.565168	0.191	0.738462	-10.58	-11.751
SPAC57A10.08c	SPAC57A10.08c	viable	V	0.289	-0.019	0.0	0.929	7.653	18.203	17.274	5.6	0.106	0.03	-0.087661	0.084	0.366388	-18.737	-19.909
SPAC57A10.09c	nhp6	viable	V	0.313	0.031	-0.0	0.626	5.154	12.259	11.633	3.771	0.115	2.135	0.907183	0.029	0.107876	-29.473	-30.644
SPAC57A10.10c	sla1	viable	V	1.538	0.193	7.442	7.929	11.455	16.987	9.058	10.378	0.566	2.59	0.973692	0.058	0.06035	-22.505	-23.677
SPAC57A10.12c	ura3	viable	V	1.704	0.11	0.0	0.945	7.782	18.51	17.565	5.695	0.627	8.518	0.873181	0.165	0.121999	-12.036	-13.208
SPAC57A10.14	sgf11	viable	V	0.144	0.024	-0.0	0.364	3.001	7.138	6.773	2.196	0.053	1.3	-0.167215	0.114	0.435023	-15.68	-16.851
SPAC57A7.04c	pabp	viable	V	5.818	0.975	0.074	0.439	3.075	7.212	6.773	2.27	2.14	51.932	0.990979	0.208	0.035689	-9.725	-10.897
SPAC57A7.05	SPAC57A7.05	viable	V	0.169	0.028	-0.0	0.364	3.001	7.138	6.773	2.196	0.062	1.519	0.19745	0.061	0.312575	-22.028	-23.2
SPAC57A7.06	utp14	inviable	E	6.147	1.03	-0.0	0.364	3.001	7.138	6.773	2.196	2.261	55.293	0.942311	0.545	0.082524	-0.062	-1.234
SPAC57A7.07c	SPAC57A7.07c	viable	V	-0.926	0.06	-0.0	0.945	7.782	18.51	17.565	5.695	-0.341	-0.099	-0.379613	0.12	0.404348	-15.195	-16.367
SPAC57A7.08	pzh1	viable	V	-0.133	0.009	-0.0	0.897	7.387	17.57	16.673	5.405	-0.049	-0.013	-0.07163	0.23	0.364071	-8.693	-9.864
SPAC57A7.10c	sec21	inviable	E	6.716	1.125	0.003	0.368	3.004	7.141	6.773	2.199	2.471	60.39	0.932291	0.691	0.10268	2.303	1.131
SPAC57A7.11	mip1	inviable	E	6.848	1.147	-0.0	0.364	3.001	7.138	6.773	2.196	2.519	61.6	0.978245	0.37	0.053766	-3.954	-5.125
SPAC57A7.12	ssz1	viable	V	3.046	0.291	3.342	3.982	8.61	15.873	11.891	7.197	1.12	12.113	0.972428	0.15	0.064741	-12.984	-14.155
SPAC57A7.13	rbm10	viable	V	-0.372	-0.062	-0.0	0.364	3.001	7.138	6.773	2.196	-0.137	-3.351	0.206577	0.184	0.318236	-10.949	-12.12
SPAC57A7.15c	pex22	viable	Not_determined	-0.128	0.008	0.0	0.924	7.61	18.101	17.177	5.569	-0.047	-0.013	-0.28971	0.066	0.404352	-21.195	-22.366
SPAC589.02c	med13	viable	V	0.157	-0.012	0.0	0.81	6.673	15.872	15.062	4.883	0.058	0.014	-0.489803	0.095	0.482737	-17.579	-18.751
SPAC589.03c	noc12	viable	V	0.005	-0.001	0.0	0.399	3.282	7.807	7.408	2.402	0.002	0.0	-0.187139	0.06	0.384239	-22.144	-23.316
SPAC589.04	mtx2	inviable	E	6.851	0.963	2.676	3.11	6.252	11.183	8.073	5.293	2.52	40.017	0.999853	0.031	0.00492	-28.58	-29.752
SPAC589.05c	qng1	viable	V	-0.093	0.006	0.0	0.945	7.779	18.503	17.558	5.693	-0.034	-0.01	-0.207112	0.049	0.364528	-24.116	-25.288
SPAC589.08c	dam1	viable	V	0.286	-0.042	-0.0	0.418	3.443	8.189	7.771	2.519	0.105	0.013	-0.215337	0.172	0.395452	-11.601	-12.773
SPAC589.09	csr101	viable	V	0.091	0.015	0.021	0.385	3.022	7.159	6.773	2.217	0.034	0.821	0.173608	0.069	0.345378	-20.776	-21.947
SPAC589.11	pth4	viable	V	0.178	0.03	0.0	0.365	3.001	7.138	6.773	2.196	0.066	1.604	0.134473	0.067	0.328266	-21.085	-22.256
SPAC589.12	cwh43	viable	V	7.703	0.621	2.274	3.031	8.509	17.105	14.073	6.837	2.834	32.615	0.979938	0.316	0.053512	-5.512	-6.684
SPAC5D6.01	rps2202	viable	V	1.428	0.093	0.086	1.026	7.825	18.493	17.467	5.749	0.525	7.089	0.655316	0.261	0.194113	-7.437	-8.608
SPAC5D6.02c	mug165	viable	V	-0.614	0.089	0.0	0.423	3.487	8.293	7.87	2.552	-0.226	-0.029	-0.065668	0.108	0.390748	-16.27	-17.442
SPAC5D6.04	SPAC5D6.04	viable	V	0.015	-0.002	0.0	0.517	4.256	10.124	9.607	3.115	0.006	0.001	-0.533351	0.054	0.51348	-23.203	-24.375
SPAC5D6.05	med18	viable	V	3.269	0.267	3.245	3.992	9.396	17.875	13.883	7.746	1.203	11.698	0.974463	0.143	0.058977	-13.423	-14.595
SPAC5D6.06c	alg14	viable	V	6.192	1.037	0.402	0.766	3.402	7.539	6.773	2.598	2.278	53.364	0.992029	0.212	0.034217	-9.532	-10.704
SPAC5D6.07c	pxa1	viable	V	-0.016	0.003	0.0	0.388	3.198	7.607	7.219	2.34	-0.006	-0.001	-1.72471	0.096	0.549011	-17.483	-18.655
SPAC5D6.08c	mes1	viable	V	0.226	0.038	-0.0	0.364	3.001	7.138	6.773	2.196	0.083	2.031	0.325666	0.089	0.27583	-18.212	-19.383
SPAC5D6.09c	mug86	viable	V	0.134	-0.022	0.0	0.374	3.075	7.315	6.941	2.25	0.049	0.006	-0.245437	0.132	0.375503	-14.236	-15.408
SPAC5D6.12	mtf2	viable	V	0.693	0.116	-0.0	0.364	3.001	7.138	6.773	2.196	0.255	6.233	0.833879	0.104	0.1389	-16.67	-17.842
SPAC5D6.13	gpp74	viable	V	-0.187	0.012	0.0	0.945	7.782	18.51	17.565	5.695	-0.069	-0.02	-0.024783	0.168	0.345141	-11.812	-12.984
SPAC5H10.01	dgc1	viable	V	-0.262	0.038	0.0	0.417	3.436	8.173	7.756	2.514	-0.096	-0.012	-0.944149	0.068	0.520825	-20.849	-22.021
SPAC5H10.02c	hsp3102	viable	V	-0.133	-0.009	-0.0	0.945	7.782	18.51	17.565	5.695	-0.049	-0.666	0.086035	0.083	0.323674	-18.906	-20.078
SPAC5H10.03	SPAC5H10.03	viable	V	-0.023	-0.004	0.0	0.381	3.134	7.455	7.074	2.294	-0.008	-0.202	0.09247	0.038	0.33042	-26.789	-27.961
SPAC5H10.04	SPAC5H10.04	viable	V	0.45	0.075	0.44	0.804	3.441	7.578	6.773	2.636	0.165	3.861	0.336458	0.252	0.289274	-7.785	-8.957
SPAC5H10.05c	SPAC5H10.05c	viable	V	0.04	0.003	0.0	0.945	7.78	18.506	17.561	5.693	0.015	0.2	0.131852	0.037	0.313387	-26.889	-28.061
SPAC5H10.06c	adh4	viable	V	-0.454	0.03	0.0	0.929	7.652	18.201	17.272	5.6	-0.167	-0.048	0.029273	0.108	0.333784	-16.243	-17.414
SPAC5H10.07	SPAC5H10.07	viable	V	-0.17	-0.028	0.0	0.365	3.001	7.138	6.773	2.196	-0.062	-1.528	0.619515	0.041	0.241036	-25.831	-27.002
SPAC5H10.08c	pan6	viable	V	0.154	-0.01	0.0	0.945	7.782	18.51	17.565	5.695	0.057	0.016	-0.009321	0.07	0.377497	-20.616	-21.788
SPAC5H10.09c	ecm31	viable	V	0.179	0.026	0.0	0.425	3.498	8.321	7.896	2.56	0.066	1.513	0.633201	0.059	0.243306	-22.24	-23.412
SPAC5H10.10	SPAC5H10.10	viable	V	-0.403	0.057	-0.0	0.432	3.559	8.466	8.034	2.605	-0.148	-0.02	-0.101802	0.041	0.337828	-25.972	-27.144
SPAC5H10.11	gmh1	viable	V	1.381	-0.089	0.001	0.946	7.783	18.51	17.564	5.695	0.508	0.147	-0.394366	0.171	0.442919	-11.637	-12.809
SPAC5H10.12c	otg1	viable	V	-0.096	-0.006	-0.0	0.945	7.782	18.51	17.565	5.695	-0.035	-0.48	0.185496	0.082	0.332943	-19.063	-20.234
SPAC5H10.13c	gmh2	viable	V	0.113	-0.007	0.0	0.945	7.782	18.51	17.565	5.695	0.042	0.012	-0.005962	0.076	0.341862	-19.739	-20.911
SPAC607.02c	SPAC607.02c	viable	V	4.709	0.443	-0.0	0.649	5.347	12.719	12.07	3.913	1.732	31.366	0.973266	0.247	0.058073	-7.977	-9.149
SPAC607.04	arg82	inviable	E	6.964	0.525	1.495	2.304	8.158	17.344	15.04	6.371	2.562	31.808	0.997623	0.095	0.017933	-17.585	-18.757
SPAC607.05	rpn9	inviable	E	6.079	1.018	0.773	1.138	3.774	7.911	6.773	2.969	2.236	50.227	0.997015	0.129	0.021142	-14.464	-15.636
SPAC607.06c	SPAC607.06c	viable	V	-0.307	-0.021	0.0	0.886	7.294	17.35	16.464	5.338	-0.113	-1.62	0.319744	0.09	0.284601	-18.119	-19.29
SPAC607.08c	mil1	viable	V	0.981	-0.064	0.0	0.934	7.689	18.29	17.356	5.627	0.361	0.103	-0.074273	0.116	0.367124	-15.572	-16.744
SPAC607.09c	btn1	viable	V	0.724	-0.048	0.0	0.913	7.515	17.875	16.962	5.499	0.266	0.075	-0.081398	0.087	0.338694	-18.413	-19.585
SPAC607.10	spo3	viable	V	-0.006	0.001	0.0	0.364	3.001	7.138	6.773	2.196	-0.002	-0.0	-2.443344	0.108	0.636863	-16.232	-17.403
SPAC630.03	arp3	inviable	E	6.38	1.069	0.063	0.427	3.064	7.201	6.773	2.259	2.347	57.022	0.953619	0.532	0.083331	-0.311	-1.483
SPAC630.05	gyp7	viable	V	0.79	0.132	-0.0	0.364	3.001	7.138	6.773	2.196	0.291	7.105	0.581375	0.25	0.252854	-7.88	-9.052
SPAC630.06c	SPAC630.06c	viable	V	0.132	-0.022	0.0	0.364	3.001	7.138	6.773	2.196	0.049	0.005	-0.113772	0.126	0.356789	-14.747	-15.919
SPAC630.07c	SPAC630.07c	viable	V	-0.001	0.0	0.0	0.364	3.001	7.137	6.773	2.196	-0.0	-0.0	-1.485122	0.144	0.566132	-13.354	-14.526
SPAC630.08c	erg25	inviable	E	5.635	0.944	0.941	1.306	3.942	8.079	6.773	3.137	2.073	45.639	0.99193	0.199	0.03493	-10.125	-11.297
SPAC630.09c	mug58	viable	V	0.218	0.037	0.001	0.365	3.001	7.138	6.773	2.197	0.08	1.961	0.74616	0.045	0.175458	-25.068	-26.24
SPAC630.10	bmt2	viable	V	0.143	-0.009	0.0	0.942	7.753	18.442	17.5	5.674	0.052	0.015	-0.194388	0.031	0.358849	-28.9	-30.071
SPAC630.11	vps55	viable	V	-0.657	0.099	0.0	0.405	3.335	7.932	7.527	2.44	-0.242	-0.03	-0.042065	0.103	0.349518	-16.686	-17.858
SPAC630.12	ted2	inviable	E	6.002	0.819	0.612	1.06	4.296	9.375	8.316	3.308	2.208	46.115	0.997241	0.117	0.020198	-15.462	-16.634
SPAC630.13c	tsc2	viable	V	5.187	0.601	6.843	7.37	11.185	17.171	9.801	10.02	1.908	10.052	0.96525	0.225	0.067558	-8.933	-10.105
SPAC630.14c	tup12	viable	V	1.21	0.203	4.751	5.115	7.752	11.889	6.773	6.947	0.445	5.369	0.997005	0.025	0.02253	-30.885	-32.057
SPAC630.15	mug177	viable	V	-0.175	0.025	0.0	0.427	3.513	8.356	7.93	2.571	-0.064	-0.008	-2.514917	0.059	0.631592	-22.24	-23.411
SPAC631.01c	acp2	viable	V	0.279	0.047	-0.0	0.364	3.001	7.138	6.773	2.196	0.103	2.513	0.765738	0.048	0.164164	-24.448	-25.619
SPAC631.02	bdf2	viable	V	1.644	0.275	-0.0	0.364	3.001	7.138	6.773	2.196	0.605	14.792	0.74466	0.298	0.167043	-6.106	-7.278
SPAC637.03	SPAC637.03	viable	V	-0.115	0.008	0.0	0.934	7.688	18.286	17.352	5.626	-0.042	-0.012	-0.099128	0.075	0.375341	-19.844	-21.015
SPAC637.04	ypp1	inviable	E	5.887	0.986	-0.0	0.364	3.001	7.138	6.773	2.196	2.166	52.958	0.963317	0.409	0.068355	-2.946	-4.118
SPAC637.05c	vma2	inviable	E	3.241	0.474	1.68	2.098	5.116	9.853	7.755	4.195	1.192	22.439	0.990436	0.122	0.040546	-15.014	-16.185
SPAC637.06	gmh5	viable	V	4.217	0.398	4.878	5.525	10.208	17.555	12.031	8.778	1.552	11.919	0.993856	0.086	0.029343	-18.564	-19.736
SPAC637.07	moe1	viable	V	2.421	0.361	4.294	4.703	7.661	12.302	7.6	6.758	0.891	10.98	0.996965	0.048	0.022113	-24.277	-25.449
SPAC637.08	nbp35	inviable	E	6.391	1.071	0.586	0.95	3.587	7.724	6.773	2.782	2.351	53.959	0.992036	0.222	0.036431	-9.054	-10.225
SPAC637.09	rex1	viable	V	3.216	0.255	1.485	2.255	7.826	16.568	14.313	6.125	1.183	15.312	0.97238	0.159	0.061345	-12.411	-13.583
SPAC637.10c	rpn10	viable	V	2.759	0.178	-0.0	0.945	7.782	18.51	17.565	5.695	1.015	13.789	0.870945	0.269	0.119085	-7.121	-8.293
SPAC637.11	rpm2	viable	V	1.399	0.234	-0.0	0.364	3.001	7.138	6.773	2.196	0.515	12.584	0.127583	1.473	0.339391	9.873	8.701
SPAC637.12c	mst1	inviable	E	6.891	0.638	1.832	2.491	7.262	14.748	12.257	5.806	2.535	34.99	0.997813	0.102	0.017709	-16.791	-17.963
SPAC637.13c	slm1	viable	V	-0.215	-0.036	-0.0	0.364	3.001	7.138	6.773	2.196	-0.079	-1.933	-0.174144	0.127	0.413684	-14.636	-15.807
SPAC644.04	pct1	inviable	E	4.995	0.837	4.061	4.426	7.062	11.199	6.773	6.257	1.838	25.388	0.99848	0.075	0.016151	-19.87	-21.042
SPAC644.06c	cdr1	viable	V	-0.253	0.017	0.0	0.911	7.5	17.838	16.928	5.488	-0.093	-0.026	-0.043191	0.185	0.409042	-10.858	-12.03
SPAC644.07	bcs1	viable	V	1.277	0.083	0.0	0.945	7.782	18.51	17.565	5.695	0.47	6.384	0.784022	0.17	0.150387	-11.697	-12.868
SPAC644.08	utr4	viable	V	-0.899	0.061	-0.0	0.902	7.426	17.663	16.761	5.434	-0.331	-0.092	-0.156678	0.275	0.370834	-6.918	-8.089
SPAC644.09	SPAC644.09	viable	V	-0.392	0.057	0.0	0.423	3.483	8.285	7.862	2.549	-0.144	-0.019	-0.019946	0.095	0.382305	-17.559	-18.73
SPAC644.11c	pkp1	viable	V	0.167	-0.011	0.0	0.945	7.782	18.51	17.565	5.695	0.062	0.018	0.016928	0.036	0.316285	-27.139	-28.311
SPAC644.13c	SPAC644.13c	viable	V	0.189	-0.013	0.0	0.905	7.454	17.73	16.825	5.455	0.069	0.019	-0.076971	0.074	0.367905	-20.094	-21.265
SPAC644.14c	rad51	viable	V	7.032	0.532	2.272	3.079	8.912	18.065	14.987	7.131	2.587	28.289	0.97288	0.307	0.058406	-5.81	-6.981
SPAC644.15	rpp101	viable	V	2.411	0.156	0.0	0.945	7.782	18.51	17.565	5.695	0.887	12.049	0.941362	0.152	0.080402	-12.826	-13.997
SPAC644.16	rna15	inviable	E	5.729	0.876	2.793	3.192	6.08	10.611	7.419	5.198	2.107	34.423	0.999987	0.008	0.0015	-42.063	-43.234
SPAC644.18c	bet3	inviable	E	5.964	0.884	1.395	1.807	4.788	9.465	7.659	3.878	2.194	43.197	0.999893	0.024	0.004108	-31.388	-32.559
SPAC664.01c	swi6	viable	V	-0.272	0.018	0.0	0.91	7.49	17.816	16.907	5.481	-0.1	-0.028	-0.042245	0.199	0.33521	-10.156	-11.327
SPAC664.02c	arp8	viable	V	4.26	0.501	5.691	6.21	9.966	15.86	9.649	8.82	1.567	11.738	0.998381	0.049	0.015639	-24.182	-25.354
SPAC664.03	paf1	viable	V	3.731	0.483	7.755	8.226	11.638	16.992	8.766	10.597	1.372	5.741	0.877772	0.285	0.12705	-6.536	-7.707
SPAC664.04c	rps1602	viable	V	4.012	0.344	2.173	2.886	8.042	16.134	13.248	6.468	1.476	18.14	0.926289	0.327	0.109467	-5.192	-6.364
SPAC664.05	rpl13	inviable	E	8.023	1.344	0.19	0.555	3.191	7.328	6.773	2.386	2.951	70.748	0.918776	0.87	0.106156	4.606	3.434
SPAC664.06	rlp7	inviable	E	6.094	1.021	0.023	0.388	3.024	7.161	6.773	2.219	2.242	54.684	0.991429	0.212	0.034615	-9.522	-10.694
SPAC664.07c	rad9	viable	V	-0.174	0.02	0.0	0.525	4.319	10.273	9.749	3.161	-0.064	-0.01	-0.073158	0.053	0.352978	-23.385	-24.556
SPAC664.08c	bfr2	inviable	E	5.592	0.774	0.033	0.474	3.664	8.67	8.196	2.69	2.057	46.274	0.987478	0.229	0.041024	-8.762	-9.934
SPAC664.09	ggt1	inviable	E	-0.27	-0.045	0.0	0.364	3.001	7.138	6.773	2.196	-0.099	-2.43	0.60398	0.072	0.206983	-20.249	-21.421
SPAC664.10	klp2	viable	V	-0.024	0.002	0.0	0.763	6.286	14.951	14.188	4.6	-0.009	-0.002	-0.232097	0.047	0.447796	-24.477	-25.649
SPAC664.11	ssc1	inviable	E	6.024	1.009	0.084	0.448	3.085	7.222	6.773	2.28	2.216	53.722	0.980513	0.32	0.05213	-5.403	-6.575
SPAC664.14	amt2	viable	V	-0.511	0.066	0.0	0.47	3.87	9.204	8.734	2.832	-0.188	-0.027	-0.23591	0.077	0.403595	-19.576	-20.748
SPAC664.15	mdv1	viable	V	0.009	0.001	-0.0	0.945	7.782	18.51	17.565	5.695	0.003	0.044	-0.039292	0.046	0.380926	-24.771	-25.943
SPAC683.03	SPAC683.03	viable	V	-0.025	0.004	0.0	0.364	3.001	7.137	6.773	2.196	-0.009	-0.001	-0.204028	0.117	0.3671	-15.447	-16.619
SPAC688.02c	mis14	inviable	E	5.458	0.914	2.218	2.583	5.219	9.356	6.773	4.414	2.008	37.408	0.995467	0.148	0.028687	-13.131	-14.303
SPAC688.04c	gst3	viable	V	-0.08	0.005	0.0	0.943	7.766	18.472	17.528	5.683	-0.03	-0.009	-0.313107	0.048	0.429696	-24.339	-25.511
SPAC688.06c	slx4	viable	V	-0.173	-0.029	-0.0	0.364	3.001	7.138	6.773	2.196	-0.064	-1.558	0.152297	0.066	0.322131	-21.127	-22.298
SPAC688.07c	rng10	viable	V	2.16	0.281	7.796	8.265	11.659	16.984	8.719	10.623	0.795	3.285	0.95495	0.11	0.073978	-16.066	-17.237
SPAC688.08	srb8	viable	Not_determined	-0.023	-0.004	-0.0	0.364	3.001	7.138	6.773	2.196	-0.008	-0.203	0.245136	0.018	0.334257	-34.333	-35.505
SPAC688.09	rim2	inviable	E	6.901	0.465	0.649	1.555	8.105	18.383	16.828	6.105	2.539	32.66	0.969871	0.32	0.060548	-5.408	-6.579
SPAC688.10	rev3	viable	V	-0.049	0.003	-0.0	0.945	7.782	18.51	17.565	5.695	-0.018	-0.005	-0.534339	0.066	0.515072	-21.114	-22.286
SPAC688.11	end4	condition-dependent	E	6.312	0.541	1.829	2.541	7.694	15.78	13.239	6.121	2.322	30.242	0.999174	0.055	0.01082	-23.062	-24.234
SPAC688.12c	SPAC688.12c	viable	V	-0.001	0.0	0.0	0.364	3.001	7.137	6.773	2.196	-0.0	-0.0	-3.176997	0.11	0.725698	-16.045	-17.217
SPAC688.13	scn3	viable	V	-0.17	-0.028	-0.0	0.364	3.001	7.138	6.773	2.196	-0.062	-1.528	0.549647	0.047	0.244966	-24.674	-25.845
SPAC688.14	set13	viable	V	-0.621	0.088	0.0	0.433	3.563	8.474	8.042	2.607	-0.228	-0.03	-0.131434	0.123	0.396779	-14.956	-16.127
SPAC688.16	SPAC688.16	viable	Not_determined	-0.231	-0.039	-0.0	0.364	3.001	7.138	6.773	2.196	-0.085	-2.076	0.112395	0.112	0.357044	-15.851	-17.022
SPAC694.02	SPAC694.02	viable	V	1.992	0.167	1.495	2.222	7.482	15.735	13.513	5.876	0.733	9.909	0.977084	0.091	0.058709	-17.937	-19.109
SPAC694.03	SPAC694.03	viable	V	0.019	0.003	-0.0	0.364	3.001	7.137	6.773	2.196	0.007	0.172	0.013859	0.094	0.341422	-17.62	-18.792
SPAC694.04c	SPAC694.04c	viable	V	1.842	0.119	-0.0	0.945	7.782	18.51	17.565	5.695	0.678	9.209	0.795349	0.234	0.14695	-8.514	-9.686
SPAC694.05c	rps2502	viable	V	0.655	0.067	2.589	3.186	7.501	14.272	11.087	6.183	0.241	3.155	0.963589	0.044	0.081276	-25.298	-26.47
SPAC694.06c	mrc1	viable	V	0.853	0.078	0.0	0.672	5.535	13.166	12.494	4.051	0.314	5.552	0.91254	0.085	0.103495	-18.63	-19.802
SPAC6B12.02c	mus7	viable	V	4.775	0.356	2.054	2.874	8.803	18.108	15.235	6.993	1.756	19.678	0.983189	0.167	0.046154	-11.926	-13.098
SPAC6B12.03c	bit2	viable	V	0.287	0.048	-0.0	0.364	3.001	7.138	6.773	2.196	0.106	2.582	-0.008884	0.137	0.403664	-13.86	-15.031
SPAC6B12.04c	SPAC6B12.04c	viable	V	-0.14	0.018	0.0	0.468	3.85	9.159	8.691	2.818	-0.052	-0.007	-0.00171	0.12	0.322007	-15.194	-16.365
SPAC6B12.05c	ies2	viable	V	1.849	0.239	7.739	8.211	11.63	16.995	8.784	10.587	0.68	2.858	0.965667	0.075	0.06709	-19.929	-21.1
SPAC6B12.06c	rrg9	viable	V	0.509	-0.033	0.0	0.931	7.669	18.241	17.309	5.612	0.187	0.054	0.003413	0.104	0.356709	-16.618	-17.79
SPAC6B12.07c	pqr1	viable	V	1.467	0.095	-0.0	0.945	7.782	18.51	17.565	5.695	0.54	7.332	0.58532	0.252	0.218333	-7.794	-8.965
SPAC6B12.08	epr1	viable	V	0.765	-0.051	0.0	0.916	7.544	17.945	17.028	5.521	0.281	0.079	-0.02234	0.272	0.35337	-7.016	-8.188
SPAC6B12.09	trm10	viable	V	-0.018	0.003	0.0	0.418	3.441	8.186	7.768	2.518	-0.007	-0.001	-0.635547	0.059	0.467489	-22.239	-23.411
SPAC6B12.10c	spp1	inviable	E	6.45	0.754	-0.0	0.523	4.303	10.235	9.712	3.149	2.373	49.119	0.977618	0.339	0.052717	-4.829	-6.001
SPAC6B12.11	drc1	inviable	E	7.36	1.233	0.356	0.721	3.357	7.494	6.773	2.552	2.707	63.747	0.997251	0.147	0.020322	-13.158	-14.329
SPAC6B12.12	tom70	viable	V	2.398	0.29	7.199	7.705	11.362	17.101	9.396	10.245	0.882	4.27	0.96996	0.096	0.06382	-17.429	-18.601
SPAC6B12.13	SPAC6B12.13	inviable	E	6.536	1.095	0.177	0.542	3.178	7.315	6.773	2.373	2.404	57.714	0.975718	0.392	0.063929	-3.355	-4.526
SPAC6B12.14c	SPAC6B12.14c	viable	V	-0.372	0.056	0.0	0.406	3.34	7.945	7.539	2.444	-0.137	-0.017	-0.036511	0.059	0.424346	-22.233	-23.405
SPAC6B12.15	cpc2	viable	V	4.182	0.27	-0.0	0.945	7.782	18.51	17.565	5.695	1.538	20.903	0.746983	0.549	0.159732	0.003	-1.168
SPAC6B12.16	meu26	viable	V	1.375	0.23	9.467	9.832	12.468	16.605	6.773	11.663	0.506	1.151	0.946087	0.061	0.087823	-21.977	-23.149
SPAC6B12.18	gon7	condition-dependent	Not_determined	5.312	0.356	0.323	1.233	7.818	18.152	16.919	5.808	1.954	26.214	0.983011	0.183	0.04551	-10.956	-12.127
SPAC6C3.04	cit1	viable	V	2.176	0.248	1.912	2.447	6.32	12.398	9.95	5.138	0.8	12.617	0.999546	0.016	0.008387	-35.112	-36.284
SPAC6C3.05	meu43	viable	V	0.116	-0.008	0.0	0.938	7.725	18.376	17.437	5.653	0.043	0.012	-0.080044	0.048	0.367819	-24.404	-25.576
SPAC6C3.06c	neo1	viable	V	0.183	0.031	-0.0	0.364	3.001	7.138	6.773	2.196	0.067	1.645	0.423457	0.065	0.245958	-21.306	-22.478
SPAC6C3.07	mug68	viable	V	0.062	-0.009	0.0	0.425	3.496	8.316	7.891	2.558	0.023	0.003	-1.506027	0.062	0.606231	-21.735	-22.907
SPAC6C3.08	nas6	viable	V	0.798	0.134	3.149	3.513	6.149	10.286	6.773	5.345	0.294	4.751	0.981119	0.047	0.058783	-24.633	-25.805
SPAC6C3.09	rpp40	inviable	E	1.881	0.225	0.848	1.359	5.058	10.861	9.502	3.928	0.692	13.059	0.997804	0.032	0.018127	-28.485	-29.656
SPAC6F12.02	rst2	viable	V	0.191	-0.012	0.0	0.945	7.782	18.51	17.565	5.695	0.07	0.02	0.011108	0.043	0.333767	-25.453	-26.624
SPAC6F12.03c	fsv1	viable	V	0.337	0.056	-0.0	0.364	3.001	7.138	6.773	2.196	0.124	3.034	0.58853	0.078	0.236737	-19.464	-20.636
SPAC6F12.04	tvp15	viable	V	0.297	0.05	-0.0	0.364	3.001	7.138	6.773	2.196	0.109	2.675	0.221496	0.098	0.305228	-17.261	-18.433
SPAC6F12.05c	tnr3	inviable	E	6.136	0.859	0.74	1.176	4.329	9.277	8.1	3.367	2.257	47.013	0.997535	0.114	0.018881	-15.689	-16.861
SPAC6F12.06	rdi1	viable	V	-0.074	0.009	0.0	0.506	4.167	9.913	9.406	3.05	-0.027	-0.004	-2.078404	0.05	0.654015	-24.016	-25.188
SPAC6F12.07	tom20	inviable	E	5.1	0.631	3.662	4.156	7.726	13.329	9.173	6.636	1.876	23.101	0.996604	0.102	0.0231	-16.859	-18.03
SPAC6F12.08c	exo8	inviable	E	5.752	0.964	1.729	2.093	4.73	8.867	6.773	3.925	2.116	42.166	0.988552	0.251	0.043721	-7.807	-8.979
SPAC6F12.09	rdp1	viable	V	-0.091	0.006	0.0	0.945	7.778	18.501	17.557	5.692	-0.033	-0.01	-0.628152	0.085	0.451241	-18.671	-19.842
SPAC6F12.10c	ade3	viable	V	-0.015	0.002	0.0	0.364	3.001	7.138	6.773	2.196	-0.005	-0.001	-1.956331	0.072	0.576314	-20.305	-21.477
SPAC6F12.11c	sfc1	inviable	E	6.589	0.613	4.723	5.38	10.131	17.586	12.206	8.68	2.424	19.088	0.999228	0.049	0.010741	-24.212	-25.383
SPAC6F12.12	par2	viable	V	-0.025	-0.004	0.0	0.364	3.001	7.138	6.773	2.196	-0.009	-0.228	-0.132826	0.045	0.3729	-25.067	-26.239
SPAC6F12.13c	fps1	inviable	E	6.491	1.087	0.972	1.337	3.973	8.11	6.773	3.168	2.388	52.375	0.999276	0.068	0.010834	-20.828	-22.0
SPAC6F12.14	cut23	inviable	E	6.082	1.019	0.868	1.232	3.869	8.006	6.773	3.064	2.238	49.696	0.989548	0.246	0.042123	-8.023	-9.194
SPAC6F12.15c	cut9	inviable	E	5.454	0.858	0.779	1.167	3.973	8.376	7.21	3.116	2.006	43.88	0.997808	0.098	0.017978	-17.21	-18.382
SPAC6F12.16c	mtr4	inviable	E	6.486	1.086	-0.0	0.364	3.001	7.138	6.773	2.196	2.386	58.342	0.919607	0.653	0.100562	1.745	0.573
SPAC6F12.17	rna14	inviable	E	6.111	1.024	0.377	0.741	3.377	7.514	6.773	2.573	2.248	52.814	0.987034	0.268	0.043803	-7.157	-8.328
SPAC6F6.01	cch1	viable	V	0.194	0.033	0.0	0.364	3.001	7.138	6.773	2.196	0.071	1.748	0.695284	0.038	0.196242	-26.683	-27.855
SPAC6F6.02c	pof5	viable	V	-0.532	0.068	0.0	0.481	3.958	9.414	8.934	2.896	-0.196	-0.029	-0.042946	0.086	0.341834	-18.557	-19.729
SPAC6F6.03c	nog2	viable	V	6.638	1.112	-0.0	0.364	3.001	7.138	6.773	2.196	2.442	59.716	0.984994	0.3	0.045787	-6.026	-7.198
SPAC6F6.04c	SPAC6F6.04c	viable	V	0.017	-0.003	0.0	0.364	3.001	7.138	6.773	2.196	0.006	0.001	-1.179974	0.124	0.525247	-14.878	-16.05
SPAC6F6.05	ost2	inviable	E	5.603	0.939	1.235	1.599	4.236	8.373	6.773	3.431	2.061	43.783	0.982648	0.294	0.051609	-6.238	-7.409
SPAC6F6.06c	rax2	viable	V	-0.021	0.002	0.0	0.732	6.026	14.333	13.601	4.41	-0.008	-0.002	-0.288179	0.039	0.381636	-26.559	-27.731
SPAC6F6.07c	rps13	inviable	E	6.662	1.116	0.068	0.433	3.069	7.206	6.773	2.264	2.451	59.507	0.949337	0.585	0.090821	0.643	-0.529
SPAC6F6.08c	cdc16	inviable	E	6.297	0.955	1.178	1.58	4.492	9.062	7.482	3.603	2.317	47.438	0.999245	0.067	0.010773	-21.053	-22.225
SPAC6F6.09	eaf6	viable	V	-0.282	0.022	0.0	0.8	6.591	15.677	14.876	4.823	-0.104	-0.025	-0.023297	0.095	0.335558	-17.507	-18.679
SPAC6F6.10c	arc2	inviable	E	6.078	1.018	-0.0	0.364	3.001	7.138	6.773	2.196	2.236	54.674	0.987935	0.251	0.042656	-7.822	-8.993
SPAC6F6.11c	SPAC6F6.11c	viable	V	-0.221	0.035	0.0	0.389	3.207	7.627	7.238	2.347	-0.081	-0.01	-0.073234	0.03	0.357644	-29.171	-30.343
SPAC6F6.12	atg24	viable	V	-0.015	0.001	0.0	0.646	5.317	12.647	12.001	3.891	-0.005	-0.001	-3.539937	0.071	0.716355	-20.462	-21.634
SPAC6F6.13c	SPAC6F6.13c	viable	V	0.48	0.031	-0.0	0.945	7.782	18.51	17.565	5.695	0.177	2.399	0.336375	0.117	0.289201	-15.445	-16.617
SPAC6F6.15	ypt5	condition-dependent	E	4.968	0.488	0.778	1.4	5.901	12.963	11.563	4.526	1.828	30.775	0.98789	0.181	0.041905	-11.077	-12.249
SPAC6F6.16c	tpz1	inviable	E	6.172	0.537	3.984	4.686	9.763	17.73	13.044	8.213	2.271	19.98	0.969962	0.291	0.0643	-6.35	-7.522
SPAC6F6.17	rif1	viable	V	1.491	0.229	8.187	8.585	11.463	15.979	7.394	10.584	0.549	2.218	0.924602	0.093	0.097575	-17.753	-18.924
SPAC6F6.19	SPAC6F6.19	unknown	Not_determined	0.135	-0.009	0.0	0.931	7.663	18.228	17.297	5.608	0.05	0.014	0.005317	0.08	0.347716	-19.217	-20.389
SPAC6G10.02c	tea3	viable	V	0.135	0.012	0.0	0.668	5.498	13.077	12.409	4.023	0.05	0.883	-0.019676	0.085	0.388741	-18.635	-19.807
SPAC6G10.03c	SPAC6G10.03c	viable	V	0.544	-0.036	0.0	0.929	7.646	18.187	17.258	5.595	0.2	0.057	-0.095206	0.088	0.42342	-18.248	-19.42
SPAC6G10.04c	pre5	inviable	E	5.73	0.87	-0.0	0.402	3.312	7.878	7.476	2.424	2.108	49.564	0.983748	0.27	0.046681	-7.097	-8.268
SPAC6G10.05c	trs120	inviable	E	6.285	0.878	1.445	1.882	5.043	10.003	8.121	4.078	2.312	43.905	0.999876	0.027	0.004408	-30.276	-31.447
SPAC6G10.06	tda3	viable	V	-0.158	-0.026	-0.0	0.364	3.001	7.138	6.773	2.196	-0.058	-1.419	0.243144	0.091	0.366701	-18.016	-19.187
SPAC6G10.07	cbc1	inviable	E	6.533	0.707	1.702	2.266	6.346	12.748	10.482	5.1	2.404	37.813	0.999074	0.069	0.011701	-20.768	-21.94
SPAC6G10.08	idp1	viable	V	-0.129	0.017	0.0	0.477	3.929	9.345	8.867	2.875	-0.048	-0.007	-1.174637	0.115	0.538017	-15.616	-16.788
SPAC6G10.09	gls1	condition-dependent	E	6.656	0.817	4.528	5.025	8.621	14.265	9.24	7.523	2.449	25.119	0.999991	0.007	0.00119	-44.292	-45.464
SPAC6G10.11c	ubi3	viable	V	1.808	0.163	1.706	2.381	7.265	14.929	12.548	5.774	0.665	9.205	0.97649	0.09	0.058008	-18.109	-19.28
SPAC6G10.12c	ace2	viable	V	1.085	0.075	1.041	1.923	8.3	18.306	16.383	6.353	0.399	4.954	0.993761	0.024	0.029267	-31.42	-32.592
SPAC6G9.01c	SPAC6G9.01c	viable	V	0.01	-0.001	0.0	0.636	5.24	12.463	11.827	3.834	0.004	0.001	-0.774864	0.091	0.572833	-18.023	-19.195
SPAC6G9.02c	nop9	inviable	E	6.8	0.879	0.485	0.958	4.375	9.737	8.779	3.332	2.502	51.617	0.991301	0.232	0.034362	-8.59	-9.762
SPAC6G9.03c	rtt106	viable	V	0.008	-0.001	0.0	0.364	3.001	7.138	6.774	2.196	0.003	0.0	-2.774134	0.057	0.683167	-22.58	-23.751
SPAC6G9.04	spo7	viable	V	0.025	0.002	-0.0	0.945	7.782	18.51	17.565	5.695	0.009	0.127	0.069177	0.042	0.319291	-25.591	-26.762
SPAC6G9.05	pcd1	viable	V	-0.029	0.002	0.0	0.945	7.779	18.502	17.557	5.692	-0.011	-0.003	-2.359982	0.119	0.666439	-15.262	-16.433
SPAC6G9.06c	pcp1	inviable	E	6.912	0.855	0.679	1.173	4.743	10.345	9.173	3.653	2.543	50.032	0.997564	0.123	0.018766	-14.917	-16.089
SPAC6G9.07c	arc4	inviable	E	5.702	0.955	0.067	0.432	3.068	7.205	6.773	2.263	2.097	50.934	0.989737	0.218	0.037532	-9.25	-10.422
SPAC6G9.08	ubp6	viable	V	-0.023	0.004	-0.0	0.364	3.0	7.136	6.772	2.195	-0.008	-0.001	-0.242579	0.116	0.390216	-15.551	-16.722
SPAC6G9.09c	rpl2401	viable	V	0.686	0.115	-0.0	0.364	3.001	7.138	6.773	2.196	0.252	6.167	0.632809	0.163	0.200302	-12.137	-13.309
SPAC6G9.10c	sen1	viable	V	2.718	0.276	0.909	1.51	5.855	12.673	11.164	4.528	1.0	16.926	0.908623	0.296	0.111193	-6.182	-7.353
SPAC6G9.11	syb1	inviable	E	6.211	1.041	-0.0	0.364	3.001	7.138	6.773	2.196	2.285	55.873	0.916278	0.635	0.109121	1.453	0.281
SPAC6G9.12	cfr1	viable	V	-0.425	0.06	-0.0	0.43	3.543	8.427	7.997	2.593	-0.156	-0.021	-0.16666	0.054	0.372437	-23.187	-24.359
SPAC6G9.13c	bqt1	viable	V	-0.113	0.017	0.0	0.415	3.418	8.131	7.716	2.502	-0.042	-0.005	-0.072922	0.1	0.403375	-17.063	-18.234
SPAC6G9.14	puf4	viable	V	0.795	0.133	0.84	1.205	3.841	7.978	6.773	3.036	0.293	6.519	0.773328	0.176	0.194785	-11.39	-12.562
SPAC6G9.15c	ebp1	viable	V	-0.053	0.005	-0.0	0.6	4.937	11.743	11.143	3.613	-0.019	-0.004	-0.524096	0.04	0.439568	-26.189	-27.36
SPAC6G9.16c	xrc4	viable	V	-0.22	-0.016	-0.0	0.851	7.008	16.669	15.818	5.128	-0.081	-1.201	0.60823	0.04	0.201218	-26.078	-27.25
SPAC732.01	vma11	inviable	E	4.15	0.673	-0.0	0.376	3.098	7.369	6.993	2.267	1.527	36.879	0.944459	0.361	0.083951	-4.184	-5.356
SPAC732.02c	fpb26	viable	V	-0.007	-0.001	0.001	0.365	3.0	7.134	6.769	2.195	-0.003	-0.063	0.022671	0.034	0.335668	-27.744	-28.916
SPAC767.01c	vps1	viable	V	1.073	0.069	-0.0	0.945	7.782	18.51	17.565	5.695	0.395	5.365	0.403842	0.268	0.261124	-7.161	-8.333
SPAC7D4.02c	sfp47	viable	V	1.99	0.333	9.397	9.761	12.398	16.535	6.773	11.593	0.732	1.738	0.994074	0.031	0.02948	-28.753	-29.924
SPAC7D4.03c	ahk1	viable	V	0.22	0.037	0.0	0.364	3.001	7.138	6.773	2.196	0.081	1.982	0.807214	0.044	0.17775	-25.257	-26.429
SPAC7D4.04	atg11	viable	V	0.171	0.029	-0.0	0.364	3.001	7.138	6.773	2.196	0.063	1.536	0.148798	0.116	0.335758	-15.527	-16.699
SPAC7D4.05	SPAC7D4.05	viable	V	0.09	-0.014	0.0	0.404	3.325	7.908	7.504	2.433	0.033	0.004	-0.968597	0.044	0.497728	-25.168	-26.34
SPAC7D4.06c	alg3	viable	V	2.755	0.462	5.259	5.623	8.26	12.397	6.773	7.455	1.014	10.952	0.998529	0.04	0.015471	-26.221	-27.393
SPAC7D4.07c	trx1	condition-dependent	V	2.005	0.13	-0.0	0.945	7.782	18.51	17.565	5.695	0.738	10.021	0.901692	0.16	0.10631	-12.299	-13.471
SPAC7D4.09c	dfg10	inviable	E	6.276	0.78	3.34	3.831	7.387	12.967	9.136	6.302	2.309	30.285	0.998952	0.072	0.013009	-20.242	-21.414
SPAC7D4.10	vma13	inviable	E	4.355	0.29	0.458	1.375	8.01	18.42	17.045	5.984	1.602	20.955	0.975701	0.178	0.053985	-11.26	-12.432
SPAC7D4.11c	sec39	inviable	E	6.584	1.103	-0.0	0.364	3.001	7.138	6.773	2.196	2.422	59.224	0.913371	0.691	0.113031	2.297	1.125
SPAC7D4.12c	SPAC7D4.12c	viable	V	-0.026	0.002	0.0	0.936	7.708	18.334	17.398	5.64	-0.01	-0.003	-0.519818	0.149	0.458802	-13.031	-14.202
SPAC7D4.13c	SPAC7D4.13c	viable	V	-0.053	0.003	0.0	0.945	7.782	18.51	17.565	5.695	-0.02	-0.006	-0.163962	0.06	0.390069	-22.058	-23.229
SPAC7D4.14c	iss10	viable	V	0.324	0.022	0.0	0.882	7.263	17.276	16.394	5.315	0.119	1.717	0.276367	0.143	0.297231	-13.451	-14.623
SPAC806.02c	SPAC806.02c	inviable	E	5.851	0.935	0.095	0.477	3.241	7.578	7.101	2.397	2.152	51.169	0.987455	0.245	0.042349	-8.055	-9.227
SPAC806.04c	duf8901	viable	V	-0.378	0.057	0.0	0.405	3.331	7.922	7.518	2.437	-0.139	-0.017	-0.125429	0.077	0.3685	-19.59	-20.761
SPAC806.07	ndk1	viable	V	0.643	0.09	-0.0	0.438	3.608	8.583	8.144	2.641	0.237	5.356	0.868774	0.083	0.123354	-18.857	-20.029
SPAC806.08c	mod21	viable	V	0.069	-0.012	0.0	0.364	3.001	7.138	6.774	2.196	0.025	0.003	-0.641608	0.139	0.462841	-13.743	-14.915
SPAC806.11	SPAC806.11	unknown	Not_determined	0.059	-0.004	-0.0	0.945	7.782	18.51	17.565	5.695	0.022	0.006	9.5e-05	0.31	0.34896	-5.705	-6.876
SPAC821.03c	slf1	viable	V	0.014	-0.002	0.0	0.364	3.001	7.138	6.774	2.196	0.005	0.001	-0.430659	0.044	0.427651	-25.128	-26.3
SPAC821.04c	cid13	viable	V	0.304	0.051	-0.0	0.364	3.001	7.138	6.773	2.196	0.112	2.739	0.243311	0.142	0.284433	-13.504	-14.676
SPAC821.05	tif308	viable	V	3.632	0.294	0.041	0.796	6.258	14.829	14.033	4.591	1.336	21.609	0.88696	0.383	0.129538	-3.61	-4.781
SPAC821.06	spn2	viable	V	0.575	-0.037	0.0	0.945	7.782	18.51	17.565	5.695	0.211	0.061	-2.047396	0.088	0.560006	-18.25	-19.421
SPAC821.07c	moc3	viable	V	-0.121	0.008	0.0	0.92	7.579	18.027	17.107	5.546	-0.045	-0.013	-0.08022	0.248	0.366848	-7.929	-9.101
SPAC821.08c	slp1	inviable	E	5.847	0.98	-0.0	0.364	3.001	7.138	6.773	2.196	2.151	52.598	0.960256	0.446	0.080608	-2.083	-3.255
SPAC821.09	eng1	viable	V	-0.002	0.0	0.0	0.364	3.001	7.138	6.773	2.196	-0.001	-0.0	-2.881365	0.122	0.664667	-15.067	-16.239
SPAC821.10c	sod1	condition-dependent	V	2.711	0.454	4.336	4.701	7.337	11.474	6.773	6.532	0.997	13.078	0.98782	0.112	0.045	-15.892	-17.064
SPAC821.11	pro1	viable	V	0.005	-0.001	-0.0	0.364	2.997	7.128	6.764	2.193	0.002	0.0	-0.009715	0.049	0.349872	-24.163	-25.335
SPAC821.12	orb6	inviable	E	6.586	1.103	1.168	1.533	4.169	8.306	6.773	3.364	2.423	51.89	0.988356	0.284	0.043056	-6.58	-7.752
SPAC821.13c	dnf1	viable	V	-0.202	0.013	-0.0	0.945	7.782	18.51	17.565	5.695	-0.074	-0.022	-0.076803	0.078	0.377187	-19.452	-20.624
SPAC823.03	ppk15	viable	V	-0.256	-0.043	-0.0	0.364	3.001	7.138	6.773	2.196	-0.094	-2.305	0.649771	0.055	0.201823	-23.023	-24.195
SPAC823.04	rrp36	inviable	E	5.114	0.636	-0.0	0.491	4.041	9.613	9.122	2.957	1.881	40.286	0.944939	0.418	0.080671	-2.718	-3.89
SPAC823.05c	tlg2	viable	V	1.873	0.148	2.453	3.223	8.796	17.539	14.316	7.094	0.689	7.577	0.996127	0.032	0.023798	-28.27	-29.441
SPAC823.06	taf3	inviable	E	-0.498	0.075	0.0	0.405	3.336	7.935	7.53	2.441	-0.183	-0.023	-0.015732	0.262	0.373478	-7.401	-8.573
SPAC823.07	pga3	inviable	E	6.382	0.757	0.87	1.385	5.11	10.955	9.57	3.973	2.348	43.999	0.988659	0.244	0.041908	-8.122	-9.293
SPAC823.08c	rrp3	inviable	E	6.596	1.105	0.178	0.543	3.179	7.316	6.773	2.374	2.426	58.24	0.993902	0.195	0.030465	-10.339	-11.511
SPAC823.09c	SPAC823.09c	viable	V	-0.436	0.068	0.0	0.394	3.243	7.714	7.32	2.373	-0.16	-0.019	-0.253639	0.11	0.424212	-16.046	-17.218
SPAC823.10c	hem25	viable	V	1.374	0.108	2.765	3.542	9.157	17.969	14.427	7.443	0.506	5.221	0.977703	0.056	0.053638	-22.805	-23.977
SPAC823.11	sgp1	condition-dependent	E	-0.23	-0.039	-0.0	0.364	3.001	7.138	6.773	2.196	-0.085	-2.073	0.371327	0.07	0.275224	-20.567	-21.738
SPAC823.12	vps11	condition-dependent	E	6.149	0.646	5.57	6.151	10.352	16.945	10.794	9.07	2.262	15.963	0.998286	0.067	0.015978	-20.974	-22.146
SPAC823.13c	she9	viable	V	-0.08	0.005	-0.0	0.921	7.58	18.03	17.109	5.547	-0.03	-0.008	-0.507134	0.117	0.425975	-15.48	-16.652
SPAC823.14	ptf1	viable	V	0.209	-0.014	0.0	0.928	7.64	18.173	17.245	5.591	0.077	0.022	0.014524	0.058	0.348375	-22.442	-23.614
SPAC823.15	ppa1	viable	V	-0.012	0.002	0.0	0.364	2.999	7.133	6.768	2.194	-0.004	-0.0	-2.129274	0.081	0.58261	-19.135	-20.307
SPAC823.16c	atg1802	viable	V	-0.013	0.002	-0.0	0.466	3.84	9.135	8.668	2.81	-0.005	-0.001	-0.296321	0.058	0.390106	-22.519	-23.69
SPAC824.02	bst1	viable	V	4.933	0.343	1.11	1.988	8.334	18.293	16.305	6.397	1.815	22.38	0.972421	0.221	0.059066	-9.079	-10.25
SPAC824.03c	SPAC824.03c	viable	V	0.081	-0.005	0.0	0.945	7.78	18.505	17.561	5.693	0.03	0.009	-0.078636	0.078	0.386867	-19.541	-20.713
SPAC824.04	swd22	viable	V	1.464	0.139	4.978	5.619	10.257	17.536	11.917	8.841	0.538	4.069	0.986388	0.044	0.043471	-25.198	-26.37
SPAC824.05	vps16	condition-dependent	V	6.41	0.541	3.622	4.346	9.583	17.801	13.456	7.984	2.358	21.823	0.988996	0.181	0.038915	-11.095	-12.267
SPAC824.07	glo2	viable	V	0.255	0.043	0.001	0.365	3.001	7.138	6.773	2.197	0.094	2.296	0.79681	0.047	0.146293	-24.522	-25.694
SPAC824.08	gda1	viable	V	-0.002	0.0	0.0	0.364	2.993	7.12	6.756	2.19	-0.001	-0.0	-0.58488	0.128	0.518501	-14.552	-15.723
SPAC824.09c	age1	viable	V	0.316	0.053	0.0	0.365	3.001	7.138	6.773	2.196	0.116	2.839	0.697764	0.068	0.204448	-20.931	-22.102
SPAC869.01	SPAC869.01	viable	V	0.314	0.053	2.772	3.137	5.773	9.91	6.773	4.968	0.116	1.986	0.325743	0.264	0.28962	-7.302	-8.474
SPAC869.02c	yhb1	viable	V	0.338	0.022	0.0	0.945	7.782	18.51	17.565	5.695	0.124	1.689	0.367705	0.082	0.282331	-18.991	-20.163
SPAC869.03c	SPAC869.03c	viable	V	0.25	0.042	-0.0	0.364	3.001	7.138	6.773	2.196	0.092	2.25	0.54818	0.073	0.231795	-20.139	-21.311
SPAC869.04	SPAC869.04	viable	V	-0.343	0.022	0.0	0.937	7.718	18.357	17.42	5.648	-0.126	-0.036	0.00714	0.124	0.410459	-14.878	-16.05
SPAC869.05c	sul2	viable	V	0.666	0.112	-0.0	0.364	3.001	7.138	6.773	2.196	0.245	5.995	0.456176	0.246	0.256006	-8.023	-9.195
SPAC869.06c	hry1	viable	V	0.307	0.02	-0.0	0.945	7.782	18.51	17.565	5.695	0.113	1.537	0.197701	0.128	0.383302	-14.555	-15.727
SPAC869.07c	mel1	viable	V	-0.046	0.003	-0.0	0.921	7.586	18.044	17.123	5.551	-0.017	-0.005	-0.249465	0.175	0.407814	-11.409	-12.581
SPAC869.08	pcm2	viable	V	0.479	0.061	0.0	0.481	3.962	9.424	8.943	2.899	0.176	3.812	0.952401	0.039	0.080886	-26.342	-27.514
SPAC869.09	SPAC869.09	viable	V	-0.38	-0.064	-0.0	0.364	3.001	7.138	6.773	2.196	-0.14	-3.417	-0.104584	0.191	0.342161	-10.559	-11.73
SPAC869.10c	put4	viable	V	0.126	-0.008	0.0	0.945	7.782	18.51	17.565	5.695	0.046	0.013	-0.078597	0.038	0.367348	-26.648	-27.82
SPAC869.11	cat1	viable	V	1.446	0.136	3.116	3.767	8.477	15.868	12.101	7.039	0.532	5.925	0.9989	0.015	0.013016	-36.176	-37.347
SPAC890.02c	alp7	viable	V	1.744	0.113	-0.0	0.945	7.782	18.51	17.565	5.695	0.641	8.715	0.932006	0.115	0.088662	-15.644	-16.816
SPAC890.03	ppk16	viable	V	-0.06	0.009	0.0	0.395	3.254	7.739	7.344	2.381	-0.022	-0.003	-0.302016	0.058	0.428308	-22.43	-23.602
SPAC890.04c	ytm1	inviable	E	5.549	0.903	-0.0	0.375	3.09	7.351	6.975	2.261	2.041	49.361	0.982693	0.272	0.047631	-7.003	-8.175
SPAC890.06	nup155	condition-dependent	V	6.165	1.033	0.133	0.497	3.134	7.27	6.773	2.329	2.268	54.695	0.984743	0.29	0.047067	-6.381	-7.553
SPAC890.07c	rmt1	viable	V	0.011	-0.002	0.0	0.369	3.036	7.222	6.853	2.222	0.004	0.0	-2.671921	0.107	0.642634	-16.379	-17.551
SPAC8C9.03	cgs1	viable	V	1.347	0.226	-0.0	0.364	3.001	7.138	6.773	2.196	0.496	12.117	0.938412	0.118	0.094588	-15.351	-16.523
SPAC8C9.04	SPAC8C9.04	viable	V	-0.457	-0.038	0.0	0.743	6.116	14.548	13.805	4.476	-0.168	-2.766	0.742776	0.079	0.176146	-19.35	-20.521
SPAC8C9.05	dtd1	viable	V	-0.495	0.079	0.0	0.382	3.144	7.478	7.096	2.301	-0.182	-0.021	-0.848863	0.122	0.495229	-15.052	-16.223
SPAC8C9.06c	ppr4	viable	V	1.62	0.125	2.56	3.348	9.055	18.009	14.661	7.313	0.596	6.305	0.962246	0.086	0.068326	-18.563	-19.735
SPAC8C9.08	rps5	viable	V	5.429	0.636	0.755	1.276	5.05	10.97	9.694	3.898	1.997	37.716	0.972958	0.32	0.06454	-5.395	-6.566
SPAC8C9.09c	mug129	viable	V	0.351	0.059	-0.0	0.364	3.001	7.138	6.773	2.196	0.129	3.157	0.773931	0.064	0.152832	-21.435	-22.607
SPAC8C9.10c	rrp14	viable	V	4.64	0.484	1.61	2.195	6.426	13.067	10.872	5.135	1.707	26.572	0.993035	0.133	0.031687	-14.187	-15.358
SPAC8C9.11	fra2	viable	V	-0.333	-0.022	0.001	0.945	7.776	18.494	17.548	5.691	-0.123	-1.667	0.610619	0.053	0.230398	-23.333	-24.505
SPAC8C9.12c	mrs3	viable	V	0.289	-0.019	0.0	0.922	7.59	18.053	17.131	5.554	0.106	0.03	-0.146228	0.087	0.3658	-18.412	-19.583
SPAC8C9.14	prr1	viable	V	0.303	0.051	-0.0	0.364	3.001	7.138	6.773	2.196	0.111	2.726	0.533003	0.073	0.257681	-20.148	-21.32
SPAC8C9.15c	tif225	inviable	E	6.052	1.014	-0.0	0.364	3.001	7.138	6.773	2.196	2.226	54.44	0.857799	0.809	0.13164	3.883	2.711
SPAC8C9.16c	oxr1	viable	V	-0.065	0.009	0.0	0.434	3.574	8.5	8.066	2.615	-0.024	-0.003	-0.168854	0.045	0.363022	-25.008	-26.179
SPAC8E11.01c	inv2	viable	V	-0.033	0.002	0.0	0.945	7.779	18.503	17.558	5.693	-0.012	-0.004	0.000745	0.077	0.333809	-19.669	-20.84
SPAC8E11.03c	dmc1	viable	V	-0.531	0.08	0.0	0.404	3.325	7.909	7.505	2.433	-0.195	-0.024	-0.643902	0.126	0.485456	-14.697	-15.869
SPAC8E11.04c	pah1	viable	V	-0.12	-0.02	-0.0	0.364	3.001	7.138	6.773	2.196	-0.044	-1.081	-0.282462	0.112	0.408505	-15.935	-17.107
SPAC8E11.05c	SPAC8E11.05c	viable	V	-0.445	0.062	0.0	0.436	3.59	8.539	8.103	2.627	-0.164	-0.022	-0.135626	0.118	0.380509	-15.407	-16.578
SPAC8E11.06	SPAC8E11.06	viable	V	-0.438	0.061	-0.0	0.437	3.594	8.55	8.113	2.63	-0.161	-0.022	-0.40601	0.053	0.462063	-23.436	-24.608
SPAC8E11.07c	alp31	viable	V	3.278	0.341	5.871	6.457	10.701	17.361	10.904	9.406	1.206	7.78	0.976646	0.124	0.055922	-14.858	-16.03
SPAC8E11.08c	SPAC8E11.08c	unknown	Not_determined	0.001	0.0	0.0	0.364	2.998	7.13	6.766	2.194	0.0	0.005	-0.039207	0.042	0.339128	-25.608	-26.78
SPAC8E11.10	SPAC8E11.10	viable	V	-0.019	-0.002	0.0	0.584	4.809	11.438	10.854	3.519	-0.007	-0.136	0.20281	0.021	0.301631	-32.722	-33.894
SPAC8E11.12	SPAC8E11.12	viable	Not_determined	-0.004	0.0	0.0	0.53	4.363	10.379	9.849	3.193	-0.002	-0.0	-0.111037	0.1	0.387572	-17.026	-18.198
SPAC8F11.02c	dph3	viable	V	2.846	0.477	-0.0	0.364	3.001	7.138	6.773	2.196	1.047	25.6	0.808631	0.455	0.146127	-1.874	-3.045
SPAC8F11.03	msh3	viable	V	0.866	0.145	0.884	1.249	3.885	8.022	6.773	3.08	0.319	7.062	0.880097	0.131	0.152863	-14.314	-15.485
SPAC8F11.04	SPAC8F11.04	inviable	E	6.296	1.031	-0.0	0.373	3.07	7.302	6.929	2.247	2.316	56.152	0.958753	0.476	0.070391	-1.413	-2.585
SPAC8F11.06	brr6	inviable	E	6.336	1.007	0.146	0.53	3.308	7.667	7.136	2.46	2.331	54.999	0.991088	0.224	0.035025	-8.957	-10.129
SPAC8F11.07c	cdc24	inviable	E	6.551	0.709	1.031	1.596	5.679	12.087	10.491	4.433	2.41	41.777	0.998416	0.09	0.015023	-18.037	-19.209
SPAC8F11.08c	SPAC8F11.08c	viable	V	1.269	0.213	0.468	0.833	3.469	7.606	6.773	2.664	0.467	10.857	0.767327	0.275	0.188104	-6.923	-8.095
SPAC8F11.09c	efm7	viable	V	-0.644	0.092	0.0	0.427	3.514	8.358	7.931	2.571	-0.237	-0.031	-0.089973	0.176	0.36121	-11.398	-12.57
SPAC8F11.10c	pvg1	viable	V	-0.199	-0.033	-0.0	0.364	3.001	7.138	6.773	2.196	-0.073	-1.79	0.003347	0.145	0.351413	-13.277	-14.449
SPAC9.02c	SPAC9.02c	viable	V	0.713	0.051	1.381	2.242	8.469	18.24	15.997	6.568	0.262	3.153	0.905579	0.066	0.117035	-21.251	-22.423
SPAC9.03c	brr2	inviable	E	6.354	1.064	-0.0	0.364	3.001	7.138	6.773	2.196	2.338	57.16	0.978512	0.348	0.052688	-4.551	-5.722
SPAC9.04	Tf2-1	unknown	Not_determined	0.391	0.065	3.434	3.799	6.435	10.572	6.773	5.63	0.144	2.22	0.525907	0.187	0.229528	-10.788	-11.959
SPAC9.05	fml1	viable	V	1.496	0.115	2.518	3.309	9.034	18.017	14.708	7.286	0.55	5.852	0.965882	0.075	0.066846	-19.965	-21.137
SPAC9.06c	mta3	viable	V	0.269	0.045	-0.0	0.364	3.001	7.138	6.773	2.196	0.099	2.418	-0.128247	0.13	0.348867	-14.366	-15.537
SPAC9.07c	SPAC9.07c	viable	V	-0.165	0.019	0.0	0.538	4.432	10.542	10.004	3.243	-0.061	-0.01	-0.140722	0.07	0.349889	-20.546	-21.718
SPAC9.08c	SPAC9.08c	viable	V	0.048	-0.003	0.0	0.901	7.415	17.636	16.736	5.426	0.018	0.005	-0.705815	0.085	0.475905	-18.629	-19.801
SPAC9.09	met26	viable	Not_determined	6.046	1.013	0.241	0.606	3.242	7.379	6.773	2.437	2.224	53.025	0.947566	0.545	0.09023	-0.077	-1.248
SPAC9.10	thi9	viable	V	-0.254	0.024	0.0	0.64	5.269	12.533	11.893	3.856	-0.093	-0.018	-0.036899	0.07	0.348493	-20.536	-21.708
SPAC9.11	SPAC9.11	viable	V	0.0	-0.0	-0.0	0.191	1.575	3.747	3.556	1.153	0.0	0.0	-0.873235	0.062	0.494462	-21.837	-23.009
SPAC9.12c	atp12	viable	V	1.928	0.143	1.97	2.795	8.762	18.125	15.33	6.94	0.709	8.02	0.92938	0.141	0.090719	-13.624	-14.795
SPAC9.13c	cwf16	viable	V	5.809	0.973	0.033	0.397	3.034	7.171	6.773	2.229	2.137	52.079	0.988426	0.234	0.04093	-8.507	-9.679
SPAC922.03	SPAC922.03	viable	V	-0.651	0.092	-0.0	0.434	3.575	8.504	8.069	2.616	-0.24	-0.032	-0.045424	0.088	0.385763	-18.309	-19.481
SPAC922.04	SPAC922.04	viable	V	-0.138	-0.023	-0.0	0.364	3.001	7.138	6.773	2.196	-0.051	-1.243	-0.243035	0.179	0.419288	-11.225	-12.397
SPAC922.05c	SPAC922.05c	viable	V	0.028	-0.005	0.0	0.372	3.062	7.283	6.911	2.241	0.01	0.001	-2.435128	0.039	0.586799	-26.512	-27.683
SPAC922.06	SPAC922.06	viable	V	0.368	0.062	-0.0	0.364	3.001	7.138	6.773	2.196	0.135	3.309	0.689847	0.071	0.203764	-20.521	-21.693
SPAC922.07c	atd2	viable	V	0.002	0.0	0.0	0.372	3.063	7.287	6.915	2.242	0.001	0.014	-0.313949	0.073	0.422113	-20.227	-21.399
SPAC922.09	SPAC922.09	unknown	Not_determined	-0.047	0.003	-0.0	0.945	7.782	18.51	17.565	5.695	-0.017	-0.005	-1.487472	0.084	0.561532	-18.742	-19.914
SPAC926.02	SPAC926.02	viable	V	-0.27	0.04	-0.0	0.409	3.365	8.005	7.596	2.463	-0.099	-0.012	-2.344573	0.096	0.584823	-17.443	-18.615
SPAC926.03	rlc1	condition-dependent	V	-0.773	0.104	0.0	0.453	3.732	8.876	8.423	2.731	-0.284	-0.04	-0.076376	0.128	0.340032	-14.595	-15.767
SPAC926.04c	hsp90	inviable	E	6.181	1.035	0.087	0.451	3.087	7.224	6.773	2.283	2.274	55.101	0.991175	0.218	0.034934	-9.222	-10.394
SPAC926.06c	SPAC926.06c	viable	V	0.002	-0.0	0.0	0.364	3.001	7.138	6.774	2.196	0.001	0.0	-0.900038	0.08	0.485497	-19.305	-20.476
SPAC926.07c	dlc2	viable	V	-0.367	0.046	0.0	0.483	3.975	9.454	8.972	2.909	-0.135	-0.02	-0.072951	0.06	0.372451	-22.078	-23.25
SPAC926.08c	rpf2	inviable	E	5.842	0.811	-0.0	0.44	3.622	8.614	8.174	2.65	2.149	48.578	0.979683	0.303	0.050948	-5.954	-7.126
SPAC926.09c	fas1	viable	V	6.984	1.17	0.601	0.966	3.602	7.739	6.773	2.797	2.569	58.857	0.969521	0.48	0.066264	-1.332	-2.504
SPAC959.02	sec17	inviable	E	5.637	0.944	-0.0	0.364	3.001	7.138	6.773	2.196	2.074	50.709	0.962815	0.403	0.06726	-3.083	-4.254
SPAC959.03c	utp7	inviable	E	6.181	1.035	0.293	0.657	3.294	7.431	6.773	2.489	2.274	53.911	0.995513	0.157	0.02615	-12.492	-13.663
SPAC959.04c	omh6	viable	V	5.285	0.761	6.814	7.238	10.306	15.119	7.881	9.369	1.944	12.367	0.999292	0.041	0.010307	-25.824	-26.996
SPAC959.06c	SPAC959.06c	viable	V	0.149	-0.01	0.0	0.933	7.679	18.264	17.332	5.619	0.055	0.016	-0.196833	0.057	0.425164	-22.652	-23.824
SPAC959.07	rps403	viable	V	0.411	0.069	3.662	4.027	6.663	10.8	6.773	5.858	0.151	2.243	0.650229	0.157	0.219188	-12.547	-13.719
SPAC959.08	rpl2102	viable	V	4.846	0.418	0.508	1.216	6.34	14.381	13.165	4.776	1.783	28.411	0.986578	0.176	0.041464	-11.396	-12.567
SPAC959.09c	apc5	inviable	E	6.303	1.056	1.614	1.978	4.614	8.751	6.773	3.81	2.319	46.915	0.997777	0.119	0.019016	-15.272	-16.444
SPAC959.11	SPAC959.11	unknown	Not_determined	0.711	0.119	0.107	0.471	3.107	7.244	6.773	2.303	0.262	6.325	0.908322	0.087	0.10825	-18.44	-19.611
SPAC977.03	SPAC977.03	viable	V	2.667	0.447	0.443	0.807	3.443	7.58	6.773	2.639	0.981	22.88	0.240497	1.717	0.342769	11.405	10.234
SPAC977.05c	SPAC977.05c	viable	V	0.501	0.032	-0.0	0.945	7.782	18.51	17.565	5.695	0.184	2.502	-0.037577	0.311	0.41623	-5.695	-6.867
SPAC977.10	nhe1	viable	V	0.339	0.057	-0.0	0.364	3.001	7.138	6.773	2.196	0.125	3.052	0.81442	0.053	0.152639	-23.439	-24.611
SPAC977.11	fex1	viable	V	0.106	-0.015	0.0	0.432	3.555	8.456	8.024	2.602	0.039	0.005	-0.26366	0.077	0.456622	-19.618	-20.789
SPAC977.12	SPAC977.12	viable	V	-0.382	0.04	0.0	0.59	4.856	11.551	10.961	3.554	-0.141	-0.025	-0.475995	0.198	0.528082	-10.22	-11.392
SPAC977.14c	SPAC977.14c	viable	V	-0.25	0.016	0.0	0.937	7.718	18.358	17.421	5.648	-0.092	-0.026	-0.064523	0.171	0.408205	-11.635	-12.807
SPAC977.15	SPAC977.15	viable	V	0.228	0.032	1.229	1.66	4.778	9.671	8.011	3.826	0.084	1.652	0.221148	0.192	0.338962	-10.51	-11.682
SPAC977.16c	dak2	viable	V	-0.067	0.011	0.0	0.364	3.001	7.138	6.773	2.196	-0.025	-0.003	-0.096422	0.101	0.358339	-16.886	-18.058
SPAC977.17	SPAC977.17	viable	V	0.38	-0.025	0.0	0.911	7.5	17.839	16.928	5.488	0.14	0.039	-0.051478	0.111	0.360159	-16.021	-17.193
SPAC977.18	SPAC977.18	unknown	Not_determined	0.43	0.072	-0.0	0.364	3.001	7.138	6.773	2.196	0.158	3.869	-0.063499	0.263	0.42667	-7.346	-8.518
SPAC9E9.01	SPAC9E9.01	unknown	Not_determined	-0.166	-0.028	-0.0	0.364	3.001	7.138	6.773	2.196	-0.061	-1.491	-0.03972	0.201	0.359016	-10.06	-11.232
SPAC9E9.02	SPAC9E9.02	unknown	Not_determined	-0.111	0.007	0.0	0.941	7.752	18.438	17.497	5.673	-0.041	-0.012	-0.1182	0.063	0.372103	-21.664	-22.836
SPAC9E9.03	leu2	viable	V	0.023	-0.004	0.0	0.367	3.018	7.179	6.812	2.209	0.008	0.001	-0.733866	0.159	0.470693	-12.412	-13.584
SPAC9E9.04	SPAC9E9.04	viable	V	0.472	0.046	-0.0	0.625	5.146	12.24	11.615	3.766	0.174	3.223	0.329301	0.163	0.289689	-12.116	-13.288
SPAC9E9.05	sor1	viable	V	-0.048	-0.008	0.0	0.364	3.001	7.138	6.773	2.196	-0.018	-0.434	0.045769	0.08	0.357256	-19.299	-20.471
SPAC9E9.06c	SPAC9E9.06c	inviable	E	6.247	1.046	-0.0	0.364	3.001	7.138	6.773	2.196	2.298	56.192	0.974894	0.362	0.060447	-4.154	-5.326
SPAC9E9.07c	ypt2	inviable	E	6.251	1.047	0.364	0.729	3.365	7.502	6.773	2.56	2.3	54.097	0.986544	0.277	0.043607	-6.82	-7.992
SPAC9E9.08	rad26	viable	V	1.146	0.134	4.83	5.353	9.138	15.079	9.726	7.983	0.422	3.888	0.993166	0.029	0.032427	-29.275	-30.446
SPAC9E9.09c	atd1	viable	V	1.887	0.316	0.137	0.501	3.138	7.275	6.773	2.333	0.694	16.733	0.931411	0.195	0.102885	-10.323	-11.495
SPAC9E9.10c	cbh1	viable	V	0.446	0.039	0.0	0.701	5.768	13.718	13.017	4.221	0.164	2.821	0.624621	0.113	0.216052	-15.842	-17.014
SPAC9E9.11	plr1	viable	V	-0.137	-0.023	-0.0	0.364	3.001	7.138	6.773	2.196	-0.05	-1.232	0.672212	0.034	0.194602	-27.855	-29.027
SPAC9E9.12c	abc1	viable	V	0.084	-0.013	0.0	0.403	3.319	7.893	7.49	2.428	0.031	0.004	-0.566802	0.055	0.473857	-23.01	-24.182
SPAC9E9.13	wos2	viable	V	-0.006	0.001	0.0	0.364	3.001	7.138	6.773	2.196	-0.002	-0.0	-1.648038	0.091	0.532244	-17.967	-19.139
SPAC9E9.14	vps24	viable	V	1.524	0.11	1.656	2.5	8.606	18.186	15.686	6.742	0.561	6.552	0.995041	0.029	0.025912	-29.362	-30.533
SPAC9E9.15	SPAC9E9.15	viable	V	0.063	0.011	-0.0	0.364	3.001	7.138	6.773	2.196	0.023	0.57	-0.219569	0.144	0.403256	-13.354	-14.526
SPAC9E9.17c	SPAC9E9.17c	unknown	Not_determined	-0.147	-0.025	-0.0	0.364	3.001	7.138	6.773	2.196	-0.054	-1.324	0.08981	0.058	0.353087	-22.55	-23.722
SPAC9G1.02	wis4	viable	V	0.554	0.093	2.789	3.153	5.789	9.926	6.773	4.985	0.204	3.49	0.594986	0.188	0.233964	-10.732	-11.904
SPAC9G1.04	oxa101	viable	V	0.006	-0.001	0.0	0.364	3.001	7.138	6.774	2.196	0.002	0.0	-1.873307	0.06	0.635041	-22.185	-23.357
SPAC9G1.05	aip1	viable	V	-0.073	0.005	0.0	0.883	7.27	17.291	16.408	5.32	-0.027	-0.007	-1.047046	0.095	0.491258	-17.559	-18.73
SPAC9G1.06c	cyk3	viable	V	0.124	-0.008	0.0	0.945	7.782	18.51	17.565	5.695	0.046	0.013	-0.056696	0.091	0.34111	-17.961	-19.132
SPAC9G1.07	SPAC9G1.07	viable	V	2.352	0.392	8.24	8.606	11.256	15.413	6.807	10.447	0.865	3.664	0.962787	0.112	0.070864	-15.877	-17.048
SPAC9G1.08c	phi1	viable	V	5.422	0.68	2.949	3.436	6.957	12.482	9.047	5.882	1.995	28.228	0.999884	0.021	0.004318	-32.577	-33.748
SPAC9G1.09	sid1	inviable	E	8.128	0.756	1.735	2.392	7.143	14.598	12.206	5.692	2.99	42.046	0.98245	0.349	0.049836	-4.525	-5.697
SPAC9G1.10c	inp53	viable	V	0.126	0.021	-0.0	0.367	3.018	7.18	6.813	2.209	0.046	1.127	-0.219101	0.082	0.373779	-19.028	-20.199
SPAC9G1.11c	spn4	viable	V	0.257	0.03	0.0	0.531	4.368	10.39	9.859	3.197	0.095	1.943	0.631233	0.08	0.219942	-19.223	-20.394
SPAC9G1.12	trm61	viable	V	1.878	0.166	0.683	1.374	6.371	14.214	12.84	4.846	0.691	10.948	0.926239	0.165	0.107678	-11.994	-13.166
SPAC9G1.13c	swc4	inviable	E	6.644	0.72	3.485	4.048	8.122	14.516	10.468	6.879	2.444	28.327	0.998799	0.074	0.01361	-19.997	-21.168
SPAC9G1.14	SPAC9G1.14	unknown	Not_determined	0.243	0.041	-0.0	0.364	3.001	7.138	6.773	2.196	0.089	2.182	0.146983	0.159	0.323092	-12.391	-13.563
SPACUNK12.02c	cmk1	viable	V	0.376	0.063	-0.0	0.364	3.001	7.138	6.773	2.196	0.138	3.379	0.284225	0.124	0.282542	-14.895	-16.066
SPACUNK4.06c	rpb7	inviable	E	5.802	0.947	0.763	1.137	3.843	8.088	6.951	3.017	2.135	47.496	0.999194	0.064	0.011079	-21.551	-22.723
SPACUNK4.07c	cta4	viable	Not_determined	5.057	0.387	2.409	3.207	8.98	18.038	14.831	7.218	1.86	20.031	0.997245	0.072	0.019634	-20.317	-21.488
SPACUNK4.08	dpp2	viable	V	0.295	0.039	0.0	0.468	3.85	9.158	8.69	2.817	0.109	2.384	0.936973	0.028	0.09149	-29.595	-30.767
SPACUNK4.09	SPACUNK4.09	viable	V	-0.006	0.001	0.0	0.368	3.027	7.2	6.833	2.215	-0.002	-0.0	-0.00145	0.089	0.336949	-18.158	-19.33
SPACUNK4.10	gor1	viable	V	-0.163	-0.027	1.82	2.185	4.821	8.958	6.773	4.016	-0.06	-1.179	0.246967	0.177	0.29158	-11.333	-12.505
SPACUNK4.11c	mpp6	viable	V	0.059	-0.009	0.0	0.405	3.338	7.939	7.533	2.442	0.022	0.003	-0.446282	0.139	0.431312	-13.71	-14.882
SPACUNK4.12c	iph1	viable	V	0.193	-0.012	0.0	0.944	7.772	18.487	17.543	5.688	0.071	0.021	-0.052605	0.086	0.330256	-18.588	-19.76
SPACUNK4.13c	ola2	viable	V	0.601	-0.041	0.0	0.904	7.442	17.702	16.798	5.446	0.221	0.061	-0.075163	0.082	0.396112	-19.011	-20.183
SPACUNK4.14	mdb1	viable	V	-0.046	0.003	0.0	0.938	7.724	18.373	17.434	5.652	-0.017	-0.005	-0.448108	0.133	0.525837	-14.171	-15.343
SPACUNK4.16c	tps3	viable	V	0.141	-0.009	-0.0	0.945	7.782	18.51	17.565	5.695	0.052	0.015	-0.139325	0.062	0.382158	-21.759	-22.931
SPACUNK4.17	SPACUNK4.17	viable	V	0.065	-0.005	0.0	0.84	6.914	16.446	15.606	5.06	0.024	0.006	-0.959078	0.097	0.570029	-17.34	-18.512
SPACUNK4.19	mug153	viable	V	-0.01	-0.002	0.0	0.364	2.998	7.13	6.766	2.194	-0.004	-0.087	0.044989	0.025	0.411897	-30.839	-32.01
SPAP11E10.01	SPAP11E10.01	viable	V	-0.233	-0.039	-0.0	0.364	3.001	7.138	6.773	2.196	-0.086	-2.092	-0.068669	0.115	0.346892	-15.614	-16.785
SPAP11E10.02c	mam3	viable	V	0.11	-0.016	0.0	0.431	3.55	8.443	8.012	2.598	0.041	0.005	-0.134183	0.101	0.391226	-16.894	-18.066
SPAP14E8.02	tos4	viable	V	-0.565	0.038	0.0	0.911	7.503	17.847	16.935	5.491	-0.208	-0.058	0.027696	0.139	0.332293	-13.716	-14.888
SPAP14E8.03	bos1	inviable	E	5.547	0.929	0.39	0.754	3.391	7.528	6.773	2.586	2.041	47.869	0.997478	0.106	0.019652	-16.399	-17.57
SPAP14E8.04	oma1	viable	V	0.12	-0.008	0.0	0.945	7.782	18.51	17.565	5.695	0.044	0.013	-0.025579	0.049	0.352586	-24.086	-25.257
SPAP14E8.05c	SPAP14E8.05c	viable	V	-0.117	0.008	0.0	0.933	7.683	18.275	17.341	5.622	-0.043	-0.012	-0.262	0.079	0.45294	-19.407	-20.579
SPAP27G11.02	mgr3	viable	V	-0.193	0.013	0.0	0.944	7.773	18.489	17.545	5.688	-0.071	-0.021	-0.033183	0.063	0.324115	-21.717	-22.889
SPAP27G11.03	cdc123	inviable	E	6.062	0.897	0.143	0.555	3.54	8.223	7.667	2.629	2.23	51.072	0.991022	0.213	0.03525	-9.467	-10.639
SPAP27G11.05c	vps41	viable	V	3.648	0.305	3.509	4.24	9.527	17.823	13.584	7.913	1.342	12.611	0.943937	0.235	0.084334	-8.498	-9.67
SPAP27G11.06c	vas2	viable	V	3.38	0.263	2.604	3.39	9.077	18.0	14.61	7.341	1.244	13.09	0.974499	0.146	0.056998	-13.232	-14.403
SPAP27G11.07c	bud32	condition-dependent	E	6.364	0.649	0.376	0.975	5.309	12.109	11.134	3.986	2.341	42.634	0.987661	0.238	0.0415	-8.357	-9.528
SPAP27G11.08c	meu32	viable	V	0.931	0.06	0.0	0.945	7.782	18.51	17.565	5.695	0.343	4.655	0.924694	0.069	0.0994	-20.797	-21.968
SPAP27G11.09c	rib1	inviable	E	3.913	0.655	0.13	0.495	3.131	7.268	6.773	2.326	1.439	34.723	0.960831	0.297	0.069729	-6.143	-7.315
SPAP27G11.10c	nup184	viable	V	6.549	0.718	-0.0	0.557	4.584	10.904	10.347	3.355	2.409	48.095	0.979264	0.322	0.051367	-5.333	-6.505
SPAP27G11.11c	SPAP27G11.11c	unknown	Not_determined	-0.051	-0.003	0.0	0.945	7.782	18.51	17.565	5.695	-0.019	-0.255	0.14362	0.052	0.321909	-23.475	-24.647
SPAP27G11.12	hid3	viable	V	1.018	0.131	7.713	8.188	11.618	17.0	8.813	10.571	0.375	1.585	0.968131	0.044	0.063307	-25.136	-26.308
SPAP27G11.14c	SPAP27G11.14c	viable	V	1.049	0.176	0.604	0.968	3.604	7.741	6.773	2.8	0.386	8.841	0.918566	0.124	0.119523	-14.87	-16.041
SPAP27G11.15	slx1	viable	V	-0.387	0.025	0.0	0.945	7.782	18.51	17.565	5.695	-0.142	-0.041	-0.185035	0.097	0.371223	-17.304	-18.475
SPAP27G11.16	SPAP27G11.16	viable	V	2.581	0.432	9.443	9.807	12.444	16.581	6.773	11.639	0.95	2.193	0.924493	0.132	0.100815	-14.267	-15.439
SPAP32A8.02	SPAP32A8.02	viable	V	-0.198	0.027	0.0	0.447	3.677	8.747	8.3	2.691	-0.073	-0.01	-0.894949	0.092	0.51071	-17.868	-19.039
SPAP32A8.03c	bop1	viable	V	0.385	0.065	0.0	0.364	3.001	7.138	6.773	2.196	0.142	3.464	0.38419	0.197	0.335181	-10.258	-11.43
SPAP4C9.02	emc5	viable	Not_determined	-0.45	0.056	0.0	0.492	4.048	9.629	9.138	2.963	-0.165	-0.025	-0.012644	0.107	0.370056	-16.389	-17.561
SPAP7G5.02c	gua2	inviable	E	6.93	1.161	-0.0	0.364	3.001	7.138	6.773	2.196	2.549	62.337	0.94681	0.591	0.079465	0.748	-0.423
SPAP7G5.03	prm1	viable	V	-0.163	-0.027	-0.0	0.364	3.001	7.138	6.773	2.196	-0.06	-1.468	0.265424	0.06	0.275496	-22.079	-23.25
SPAP7G5.04c	lys1	viable	V	-0.121	-0.02	-0.0	0.364	3.001	7.138	6.773	2.196	-0.044	-1.086	0.256216	0.053	0.28278	-23.451	-24.623
SPAP7G5.06	per1	viable	V	0.025	0.004	0.598	0.962	3.598	7.735	6.773	2.793	0.009	0.209	-0.113188	0.089	0.373112	-18.214	-19.385
SPAP8A3.02c	ofd2	viable	V	-0.428	0.029	0.0	0.907	7.471	17.77	16.862	5.467	-0.157	-0.044	-0.0038	0.165	0.342627	-12.03	-13.202
SPAP8A3.03	zip3	viable	V	0.249	-0.016	0.0	0.945	7.782	18.51	17.565	5.695	0.092	0.027	-0.009488	0.144	0.373358	-13.397	-14.569
SPAP8A3.05	ski7	viable	V	0.167	0.028	-0.0	0.364	3.001	7.138	6.773	2.196	0.061	1.501	0.002134	0.078	0.3393	-19.549	-20.721
SPAP8A3.07c	aro3	viable	V	5.689	0.66	0.24	0.766	4.571	10.541	9.775	3.409	2.093	41.959	0.983681	0.256	0.048493	-7.617	-8.788
SPAP8A3.08	cdc4	inviable	E	6.377	0.786	1.862	2.357	5.939	11.559	9.201	4.845	2.346	39.131	0.995836	0.149	0.025832	-13.007	-14.179
SPAP8A3.09c	paa1	inviable	E	6.292	0.925	0.826	1.242	4.246	8.959	7.718	3.328	2.315	48.817	0.998048	0.106	0.016945	-16.475	-17.646
SPAP8A3.10	ups1	inviable	E	5.464	0.897	1.931	2.303	4.992	9.212	6.908	4.171	2.01	38.63	0.998471	0.086	0.015777	-18.584	-19.756
SPAP8A3.11c	mtg2	inviable	E	5.219	0.57	6.318	6.877	10.924	17.273	10.396	9.688	1.92	11.337	0.986765	0.145	0.042612	-13.28	-14.452
SPAP8A3.12c	tpp2	viable	V	0.002	-0.0	0.0	0.364	3.001	7.138	6.774	2.196	0.001	0.0	-3.252116	0.096	0.724187	-17.477	-18.648
SPAP8A3.13c	gid10	viable	V	-0.556	0.062	0.0	0.55	4.528	10.77	10.22	3.313	-0.205	-0.035	-0.076567	0.069	0.346868	-20.683	-21.854
SPAP8A3.14c	sls1	viable	V	1.439	0.114	2.18	2.948	8.503	17.221	14.273	6.807	0.529	6.124	0.975355	0.065	0.061305	-21.393	-22.565
SPAPB15E9.01c	pfl2	viable	Not_determined	-0.27	-0.045	-0.0	0.364	3.001	7.138	6.773	2.196	-0.099	-2.427	0.615915	0.073	0.214389	-20.188	-21.359
SPAPB15E9.02c	SPAPB15E9.02c	unknown	Not_determined	-0.37	-0.062	-0.0	0.364	3.001	7.138	6.773	2.196	-0.136	-3.329	0.906976	0.04	0.110507	-26.16	-27.332
SPAPB15E9.03c	Tf2-5	unknown	Not_determined	1.506	0.252	-0.0	0.364	3.001	7.138	6.773	2.196	0.554	13.545	0.650224	0.321	0.204642	-5.354	-6.526
SPAPB17E12.03	pex12	viable	V	0.294	0.028	-0.0	0.648	5.337	12.695	12.047	3.906	0.108	1.963	0.472054	0.063	0.266109	-21.635	-22.807
SPAPB17E12.04c	csn2	viable	V	1.586	0.199	1.349	1.836	5.358	10.885	9.049	4.283	0.583	10.58	0.902127	0.189	0.117176	-10.641	-11.813
SPAPB17E12.05	rpl3703	viable	V	3.383	0.224	-0.0	0.924	7.606	18.092	17.168	5.566	1.244	17.235	0.962584	0.172	0.065646	-11.618	-12.79
SPAPB17E12.06	sos7	unknown	Not_determined	5.258	0.881	1.6	1.965	4.601	8.738	6.773	3.796	1.934	39.205	0.957443	0.451	0.081688	-1.967	-3.138
SPAPB17E12.07c	sen2	inviable	E	6.596	1.105	0.702	1.066	3.703	7.84	6.773	2.898	2.427	54.953	0.988307	0.28	0.043733	-6.726	-7.897
SPAPB17E12.08	eos1	viable	V	0.661	0.055	3.513	4.243	9.529	17.823	13.579	7.915	0.243	2.283	0.927335	0.055	0.096067	-23.083	-24.255
SPAPB17E12.09	SPAPB17E12.09	inviable	E	0.049	-0.008	0.0	0.364	3.001	7.138	6.773	2.196	0.018	0.002	-0.932115	0.063	0.550855	-21.678	-22.85
SPAPB17E12.10c	mrm202	inviable	E	4.392	0.554	7.546	8.03	11.535	17.033	9.003	10.465	1.616	7.155	0.994264	0.079	0.028133	-19.437	-20.608
SPAPB17E12.11	ost3	inviable	E	6.673	0.814	1.25	1.751	5.373	11.057	9.307	4.267	2.455	44.417	0.998591	0.091	0.014409	-17.954	-19.125
SPAPB17E12.14c	SPAPB17E12.14c	viable	V	-0.699	0.089	0.0	0.48	3.953	9.403	8.923	2.893	-0.257	-0.038	-0.034874	0.148	0.343477	-13.126	-14.298
SPAPB18E9.01	trm5	viable	V	5.953	0.597	1.058	1.667	6.074	12.99	11.322	4.729	2.19	35.967	0.992826	0.17	0.031438	-11.724	-12.896
SPAPB18E9.02c	ppk18	viable	Not_determined	-0.213	-0.036	-0.0	0.364	3.001	7.138	6.773	2.196	-0.078	-1.918	-0.044415	0.116	0.36306	-15.558	-16.729
SPAPB18E9.04c	SPAPB18E9.04c	viable	V	-0.494	0.033	0.0	0.927	7.634	18.157	17.23	5.586	-0.182	-0.052	0.011484	0.157	0.316409	-12.519	-13.691
SPAPB1A10.02	scm3	inviable	E	6.567	0.801	4.577	5.078	8.701	14.385	9.307	7.595	2.416	24.383	0.999935	0.017	0.003205	-34.592	-35.763
SPAPB1A10.03	nxt1	viable	V	0.804	0.077	5.053	5.69	10.295	17.521	11.831	8.889	0.296	2.207	0.840302	0.106	0.132725	-16.439	-17.61
SPAPB1A10.04c	cwp1	inviable	E	6.188	1.037	1.484	1.848	4.485	8.622	6.773	3.68	2.276	46.843	0.991124	0.237	0.039863	-8.418	-9.589
SPAPB1A10.05	SPAPB1A10.05	viable	V	-0.169	-0.028	-0.0	0.364	3.001	7.138	6.773	2.196	-0.062	-1.516	-0.082108	0.103	0.391042	-16.707	-17.879
SPAPB1A10.06c	dhx37	inviable	E	6.727	1.127	0.083	0.448	3.084	7.221	6.773	2.279	2.475	59.991	0.990361	0.249	0.036292	-7.912	-9.083
SPAPB1A10.07c	SPAPB1A10.07c	viable	V	0.209	0.035	0.0	0.364	3.001	7.138	6.773	2.196	0.077	1.883	0.767015	0.037	0.165272	-27.007	-28.179
SPAPB1A10.08	SPAPB1A10.08	viable	V	-0.007	0.001	-0.0	0.364	3.001	7.137	6.773	2.196	-0.003	-0.0	-0.718631	0.056	0.469107	-22.772	-23.944
SPAPB1A10.09	ase1	viable	V	1.713	0.118	0.541	1.429	7.848	17.921	16.493	5.888	0.63	8.373	0.989319	0.048	0.037322	-24.343	-25.515
SPAPB1A10.10c	ypt71	viable	V	0.013	-0.002	0.0	0.364	3.001	7.138	6.773	2.196	0.005	0.001	-2.473964	0.066	0.688777	-21.162	-22.334
SPAPB1A10.11c	mse1	inviable	E	5.622	0.773	5.33	5.774	8.987	14.029	8.255	8.006	2.068	19.168	0.9991	0.055	0.011895	-22.929	-24.1
SPAPB1A10.12c	alo1	viable	V	0.17	0.029	-0.0	0.364	3.001	7.138	6.773	2.196	0.063	1.531	0.158642	0.089	0.329034	-18.209	-19.381
SPAPB1A10.13	SPAPB1A10.13	viable	V	0.061	0.009	-0.0	0.419	3.448	8.202	7.783	2.523	0.023	0.522	0.083649	0.034	0.422194	-27.756	-28.928
SPAPB1A10.15	arv1	viable	V	0.319	0.053	0.0	0.368	3.033	7.215	6.847	2.22	0.117	2.86	0.777655	0.063	0.155592	-21.693	-22.865
SPAPB1A10.16	dpc13	viable	Not_determined	0.162	-0.01	0.001	0.946	7.782	18.51	17.564	5.695	0.06	0.017	-0.3558	0.022	0.400926	-32.144	-33.316
SPAPB1A11.02	SPAPB1A11.02	viable	V	-0.092	-0.015	-0.0	0.364	3.001	7.138	6.773	2.196	-0.034	-0.826	-0.174308	0.171	0.369428	-11.658	-12.83
SPAPB1A11.03	SPAPB1A11.03	viable	V	0.285	0.048	1.823	2.188	4.824	8.961	6.773	4.019	0.105	2.066	0.742129	0.083	0.191083	-18.921	-20.092
SPAPB1A11.04c	mca1	viable	V	4.713	0.638	1.06	1.511	4.774	9.893	8.382	3.778	1.734	34.09	0.994004	0.137	0.030998	-13.906	-15.078
SPAPB1E7.01c	SPAPB1E7.01c	inviable	E	2.826	0.364	1.836	2.31	5.74	11.122	8.812	4.693	1.039	17.856	0.99909	0.032	0.011891	-28.492	-29.663
SPAPB1E7.02c	mcl1	condition-dependent	V	7.11	0.58	3.214	3.963	9.38	17.881	13.918	7.726	2.615	25.542	0.994224	0.144	0.028554	-13.397	-14.569
SPAPB1E7.03	rpc82	inviable	E	5.814	0.974	0.354	0.718	3.355	7.492	6.773	2.55	2.139	50.371	0.974356	0.361	0.060796	-4.18	-5.352
SPAPB1E7.04c	cts2	viable	V	-0.095	0.006	0.0	0.928	7.64	18.172	17.244	5.591	-0.035	-0.01	-0.450466	0.083	0.428358	-18.929	-20.1
SPAPB1E7.05	gde1	viable	V	-0.455	0.065	-0.0	0.427	3.512	8.354	7.927	2.57	-0.167	-0.022	-0.595074	0.073	0.466999	-20.193	-21.365
SPAPB1E7.06c	eme1	viable	V	3.303	0.553	1.738	2.102	4.738	8.875	6.773	3.934	1.215	24.189	0.940875	0.339	0.095421	-4.825	-5.997
SPAPB1E7.07	glt1	viable	V	-0.014	0.002	0.0	0.364	3.001	7.138	6.773	2.196	-0.005	-0.001	-1.770959	0.08	0.578314	-19.281	-20.453
SPAPB1E7.08c	SPAPB1E7.08c	viable	V	0.02	0.003	0.0	0.364	3.001	7.137	6.773	2.196	0.007	0.179	0.088644	0.034	0.342094	-27.853	-29.025
SPAPB1E7.09	ogm2	condition-dependent	V	5.892	0.987	0.379	0.744	3.38	7.517	6.773	2.575	2.167	50.903	0.943166	0.56	0.097938	0.207	-0.964
SPAPB1E7.10	rpc17	inviable	E	6.194	1.038	1.107	1.472	4.108	8.245	6.773	3.303	2.278	49.166	0.986176	0.289	0.045095	-6.41	-7.581
SPAPB1E7.11c	mpa1	viable	V	1.029	0.088	3.803	4.516	9.673	17.766	13.25	8.098	0.378	3.416	0.925262	0.082	0.097463	-18.955	-20.127
SPAPB1E7.12	rps602	viable	V	6.29	0.613	0.206	0.832	5.364	12.475	11.643	3.981	2.314	41.827	0.978266	0.309	0.052202	-5.745	-6.916
SPAPB1E7.14	iec5	unknown	Not_determined	0.496	0.032	0.0	0.944	7.772	18.487	17.543	5.688	0.183	2.483	0.874793	0.045	0.129137	-25.082	-26.254
SPAPB21F2.02	dop1	viable	V	-0.064	0.004	0.0	0.945	7.777	18.499	17.554	5.691	-0.024	-0.007	-0.910121	0.052	0.542518	-23.654	-24.826
SPAPB24D3.01	toe3	viable	V	0.074	-0.005	0.0	0.846	6.962	16.56	15.714	5.095	0.027	0.007	-0.968023	0.091	0.530415	-17.944	-19.115
SPAPB24D3.02c	SPAPB24D3.02c	viable	V	-0.675	0.089	0.0	0.465	3.826	9.1	8.636	2.8	-0.248	-0.035	-0.029502	0.105	0.359577	-16.504	-17.676
SPAPB24D3.03	agm2	viable	V	0.087	0.015	0.235	0.6	3.236	7.373	6.773	2.431	0.032	0.761	0.328477	0.045	0.292997	-24.984	-26.156
SPAPB24D3.04c	mag1	viable	V	-0.534	0.071	0.0	0.456	3.753	8.927	8.471	2.747	-0.196	-0.027	-0.213658	0.101	0.400783	-16.966	-18.138
SPAPB24D3.06c	SPAPB24D3.06c	inviable	E	-0.006	0.001	0.0	0.62	5.105	12.142	11.522	3.736	-0.002	-0.0	-1.13787	0.107	0.559789	-16.305	-17.476
SPAPB24D3.07c	SPAPB24D3.07c	viable	V	-0.04	0.004	0.0	0.643	5.293	12.59	11.947	3.873	-0.015	-0.003	-0.485128	0.175	0.446624	-11.451	-12.623
SPAPB24D3.08c	SPAPB24D3.08c	viable	V	-0.411	0.05	0.0	0.5	4.113	9.783	9.284	3.01	-0.151	-0.023	-1.152485	0.054	0.543007	-23.132	-24.304
SPAPB24D3.09c	pdr1	viable	V	0.209	-0.014	0.0	0.945	7.782	18.51	17.565	5.695	0.077	0.022	0.002493	0.052	0.384	-23.522	-24.694
SPAPB24D3.10c	agl1	viable	V	0.181	0.03	-0.0	0.364	3.001	7.138	6.773	2.196	0.067	1.627	0.016393	0.168	0.352404	-11.832	-13.004
SPAPB2B4.01c	gpi12	inviable	E	5.707	0.956	2.836	3.2	5.836	9.973	6.773	5.032	2.099	35.691	0.985926	0.274	0.051185	-6.935	-8.107
SPAPB2B4.02	grx5	condition-dependent	V	3.486	0.479	8.198	8.643	11.859	16.905	8.263	10.877	1.283	4.704	0.986182	0.088	0.043703	-18.292	-19.464
SPAPB2B4.03	cig2	viable	V	0.342	0.029	0.0	0.717	5.9	14.033	13.316	4.317	0.126	2.129	0.884478	0.045	0.137632	-25.071	-26.243
SPAPB2B4.04c	pmc1	viable	V	1.65	0.132	2.944	3.708	9.233	17.903	14.195	7.546	0.607	6.143	0.989485	0.046	0.039524	-24.781	-25.953
SPAPB2B4.05	vma5	inviable	E	5.47	0.39	1.462	2.318	8.509	18.224	15.906	6.619	2.012	23.984	0.987709	0.163	0.039733	-12.146	-13.318
SPAPB2B4.06	SPAPB2B4.06	viable	V	0.03	0.005	0.0	0.364	3.001	7.138	6.773	2.196	0.011	0.266	0.719095	0.009	0.208274	-41.39	-42.562
SPAPB2B4.07	SPAPB2B4.07	viable	V	-0.107	0.008	-0.0	0.83	6.836	16.259	15.429	5.002	-0.039	-0.01	-0.595179	0.133	0.480108	-14.175	-15.347
SPAPB2C8.01	pfl10	viable	V	1.586	-0.103	0.0	0.937	7.715	18.35	17.413	5.646	0.583	0.168	0.011803	0.317	0.414201	-5.48	-6.651
SPAPB8E5.03	mae1	viable	V	0.017	-0.002	0.0	0.626	5.155	12.263	11.637	3.773	0.006	0.001	-0.185304	0.068	0.392209	-20.847	-22.018
SPAPB8E5.04c	npc2	viable	V	1.272	-0.082	0.0	0.945	7.782	18.51	17.565	5.695	0.468	0.136	-0.131696	0.188	0.355414	-10.731	-11.903
SPAPB8E5.05	mfm1	viable	V	-0.195	-0.016	0.0	0.727	5.99	14.247	13.519	4.383	-0.072	-1.202	0.699657	0.048	0.190146	-24.265	-25.436
SPAPB8E5.07c	rrp12	inviable	E	6.684	1.12	0.077	0.442	3.078	7.215	6.773	2.273	2.459	59.642	0.974352	0.407	0.057453	-3.001	-4.173
SPAPB8E5.08	SPAPB8E5.08	viable	V	-0.027	0.004	-0.0	0.364	3.001	7.137	6.773	2.196	-0.01	-0.001	-1.863917	0.042	0.638664	-25.665	-26.836
SPAPB8E5.09	rvb1	inviable	E	7.017	1.176	-0.0	0.364	3.001	7.138	6.773	2.196	2.581	63.123	0.937933	0.634	0.087205	1.445	0.274
SPAPB8E5.10	min8	viable	V	0.001	-0.0	0.0	0.365	3.001	7.139	6.774	2.196	0.0	0.0	-2.510964	0.092	0.676446	-17.86	-19.032
SPAPJ691.02	moh1	viable	V	0.231	0.039	-0.0	0.364	3.001	7.138	6.773	2.196	0.085	2.074	0.849893	0.033	0.126844	-28.119	-29.29
SPAPJ691.03	mic10	viable	V	-0.001	0.0	0.0	0.364	3.001	7.138	6.773	2.196	-0.001	-0.0	-1.22744	0.145	0.548029	-13.332	-14.504
SPAPJ695.01c	SPAPJ695.01c	viable	V	0.505	0.04	0.0	0.764	6.292	14.966	14.201	4.604	0.186	2.994	0.956883	0.031	0.071354	-28.887	-30.059
SPAPJ695.02	SPAPJ695.02	viable	Not_determined	0.934	0.156	-0.0	0.364	3.001	7.138	6.773	2.196	0.343	8.398	0.278703	0.437	0.291903	-2.285	-3.457
SPAPJ696.01c	vps17	viable	V	0.062	-0.004	0.0	0.942	7.759	18.454	17.512	5.678	0.023	0.007	-0.029988	0.051	0.408667	-23.663	-24.835
SPAPJ696.02	lsb4	viable	V	0.147	0.025	0.0	0.365	3.001	7.138	6.773	2.196	0.054	1.323	0.020395	0.136	0.360935	-13.919	-15.091
SPAPJ698.03c	prp12	inviable	E	6.565	1.01	0.227	0.624	3.495	8.0	7.377	2.618	2.415	55.725	0.993275	0.201	0.030635	-10.02	-11.192
SPAPJ760.02c	abp1	viable	V	-0.221	0.031	0.0	0.439	3.612	8.592	8.153	2.643	-0.081	-0.011	-0.128758	0.048	0.392548	-24.307	-25.478
SPAPYUG7.02c	sin1	viable	V	2.4	0.402	0.64	1.005	3.641	7.778	6.773	2.836	0.883	20.14	0.90483	0.306	0.119221	-5.852	-7.024
SPAPYUG7.03c	mid2	viable	V	-0.012	0.001	-0.0	0.918	7.56	17.983	17.065	5.533	-0.005	-0.001	-0.187087	0.233	0.381688	-8.558	-9.73
SPAPYUG7.04c	rpb9	viable	V	-0.368	0.052	0.0	0.431	3.545	8.432	8.002	2.594	-0.135	-0.018	-0.350718	0.069	0.427271	-20.767	-21.939
SPAPYUG7.05	pro3	inviable	E	6.874	1.151	0.632	0.996	3.632	7.769	6.773	2.828	2.529	57.73	0.991893	0.241	0.034824	-8.243	-9.415
SPAPYUG7.06	sdu1	viable	V	-0.123	-0.021	-0.0	0.364	3.001	7.138	6.773	2.196	-0.045	-1.109	-0.327777	0.126	0.407527	-14.753	-15.925
SPAPYUK71.03c	tcb3	viable	V	-0.144	0.01	0.0	0.926	7.628	18.143	17.217	5.582	-0.053	-0.015	-0.08507	0.045	0.36745	-24.967	-26.139
SPBC106.01	mph1	viable	V	1.302	0.092	1.356	2.219	8.457	18.245	16.026	6.552	0.479	5.77	0.939359	0.089	0.08427	-18.173	-19.345
SPBC106.02c	srx1	viable	V	0.14	0.02	-0.0	0.433	3.567	8.483	8.05	2.61	0.051	1.169	-0.125645	0.191	0.4097	-10.559	-11.731
SPBC106.03	SPBC106.03	viable	V	0.199	-0.014	0.0	0.845	6.958	16.55	15.705	5.092	0.073	0.019	-0.085739	0.168	0.375172	-11.811	-12.983
SPBC106.04	ada1	viable	V	1.583	0.14	0.812	1.5	6.478	14.289	12.789	4.958	0.582	9.089	0.987085	0.058	0.041742	-22.491	-23.663
SPBC106.05c	tim11	viable	V	-0.004	0.001	0.0	0.364	3.001	7.138	6.773	2.196	-0.001	-0.0	-1.191996	0.127	0.526739	-14.599	-15.77
SPBC106.06	cct4	inviable	E	6.022	1.009	-0.0	0.364	3.001	7.138	6.773	2.196	2.215	54.17	0.899236	0.673	0.114083	2.045	0.873
SPBC106.07c	nat2	viable	V	5.802	0.392	0.694	1.597	8.127	18.374	16.777	6.134	2.134	27.349	0.981493	0.208	0.049071	-9.716	-10.887
SPBC106.08c	mug2	viable	V	0.185	-0.012	0.001	0.946	7.782	18.51	17.564	5.695	0.068	0.02	-0.191659	0.034	0.441578	-27.814	-28.985
SPBC106.09	cut4	inviable	E	6.564	1.066	1.316	1.692	4.411	8.677	6.985	3.581	2.415	50.105	0.991929	0.233	0.034823	-8.551	-9.722
SPBC106.10	pka1	viable	V	2.855	0.478	0.651	1.015	3.651	7.788	6.773	2.847	1.05	23.923	0.968077	0.203	0.071906	-9.946	-11.118
SPBC106.11c	plg7	viable	V	0.016	-0.002	0.0	0.524	4.31	10.253	9.729	3.154	0.006	0.001	-0.614967	0.089	0.452295	-18.18	-19.351
SPBC106.12c	tho4	viable	V	-0.824	-0.138	-0.0	0.364	3.001	7.138	6.773	2.196	-0.303	-7.408	0.352766	0.252	0.291276	-7.785	-8.957
SPBC106.13	gid9	viable	V	0.214	-0.014	0.0	0.945	7.779	18.502	17.557	5.692	0.079	0.023	0.008115	0.109	0.367251	-16.191	-17.363
SPBC106.14c	sda1	inviable	E	6.352	1.064	0.025	0.389	3.026	7.163	6.773	2.221	2.337	56.993	0.986499	0.278	0.042638	-6.809	-7.981
SPBC106.15	idi1	inviable	E	6.724	1.126	1.106	1.471	4.107	8.244	6.773	3.302	2.474	53.385	0.985533	0.323	0.04763	-5.296	-6.467
SPBC106.16	pre6	viable	V	5.799	0.972	0.032	0.396	3.033	7.17	6.773	2.228	2.134	51.998	0.92774	0.611	0.102867	1.081	-0.091
SPBC106.17c	cys2	viable	V	2.533	0.273	-0.0	0.566	4.657	11.077	10.512	3.408	0.932	18.427	0.96357	0.166	0.066093	-11.936	-13.108
SPBC106.18	rpl2501	inviable	E	6.189	1.037	-0.0	0.364	3.001	7.138	6.773	2.196	2.277	55.678	0.790539	0.994	0.171691	5.937	4.766
SPBC106.19	ppr10	viable	V	2.392	0.401	8.486	8.85	11.487	15.624	6.773	10.682	0.88	3.353	0.990065	0.058	0.037609	-22.487	-23.659
SPBC106.20	exo70	condition-dependent	V	1.75	0.142	3.145	3.898	9.346	17.894	13.996	7.683	0.644	6.343	0.951424	0.103	0.077194	-16.703	-17.874
SPBC1105.01	SPBC1105.01	viable	V	0.249	0.042	-0.0	0.364	3.001	7.138	6.773	2.196	0.092	2.24	0.119279	0.109	0.356002	-16.17	-17.342
SPBC1105.02c	lys4	viable	V	-0.096	0.007	0.0	0.855	7.043	16.753	15.897	5.154	-0.035	-0.009	-0.972991	0.126	0.558723	-14.693	-15.865
SPBC1105.03c	mrpl16	inviable	E	7.732	0.64	3.406	4.143	9.476	17.843	13.701	7.848	2.844	27.094	0.992011	0.188	0.03368	-10.722	-11.894
SPBC1105.04c	cbp1	viable	V	4.424	0.664	5.871	6.278	9.219	13.834	7.556	8.321	1.627	14.04	0.999969	0.008	0.002247	-41.937	-43.108
SPBC1105.05	exg1	viable	V	-0.151	-0.025	-0.0	0.364	3.001	7.138	6.773	2.196	-0.056	-1.359	-0.042025	0.097	0.409535	-17.367	-18.538
SPBC1105.06	pmc4	inviable	E	4.772	0.4	3.558	4.286	9.551	17.814	13.528	7.944	1.756	16.387	0.990379	0.126	0.036489	-14.695	-15.866
SPBC1105.07c	pci2	inviable	E	6.777	0.598	1.974	2.666	7.673	15.529	12.863	6.144	2.493	32.419	0.999562	0.043	0.007934	-25.389	-26.561
SPBC1105.08	emp70	viable	V	0.182	-0.027	0.0	0.408	3.355	7.981	7.574	2.455	0.067	0.008	-0.167068	0.135	0.365649	-14.058	-15.229
SPBC1105.09	ubc15	viable	V	0.855	0.058	0.665	1.569	8.113	18.38	16.811	6.115	0.315	4.041	0.986622	0.028	0.042616	-29.802	-30.974
SPBC1105.10	rav1	viable	V	-0.036	0.002	0.0	0.902	7.424	17.659	16.758	5.433	-0.013	-0.004	-0.509725	0.052	0.474038	-23.629	-24.8
SPBC1105.11c	hht3	viable	V	0.168	0.028	0.0	0.364	3.001	7.138	6.773	2.196	0.062	1.508	0.670925	0.044	0.204296	-25.207	-26.378
SPBC1105.12	hhf3	viable	V	-0.298	0.02	0.0	0.921	7.582	18.034	17.113	5.548	-0.11	-0.031	-0.026357	0.112	0.348713	-15.929	-17.101
SPBC1105.13c	SPBC1105.13c	viable	V	-0.43	0.058	0.0	0.451	3.716	8.84	8.388	2.72	-0.158	-0.022	-0.76788	0.095	0.499151	-17.503	-18.675
SPBC1105.14	rsv2	viable	V	0.068	-0.004	0.0	0.937	7.719	18.36	17.422	5.648	0.025	0.007	-0.36113	0.067	0.388224	-21.064	-22.236
SPBC1105.15c	htd2	viable	V	3.847	0.377	5.268	5.892	10.402	17.479	11.587	9.025	1.415	10.183	0.966863	0.174	0.066897	-11.475	-12.647
SPBC1105.16c	rpr2	inviable	E	6.969	0.863	0.377	0.869	4.434	10.028	9.159	3.346	2.564	52.408	0.976116	0.393	0.055624	-3.348	-4.52
SPBC1105.17	cnp1	inviable	E	5.017	0.759	3.611	4.015	6.934	11.515	7.5	6.043	1.846	26.102	0.999438	0.046	0.009692	-24.821	-25.992
SPBC1105.19	tam12	unknown	Not_determined	0.053	0.009	0.0	0.364	3.001	7.138	6.773	2.196	0.02	0.48	-0.08786	0.091	0.422087	-17.95	-19.122
SPBC115.01c	rrp46	inviable	E	5.906	0.925	0.425	0.815	3.634	8.058	7.243	2.773	2.173	49.41	0.995514	0.15	0.025147	-12.983	-14.154
SPBC115.02c	afg1	viable	V	0.663	0.077	4.437	4.966	8.79	14.791	9.825	7.623	0.244	2.436	0.724194	0.161	0.176238	-12.291	-13.463
SPBC115.03	SPBC115.03	viable	V	-0.003	0.001	0.0	0.363	2.99	7.112	6.749	2.188	-0.001	-0.0	-1.241667	0.065	0.57046	-21.329	-22.5
SPBC119.01	rpn3	inviable	E	6.33	1.06	-0.0	0.364	3.001	7.138	6.773	2.196	2.329	56.939	0.480662	1.747	0.262934	11.582	10.41
SPBC119.02	ubc4	inviable	E	6.622	0.642	-0.0	0.63	5.185	12.334	11.704	3.795	2.436	45.023	0.971606	0.362	0.058517	-4.149	-5.32
SPBC119.03	cmt1	viable	V	-0.111	-0.016	0.0	0.412	3.391	8.065	7.653	2.481	-0.041	-0.951	0.220046	0.058	0.304153	-22.51	-23.681
SPBC119.06	sco1	viable	V	0.691	0.06	0.0	0.707	5.823	13.85	13.143	4.261	0.254	4.339	0.735403	0.133	0.186862	-14.143	-15.314
SPBC119.07	vps15	viable	V	1.226	0.12	5.261	5.885	10.398	17.48	11.595	9.02	0.451	3.249	0.966998	0.06	0.067242	-22.205	-23.377
SPBC119.08	pmk1	viable	V	0.729	0.052	1.397	2.257	8.476	18.237	15.98	6.578	0.268	3.215	0.82965	0.093	0.141573	-17.765	-18.937
SPBC119.10	asn1	viable	Not_determined	6.405	1.065	0.451	0.819	3.476	7.645	6.826	2.664	2.356	54.732	0.995123	0.171	0.027333	-11.669	-12.841
SPBC119.11c	pac1	inviable	E	6.312	0.842	1.505	1.963	5.275	10.472	8.508	4.264	2.322	42.655	0.998498	0.092	0.015459	-17.909	-19.081
SPBC119.12	rud3	viable	V	0.705	0.118	5.809	6.174	8.81	12.947	6.773	8.005	0.259	2.458	0.972101	0.046	0.067792	-24.858	-26.03
SPBC119.13c	prp31	inviable	E	6.612	1.108	-0.0	0.364	3.001	7.138	6.773	2.196	2.433	59.482	0.854446	0.903	0.130776	4.984	3.812
SPBC119.14	rti1	viable	V	-0.019	-0.001	0.0	0.877	7.222	17.179	16.302	5.285	-0.007	-0.103	0.039065	0.066	0.336167	-21.249	-22.421
SPBC119.15	npa3	inviable	E	6.369	0.987	0.871	1.265	4.116	8.59	7.325	3.246	2.343	50.328	0.998874	0.082	0.013247	-19.001	-20.173
SPBC119.16c	den11	viable	V	-0.183	0.025	0.0	0.453	3.726	8.864	8.411	2.727	-0.067	-0.009	-3.828089	0.072	0.791608	-20.306	-21.478
SPBC119.17	cym1	condition-dependent	E	6.463	0.91	1.732	2.165	5.301	10.221	8.055	4.344	2.378	43.572	0.999705	0.042	0.00682	-25.598	-26.769
SPBC119.18	mdm35	inviable	E	7.964	0.694	3.999	4.7	9.77	17.727	13.028	8.222	2.93	25.728	0.984697	0.271	0.04606	-7.044	-8.216
SPBC1198.01	fmd2	viable	V	-0.232	-0.039	0.0	0.364	3.001	7.138	6.773	2.196	-0.085	-2.084	0.801023	0.042	0.148679	-25.647	-26.819
SPBC1198.02	dea2	inviable	E	0.276	0.046	-0.0	0.364	3.001	7.138	6.773	2.196	0.102	2.483	0.746178	0.048	0.186978	-24.393	-25.565
SPBC1198.03c	SPBC1198.03c	viable	V	0.01	-0.002	0.0	0.364	3.001	7.138	6.773	2.196	0.004	0.0	-2.637077	0.065	0.756527	-21.324	-22.496
SPBC1198.04c	zas1	inviable	E	7.36	0.598	3.174	3.926	9.36	17.889	13.963	7.701	2.708	26.578	0.999923	0.018	0.003362	-34.455	-35.627
SPBC1198.05	guk1	inviable	E	6.842	0.992	-0.0	0.421	3.466	8.245	7.824	2.537	2.517	58.03	0.931052	0.669	0.089441	1.985	0.813
SPBC1198.06c	dfg501	viable	V	0.132	0.022	-0.0	0.364	3.001	7.138	6.773	2.196	0.049	1.19	-0.30209	0.141	0.395258	-13.582	-14.754
SPBC1198.07c	dfg502	viable	V	0.293	0.028	0.0	0.649	5.343	12.708	12.059	3.91	0.108	1.95	0.751013	0.057	0.17877	-22.58	-23.751
SPBC1198.08	dug1	viable	V	0.543	0.043	0.0	0.771	6.348	15.099	14.328	4.645	0.2	3.199	0.95358	0.033	0.080958	-27.981	-29.153
SPBC1198.09	pex4	viable	V	0.364	0.061	-0.0	0.364	3.001	7.138	6.773	2.196	0.134	3.272	-0.136258	0.286	0.449709	-6.517	-7.689
SPBC1198.10c	slm5	inviable	E	8.159	0.748	4.575	5.241	10.057	17.615	12.374	8.587	3.002	24.192	0.994829	0.155	0.027143	-12.642	-13.814
SPBC1198.11c	reb1	viable	V	-0.0	0.0	0.0	0.364	3.0	7.136	6.771	2.195	-0.0	-0.0	-1.700491	0.068	0.654327	-20.875	-22.047
SPBC1198.12	mfr1	viable	V	-0.189	-0.032	-0.0	0.364	3.001	7.138	6.773	2.196	-0.07	-1.702	0.282331	0.064	0.286968	-21.535	-22.706
SPBC1198.13c	tfg2	inviable	E	5.836	0.652	0.769	1.315	5.266	11.466	10.151	4.06	2.147	39.364	0.997676	0.099	0.01814	-17.168	-18.339
SPBC1198.14c	fbp1	viable	V	-0.748	0.108	0.0	0.421	3.468	8.249	7.828	2.538	-0.275	-0.036	-0.081983	0.305	0.3555	-5.874	-7.046
SPBC11B10.01	alg2	inviable	E	6.18	1.035	0.068	0.433	3.069	7.206	6.773	2.264	2.274	55.203	0.985828	0.279	0.045869	-6.766	-7.938
SPBC11B10.03	cog8	inviable	E	6.037	0.951	1.286	1.674	4.477	8.876	7.202	3.621	2.221	45.639	0.999402	0.058	0.009671	-22.529	-23.701
SPBC11B10.04c	mrps28	inviable	E	7.273	0.817	4.366	4.909	8.84	15.009	10.1	7.64	2.676	26.592	0.993312	0.183	0.031683	-10.998	-12.17
SPBC11B10.05c	rsp1	viable	V	0.005	-0.001	0.0	0.364	3.001	7.138	6.774	2.196	0.002	0.0	-2.800642	0.101	0.732721	-16.915	-18.087
SPBC11B10.06	sws1	viable	V	1.021	0.171	-0.0	0.364	3.001	7.138	6.773	2.196	0.376	9.186	0.233674	0.388	0.331397	-3.457	-4.629
SPBC11B10.07c	ivn1	viable	V	1.08	0.181	-0.0	0.364	3.001	7.138	6.773	2.196	0.397	9.718	0.566397	0.316	0.215496	-5.509	-6.681
SPBC11B10.08	wwm1	viable	V	0.113	-0.016	0.0	0.443	3.648	8.678	8.235	2.67	0.042	0.006	-0.150234	0.158	0.349789	-12.445	-13.617
SPBC11B10.09	cdc2	inviable	E	8.808	0.569	-0.0	0.945	7.782	18.51	17.565	5.695	3.24	44.025	0.813336	0.987	0.13791	5.868	4.696
SPBC11C11.01	SPBC11C11.01	viable	V	0.504	0.084	0.0	0.364	3.001	7.138	6.773	2.196	0.185	4.532	0.448545	0.208	0.281745	-9.706	-10.877
SPBC11C11.02	imp2	viable	V	5.26	0.462	4.092	4.787	9.817	17.709	12.922	8.281	1.935	16.765	0.995757	0.093	0.024869	-17.732	-18.903
SPBC11C11.03	ndc80	inviable	E	7.516	0.735	1.023	1.647	6.163	13.25	11.603	4.785	2.765	44.88	0.997695	0.119	0.018038	-15.273	-16.445
SPBC11C11.04c	alp1	inviable	E	6.343	0.912	0.569	0.994	4.064	8.883	7.889	3.127	2.333	50.25	0.997596	0.117	0.018647	-15.488	-16.66
SPBC11C11.05	knh1	inviable	E	6.268	0.571	0.102	0.772	5.622	13.234	12.461	4.142	2.306	40.326	0.985926	0.238	0.042209	-8.354	-9.526
SPBC11C11.07	rpl1801	viable	V	5.292	0.655	0.686	1.179	4.746	10.342	9.163	3.657	1.947	38.292	0.99616	0.119	0.023815	-15.308	-16.48
SPBC11C11.08	srp1	viable	V	0.426	0.051	0.0	0.511	4.211	10.016	9.505	3.082	0.157	3.284	0.465452	0.14	0.249648	-13.657	-14.829
SPBC11C11.09c	rpl502	viable	V	2.21	0.249	-0.0	0.542	4.46	10.61	10.068	3.264	0.813	16.491	0.823562	0.335	0.148098	-4.95	-6.121
SPBC11C11.10	pus4	viable	V	0.213	0.033	0.003	0.402	3.289	7.818	7.417	2.407	0.078	1.849	0.631209	0.074	0.25058	-20.082	-21.253
SPBC11C11.11c	irc3	viable	V	0.103	0.017	-0.0	0.364	3.001	7.138	6.773	2.196	0.038	0.928	-0.258764	0.071	0.368396	-20.489	-21.66
SPBC11G11.01	fis1	viable	V	-0.097	-0.016	-0.0	0.364	3.001	7.138	6.773	2.196	-0.036	-0.871	-0.207937	0.124	0.390593	-14.858	-16.03
SPBC11G11.02c	end3	viable	V	0.25	-0.016	0.0	0.938	7.727	18.38	17.441	5.655	0.092	0.027	0.012421	0.065	0.337132	-21.272	-22.443
SPBC11G11.04	trs20	inviable	E	6.45	0.762	1.45	1.966	5.703	11.566	9.599	4.562	2.373	40.98	0.991725	0.213	0.034661	-9.472	-10.643
SPBC11G11.06c	sme1	inviable	E	6.954	0.858	0.38	0.875	4.456	10.074	9.2	3.362	2.558	52.151	0.969175	0.442	0.066763	-2.156	-3.328
SPBC11G11.07	mtr10	inviable	E	4.716	0.422	-0.0	0.682	5.617	13.361	12.679	4.111	1.735	30.366	0.950949	0.325	0.078193	-5.252	-6.424
SPBC1215.01	shy1	viable	V	0.657	0.072	0.0	0.56	4.609	10.962	10.402	3.373	0.242	4.813	0.96082	0.046	0.075125	-24.829	-26.001
SPBC1215.02c	naa25	condition-dependent	E	4.666	0.4	3.811	4.524	9.677	17.764	13.241	8.104	1.717	15.478	0.965278	0.235	0.067803	-8.49	-9.662
SPBC1271.01c	pof13	viable	V	-0.142	-0.024	0.0	0.365	3.001	7.138	6.773	2.196	-0.052	-1.281	0.787907	0.024	0.18589	-31.383	-32.555
SPBC1271.02	stt3	inviable	E	6.354	0.95	0.694	1.103	4.058	8.696	7.593	3.156	2.338	50.473	0.998125	0.104	0.016569	-16.594	-17.765
SPBC1271.03c	SPBC1271.03c	viable	V	0.445	0.075	-0.0	0.364	3.001	7.138	6.773	2.196	0.164	4.003	0.558349	0.104	0.238462	-16.66	-17.831
SPBC1271.04c	dys1	inviable	E	9.059	0.668	1.821	2.649	8.641	18.043	15.393	6.812	3.333	38.495	0.995904	0.156	0.023835	-12.593	-13.764
SPBC1271.05c	SPBC1271.05c	viable	V	0.108	-0.007	0.0	0.94	7.74	18.41	17.47	5.664	0.04	0.011	-0.026363	0.1	0.361873	-17.038	-18.21
SPBC1271.06c	mug96	viable	V	-0.003	0.001	0.0	0.363	2.991	7.114	6.75	2.189	-0.001	-0.0	-0.002786	0.049	0.320559	-24.085	-25.257
SPBC1271.08c	SPBC1271.08c	viable	V	0.379	-0.025	0.0	0.926	7.622	18.129	17.203	5.577	0.139	0.04	-0.337004	0.047	0.387936	-24.506	-25.678
SPBC1271.09	tgp1	viable	V	0.192	-0.012	0.0	0.945	7.782	18.51	17.565	5.695	0.071	0.02	-0.022736	0.082	0.388545	-18.965	-20.137
SPBC1271.10c	SPBC1271.10c	viable	V	-0.136	0.022	0.0	0.371	3.058	7.273	6.901	2.238	-0.05	-0.006	-0.117542	0.057	0.364247	-22.678	-23.85
SPBC1271.11	pet802	viable	V	0.133	-0.009	-0.0	0.945	7.782	18.51	17.565	5.695	0.049	0.014	-0.199084	0.057	0.387393	-22.725	-23.896
SPBC1271.12	osh41	viable	V	0.424	0.027	0.0	0.945	7.782	18.51	17.565	5.695	0.156	2.121	0.781677	0.068	0.171794	-20.903	-22.075
SPBC1271.13	mrpl8	inviable	E	6.339	0.739	4.067	4.591	8.381	14.329	9.737	7.224	2.332	25.379	0.99998	0.009	0.001757	-40.866	-42.038
SPBC1271.14	aga1	viable	V	0.644	0.06	4.815	5.466	10.177	17.568	12.101	8.739	0.237	1.839	0.873471	0.074	0.119965	-19.97	-21.142
SPBC1271.15c	mti2	viable	V	3.242	0.381	6.982	7.501	11.254	17.143	9.643	10.108	1.193	6.083	0.99382	0.061	0.029777	-22.03	-23.202
SPBC1289.01c	chr4	viable	V	0.135	0.019	0.0	0.444	3.657	8.699	8.255	2.676	0.05	1.119	0.146904	0.063	0.348529	-21.688	-22.86
SPBC1289.02c	uap2	inviable	E	6.875	0.647	2.127	2.776	7.469	14.832	12.056	6.036	2.529	33.673	0.99971	0.037	0.006537	-26.96	-28.132
SPBC1289.03c	spi1	inviable	E	6.919	1.159	0.084	0.448	3.084	7.221	6.773	2.28	2.545	61.703	0.990592	0.253	0.035876	-7.754	-8.925
SPBC1289.04c	pob1	inviable	E	6.294	0.961	1.608	2.008	4.9	9.438	7.43	4.017	2.315	44.948	0.999647	0.046	0.007503	-24.75	-25.922
SPBC1289.06c	ppr8	viable	V	1.009	0.137	0.0	0.449	3.698	8.796	8.347	2.706	0.371	8.307	0.909707	0.112	0.101762	-15.862	-17.033
SPBC1289.07c	rpc40	inviable	E	6.636	0.94	0.506	0.937	4.055	8.948	8.01	3.103	2.441	52.582	0.996817	0.14	0.021302	-13.686	-14.858
SPBC1289.08	uap1	viable	V	6.166	0.878	1.074	1.502	4.604	9.47	7.967	3.657	2.268	45.677	0.998324	0.096	0.015825	-17.44	-18.611
SPBC1289.09	tim21	viable	V	-0.042	0.003	-0.0	0.911	7.501	17.842	16.931	5.489	-0.016	-0.004	-0.68134	0.134	0.462716	-14.12	-15.291
SPBC1289.10c	adn2	viable	V	1.126	0.076	0.642	1.548	8.101	18.385	16.837	6.1	0.414	5.335	0.972005	0.052	0.058069	-23.649	-24.821
SPBC1289.11	spf38	viable	V	0.15	-0.024	0.0	0.381	3.138	7.465	7.084	2.297	0.055	0.006	-0.15595	0.135	0.43255	-13.996	-15.168
SPBC1289.12	usp109	inviable	E	5.507	0.587	0.905	1.478	5.618	12.115	10.638	4.354	2.026	35.414	0.985204	0.233	0.044857	-8.548	-9.72
SPBC1289.13c	gmh6	viable	V	0.055	0.009	0.0	0.364	3.001	7.138	6.773	2.196	0.02	0.494	-0.228392	0.095	0.427728	-17.589	-18.76
SPBC1289.14	SPBC1289.14	viable	V	0.209	0.035	-0.0	0.364	3.001	7.138	6.773	2.196	0.077	1.877	0.191431	0.089	0.318459	-18.172	-19.344
SPBC1289.15	pfl5	viable	V	0.01	0.002	-0.0	0.364	3.001	7.138	6.773	2.196	0.004	0.092	-0.003011	0.066	0.333997	-21.111	-22.282
SPBC1289.16c	cao2	viable	V	-0.181	0.026	0.0	0.42	3.457	8.222	7.802	2.53	-0.067	-0.009	-0.734544	0.066	0.483326	-21.148	-22.32
SPBC1289.17	Tf2-11	unknown	Not_determined	-0.007	0.001	0.0	0.364	3.001	7.138	6.773	2.196	-0.002	-0.0	-1.719385	0.111	0.661751	-15.967	-17.138
SPBC12C2.01c	SPBC12C2.01c	viable	V	0.931	0.06	0.007	0.952	7.785	18.509	17.557	5.699	0.343	4.651	0.87166	0.095	0.140385	-17.549	-18.721
SPBC12C2.02c	ste20	viable	V	4.142	0.301	1.707	2.548	8.631	18.176	15.628	6.774	1.524	17.712	0.982362	0.147	0.049508	-13.174	-14.346
SPBC12C2.03c	SPBC12C2.03c	viable	V	0.298	0.05	-0.0	0.364	3.001	7.138	6.773	2.196	0.11	2.685	0.612072	0.065	0.217458	-21.264	-22.436
SPBC12C2.04	SPBC12C2.04	viable	V	-0.06	-0.01	0.0	0.364	3.0	7.135	6.77	2.195	-0.022	-0.542	0.388475	0.033	0.285164	-28.262	-29.434
SPBC12C2.05c	bzz1	condition-dependent	V	0.224	0.038	-0.0	0.364	3.001	7.138	6.773	2.196	0.082	2.015	0.027677	0.368	0.352307	-4.002	-5.174
SPBC12C2.06	dbp5	inviable	E	6.926	1.144	0.387	0.757	3.432	7.629	6.872	2.615	2.548	59.448	0.993386	0.215	0.030282	-9.384	-10.555
SPBC12C2.07c	srm1	viable	V	1.254	0.111	0.026	0.717	5.71	13.545	12.829	4.185	0.461	7.98	0.986945	0.046	0.042058	-24.798	-25.969
SPBC12C2.08	dnm1	viable	V	-0.212	0.029	0.0	0.439	3.611	8.589	8.15	2.642	-0.078	-0.01	-0.871837	0.068	0.526245	-20.899	-22.071
SPBC12C2.09c	izh2	viable	V	-0.027	-0.004	0.0	0.458	3.772	8.972	8.514	2.76	-0.01	-0.217	0.276889	0.025	0.314584	-31.076	-32.247
SPBC12C2.10c	pst1	inviable	E	6.292	0.638	1.179	1.781	6.136	12.969	11.187	4.806	2.315	37.665	0.996373	0.127	0.023019	-14.623	-15.795
SPBC12C2.11	gfa1	inviable	E	6.293	1.054	0.252	0.616	3.253	7.39	6.773	2.448	2.315	55.126	0.993947	0.186	0.029326	-10.816	-11.988
SPBC12C2.12c	glo1	viable	V	-0.354	0.053	-0.0	0.411	3.385	8.052	7.641	2.477	-0.13	-0.016	-0.287271	0.088	0.444226	-18.36	-19.531
SPBC12C2.13c	fnx1	viable	V	0.024	0.004	0.0	0.364	3.001	7.138	6.773	2.196	0.009	0.218	0.017259	0.114	0.371012	-15.757	-16.929
SPBC12D12.01	sad1	inviable	E	6.268	0.848	1.649	2.1	5.365	10.489	8.388	4.369	2.306	41.836	0.997833	0.11	0.018226	-16.03	-17.202
SPBC12D12.02c	cdm1	viable	V	0.314	0.053	0.0	0.364	3.001	7.138	6.773	2.196	0.115	2.823	0.703793	0.076	0.178579	-19.784	-20.956
SPBC12D12.03	cct1	inviable	E	6.159	1.032	-0.0	0.364	3.001	7.138	6.773	2.196	2.266	55.407	0.981379	0.315	0.049006	-5.551	-6.723
SPBC12D12.04c	pck2	viable	V	0.474	0.035	0.0	0.828	6.817	16.215	15.387	4.989	0.174	2.639	0.91112	0.039	0.09931	-26.384	-27.556
SPBC12D12.05c	SPBC12D12.05c	viable	V	0.336	0.056	-0.0	0.364	3.001	7.138	6.773	2.196	0.124	3.026	-0.028817	0.173	0.430729	-11.536	-12.707
SPBC12D12.06	srb11	viable	V	-0.531	0.074	-0.0	0.438	3.603	8.57	8.132	2.637	-0.195	-0.026	-0.014941	0.134	0.359454	-14.12	-15.292
SPBC12D12.07c	trx2	viable	V	0.513	0.08	0.0	0.389	3.206	7.626	7.237	2.346	0.189	4.501	0.397103	0.236	0.26239	-8.455	-9.627
SPBC12D12.08c	ned8	inviable	E	6.677	0.786	0.699	1.218	4.97	10.859	9.641	3.825	2.456	46.871	0.992257	0.211	0.032581	-9.576	-10.748
SPBC12D12.09	rev7	viable	V	-0.13	-0.022	-0.0	0.364	3.001	7.138	6.773	2.196	-0.048	-1.17	0.164142	0.071	0.320949	-20.416	-21.587
SPBC1306.01c	gfm1	inviable	E	7.141	0.599	3.564	4.292	9.554	17.812	13.521	7.948	2.627	24.502	0.999728	0.032	0.006288	-28.527	-29.699
SPBC1306.02	trm734	viable	V	5.855	0.463	1.508	2.28	7.868	16.637	14.357	6.162	2.154	27.71	0.995288	0.116	0.025318	-15.515	-16.687
SPBC1347.01c	rev1	viable	V	0.002	-0.0	0.0	0.364	3.001	7.138	6.774	2.196	0.001	0.0	-2.681066	0.059	0.608823	-22.293	-23.464
SPBC1347.02	ani1	viable	V	1.999	0.335	4.996	5.36	7.997	12.134	6.773	7.192	0.735	8.424	0.942668	0.199	0.107339	-10.155	-11.327
SPBC1347.03	meu14	viable	V	-0.102	0.015	0.0	0.428	3.526	8.387	7.959	2.58	-0.038	-0.005	-0.247215	0.055	0.421268	-22.97	-24.142
SPBC1347.04	tim54	inviable	E	6.096	0.737	2.27	2.775	6.43	12.165	9.39	5.314	2.243	34.684	0.998749	0.077	0.014073	-19.605	-20.777
SPBC1347.05c	scj1	inviable	E	5.702	0.861	2.184	2.589	5.515	10.106	7.517	4.622	2.098	37.331	0.998067	0.099	0.017675	-17.177	-18.349
SPBC1347.06c	cki1	viable	V	0.56	0.09	4.23	4.61	7.362	11.679	7.069	6.522	0.206	2.691	0.982611	0.03	0.054429	-28.96	-30.132
SPBC1347.07	rex2	viable	V	0.117	-0.008	0.0	0.945	7.782	18.51	17.565	5.695	0.043	0.012	-0.460205	0.028	0.43303	-29.703	-30.875
SPBC1347.08c	rnh202	viable	V	0.002	-0.0	0.0	0.365	3.002	7.14	6.776	2.197	0.001	0.0	-1.186153	0.158	0.640871	-12.433	-13.605
SPBC1347.09	SPBC1347.09	viable	V	-0.169	0.011	0.0	0.933	7.684	18.276	17.343	5.623	-0.062	-0.018	-0.157423	0.132	0.362756	-14.274	-15.445
SPBC1347.10	cdc23	inviable	E	5.511	0.923	-0.0	0.364	3.001	7.138	6.773	2.196	2.027	49.572	0.963534	0.383	0.069318	-3.601	-4.773
SPBC1347.11	sro1	viable	V	-0.011	0.001	0.0	0.693	5.705	13.569	12.877	4.175	-0.004	-0.001	-1.358605	0.033	0.544514	-28.047	-29.219
SPBC1347.12	arp1	viable	V	0.039	0.007	0.0	0.364	3.001	7.138	6.773	2.196	0.014	0.351	-0.099704	0.14	0.385708	-13.633	-14.804
SPBC1347.13c	mrm1	viable	V	-0.083	0.006	0.0	0.798	6.571	15.628	14.83	4.808	-0.03	-0.007	-0.272283	0.074	0.449908	-20.005	-21.177
SPBC1347.14c	SPBC1347.14c	unknown	Not_determined	-0.153	-0.026	0.0	0.364	3.001	7.138	6.773	2.196	-0.056	-1.379	0.402314	0.053	0.254644	-23.381	-24.553
SPBC13A2.01c	cbc2	inviable	E	2.454	0.393	3.355	3.736	6.491	10.815	7.079	5.65	0.903	13.793	0.999686	0.017	0.007339	-34.73	-35.901
SPBC13A2.02	nup82	condition-dependent	V	6.069	1.017	-0.0	0.364	3.001	7.138	6.773	2.196	2.233	54.593	0.975073	0.355	0.058556	-4.351	-5.522
SPBC13A2.03	bbl1	inviable	E	6.011	1.007	0.516	0.88	3.517	7.653	6.773	2.712	2.211	51.153	0.995264	0.159	0.026494	-12.361	-13.532
SPBC13A2.04c	ptr2	viable	V	0.35	0.059	2.405	2.769	5.406	9.543	6.773	4.601	0.129	2.338	0.80625	0.082	0.156542	-18.969	-20.141
SPBC13E7.01	cwf22	inviable	E	6.527	1.093	0.606	0.97	3.607	7.744	6.773	2.802	2.401	54.976	0.980632	0.357	0.056656	-4.291	-5.463
SPBC13E7.02	cwf24	inviable	E	5.321	0.891	1.506	1.871	4.507	8.644	6.773	3.702	1.958	40.167	0.971264	0.372	0.068711	-3.9	-5.071
SPBC13E7.03c	vts1	viable	V	0.068	-0.011	0.0	0.386	3.174	7.55	7.164	2.323	0.025	0.003	-0.621211	0.076	0.562681	-19.775	-20.947
SPBC13E7.05	gpi14	inviable	E	6.844	0.759	0.541	1.092	5.076	11.327	10.235	3.859	2.518	47.317	0.995695	0.157	0.02433	-12.546	-13.718
SPBC13E7.06	msd1	viable	V	0.449	0.039	3.829	4.541	9.686	17.761	13.22	8.115	0.165	1.485	0.718564	0.091	0.177174	-18.02	-19.192
SPBC13E7.07	SPBC13E7.07	viable	V	-0.135	-0.009	0.0	0.945	7.782	18.51	17.565	5.695	-0.05	-0.675	0.353565	0.072	0.276919	-20.273	-21.444
SPBC13E7.08c	leo1	viable	V	0.173	0.029	-0.0	0.364	3.001	7.138	6.773	2.196	0.064	1.559	0.050505	0.211	0.335231	-9.566	-10.737
SPBC13E7.09	vrp1	viable	V	-0.028	0.005	0.0	0.37	3.045	7.242	6.872	2.228	-0.01	-0.001	-0.923937	0.117	0.510461	-15.465	-16.636
SPBC13E7.10c	brf1	inviable	E	6.462	1.083	0.25	0.614	3.251	7.388	6.773	2.446	2.377	56.622	0.993252	0.202	0.031155	-9.994	-11.166
SPBC13E7.11	rbd1	viable	V	0.334	-0.022	0.0	0.925	7.618	18.121	17.195	5.575	0.123	0.035	-0.033183	0.121	0.329861	-15.115	-16.286
SPBC13G1.01c	nam9	inviable	E	6.361	1.066	4.709	5.074	7.71	11.847	6.773	6.905	2.34	28.478	0.996318	0.144	0.024695	-13.368	-14.539
SPBC13G1.02	mpg2	viable	V	0.083	0.014	0.0	0.371	3.052	7.26	6.89	2.234	0.03	0.74	-0.026561	0.074	0.356997	-20.002	-21.174
SPBC13G1.04c	abh1	viable	V	0.362	-0.024	-0.0	0.917	7.548	17.954	17.037	5.524	0.133	0.037	-0.031112	0.087	0.341734	-18.441	-19.613
SPBC13G1.05	emp65	inviable	E	4.843	0.363	2.156	2.97	8.854	18.088	15.118	7.058	1.781	19.735	0.993401	0.105	0.030531	-16.498	-17.669
SPBC13G1.06c	isd11	inviable	E	5.693	0.954	1.981	2.346	4.982	9.119	6.773	4.177	2.094	40.332	0.997464	0.116	0.020594	-15.53	-16.702
SPBC13G1.07	swf1	inviable	E	5.633	0.534	2.541	3.184	7.839	15.143	11.959	6.418	2.072	25.866	0.997224	0.092	0.02041	-17.817	-18.989
SPBC13G1.08c	ash2	viable	V	1.141	0.127	6.482	7.031	11.005	17.241	10.21	9.792	0.42	2.394	0.986329	0.035	0.043008	-27.522	-28.693
SPBC13G1.09	enp1	inviable	E	6.631	1.111	0.709	1.073	3.71	7.847	6.773	2.905	2.439	55.201	0.958454	0.545	0.087668	-0.077	-1.249
SPBC13G1.10c	rqt2	viable	V	1.907	0.141	1.954	2.78	8.754	18.128	15.348	6.93	0.702	7.946	0.990292	0.051	0.036833	-23.807	-24.979
SPBC13G1.11	ykt6	inviable	E	6.899	1.156	-0.0	0.364	3.001	7.138	6.773	2.196	2.538	62.058	0.932789	0.669	0.091477	1.973	0.801
SPBC13G1.12	did2	viable	V	0.234	0.039	0.0	0.364	3.001	7.137	6.773	2.196	0.086	2.104	0.655202	0.055	0.217343	-23.046	-24.218
SPBC13G1.13	tfb2	viable	V	6.415	0.85	1.442	1.903	5.234	10.463	8.56	4.217	2.36	43.593	0.998815	0.083	0.013412	-18.914	-20.086
SPBC13G1.15c	SPBC13G1.15c	unknown	Not_determined	-0.138	-0.023	-0.0	0.364	3.001	7.138	6.773	2.196	-0.051	-1.243	0.131895	0.106	0.346406	-16.443	-17.615
SPBC146.01	med15	inviable	E	5.136	0.42	-0.0	0.747	6.147	14.622	13.875	4.499	1.889	30.983	0.966081	0.287	0.063358	-6.473	-7.645
SPBC146.02	SPBC146.02	viable	V	-0.027	0.003	0.0	0.64	5.266	12.526	11.886	3.854	-0.01	-0.002	-1.919942	0.119	0.715151	-15.31	-16.482
SPBC146.03c	cut3	inviable	E	6.0	1.005	0.855	1.22	3.856	7.993	6.773	3.051	2.207	49.098	0.997054	0.127	0.021257	-14.613	-15.785
SPBC146.05c	cwf25	inviable	E	7.288	1.221	-0.0	0.364	3.001	7.138	6.773	2.196	2.681	65.562	0.978041	0.4	0.057881	-3.165	-4.337
SPBC146.06c	fan1	viable	V	-0.186	0.012	0.0	0.938	7.725	18.376	17.437	5.653	-0.068	-0.02	-0.037915	0.068	0.344547	-20.85	-22.022
SPBC146.08c	tif1102	viable	V	6.108	0.753	0.273	0.768	4.353	9.977	9.209	3.259	2.247	46.374	0.974097	0.357	0.05752	-4.301	-5.473
SPBC146.09c	lsd1	viable	V	5.005	0.457	4.54	5.208	10.04	17.621	12.413	8.565	1.841	14.918	0.999883	0.014	0.004187	-36.424	-37.596
SPBC146.10	mug57	viable	V	0.438	-0.029	0.0	0.936	7.704	18.324	17.388	5.637	0.161	0.046	-0.076117	0.078	0.407983	-19.573	-20.744
SPBC146.11c	mug97	viable	V	-0.104	-0.017	-0.0	0.364	3.001	7.138	6.773	2.196	-0.038	-0.932	-0.077053	0.123	0.368243	-14.926	-16.098
SPBC146.12	coq6	condition-dependent	V	1.564	0.209	3.936	4.393	7.694	12.874	8.481	6.686	0.575	7.085	0.993448	0.044	0.032317	-25.137	-26.309
SPBC146.13c	myo1	condition-dependent	V	7.09	0.625	2.32	3.012	8.018	15.874	12.862	6.49	2.608	31.992	0.998788	0.074	0.013317	-20.026	-21.198
SPBC146.14c	sec26	inviable	E	6.987	1.17	-0.0	0.364	3.001	7.138	6.773	2.196	2.57	62.849	0.935994	0.626	0.095294	1.317	0.146
SPBC14C8.01c	cut2	inviable	E	6.882	0.538	1.861	2.641	8.286	17.144	14.503	6.563	2.532	30.504	0.997491	0.097	0.018773	-17.346	-18.517
SPBC14C8.02	tim44	inviable	E	6.017	1.008	0.558	0.922	3.559	7.696	6.773	2.754	2.213	50.957	0.998395	0.093	0.015812	-17.775	-18.946
SPBC14C8.03	fma2	viable	V	0.753	0.056	1.984	2.808	8.769	18.122	15.314	6.949	0.277	3.126	0.886913	0.074	0.117517	-20.016	-21.188
SPBC14C8.04	ilv6	viable	V	1.027	-0.067	0.0	0.942	7.76	18.457	17.515	5.679	0.378	0.109	-0.010208	0.21	0.377895	-9.583	-10.755
SPBC14C8.05c	meu17	viable	V	-0.337	-0.057	-0.0	0.364	3.001	7.138	6.773	2.196	-0.124	-3.035	0.674774	0.067	0.210011	-21.032	-22.203
SPBC14C8.06	arc1	inviable	E	5.147	0.862	0.205	0.569	3.205	7.342	6.773	2.401	1.894	45.323	0.949883	0.453	0.091439	-1.929	-3.101
SPBC14C8.07c	cdc18	inviable	E	6.371	1.067	-0.0	0.364	3.001	7.138	6.773	2.196	2.344	57.315	0.978542	0.345	0.053971	-4.64	-5.811
SPBC14C8.09c	dbl3	viable	V	0.2	0.034	0.0	0.364	3.001	7.138	6.773	2.196	0.074	1.802	0.775808	0.045	0.191396	-25.058	-26.23
SPBC14C8.10	mrpl24	inviable	E	7.402	0.636	3.846	4.557	9.695	17.757	13.2	8.126	2.723	24.432	0.99371	0.155	0.030016	-12.647	-13.819
SPBC14C8.11c	SPBC14C8.11c	viable	V	-0.067	-0.005	0.0	0.852	7.012	16.678	15.826	5.131	-0.025	-0.367	0.69237	0.017	0.214538	-34.776	-35.947
SPBC14C8.12	rpb8	inviable	E	5.951	0.911	0.019	0.418	3.304	7.833	7.415	2.423	2.189	51.551	0.952664	0.49	0.075567	-1.14	-2.312
SPBC14C8.13	srr1	viable	V	1.455	0.137	0.339	0.986	5.666	13.01	12.024	4.238	0.535	9.309	0.972446	0.08	0.063965	-19.255	-20.426
SPBC14C8.14c	pol5	inviable	E	6.808	0.744	1.045	1.603	5.644	11.985	10.382	4.411	2.505	43.627	0.998736	0.084	0.013484	-18.745	-19.916
SPBC14C8.16c	bot1	condition-dependent	V	4.476	0.413	1.978	2.64	7.43	14.945	12.305	5.968	1.647	22.13	0.997708	0.068	0.018198	-20.925	-22.096
SPBC14C8.17c	spt8	viable	V	3.316	0.335	5.577	6.182	10.555	17.418	11.237	9.22	1.22	8.311	0.975717	0.131	0.057169	-14.354	-15.525
SPBC14C8.19	tam10	viable	Not_determined	-0.421	0.058	-0.0	0.444	3.658	8.701	8.257	2.677	-0.155	-0.021	-0.344607	0.04	0.39554	-26.103	-27.275
SPBC14F5.01	SPBC14F5.01	unknown	Not_determined	-0.146	0.02	-0.0	0.439	3.616	8.602	8.162	2.646	-0.054	-0.007	-0.029795	0.107	0.376408	-16.359	-17.53
SPBC14F5.02	trs65	inviable	E	6.346	1.063	3.159	3.523	6.16	10.297	6.773	5.355	2.334	37.71	0.997915	0.115	0.019234	-15.62	-16.792
SPBC14F5.03c	kap123	viable	V	2.602	0.297	-0.0	0.534	4.397	10.458	9.924	3.218	0.957	19.573	0.95409	0.192	0.073123	-10.49	-11.662
SPBC14F5.04c	pgk1	inviable	E	6.598	0.863	0.416	0.883	4.261	9.561	8.678	3.229	2.427	50.803	0.995355	0.164	0.025422	-12.06	-13.232
SPBC14F5.05c	sam1	inviable	E	5.982	1.002	0.22	0.584	3.221	7.358	6.773	2.416	2.201	52.582	0.980475	0.318	0.051552	-5.45	-6.621
SPBC14F5.06	rli1	inviable	E	6.563	1.099	-0.0	0.364	3.001	7.138	6.773	2.196	2.414	59.038	0.944195	0.552	0.087687	0.058	-1.114
SPBC14F5.07	doa10	viable	V	0.049	0.006	0.0	0.51	4.2	9.99	9.48	3.073	0.018	0.376	0.089454	0.056	0.314917	-22.758	-23.93
SPBC14F5.08	med7	inviable	E	5.026	0.44	4.059	4.756	9.8	17.716	12.96	8.26	1.849	16.096	0.989979	0.135	0.03745	-14.035	-15.207
SPBC14F5.09c	ade8	viable	V	1.434	0.24	0.623	0.987	3.624	7.76	6.773	2.819	0.527	12.055	0.962951	0.109	0.071257	-16.129	-17.301
SPBC14F5.10c	SPBC14F5.10c	viable	V	0.422	0.027	-0.0	0.945	7.782	18.51	17.565	5.695	0.155	2.11	0.038924	0.149	0.404907	-13.065	-14.237
SPBC14F5.11c	snx41	viable	V	-0.006	0.001	-0.0	0.363	2.991	7.115	6.751	2.189	-0.002	-0.0	-0.080473	0.374	0.355624	-3.841	-5.013
SPBC14F5.12c	cbh2	viable	V	0.018	0.001	0.0	0.857	7.052	16.774	15.918	5.161	0.006	0.095	0.069792	0.045	0.308924	-25.057	-26.229
SPBC14F5.13c	pho8	viable	V	-0.755	0.083	0.0	0.557	4.588	10.914	10.357	3.358	-0.278	-0.048	-0.013113	0.18	0.401049	-11.166	-12.338
SPBC1539.02	SPBC1539.02	viable	V	0.248	0.04	0.0	0.376	3.099	7.371	6.994	2.268	0.091	2.204	0.083354	0.339	0.332654	-4.828	-6.0
SPBC1539.03c	arg41	viable	V	0.374	-0.025	-0.0	0.91	7.496	17.83	16.92	5.486	0.138	0.038	-0.007284	0.119	0.413218	-15.251	-16.423
SPBC1539.04	tts1	viable	V	-0.051	0.003	-0.0	0.944	7.771	18.483	17.54	5.687	-0.019	-0.005	-0.456637	0.033	0.481394	-28.047	-29.219
SPBC1539.05	cog3	inviable	E	6.352	1.064	1.527	1.892	4.528	8.665	6.773	3.723	2.337	47.815	0.998461	0.1	0.015983	-17.051	-18.222
SPBC1539.06	acb1	viable	V	3.638	0.356	1.77	2.393	6.903	13.98	11.587	5.526	1.338	19.439	0.999483	0.027	0.008688	-30.067	-31.239
SPBC1539.08	arf6	viable	V	0.785	0.051	0.0	0.945	7.782	18.51	17.565	5.695	0.289	3.923	0.915582	0.064	0.096714	-21.515	-22.687
SPBC1539.09c	trp1	inviable	E	6.358	1.065	-0.0	0.364	3.001	7.138	6.773	2.196	2.339	57.197	0.975101	0.366	0.057861	-4.044	-5.216
SPBC1539.10	nop16	viable	V	3.218	0.283	4.102	4.797	9.822	17.707	12.91	8.288	1.184	10.243	0.990187	0.083	0.036749	-18.83	-20.002
SPBC15C4.01c	oca3	viable	V	1.408	0.236	9.405	9.77	12.406	16.543	6.773	11.601	0.518	1.223	0.994954	0.021	0.027827	-32.842	-34.014
SPBC15C4.02	cqd2	viable	V	-0.001	0.0	0.0	0.364	3.001	7.138	6.773	2.196	-0.0	-0.0	-1.599675	0.151	0.614602	-12.892	-14.064
SPBC15C4.03	mrs6	inviable	E	6.52	1.092	-0.0	0.364	3.001	7.138	6.773	2.196	2.399	58.651	0.976713	0.371	0.054365	-3.923	-5.095
SPBC15C4.04c	SPBC15C4.04c	viable	V	-0.022	0.001	0.0	0.942	7.757	18.451	17.509	5.677	-0.008	-0.002	-1.78469	0.138	0.636345	-13.799	-14.97
SPBC15C4.05	dhx29	viable	V	0.65	0.109	-0.0	0.364	3.001	7.138	6.773	2.196	0.239	5.849	0.283729	0.379	0.305545	-3.689	-4.861
SPBC15C4.06c	rnf181	viable	V	0.497	0.083	1.824	2.188	4.825	8.962	6.773	4.02	0.183	3.597	0.234333	0.373	0.337787	-3.873	-5.045
SPBC15D4.01c	klp9	viable	V	0.009	-0.001	0.0	0.364	3.001	7.138	6.773	2.196	0.003	0.0	-3.177323	0.101	0.658183	-16.891	-18.062
SPBC15D4.02	gsf1	viable	V	0.623	0.04	0.0	0.945	7.782	18.51	17.565	5.695	0.229	3.113	0.81556	0.079	0.140927	-19.358	-20.529
SPBC15D4.03	slm9	condition-dependent	V	1.881	0.15	2.93	3.697	9.239	17.936	14.24	7.547	0.692	7.004	0.978716	0.074	0.05613	-20.017	-21.189
SPBC15D4.04	alg7	inviable	E	6.17	1.034	0.536	0.9	3.537	7.674	6.773	2.732	2.27	52.39	0.996	0.15	0.023953	-12.97	-14.142
SPBC15D4.05	zng1	viable	V	0.349	0.059	-0.0	0.364	3.001	7.138	6.773	2.196	0.128	3.142	0.784546	0.061	0.150641	-22.042	-23.213
SPBC15D4.06	naa30	viable	V	-0.367	0.025	0.0	0.899	7.4	17.602	16.703	5.416	-0.135	-0.037	-0.254358	0.421	0.420892	-2.654	-3.825
SPBC15D4.07c	atg9	viable	V	-0.361	0.051	-0.0	0.436	3.587	8.532	8.096	2.625	-0.133	-0.018	-0.321325	0.079	0.384973	-19.345	-20.516
SPBC15D4.08c	SPBC15D4.08c	unknown	Not_determined	-0.023	-0.002	0.0	0.824	6.788	16.146	15.321	4.967	-0.009	-0.13	0.145347	0.012	0.347617	-38.091	-39.262
SPBC15D4.09c	met3	viable	V	0.003	0.0	0.0	0.744	6.124	14.565	13.822	4.481	0.001	0.016	-0.053078	0.101	0.337004	-16.916	-18.088
SPBC15D4.10c	amo1	viable	V	6.609	0.538	0.479	1.229	6.658	15.177	13.947	5.001	2.431	37.256	0.957684	0.419	0.072803	-2.698	-3.869
SPBC15D4.11c	mam3302	inviable	E	5.623	0.942	1.261	1.625	4.261	8.398	6.773	3.457	2.069	43.796	0.978819	0.334	0.063647	-4.975	-6.147
SPBC15D4.13c	SPBC15D4.13c	viable	V	0.021	-0.002	0.0	0.718	5.911	14.061	13.343	4.326	0.008	0.002	-0.389328	0.066	0.468583	-21.17	-22.342
SPBC15D4.14	taf51	inviable	E	6.267	0.87	4.502	4.941	8.122	13.113	8.171	7.151	2.306	25.964	0.98047	0.295	0.054085	-6.192	-7.364
SPBC1604.01	egt1	viable	V	0.023	-0.004	0.0	0.377	3.104	7.384	7.007	2.272	0.008	0.001	-1.211953	0.039	0.555702	-26.326	-27.498
SPBC1604.02c	ppr1	viable	V	1.289	0.216	0.077	0.442	3.078	7.215	6.773	2.273	0.474	11.504	0.660473	0.363	0.211141	-4.141	-5.312
SPBC1604.03c	SPBC1604.03c	viable	V	-0.083	0.006	0.0	0.925	7.614	18.111	17.187	5.572	-0.031	-0.009	-0.378715	0.127	0.473436	-14.645	-15.817
SPBC1604.04	SPBC1604.04	viable	V	-0.151	-0.025	-0.0	0.364	3.001	7.138	6.773	2.196	-0.056	-1.36	-0.157065	0.088	0.374427	-18.263	-19.435
SPBC1604.05	pgi1	inviable	E	7.424	1.137	0.371	0.77	3.654	8.18	7.41	2.773	2.731	61.889	0.952914	0.617	0.077185	1.179	0.007
SPBC1604.06c	noc4	inviable	E	6.41	0.87	-0.0	0.45	3.702	8.806	8.357	2.709	2.358	52.752	0.972426	0.384	0.058462	-3.575	-4.746
SPBC1604.07	atp4	viable	V	2.27	0.188	1.321	2.058	7.388	15.753	13.695	5.761	0.835	11.48	0.98931	0.071	0.038224	-20.394	-21.566
SPBC1604.08c	imp1	condition-dependent	V	5.18	0.372	1.569	2.418	8.562	18.203	15.785	6.686	1.906	22.468	0.982491	0.183	0.046477	-11.009	-12.181
SPBC1604.09c	rex4	viable	V	1.326	0.097	1.794	2.63	8.674	18.159	15.529	6.829	0.488	5.619	0.935088	0.092	0.088694	-17.814	-18.986
SPBC1604.10	srb7	inviable	E	6.081	0.512	3.597	4.322	9.571	17.806	13.484	7.968	2.237	20.774	0.99965	0.031	0.007151	-28.892	-30.063
SPBC1604.12	SPBC1604.12	viable	V	-0.214	0.034	0.0	0.381	3.139	7.467	7.085	2.297	-0.079	-0.009	-0.275326	0.116	0.408587	-15.574	-16.745
SPBC1604.13c	mrpl32	inviable	E	3.197	0.291	2.946	3.617	8.468	16.08	12.463	6.987	1.176	13.214	0.965309	0.176	0.073094	-11.38	-12.552
SPBC1604.14c	shk1	inviable	E	6.526	1.093	1.182	1.547	4.183	8.32	6.773	3.378	2.401	51.33	0.984142	0.33	0.050317	-5.081	-6.253
SPBC1604.15	gpi16	inviable	E	6.416	1.075	1.146	1.511	4.147	8.284	6.773	3.342	2.36	50.691	0.999091	0.076	0.012171	-19.72	-20.891
SPBC1604.16c	SPBC1604.16c	viable	V	0.15	-0.01	0.0	0.945	7.778	18.502	17.557	5.692	0.055	0.016	-0.059479	0.07	0.354603	-20.613	-21.785
SPBC1604.17c	tti2	inviable	E	8.282	0.759	2.48	3.147	7.969	15.535	12.388	6.497	3.047	37.411	0.998903	0.085	0.012701	-18.71	-19.882
SPBC1604.18c	cmp7	viable	V	0.354	0.059	1.155	1.519	4.156	8.292	6.773	3.351	0.13	2.797	0.814117	0.076	0.186771	-19.817	-20.989
SPBC1604.19c	trs8501	viable	V	-0.183	-0.031	0.0	0.364	3.001	7.138	6.773	2.196	-0.067	-1.645	0.501008	0.069	0.283117	-20.807	-21.979
SPBC1604.20c	tea2	viable	V	0.841	0.071	0.042	0.763	5.975	14.154	13.392	4.384	0.31	5.182	0.983089	0.035	0.04775	-27.388	-28.56
SPBC1604.21c	uba1	inviable	E	6.571	1.101	-0.0	0.364	3.001	7.138	6.773	2.196	2.417	59.107	0.962116	0.462	0.071133	-1.731	-2.903
SPBC1604.25	pet117	viable	Not_determined	0.796	0.057	1.475	2.33	8.515	18.221	15.892	6.627	0.293	3.484	0.943875	0.054	0.094321	-23.127	-24.299
SPBC1652.01	stb3	viable	V	0.201	-0.013	0.0	0.943	7.766	18.472	17.529	5.683	0.074	0.021	-0.198136	0.061	0.372989	-22.002	-23.174
SPBC1652.02	SPBC1652.02	viable	V	7.212	1.208	-0.0	0.364	3.001	7.138	6.773	2.196	2.653	64.876	0.812534	1.107	0.157654	7.017	5.845
SPBC1677.02	dpm3	inviable	E	5.451	0.903	0.706	1.075	3.739	7.921	6.846	2.926	2.005	45.195	0.996353	0.127	0.023033	-14.61	-15.782
SPBC1677.03c	tda1	inviable	E	6.088	0.919	0.861	1.265	4.191	8.782	7.517	3.298	2.24	47.616	0.99786	0.108	0.01778	-16.275	-17.446
SPBC1683.01	pho841	viable	V	-0.028	0.005	0.0	0.364	3.0	7.137	6.772	2.196	-0.01	-0.001	-1.980224	0.075	0.65507	-19.858	-21.03
SPBC1683.02	dea3	viable	V	0.219	0.037	-0.0	0.364	3.001	7.138	6.773	2.196	0.08	1.968	0.590486	0.052	0.210969	-23.504	-24.675
SPBC1683.03c	amf1	viable	V	-0.164	0.02	0.0	0.504	4.152	9.875	9.371	3.038	-0.06	-0.009	-3.872661	0.085	0.825854	-18.644	-19.815
SPBC1683.04	ghf3	viable	V	0.032	-0.005	0.0	0.364	3.001	7.138	6.773	2.196	0.012	0.001	-2.215602	0.042	0.651486	-25.774	-26.945
SPBC1683.05	thi7	viable	V	0.162	0.027	-0.0	0.364	3.001	7.138	6.773	2.196	0.06	1.459	0.231419	0.096	0.360668	-17.441	-18.612
SPBC1683.06c	urh1	viable	V	0.002	-0.0	0.0	0.365	3.001	7.139	6.774	2.196	0.001	0.0	-1.624191	0.151	0.548189	-12.921	-14.093
SPBC1683.07	mal1	viable	V	3.135	0.525	9.511	9.875	12.512	16.648	6.773	11.707	1.153	2.557	0.961923	0.114	0.073158	-15.737	-16.908
SPBC1683.08	ght4	viable	V	0.001	-0.0	0.0	0.62	5.099	12.127	11.508	3.731	0.0	0.0	-0.038524	0.055	0.387686	-22.995	-24.167
SPBC1683.09c	frp1	viable	V	-0.195	0.028	0.0	0.422	3.478	8.273	7.85	2.545	-0.072	-0.009	-2.002256	0.062	0.671854	-21.837	-23.008
SPBC1683.10c	pcl1	viable	V	-1.0	0.065	-0.0	0.945	7.782	18.51	17.565	5.695	-0.368	-0.107	-0.569416	0.186	0.493749	-10.812	-11.984
SPBC1683.11c	icl1	viable	V	0.672	0.113	0.538	0.903	3.539	7.676	6.773	2.734	0.247	5.703	0.790424	0.141	0.197825	-13.6	-14.772
SPBC1683.12	SPBC1683.12	viable	V	-0.003	0.001	0.0	0.363	2.987	7.106	6.743	2.186	-0.001	-0.0	-2.398966	0.115	0.696876	-15.63	-16.801
SPBC1683.13c	cha4	viable	V	-0.094	0.016	0.0	0.364	3.001	7.137	6.773	2.196	-0.035	-0.004	-1.295917	0.086	0.518356	-18.589	-19.761
SPBC1685.01	pmp1	viable	V	0.822	0.061	2.084	2.902	8.818	18.102	15.2	7.012	0.302	3.376	0.953917	0.051	0.077549	-23.724	-24.895
SPBC1685.02c	rps1202	viable	V	1.369	0.171	0.073	0.562	4.1	9.651	9.089	3.02	0.504	10.712	0.964488	0.095	0.066955	-17.573	-18.745
SPBC1685.03	sec11	inviable	E	6.641	0.976	0.031	0.447	3.453	8.171	7.724	2.536	2.443	56.459	0.986293	0.287	0.042523	-6.483	-7.655
SPBC1685.04	SPBC1685.04	viable	V	-0.269	-0.045	-0.0	0.364	3.001	7.138	6.773	2.196	-0.099	-2.421	-0.264221	0.179	0.378523	-11.201	-12.373
SPBC1685.05	htr11	viable	V	0.279	0.018	-0.0	0.945	7.782	18.51	17.565	5.695	0.103	1.397	0.938802	0.018	0.082079	-34.097	-35.268
SPBC1685.06	cid11	viable	V	-0.04	-0.007	0.0	0.364	3.001	7.138	6.773	2.196	-0.015	-0.364	-0.044747	0.045	0.391741	-25.087	-26.259
SPBC1685.07c	avt5	viable	V	-0.007	0.001	0.0	0.364	3.001	7.138	6.773	2.196	-0.003	-0.0	-1.846494	0.111	0.66219	-15.96	-17.132
SPBC1685.08	cti6	viable	V	0.935	0.067	1.477	2.332	8.516	18.221	15.889	6.628	0.344	4.092	0.926915	0.072	0.092849	-20.356	-21.527
SPBC1685.09	rps29	viable	V	7.465	1.251	-0.0	0.364	3.001	7.138	6.773	2.196	2.746	67.15	0.572964	1.83	0.247867	12.04	10.869
SPBC1685.11	rlp1	viable	V	-0.134	-0.023	-0.0	0.364	3.001	7.138	6.773	2.196	-0.049	-1.208	-0.29285	0.124	0.424821	-14.871	-16.043
SPBC1685.14c	vid27	viable	V	0.018	-0.002	0.0	0.471	3.878	9.224	8.753	2.838	0.007	0.001	-2.898798	0.067	0.723457	-21.097	-22.268
SPBC1685.15c	klp6	viable	V	0.349	0.043	-0.0	0.492	4.049	9.631	9.139	2.963	0.129	2.75	0.930706	0.033	0.096815	-28.256	-29.428
SPBC1685.16	vma9	inviable	E	5.069	0.477	0.736	1.385	6.08	13.447	12.062	4.647	1.865	30.669	0.9758	0.261	0.056316	-7.442	-8.614
SPBC1685.17	SPBC1685.17	unknown	Not_determined	-0.111	-0.017	-0.0	0.395	3.255	7.743	7.347	2.382	-0.041	-0.97	0.91746	0.012	0.103798	-38.369	-39.54
SPBC16A3.01	spn3	viable	V	0.077	-0.012	0.0	0.398	3.275	7.791	7.393	2.397	0.028	0.003	-0.410373	0.102	0.441416	-16.831	-18.003
SPBC16A3.02c	SPBC16A3.02c	viable	V	0.234	0.039	0.0	0.364	3.001	7.138	6.773	2.196	0.086	2.108	0.692752	0.053	0.183309	-23.449	-24.62
SPBC16A3.03c	ppr7	viable	V	0.931	0.118	-0.0	0.482	3.971	9.446	8.964	2.906	0.342	7.399	0.909673	0.101	0.108573	-16.972	-18.144
SPBC16A3.05c	rae1	condition-dependent	E	6.474	1.084	0.361	0.726	3.362	7.499	6.773	2.557	2.382	56.04	0.99232	0.217	0.032744	-9.285	-10.457
SPBC16A3.06	tad1	viable	V	0.514	0.033	0.0	0.945	7.782	18.51	17.565	5.695	0.189	2.568	0.858224	0.06	0.136678	-22.202	-23.374
SPBC16A3.07c	nrm1	viable	V	1.057	0.068	0.0	0.945	7.782	18.51	17.565	5.695	0.389	5.285	0.742009	0.155	0.187009	-12.617	-13.789
SPBC16A3.08c	oga1	viable	V	0.558	0.075	3.378	3.833	7.126	12.292	8.459	6.121	0.205	2.813	0.963347	0.044	0.07397	-25.25	-26.421
SPBC16A3.09c	ufd1	inviable	E	5.327	0.892	1.616	1.981	4.617	8.754	6.773	3.812	1.96	39.638	0.995206	0.149	0.02885	-13.016	-14.188
SPBC16A3.10	ale1	viable	V	-0.12	-0.02	0.0	0.364	3.001	7.138	6.773	2.196	-0.044	-1.084	-0.162086	0.065	0.34893	-21.349	-22.521
SPBC16A3.11	eso1	inviable	E	4.778	0.801	2.027	2.392	5.028	9.165	6.773	4.223	1.758	33.639	0.985618	0.238	0.050833	-8.338	-9.51
SPBC16A3.12c	SPBC16A3.12c	viable	V	0.015	-0.002	0.0	0.45	3.705	8.813	8.363	2.711	0.005	0.001	-0.232018	0.051	0.419317	-23.729	-24.9
SPBC16A3.13	meu7	viable	V	-0.393	0.054	-0.0	0.444	3.655	8.694	8.25	2.675	-0.144	-0.02	-0.589059	0.08	0.464297	-19.217	-20.389
SPBC16A3.15c	nda2	inviable	E	6.003	1.006	0.151	0.515	3.151	7.288	6.773	2.347	2.208	53.158	0.93303	0.617	0.104052	1.17	-0.002
SPBC16A3.16	coa5	viable	V	0.442	0.035	0.0	0.778	6.409	15.245	14.467	4.69	0.163	2.583	0.781045	0.075	0.177837	-19.944	-21.116
SPBC16A3.17c	SPBC16A3.17c	viable	V	0.05	0.008	0.0	0.364	3.001	7.138	6.773	2.196	0.018	0.448	-0.239432	0.06	0.401468	-22.164	-23.336
SPBC16A3.18	cip1	viable	V	0.443	0.074	-0.0	0.364	3.001	7.138	6.773	2.196	0.163	3.982	-0.128458	0.229	0.342228	-8.728	-9.899
SPBC16A3.19	eaf7	viable	V	0.484	0.081	-0.0	0.364	3.001	7.138	6.773	2.196	0.178	4.35	0.612042	0.123	0.231667	-14.973	-16.145
SPBC16C6.01c	SPBC16C6.01c	viable	V	-0.232	0.015	-0.0	0.945	7.782	18.51	17.565	5.695	-0.085	-0.025	-0.16205	0.061	0.390663	-21.978	-23.15
SPBC16C6.02c	vps1302	viable	V	0.344	0.022	0.0	0.945	7.782	18.51	17.565	5.695	0.127	1.721	0.841588	0.043	0.135513	-25.475	-26.647
SPBC16C6.03c	rsa1	viable	V	2.563	0.429	4.304	4.669	7.305	11.442	6.773	6.5	0.943	12.441	0.925499	0.268	0.11836	-7.169	-8.341
SPBC16C6.04	dbl6	viable	V	-0.144	0.022	0.0	0.408	3.355	7.981	7.573	2.455	-0.053	-0.007	-0.057733	0.055	0.328197	-22.979	-24.151
SPBC16C6.05	tma22	viable	V	1.772	0.16	1.533	2.21	7.104	14.785	12.575	5.61	0.652	9.253	0.998909	0.018	0.012563	-33.904	-35.075
SPBC16C6.06	vps10	viable	V	-0.254	0.038	0.0	0.409	3.364	8.001	7.592	2.462	-0.093	-0.012	-0.049687	0.033	0.37144	-27.983	-29.155
SPBC16C6.07c	rpt1	inviable	E	7.354	1.232	-0.0	0.364	3.001	7.138	6.773	2.196	2.705	66.153	0.985468	0.333	0.046134	-4.984	-6.156
SPBC16C6.08c	qcr6	viable	V	0.202	0.034	-0.0	0.364	3.001	7.138	6.773	2.196	0.074	1.821	0.154345	0.073	0.31064	-20.216	-21.387
SPBC16C6.09	ogm4	viable	V	6.521	0.65	5.448	6.06	10.491	17.444	11.384	9.138	2.399	16.729	0.999177	0.048	0.011026	-24.305	-25.477
SPBC16C6.10	chp2	viable	V	-0.182	0.027	0.0	0.413	3.404	8.097	7.684	2.491	-0.067	-0.009	-0.376644	0.119	0.418346	-15.267	-16.439
SPBC16C6.12c	las1	inviable	E	6.342	0.692	0.531	1.09	5.136	11.484	10.393	3.901	2.333	43.498	0.993104	0.183	0.030453	-10.981	-12.153
SPBC16C6.13c	sec27	inviable	E	7.056	1.182	1.079	1.444	4.08	8.217	6.773	3.275	2.596	56.2	0.918822	0.816	0.112962	3.971	2.799
SPBC16C6.14	spo2	viable	Not_determined	0.05	0.007	0.0	0.43	3.544	8.429	7.999	2.593	0.018	0.417	0.012767	0.07	0.334454	-20.559	-21.731
SPBC16D10.01c	acl4	viable	V	3.383	0.283	1.452	2.181	7.454	15.728	13.547	5.844	1.245	16.909	0.995232	0.07	0.026027	-20.583	-21.755
SPBC16D10.02	trm11	viable	V	2.037	0.136	0.531	1.444	8.046	18.406	16.963	6.03	0.749	9.739	0.986582	0.063	0.040896	-21.675	-22.847
SPBC16D10.03	kae1	viable	V	6.231	0.641	0.339	0.933	5.224	11.958	11.025	3.914	2.292	42.205	0.981942	0.286	0.048114	-6.533	-7.705
SPBC16D10.04c	dna2	inviable	E	6.492	0.988	1.552	1.953	4.857	9.413	7.459	3.97	2.388	46.631	0.999442	0.06	0.009551	-22.195	-23.367
SPBC16D10.05	mok13	viable	V	1.789	0.3	9.511	9.875	12.512	16.648	6.773	11.707	0.658	1.46	0.970365	0.065	0.067701	-21.408	-22.58
SPBC16D10.06	zrt1	viable	V	4.174	0.552	1.893	2.355	5.697	10.94	8.584	4.677	1.535	26.549	0.993311	0.127	0.03333	-14.613	-15.785
SPBC16D10.07c	sir2	viable	V	0.168	-0.014	0.0	0.758	6.239	14.841	14.083	4.566	0.062	0.014	-0.189649	0.141	0.378382	-13.58	-14.752
SPBC16D10.08c	hsp104	viable	V	0.014	-0.002	0.0	0.364	3.001	7.138	6.773	2.196	0.005	0.001	-1.474554	0.066	0.643944	-21.132	-22.303
SPBC16D10.09	pcn1	inviable	E	5.506	0.699	0.327	0.808	4.288	9.75	8.942	3.226	2.025	42.188	0.992081	0.178	0.03265	-11.283	-12.455
SPBC16D10.10	tad2	inviable	E	6.124	0.665	0.745	1.307	5.373	11.752	10.445	4.132	2.253	40.713	0.997079	0.115	0.020343	-15.66	-16.832
SPBC16D10.11c	rps1801	viable	V	1.899	0.315	0.27	0.638	3.299	7.475	6.837	2.487	0.699	16.543	0.994517	0.053	0.028477	-23.306	-24.477
SPBC16E9.01c	php4	viable	V	0.592	-0.039	0.0	0.927	7.633	18.155	17.228	5.585	0.218	0.062	-0.010794	0.151	0.409075	-12.935	-14.107
SPBC16E9.02c	SPBC16E9.02c	viable	V	-0.006	0.001	0.0	0.364	3.001	7.138	6.773	2.196	-0.002	-0.0	-1.425121	0.119	0.520655	-15.311	-16.482
SPBC16E9.03c	coa1	viable	V	1.474	0.101	0.937	1.825	8.248	18.327	16.502	6.287	0.542	6.798	0.870018	0.148	0.12568	-13.136	-14.308
SPBC16E9.06c	uvi31	viable	V	-0.216	-0.036	-0.0	0.364	3.001	7.138	6.773	2.196	-0.08	-1.945	0.408517	0.077	0.245137	-19.643	-20.815
SPBC16E9.07	mug100	viable	V	0.038	0.006	0.0	0.364	3.001	7.138	6.773	2.196	0.014	0.346	-0.059662	0.063	0.362833	-21.625	-22.797
SPBC16E9.08	mcp4	viable	V	-0.28	0.04	0.0	0.423	3.484	8.287	7.864	2.549	-0.103	-0.013	-1.511607	0.07	0.598232	-20.594	-21.765
SPBC16E9.10c	rix7	inviable	E	6.535	1.095	0.558	0.923	3.559	7.696	6.773	2.754	2.404	55.34	0.987286	0.286	0.042732	-6.517	-7.689
SPBC16E9.11c	pub3	viable	V	0.124	-0.01	0.0	0.787	6.478	15.41	14.623	4.741	0.046	0.011	-0.374694	0.082	0.408057	-19.008	-20.18
SPBC16E9.12c	pab2	viable	V	0.778	0.09	6.887	7.412	11.207	17.162	9.75	10.048	0.286	1.491	0.969848	0.036	0.0631	-27.34	-28.511
SPBC16E9.13	ksp1	viable	V	1.06	0.178	8.727	9.092	11.728	15.865	6.773	10.923	0.39	1.325	0.937983	0.07	0.087797	-20.559	-21.73
SPBC16E9.14c	zrg17	viable	V	-0.044	-0.003	-0.0	0.945	7.782	18.51	17.565	5.695	-0.016	-0.221	-0.01544	0.051	0.374798	-23.838	-25.01
SPBC16E9.15	SPBC16E9.15	viable	V	-0.012	0.002	0.0	0.364	3.001	7.138	6.773	2.196	-0.005	-0.001	-0.885542	0.107	0.497772	-16.394	-17.566
SPBC16E9.16c	lsd90	viable	V	-0.212	0.014	0.0	0.921	7.583	18.038	17.117	5.549	-0.078	-0.022	-0.040326	0.115	0.350872	-15.621	-16.792
SPBC16E9.17c	rem1	viable	V	0.566	0.095	-0.0	0.364	3.001	7.138	6.773	2.196	0.208	5.088	0.102856	0.427	0.368555	-2.515	-3.686
SPBC16E9.18	psd1	viable	V	0.802	0.134	1.301	1.666	4.302	8.439	6.773	3.497	0.295	6.217	0.926008	0.094	0.112877	-17.63	-18.801
SPBC16G5.02c	rbk1	viable	V	0.049	0.008	0.0	0.365	3.001	7.138	6.773	2.196	0.018	0.444	-0.025331	0.035	0.384272	-27.424	-28.595
SPBC16G5.03	mrz1	viable	V	-0.261	-0.037	0.954	1.379	4.46	9.293	7.913	3.519	-0.096	-1.968	0.751577	0.071	0.206918	-20.455	-21.626
SPBC16G5.04	mrpl23	inviable	E	7.472	0.633	3.68	4.401	9.612	17.79	13.389	8.021	2.749	25.239	0.996416	0.119	0.02279	-15.293	-16.465
SPBC16G5.05c	scs2	viable	V	0.239	0.04	-0.0	0.364	3.001	7.138	6.773	2.196	0.088	2.152	0.501623	0.065	0.231893	-21.38	-22.552
SPBC16G5.07c	SPBC16G5.07c	viable	V	0.004	-0.001	0.0	0.364	3.001	7.138	6.774	2.196	0.002	0.0	-0.984053	0.123	0.514501	-14.959	-16.13
SPBC16G5.08	trp4	inviable	E	6.267	1.05	-0.0	0.364	3.001	7.138	6.773	2.196	2.306	56.375	0.985783	0.277	0.045245	-6.844	-8.016
SPBC16G5.09	kex1	viable	V	0.685	-0.045	0.0	0.931	7.664	18.23	17.299	5.609	0.252	0.072	-0.146088	0.072	0.349565	-20.261	-21.433
SPBC16G5.10	rrp42	inviable	E	6.373	0.914	0.732	1.158	4.237	9.068	7.91	3.297	2.345	49.445	0.998467	0.094	0.015178	-17.65	-18.821
SPBC16G5.11c	bag101	viable	V	-0.016	0.003	-0.0	0.364	3.0	7.135	6.771	2.195	-0.006	-0.001	-1.743576	0.116	0.636875	-15.549	-16.721
SPBC16G5.12c	top3	inviable	E	5.614	0.68	2.802	3.306	6.95	12.668	9.362	5.838	2.065	29.312	0.999517	0.044	0.008741	-25.215	-26.387
SPBC16G5.13	ptf2	viable	V	-0.011	0.001	0.0	0.889	7.32	17.411	16.522	5.357	-0.004	-0.001	-1.574915	0.07	0.596116	-20.544	-21.716
SPBC16G5.14c	rps3	inviable	E	7.239	1.213	0.478	0.842	3.479	7.616	6.773	2.674	2.663	61.863	0.957882	0.592	0.08804	0.76	-0.412
SPBC16G5.15c	fkh2	viable	V	4.768	0.455	2.001	2.641	7.271	14.536	11.895	5.858	1.754	24.085	0.999772	0.023	0.005788	-31.692	-32.863
SPBC16G5.16	ntu1	viable	V	0.323	0.054	0.005	0.369	3.005	7.142	6.773	2.201	0.119	2.9	0.452076	0.143	0.261229	-13.438	-14.61
SPBC16G5.17	SPBC16G5.17	viable	V	-0.41	0.056	0.0	0.446	3.672	8.733	8.287	2.687	-0.151	-0.021	-0.029341	0.067	0.422318	-21.008	-22.18
SPBC16G5.18	erg24	inviable	E	6.131	0.454	1.985	2.809	8.769	18.122	15.312	6.95	2.256	25.458	0.993189	0.136	0.03003	-13.933	-15.105
SPBC16G5.19	SPBC16G5.19	viable	Not_determined	-0.258	0.042	0.0	0.378	3.113	7.404	7.026	2.278	-0.095	-0.011	-0.050455	0.226	0.364948	-8.893	-10.064
SPBC16H5.02	pfk1	condition-dependent	E	6.249	1.047	-0.0	0.364	3.001	7.138	6.773	2.196	2.299	56.214	0.983587	0.295	0.047003	-6.197	-7.369
SPBC16H5.03c	uba2	viable	V	6.065	0.532	4.072	4.768	9.807	17.713	12.945	8.268	2.231	19.39	0.990973	0.156	0.036002	-12.575	-13.746
SPBC16H5.04	snd301	viable	V	-0.224	-0.038	1.28	1.644	4.281	8.417	6.773	3.476	-0.082	-1.74	0.677544	0.076	0.209217	-19.722	-20.894
SPBC16H5.05c	cyp7	viable	V	-0.019	0.003	-0.0	0.364	3.0	7.136	6.772	2.195	-0.007	-0.001	-2.676739	0.084	0.652361	-18.751	-19.923
SPBC16H5.06	rip1	viable	V	1.326	0.087	0.235	1.166	7.899	18.464	17.298	5.844	0.488	6.5	0.933213	0.095	0.089754	-17.534	-18.705
SPBC16H5.07c	ppa2	viable	V	1.181	0.076	0.0	0.945	7.782	18.51	17.565	5.695	0.434	5.902	0.803264	0.141	0.161913	-13.577	-14.748
SPBC16H5.08c	SPBC16H5.08c	viable	V	4.458	0.295	0.368	1.291	7.965	18.438	17.147	5.927	1.64	21.616	0.919082	0.34	0.093888	-4.792	-5.964
SPBC16H5.09c	omh2	viable	V	-0.188	-0.032	-0.0	0.364	3.001	7.138	6.773	2.196	-0.069	-1.692	-0.204013	0.216	0.389168	-9.325	-10.497
SPBC16H5.10c	prp43	inviable	E	6.272	1.051	0.899	1.264	3.9	8.037	6.773	3.095	2.307	51.054	0.98972	0.251	0.041382	-7.804	-8.976
SPBC16H5.11c	skb1	viable	V	0.423	-0.056	0.0	0.464	3.823	9.094	8.63	2.798	0.156	0.022	-0.192139	0.227	0.413381	-8.83	-10.002
SPBC16H5.12c	SPBC16H5.12c	viable	V	-0.123	0.021	0.0	0.364	3.001	7.138	6.773	2.196	-0.045	-0.005	-0.142376	0.085	0.348262	-18.654	-19.826
SPBC16H5.13	wdr7	viable	V	1.923	0.322	1.144	1.509	4.145	8.282	6.773	3.34	0.707	15.195	0.919364	0.234	0.132446	-8.54	-9.712
SPBC16H5.14c	SPBC16H5.14c	unknown	Not_determined	4.103	0.464	6.635	7.175	11.081	17.211	10.037	9.889	1.509	8.33	0.980982	0.147	0.049887	-13.182	-14.354
SPBC16H5.15	gem8	inviable	E	6.093	0.756	3.595	4.087	7.649	13.237	9.15	6.561	2.242	28.006	0.999382	0.053	0.009913	-23.46	-24.632
SPBC1703.01c	pop4	inviable	E	7.17	0.76	0.388	0.964	5.13	11.666	10.702	3.858	2.638	49.185	0.98902	0.257	0.039281	-7.591	-8.762
SPBC1703.02	rsc9	inviable	E	6.66	0.508	1.089	1.89	7.684	16.775	14.884	5.915	2.45	32.666	0.962476	0.377	0.070101	-3.751	-4.923
SPBC1703.03c	syo2	viable	V	1.935	0.201	2.224	2.812	7.071	13.754	10.942	5.771	0.712	10.008	0.998377	0.026	0.015825	-30.454	-31.626
SPBC1703.04	mlh1	viable	V	-0.059	-0.007	0.0	0.524	4.314	10.261	9.737	3.157	-0.022	-0.45	0.675303	0.019	0.231847	-33.75	-34.922
SPBC1703.05	rio2	inviable	E	6.779	1.136	0.335	0.7	3.336	7.473	6.773	2.531	2.494	58.852	0.989787	0.263	0.039145	-7.351	-8.523
SPBC1703.06	pof10	viable	V	0.113	-0.007	-0.0	0.945	7.782	18.51	17.565	5.695	0.042	0.012	-0.37629	0.03	0.414783	-28.973	-30.145
SPBC1703.07	acl1	viable	V	-0.233	0.016	0.0	0.915	7.531	17.912	16.998	5.511	-0.086	-0.024	-0.048225	0.103	0.377513	-16.761	-17.933
SPBC1703.08c	fau1	viable	V	0.032	0.005	0.0	0.365	3.001	7.138	6.773	2.196	0.012	0.287	-0.166052	0.067	0.376409	-21.03	-22.202
SPBC1703.09	SPBC1703.09	viable	V	-0.397	0.061	0.0	0.397	3.272	7.783	7.386	2.394	-0.146	-0.018	-0.064234	0.129	0.379152	-14.516	-15.687
SPBC1703.10	ypt1	inviable	E	6.321	1.059	-0.0	0.364	3.001	7.138	6.773	2.196	2.325	56.858	0.309135	2.076	0.292523	13.305	12.133
SPBC1703.11	opa3	viable	V	-0.129	-0.022	0.0	0.364	3.001	7.138	6.773	2.196	-0.048	-1.162	0.855351	0.017	0.1412	-34.695	-35.867
SPBC1703.12	ubp9	viable	V	0.643	0.108	-0.0	0.364	3.001	7.138	6.773	2.196	0.237	5.787	0.582169	0.164	0.20759	-12.054	-13.226
SPBC1703.14c	top1	viable	V	1.067	0.179	4.295	4.659	7.296	11.432	6.773	6.491	0.393	5.189	0.931807	0.113	0.116456	-15.776	-16.948
SPBC1703.15c	vps33	condition-dependent	V	5.571	0.449	3.065	3.823	9.306	17.91	14.087	7.633	2.05	20.396	0.985577	0.182	0.044207	-11.062	-12.234
SPBC1706.01	tea4	viable	V	0.509	0.033	0.0	0.945	7.782	18.51	17.565	5.695	0.187	2.542	0.481308	0.103	0.294479	-16.724	-17.895
SPBC1706.03	fzo1	viable	V	1.836	0.155	3.605	4.33	9.575	17.804	13.474	7.974	0.676	6.266	0.98329	0.066	0.048345	-21.175	-22.347
SPBC1709.01	chs2	viable	V	-0.463	0.03	0.0	0.927	7.637	18.164	17.237	5.588	-0.17	-0.048	-0.284479	0.101	0.469112	-16.94	-18.112
SPBC1709.02c	vrs1	inviable	E	6.73	1.127	-0.0	0.364	3.001	7.138	6.773	2.196	2.476	60.538	0.846847	0.927	0.144318	5.243	4.071
SPBC1709.03	vps3844	viable	V	3.818	0.287	2.184	2.996	8.868	18.083	15.087	7.075	1.405	15.514	0.989202	0.107	0.037507	-16.352	-17.524
SPBC1709.04c	cyp3	viable	V	-0.372	0.046	0.0	0.489	4.029	9.584	9.094	2.949	-0.137	-0.021	-0.485813	0.057	0.434334	-22.589	-23.761
SPBC1709.05	sks2	viable	V	4.092	0.632	1.214	1.61	4.471	8.959	7.349	3.597	1.505	30.935	0.979854	0.226	0.055342	-8.852	-10.024
SPBC1709.06	dus2	viable	V	-0.003	0.0	0.0	0.364	3.001	7.138	6.773	2.196	-0.001	-0.0	-2.200926	0.121	0.626104	-15.133	-16.305
SPBC1709.07	erg27	inviable	E	6.39	0.75	1.443	1.964	5.729	11.638	9.674	4.58	2.351	40.447	0.998007	0.103	0.017142	-16.778	-17.95
SPBC1709.08	cft1	inviable	E	6.499	0.765	0.669	1.188	4.941	10.832	9.644	3.795	2.391	45.785	0.994195	0.177	0.028271	-11.311	-12.483
SPBC1709.09	rrf1	viable	V	0.177	0.015	-0.0	0.719	5.923	14.089	13.37	4.335	0.065	1.096	-0.052266	0.097	0.394777	-17.359	-18.531
SPBC1709.10c	atx1	viable	V	-0.052	-0.009	0.0	0.364	3.001	7.138	6.773	2.196	-0.019	-0.468	0.229283	0.041	0.304934	-25.901	-27.073
SPBC1709.11c	png2	viable	V	0.408	0.068	-0.0	0.364	3.001	7.138	6.773	2.196	0.15	3.672	0.72186	0.076	0.185612	-19.83	-21.002
SPBC1709.12	rid1	viable	V	0.334	-0.022	0.0	0.939	7.728	18.382	17.443	5.655	0.123	0.035	-0.014283	0.069	0.338862	-20.718	-21.89
SPBC1709.13c	set10	viable	V	0.207	0.035	-0.0	0.364	3.001	7.138	6.773	2.196	0.076	1.863	0.031283	0.103	0.334834	-16.718	-17.889
SPBC1709.14	ngl1	viable	V	0.185	0.031	-0.0	0.364	3.001	7.138	6.773	2.196	0.068	1.664	-0.096276	0.09	0.379251	-18.093	-19.264
SPBC1709.15c	cft2	inviable	E	6.411	0.863	1.043	1.497	4.779	9.928	8.431	3.777	2.358	46.331	0.9975	0.12	0.019158	-15.196	-16.368
SPBC1709.16c	SPBC1709.16c	viable	V	-0.016	0.001	0.0	0.938	7.727	18.38	17.441	5.655	-0.006	-0.002	-1.411238	0.149	0.627818	-13.01	-14.182
SPBC1709.17	met7	inviable	E	6.676	0.671	0.888	1.496	5.888	12.78	11.285	4.547	2.456	41.4	0.986194	0.266	0.043139	-7.243	-8.415
SPBC1709.18	tif452	viable	V	0.708	0.055	2.628	3.412	9.089	17.996	14.583	7.356	0.26	2.733	0.976571	0.032	0.060731	-28.437	-29.609
SPBC1709.19c	nfu1	unknown	Not_determined	-0.132	0.022	0.0	0.366	3.015	7.172	6.806	2.206	-0.049	-0.005	-0.130692	0.049	0.377758	-24.061	-25.232
SPBC1709.20	pop8	inviable	E	6.731	0.755	0.657	1.201	5.138	11.316	10.114	3.936	2.476	46.179	0.991079	0.223	0.03624	-9.018	-10.19
SPBC1711.03	emc3	viable	V	0.631	0.099	5.738	6.125	8.925	13.317	7.192	8.07	0.232	2.146	0.984485	0.029	0.050525	-29.369	-30.541
SPBC1711.04	mtd1	viable	V	0.034	-0.006	0.0	0.364	3.001	7.138	6.773	2.196	0.012	0.001	-0.540214	0.057	0.470716	-22.572	-23.744
SPBC1711.05	srp40	viable	V	1.934	0.324	4.145	4.51	7.146	11.283	6.773	6.341	0.711	9.676	0.994288	0.055	0.030628	-22.92	-24.091
SPBC1711.06	rpl401	viable	V	8.051	0.536	0.472	1.389	8.017	18.418	17.029	5.993	2.962	38.696	0.625906	1.323	0.198535	8.801	7.629
SPBC1711.07	rrb1	inviable	E	6.714	0.697	-0.0	0.588	4.845	11.524	10.935	3.545	2.47	47.682	0.979744	0.322	0.050139	-5.334	-6.505
SPBC1711.08	aha1	viable	V	1.347	0.226	-0.0	0.364	3.001	7.138	6.773	2.196	0.496	12.118	0.665073	0.346	0.191194	-4.622	-5.794
SPBC1711.09c	SPBC1711.09c	viable	V	-0.2	0.028	0.0	0.429	3.535	8.409	7.98	2.587	-0.074	-0.01	-0.624369	0.093	0.516342	-17.758	-18.93
SPBC1711.10c	npl4	inviable	E	7.347	0.563	2.437	3.233	8.994	18.033	14.8	7.235	2.703	29.009	0.99726	0.103	0.019284	-16.714	-17.885
SPBC1711.11	atg2402	viable	V	0.014	-0.002	0.0	0.364	3.001	7.138	6.773	2.196	0.005	0.001	-0.346315	0.123	0.412864	-14.953	-16.125
SPBC1711.12	ppp16	viable	V	-0.734	0.107	0.0	0.417	3.435	8.169	7.752	2.513	-0.27	-0.035	-0.21369	0.16	0.414974	-12.341	-13.512
SPBC1711.13	his2	viable	V	-0.013	-0.001	0.0	0.945	7.782	18.51	17.565	5.695	-0.005	-0.067	0.047922	0.027	0.388061	-30.059	-31.23
SPBC1711.14	rec15	viable	V	-0.073	0.008	0.0	0.525	4.326	10.289	9.763	3.165	-0.027	-0.004	-0.799035	0.098	0.478596	-17.216	-18.388
SPBC1711.15c	SPBC1711.15c	viable	V	-0.479	0.068	0.0	0.428	3.523	8.38	7.952	2.578	-0.176	-0.023	-0.770172	0.109	0.474351	-16.198	-17.37
SPBC1711.17	prp16	inviable	E	7.24	0.589	0.964	1.715	7.147	15.671	13.955	5.489	2.663	38.07	0.995512	0.144	0.024593	-13.363	-14.534
SPBC1718.01	pop1	viable	V	1.7	0.11	-0.0	0.945	7.782	18.51	17.565	5.695	0.625	8.498	0.823269	0.191	0.134663	-10.55	-11.722
SPBC1718.02	hop1	viable	V	0.129	-0.019	0.0	0.414	3.412	8.117	7.702	2.497	0.047	0.006	-0.255089	0.095	0.442265	-17.576	-18.748
SPBC1718.03	ker1	viable	V	4.395	0.714	5.057	5.433	8.152	12.419	6.986	7.322	1.617	17.918	0.986705	0.18	0.045397	-11.145	-12.317
SPBC1718.04	sct1	inviable	E	6.343	1.011	0.363	0.746	3.516	7.862	7.116	2.67	2.333	53.83	0.990348	0.237	0.036217	-8.412	-9.584
SPBC1718.05	trs31	inviable	E	5.794	0.915	1.341	1.727	4.524	8.913	7.186	3.67	2.132	43.54	0.997367	0.116	0.020962	-15.531	-16.702
SPBC1718.06	msp1	condition-dependent	V	1.599	0.268	2.171	2.536	5.172	9.309	6.773	4.367	0.588	11.035	0.994611	0.048	0.032038	-24.294	-25.465
SPBC1718.07c	zfs1	viable	V	-0.14	0.009	0.0	0.908	7.473	17.775	16.867	5.469	-0.051	-0.014	-0.110692	0.194	0.351351	-10.42	-11.592
SPBC1734.01c	esf1	inviable	E	6.422	1.061	0.961	1.331	4.004	8.199	6.869	3.188	2.363	51.596	0.999545	0.053	0.008389	-23.299	-24.471
SPBC1734.02c	cdc27	inviable	E	7.048	0.671	1.093	1.734	6.377	13.661	11.927	4.959	2.593	40.869	0.997856	0.106	0.01738	-16.423	-17.595
SPBC1734.03	fol1	inviable	E	6.481	0.686	0.74	1.316	5.487	12.032	10.716	4.214	2.384	42.429	0.996208	0.137	0.022845	-13.871	-15.043
SPBC1734.04	anp1	viable	V	7.704	0.86	1.668	2.214	6.168	12.373	10.159	4.961	2.834	45.749	0.996365	0.162	0.023671	-12.194	-13.366
SPBC1734.05c	spf31	viable	V	0.27	0.031	0.0	0.532	4.377	10.412	9.88	3.203	0.099	2.035	0.872827	0.041	0.144249	-25.88	-27.051
SPBC1734.06	rhp18	viable	V	0.217	0.036	-0.0	0.364	3.001	7.138	6.773	2.196	0.08	1.953	0.376688	0.07	0.261963	-20.638	-21.81
SPBC1734.07c	trs8502	viable	V	-0.181	-0.03	-0.0	0.364	3.001	7.138	6.773	2.196	-0.067	-1.63	0.599417	0.048	0.219077	-24.462	-25.634
SPBC1734.08	hse1	viable	V	1.51	0.253	-0.0	0.364	3.001	7.138	6.773	2.196	0.555	13.583	-0.155884	0.977	0.412771	5.768	4.596
SPBC1734.09	yea4	viable	V	0.206	0.034	-0.0	0.364	3.001	7.138	6.773	2.196	0.076	1.853	-0.184775	0.19	0.451302	-10.607	-11.779
SPBC1734.10c	ipa1	inviable	E	6.326	1.06	1.463	1.828	4.464	8.601	6.773	3.659	2.327	48.022	0.983034	0.332	0.05053	-5.025	-6.197
SPBC1734.11	mas5	condition-dependent	V	5.746	0.621	0.013	0.578	4.662	11.071	10.494	3.415	2.114	41.777	0.966806	0.364	0.063766	-4.115	-5.287
SPBC1734.12c	alg12	viable	V	2.552	0.264	5.285	5.877	10.153	16.864	10.987	8.848	0.939	7.027	0.992832	0.058	0.032358	-22.537	-23.709
SPBC1734.13	atp3	viable	V	3.501	0.343	-0.0	0.623	5.132	12.206	11.583	3.755	1.288	23.969	0.966695	0.207	0.06329	-9.737	-10.909
SPBC1734.14c	suc1	inviable	E	5.948	0.652	0.968	1.524	5.551	11.87	10.346	4.322	2.188	38.606	0.9985	0.08	0.014657	-19.228	-20.4
SPBC1734.15	rsc4	viable	V	0.309	0.052	0.0	0.364	3.001	7.138	6.773	2.196	0.114	2.781	0.904753	0.036	0.102603	-27.182	-28.353
SPBC1734.16c	pst3	inviable	E	6.335	0.543	2.505	3.217	8.371	16.458	13.241	6.798	2.33	27.046	0.999857	0.022	0.004559	-32.099	-33.271
SPBC1773.01	csc3	viable	V	-0.129	-0.022	-0.0	0.364	3.001	7.138	6.773	2.196	-0.048	-1.162	-0.290918	0.09	0.367237	-18.123	-19.295
SPBC1773.02c	bcp1	viable	V	-0.159	-0.027	0.0	0.364	3.001	7.138	6.773	2.196	-0.058	-1.43	0.283072	0.055	0.311281	-22.93	-24.102
SPBC1773.03c	SPBC1773.03c	viable	V	-0.014	0.002	0.0	0.364	2.999	7.132	6.768	2.194	-0.005	-0.001	-0.370394	0.104	0.445802	-16.646	-17.818
SPBC1773.04	SPBC1773.04	viable	V	0.067	-0.011	0.0	0.364	3.001	7.138	6.774	2.196	0.025	0.003	-0.341922	0.172	0.471149	-11.604	-12.776
SPBC1773.05c	tms1	viable	V	-0.249	0.038	-0.0	0.402	3.313	7.88	7.478	2.424	-0.092	-0.011	-2.659522	0.088	0.613284	-18.269	-19.44
SPBC1773.06c	adh8	viable	V	0.11	-0.007	0.0	0.938	7.726	18.377	17.438	5.654	0.04	0.012	-0.049154	0.124	0.375098	-14.892	-16.064
SPBC1773.07c	sbp1	inviable	E	5.593	0.937	0.091	0.456	3.092	7.229	6.773	2.287	2.058	49.839	0.991463	0.194	0.034441	-10.385	-11.556
SPBC1773.08c	omh4	viable	V	-0.069	-0.011	0.0	0.385	3.174	7.549	7.164	2.323	-0.025	-0.609	0.352311	0.034	0.312584	-27.885	-29.057
SPBC1773.09c	mug184	viable	V	-0.195	0.013	0.0	0.922	7.591	18.057	17.135	5.555	-0.072	-0.02	-0.090128	0.064	0.348189	-21.478	-22.65
SPBC1773.10c	nrs1	inviable	E	6.677	1.119	-0.0	0.364	3.001	7.138	6.773	2.196	2.456	60.068	0.967572	0.436	0.064683	-2.302	-3.474
SPBC1773.11c	mug89	inviable	E	6.598	1.105	-0.0	0.364	3.001	7.138	6.773	2.196	2.427	59.356	0.959772	0.477	0.074764	-1.393	-2.565
SPBC1773.12	SPBC1773.12	viable	V	-0.048	0.003	-0.0	0.926	7.623	18.132	17.206	5.578	-0.018	-0.005	-0.947798	0.096	0.517994	-17.398	-18.57
SPBC1773.13	SPBC1773.13	viable	V	0.16	0.026	0.0	0.38	3.132	7.45	7.07	2.292	0.059	1.417	0.769172	0.036	0.170888	-27.37	-28.541
SPBC1773.14	arg7	viable	V	-0.166	0.011	0.0	0.927	7.633	18.155	17.228	5.586	-0.061	-0.017	-0.062569	0.043	0.368622	-25.436	-26.607
SPBC1773.15	dal52	viable	V	0.369	-0.025	0.0	0.886	7.297	17.357	16.471	5.34	0.136	0.037	-0.235801	0.129	0.434889	-14.467	-15.639
SPBC1773.16c	SPBC1773.16c	viable	V	-0.104	0.007	-0.0	0.945	7.782	18.51	17.565	5.695	-0.038	-0.011	0.004825	0.057	0.373382	-22.69	-23.862
SPBC1773.17c	gor2	viable	V	-0.128	-0.021	0.0	0.364	3.001	7.138	6.773	2.196	-0.047	-1.15	0.007511	0.086	0.379562	-18.515	-19.687
SPBC1778.01c	zuo1	viable	V	6.814	0.563	3.384	4.123	9.465	17.848	13.725	7.834	2.507	23.948	0.970801	0.309	0.060802	-5.75	-6.922
SPBC1778.02	rap1	viable	V	0.425	0.071	0.0	0.364	3.001	7.138	6.773	2.196	0.156	3.827	0.979834	0.023	0.057189	-31.554	-32.726
SPBC1778.03c	SPBC1778.03c	viable	V	-0.069	-0.011	-0.0	0.364	3.001	7.138	6.773	2.196	-0.025	-0.617	-0.290415	0.086	0.402993	-18.553	-19.725
SPBC1778.04	spo6	viable	V	-0.023	-0.001	-0.0	0.945	7.782	18.51	17.565	5.695	-0.008	-0.113	0.020528	0.066	0.331556	-21.184	-22.356
SPBC1778.05c	lam2	viable	V	6.236	0.943	0.483	0.886	3.807	8.391	7.504	2.915	2.294	51.052	0.985871	0.281	0.045407	-6.709	-7.881
SPBC1778.06c	fim1	condition-dependent	V	0.655	0.053	1.456	2.207	7.643	16.172	13.964	5.983	0.241	3.195	0.942879	0.051	0.100255	-23.832	-25.004
SPBC1778.07	SPBC1778.07	viable	V	0.685	0.044	-0.0	0.945	7.782	18.51	17.565	5.695	0.252	3.423	0.881115	0.061	0.119257	-21.998	-23.17
SPBC1778.08c	arc3	inviable	E	6.209	1.04	0.512	0.877	3.513	7.65	6.773	2.708	2.284	52.859	0.913951	0.749	0.11687	3.104	1.932
SPBC1778.09	SPBC1778.09	viable	V	-0.029	0.002	0.0	0.868	7.145	16.995	16.127	5.229	-0.011	-0.003	-1.045458	0.072	0.524909	-20.323	-21.495
SPBC1778.10c	pdk1	viable	V	-0.363	0.024	0.0	0.908	7.479	17.79	16.882	5.473	-0.133	-0.037	0.001927	0.224	0.383841	-8.971	-10.143
SPBC17A3.01c	tim50	inviable	E	6.409	0.886	0.828	1.269	4.464	9.478	8.209	3.489	2.358	48.262	0.993421	0.196	0.030569	-10.315	-11.486
SPBC17A3.02	aim19	viable	V	0.519	0.087	-0.0	0.364	3.001	7.138	6.773	2.196	0.191	4.667	0.599059	0.137	0.213198	-13.903	-15.074
SPBC17A3.03c	siw14	viable	V	0.078	-0.012	0.0	0.412	3.392	8.069	7.657	2.482	0.029	0.004	-0.227627	0.108	0.464528	-16.235	-17.406
SPBC17A3.04c	rar1	inviable	E	5.943	0.996	-0.0	0.364	3.001	7.138	6.773	2.196	2.186	53.463	0.955004	0.456	0.082072	-1.842	-3.014
SPBC17A3.05c	SPBC17A3.05c	viable	V	2.705	0.453	4.67	5.034	7.671	11.808	6.773	6.866	0.995	12.211	0.986003	0.122	0.051178	-15.007	-16.179
SPBC17A3.06	SPBC17A3.06	viable	V	1.92	0.322	3.446	3.81	6.447	10.584	6.773	5.642	0.706	10.879	0.995215	0.052	0.029255	-23.506	-24.678
SPBC17A3.07	pgr1	condition-dependent	E	5.963	0.851	1.827	2.255	5.349	10.203	7.948	4.404	2.194	39.938	0.998844	0.078	0.013496	-19.504	-20.676
SPBC17A3.08	SPBC17A3.08	viable	V	-0.123	-0.016	-0.0	0.461	3.8	9.038	8.576	2.781	-0.045	-1.0	0.213893	0.042	0.332347	-25.81	-26.982
SPBC17A3.09c	aim22	viable	V	4.362	0.545	7.475	7.964	11.499	17.047	9.083	10.42	1.605	7.24	0.983432	0.129	0.048122	-14.46	-15.631
SPBC17A3.10	pas4	viable	V	0.321	0.021	0.0	0.945	7.782	18.51	17.565	5.695	0.118	1.606	0.232887	0.144	0.300941	-13.348	-14.52
SPBC17D1.01	spp41	inviable	E	5.407	0.612	0.293	0.833	4.738	10.865	10.032	3.546	1.989	39.026	0.986355	0.222	0.042115	-9.049	-10.221
SPBC17D1.02	dph2	viable	V	2.561	0.165	0.0	0.945	7.782	18.51	17.565	5.695	0.942	12.801	0.78283	0.345	0.156893	-4.628	-5.8
SPBC17D1.03c	rrp43	inviable	E	5.853	0.639	0.286	0.845	4.893	11.243	10.398	3.657	2.153	41.391	0.988987	0.213	0.03791	-9.475	-10.646
SPBC17D1.05	rhs1	viable	V	0.294	0.019	0.0	0.945	7.782	18.51	17.565	5.695	0.108	1.471	0.771977	0.048	0.17113	-24.455	-25.626
SPBC17D1.06	dbp3	viable	V	2.044	0.342	8.497	8.862	11.498	15.635	6.773	10.693	0.752	2.85	0.984756	0.06	0.045994	-22.054	-23.226
SPBC17D1.07c	npg1	viable	V	-0.092	-0.015	-0.0	0.364	3.0	7.137	6.772	2.196	-0.034	-0.829	0.474286	0.036	0.250026	-27.311	-28.483
SPBC17D11.01	nep1	viable	V	0.126	-0.021	0.0	0.366	3.011	7.163	6.797	2.204	0.046	0.005	-0.566529	0.111	0.475365	-15.961	-17.133
SPBC17D11.02c	hrd1	viable	V	0.301	0.05	-0.0	0.364	3.001	7.138	6.773	2.196	0.111	2.709	0.460539	0.091	0.244141	-18.016	-19.187
SPBC17D11.03c	pxp2	viable	V	0.345	0.058	-0.0	0.364	3.001	7.138	6.773	2.196	0.127	3.1	0.798674	0.06	0.164415	-22.105	-23.277
SPBC17D11.04c	nto1	viable	V	0.846	0.055	-0.0	0.945	7.782	18.51	17.565	5.695	0.311	4.229	0.740167	0.109	0.161335	-16.144	-17.315
SPBC17D11.05	tif301	inviable	E	7.306	1.224	-0.0	0.364	3.001	7.138	6.773	2.196	2.688	65.724	0.905683	0.8	0.107476	3.765	2.593
SPBC17D11.06	spp2	inviable	E	6.464	1.083	0.603	0.968	3.604	7.741	6.773	2.799	2.378	54.468	0.992292	0.22	0.033136	-9.16	-10.332
SPBC17D11.07c	rpn2	inviable	E	6.69	1.121	0.44	0.804	3.441	7.578	6.773	2.636	2.461	57.412	0.943168	0.624	0.085873	1.279	0.107
SPBC17D11.08	dca7	viable	V	-0.372	0.055	-0.0	0.416	3.422	8.14	7.725	2.504	-0.137	-0.017	-0.019798	0.106	0.364049	-16.449	-17.621
SPBC17F3.01c	rga5	viable	V	-0.128	-0.008	-0.0	0.945	7.782	18.51	17.565	5.695	-0.047	-0.641	0.239063	0.081	0.293806	-19.086	-20.257
SPBC17F3.02	nak1	inviable	E	6.136	0.82	-0.0	0.457	3.76	8.944	8.487	2.752	2.257	50.122	0.96121	0.431	0.06935	-2.423	-3.594
SPBC17G9.02c	cdc73	viable	V	4.122	0.283	0.932	1.82	8.245	18.328	16.508	6.284	1.516	19.014	0.976638	0.169	0.053783	-11.789	-12.961
SPBC17G9.03c	krs1	inviable	E	5.619	0.941	-0.0	0.364	3.001	7.138	6.773	2.196	2.067	50.546	0.872499	0.701	0.134306	2.447	1.275
SPBC17G9.04c	nup85	inviable	E	6.756	0.648	0.65	1.287	5.893	13.12	11.833	4.486	2.485	41.915	0.995486	0.149	0.024741	-13.05	-14.222
SPBC17G9.05	rct1	inviable	V	4.288	0.34	2.873	3.642	9.21	17.948	14.306	7.511	1.578	16.079	0.956914	0.248	0.076918	-7.925	-9.097
SPBC17G9.06c	sib3	viable	Not_determined	-0.246	0.016	0.0	0.926	7.625	18.136	17.21	5.58	-0.091	-0.026	-0.087329	0.196	0.372514	-10.28	-11.452
SPBC17G9.08c	cnt5	viable	V	0.265	0.044	-0.0	0.364	3.001	7.138	6.773	2.196	0.098	2.388	0.727614	0.048	0.193807	-24.352	-25.524
SPBC17G9.09	tif213	viable	V	7.371	1.235	-0.0	0.364	3.001	7.138	6.773	2.196	2.712	66.304	0.939414	0.651	0.090912	1.715	0.543
SPBC17G9.11c	pyr1	inviable	E	6.366	1.066	-0.0	0.364	3.001	7.138	6.773	2.196	2.342	57.265	0.928823	0.604	0.095134	0.958	-0.213
SPBC17G9.12c	SPBC17G9.12c	viable	V	-0.005	-0.001	0.0	0.423	3.487	8.294	7.87	2.552	-0.002	-0.042	0.021838	0.018	0.342691	-34.274	-35.446
SPBC17G9.13c	cup1	inviable	E	7.406	1.07	8.529	8.952	12.009	16.807	7.855	11.076	2.724	8.994	0.99291	0.133	0.031896	-14.188	-15.36
SPBC1815.01	eno101	viable	V	6.602	1.106	-0.0	0.364	3.001	7.138	6.773	2.196	2.429	59.385	0.989011	0.257	0.039275	-7.583	-8.755
SPBC1826.01c	mot1	inviable	E	6.112	0.98	0.715	1.096	3.851	8.174	7.078	3.01	2.249	49.937	0.991729	0.215	0.034237	-9.387	-10.558
SPBC1861.01c	cnp3	viable	V	4.249	0.487	3.258	3.791	7.646	13.694	9.904	6.469	1.563	19.685	0.999402	0.035	0.009685	-27.482	-28.654
SPBC1861.02	abp2	viable	V	1.622	0.118	1.42	2.256	8.301	17.786	15.53	6.455	0.597	7.301	0.928129	0.123	0.106421	-14.989	-16.16
SPBC1861.03	naa35	viable	V	0.321	0.025	-0.0	0.772	6.354	15.113	14.342	4.65	0.118	1.887	0.610462	0.062	0.242145	-21.769	-22.941
SPBC1861.04c	prp24	inviable	E	7.318	0.905	1.247	1.74	5.312	10.917	9.177	4.222	2.692	49.128	0.999107	0.08	0.011654	-19.294	-20.466
SPBC1861.05	SPBC1861.05	condition-dependent	V	5.529	0.798	4.371	4.794	7.853	12.653	7.859	6.919	2.034	24.162	0.999789	0.029	0.005874	-29.403	-30.575
SPBC1861.06c	mug131	viable	V	0.021	-0.004	0.0	0.364	3.001	7.138	6.773	2.196	0.008	0.001	-1.425346	0.125	0.572034	-14.818	-15.99
SPBC1861.07	elc1	viable	V	0.221	-0.015	0.0	0.926	7.625	18.137	17.211	5.58	0.081	0.023	-0.006493	0.065	0.320126	-21.385	-22.557
SPBC1861.08c	lea1	inviable	E	5.775	0.883	0.844	1.243	4.133	8.667	7.423	3.251	2.125	45.515	0.999044	0.068	0.012132	-20.835	-22.006
SPBC1861.09	ppk22	viable	V	-0.015	-0.002	0.0	0.364	3.001	7.138	6.773	2.196	-0.005	-0.131	-0.299872	0.018	0.384738	-34.343	-35.515
SPBC18A7.01	xpa1	viable	V	-0.003	0.0	0.0	0.364	3.001	7.137	6.773	2.196	-0.001	-0.0	-1.969867	0.125	0.55417	-14.775	-15.947
SPBC18A7.02c	SPBC18A7.02c	viable	V	-0.058	0.004	0.0	0.923	7.596	18.068	17.146	5.559	-0.021	-0.006	-0.893731	0.115	0.547448	-15.631	-16.803
SPBC18E5.02c	lcb1	inviable	E	6.073	1.017	0.444	0.808	3.445	7.582	6.773	2.64	2.234	52.092	0.996502	0.137	0.022388	-13.852	-15.024
SPBC18E5.03c	sim4	inviable	E	7.383	0.75	4.073	4.674	9.019	15.837	11.163	7.692	2.716	26.595	0.99994	0.017	0.003031	-34.653	-35.824
SPBC18E5.05c	elp5	viable	V	7.293	0.537	1.899	2.728	8.726	18.138	15.41	6.895	2.683	30.563	0.972587	0.323	0.05776	-5.296	-6.468
SPBC18E5.07	aim21	viable	V	-0.01	0.002	0.0	0.364	3.001	7.138	6.773	2.196	-0.004	-0.0	-1.141374	0.104	0.573484	-16.598	-17.769
SPBC18E5.09c	SPBC18E5.09c	viable	V	-0.382	0.052	0.0	0.445	3.663	8.714	8.269	2.681	-0.141	-0.019	-0.748539	0.074	0.507406	-20.026	-21.198
SPBC18E5.10	SPBC18E5.10	viable	V	-0.031	0.002	0.0	0.823	6.777	16.12	15.297	4.96	-0.011	-0.003	-0.411158	0.056	0.430718	-22.825	-23.997
SPBC18E5.11c	edc3	viable	V	1.092	0.071	0.0	0.945	7.782	18.51	17.565	5.695	0.402	5.46	0.90214	0.095	0.10363	-17.579	-18.751
SPBC18E5.12c	mas2	inviable	E	6.715	1.004	0.833	1.242	4.197	8.834	7.592	3.295	2.47	52.452	0.999063	0.078	0.011957	-19.475	-20.646
SPBC18H10.02	lcf1	viable	V	0.664	0.111	-0.0	0.364	3.001	7.138	6.773	2.196	0.244	5.971	0.814986	0.109	0.13835	-16.15	-17.321
SPBC18H10.05	SPBC18H10.05	viable	V	-0.271	0.017	0.0	0.945	7.782	18.51	17.565	5.695	-0.1	-0.029	-0.255347	0.042	0.47314	-25.788	-26.96
SPBC18H10.06c	swd2	viable	V	0.939	0.143	3.181	3.581	6.471	11.007	7.426	5.589	0.345	5.291	0.996077	0.023	0.026577	-31.658	-32.83
SPBC18H10.07	wbp4	viable	V	1.097	0.184	4.756	5.12	7.756	11.893	6.773	6.952	0.404	4.865	0.943564	0.101	0.109349	-16.89	-18.062
SPBC18H10.08c	ubp4	viable	V	-0.482	0.07	0.0	0.42	3.46	8.229	7.809	2.532	-0.177	-0.023	-0.284348	0.052	0.380134	-23.477	-24.649
SPBC18H10.09	SPBC18H10.09	viable	V	0.215	0.036	-0.0	0.364	3.001	7.138	6.773	2.196	0.079	1.933	-0.278843	0.168	0.428594	-11.837	-13.009
SPBC18H10.10c	saf4	viable	V	-0.369	0.053	0.0	0.426	3.507	8.341	7.916	2.566	-0.136	-0.018	-0.477305	0.12	0.454413	-15.168	-16.339
SPBC18H10.11c	ppr2	viable	V	0.832	0.139	4.482	4.846	7.483	11.62	6.773	6.678	0.306	3.903	0.991895	0.029	0.037735	-29.477	-30.648
SPBC18H10.12c	rpl701	inviable	E	8.957	0.586	0.203	1.135	7.883	18.47	17.335	5.823	3.295	44.038	0.946251	0.554	0.079446	0.094	-1.078
SPBC18H10.14	rps1601	condition-dependent	E	6.808	0.95	-0.0	0.438	3.603	8.571	8.133	2.637	2.504	56.738	0.973203	0.403	0.059069	-3.088	-4.259
SPBC18H10.15	cdk11	viable	V	0.02	-0.003	0.0	0.364	3.001	7.138	6.773	2.196	0.008	0.001	-2.403141	0.075	0.661815	-19.843	-21.015
SPBC18H10.16	vhc1	viable	V	-0.004	0.0	0.0	0.945	7.782	18.51	17.565	5.695	-0.001	-0.0	-1.304006	0.076	0.620992	-19.802	-20.973
SPBC18H10.17c	mhr1	inviable	E	5.051	0.846	4.346	4.711	7.347	11.484	6.773	6.542	1.858	24.321	0.977341	0.281	0.06091	-6.695	-7.866
SPBC18H10.18c	SPBC18H10.18c	viable	V	-0.017	0.003	0.0	0.364	3.001	7.138	6.773	2.196	-0.006	-0.001	-0.089762	0.213	0.336852	-9.486	-10.657
SPBC18H10.19	vps38	viable	V	0.137	-0.021	0.0	0.393	3.238	7.702	7.308	2.369	0.05	0.006	-0.053366	0.292	0.338356	-6.298	-7.47
SPBC18H10.20c	any1	viable	V	5.041	0.495	-0.0	0.622	5.122	12.182	11.56	3.748	1.854	34.551	0.982674	0.219	0.046891	-9.203	-10.374
SPBC1921.02	rad60	inviable	E	7.911	0.652	1.771	2.512	7.871	16.281	13.769	6.235	2.91	37.1	0.996977	0.128	0.020521	-14.534	-15.706
SPBC1921.03c	mex67	viable	V	2.746	0.177	0.0	0.945	7.782	18.51	17.565	5.695	1.01	13.725	0.953396	0.156	0.073291	-12.563	-13.734
SPBC1921.04c	SPBC1921.04c	viable	V	-0.598	0.077	0.0	0.477	3.928	9.344	8.867	2.875	-0.22	-0.032	-0.029292	0.094	0.329085	-17.632	-18.804
SPBC1921.05	ape2	viable	V	0.032	-0.005	0.0	0.364	3.001	7.138	6.773	2.196	0.012	0.001	-1.095365	0.093	0.625653	-17.728	-18.899
SPBC1921.06c	pvg3	viable	V	-0.187	-0.031	-0.0	0.364	3.001	7.138	6.773	2.196	-0.069	-1.68	-0.205006	0.138	0.457457	-13.827	-14.999
SPBC1921.07c	sgf29	viable	V	0.453	0.053	0.0	0.525	4.324	10.284	9.759	3.164	0.167	3.441	0.911874	0.054	0.112394	-23.26	-24.432
SPBC19C2.01	cdc28	inviable	E	6.67	1.117	0.779	1.144	3.78	7.917	6.773	2.975	2.454	55.071	0.998688	0.094	0.014091	-17.662	-18.834
SPBC19C2.02	pmt1	viable	V	2.485	0.416	9.141	9.506	12.142	16.279	6.773	11.337	0.914	2.509	0.875462	0.184	0.131166	-10.927	-12.098
SPBC19C2.03	rpc10	inviable	E	7.296	1.222	0.984	1.349	3.985	8.122	6.773	3.18	2.684	58.791	0.996584	0.168	0.023794	-11.83	-13.002
SPBC19C2.04c	ubp11	viable	V	0.341	0.031	0.0	0.664	5.47	13.01	12.346	4.003	0.125	2.237	0.813311	0.041	0.14151	-25.864	-27.036
SPBC19C2.05	pat1	inviable	E	9.916	0.852	2.947	3.657	8.796	16.859	13.201	7.227	3.648	39.143	0.999903	0.028	0.003779	-29.779	-30.951
SPBC19C2.06c	mug124	viable	V	0.039	0.007	-0.0	0.364	3.001	7.138	6.773	2.196	0.014	0.354	0.006937	0.035	0.347181	-27.505	-28.677
SPBC19C2.07	fba1	inviable	E	6.528	1.094	-0.0	0.364	3.001	7.138	6.773	2.196	2.402	58.726	0.978822	0.354	0.055459	-4.388	-5.56
SPBC19C2.08	prp38	inviable	E	10.349	0.707	0.842	1.736	8.201	18.345	16.61	6.227	3.807	48.137	0.963042	0.53	0.065791	-0.34	-1.511
SPBC19C2.09	sre1	viable	V	0.197	0.033	1.226	1.59	4.227	8.364	6.773	3.422	0.072	1.541	0.504323	0.086	0.263357	-18.582	-19.753
SPBC19C2.10	SPBC19C2.10	viable	V	-0.008	0.001	0.0	0.364	3.001	7.138	6.773	2.196	-0.003	-0.0	-1.074564	0.119	0.583035	-15.291	-16.463
SPBC19C2.11c	mdm34	inviable	E	7.791	1.173	4.776	5.182	8.116	12.719	7.537	7.22	2.866	32.142	0.998391	0.112	0.016082	-15.936	-17.108
SPBC19C2.12	mrpl51	inviable	E	5.65	0.947	4.375	4.739	7.376	11.513	6.773	6.571	2.079	27.052	0.97979	0.309	0.062224	-5.736	-6.908
SPBC19C2.13c	ctu2	viable	V	2.363	0.174	0.734	1.562	7.551	16.948	15.386	5.722	0.869	11.895	0.968531	0.121	0.063431	-15.133	-16.305
SPBC19C2.14	smd3	viable	Not_determined	7.114	1.192	0.301	0.666	3.302	7.439	6.773	2.497	2.617	61.994	0.996077	0.169	0.023725	-11.758	-12.929
SPBC19C2.15c	phs1	inviable	E	6.181	0.941	2.263	2.665	5.567	10.121	7.456	4.681	2.274	40.168	0.998942	0.079	0.013147	-19.373	-20.545
SPBC19C7.01	mni1	viable	V	-0.073	0.012	0.0	0.364	3.001	7.138	6.773	2.196	-0.027	-0.003	-0.083425	0.106	0.381092	-16.485	-17.656
SPBC19C7.02	ubr1	viable	V	2.319	0.389	0.192	0.557	3.193	7.33	6.773	2.388	0.853	20.447	0.95826	0.183	0.073045	-10.972	-12.144
SPBC19C7.03	cyr1	viable	V	3.545	0.264	0.691	1.511	7.446	16.758	15.247	5.634	1.304	18.086	0.949225	0.234	0.08033	-8.535	-9.706
SPBC19C7.06	prs1	inviable	E	6.435	1.078	-0.0	0.364	3.001	7.138	6.773	2.196	2.367	57.89	0.944668	0.553	0.090616	0.08	-1.092
SPBC19C7.07c	sen34	inviable	E	6.88	0.81	0.201	0.719	4.469	10.352	9.633	3.324	2.531	51.397	0.982663	0.322	0.047159	-5.328	-6.499
SPBC19C7.08c	ppm2	viable	V	0.694	0.116	2.324	2.688	5.325	9.462	6.773	4.52	0.255	4.686	0.272463	0.48	0.330762	-1.341	-2.513
SPBC19C7.09c	uve1	viable	V	0.239	-0.015	0.0	0.941	7.744	18.421	17.48	5.667	0.088	0.025	-0.12072	0.052	0.366204	-23.636	-24.807
SPBC19C7.10	bqt4	viable	V	0.014	0.001	0.0	0.897	7.383	17.561	16.664	5.403	0.005	0.073	0.01639	0.141	0.320417	-13.614	-14.786
SPBC19C7.11	SPBC19C7.11	viable	V	-0.833	-0.14	1.211	1.576	4.212	8.349	6.773	3.407	-0.306	-6.529	0.756718	0.204	0.200332	-9.88	-11.051
SPBC19C7.12c	omh1	viable	V	0.224	0.037	-0.0	0.364	3.001	7.138	6.773	2.196	0.082	2.012	-0.167308	0.15	0.375205	-12.966	-14.137
SPBC19F5.01c	puc1	viable	V	-0.001	0.0	0.0	0.364	3.001	7.137	6.773	2.196	-0.001	-0.0	-0.922698	0.153	0.553441	-12.753	-13.925
SPBC19F5.02c	utp4	inviable	E	6.049	1.013	0.384	0.749	3.385	7.522	6.773	2.58	2.225	52.233	0.996059	0.145	0.024041	-13.293	-14.464
SPBC19F5.03	sac11	inviable	E	6.439	0.859	0.609	1.067	4.379	9.575	8.508	3.368	2.369	48.924	0.995739	0.155	0.024469	-12.616	-13.787
SPBC19F5.04	hom3	inviable	E	6.594	1.105	0.088	0.453	3.089	7.226	6.773	2.284	2.426	58.773	0.982395	0.332	0.049105	-5.028	-6.199
SPBC19F5.05c	ppp1	inviable	E	5.676	0.951	0.466	0.831	3.467	7.604	6.773	2.662	2.088	48.573	0.994957	0.155	0.028362	-12.627	-13.799
SPBC19F8.01c	spn7	viable	V	-0.01	0.002	0.0	0.364	3.001	7.137	6.773	2.196	-0.004	-0.0	-1.505552	0.089	0.54277	-18.19	-19.361
SPBC19F8.03c	yap18	viable	V	-0.643	0.061	0.0	0.643	5.298	12.602	11.959	3.877	-0.237	-0.047	-0.036542	0.093	0.358114	-17.701	-18.873
SPBC19F8.04c	lcl3	viable	V	0.2	0.034	1.207	1.571	4.207	8.344	6.773	3.403	0.074	1.57	0.494017	0.106	0.264476	-16.413	-17.585
SPBC19F8.05	mrps26	inviable	E	8.718	0.844	5.151	5.781	10.343	17.502	11.721	8.951	3.207	23.547	0.980469	0.307	0.0511	-5.82	-6.992
SPBC19F8.06c	meu22	viable	V	0.486	-0.033	0.0	0.9	7.411	17.628	16.728	5.424	0.179	0.049	-0.031437	0.119	0.34653	-15.269	-16.441
SPBC19F8.07	mcs6	inviable	E	6.128	0.567	3.425	4.085	8.86	16.352	12.267	7.402	2.254	23.396	0.996946	0.098	0.021361	-17.186	-18.358
SPBC19F8.08	rps401	viable	V	3.187	0.301	0.228	0.875	5.553	12.894	12.02	4.125	1.172	20.682	0.988817	0.11	0.037909	-16.065	-17.236
SPBC19G7.01c	msh2	viable	V	1.047	0.173	8.196	8.565	11.238	15.433	6.868	10.422	0.385	1.651	0.968985	0.05	0.062351	-23.981	-25.153
SPBC19G7.02	abz2	viable	V	1.857	0.24	7.758	8.23	11.64	16.992	8.762	10.599	0.683	2.854	0.946053	0.093	0.083051	-17.759	-18.93
SPBC19G7.03c	rps3002	viable	V	-0.019	0.002	0.0	0.735	6.055	14.401	13.666	4.431	-0.007	-0.002	-0.258065	0.191	0.367954	-10.537	-11.709
SPBC19G7.04	SPBC19G7.04	viable	V	0.828	-0.053	-0.0	0.945	7.782	18.51	17.565	5.695	0.304	0.088	-0.507927	0.123	0.42928	-14.939	-16.111
SPBC19G7.05c	bgs1	inviable	E	7.676	0.753	1.123	1.745	6.248	13.312	11.567	4.873	2.824	45.275	0.990485	0.247	0.037462	-7.972	-9.144
SPBC19G7.06	mbx1	viable	V	0.224	0.037	0.0	0.365	3.001	7.138	6.773	2.196	0.082	2.012	0.176077	0.166	0.348338	-11.948	-13.12
SPBC19G7.07c	ppr3	viable	V	3.481	0.583	1.498	1.863	4.499	8.636	6.773	3.694	1.28	26.302	0.826992	0.636	0.157387	1.479	0.308
SPBC19G7.08c	art1	viable	V	0.549	0.047	3.906	4.613	9.725	17.745	13.132	8.164	0.202	1.798	0.868743	0.065	0.125576	-21.365	-22.537
SPBC19G7.09	ulp1	viable	V	4.694	0.425	4.432	5.106	9.986	17.643	12.537	8.496	1.727	14.229	0.992795	0.104	0.03157	-16.622	-17.794
SPBC19G7.10c	pdc2	viable	V	4.008	0.395	0.843	1.462	5.939	12.966	11.504	4.572	1.474	24.688	0.995673	0.088	0.024756	-18.351	-19.523
SPBC19G7.13	tbf1	inviable	E	7.9	0.564	0.166	1.021	7.203	16.903	15.882	5.316	2.906	41.96	0.953693	0.476	0.078522	-1.428	-2.6
SPBC19G7.14c	cog5	inviable	E	6.949	0.635	1.848	2.516	7.351	14.938	12.421	5.875	2.557	34.847	0.989633	0.221	0.039328	-9.107	-10.279
SPBC19G7.15	nup44	inviable	E	7.52	0.702	0.519	1.173	5.904	13.328	12.155	4.46	2.766	46.616	0.991778	0.221	0.032814	-9.078	-10.25
SPBC19G7.16	iws1	viable	V	6.083	0.443	1.741	2.58	8.648	18.169	15.589	6.795	2.238	25.92	0.972778	0.276	0.06056	-6.89	-8.062
SPBC19G7.17	ssh1	viable	V	2.846	0.225	2.849	3.62	9.199	17.952	14.332	7.496	1.047	10.701	0.979834	0.107	0.051861	-16.321	-17.493
SPBC19G7.19	tom5	unknown	Not_determined	1.206	-0.078	0.0	0.945	7.782	18.51	17.565	5.695	0.444	0.129	-0.390017	0.169	0.421706	-11.772	-12.944
SPBC1A4.01	apc10	inviable	E	6.124	0.834	2.822	3.27	6.514	11.605	8.335	5.524	2.253	34.281	0.996459	0.138	0.023993	-13.78	-14.952
SPBC1A4.02c	leu1	viable	V	-0.482	0.067	0.0	0.44	3.621	8.613	8.173	2.65	-0.177	-0.024	-0.200657	0.082	0.387865	-18.983	-20.154
SPBC1A4.03c	top2	inviable	E	6.05	1.014	1.343	1.708	4.344	8.481	6.773	3.539	2.226	46.633	0.998118	0.104	0.017392	-16.597	-17.768
SPBC1A4.04	SPBC1A4.04	viable	V	-0.121	0.019	0.0	0.386	3.181	7.566	7.18	2.328	-0.044	-0.005	-0.042974	0.214	0.365925	-9.415	-10.586
SPBC1A4.05	blt1	viable	V	-0.036	0.002	-0.0	0.928	7.639	18.17	17.242	5.59	-0.013	-0.004	-0.901649	0.09	0.610495	-18.04	-19.212
SPBC1A4.06c	tam41	inviable	E	7.945	0.856	6.2	6.766	10.865	17.297	10.53	9.614	2.923	17.678	0.999622	0.039	0.007507	-26.485	-27.657
SPBC1A4.07c	sof1	inviable	E	6.319	0.971	0.055	0.453	3.327	7.838	7.385	2.45	2.325	54.618	0.981705	0.319	0.048454	-5.43	-6.601
SPBC1A4.08c	cct3	inviable	E	6.61	1.107	0.087	0.452	3.088	7.225	6.773	2.283	2.432	58.925	0.980897	0.347	0.051382	-4.58	-5.752
SPBC1A4.09	pus7	viable	V	4.188	0.548	4.495	4.962	8.338	13.636	8.674	7.307	1.541	16.664	0.999987	0.005	0.00147	-46.488	-47.659
SPBC1A4.10c	med14	inviable	E	5.213	0.434	3.305	4.039	9.344	17.668	13.63	7.724	1.918	18.714	0.998096	0.062	0.016718	-21.857	-23.028
SPBC1A4.11c	SPBC1A4.11c	inviable	E	6.718	0.819	1.573	2.074	5.696	11.381	9.307	4.59	2.471	42.721	0.996724	0.139	0.022707	-13.707	-14.879
SPBC1D7.01	pfd1	viable	V	0.364	-0.024	0.0	0.941	7.748	18.429	17.488	5.67	0.134	0.039	0.020441	0.08	0.317606	-19.292	-20.464
SPBC1D7.02c	scr1	viable	Not_determined	0.467	0.078	-0.0	0.364	3.001	7.138	6.773	2.196	0.172	4.203	-0.02904	0.303	0.412004	-5.946	-7.118
SPBC1D7.04	mlo3	viable	V	4.685	0.346	1.941	2.768	8.747	18.13	15.363	6.922	1.724	19.546	0.997696	0.06	0.017673	-22.055	-23.227
SPBC1D7.05	byr2	viable	V	-0.004	0.001	-0.0	0.363	2.993	7.118	6.755	2.19	-0.001	-0.0	-1.438219	0.166	0.518377	-11.965	-13.137
SPBC1E8.02	SPBC1E8.02	viable	V	-0.375	0.055	0.0	0.417	3.43	8.158	7.741	2.51	-0.138	-0.018	-1.39665	0.078	0.531725	-19.558	-20.729
SPBC1E8.03c	SPBC1E8.03c	viable	V	-0.02	-0.003	0.0	0.422	3.477	8.271	7.849	2.545	-0.007	-0.166	0.086194	0.037	0.351243	-26.906	-28.078
SPBC1E8.04	Tf2-10	unknown	Not_determined	0.946	0.076	-0.0	0.756	6.229	14.816	14.059	4.558	0.348	5.65	0.759396	0.149	0.183239	-13.052	-14.224
SPBC20F10.01	gar1	inviable	E	6.771	1.134	0.701	1.065	3.701	7.838	6.773	2.897	2.491	56.419	0.97112	0.458	0.068462	-1.815	-2.986
SPBC20F10.02c	SPBC20F10.02c	viable	V	-0.164	0.023	0.0	0.428	3.525	8.386	7.957	2.58	-0.06	-0.008	-1.372699	0.062	0.523777	-21.753	-22.925
SPBC20F10.03	SPBC20F10.03	viable	V	-0.09	0.011	-0.0	0.516	4.249	10.107	9.591	3.109	-0.033	-0.005	-0.387831	0.064	0.483993	-21.506	-22.678
SPBC20F10.04c	nse4	inviable	E	6.453	0.698	2.569	3.134	7.216	13.623	10.489	5.97	2.374	32.455	0.999123	0.065	0.011587	-21.342	-22.514
SPBC20F10.05	nrl1	viable	V	-0.014	0.001	0.0	0.663	5.463	12.994	12.33	3.998	-0.005	-0.001	-2.711312	0.074	0.61253	-20.104	-21.276
SPBC20F10.06	mad2	viable	V	-0.414	0.065	0.0	0.386	3.179	7.562	7.176	2.327	-0.152	-0.018	-0.24735	0.095	0.41722	-17.526	-18.697
SPBC20F10.07	ltc1	viable	V	-0.556	0.068	0.0	0.499	4.104	9.763	9.264	3.004	-0.205	-0.031	-0.076714	0.077	0.356134	-19.649	-20.821
SPBC20F10.08c	rtp1	inviable	E	6.399	0.816	1.052	1.531	4.994	10.428	8.898	3.937	2.354	44.881	0.999242	0.065	0.010611	-21.359	-22.531
SPBC20F10.10	psl1	viable	V	0.371	0.062	-0.0	0.364	3.001	7.138	6.773	2.196	0.137	3.342	0.878254	0.046	0.128008	-24.718	-25.889
SPBC21.01	mis17	inviable	E	7.26	0.696	3.41	4.047	8.653	15.88	11.834	7.247	2.671	28.602	0.999665	0.04	0.007129	-26.142	-27.314
SPBC21.02	rtc5	viable	V	0.021	-0.004	0.0	0.364	3.001	7.138	6.774	2.196	0.008	0.001	-1.084553	0.094	0.600475	-17.615	-18.787
SPBC21.03c	SPBC21.03c	viable	V	0.24	-0.017	0.0	0.853	7.023	16.705	15.852	5.139	0.088	0.023	-0.385673	0.101	0.443338	-16.962	-18.134
SPBC21.04	med8	inviable	E	5.91	0.512	3.945	4.649	9.744	17.738	13.089	8.188	2.174	19.24	0.993012	0.132	0.031143	-14.277	-15.448
SPBC21.05c	ral2	viable	V	0.015	-0.001	0.0	0.622	5.117	12.172	11.551	3.745	0.005	0.001	-0.114564	0.246	0.362104	-8.015	-9.187
SPBC21.06c	cdc7	inviable	E	6.068	0.924	2.112	2.513	5.412	9.961	7.448	4.527	2.232	40.34	0.998201	0.101	0.017041	-16.894	-18.066
SPBC21.07c	ppk24	viable	V	0.296	-0.019	0.0	0.939	7.734	18.395	17.456	5.659	0.109	0.031	0.00076	0.077	0.340677	-19.596	-20.768
SPBC211.01	rsm10	inviable	E	6.254	0.814	3.987	4.457	7.852	13.18	8.723	6.815	2.301	27.526	0.992376	0.187	0.034382	-10.786	-11.958
SPBC211.02c	cwf3	inviable	E	6.192	0.761	1.178	1.675	5.267	10.904	9.229	4.17	2.278	41.83	0.998595	0.084	0.014617	-18.722	-19.894
SPBC211.03c	gea1	inviable	E	6.64	1.112	0.049	0.414	3.05	7.187	6.773	2.245	2.443	59.426	0.986431	0.292	0.043123	-6.313	-7.485
SPBC211.04c	mcm6	inviable	E	5.502	0.922	-0.0	0.364	3.001	7.138	6.773	2.196	2.024	49.493	0.970949	0.348	0.060294	-4.545	-5.716
SPBC211.06	gfh1	viable	V	-0.007	0.001	0.0	0.364	3.001	7.138	6.773	2.196	-0.003	-0.0	-3.02194	0.08	0.645682	-19.249	-20.421
SPBC215.01	gyp4	viable	V	-0.007	0.001	-0.0	0.364	2.994	7.121	6.757	2.191	-0.003	-0.0	-1.94087	0.108	0.717377	-16.226	-17.398
SPBC215.03c	csn1	viable	V	1.968	0.278	0.0	0.433	3.563	8.476	8.043	2.608	0.724	16.484	0.985967	0.085	0.043209	-18.601	-19.773
SPBC215.04	git11	viable	V	1.439	0.122	2.385	3.106	8.32	16.502	13.396	6.728	0.529	6.218	0.994262	0.032	0.029401	-28.341	-29.513
SPBC215.05	gpd1	viable	V	0.598	0.1	0.0	0.364	3.001	7.138	6.773	2.196	0.22	5.381	0.939503	0.058	0.087754	-22.487	-23.659
SPBC215.06c	SPBC215.06c	viable	V	-0.156	0.022	0.0	0.436	3.589	8.536	8.101	2.626	-0.058	-0.008	-2.340274	0.068	0.600837	-20.81	-21.982
SPBC215.07c	pdp2	viable	V	0.591	-0.038	0.0	0.945	7.782	18.51	17.565	5.695	0.217	0.063	-0.023633	0.209	0.328606	-9.67	-10.842
SPBC215.08c	arg4	viable	V	-0.004	0.001	0.0	0.363	2.991	7.113	6.75	2.188	-0.002	-0.0	-1.437622	0.058	0.618876	-22.55	-23.722
SPBC215.09c	erg10	inviable	E	6.5	0.832	0.506	0.983	4.435	9.852	8.869	3.381	2.391	48.957	0.994204	0.181	0.028242	-11.113	-12.284
SPBC215.10	odr1	viable	V	-0.026	0.002	0.0	0.726	5.98	14.225	13.498	4.376	-0.009	-0.002	-0.960075	0.065	0.525188	-21.396	-22.567
SPBC215.11c	SPBC215.11c	viable	V	-0.346	0.023	0.0	0.909	7.482	17.798	16.889	5.476	-0.127	-0.036	0.000598	0.102	0.345929	-16.823	-17.995
SPBC215.12	cwf10	inviable	E	6.559	1.099	0.664	1.028	3.665	7.802	6.773	2.86	2.413	54.883	0.996634	0.147	0.02231	-13.15	-14.322
SPBC215.13	mtl3	viable	V	-0.066	0.011	0.0	0.364	3.001	7.138	6.773	2.196	-0.024	-0.003	-0.049414	0.179	0.355416	-11.196	-12.368
SPBC215.15	sec13	condition-dependent	Not_determined	6.2	1.039	-0.0	0.364	3.001	7.138	6.773	2.196	2.281	55.772	0.951037	0.503	0.07983	-0.881	-2.053
SPBC216.01c	psy2	viable	V	0.391	0.066	-0.0	0.364	3.001	7.138	6.773	2.196	0.144	3.522	0.710288	0.08	0.173638	-19.317	-20.488
SPBC216.02	num1	viable	V	12.48	2.091	9.273	9.637	12.274	16.411	6.773	11.469	4.591	11.706	0.991473	0.251	0.03654	-7.825	-8.996
SPBC216.04c	mxr2	viable	V	0.129	-0.008	0.0	0.937	7.714	18.348	17.411	5.645	0.047	0.014	0.026743	0.037	0.334004	-26.859	-28.03
SPBC216.05	rad3	viable	V	0.949	0.159	3.822	4.186	6.822	10.959	6.773	6.018	0.349	5.037	0.949316	0.087	0.098161	-18.377	-19.548
SPBC216.06c	swi1	viable	V	1.036	0.174	0.52	0.884	3.52	7.657	6.773	2.716	0.381	8.811	0.892369	0.141	0.122243	-13.602	-14.774
SPBC216.07c	tor2	inviable	E	6.557	1.098	-0.0	0.364	3.001	7.138	6.773	2.196	2.412	58.98	0.987134	0.276	0.042646	-6.879	-8.051
SPBC21B10.02	SPBC21B10.02	viable	V	-0.366	0.052	0.0	0.426	3.509	8.348	7.921	2.568	-0.135	-0.018	-0.102315	0.085	0.405817	-18.673	-19.844
SPBC21B10.03c	ath1	viable	V	0.297	0.027	0.0	0.66	5.433	12.922	12.262	3.976	0.109	1.956	0.843579	0.043	0.145209	-25.402	-26.574
SPBC21B10.05c	wat1	viable	V	2.875	0.397	0.539	0.98	4.175	9.188	8.208	3.2	1.058	22.433	0.997179	0.057	0.020371	-22.687	-23.858
SPBC21B10.06c	inp2	viable	V	-0.178	0.012	0.0	0.932	7.677	18.261	17.328	5.618	-0.065	-0.019	-0.03547	0.11	0.42481	-16.032	-17.204
SPBC21B10.07	crr1	viable	V	-0.186	0.026	0.0	0.441	3.631	8.636	8.195	2.657	-0.068	-0.009	-0.794243	0.092	0.476375	-17.866	-19.038
SPBC21B10.08c	SPBC21B10.08c	viable	V	-0.553	0.078	0.0	0.434	3.572	8.496	8.062	2.614	-0.204	-0.027	-0.04732	0.074	0.368682	-20.023	-21.194
SPBC21B10.09	SPBC21B10.09	viable	V	-0.03	0.003	0.0	0.543	4.473	10.639	10.096	3.273	-0.011	-0.002	-1.135891	0.061	0.553926	-21.98	-23.152
SPBC21B10.10	rps402	viable	V	6.629	0.639	5.101	5.735	10.319	17.512	11.777	8.919	2.439	18.056	0.962878	0.32	0.068914	-5.382	-6.554
SPBC21B10.12	rec6	viable	V	0.119	-0.01	0.0	0.742	6.108	14.528	13.786	4.47	0.044	0.01	-0.730908	0.092	0.496082	-17.83	-19.002
SPBC21B10.13c	yox1	viable	V	0.885	0.057	-0.0	0.945	7.782	18.51	17.565	5.695	0.326	4.423	0.8958	0.073	0.104978	-20.222	-21.393
SPBC21B10.14	kgd4	viable	Not_determined	-0.042	0.007	-0.0	0.364	3.001	7.138	6.773	2.196	-0.015	-0.002	-0.018972	0.2	0.321317	-10.117	-11.289
SPBC21B10.15	SPBC21B10.15	viable	Not_determined	0.944	0.08	3.688	4.408	9.616	17.788	13.381	8.026	0.347	3.186	0.986277	0.031	0.044236	-28.621	-29.793
SPBC21C3.01c	vps1301	viable	V	6.774	1.135	9.511	9.875	12.512	16.648	6.773	11.707	2.492	5.527	0.995297	0.09	0.026835	-18.052	-19.224
SPBC21C3.02c	dep1	viable	V	0.902	0.151	-0.0	0.364	3.001	7.138	6.773	2.196	0.332	8.116	0.762734	0.16	0.163858	-12.32	-13.492
SPBC21C3.03	cqd1	viable	V	-0.205	0.014	0.0	0.919	7.567	18.0	17.081	5.538	-0.075	-0.021	-0.037666	0.175	0.359016	-11.439	-12.61
SPBC21C3.04c	mrx14	inviable	E	5.34	0.895	4.334	4.698	7.335	11.472	6.773	6.53	1.965	25.773	0.97795	0.311	0.066798	-5.677	-6.849
SPBC21C3.05	sap62	inviable	E	6.499	1.089	0.834	1.199	3.835	7.972	6.773	3.03	2.391	53.315	0.964995	0.49	0.077777	-1.13	-2.302
SPBC21C3.06	SPBC21C3.06	viable	V	-0.437	0.029	0.0	0.919	7.567	17.998	17.079	5.537	-0.161	-0.045	-0.007686	0.174	0.338932	-11.514	-12.686
SPBC21C3.07c	trm140	viable	V	-0.005	0.001	0.0	0.364	3.001	7.138	6.773	2.196	-0.002	-0.0	-0.623887	0.115	0.443051	-15.611	-16.783
SPBC21C3.08c	car2	viable	V	1.449	0.094	0.0	0.942	7.759	18.455	17.513	5.678	0.533	7.258	0.850881	0.156	0.133752	-12.591	-13.762
SPBC21C3.09c	oaa1	viable	V	0.023	-0.002	0.0	0.856	7.047	16.763	15.907	5.157	0.009	0.002	-0.147719	0.13	0.404321	-14.419	-15.59
SPBC21C3.10c	rib7	inviable	E	6.073	0.821	3.301	3.752	7.02	12.147	8.394	6.022	2.234	31.181	0.999774	0.034	0.006084	-27.888	-29.059
SPBC21C3.11	ubx4	viable	V	0.087	-0.015	0.0	0.364	3.001	7.138	6.773	2.196	0.032	0.004	-0.262789	0.074	0.401461	-20.0	-21.172
SPBC21C3.12c	SPBC21C3.12c	viable	V	-0.33	0.046	0.0	0.435	3.583	8.522	8.087	2.622	-0.122	-0.016	-1.890228	0.079	0.600122	-19.432	-20.603
SPBC21C3.13	rps1901	viable	V	6.26	0.904	0.062	0.485	3.542	8.339	7.855	2.609	2.303	52.651	0.967812	0.419	0.06317	-2.702	-3.873
SPBC21C3.14c	SPBC21C3.14c	viable	V	0.022	-0.002	0.0	0.649	5.343	12.709	12.06	3.91	0.008	0.002	-0.035177	0.025	0.344069	-30.706	-31.878
SPBC21C3.15c	SPBC21C3.15c	viable	V	-0.236	-0.04	-0.0	0.364	3.001	7.138	6.773	2.196	-0.087	-2.125	-0.031305	0.187	0.427618	-10.751	-11.922
SPBC21C3.16c	spt4	viable	V	0.346	0.058	-0.0	0.364	3.001	7.138	6.773	2.196	0.127	3.11	-0.033629	0.344	0.362529	-4.681	-5.852
SPBC21C3.17c	psg1	viable	V	-0.183	-0.025	0.0	0.449	3.696	8.79	8.341	2.705	-0.067	-1.51	0.31135	0.116	0.309814	-15.553	-16.725
SPBC21C3.18	spo4	viable	V	0.107	-0.008	0.0	0.85	7.002	16.654	15.804	5.124	0.039	0.01	-0.715208	0.103	0.523987	-16.759	-17.931
SPBC21C3.19	rtc3	viable	V	0.035	-0.006	-0.0	0.364	3.001	7.138	6.773	2.196	0.013	0.001	-1.298033	0.086	0.618458	-18.538	-19.71
SPBC21C3.20c	git1	viable	V	2.992	0.235	2.748	3.525	9.149	17.972	14.447	7.432	1.101	11.388	0.995962	0.051	0.023429	-23.726	-24.898
SPBC21D10.05c	ucp3	inviable	E	6.248	1.047	0.056	0.42	3.056	7.193	6.773	2.252	2.298	55.882	0.964143	0.453	0.068951	-1.925	-3.096
SPBC21D10.06c	map4	viable	Not_determined	-0.288	-0.02	0.0	0.892	7.344	17.468	16.576	5.374	-0.106	-1.513	0.020306	0.132	0.411936	-14.263	-15.435
SPBC21D10.07	cmc2	viable	V	-0.038	0.006	0.0	0.364	3.001	7.137	6.773	2.196	-0.014	-0.002	-0.333003	0.104	0.446819	-16.666	-17.838
SPBC21D10.08c	SPBC21D10.08c	viable	V	-0.4	0.027	0.0	0.908	7.478	17.786	16.878	5.472	-0.147	-0.041	0.020566	0.096	0.343887	-17.476	-18.647
SPBC21D10.09c	rkr1	viable	V	-0.01	0.002	0.0	0.364	3.001	7.138	6.773	2.196	-0.004	-0.0	-1.147433	0.11	0.616392	-16.098	-17.27
SPBC21D10.11c	nfs1	viable	V	5.897	0.915	0.68	1.074	3.919	8.384	7.311	3.051	2.169	47.716	0.998722	0.08	0.013837	-19.2	-20.371
SPBC21D10.12	hob1	viable	V	0.241	-0.016	0.0	0.929	7.65	18.196	17.267	5.598	0.089	0.025	-0.136867	0.081	0.351558	-19.194	-20.366
SPBC21H7.02	taf10	inviable	E	7.712	1.023	3.743	4.204	7.533	12.758	8.555	6.517	2.837	36.06	0.998126	0.122	0.017239	-15.06	-16.232
SPBC21H7.03c	SPBC21H7.03c	viable	V	-0.141	0.021	0.0	0.416	3.428	8.154	7.738	2.509	-0.052	-0.007	-2.272498	0.092	0.60779	-17.884	-19.056
SPBC21H7.04	dbp7	viable	V	5.581	0.526	0.08	0.728	5.418	12.777	12.049	3.986	2.053	36.854	0.975463	0.287	0.055001	-6.492	-7.664
SPBC21H7.05	sfc6	inviable	E	6.2	0.639	5.099	5.691	9.979	16.708	11.016	8.67	2.281	17.852	0.991904	0.151	0.034347	-12.921	-14.093
SPBC21H7.06c	opi10	viable	V	-0.563	0.08	0.0	0.43	3.538	8.415	7.985	2.589	-0.207	-0.027	-0.220553	0.113	0.420742	-15.825	-16.997
SPBC21H7.07c	his5	viable	V	0.0	-0.0	-0.0	0.365	3.002	7.14	6.775	2.197	0.0	0.0	-0.368006	0.161	0.425393	-12.276	-13.448
SPBC23E6.01c	cxr1	viable	V	0.232	0.039	-0.0	0.364	3.001	7.138	6.773	2.196	0.085	2.086	0.452001	0.08	0.241284	-19.214	-20.386
SPBC23E6.02	rrp2	viable	V	-0.146	0.02	0.0	0.45	3.702	8.805	8.355	2.709	-0.054	-0.007	-1.408522	0.075	0.538914	-19.843	-21.015
SPBC23E6.03c	nta1	viable	V	-0.239	0.033	0.0	0.44	3.622	8.614	8.174	2.65	-0.088	-0.012	-2.16413	0.073	0.667261	-20.118	-21.29
SPBC23E6.04c	utp10	inviable	E	6.307	0.933	0.279	0.692	3.678	8.363	7.671	2.766	2.32	52.327	0.99059	0.229	0.035604	-8.754	-9.926
SPBC23E6.05	arx1	viable	V	-0.054	0.004	0.0	0.924	7.606	18.093	17.169	5.566	-0.02	-0.006	-1.012641	0.131	0.492445	-14.326	-15.498
SPBC23E6.06c	rib3	inviable	E	6.257	1.011	0.21	0.587	3.32	7.609	7.021	2.486	2.302	54.3	0.985138	0.289	0.044181	-6.429	-7.601
SPBC23E6.07c	rfc1	inviable	E	6.844	0.72	1.752	2.333	6.531	13.118	10.786	5.249	2.518	38.555	0.999727	0.038	0.006379	-26.583	-27.755
SPBC23E6.08	rgp1	viable	V	4.663	0.39	2.904	3.634	8.909	17.187	13.554	7.299	1.715	18.164	0.997833	0.062	0.017823	-21.874	-23.046
SPBC23E6.09	ssn6	condition-dependent	V	2.336	0.279	1.398	1.909	5.605	11.405	9.496	4.477	0.86	15.052	0.927705	0.232	0.103642	-8.621	-9.793
SPBC23E6.10c	mri1	viable	V	0.173	-0.025	0.0	0.428	3.522	8.378	7.951	2.578	0.064	0.008	-0.22641	0.125	0.36971	-14.768	-15.94
SPBC23G7.04c	nif1	viable	V	0.204	0.034	0.0	0.364	3.001	7.138	6.773	2.196	0.075	1.833	0.757435	0.044	0.192976	-25.149	-26.32
SPBC23G7.05	sui1	inviable	E	6.34	1.062	0.007	0.371	3.008	7.145	6.773	2.203	2.332	56.994	0.983932	0.304	0.048334	-5.915	-7.086
SPBC23G7.06c	nvj2	viable	V	0.179	0.03	-0.0	0.364	3.001	7.138	6.773	2.196	0.066	1.613	0.064117	0.075	0.348844	-19.856	-21.028
SPBC23G7.07c	cms1	viable	V	0.097	-0.014	0.0	0.424	3.488	8.297	7.873	2.553	0.036	0.005	-0.591932	0.055	0.432858	-23.088	-24.26
SPBC23G7.08c	rga7	viable	V	3.294	0.334	3.884	4.486	8.842	15.677	11.191	7.512	1.212	12.323	0.999576	0.021	0.008051	-32.851	-34.022
SPBC23G7.10c	SPBC23G7.10c	viable	V	-0.188	-0.032	-0.0	0.364	3.001	7.138	6.773	2.196	-0.069	-1.694	0.220352	0.095	0.31267	-17.566	-18.738
SPBC23G7.12c	rpt6	condition-dependent	V	5.529	0.926	3.693	4.058	6.694	10.831	6.773	5.889	2.034	30.029	0.95157	0.465	0.093119	-1.664	-2.836
SPBC23G7.13c	SPBC23G7.13c	viable	V	-0.169	-0.028	0.0	0.364	3.001	7.138	6.773	2.196	-0.062	-1.524	0.284718	0.094	0.318845	-17.672	-18.844
SPBC23G7.14	SPBC23G7.14	viable	V	-0.09	-0.012	0.0	0.453	3.726	8.863	8.411	2.727	-0.033	-0.739	0.255375	0.06	0.318369	-22.159	-23.33
SPBC23G7.15c	rpp202	viable	V	0.633	0.106	-0.0	0.364	3.001	7.138	6.773	2.196	0.233	5.697	0.293225	0.255	0.286079	-7.647	-8.818
SPBC23G7.16	ctr6	viable	V	3.011	0.504	1.025	1.39	4.026	8.163	6.773	3.221	1.108	24.141	0.942863	0.299	0.102182	-6.084	-7.256
SPBC244.01c	sid4	inviable	E	6.105	0.841	2.65	3.093	6.299	11.329	8.236	5.32	2.246	35.397	0.998785	0.081	0.014036	-19.152	-20.323
SPBC244.02c	utp6	inviable	E	5.563	0.932	0.38	0.744	3.381	7.518	6.773	2.576	2.047	48.061	0.986148	0.252	0.043828	-7.793	-8.965
SPBC24C6.02	spb4	inviable	E	6.77	1.134	-0.0	0.364	3.001	7.138	6.773	2.196	2.491	60.902	0.881005	0.833	0.123095	4.168	2.996
SPBC24C6.03	SPBC24C6.03	inviable	E	7.024	0.702	5.47	6.081	10.502	17.439	11.358	9.153	2.584	17.948	0.995757	0.117	0.024594	-15.49	-16.662
SPBC24C6.04	put2	viable	V	2.841	0.197	1.073	1.952	8.315	18.3	16.348	6.373	1.045	12.936	0.987694	0.084	0.039242	-18.749	-19.92
SPBC24C6.05	sec28	viable	V	2.49	0.417	3.232	3.596	6.233	10.37	6.773	5.428	0.916	14.62	0.879755	0.357	0.134016	-4.296	-5.468
SPBC24C6.06	gpa1	viable	V	-0.262	-0.044	-0.0	0.364	3.001	7.138	6.773	2.196	-0.096	-2.355	0.226289	0.092	0.312475	-17.806	-18.978
SPBC24C6.07	cdc14	inviable	E	5.814	0.974	2.111	2.476	5.112	9.249	6.773	4.307	2.139	40.448	0.998318	0.096	0.017375	-17.409	-18.581
SPBC24C6.08c	bhd1	viable	V	0.377	0.024	-0.0	0.945	7.782	18.51	17.565	5.695	0.139	1.883	0.880043	0.034	0.114164	-27.674	-28.846
SPBC24C6.09c	SPBC24C6.09c	viable	V	-0.177	-0.016	0.0	0.688	5.665	13.474	12.786	4.145	-0.065	-1.133	0.871188	0.024	0.132812	-31.281	-32.452
SPBC24C6.10c	dip1	viable	V	-0.326	-0.055	-0.0	0.364	3.001	7.138	6.773	2.196	-0.12	-2.929	-0.244578	0.301	0.432261	-6.011	-7.183
SPBC24C6.13	coa6	viable	Not_determined	0.495	0.083	2.079	2.443	5.08	9.217	6.773	4.275	0.182	3.462	0.424713	0.263	0.266803	-7.374	-8.545
SPBC25B2.01	hbs1	viable	V	0.151	-0.01	0.0	0.944	7.772	18.487	17.543	5.688	0.056	0.016	0.011674	0.063	0.432629	-21.62	-22.792
SPBC25B2.02c	mam1	viable	V	1.513	0.253	1.02	1.384	4.021	8.158	6.773	3.216	0.556	12.136	0.906721	0.197	0.130074	-10.249	-11.421
SPBC25B2.03	SPBC25B2.03	viable	V	-0.379	0.051	0.0	0.451	3.71	8.825	8.375	2.715	-0.139	-0.019	-0.070413	0.064	0.368718	-21.464	-22.636
SPBC25B2.04c	mtg1	viable	V	0.752	0.051	0.0	0.902	7.423	17.655	16.754	5.432	0.277	3.911	0.789418	0.1	0.169728	-16.978	-18.15
SPBC25B2.05	mis3	inviable	E	6.139	1.028	-0.0	0.364	3.001	7.138	6.773	2.196	2.258	55.222	0.985234	0.277	0.044417	-6.838	-8.01
SPBC25B2.06c	btb2	viable	V	0.837	0.077	4.632	5.294	10.085	17.603	12.309	8.623	0.308	2.461	0.930339	0.059	0.095592	-22.371	-23.542
SPBC25B2.07c	mmb1	viable	V	-0.126	0.008	-0.0	0.906	7.463	17.751	16.844	5.461	-0.046	-0.013	-0.207204	0.161	0.371578	-12.293	-13.465
SPBC25B2.08	SPBC25B2.08	viable	V	-0.206	-0.014	0.0	0.872	7.179	17.075	16.203	5.253	-0.076	-1.101	0.510579	0.049	0.229689	-24.081	-25.253
SPBC25B2.09c	msr1	inviable	E	6.774	1.135	-0.0	0.364	3.001	7.138	6.773	2.196	2.492	60.937	0.963014	0.491	0.069841	-1.118	-2.289
SPBC25B2.10	SPBC25B2.10	viable	V	-0.028	0.002	0.0	0.936	7.708	18.334	17.398	5.641	-0.01	-0.003	-0.440909	0.153	0.457884	-12.778	-13.949
SPBC25B2.11	pof2	viable	V	-0.013	0.002	-0.0	0.364	2.997	7.129	6.765	2.193	-0.005	-0.001	-0.661305	0.051	0.468267	-23.751	-24.923
SPBC25D12.02c	dnt1	viable	V	2.74	0.226	3.349	4.09	9.448	17.854	13.764	7.812	1.008	9.672	0.995392	0.05	0.025699	-24.007	-25.179
SPBC25D12.03c	mcm7	inviable	E	6.338	0.946	0.285	0.694	3.652	8.294	7.6	2.749	2.332	52.771	0.993991	0.184	0.028881	-10.952	-12.123
SPBC25D12.04	suc22	inviable	E	6.667	1.091	0.422	0.795	3.495	7.731	6.936	2.671	2.453	56.797	0.996239	0.156	0.02368	-12.606	-13.778
SPBC25D12.05	trm1	viable	V	0.465	0.078	-0.0	0.364	3.001	7.138	6.773	2.196	0.171	4.183	0.227225	0.225	0.28733	-8.93	-10.102
SPBC25D12.06	mrh5	viable	V	1.005	0.087	1.352	2.054	7.136	15.11	13.056	5.584	0.37	5.246	0.996011	0.02	0.024385	-33.001	-34.173
SPBC25H2.02	trs1	inviable	E	6.469	1.084	-0.0	0.364	3.001	7.138	6.773	2.196	2.38	58.189	0.983324	0.308	0.047396	-5.786	-6.958
SPBC25H2.03	vac14	viable	V	-0.018	0.003	0.0	0.371	3.053	7.261	6.89	2.234	-0.007	-0.001	-0.099475	0.053	0.40109	-23.461	-24.633
SPBC25H2.04c	tim22	inviable	E	6.706	0.924	2.171	2.614	5.818	10.846	8.232	4.84	2.467	41.91	0.98995	0.259	0.039545	-7.498	-8.67
SPBC25H2.05	egd2	viable	V	0.227	0.038	-0.0	0.364	3.001	7.138	6.773	2.196	0.083	2.041	0.55072	0.067	0.253086	-21.096	-22.268
SPBC25H2.06c	hrf1	inviable	E	6.321	1.059	0.262	0.627	3.263	7.4	6.773	2.458	2.325	55.312	0.994947	0.17	0.027376	-11.702	-12.873
SPBC25H2.07	tif11	inviable	E	7.805	1.307	-0.0	0.364	3.001	7.138	6.773	2.196	2.871	70.207	0.918641	0.803	0.103982	3.8	2.628
SPBC25H2.08c	mrs2	viable	V	0.345	0.058	0.0	0.364	3.001	7.138	6.773	2.196	0.127	3.102	0.598091	0.095	0.212479	-17.541	-18.713
SPBC25H2.09	mic19	viable	V	0.206	0.034	-0.0	0.364	3.001	7.138	6.773	2.196	0.076	1.852	0.082958	0.109	0.370098	-16.182	-17.353
SPBC25H2.10c	tan1	viable	V	-0.015	-0.002	0.0	0.541	4.456	10.598	10.057	3.261	-0.006	-0.114	-0.00512	0.069	0.333982	-20.765	-21.937
SPBC25H2.11c	spt7	viable	V	5.222	0.636	6.283	6.784	10.41	16.099	9.315	9.303	1.921	12.55	0.998999	0.045	0.012284	-24.952	-26.123
SPBC25H2.12c	cct7	inviable	E	6.281	1.052	-0.0	0.364	3.001	7.138	6.773	2.196	2.311	56.506	0.80541	0.979	0.160412	5.783	4.611
SPBC25H2.13c	cdc20	inviable	E	6.484	1.086	0.059	0.423	3.06	7.197	6.773	2.255	2.385	57.972	0.980394	0.344	0.05199	-4.657	-5.829
SPBC25H2.14	mug16	viable	V	-0.046	0.003	-0.0	0.936	7.708	18.335	17.399	5.641	-0.017	-0.005	-0.504612	0.097	0.472857	-17.288	-18.46
SPBC25H2.15	tsr401	viable	V	8.839	1.198	0.523	0.973	4.232	9.345	8.372	3.237	3.252	68.421	0.918815	0.923	0.10048	5.198	4.026
SPBC25H2.16c	gga22	viable	V	0.312	0.038	0.0	0.502	4.13	9.824	9.323	3.023	0.115	2.429	0.646292	0.074	0.202922	-20.001	-21.172
SPBC25H2.18	cox20	viable	Not_determined	0.431	0.028	0.001	0.946	7.782	18.51	17.564	5.695	0.159	2.155	0.80643	0.066	0.158356	-21.152	-22.324
SPBC26H8.01	thi2	viable	V	0.031	0.004	0.0	0.486	4.005	9.526	9.04	2.931	0.012	0.248	0.310902	0.027	0.315226	-30.196	-31.367
SPBC26H8.02c	sec9	inviable	E	4.409	0.723	2.097	2.47	5.163	9.39	6.921	4.341	1.622	30.434	0.999435	0.042	0.009686	-25.698	-26.87
SPBC26H8.03	cho2	viable	V	0.104	-0.007	-0.0	0.945	7.782	18.51	17.565	5.695	0.038	0.011	-0.011194	0.068	0.36572	-20.933	-22.105
SPBC26H8.04c	iml1	viable	V	5.543	0.585	2.069	2.648	6.832	13.398	10.751	5.555	2.039	29.772	0.99532	0.13	0.026366	-14.432	-15.604
SPBC26H8.06	grx4	condition-dependent	E	6.519	0.618	0.662	1.306	5.961	13.267	11.961	4.54	2.398	40.08	0.995305	0.146	0.025288	-13.267	-14.438
SPBC26H8.07c	nda3	inviable	E	6.624	1.11	0.288	0.652	3.289	7.426	6.773	2.484	2.437	57.808	0.979088	0.371	0.059429	-3.923	-5.095
SPBC26H8.08c	grn1	viable	V	6.617	0.677	0.1	0.697	5.011	11.782	11.085	3.694	2.434	46.024	0.978624	0.328	0.051663	-5.15	-6.322
SPBC26H8.09c	snf59	viable	V	0.187	0.024	0.0	0.467	3.843	9.14	8.673	2.812	0.069	1.512	0.739226	0.047	0.193665	-24.604	-25.776
SPBC26H8.10	dis3	inviable	E	6.325	0.886	0.878	1.314	4.467	9.415	8.101	3.505	2.327	47.641	0.996661	0.137	0.022823	-13.849	-15.02
SPBC26H8.11c	the4	viable	V	-0.683	0.093	0.0	0.451	3.709	8.823	8.373	2.715	-0.251	-0.035	-0.032036	0.104	0.366807	-16.617	-17.789
SPBC26H8.14c	cox17	viable	V	1.01	0.103	-0.0	0.601	4.95	11.773	11.172	3.622	0.371	7.075	0.872494	0.116	0.116473	-15.501	-16.673
SPBC26H8.16	sdh8	viable	Not_determined	-0.087	0.006	0.0	0.932	7.67	18.245	17.313	5.613	-0.032	-0.009	-0.295342	0.093	0.405172	-17.731	-18.903
SPBC27.01c	pga2	inviable	E	5.781	0.968	0.229	0.594	3.23	7.367	6.773	2.425	2.127	50.764	0.944281	0.539	0.094937	-0.183	-1.355
SPBC27.03	meu25	viable	V	-0.176	0.012	0.0	0.906	7.464	17.753	16.846	5.462	-0.065	-0.018	-0.114497	0.173	0.410319	-11.559	-12.731
SPBC27.04	uds1	viable	V	0.008	-0.001	0.0	0.364	3.001	7.138	6.773	2.196	0.003	0.0	-2.840242	0.061	0.705784	-22.019	-23.19
SPBC27.05	SPBC27.05	unknown	Not_determined	0.005	-0.001	0.0	0.364	3.001	7.138	6.774	2.196	0.002	0.0	-0.447189	0.156	0.474611	-12.57	-13.741
SPBC27.06c	mgr2	viable	V	4.388	0.735	1.299	1.663	4.3	8.437	6.773	3.495	1.614	34.014	0.999664	0.032	0.007361	-28.463	-29.634
SPBC27.08c	sua1	viable	V	0.823	0.053	0.0	0.945	7.782	18.51	17.565	5.695	0.303	4.114	0.904363	0.068	0.11248	-20.925	-22.096
SPBC27B12.01c	mmm1	inviable	E	6.545	0.73	1.906	2.454	6.416	12.632	10.179	5.206	2.408	37.43	0.987444	0.26	0.043056	-7.459	-8.63
SPBC27B12.02	mis19	inviable	E	6.681	1.119	8.402	8.766	11.403	15.54	6.773	10.598	2.458	9.731	0.999011	0.054	0.011952	-23.257	-24.428
SPBC27B12.03c	erg32	viable	V	0.351	0.023	0.0	0.945	7.782	18.51	17.565	5.695	0.129	1.754	0.944313	0.025	0.088516	-30.728	-31.9
SPBC27B12.04c	csc2	viable	V	0.027	0.003	0.0	0.527	4.335	10.312	9.786	3.173	0.01	0.205	0.129731	0.034	0.302943	-27.746	-28.917
SPBC27B12.05	crt10	viable	V	-0.379	0.048	0.0	0.482	3.965	9.432	8.951	2.902	-0.139	-0.021	-0.089808	0.038	0.384114	-26.796	-27.968
SPBC27B12.06	gpi13	inviable	E	6.156	0.772	1.484	1.971	5.493	11.019	9.048	4.417	2.265	40.309	0.999656	0.042	0.007233	-25.706	-26.878
SPBC27B12.07	SPBC27B12.07	viable	V	0.339	0.022	-0.0	0.945	7.782	18.51	17.565	5.695	0.125	1.697	0.361904	0.074	0.285052	-20.099	-21.27
SPBC27B12.08	sip1	viable	V	6.436	0.54	-0.0	0.728	5.997	14.264	13.536	4.388	2.368	39.545	0.974587	0.312	0.055878	-5.652	-6.824
SPBC27B12.09c	flx1	viable	V	6.14	0.497	3.121	3.876	9.334	17.899	14.023	7.668	2.259	22.32	0.987868	0.185	0.041499	-10.86	-12.032
SPBC27B12.10c	tom7	viable	V	0.69	0.045	0.0	0.945	7.782	18.51	17.565	5.695	0.254	3.449	0.847153	0.081	0.129845	-19.178	-20.35
SPBC27B12.11c	pho7	viable	V	1.086	0.182	-0.0	0.364	3.001	7.138	6.773	2.196	0.4	9.771	0.931164	0.102	0.093814	-16.803	-17.974
SPBC27B12.13	tom40	inviable	E	6.164	0.674	0.275	0.833	4.874	11.215	10.382	3.641	2.268	43.699	0.978094	0.316	0.056468	-5.518	-6.69
SPBC27B12.14	cbp4	viable	Not_determined	0.015	-0.002	0.0	0.404	3.323	7.904	7.5	2.432	0.005	0.001	-1.63919	0.119	0.578979	-15.264	-16.435
SPBC28E12.01c	apc13	inviable	E	6.401	1.072	0.981	1.345	3.982	8.119	6.773	3.177	2.355	51.596	0.96501	0.486	0.077311	-1.216	-2.388
SPBC28E12.02	SPBC28E12.02	viable	V	0.326	-0.021	0.01	0.954	7.787	18.508	17.554	5.701	0.12	0.035	-0.887377	0.099	0.513043	-17.177	-18.348
SPBC28E12.03	rga4	viable	V	0.194	0.033	0.0	0.364	3.001	7.138	6.773	2.196	0.071	1.747	0.603475	0.045	0.220635	-25.009	-26.18
SPBC28E12.04	cbp7	viable	V	0.646	0.108	3.477	3.842	6.478	10.615	6.773	5.673	0.238	3.643	0.675137	0.175	0.213382	-11.443	-12.615
SPBC28E12.05	esf2	inviable	E	8.402	1.214	1.251	1.674	4.731	9.529	7.855	3.798	3.091	61.249	0.992612	0.276	0.035047	-6.878	-8.049
SPBC28E12.06c	lvs1	viable	V	-0.029	0.002	0.0	0.937	7.713	18.346	17.409	5.644	-0.011	-0.003	-3.092866	0.12	0.713197	-15.218	-16.39
SPBC28F2.02	mep33	viable	V	-0.026	0.004	-0.0	0.364	2.999	7.134	6.77	2.195	-0.01	-0.001	-0.421711	0.109	0.444883	-16.124	-17.295
SPBC28F2.05c	SPBC28F2.05c	viable	V	0.006	-0.001	0.0	0.364	3.001	7.138	6.773	2.196	0.002	0.0	-0.311999	0.107	0.402417	-16.345	-17.517
SPBC28F2.06c	mdm12	inviable	E	5.79	0.84	2.266	2.687	5.73	10.505	7.818	4.801	2.13	36.688	0.991505	0.205	0.03835	-9.871	-11.043
SPBC28F2.07	sfr1	viable	V	0.282	0.018	-0.0	0.945	7.782	18.51	17.565	5.695	0.104	1.409	0.922102	0.02	0.091597	-32.954	-34.126
SPBC28F2.08c	hrd3	viable	V	-0.072	0.008	0.0	0.577	4.748	11.293	10.717	3.474	-0.027	-0.005	-1.952811	0.102	0.634649	-16.81	-17.982
SPBC28F2.10c	ngg1	viable	V	3.206	0.297	4.701	5.36	10.12	17.59	12.23	8.667	1.18	9.321	0.960451	0.162	0.070839	-12.175	-13.347
SPBC28F2.11	hmo1	viable	V	-0.445	0.057	0.0	0.476	3.918	9.32	8.844	2.867	-0.164	-0.024	-0.022977	0.079	0.360784	-19.382	-20.553
SPBC28F2.12	rpb1	inviable	E	6.808	1.018	0.173	0.581	3.535	8.169	7.587	2.633	2.504	57.43	0.990544	0.246	0.035693	-8.007	-9.179
SPBC29A10.01	ccr1	viable	V	2.409	0.379	0.748	1.136	3.941	8.342	7.206	3.085	0.886	19.455	0.948821	0.216	0.082574	-9.328	-10.5
SPBC29A10.02	spo5	viable	V	-0.273	0.018	0.0	0.914	7.53	17.91	16.995	5.51	-0.1	-0.028	-0.046941	0.103	0.329828	-16.771	-17.943
SPBC29A10.03c	pcf1	viable	V	0.445	0.032	0.0	0.858	7.063	16.799	15.942	5.168	0.164	2.412	0.754729	0.075	0.191465	-19.921	-21.093
SPBC29A10.04	psm1	inviable	E	6.346	0.912	1.382	1.806	4.879	9.699	7.893	3.941	2.334	45.358	0.993646	0.195	0.030822	-10.353	-11.525
SPBC29A10.05	exo1	viable	V	1.038	0.074	1.356	2.218	8.456	18.245	16.026	6.552	0.382	4.601	0.93612	0.074	0.087166	-20.025	-21.196
SPBC29A10.06c	ely5	viable	V	0.041	0.007	0.0	0.364	3.001	7.138	6.773	2.196	0.015	0.372	-0.054914	0.094	0.335283	-17.693	-18.865
SPBC29A10.07	pom152	viable	V	0.608	0.102	2.19	2.554	5.191	9.328	6.773	4.386	0.224	4.187	0.345363	0.36	0.304152	-4.222	-5.393
SPBC29A10.08	gas2	viable	V	-0.006	0.001	0.0	0.715	5.889	14.009	13.293	4.31	-0.002	-0.0	-0.218756	0.059	0.41891	-22.22	-23.392
SPBC29A10.09c	tri1	viable	V	-0.409	0.059	-0.0	0.425	3.497	8.319	7.894	2.559	-0.15	-0.02	-0.371196	0.055	0.385776	-22.974	-24.146
SPBC29A10.10c	dbl8	viable	V	3.427	0.574	9.088	9.453	12.089	16.226	6.773	11.284	1.261	3.56	0.99492	0.052	0.027292	-23.488	-24.66
SPBC29A10.11c	muk1	viable	V	-0.203	0.013	0.0	0.945	7.781	18.508	17.563	5.694	-0.075	-0.022	0.011312	0.021	0.324662	-32.431	-33.602
SPBC29A10.12	oxs1	viable	V	-0.558	0.089	0.0	0.385	3.166	7.531	7.146	2.317	-0.205	-0.024	-0.558705	0.148	0.484829	-13.114	-14.286
SPBC29A10.13	atp7	viable	V	2.039	0.342	-0.0	0.364	3.001	7.138	6.773	2.196	0.75	18.343	0.669093	0.481	0.214152	-1.319	-2.491
SPBC29A10.14	rec8	viable	V	3.248	0.544	1.644	2.008	4.645	8.782	6.773	3.84	1.195	24.078	0.950674	0.309	0.103692	-5.744	-6.916
SPBC29A10.16c	cyb502	viable	V	5.934	0.609	3.08	3.675	7.981	14.737	11.061	6.666	2.183	26.217	0.999595	0.039	0.00788	-26.571	-27.742
SPBC29A10.17	lam1	viable	Not_determined	6.601	1.049	0.281	0.665	3.444	7.804	7.139	2.595	2.428	56.459	0.991241	0.233	0.034477	-8.554	-9.726
SPBC29A3.01	ccc2	viable	V	0.213	-0.014	0.0	0.935	7.698	18.31	17.375	5.633	0.078	0.023	-0.003493	0.099	0.34992	-17.159	-18.331
SPBC29A3.02c	his7	viable	V	-0.003	0.0	0.0	0.6	4.94	11.751	11.151	3.615	-0.001	-0.0	-1.210969	0.079	0.52606	-19.395	-20.566
SPBC29A3.03c	gid2	viable	V	-0.209	-0.035	0.0	0.364	3.001	7.138	6.773	2.196	-0.077	-1.88	0.197705	0.158	0.341126	-12.434	-13.605
SPBC29A3.04	rpl8	inviable	E	6.061	1.015	-0.0	0.364	3.001	7.138	6.773	2.196	2.23	54.526	0.382249	1.816	0.294241	11.967	10.795
SPBC29A3.05	vps71	viable	V	-0.011	0.002	-0.0	0.365	3.003	7.142	6.777	2.197	-0.004	-0.0	-0.10242	0.308	0.368994	-5.785	-6.957
SPBC29A3.06	utp18	inviable	E	5.783	0.969	0.096	0.461	3.097	7.234	6.773	2.292	2.127	51.499	0.989443	0.225	0.04012	-8.908	-10.08
SPBC29A3.07c	sap14	viable	V	-0.01	0.002	0.0	0.39	3.211	7.637	7.247	2.349	-0.004	-0.0	-1.883791	0.106	0.554516	-16.451	-17.623
SPBC29A3.08	pof4	viable	V	-0.473	0.064	0.0	0.452	3.721	8.85	8.398	2.723	-0.174	-0.024	-0.019471	0.096	0.407148	-17.467	-18.639
SPBC29A3.09c	gcn20	viable	V	-0.064	0.004	0.0	0.928	7.64	18.172	17.245	5.591	-0.024	-0.007	-0.801596	0.103	0.532878	-16.694	-17.865
SPBC29A3.11c	ort1	viable	V	-0.672	0.089	0.0	0.461	3.792	9.019	8.558	2.775	-0.247	-0.035	-0.011658	0.173	0.330965	-11.52	-12.692
SPBC29A3.12	rps902	viable	V	4.088	0.397	-0.0	0.629	5.177	12.315	11.686	3.789	1.504	27.823	0.940178	0.324	0.082212	-5.268	-6.439
SPBC29A3.13	pdp1	viable	V	-0.248	-0.042	0.0	0.364	3.001	7.138	6.773	2.196	-0.091	-2.233	0.212493	0.182	0.321557	-11.055	-12.227
SPBC29A3.14c	trt1	viable	V	-0.292	0.043	0.0	0.42	3.457	8.222	7.802	2.53	-0.108	-0.014	-1.932346	0.057	0.610535	-22.686	-23.857
SPBC29A3.15c	rsm23	inviable	E	5.768	0.891	4.17	4.565	7.426	11.914	7.349	6.552	2.122	27.376	0.997792	0.1	0.018962	-16.984	-18.155
SPBC29A3.16	rrs1	inviable	E	7.109	0.623	0.273	0.969	6.009	13.918	12.948	4.471	2.615	43.537	0.915782	0.665	0.112383	1.916	0.745
SPBC29A3.18	cyt1	viable	V	2.104	0.147	1.191	2.063	8.374	18.277	16.214	6.447	0.774	9.474	0.896137	0.187	0.10716	-10.778	-11.95
SPBC29A3.21	SPBC29A3.21	viable	V	-0.176	-0.03	-0.0	0.364	3.001	7.138	6.773	2.196	-0.065	-1.585	-0.294316	0.198	0.416339	-10.207	-11.379
SPBC29B5.01	atf1	viable	V	2.62	0.439	-0.0	0.364	3.001	7.138	6.773	2.196	0.964	23.571	0.963965	0.182	0.067531	-11.038	-12.209
SPBC29B5.02c	isp4	viable	V	0.069	-0.005	0.0	0.797	6.562	15.609	14.812	4.802	0.025	0.006	-0.481134	0.076	0.415079	-19.721	-20.893
SPBC29B5.04c	app1	viable	V	-0.012	0.002	-0.0	0.364	3.0	7.136	6.771	2.195	-0.005	-0.001	-0.527203	0.135	0.448976	-14.014	-15.186
SPBC2A9.02	SPBC2A9.02	viable	V	0.451	-0.031	-0.0	0.9	7.414	17.634	16.733	5.425	0.166	0.046	-0.066764	0.115	0.374763	-15.624	-16.795
SPBC2A9.03	SPBC2A9.03	viable	V	0.447	0.044	0.0	0.616	5.071	12.063	11.447	3.711	0.164	3.084	0.432277	0.165	0.269522	-12.038	-13.209
SPBC2A9.04c	san1	viable	V	0.01	-0.001	0.0	0.68	5.597	13.313	12.633	4.096	0.004	0.001	-0.431283	0.082	0.437962	-18.969	-20.141
SPBC2A9.05c	tvp23	viable	V	-0.042	0.003	-0.0	0.945	7.782	18.51	17.565	5.695	-0.016	-0.004	-0.405683	0.108	0.442238	-16.224	-17.396
SPBC2A9.06c	nus1	condition-dependent	V	6.131	1.027	1.376	1.74	4.376	8.513	6.773	3.571	2.255	47.063	0.990089	0.246	0.040885	-8.007	-9.179
SPBC2A9.07c	hpz1	viable	V	-0.263	0.039	0.0	0.416	3.429	8.157	7.74	2.509	-0.097	-0.012	-2.675385	0.06	0.680686	-22.151	-23.322
SPBC2A9.08c	sec22	inviable	E	6.695	0.618	0.307	0.969	5.754	13.262	12.293	4.293	2.463	42.347	0.987112	0.246	0.040538	-8.035	-9.206
SPBC2A9.09	plp2	inviable	E	4.043	0.402	2.931	3.545	7.987	14.958	11.414	6.631	1.488	17.937	0.999514	0.028	0.008598	-29.608	-30.78
SPBC2A9.10	bmc1	viable	E	0.016	-0.003	0.0	0.364	3.001	7.138	6.774	2.196	0.006	0.001	-2.160811	0.067	0.640435	-20.994	-22.166
SPBC2A9.11c	iss9	viable	V	-0.079	0.005	0.0	0.926	7.621	18.126	17.201	5.577	-0.029	-0.008	-0.676807	0.124	0.535799	-14.893	-16.065
SPBC2A9.12	orc6	inviable	E	7.355	0.618	1.856	2.583	7.842	16.094	13.511	6.236	2.706	34.528	0.999327	0.057	0.009756	-22.72	-23.892
SPBC2A9.13	SPBC2A9.13	viable	V	-0.27	-0.045	-0.0	0.364	3.001	7.138	6.773	2.196	-0.099	-2.424	0.489583	0.076	0.231619	-19.774	-20.946
SPBC2A9.14	SPBC2A9.14	viable	Not_determined	-0.39	0.051	0.0	0.465	3.832	9.115	8.649	2.804	-0.144	-0.02	-0.149851	0.051	0.408627	-23.664	-24.836
SPBC2D10.03c	ess1	viable	V	0.377	0.024	-0.0	0.945	7.782	18.51	17.565	5.695	0.139	1.886	0.664616	0.057	0.183507	-22.732	-23.903
SPBC2D10.04	aly2	viable	V	0.31	0.052	0.0	0.364	3.001	7.138	6.773	2.196	0.114	2.791	0.839315	0.051	0.146913	-23.85	-25.022
SPBC2D10.05	exg3	viable	V	0.083	-0.006	0.0	0.879	7.241	17.224	16.344	5.299	0.031	0.008	-0.102805	0.201	0.366746	-10.046	-11.217
SPBC2D10.06	rep1	viable	V	0.521	-0.034	0.0	0.945	7.782	18.51	17.565	5.695	0.192	0.056	-0.430704	0.075	0.439785	-19.876	-21.047
SPBC2D10.07c	mmp1	viable	V	2.105	0.247	6.957	7.478	11.242	17.148	9.671	10.093	0.774	3.973	0.985029	0.062	0.045794	-21.82	-22.992
SPBC2D10.08c	yml6	inviable	E	5.788	0.745	3.632	4.106	7.54	12.927	8.821	6.491	2.129	27.084	0.999905	0.02	0.003934	-33.044	-34.215
SPBC2D10.09	snr1	viable	V	0.237	0.04	-0.0	0.364	3.001	7.138	6.773	2.196	0.087	2.135	-0.197562	0.179	0.384954	-11.225	-12.397
SPBC2D10.10c	fib1	viable	V	6.436	1.078	0.208	0.573	3.209	7.346	6.773	2.404	2.368	56.647	0.969051	0.438	0.067306	-2.262	-3.434
SPBC2D10.11c	nap2	condition-dependent	V	-0.023	-0.001	0.0	0.945	7.782	18.51	17.565	5.695	-0.009	-0.116	0.026928	0.056	0.361829	-22.809	-23.981
SPBC2D10.12	rhp23	viable	V	0.398	0.026	0.0	0.945	7.782	18.51	17.565	5.695	0.146	1.988	0.52296	0.091	0.270208	-17.933	-19.104
SPBC2D10.13	est1	viable	V	0.066	-0.01	0.0	0.404	3.329	7.917	7.513	2.436	0.024	0.003	-0.591336	0.043	0.496823	-25.529	-26.701
SPBC2D10.14c	myo51	viable	V	-0.379	0.06	0.0	0.389	3.199	7.609	7.22	2.341	-0.14	-0.017	-0.148942	0.055	0.361641	-23.076	-24.247
SPBC2D10.15c	pth1	viable	V	-0.036	-0.003	-0.0	0.817	6.73	16.007	15.19	4.925	-0.013	-0.202	0.163636	0.019	0.314412	-33.873	-35.044
SPBC2D10.16	mhf1	viable	V	2.916	0.468	4.768	5.148	7.899	12.215	7.067	7.059	1.073	12.563	0.999946	0.008	0.003002	-42.322	-43.493
SPBC2D10.17	clr1	viable	V	-0.076	0.005	0.0	0.937	7.714	18.349	17.412	5.645	-0.028	-0.008	-0.293364	0.101	0.435747	-16.917	-18.089
SPBC2D10.18	coq8	condition-dependent	V	1.669	0.112	0.566	1.477	8.064	18.399	16.922	6.053	0.614	7.954	0.953311	0.098	0.07354	-17.255	-18.427
SPBC2D10.19c	alb1	viable	V	0.644	-0.043	0.0	0.906	7.462	17.749	16.842	5.46	0.237	0.066	-0.031696	0.187	0.390012	-10.755	-11.927
SPBC2D10.20	ubc1	viable	V	1.193	0.2	2.007	2.372	5.008	9.145	6.773	4.203	0.439	8.423	0.390375	0.679	0.288354	2.125	0.954
SPBC2F12.02c	mrpl7	inviable	E	5.656	0.756	3.51	3.967	7.269	12.451	8.484	6.261	2.081	27.773	0.98232	0.288	0.050776	-6.453	-7.625
SPBC2F12.03c	esl1	viable	V	0.446	0.029	0.0	0.945	7.782	18.51	17.565	5.695	0.164	2.229	0.914254	0.039	0.105745	-26.41	-27.581
SPBC2F12.04	rpl1701	viable	V	5.599	0.717	-0.0	0.477	3.926	9.337	8.861	2.873	2.06	44.772	0.963266	0.389	0.066671	-3.453	-4.625
SPBC2F12.05c	osh2	viable	V	0.589	-0.039	0.0	0.918	7.56	17.983	17.065	5.533	0.217	0.061	-0.147457	0.066	0.390195	-21.131	-22.302
SPBC2F12.08c	ceg1	inviable	E	6.217	0.68	2.079	2.637	6.674	13.008	10.371	5.441	2.287	34.169	0.998738	0.076	0.013782	-19.711	-20.883
SPBC2F12.10	mrpl35	inviable	E	7.204	0.652	3.857	4.532	9.414	17.074	12.542	7.924	2.65	24.738	0.999258	0.055	0.01052	-23.082	-24.253
SPBC2F12.11c	rep2	viable	V	0.471	0.045	-0.0	0.644	5.3	12.607	11.963	3.879	0.173	3.158	0.89055	0.05	0.119436	-24.02	-25.192
SPBC2F12.12c	cay1	viable	V	4.01	0.345	3.843	4.553	9.693	17.758	13.205	8.124	1.475	13.243	0.997389	0.055	0.01951	-22.937	-24.109
SPBC2F12.13	klp5	viable	V	-0.018	0.001	0.0	0.909	7.485	17.803	16.894	5.477	-0.007	-0.002	-0.585877	0.057	0.482713	-22.654	-23.826
SPBC2F12.14c	gua1	inviable	E	6.799	1.139	-0.0	0.364	3.001	7.138	6.773	2.196	2.501	61.163	0.942227	0.579	0.089099	0.541	-0.631
SPBC2F12.15c	pfa3	viable	V	-0.242	-0.034	0.0	0.441	3.628	8.63	8.189	2.655	-0.089	-2.011	0.838215	0.033	0.134232	-28.066	-29.237
SPBC2G2.01c	liz1	viable	V	2.727	0.207	2.292	3.097	8.922	18.062	14.965	7.143	1.003	10.948	0.98582	0.089	0.044478	-18.146	-19.318
SPBC2G2.02	syj1	viable	V	0.32	0.054	-0.0	0.364	3.001	7.138	6.773	2.196	0.118	2.883	0.283287	0.106	0.300462	-16.437	-17.609
SPBC2G2.03c	sbh1	viable	V	0.575	0.056	5.284	5.907	10.41	17.476	11.569	9.035	0.212	1.519	0.727636	0.112	0.168766	-15.932	-17.104
SPBC2G2.04c	mmf1	inviable	E	6.316	0.704	6.505	7.053	11.017	17.237	10.183	9.807	2.324	13.188	0.998832	0.054	0.01316	-23.259	-24.431
SPBC2G2.05	rpl1603	viable	V	0.809	0.135	-0.0	0.364	3.001	7.138	6.773	2.196	0.297	7.275	-0.093774	0.583	0.415097	0.601	-0.571
SPBC2G2.06c	apl1	viable	V	-0.176	0.023	0.0	0.458	3.774	8.977	8.518	2.762	-0.065	-0.009	-2.616918	0.078	0.730821	-19.485	-20.657
SPBC2G2.07c	mug178	viable	V	0.682	0.113	0.0	0.368	3.027	7.199	6.832	2.215	0.251	6.118	0.725949	0.154	0.16924	-12.718	-13.89
SPBC2G2.08	ade9	viable	V	0.013	-0.002	0.0	0.364	3.001	7.138	6.773	2.196	0.005	0.001	-1.218882	0.07	0.63536	-20.608	-21.78
SPBC2G2.09c	crs1	viable	V	-0.049	-0.003	0.0	0.945	7.782	18.51	17.565	5.695	-0.018	-0.246	-0.044986	0.02	0.403325	-33.239	-34.411
SPBC2G2.11	myr1	inviable	E	6.177	1.035	-0.0	0.364	3.001	7.138	6.773	2.196	2.272	55.564	0.959121	0.456	0.070893	-1.845	-3.017
SPBC2G2.12	hrs1	inviable	E	6.361	1.066	-0.0	0.364	3.001	7.138	6.773	2.196	2.34	57.218	0.975623	0.362	0.056739	-4.149	-5.32
SPBC2G2.13c	dcd1	viable	V	2.123	0.157	1.965	2.79	8.759	18.125	15.335	6.937	0.781	8.834	0.893848	0.192	0.109882	-10.522	-11.693
SPBC2G2.14	csi1	viable	V	1.134	0.19	4.735	5.099	7.735	11.872	6.773	6.931	0.417	5.051	0.97614	0.065	0.064624	-21.272	-22.444
SPBC2G2.15c	mrm2	viable	V	0.04	0.007	0.0	0.365	3.001	7.138	6.773	2.196	0.015	0.363	-0.140059	0.076	0.376256	-19.72	-20.892
SPBC2G2.16	mpi1	inviable	E	6.956	0.871	0.46	0.948	4.477	10.015	9.067	3.4	2.559	52.07	0.982008	0.341	0.048726	-4.762	-5.934
SPBC2G2.17c	psu2	viable	V	0.867	0.145	-0.0	0.364	3.001	7.138	6.773	2.196	0.319	7.799	0.82218	0.127	0.151575	-14.598	-15.77
SPBC2G5.01	SPBC2G5.01	viable	V	0.168	0.028	0.0	0.365	3.001	7.138	6.773	2.196	0.062	1.515	0.618982	0.036	0.227958	-27.365	-28.537
SPBC2G5.02c	ckb2	viable	V	0.628	0.041	0.0	0.945	7.782	18.51	17.565	5.695	0.231	3.139	0.678353	0.125	0.203202	-14.813	-15.985
SPBC2G5.03	ctu1	viable	V	3.263	0.275	1.212	1.937	7.178	15.402	13.465	5.578	1.2	16.997	0.996866	0.056	0.020687	-22.887	-24.059
SPBC2G5.04c	erv41	viable	V	-0.42	0.06	0.0	0.431	3.546	8.434	8.004	2.595	-0.155	-0.02	-1.015166	0.071	0.526748	-20.435	-21.607
SPBC2G5.05	tkt1	inviable	E	6.524	1.093	1.093	1.458	4.094	8.231	6.773	3.289	2.4	51.874	0.991899	0.234	0.036204	-8.54	-9.712
SPBC2G5.06c	hmt2	condition-dependent	V	1.776	0.15	0.445	1.168	6.397	14.601	13.433	4.8	0.653	10.345	0.991764	0.05	0.032802	-23.933	-25.105
SPBC30B4.01c	wsc1	viable	V	0.638	-0.041	0.0	0.945	7.782	18.51	17.565	5.695	0.235	0.068	-0.277817	0.092	0.419171	-17.882	-19.053
SPBC30B4.02c	sqs1	viable	V	-0.126	0.012	0.0	0.618	5.086	12.098	11.48	3.722	-0.046	-0.009	-0.142542	0.077	0.353225	-19.593	-20.765
SPBC30B4.03c	ldb1	viable	V	0.349	0.058	2.757	3.122	5.758	9.895	6.773	4.953	0.128	2.209	0.743706	0.103	0.177744	-16.773	-17.945
SPBC30B4.04c	sol1	viable	V	2.168	0.363	0.921	1.285	3.921	8.058	6.773	3.117	0.798	17.602	0.993292	0.07	0.031619	-20.619	-21.791
SPBC30B4.05	kap109	inviable	E	6.237	1.045	0.787	1.151	3.788	7.925	6.773	2.983	2.294	51.448	0.999215	0.068	0.011066	-20.897	-22.069
SPBC30B4.06c	ips1	viable	V	0.354	0.023	0.0	0.945	7.782	18.51	17.565	5.695	0.13	1.769	0.698922	0.074	0.194707	-20.012	-21.184
SPBC30B4.07c	tfb4	inviable	E	6.315	0.835	2.301	2.763	6.104	11.346	8.583	5.084	2.323	37.77	0.993056	0.199	0.032964	-10.131	-11.303
SPBC30B4.08	eri1	viable	V	0.06	-0.01	0.0	0.364	3.001	7.138	6.773	2.196	0.022	0.002	-1.236698	0.061	0.515416	-21.999	-23.17
SPBC30B4.09	SPBC30B4.09	viable	Not_determined	0.164	-0.023	0.0	0.427	3.515	8.361	7.934	2.572	0.06	0.008	-0.137893	0.147	0.348893	-13.205	-14.377
SPBC30D10.03c	isn1	viable	V	0.277	0.046	0.0	0.364	3.001	7.138	6.773	2.196	0.102	2.488	0.113548	0.27	0.343281	-7.087	-8.259
SPBC30D10.04	swi3	viable	V	1.375	0.089	-0.0	0.945	7.782	18.51	17.565	5.695	0.506	6.874	0.908113	0.108	0.100544	-16.221	-17.392
SPBC30D10.05c	nre1	viable	V	-0.053	0.004	0.0	0.804	6.623	15.754	14.95	4.847	-0.019	-0.005	-0.482763	0.083	0.431831	-18.9	-20.071
SPBC30D10.07c	bpl1	inviable	E	7.275	0.765	5.976	6.556	10.754	17.34	10.785	9.472	2.676	16.922	0.997613	0.09	0.018733	-18.059	-19.231
SPBC30D10.08	mgm101	inviable	E	3.576	0.524	7.766	8.182	11.194	15.92	7.738	10.274	1.316	6.08	0.997442	0.046	0.019298	-24.836	-26.008
SPBC30D10.09c	hva22	viable	V	0.04	0.005	0.0	0.467	3.845	9.147	8.68	2.814	0.015	0.324	0.005561	0.05	0.360577	-23.862	-25.033
SPBC30D10.10c	tor1	viable	V	2.901	0.25	3.881	4.589	9.712	17.75	13.162	8.148	1.067	9.53	0.99638	0.047	0.022579	-24.651	-25.823
SPBC30D10.11	gpi1	inviable	E	6.418	1.075	0.649	1.014	3.65	7.787	6.773	2.845	2.361	53.797	0.998808	0.085	0.013406	-18.6	-19.772
SPBC30D10.12c	rsm27	inviable	E	5.864	0.812	4.73	5.171	8.359	13.363	8.192	7.386	2.157	23.087	0.996596	0.117	0.023057	-15.488	-16.66
SPBC30D10.13c	pdb1	viable	V	5.524	0.417	2.25	3.057	8.901	18.07	15.012	7.117	2.032	22.278	0.983718	0.189	0.045478	-10.653	-11.824
SPBC30D10.14	SPBC30D10.14	viable	V	-0.194	0.027	0.0	0.438	3.606	8.577	8.139	2.639	-0.071	-0.01	-1.390336	0.099	0.728188	-17.123	-18.295
SPBC30D10.15	naf1	inviable	E	5.846	0.979	1.004	1.368	4.005	8.142	6.773	3.2	2.151	46.996	0.908628	0.75	0.124764	3.118	1.946
SPBC30D10.16	pha2	viable	V	-0.063	0.004	-0.0	0.945	7.782	18.51	17.565	5.695	-0.023	-0.007	-0.915971	0.042	0.586088	-25.794	-26.965
SPBC30D10.17c	smi1	inviable	E	7.06	1.183	-0.0	0.364	3.001	7.138	6.773	2.196	2.597	63.507	0.81993	1.113	0.151685	7.07	5.898
SPBC30D10.18c	rpl102	viable	V	0.838	0.06	1.409	2.268	8.483	18.234	15.966	6.586	0.308	3.693	0.850808	0.098	0.134525	-17.262	-18.434
SPBC317.01	mbx2	viable	V	1.548	0.259	4.843	5.208	7.844	11.981	6.773	7.039	0.57	6.741	0.978706	0.084	0.061631	-18.725	-19.897
SPBC31A8.01c	rtn1	viable	V	0.124	-0.021	0.0	0.368	3.034	7.216	6.848	2.22	0.046	0.005	-0.381605	0.142	0.40934	-13.516	-14.688
SPBC31E1.01c	atg2	viable	V	-0.426	0.052	0.0	0.5	4.116	9.791	9.291	3.012	-0.157	-0.024	-0.049288	0.06	0.347115	-22.068	-23.24
SPBC31E1.02c	pmr1	viable	V	1.781	0.224	7.542	8.027	11.533	17.034	9.007	10.462	0.655	2.904	0.99325	0.034	0.030755	-27.728	-28.9
SPBC31E1.03	hub1	inviable	E	6.306	0.784	0.556	1.047	4.599	10.173	9.126	3.515	2.32	46.489	0.99666	0.132	0.021677	-14.258	-15.43
SPBC31E1.04	pep12	condition-dependent	E	6.08	1.019	-0.0	0.364	3.001	7.138	6.773	2.196	2.237	54.697	0.98824	0.245	0.040073	-8.053	-9.225
SPBC31E1.05	gle1	inviable	E	6.502	1.048	0.392	0.77	3.511	7.811	7.041	2.674	2.392	55.244	0.993492	0.199	0.030035	-10.126	-11.297
SPBC31E1.06	bms1	inviable	E	6.97	1.168	-0.0	0.364	3.001	7.138	6.773	2.196	2.564	62.7	0.78206	1.151	0.170501	7.408	6.237
SPBC31F10.04c	srb4	inviable	E	4.199	0.703	4.087	4.451	7.087	11.224	6.773	6.283	1.545	21.243	0.987673	0.182	0.048562	-11.018	-12.19
SPBC31F10.05	mug37	viable	V	0.174	-0.012	0.0	0.921	7.586	18.044	17.123	5.551	0.064	0.018	0.024701	0.043	0.347462	-25.446	-26.617
SPBC31F10.07	lsb5	viable	V	-0.279	0.019	0.0	0.917	7.553	17.967	17.049	5.528	-0.103	-0.029	-0.122156	0.139	0.361626	-13.743	-14.914
SPBC31F10.08	mde2	viable	V	0.295	0.049	-0.0	0.364	3.001	7.138	6.773	2.196	0.109	2.655	0.810871	0.046	0.151588	-24.806	-25.978
SPBC31F10.09c	med10	viable	V	2.46	0.322	7.839	8.306	11.68	16.976	8.67	10.65	0.905	3.695	0.877763	0.185	0.125486	-10.883	-12.054
SPBC31F10.10c	mub1	viable	V	2.356	0.276	0.119	0.639	4.404	10.312	9.672	3.255	0.867	17.737	0.990306	0.082	0.036333	-19.023	-20.195
SPBC31F10.11c	cwf4	inviable	E	6.462	1.083	-0.0	0.364	3.001	7.138	6.773	2.196	2.377	58.128	0.97013	0.41	0.062134	-2.928	-4.099
SPBC31F10.12	tma20	viable	V	1.949	0.138	1.38	2.241	8.468	18.24	15.999	6.567	0.717	8.616	0.996967	0.029	0.020187	-29.43	-30.601
SPBC31F10.13c	hip1	condition-dependent	V	1.444	0.242	4.398	4.763	7.399	11.536	6.773	6.594	0.531	6.88	0.947271	0.129	0.103668	-14.466	-15.638
SPBC31F10.14c	hip3	condition-dependent	V	1.418	0.238	0.797	1.161	3.798	7.934	6.773	2.993	0.522	11.686	0.677586	0.401	0.240654	-3.128	-4.299
SPBC31F10.16	bch1	viable	V	0.355	0.023	0.0	0.945	7.782	18.51	17.565	5.695	0.13	1.773	0.723257	0.058	0.184049	-22.446	-23.617
SPBC32C12.02	ste11	condition-dependent	E	0.25	0.042	-0.0	0.364	3.001	7.138	6.773	2.196	0.092	2.253	0.198812	0.099	0.337821	-17.162	-18.334
SPBC32C12.03c	ppk25	viable	V	0.86	-0.057	0.0	0.925	7.618	18.12	17.195	5.575	0.316	0.09	0.013739	0.13	0.361128	-14.43	-15.601
SPBC32F12.01c	css1	condition-dependent	V	6.081	1.019	0.115	0.48	3.116	7.253	6.773	2.311	2.237	54.054	0.986009	0.273	0.044341	-6.983	-8.154
SPBC32F12.03c	gpx1	viable	V	-0.007	0.001	0.0	0.364	3.0	7.136	6.772	2.195	-0.003	-0.0	-0.467619	0.169	0.420423	-11.778	-12.95
SPBC32F12.04	gtb1	inviable	E	6.761	0.748	0.995	1.546	5.536	11.796	10.25	4.318	2.487	43.974	0.998407	0.094	0.015081	-17.601	-18.773
SPBC32F12.05c	cwf12	viable	V	0.972	0.063	0.085	1.025	7.824	18.493	17.468	5.749	0.357	4.824	0.95997	0.054	0.068614	-23.226	-24.398
SPBC32F12.06	pch1	inviable	E	5.163	0.462	2.606	3.288	8.227	15.976	12.687	6.719	1.899	22.394	0.950421	0.343	0.088271	-4.7	-5.871
SPBC32F12.07c	SPBC32F12.07c	viable	V	-0.287	-0.019	-0.0	0.945	7.782	18.51	17.565	5.695	-0.106	-1.435	0.082423	0.13	0.357651	-14.415	-15.587
SPBC32F12.08c	duo1	viable	V	2.224	0.228	5.712	6.309	10.623	17.392	11.083	9.306	0.818	5.438	0.969541	0.103	0.063095	-16.752	-17.923
SPBC32F12.09	rum1	viable	V	1.377	0.231	-0.0	0.364	3.001	7.138	6.773	2.196	0.506	12.383	0.821617	0.211	0.147682	-9.536	-10.708
SPBC32F12.10	pgm1	inviable	E	7.084	1.031	1.032	1.452	4.487	9.251	7.799	3.561	2.606	53.311	0.989989	0.272	0.037953	-7.012	-8.184
SPBC32F12.11	tdh1	viable	V	8.327	0.548	0.09	1.017	7.727	18.256	17.238	5.679	3.063	41.774	0.970296	0.379	0.059179	-3.693	-4.865
SPBC32F12.12c	SPBC32F12.12c	viable	V	-0.243	0.016	0.0	0.937	7.715	18.35	17.413	5.645	-0.089	-0.026	-0.097513	0.107	0.33706	-16.363	-17.535
SPBC32F12.16	gem7	unknown	Not_determined	6.666	0.799	4.04	4.549	8.235	14.017	9.468	7.109	2.452	27.396	0.998023	0.098	0.017527	-17.241	-18.413
SPBC32H8.01c	SPBC32H8.01c	viable	V	-0.093	-0.006	0.0	0.945	7.782	18.51	17.565	5.695	-0.034	-0.463	0.444701	0.032	0.276179	-28.495	-29.667
SPBC32H8.02c	nep2	viable	V	0.267	0.045	-0.0	0.364	3.001	7.138	6.773	2.196	0.098	2.404	-0.214265	0.16	0.358051	-12.323	-13.494
SPBC32H8.03	bem46	viable	V	1.183	0.198	8.609	8.973	11.609	15.746	6.773	10.805	0.435	1.566	0.969443	0.052	0.062526	-23.645	-24.817
SPBC32H8.04c	utp24	inviable	E	6.112	0.845	0.19	0.631	3.824	8.834	8.203	2.849	2.248	49.677	0.989564	0.229	0.038685	-8.73	-9.901
SPBC32H8.05	llp1	viable	V	-0.114	0.014	0.0	0.486	4.005	9.526	9.04	2.931	-0.042	-0.006	-0.033729	0.019	0.333705	-33.622	-34.794
SPBC32H8.06	mug93	viable	V	-0.056	-0.004	-0.0	0.945	7.782	18.51	17.565	5.695	-0.02	-0.278	0.126449	0.06	0.315727	-22.084	-23.255
SPBC32H8.07	git5	viable	V	1.955	0.126	-0.0	0.945	7.782	18.51	17.565	5.695	0.719	9.773	0.870552	0.174	0.119024	-11.507	-12.678
SPBC32H8.08c	omh5	viable	V	0.198	0.033	-0.0	0.364	3.001	7.138	6.773	2.196	0.073	1.779	0.728955	0.041	0.186045	-25.914	-27.085
SPBC32H8.09	wdr8	viable	V	-0.012	0.002	-0.0	0.364	3.0	7.136	6.772	2.196	-0.005	-0.001	-0.835124	0.116	0.488317	-15.523	-16.694
SPBC32H8.10	cdk9	inviable	E	8.069	0.577	1.486	2.34	8.521	18.219	15.879	6.634	2.968	35.291	0.949137	0.488	0.084965	-1.174	-2.345
SPBC32H8.11	mei4	viable	V	0.728	-0.047	0.0	0.945	7.782	18.51	17.565	5.695	0.268	0.078	-0.420567	0.113	0.485797	-15.83	-17.002
SPBC32H8.12c	act1	inviable	E	6.825	1.143	-0.0	0.364	3.001	7.138	6.773	2.196	2.511	61.393	0.581272	1.63	0.229934	10.884	9.713
SPBC32H8.13c	mok12	viable	V	0.302	-0.02	0.0	0.938	7.722	18.367	17.429	5.651	0.111	0.032	0.006412	0.072	0.321778	-20.255	-21.427
SPBC336.01	fbh1	viable	V	7.418	0.642	2.017	2.722	7.824	15.83	13.107	6.267	2.729	34.72	0.99553	0.15	0.025219	-12.941	-14.113
SPBC336.02	cdh1	inviable	E	6.183	1.036	-0.0	0.364	3.001	7.138	6.773	2.196	2.275	55.618	0.985553	0.277	0.043892	-6.831	-8.003
SPBC336.03	efc25	viable	V	-0.005	0.001	0.0	0.364	3.001	7.137	6.773	2.196	-0.002	-0.0	-2.396675	0.114	0.645297	-15.753	-16.925
SPBC336.04	cdc6	inviable	E	6.4	1.072	0.261	0.626	3.262	7.399	6.773	2.457	2.354	56.007	0.9854	0.295	0.044044	-6.217	-7.388
SPBC336.05c	hen1	viable	V	-0.102	-0.008	-0.0	0.766	6.304	14.995	14.23	4.613	-0.037	-0.602	-0.258772	0.044	0.404613	-25.212	-26.384
SPBC336.06c	rnh1	viable	V	-0.298	0.044	0.0	0.413	3.397	8.08	7.668	2.486	-0.11	-0.014	-1.753871	0.063	0.663111	-21.647	-22.819
SPBC336.07	sfc3	inviable	E	5.867	0.976	0.906	1.273	3.928	8.094	6.821	3.117	2.158	47.585	0.999037	0.071	0.012109	-20.463	-21.635
SPBC336.08	spc24	inviable	E	6.115	0.794	1.748	2.218	5.622	10.962	8.743	4.583	2.25	39.32	0.999754	0.036	0.006175	-27.331	-28.503
SPBC336.09c	rrn7	inviable	E	5.859	0.846	1.896	2.319	5.377	10.177	7.859	4.444	2.156	39.093	0.999651	0.042	0.00747	-25.644	-26.816
SPBC336.10c	tif512	viable	V	0.467	0.078	-0.0	0.364	3.001	7.138	6.773	2.196	0.172	4.197	0.023224	0.196	0.351439	-10.291	-11.463
SPBC336.11	vps52	inviable	E	6.006	0.911	2.938	3.341	6.252	10.821	7.48	5.363	2.21	35.1	0.999395	0.058	0.010082	-22.502	-23.674
SPBC336.12c	cdc10	inviable	E	4.565	0.765	0.756	1.121	3.757	7.894	6.773	2.952	1.679	37.794	0.99872	0.063	0.01432	-21.577	-22.748
SPBC336.13c	mmp2	viable	V	-0.27	0.018	0.0	0.933	7.681	18.271	17.338	5.621	-0.099	-0.028	-0.035415	0.163	0.331845	-12.164	-13.336
SPBC336.14c	ppk26	viable	V	1.888	0.136	1.642	2.487	8.598	18.189	15.702	6.732	0.695	8.13	0.842319	0.212	0.131928	-9.511	-10.683
SPBC336.15	pic1	inviable	E	6.392	0.797	0.638	1.128	4.672	10.234	9.106	3.59	2.352	46.698	0.995	0.164	0.026359	-12.058	-13.229
SPBC336.16	SPBC336.16	viable	Not_determined	0.321	0.021	0.0	0.945	7.782	18.51	17.565	5.695	0.118	1.603	0.818789	0.038	0.143619	-26.724	-27.896
SPBC337.02c	SPBC337.02c	viable	Not_determined	0.553	0.044	3.003	3.765	9.275	17.922	14.157	7.593	0.204	2.041	0.694325	0.117	0.185248	-15.433	-16.605
SPBC337.03	rhn1	viable	V	-0.627	0.042	0.0	0.902	7.427	17.666	16.764	5.435	-0.231	-0.064	0.016066	0.307	0.315285	-5.796	-6.968
SPBC337.04	ppk27	viable	V	-0.236	-0.018	0.0	0.823	6.774	16.113	15.29	4.957	-0.087	-1.322	0.860397	0.027	0.13415	-30.232	-31.404
SPBC337.05c	cct8	inviable	E	6.001	1.001	0.295	0.661	3.309	7.465	6.804	2.501	2.208	52.233	0.9949	0.163	0.027133	-12.171	-13.342
SPBC337.06c	cwf15	inviable	E	3.752	0.371	5.356	5.974	10.445	17.462	11.488	9.08	1.38	9.782	0.895981	0.296	0.118101	-6.175	-7.347
SPBC337.07c	ecm14	viable	V	0.005	0.001	0.0	0.364	3.0	7.137	6.772	2.196	0.002	0.047	-0.022942	0.025	0.339618	-30.836	-32.008
SPBC337.08c	ubi4	viable	V	1.486	0.249	-0.0	0.364	3.001	7.138	6.773	2.196	0.547	13.368	0.502745	0.41	0.236909	-2.914	-4.085
SPBC337.09	erg28	viable	V	2.126	0.185	4.009	4.71	9.776	17.725	13.016	8.229	0.782	6.856	0.902799	0.197	0.108784	-10.251	-11.422
SPBC337.10c	dre2	viable	V	6.502	1.089	-0.0	0.364	3.001	7.138	6.773	2.196	2.392	58.49	0.937194	0.595	0.08748	0.812	-0.36
SPBC337.11	SPBC337.11	viable	V	0.111	-0.007	0.0	0.943	7.76	18.458	17.516	5.679	0.041	0.012	-0.001577	0.07	0.345094	-20.585	-21.757
SPBC337.12	red5	inviable	E	7.309	0.925	0.276	0.759	4.248	9.724	8.965	3.183	2.689	56.266	0.993291	0.216	0.030419	-9.326	-10.498
SPBC337.13c	gtr1	condition-dependent	E	6.556	0.836	-0.0	0.479	3.944	9.381	8.902	2.886	2.412	52.292	0.967066	0.42	0.064053	-2.669	-3.841
SPBC337.14	rpb4	inviable	E	7.132	0.745	0.629	1.213	5.44	12.073	10.86	4.15	2.624	46.98	0.982485	0.326	0.04806	-5.224	-6.395
SPBC337.15c	coq7	condition-dependent	V	2.308	0.239	5.842	6.43	10.687	17.367	10.936	9.387	0.849	5.507	0.976161	0.089	0.056547	-18.21	-19.381
SPBC337.16	cho1	viable	V	0.191	0.028	0.0	0.414	3.412	8.117	7.702	2.497	0.07	1.63	0.592994	0.068	0.263172	-20.897	-22.069
SPBC342.01c	alg6	viable	V	1.415	0.237	7.265	7.63	10.266	14.403	6.773	9.461	0.52	3.216	0.979087	0.067	0.054797	-21.053	-22.224
SPBC342.02	qrs1	inviable	E	6.915	1.158	-0.0	0.364	3.001	7.138	6.773	2.196	2.544	62.202	0.984795	0.317	0.045514	-5.494	-6.666
SPBC342.03	gas4	viable	V	-0.127	-0.021	0.0	0.364	3.001	7.138	6.773	2.196	-0.047	-1.146	0.210727	0.105	0.327058	-16.508	-17.68
SPBC342.04	rpn1301	viable	V	0.002	0.0	-0.0	0.359	2.956	7.03	6.671	2.163	0.001	0.014	-0.000362	0.049	0.326832	-24.154	-25.326
SPBC342.05	crb2	viable	V	-0.177	0.03	0.0	0.364	3.001	7.138	6.773	2.196	-0.065	-0.007	-0.042164	0.089	0.337335	-18.185	-19.357
SPBC342.06c	rtt109	viable	V	1.204	0.202	4.163	4.528	7.164	11.301	6.773	6.359	0.443	6.005	0.99003	0.049	0.040141	-24.1	-25.271
SPBC354.01	gtp1	viable	V	0.515	-0.034	0.0	0.916	7.542	17.939	17.023	5.519	0.19	0.053	-0.091772	0.082	0.363679	-19.031	-20.203
SPBC354.02c	sec61	inviable	E	6.131	1.027	0.292	0.657	3.293	7.43	6.773	2.488	2.255	53.472	0.98951	0.239	0.037811	-8.297	-9.469
SPBC354.03	swd3	viable	V	0.883	0.059	0.641	1.547	8.101	18.385	16.838	6.1	0.325	4.182	0.838809	0.108	0.139597	-16.291	-17.462
SPBC354.05c	sre2	viable	V	0.028	-0.002	-0.0	0.925	7.613	18.108	17.183	5.571	0.01	0.003	-0.484611	0.139	0.445397	-13.735	-14.907
SPBC354.06	mrps16	inviable	E	5.15	0.627	3.408	3.909	7.539	13.234	9.325	6.431	1.895	24.203	0.99997	0.01	0.002185	-40.215	-41.387
SPBC354.07c	osh42	viable	V	0.211	0.014	0.074	1.014	7.818	18.495	17.481	5.741	0.077	1.047	0.44936	0.052	0.311331	-23.507	-24.679
SPBC354.08c	rsn1	viable	V	0.085	0.006	0.0	0.815	6.711	15.963	15.148	4.911	0.031	0.48	-0.283977	0.031	0.385929	-28.778	-29.95
SPBC354.09c	tre1	viable	V	0.054	-0.009	0.0	0.364	3.0	7.136	6.772	2.195	0.02	0.002	-1.062481	0.098	0.531695	-17.245	-18.417
SPBC354.10	def1	viable	V	3.312	0.396	7.113	7.623	11.319	17.118	9.494	10.191	1.219	6.024	0.896863	0.236	0.112184	-8.452	-9.624
SPBC354.13	rga6	viable	V	-0.106	0.018	0.0	0.364	3.0	7.137	6.772	2.196	-0.039	-0.004	-0.214958	0.075	0.384151	-19.966	-21.138
SPBC354.14c	vac8	viable	V	-0.175	-0.029	-0.0	0.364	3.001	7.138	6.773	2.196	-0.065	-1.578	-0.008845	0.085	0.379719	-18.6	-19.771
SPBC354.15	fap1	viable	V	0.133	0.022	-0.0	0.364	3.001	7.138	6.773	2.196	0.049	1.198	-0.030773	0.07	0.36515	-20.629	-21.801
SPBC359.01	SPBC359.01	viable	V	0.504	-0.043	0.0	0.723	5.951	14.154	13.432	4.355	0.186	0.041	-0.095128	0.095	0.374364	-17.529	-18.701
SPBC359.02	alr2	inviable	E	-0.22	0.015	0.0	0.918	7.558	17.978	17.06	5.531	-0.081	-0.023	-0.061569	0.062	0.385029	-21.808	-22.98
SPBC359.03c	aat1	viable	V	-0.198	0.033	0.0	0.364	3.001	7.138	6.773	2.196	-0.073	-0.008	-0.024634	0.074	0.351368	-20.018	-21.19
SPBC359.04c	pfl7	viable	V	0.417	0.027	-0.0	0.945	7.782	18.509	17.564	5.695	0.153	2.085	0.053935	0.14	0.388765	-13.692	-14.864
SPBC359.05	abc3	viable	V	0.661	0.111	0.971	1.336	3.972	8.109	6.773	3.167	0.243	5.335	0.312906	0.389	0.29914	-3.452	-4.624
SPBC359.06	mug14	viable	V	-0.396	0.064	0.0	0.377	3.102	7.378	7.001	2.27	-0.146	-0.017	-0.63281	0.108	0.501995	-16.216	-17.388
SPBC36.01c	SPBC36.01c	viable	V	-0.284	0.042	0.0	0.415	3.419	8.133	7.718	2.502	-0.105	-0.013	-1.514267	0.054	0.678847	-23.131	-24.303
SPBC36.02c	SPBC36.02c	viable	V	0.012	-0.002	0.0	0.364	3.001	7.138	6.773	2.196	0.004	0.0	-1.129632	0.075	0.524251	-19.907	-21.079
SPBC36.03c	mfs3	viable	V	0.234	0.039	0.0	0.364	3.001	7.138	6.773	2.196	0.086	2.106	0.397957	0.094	0.2623	-17.599	-18.771
SPBC36.04	cys11	condition-dependent	V	2.429	0.2	2.351	3.093	8.457	16.875	13.783	6.82	0.894	10.319	0.991445	0.066	0.035146	-21.239	-22.411
SPBC36.05c	clr6	inviable	E	7.895	0.713	4.403	5.079	9.972	17.648	12.569	8.478	2.904	24.032	0.983467	0.266	0.047101	-7.254	-8.426
SPBC36.06c	spo9	condition-dependent	V	0.648	0.063	0.0	0.624	5.134	12.211	11.587	3.757	0.238	4.434	0.857767	0.081	0.141471	-19.09	-20.262
SPBC36.07	elp1	viable	V	4.59	0.448	1.041	1.667	6.193	13.295	11.629	4.811	1.689	27.294	0.99381	0.12	0.029162	-15.198	-16.369
SPBC36.08c	cog2	inviable	E	7.578	1.269	1.619	1.984	4.62	8.757	6.773	3.815	2.788	56.365	0.99987	0.035	0.004623	-27.664	-28.836
SPBC36.09	sap61	inviable	E	6.406	1.073	0.671	1.036	3.672	7.809	6.773	2.867	2.357	53.554	0.998595	0.093	0.014478	-17.782	-18.954
SPBC36.10	ups2	viable	V	-0.001	0.0	0.0	0.364	2.997	7.129	6.765	2.193	-0.0	-0.0	-1.712489	0.137	0.584096	-13.901	-15.073
SPBC36.11	SPBC36.11	viable	V	-0.36	-0.06	-0.0	0.364	3.001	7.138	6.773	2.196	-0.132	-3.234	0.196719	0.259	0.331078	-7.5	-8.672
SPBC36.12c	git7	inviable	E	5.176	0.679	1.986	2.452	5.818	11.1	8.648	4.79	1.904	32.337	0.999557	0.041	0.008342	-25.999	-27.171
SPBC365.01	csr103	viable	V	0.194	0.032	-0.0	0.364	3.001	7.138	6.773	2.196	0.071	1.744	0.27484	0.101	0.297157	-16.953	-18.124
SPBC365.02c	cox10	viable	V	1.229	0.093	0.342	1.147	6.971	16.11	14.962	5.193	0.452	6.683	0.966802	0.068	0.065369	-20.952	-22.124
SPBC365.03c	rpl2101	viable	V	6.494	0.608	-0.0	0.652	5.372	12.777	12.124	3.931	2.389	43.124	0.963348	0.398	0.065599	-3.202	-4.374
SPBC365.04c	nop6	viable	V	0.903	0.06	-0.0	0.918	7.559	17.979	17.061	5.531	0.332	4.626	0.89915	0.075	0.112526	-19.94	-21.112
SPBC365.07c	tmf1	viable	V	0.216	-0.014	0.0	0.935	7.702	18.32	17.384	5.636	0.08	0.023	0.024684	0.043	0.336218	-25.457	-26.629
SPBC365.08c	der1	viable	V	-0.656	0.083	0.0	0.484	3.988	9.486	9.001	2.918	-0.241	-0.036	-0.031613	0.095	0.355112	-17.521	-18.693
SPBC365.10	arp5	viable	V	5.177	0.553	6.041	6.613	10.746	17.233	10.62	9.484	1.905	11.973	0.999608	0.027	0.007656	-30.296	-31.467
SPBC365.12c	ish1	viable	V	0.095	0.016	0.0	0.365	3.001	7.138	6.773	2.196	0.035	0.853	0.223599	0.066	0.319237	-21.217	-22.389
SPBC365.13c	hba1	viable	V	5.104	0.405	1.537	2.307	7.873	16.608	14.301	6.174	1.878	24.118	0.99833	0.06	0.015149	-22.1	-23.272
SPBC365.14c	uge1	viable	V	6.99	0.621	4.219	4.906	9.88	17.684	12.778	8.361	2.571	21.872	0.999971	0.01	0.002088	-39.949	-41.121
SPBC365.15	alp4	inviable	E	6.339	0.821	1.82	2.292	5.704	11.057	8.765	4.662	2.332	40.276	0.99928	0.063	0.010552	-21.595	-22.766
SPBC365.16	SPBC365.16	viable	V	1.338	0.147	-0.0	0.554	4.565	10.859	10.305	3.341	0.492	9.851	0.924086	0.123	0.094965	-14.957	-16.129
SPBC36B7.02	svf2	viable	V	-0.001	0.0	0.0	0.364	3.001	7.137	6.773	2.196	-0.0	-0.0	-1.178152	0.154	0.562738	-12.696	-13.867
SPBC36B7.03	sec63	viable	V	6.612	0.936	0.153	0.584	3.703	8.597	8.013	2.751	2.432	54.553	0.991216	0.228	0.03476	-8.778	-9.95
SPBC36B7.04	dus1	viable	V	0.265	0.044	-0.0	0.364	3.001	7.138	6.773	2.196	0.097	2.379	0.688196	0.052	0.192325	-23.505	-24.677
SPBC36B7.05c	pib1	viable	V	0.383	0.064	-0.0	0.364	3.001	7.138	6.773	2.196	0.141	3.446	-0.142502	0.232	0.422487	-8.594	-9.766
SPBC36B7.06c	mug20	viable	V	-0.034	0.005	0.0	0.397	3.27	7.777	7.38	2.393	-0.012	-0.002	-0.310736	0.086	0.456707	-18.497	-19.669
SPBC36B7.07	tlg1	condition-dependent	E	6.072	0.701	2.657	3.186	7.009	13.008	9.823	5.842	2.234	31.472	0.987513	0.234	0.04473	-8.535	-9.706
SPBC36B7.08c	ccp1	viable	V	-0.385	0.048	0.0	0.486	4.004	9.524	9.037	2.93	-0.142	-0.021	-0.13542	0.072	0.405417	-20.288	-21.46
SPBC36B7.09	gcn2	inviable	E	0.433	0.072	-0.0	0.364	3.001	7.138	6.773	2.196	0.159	3.891	0.594168	0.096	0.227483	-17.434	-18.606
SPBC3B8.01c	arh1	inviable	E	6.191	0.86	1.852	2.291	5.469	10.455	8.163	4.499	2.277	40.734	0.998828	0.081	0.013559	-19.142	-20.313
SPBC3B8.03	lys9	viable	V	0.58	0.038	0.0	0.945	7.782	18.51	17.565	5.695	0.214	2.901	0.498593	0.158	0.252701	-12.44	-13.611
SPBC3B8.04c	plt1	viable	V	0.456	0.076	-0.0	0.364	3.001	7.138	6.773	2.196	0.168	4.106	0.75268	0.087	0.180709	-18.428	-19.599
SPBC3B8.05	dph1	viable	V	1.992	0.183	1.546	2.209	7.005	14.53	12.321	5.541	0.733	10.541	0.988702	0.068	0.041277	-20.952	-22.124
SPBC3B8.06	SPBC3B8.06	viable	V	0.916	0.153	-0.0	0.364	3.001	7.138	6.773	2.196	0.337	8.241	0.232543	0.299	0.31066	-6.057	-7.229
SPBC3B8.07c	dsd1	viable	V	0.079	-0.005	0.0	0.941	7.744	18.419	17.479	5.667	0.029	0.008	-0.333978	0.075	0.385769	-19.924	-21.096
SPBC3B8.08	SPBC3B8.08	viable	V	-0.152	0.021	-0.0	0.439	3.614	8.595	8.156	2.644	-0.056	-0.008	-0.058439	0.064	0.340439	-21.435	-22.607
SPBC3B8.09	utp3	inviable	E	7.216	1.209	0.12	0.484	3.12	7.257	6.773	2.316	2.654	64.106	0.959318	0.564	0.079559	0.274	-0.897
SPBC3B8.10	ina17	unknown	Not_determined	-0.321	0.049	0.0	0.4	3.293	7.834	7.434	2.41	-0.118	-0.014	-0.261361	0.034	0.371781	-27.863	-29.035
SPBC3B8.11	rrn6	inviable	E	6.473	0.788	0.919	1.421	5.048	10.74	9.319	3.94	2.381	45.021	0.99773	0.111	0.018401	-15.941	-17.113
SPBC3B9.01	fes1	inviable	E	5.648	0.946	1.578	1.942	4.578	8.715	6.773	3.774	2.078	42.242	0.996105	0.141	0.024991	-13.56	-14.731
SPBC3B9.02c	cwf28	inviable	E	6.386	1.07	0.014	0.378	3.015	7.152	6.773	2.21	2.349	57.361	0.991895	0.216	0.034488	-9.325	-10.496
SPBC3B9.03	srp101	inviable	E	6.403	0.976	0.625	1.026	3.924	8.471	7.445	3.039	2.355	51.729	0.994136	0.187	0.028794	-10.776	-11.948
SPBC3B9.04	oms1	viable	V	0.296	0.019	-0.0	0.945	7.782	18.51	17.565	5.695	0.109	1.48	0.82654	0.039	0.15664	-26.522	-27.693
SPBC3B9.05	hot15	viable	V	1.103	0.185	0.795	1.159	3.796	7.933	6.773	2.991	0.406	9.094	0.922864	0.128	0.113545	-14.587	-15.758
SPBC3B9.06c	atg3	viable	V	0.04	0.007	0.0	0.364	3.001	7.137	6.773	2.196	0.015	0.358	-0.004632	0.072	0.344967	-20.297	-21.469
SPBC3B9.07c	rpa43	inviable	E	7.696	0.765	0.815	1.429	5.87	12.839	11.41	4.514	2.831	47.856	0.994985	0.182	0.026645	-11.063	-12.235
SPBC3B9.08c	mnh1	viable	V	-0.082	0.012	0.0	0.405	3.331	7.922	7.518	2.437	-0.03	-0.004	-0.746413	0.071	0.473739	-20.442	-21.614
SPBC3B9.09	vps36	viable	V	0.242	0.023	0.0	0.653	5.38	12.797	12.144	3.937	0.089	1.607	0.723623	0.05	0.190899	-24.031	-25.203
SPBC3B9.10	vti1	inviable	E	6.592	1.104	-0.0	0.364	3.001	7.138	6.773	2.196	2.425	59.302	0.969456	0.423	0.065288	-2.608	-3.78
SPBC3B9.11c	ctf1	viable	V	-0.158	-0.027	0.0	0.364	3.001	7.138	6.773	2.196	-0.058	-1.424	0.925101	0.016	0.104389	-35.048	-36.22
SPBC3B9.12	trs23	inviable	E	5.885	0.986	2.002	2.367	5.003	9.14	6.773	4.198	2.165	41.569	0.998589	0.089	0.015861	-18.168	-19.34
SPBC3B9.13c	rpp102	viable	V	3.648	0.457	-0.0	0.487	4.012	9.543	9.055	2.936	1.342	28.844	0.886338	0.433	0.110507	-2.363	-3.535
SPBC3B9.14c	mrpl3	inviable	E	5.679	0.784	1.937	2.38	5.58	10.601	8.221	4.603	2.089	36.768	0.99643	0.13	0.023564	-14.418	-15.59
SPBC3B9.15c	scp1	viable	V	-0.025	0.004	-0.0	0.364	3.001	7.137	6.773	2.196	-0.009	-0.001	-2.630872	0.05	0.661715	-23.899	-25.071
SPBC3B9.16c	nup120	condition-dependent	E	6.185	0.55	4.23	4.917	9.886	17.682	12.765	8.369	2.275	19.319	0.996913	0.09	0.02106	-18.027	-19.199
SPBC3B9.17	isa2	inviable	E	7.137	0.693	5.187	5.815	10.361	17.495	11.68	8.973	2.625	19.158	0.995965	0.116	0.024116	-15.509	-16.68
SPBC3B9.19	mge1	inviable	E	6.468	1.084	0.151	0.515	3.152	7.288	6.773	2.347	2.38	57.28	0.989586	0.251	0.040182	-7.821	-8.992
SPBC3B9.21	dcp1	inviable	E	6.576	0.569	2.772	3.477	8.58	16.588	13.111	7.022	2.419	26.967	0.999138	0.056	0.011243	-22.764	-23.936
SPBC3B9.22c	dad4	unknown	Not_determined	1.609	0.138	3.821	4.533	9.682	17.762	13.229	8.11	0.592	5.328	0.766382	0.227	0.169885	-8.83	-10.001
SPBC3D6.02	but2	viable	V	-0.172	0.011	0.0	0.919	7.567	18.0	17.08	5.538	-0.063	-0.018	-0.089743	0.207	0.339683	-9.773	-10.945
SPBC3D6.03c	trz2	inviable	E	7.806	1.031	7.905	8.367	11.713	16.963	8.595	10.692	2.872	11.508	0.971705	0.29	0.062432	-6.362	-7.533
SPBC3D6.04c	mad1	viable	V	0.375	0.024	-0.0	0.945	7.782	18.51	17.565	5.695	0.138	1.876	0.554832	0.087	0.269225	-18.423	-19.595
SPBC3D6.05	ptp4	viable	V	0.232	0.039	-0.0	0.364	3.001	7.138	6.773	2.196	0.085	2.089	0.532697	0.066	0.222958	-21.148	-22.32
SPBC3D6.06c	prs5	viable	V	-0.13	0.008	0.0	0.935	7.695	18.302	17.368	5.631	-0.048	-0.014	-0.369811	0.112	0.389672	-15.907	-17.079
SPBC3D6.07	gpi3	inviable	E	6.304	1.056	0.703	1.067	3.703	7.84	6.773	2.899	2.319	52.516	0.993633	0.195	0.030407	-10.326	-11.497
SPBC3D6.08c	lsm1	viable	V	3.978	0.414	0.682	1.269	5.515	12.178	10.909	4.219	1.463	25.944	0.99316	0.113	0.030412	-15.843	-17.015
SPBC3D6.09	dpb4	viable	V	0.177	0.03	0.0	0.364	3.001	7.138	6.773	2.196	0.065	1.595	0.825412	0.034	0.177335	-27.8	-28.971
SPBC3D6.11c	slx8	inviable	E	1.972	0.156	2.826	3.599	9.187	17.957	14.358	7.481	0.726	7.437	0.929552	0.143	0.105297	-13.457	-14.629
SPBC3D6.12	dip2	inviable	E	6.239	0.815	0.384	0.851	4.233	9.539	8.688	3.2	2.295	48.197	0.993891	0.178	0.028919	-11.25	-12.422
SPBC3D6.13c	pdi3	viable	V	0.046	-0.008	0.0	0.364	3.001	7.138	6.773	2.196	0.017	0.002	-0.343214	0.074	0.395844	-19.98	-21.152
SPBC3D6.15	rps2501	viable	V	-0.321	-0.021	-0.0	0.945	7.782	18.51	17.565	5.695	-0.118	-1.602	0.370654	0.084	0.270207	-18.797	-19.969
SPBC3D6.16	SPBC3D6.16	unknown	Not_determined	0.524	0.088	-0.0	0.364	3.001	7.138	6.773	2.196	0.193	4.712	-0.077041	0.261	0.357999	-7.433	-8.605
SPBC3E7.01	fab1	viable	V	2.716	0.19	1.218	2.088	8.387	18.272	16.183	6.464	0.999	12.198	0.955752	0.153	0.076963	-12.778	-13.95
SPBC3E7.02c	hsp16	viable	V	0.044	-0.007	0.0	0.364	3.001	7.138	6.773	2.196	0.016	0.002	-0.748932	0.111	0.483151	-16.015	-17.186
SPBC3E7.04c	ric8	unknown	Not_determined	0.005	-0.001	0.0	0.364	3.001	7.138	6.774	2.196	0.002	0.0	-1.052591	0.084	0.553025	-18.828	-20.0
SPBC3E7.05c	mic60	viable	V	0.37	0.024	-0.0	0.945	7.782	18.51	17.565	5.695	0.136	1.852	0.909933	0.029	0.10178	-29.508	-30.68
SPBC3E7.06c	fnx2	viable	V	0.922	-0.06	0.0	0.945	7.782	18.51	17.565	5.695	0.339	0.098	-0.475368	0.122	0.441049	-15.023	-16.195
SPBC3E7.07c	SPBC3E7.07c	viable	V	0.236	0.04	-0.0	0.364	3.001	7.138	6.773	2.196	0.087	2.126	0.443093	0.064	0.259386	-21.478	-22.65
SPBC3E7.08c	rad13	viable	V	0.285	0.018	-0.0	0.945	7.782	18.51	17.565	5.695	0.105	1.424	0.844343	0.029	0.137455	-29.404	-30.575
SPBC3E7.09	SPBC3E7.09	viable	V	1.372	0.122	4.261	4.946	9.901	17.676	12.73	8.388	0.505	4.265	0.989127	0.039	0.039444	-26.419	-27.591
SPBC3E7.10	fma1	viable	V	2.737	0.379	8.263	8.704	11.891	16.893	8.189	10.918	1.007	3.618	0.862727	0.203	0.129073	-9.925	-11.097
SPBC3E7.11c	SPBC3E7.11c	viable	V	0.191	0.032	-0.0	0.364	3.001	7.138	6.773	2.196	0.07	1.717	0.239677	0.066	0.33096	-21.202	-22.374
SPBC3E7.12c	cfh4	viable	V	0.003	-0.0	0.0	0.364	3.001	7.138	6.774	2.196	0.001	0.0	-1.757969	0.101	0.621626	-16.956	-18.127
SPBC3E7.13c	syf2	inviable	E	5.5	0.747	1.518	1.968	5.22	10.322	8.354	4.227	2.023	37.471	0.999154	0.06	0.011403	-22.06	-23.232
SPBC3E7.14	smf1	inviable	E	6.148	0.919	0.428	0.836	3.792	8.431	7.594	2.89	2.262	50.38	0.994286	0.175	0.028188	-11.437	-12.608
SPBC3E7.15c	lac1	viable	V	5.596	0.411	1.86	2.691	8.707	18.146	15.455	6.87	2.059	23.55	0.994774	0.108	0.026172	-16.248	-17.42
SPBC3E7.16c	leu3	viable	V	-0.087	-0.006	0.0	0.945	7.782	18.51	17.565	5.695	-0.032	-0.437	0.074497	0.059	0.365983	-22.378	-23.549
SPBC3E7.17	SPBC3E7.17	unknown	Not_determined	-0.089	-0.006	0.0	0.846	6.961	16.558	15.712	5.094	-0.033	-0.489	0.23773	0.101	0.290712	-16.967	-18.139
SPBC3F6.01c	hpp5	viable	V	-0.693	0.087	0.0	0.483	3.981	9.469	8.985	2.913	-0.255	-0.038	-0.039527	0.108	0.328684	-16.244	-17.415
SPBC3F6.02c	erg26	inviable	E	5.53	0.861	1.373	1.766	4.602	9.054	7.288	3.736	2.034	41.114	0.999869	0.025	0.004557	-31.022	-32.194
SPBC3F6.03	trr1	viable	V	5.469	0.427	0.773	1.555	7.217	16.102	14.547	5.489	2.012	28.625	0.988553	0.17	0.03926	-11.713	-12.885
SPBC3F6.04c	nop14	inviable	E	6.426	0.877	0.423	0.87	4.104	9.18	8.31	3.117	2.364	50.526	0.995349	0.162	0.025465	-12.211	-13.382
SPBC3F6.05	rga1	viable	V	6.034	0.573	2.466	3.109	7.763	15.066	11.957	6.342	2.22	28.075	0.998031	0.084	0.017166	-18.805	-19.977
SPBC3H7.01	spo14	inviable	E	6.49	1.087	0.483	0.848	3.484	7.621	6.773	2.679	2.387	55.427	0.995839	0.161	0.025106	-12.252	-13.424
SPBC3H7.02	sul1	viable	V	-0.409	0.026	0.0	0.945	7.782	18.51	17.565	5.695	-0.15	-0.044	-0.436969	0.068	0.424917	-20.822	-21.994
SPBC3H7.03c	kgd1	condition-dependent	V	0.856	0.065	2.373	3.173	8.962	18.046	14.873	7.195	0.315	3.405	0.882281	0.089	0.124165	-18.23	-19.402
SPBC3H7.04	SPBC3H7.04	inviable	E	5.613	0.634	3.133	3.673	7.585	13.724	10.051	6.391	2.065	26.335	0.999402	0.046	0.009667	-24.725	-25.896
SPBC3H7.05c	acn1	viable	V	0.3	-0.02	0.0	0.926	7.626	18.138	17.212	5.58	0.11	0.031	-0.070385	0.096	0.332445	-17.461	-18.632
SPBC3H7.06c	pof9	viable	V	-0.477	0.062	0.0	0.469	3.865	9.193	8.724	2.828	-0.175	-0.025	-0.068561	0.052	0.377042	-23.559	-24.731
SPBC3H7.07c	ser2	viable	V	5.33	0.683	0.616	1.093	4.543	9.955	8.862	3.49	1.961	39.621	0.991507	0.18	0.035961	-11.175	-12.347
SPBC3H7.08c	mra2	viable	V	-0.041	-0.005	0.0	0.473	3.895	9.264	8.791	2.85	-0.015	-0.329	0.16299	0.043	0.358479	-25.545	-26.717
SPBC3H7.09	erf2	viable	V	0.574	0.061	3.646	4.22	8.369	14.881	10.662	7.103	0.211	2.34	0.965261	0.038	0.071508	-26.634	-27.806
SPBC3H7.10	elp6	viable	V	5.742	0.404	1.087	1.954	8.225	18.065	16.111	6.31	2.112	26.405	0.984693	0.193	0.044402	-10.473	-11.644
SPBC3H7.11	trm141	viable	V	0.381	0.064	-0.0	0.364	3.001	7.138	6.773	2.196	0.14	3.425	-0.028653	0.24	0.363592	-8.257	-9.429
SPBC3H7.12	rav2	viable	V	-0.299	0.034	0.0	0.543	4.471	10.635	10.092	3.272	-0.11	-0.018	-1.165016	0.054	0.605359	-23.099	-24.27
SPBC3H7.13	csc1	viable	V	0.069	-0.011	0.0	0.372	3.065	7.291	6.918	2.243	0.025	0.003	-0.721175	0.138	0.475785	-13.841	-15.013
SPBC4.01	dni2	viable	V	0.135	-0.009	0.0	0.928	7.643	18.178	17.25	5.593	0.05	0.014	-0.151341	0.054	0.384423	-23.15	-24.322
SPBC4.02c	SPBC4.02c	viable	V	0.205	0.034	-0.0	0.364	3.001	7.138	6.773	2.196	0.075	1.843	-0.206823	0.126	0.416797	-14.725	-15.897
SPBC4.03c	sfb3	inviable	E	5.695	0.954	1.295	1.659	4.296	8.433	6.773	3.491	2.095	44.169	0.995855	0.146	0.025413	-13.261	-14.432
SPBC4.04c	mcm2	inviable	E	5.803	0.972	0.371	0.735	3.371	7.508	6.773	2.567	2.135	50.183	0.997263	0.116	0.020488	-15.55	-16.722
SPBC4.05	mlo2	viable	V	0.271	0.045	-0.0	0.364	3.001	7.138	6.773	2.196	0.1	2.439	0.455104	0.071	0.276401	-20.407	-21.579
SPBC4.06	SPBC4.06	viable	V	0.008	-0.001	0.0	0.578	4.76	11.322	10.744	3.483	0.003	0.001	-0.325013	0.065	0.503901	-21.333	-22.505
SPBC4.07c	rpt2	inviable	E	6.728	1.127	0.582	0.946	3.582	7.719	6.773	2.778	2.475	56.83	0.947165	0.626	0.097454	1.315	0.143
SPBC405.01	ade1	viable	V	0.341	0.057	1.131	1.496	4.132	8.269	6.773	3.327	0.125	2.696	0.617784	0.121	0.228447	-15.094	-16.266
SPBC405.03c	SPBC405.03c	viable	V	-0.121	0.017	0.0	0.424	3.494	8.31	7.886	2.557	-0.044	-0.006	-2.165036	0.076	0.57162	-19.767	-20.939
SPBC405.05	atg16	viable	V	-0.101	-0.017	-0.0	0.364	3.001	7.138	6.773	2.196	-0.037	-0.911	-0.05097	0.189	0.369636	-10.666	-11.838
SPBC405.06	xdj1	viable	V	1.188	0.077	0.0	0.945	7.782	18.51	17.565	5.695	0.437	5.94	0.908219	0.098	0.10914	-17.205	-18.377
SPBC405.07	rpl3602	viable	V	3.976	0.666	0.49	0.854	3.491	7.628	6.773	2.686	1.463	33.929	0.961924	0.305	0.072871	-5.864	-7.035
SPBC409.04c	mis12	inviable	E	6.8	0.77	2.018	2.558	6.46	12.582	10.025	5.268	2.502	38.598	0.990828	0.227	0.038194	-8.825	-9.997
SPBC409.06	uch2	viable	V	-0.129	-0.022	-0.0	0.364	3.001	7.138	6.773	2.196	-0.047	-1.156	-0.246966	0.1	0.387101	-17.039	-18.21
SPBC409.07c	wis1	viable	V	0.38	0.064	0.0	0.365	3.001	7.138	6.773	2.196	0.14	3.414	0.06555	0.706	0.334422	2.518	1.346
SPBC409.08	SPBC409.08	viable	V	0.01	0.002	0.0	0.364	3.001	7.137	6.773	2.196	0.004	0.091	0.010432	0.026	0.350753	-30.514	-31.685
SPBC409.09c	mis13	inviable	E	8.017	0.712	1.24	1.928	6.905	14.714	12.786	5.386	2.949	43.247	0.997638	0.122	0.018047	-15.038	-16.209
SPBC409.10	ade7	viable	V	-0.019	-0.003	-0.0	0.364	3.0	7.137	6.772	2.196	-0.007	-0.167	-0.183341	0.022	0.422222	-32.187	-33.359
SPBC409.11	meu18	viable	V	-0.085	-0.006	0.0	0.945	7.782	18.51	17.565	5.695	-0.031	-0.427	0.586864	0.025	0.26127	-30.752	-31.924
SPBC409.12c	stn1	inviable	E	6.368	0.581	4.527	5.196	10.033	17.624	12.428	8.557	2.343	19.02	0.998257	0.07	0.01603	-20.596	-21.768
SPBC409.13	rib4	inviable	E	5.964	0.999	-0.0	0.364	3.001	7.138	6.773	2.196	2.194	53.654	0.987769	0.246	0.041586	-8.033	-9.205
SPBC409.14c	mrps17	inviable	E	2.779	0.271	5.213	5.84	10.374	17.49	11.649	8.99	1.022	7.427	0.907193	0.217	0.107672	-9.256	-10.427
SPBC409.15	tsr2	inviable	E	6.015	1.008	0.152	0.516	3.153	7.29	6.773	2.348	2.213	53.254	0.988671	0.242	0.039082	-8.177	-9.349
SPBC409.16c	saw1	viable	V	-0.463	0.06	0.0	0.468	3.851	9.159	8.691	2.818	-0.17	-0.024	-0.195155	0.099	0.388502	-17.159	-18.33
SPBC409.17c	duc2	viable	V	-0.279	0.043	0.0	0.396	3.26	7.753	7.357	2.385	-0.103	-0.012	-0.094223	0.116	0.371451	-15.583	-16.755
SPBC409.18	SPBC409.18	viable	V	-0.073	0.005	0.0	0.921	7.583	18.036	17.115	5.549	-0.027	-0.008	-0.268602	0.163	0.420048	-12.141	-13.313
SPBC409.19c	mtx1	viable	V	1.475	0.178	7.197	7.702	11.361	17.101	9.399	10.244	0.543	2.629	0.986979	0.039	0.04244	-26.344	-27.516
SPBC409.20c	shr3	viable	V	5.288	0.886	3.13	3.494	6.131	10.268	6.773	5.326	1.945	31.572	0.995751	0.137	0.027893	-13.844	-15.016
SPBC409.21	sec66	inviable	E	6.635	0.531	1.061	1.824	7.344	16.006	14.182	5.659	2.441	33.964	0.995819	0.126	0.023607	-14.687	-15.859
SPBC409.23	mim2	condition-dependent	Not_determined	5.639	0.438	2.618	3.403	9.084	17.998	14.594	7.35	2.074	21.8	0.996548	0.089	0.021755	-18.235	-19.407
SPBC418.01c	his4	viable	V	-0.089	0.006	0.0	0.943	7.768	18.477	17.533	5.685	-0.033	-0.009	-0.855044	0.089	0.529296	-18.141	-19.312
SPBC418.02	nat1	viable	V	0.024	0.004	0.0	0.364	3.001	7.138	6.773	2.196	0.009	0.213	0.052721	0.039	0.323672	-26.483	-27.655
SPBC428.01c	nup107	inviable	E	6.56	0.658	2.709	3.318	7.722	14.632	11.314	6.377	2.413	30.483	0.999484	0.048	0.008842	-24.405	-25.577
SPBC428.02c	eca39	viable	V	6.013	1.007	1.649	2.013	4.65	8.787	6.773	3.845	2.212	44.556	0.997369	0.124	0.021241	-14.842	-16.013
SPBC428.03c	pho4	viable	V	-0.462	0.062	-0.0	0.457	3.763	8.95	8.493	2.754	-0.17	-0.024	-0.045172	0.063	0.330529	-21.678	-22.85
SPBC428.04	apq12	viable	V	1.393	0.181	0.503	0.972	4.368	9.697	8.725	3.331	0.512	10.583	0.30539	0.922	0.297852	5.19	4.018
SPBC428.05c	arg12	viable	V	-0.623	0.086	0.0	0.443	3.649	8.68	8.237	2.67	-0.229	-0.031	-0.534094	0.124	0.434996	-14.842	-16.014
SPBC428.06c	rxt2	viable	V	3.864	0.408	5.137	5.715	9.895	16.455	10.74	8.619	1.421	11.25	0.994528	0.083	0.028036	-18.891	-20.063
SPBC428.07	meu6	viable	V	-0.023	0.002	0.0	0.909	7.487	17.809	16.899	5.479	-0.008	-0.002	-0.437866	0.177	0.423014	-11.326	-12.498
SPBC428.08c	clr4	viable	V	1.795	0.301	7.6	7.965	10.601	14.738	6.773	9.796	0.66	3.624	0.976296	0.086	0.057203	-18.51	-19.682
SPBC428.10	SPBC428.10	viable	V	0.282	0.018	-0.0	0.945	7.782	18.51	17.565	5.695	0.104	1.41	-0.135611	0.121	0.399977	-15.137	-16.308
SPBC428.11	met17	viable	V	0.05	-0.008	0.0	0.372	3.066	7.293	6.92	2.244	0.019	0.002	-0.694188	0.127	0.551546	-14.647	-15.819
SPBC428.12c	SPBC428.12c	viable	V	0.262	-0.018	-0.0	0.883	7.269	17.29	16.407	5.319	0.096	0.026	-0.090807	0.228	0.334956	-8.794	-9.966
SPBC428.13c	mob1	inviable	E	6.315	0.982	2.488	2.881	5.721	10.179	7.298	4.854	2.323	40.12	0.999875	0.028	0.004571	-29.809	-30.98
SPBC428.14	mlg1	viable	V	0.264	0.044	-0.0	0.364	3.001	7.138	6.773	2.196	0.097	2.377	-0.327833	0.265	0.401941	-7.27	-8.441
SPBC428.15	SPBC428.15	viable	V	0.076	-0.013	0.0	0.37	3.042	7.237	6.867	2.226	0.028	0.003	-0.340849	0.18	0.40117	-11.163	-12.335
SPBC428.16c	rhb1	condition-dependent	E	5.614	0.921	0.166	0.538	3.229	7.451	6.912	2.408	2.065	49.241	0.988937	0.222	0.040286	-9.032	-10.204
SPBC428.17c	wpl1	viable	V	0.01	-0.002	0.0	0.364	3.001	7.138	6.773	2.196	0.004	0.0	-1.742718	0.111	0.632271	-16.014	-17.186
SPBC428.18	cdt1	inviable	E	6.442	1.079	-0.0	0.364	3.001	7.138	6.773	2.196	2.37	57.952	0.952477	0.514	0.075654	-0.661	-1.833
SPBC428.19c	utp15	condition-dependent	E	6.501	1.089	0.662	1.027	3.663	7.8	6.773	2.858	2.392	54.412	0.997941	0.114	0.017654	-15.698	-16.87
SPBC428.20c	alp6	inviable	E	6.284	0.93	1.18	1.593	4.575	9.256	7.663	3.665	2.312	46.789	0.999083	0.073	0.012073	-20.174	-21.345
SPBC460.01c	SPBC460.01c	unknown	Not_determined	0.17	0.029	-0.0	0.364	3.001	7.138	6.773	2.196	0.063	1.531	0.337341	0.05	0.291026	-24.004	-25.176
SPBC460.02c	SPBC460.02c	unknown	Not_determined	0.007	-0.001	0.0	0.364	3.001	7.138	6.773	2.196	0.003	0.0	-0.781824	0.131	0.582386	-14.323	-15.494
SPBC460.03	vba2	unknown	Not_determined	-0.008	0.001	0.0	0.364	3.001	7.138	6.773	2.196	-0.003	-0.0	-0.87506	0.109	0.528688	-16.172	-17.344
SPBC460.04c	SPBC460.04c	viable	Not_determined	0.409	0.026	-0.0	0.945	7.782	18.51	17.565	5.695	0.15	2.044	-0.097645	0.262	0.369909	-7.384	-8.556
SPBC460.05	SPBC460.05	unknown	Not_determined	0.034	-0.006	0.0	0.364	3.001	7.138	6.774	2.196	0.012	0.001	-0.898375	0.106	0.565935	-16.459	-17.631
SPBC4B4.01c	ptk1	inviable	E	6.011	1.007	-0.0	0.364	3.001	7.138	6.773	2.196	2.211	54.072	0.931458	0.565	0.090707	0.291	-0.881
SPBC4B4.02c	nca2	viable	V	0.02	-0.003	0.0	0.409	3.371	8.019	7.609	2.467	0.007	0.001	-1.530508	0.124	0.552017	-14.858	-16.03
SPBC4B4.03	rsc1	viable	V	0.682	0.077	3.049	3.587	7.486	13.603	10.016	6.296	0.251	3.257	0.966884	0.047	0.068395	-24.637	-25.809
SPBC4B4.04	eif21	viable	V	0.566	0.076	0.0	0.458	3.767	8.961	8.504	2.757	0.208	4.623	0.920725	0.06	0.101078	-22.094	-23.265
SPBC4B4.06	vps25	viable	V	4.569	0.765	8.673	9.037	11.674	15.811	6.773	10.869	1.681	5.865	0.913517	0.31	0.108238	-5.698	-6.87
SPBC4B4.07c	usp102	viable	V	3.102	0.271	4.024	4.724	9.783	17.722	12.998	8.239	1.141	9.983	0.981298	0.113	0.049989	-15.824	-16.995
SPBC4B4.08	ght2	viable	V	0.156	0.026	0.0	0.364	3.001	7.138	6.773	2.196	0.057	1.405	0.096875	0.141	0.349643	-13.572	-14.744
SPBC4B4.09	prp39	inviable	E	6.065	1.016	0.949	1.314	3.95	8.087	6.773	3.145	2.231	49.073	0.990188	0.238	0.039726	-8.355	-9.527
SPBC4B4.10c	atg5	viable	V	0.35	0.023	-0.0	0.945	7.782	18.51	17.565	5.695	0.129	1.749	0.522104	0.064	0.226193	-21.451	-22.623
SPBC4B4.11	fyv4	viable	V	-0.016	0.001	0.0	0.879	7.239	17.219	16.34	5.298	-0.006	-0.002	-2.015983	0.083	0.573007	-18.948	-20.12
SPBC4B4.12c	SPBC4B4.12c	viable	V	-0.121	-0.02	-0.0	0.364	3.001	7.138	6.773	2.196	-0.044	-1.086	-0.02217	0.097	0.391236	-17.287	-18.459
SPBC4C3.04c	dss4	viable	V	0.258	-0.017	0.0	0.928	7.644	18.181	17.252	5.593	0.095	0.027	-0.246531	0.118	0.369755	-15.406	-16.578
SPBC4C3.05c	nuc1	inviable	E	6.205	1.03	0.182	0.55	3.21	7.384	6.834	2.398	2.283	54.577	0.991978	0.21	0.033284	-9.624	-10.796
SPBC4C3.06	syp1	viable	V	-0.019	0.001	0.0	0.889	7.324	17.42	16.531	5.359	-0.007	-0.002	-0.400605	0.15	0.445236	-12.998	-14.17
SPBC4C3.08	otg2	viable	V	-0.175	-0.011	0.0	0.945	7.782	18.51	17.565	5.695	-0.064	-0.876	0.230078	0.103	0.293189	-16.682	-17.854
SPBC4C3.09	otg3	viable	V	0.043	0.007	0.0	0.364	3.001	7.138	6.773	2.196	0.016	0.388	0.001015	0.095	0.321426	-17.524	-18.696
SPBC4C3.10c	pre3	inviable	E	7.307	1.001	0.242	0.687	3.91	8.968	8.281	2.926	2.688	58.775	0.992603	0.231	0.03175	-8.662	-9.834
SPBC4C3.12	sep1	viable	V	1.005	0.079	0.0	0.772	6.357	15.121	14.349	4.652	0.37	5.913	0.974684	0.048	0.056776	-24.466	-25.637
SPBC4F6.04	rpl2502	viable	V	1.622	0.272	0.385	0.75	3.386	7.523	6.773	2.581	0.597	14.009	0.896823	0.214	0.125207	-9.425	-10.596
SPBC4F6.05c	emp46	viable	V	0.007	-0.001	0.0	0.364	3.001	7.138	6.774	2.196	0.003	0.0	-0.689371	0.17	0.528636	-11.738	-12.909
SPBC4F6.06	kin1	viable	V	3.89	0.329	3.663	4.385	9.604	17.793	13.409	8.01	1.431	13.17	0.982709	0.135	0.049496	-14.049	-15.22
SPBC4F6.07c	mak5	inviable	E	5.73	0.594	0.012	0.6	4.859	11.542	10.942	3.559	2.108	40.616	0.984585	0.24	0.04496	-8.267	-9.439
SPBC4F6.08c	mrpl39	viable	V	1.071	0.069	0.0	0.945	7.782	18.51	17.565	5.695	0.394	5.351	0.910999	0.087	0.11232	-18.4	-19.572
SPBC4F6.09	str1	viable	V	-0.108	-0.007	0.0	0.944	7.771	18.485	17.541	5.687	-0.04	-0.541	0.131548	0.052	0.323243	-23.557	-24.729
SPBC4F6.10	vps901	viable	V	2.158	0.362	5.105	5.47	8.106	12.243	6.773	7.301	0.794	8.879	0.996743	0.047	0.02417	-24.667	-25.839
SPBC4F6.11c	asn2	viable	V	0.195	0.032	0.0	0.369	3.035	7.219	6.85	2.221	0.072	1.746	0.382739	0.11	0.287791	-16.079	-17.25
SPBC4F6.12	pxl1	viable	V	0.381	0.025	0.0	0.945	7.782	18.51	17.565	5.695	0.14	1.907	0.69709	0.074	0.208379	-20.04	-21.212
SPBC4F6.13c	erb1	inviable	E	6.941	0.947	0.012	0.459	3.694	8.771	8.312	2.706	2.553	57.189	0.980819	0.351	0.049379	-4.463	-5.635
SPBC4F6.14	nop4	inviable	E	6.001	1.005	0.313	0.678	3.314	7.451	6.773	2.509	2.208	52.221	0.995738	0.149	0.025607	-13.02	-14.192
SPBC4F6.15c	swi10	viable	V	0.664	0.047	1.282	2.149	8.419	18.259	16.11	6.505	0.244	2.964	0.848047	0.079	0.133398	-19.37	-20.541
SPBC4F6.16c	ero11	viable	V	-0.076	0.005	0.0	0.945	7.781	18.509	17.564	5.694	-0.028	-0.008	-0.102264	0.079	0.373885	-19.35	-20.521
SPBC4F6.17c	hsp78	inviable	E	4.972	0.833	4.805	5.17	7.806	11.943	6.773	7.001	1.829	21.822	0.998658	0.068	0.015063	-20.813	-21.984
SPBC4F6.18c	arf1	inviable	E	6.263	1.049	-0.0	0.364	3.001	7.138	6.773	2.196	2.304	56.337	0.957519	0.461	0.077271	-1.744	-2.915
SPBC530.01	gyp1	viable	V	0.567	0.095	-0.0	0.364	3.001	7.138	6.773	2.196	0.209	5.104	0.724017	0.114	0.179483	-15.734	-16.905
SPBC530.02	SPBC530.02	viable	V	0.275	0.046	-0.0	0.364	3.001	7.138	6.773	2.196	0.101	2.472	0.636019	0.065	0.192487	-21.384	-22.555
SPBC530.03c	bag102	viable	V	-0.327	-0.024	0.0	0.829	6.823	16.229	15.4	4.993	-0.12	-1.82	0.752283	0.067	0.195081	-20.986	-22.157
SPBC530.04	mod5	viable	V	0.046	-0.008	0.0	0.364	3.0	7.136	6.771	2.195	0.017	0.002	-0.482712	0.214	0.447099	-9.41	-10.582
SPBC530.05	prt1	viable	V	-0.343	0.022	-0.0	0.945	7.782	18.51	17.565	5.695	-0.126	-0.037	0.015075	0.083	0.33665	-18.871	-20.042
SPBC530.06c	clu1	viable	V	-0.01	0.002	0.0	0.364	3.001	7.137	6.773	2.196	-0.004	-0.0	-1.6219	0.085	0.534176	-18.659	-19.83
SPBC530.08	ntu2	viable	V	0.209	0.035	0.0	0.364	3.001	7.138	6.773	2.196	0.077	1.884	0.945157	0.018	0.083202	-34.33	-35.501
SPBC530.09c	mrl1	viable	V	-0.06	0.008	0.0	0.455	3.746	8.909	8.454	2.741	-0.022	-0.003	-0.082847	0.108	0.332846	-16.271	-17.443
SPBC530.10c	anc1	viable	V	1.367	0.229	-0.0	0.364	3.001	7.138	6.773	2.196	0.503	12.293	0.932996	0.13	0.094249	-14.419	-15.591
SPBC530.11c	SPBC530.11c	viable	V	0.602	0.039	0.001	0.946	7.78	18.504	17.558	5.693	0.221	3.008	0.971892	0.027	0.060149	-30.274	-31.446
SPBC530.12c	pdf1	inviable	E	6.06	1.015	-0.0	0.364	3.001	7.138	6.773	2.196	2.229	54.516	0.982846	0.292	0.049276	-6.318	-7.49
SPBC530.13	lsc1	viable	V	0.277	0.034	0.001	0.492	4.047	9.625	9.133	2.962	0.102	2.182	0.761751	0.067	0.19038	-21.0	-22.172
SPBC530.14c	dsk1	viable	V	1.543	0.22	7.762	8.19	11.288	16.148	7.957	10.342	0.568	2.567	0.986239	0.045	0.043837	-25.104	-26.276
SPBC530.15c	shp2	viable	V	-0.438	0.065	0.0	0.41	3.373	8.023	7.614	2.468	-0.161	-0.02	-0.049808	0.075	0.350401	-19.951	-21.123
SPBC530.16	ksh1	inviable	Not_determined	5.768	0.966	-0.0	0.364	3.001	7.138	6.773	2.196	2.122	51.883	0.987832	0.239	0.041926	-8.316	-9.487
SPBC543.02c	SPBC543.02c	viable	V	-0.606	0.079	0.0	0.469	3.861	9.183	8.714	2.825	-0.223	-0.032	-0.319508	0.136	0.438565	-13.922	-15.094
SPBC543.03c	pku80	viable	V	-0.445	0.057	0.0	0.475	3.915	9.311	8.836	2.865	-0.164	-0.024	-0.04943	0.055	0.345527	-22.953	-24.124
SPBC543.04	npr3	condition-dependent	E	6.802	0.582	3.792	4.505	9.668	17.768	13.262	8.092	2.502	22.623	0.998743	0.065	0.013463	-21.384	-22.555
SPBC543.05c	bor1	viable	V	0.427	0.072	-0.0	0.364	3.001	7.138	6.773	2.196	0.157	3.845	-0.26595	1.898	0.431178	12.406	11.234
SPBC543.06c	dbp8	inviable	E	7.113	0.739	0.15	0.737	4.986	11.653	10.915	3.689	2.617	49.656	0.941455	0.593	0.091529	0.768	-0.403
SPBC543.07	pek1	viable	V	0.31	0.052	2.302	2.667	5.303	9.44	6.773	4.498	0.114	2.099	0.590889	0.131	0.212702	-14.291	-15.463
SPBC543.08	fit1	viable	V	-0.006	0.001	0.0	0.364	3.001	7.138	6.773	2.196	-0.002	-0.0	-1.006609	0.114	0.628372	-15.684	-16.855
SPBC543.09	yta12	viable	V	3.523	0.249	0.994	1.86	8.121	17.945	16.085	6.209	1.296	16.452	0.912507	0.299	0.107455	-6.086	-7.258
SPBC543.10	get1	viable	V	-0.099	0.007	0.0	0.933	7.68	18.267	17.335	5.62	-0.037	-0.01	-0.135705	0.09	0.386428	-18.118	-19.29
SPBC557.02c	SPBC557.02c	viable	V	-0.016	0.003	0.0	0.364	2.996	7.127	6.763	2.193	-0.006	-0.001	-0.280791	0.062	0.39206	-21.815	-22.987
SPBC557.04	ppk29	viable	V	-0.122	0.019	0.0	0.389	3.203	7.618	7.229	2.344	-0.045	-0.005	-0.089598	0.057	0.336135	-22.622	-23.794
SPBC557.05	SPBC557.05	viable	V	0.372	0.062	-0.0	0.364	3.001	7.138	6.773	2.196	0.137	3.347	0.222877	0.15	0.351262	-12.995	-14.167
SPBC56F2.01	pof12	viable	V	-0.011	0.002	0.0	0.364	3.001	7.137	6.773	2.196	-0.004	-0.0	-1.167187	0.092	0.563343	-17.818	-18.989
SPBC56F2.02	rpl1901	viable	V	7.124	0.602	0.002	0.725	5.956	14.164	13.439	4.359	2.621	43.994	0.982076	0.294	0.047307	-6.249	-7.421
SPBC56F2.03	arp10	viable	V	-0.604	0.039	-0.0	0.945	7.782	18.51	17.565	5.695	-0.222	-0.064	-2.16267	0.312	0.615971	-5.638	-6.81
SPBC56F2.04	utp20	viable	V	6.231	1.044	-0.0	0.364	3.001	7.138	6.773	2.196	2.292	56.054	0.988002	0.254	0.040538	-7.716	-8.888
SPBC56F2.06	mug147	viable	V	0.236	0.027	0.0	0.527	4.342	10.327	9.799	3.177	0.087	1.786	0.932502	0.024	0.10386	-31.214	-32.386
SPBC56F2.07c	SPBC56F2.07c	inviable	E	6.832	1.007	0.697	1.112	4.108	8.809	7.698	3.193	2.513	53.907	0.983308	0.337	0.047868	-4.863	-6.035
SPBC56F2.08c	puf1	viable	V	1.299	0.218	-0.0	0.364	3.001	7.138	6.773	2.196	0.478	11.687	0.16902	1.182	0.325895	7.675	6.503
SPBC56F2.09c	arg5	viable	V	-1.0	-0.168	-0.0	0.364	3.001	7.138	6.773	2.196	-0.368	-8.996	0.489944	0.335	0.243944	-4.924	-6.095
SPBC56F2.10c	alg5	viable	V	1.087	0.098	4.362	5.041	9.951	17.656	12.616	8.452	0.4	3.328	0.690818	0.186	0.202865	-10.819	-11.99
SPBC56F2.11	met6	viable	V	1.926	0.207	6.177	6.745	10.854	17.301	10.556	9.599	0.708	4.304	0.872351	0.161	0.122689	-12.288	-13.46
SPBC56F2.12	ilv5	viable	V	6.357	0.88	0.89	1.332	4.522	9.529	8.198	3.548	2.339	47.526	0.984694	0.298	0.046233	-6.094	-7.265
SPBC56F2.14	mrpl44	viable	V	0.197	-0.013	0.0	0.906	7.457	17.736	16.83	5.457	0.072	0.02	-0.103598	0.074	0.40064	-20.075	-21.247
SPBC577.02	rpl3801	viable	V	3.963	0.454	-0.0	0.533	4.385	10.43	9.897	3.209	1.458	29.86	0.979026	0.199	0.051849	-10.166	-11.337
SPBC577.03c	SPBC577.03c	viable	V	0.38	0.064	-0.0	0.364	3.001	7.138	6.773	2.196	0.14	3.418	0.187818	0.147	0.357908	-13.191	-14.362
SPBC577.04	tho5	viable	V	4.399	0.737	5.348	5.713	8.349	12.486	6.773	7.544	1.618	17.129	0.999421	0.039	0.009919	-26.437	-27.608
SPBC577.05c	rec27	viable	V	-0.141	-0.018	0.0	0.481	3.958	9.414	8.934	2.896	-0.052	-1.123	0.801148	0.028	0.151687	-29.788	-30.959
SPBC577.06c	stt4	condition-dependent	V	6.459	1.082	-0.0	0.364	3.001	7.138	6.773	2.196	2.376	58.103	0.987355	0.273	0.042415	-6.997	-8.169
SPBC577.07	ubp10	inviable	E	6.075	0.655	1.379	1.945	6.04	12.465	10.52	4.79	2.235	36.806	0.999335	0.054	0.009852	-23.157	-24.329
SPBC577.08c	txl1	viable	V	-0.004	0.0	0.0	0.693	5.707	13.573	12.88	4.176	-0.002	-0.0	-0.382923	0.074	0.441456	-20.074	-21.246
SPBC577.09	ckn1	inviable	E	-0.745	0.12	0.0	0.38	3.132	7.45	7.07	2.292	-0.274	-0.032	-0.019473	0.274	0.365774	-6.934	-8.106
SPBC577.11	SPBC577.11	viable	V	0.082	-0.005	0.0	0.945	7.782	18.51	17.565	5.695	0.03	0.009	-0.006736	0.309	0.319918	-5.743	-6.915
SPBC577.12	dph6	viable	V	0.255	0.035	0.0	0.44	3.618	8.604	8.165	2.647	0.094	2.122	0.707284	0.071	0.21979	-20.452	-21.624
SPBC577.13	syj2	viable	V	0.043	-0.003	0.0	0.919	7.568	18.0	17.081	5.538	0.016	0.005	-0.027378	0.085	0.332225	-18.684	-19.856
SPBC577.14c	spa1	viable	V	0.526	0.088	-0.0	0.364	3.001	7.138	6.773	2.196	0.193	4.728	0.01021	0.217	0.344606	-9.29	-10.461
SPBC582.03	cdc13	inviable	E	4.271	0.547	0.631	1.108	4.557	9.969	8.861	3.504	1.571	31.692	0.997672	0.075	0.018322	-19.858	-21.029
SPBC582.04c	dsh1	viable	V	-0.697	0.1	0.0	0.427	3.518	8.369	7.942	2.575	-0.256	-0.034	-0.02707	0.117	0.339366	-15.478	-16.65
SPBC582.05c	brc1	viable	V	1.147	0.113	5.364	5.982	10.449	17.46	11.479	9.085	0.422	2.987	0.987871	0.035	0.040997	-27.556	-28.728
SPBC582.06c	mcp6	viable	V	1.495	-0.097	0.0	0.945	7.782	18.51	17.565	5.695	0.55	0.159	-0.424095	0.197	0.40992	-10.258	-11.429
SPBC582.07c	rpn7	inviable	E	6.943	1.163	0.639	1.003	3.64	7.777	6.773	2.835	2.554	58.264	0.924473	0.793	0.115682	3.675	2.503
SPBC582.08	alt1	viable	V	0.034	-0.006	0.0	0.364	3.001	7.138	6.773	2.196	0.012	0.001	-3.597208	0.039	0.758331	-26.526	-27.697
SPBC582.09	pex11	viable	V	-0.213	0.03	0.0	0.431	3.549	8.441	8.01	2.597	-0.078	-0.01	-1.191514	0.085	0.608636	-18.626	-19.798
SPBC582.10c	rhp1602	viable	V	0.2	-0.013	0.0	0.93	7.658	18.216	17.286	5.604	0.074	0.021	0.016957	0.047	0.344688	-24.529	-25.701
SPBC609.01	SPBC609.01	inviable	E	4.318	0.723	-0.0	0.364	3.001	7.138	6.773	2.196	1.588	38.839	0.86166	0.588	0.130766	0.688	-0.483
SPBC609.02	ptn1	viable	V	-0.113	-0.019	-0.0	0.364	3.001	7.138	6.773	2.196	-0.042	-1.019	-0.329511	0.103	0.387974	-16.711	-17.882
SPBC609.03	iqw1	viable	V	-0.058	0.004	-0.0	0.945	7.782	18.51	17.565	5.695	-0.021	-0.006	-0.610302	0.065	0.52103	-21.394	-22.566
SPBC609.04	caf5	viable	V	-0.02	0.003	0.0	0.371	3.053	7.263	6.892	2.235	-0.007	-0.001	-1.677515	0.074	0.624304	-19.998	-21.169
SPBC609.05	pob3	viable	V	1.395	0.095	0.815	1.711	8.187	18.35	16.64	6.21	0.513	6.506	0.97975	0.054	0.050491	-23.277	-24.449
SPBC646.02	cwf11	viable	V	0.058	0.004	0.0	0.945	7.782	18.51	17.565	5.695	0.021	0.29	0.189388	0.05	0.300494	-23.921	-25.093
SPBC646.03	gta1	inviable	E	6.39	0.775	7.239	7.742	11.382	17.093	9.351	10.271	2.351	11.266	0.993276	0.122	0.030753	-15.058	-16.229
SPBC646.04	pla1	inviable	E	5.891	0.8	2.507	2.957	6.208	11.311	8.354	5.216	2.167	34.657	0.998831	0.076	0.013707	-19.743	-20.914
SPBC646.05c	erg9	inviable	E	6.745	1.13	0.996	1.361	3.997	8.134	6.773	3.192	2.481	54.269	0.986734	0.31	0.048689	-5.706	-6.877
SPBC646.06c	agn2	viable	V	-0.178	0.012	0.0	0.916	7.539	17.932	17.016	5.517	-0.066	-0.018	-0.260912	0.13	0.37193	-14.389	-15.56
SPBC646.07c	tsc13	inviable	E	7.068	0.762	1.41	1.977	6.072	12.499	10.522	4.822	2.6	42.62	0.997602	0.12	0.018614	-15.199	-16.371
SPBC646.09c	int6	viable	V	6.081	0.739	7.247	7.75	11.386	17.092	9.342	10.276	2.237	10.7	0.878503	0.464	0.121483	-1.688	-2.859
SPBC646.10c	nop56	inviable	E	6.545	1.096	-0.0	0.364	3.001	7.138	6.773	2.196	2.408	58.872	0.677986	1.347	0.211626	8.98	7.809
SPBC646.11	cct6	inviable	E	6.067	1.016	-0.0	0.364	3.001	7.138	6.773	2.196	2.232	54.58	0.965504	0.404	0.06924	-3.053	-4.224
SPBC646.12c	gap1	viable	V	-0.025	0.002	0.0	0.922	7.587	18.047	17.126	5.552	-0.009	-0.003	-0.938214	0.048	0.502672	-24.417	-25.589
SPBC646.13	sds23	condition-dependent	V	6.187	1.037	0.0	0.364	3.001	7.138	6.773	2.196	2.276	55.658	0.986723	0.267	0.042017	-7.198	-8.37
SPBC646.14c	orc5	inviable	E	5.716	0.765	0.0	0.456	3.757	8.936	8.48	2.749	2.103	46.705	0.983068	0.27	0.046605	-7.094	-8.266
SPBC646.15c	pex16	viable	V	0.185	-0.012	0.0	0.945	7.782	18.51	17.565	5.695	0.068	0.02	-0.034107	0.075	0.330187	-19.865	-21.037
SPBC646.16	scl1	inviable	E	5.679	0.951	0.68	1.045	3.681	7.818	6.773	2.876	2.089	47.426	0.991383	0.205	0.035883	-9.823	-10.995
SPBC646.17c	dic1	viable	V	0.084	-0.014	0.0	0.364	3.001	7.138	6.773	2.196	0.031	0.003	-0.384753	0.096	0.42301	-17.388	-18.559
SPBC649.02	rps1902	viable	V	1.375	0.138	5.521	6.129	10.527	17.429	11.301	9.184	0.506	3.483	0.940372	0.086	0.087885	-18.519	-19.691
SPBC649.03	rhp14	viable	V	0.196	-0.013	-0.0	0.945	7.782	18.51	17.565	5.695	0.072	0.021	-0.111023	0.045	0.375059	-25.093	-26.265
SPBC649.04	uvi15	viable	V	0.232	0.039	-0.0	0.364	3.001	7.138	6.773	2.196	0.085	2.084	0.005237	0.277	0.340365	-6.848	-8.019
SPBC649.05	cut12	inviable	E	6.856	0.72	0.755	1.337	5.543	12.145	10.808	4.259	2.522	44.544	0.995565	0.156	0.025131	-12.591	-13.763
SPBC651.01c	nog1	inviable	E	5.97	1.0	-0.0	0.364	3.001	7.138	6.773	2.196	2.196	53.703	0.990751	0.215	0.036135	-9.381	-10.553
SPBC651.02	nit1	viable	V	-0.133	0.017	0.0	0.485	3.993	9.497	9.012	2.922	-0.049	-0.007	-0.038053	0.088	0.329486	-18.27	-19.442
SPBC651.03c	gyp10	viable	V	-0.261	0.017	0.0	0.923	7.598	18.073	17.151	5.56	-0.096	-0.027	-0.124534	0.125	0.395263	-14.771	-15.942
SPBC651.04	SPBC651.04	viable	V	-0.14	-0.023	-0.0	0.364	3.001	7.138	6.773	2.196	-0.051	-1.255	-0.041077	0.073	0.35838	-20.109	-21.281
SPBC651.05c	dot2	viable	V	-0.133	-0.009	-0.0	0.945	7.782	18.51	17.565	5.695	-0.049	-0.665	0.83425	0.016	0.134282	-35.364	-36.536
SPBC651.07	SPBC651.07	viable	V	0.405	0.026	0.0	0.934	7.689	18.289	17.355	5.627	0.149	2.046	0.681749	0.066	0.182987	-21.172	-22.344
SPBC651.08c	rpc1	inviable	E	6.577	1.102	0.315	0.679	3.316	7.453	6.773	2.511	2.419	57.223	0.989519	0.258	0.038286	-7.567	-8.739
SPBC651.09c	prf1	viable	V	1.522	0.255	-0.0	0.364	3.001	7.138	6.773	2.196	0.56	13.692	0.763603	0.283	0.175739	-6.607	-7.778
SPBC651.10	nse5	viable	V	3.195	0.291	4.52	5.189	10.03	17.625	12.437	8.552	1.175	9.554	0.995783	0.054	0.024711	-23.12	-24.292
SPBC651.11c	apm3	viable	V	0.798	0.052	0.0	0.945	7.782	18.51	17.565	5.695	0.294	3.989	0.948802	0.049	0.077861	-24.149	-25.32
SPBC651.12c	dbl7	viable	V	-0.115	-0.007	0.0	0.944	7.775	18.494	17.55	5.69	-0.042	-0.576	-0.00207	0.035	0.423733	-27.597	-28.769
SPBC660.05	wwm3	viable	V	-0.145	-0.024	-0.0	0.364	3.001	7.138	6.773	2.196	-0.053	-1.308	-0.110858	0.083	0.412384	-18.903	-20.074
SPBC660.06	wwm2	viable	V	-0.374	0.057	-0.0	0.404	3.323	7.905	7.501	2.432	-0.138	-0.017	-1.09479	0.114	0.507696	-15.695	-16.867
SPBC660.07	ntp1	viable	V	0.742	0.102	1.302	1.748	4.973	10.034	8.286	3.988	0.273	5.231	0.976984	0.044	0.061314	-25.244	-26.416
SPBC660.08	atg38	viable	V	0.232	0.03	0.0	0.481	3.957	9.412	8.932	2.896	0.086	1.851	0.791516	0.046	0.171573	-24.721	-25.893
SPBC660.09	mug168	viable	V	-0.355	-0.023	0.0	0.945	7.782	18.51	17.565	5.695	-0.131	-1.776	0.61901	0.064	0.24012	-21.509	-22.68
SPBC660.10	gfm2	viable	V	1.689	0.188	6.497	7.046	11.013	17.238	10.193	9.802	0.621	3.534	0.963225	0.082	0.069364	-19.029	-20.2
SPBC660.11	tcg1	viable	V	0.745	0.049	0.351	1.275	7.957	18.441	17.166	5.917	0.274	3.617	0.91892	0.062	0.098138	-21.755	-22.927
SPBC660.12c	egt2	viable	V	-0.055	-0.004	0.0	0.943	7.765	18.47	17.526	5.682	-0.02	-0.273	0.102763	0.05	0.317986	-23.973	-25.144
SPBC660.13c	ssb1	inviable	E	6.064	1.016	0.912	1.277	3.913	8.05	6.773	3.108	2.231	49.287	0.989724	0.242	0.038803	-8.2	-9.372
SPBC660.14	mik1	viable	V	-0.121	0.019	0.0	0.385	3.173	7.547	7.162	2.322	-0.045	-0.005	-0.470676	0.03	0.463154	-29.186	-30.357
SPBC660.15	msi2	inviable	E	6.275	0.73	4.08	4.605	8.399	14.354	9.749	7.241	2.308	25.034	0.997255	0.106	0.020556	-16.423	-17.595
SPBC660.16	gnd1	inviable	E	6.033	1.011	-0.0	0.364	3.001	7.138	6.773	2.196	2.219	54.27	0.987205	0.256	0.042265	-7.634	-8.806
SPBC660.17c	SPBC660.17c	viable	V	0.145	-0.009	0.0	0.946	7.782	18.51	17.564	5.695	0.053	0.016	-0.778249	0.036	0.509035	-27.345	-28.517
SPBC685.02	exo5	viable	V	0.265	0.044	-0.0	0.364	3.001	7.138	6.773	2.196	0.098	2.386	-0.31443	0.265	0.419832	-7.284	-8.455
SPBC685.04c	aps2	viable	V	-0.154	-0.026	-0.0	0.364	3.001	7.138	6.773	2.196	-0.057	-1.383	0.024844	0.111	0.409324	-15.989	-17.161
SPBC685.05	gpi15	inviable	E	6.455	0.959	0.762	1.173	4.147	8.813	7.639	3.239	2.375	50.718	0.99883	0.084	0.013298	-18.793	-19.965
SPBC685.07c	rpl2701	viable	V	6.185	1.036	-0.0	0.364	3.001	7.138	6.773	2.196	2.275	55.634	0.957354	0.482	0.07372	-1.302	-2.473
SPBC685.08	SPBC685.08	viable	Not_determined	-0.276	-0.018	0.0	0.936	7.702	18.32	17.385	5.636	-0.102	-1.393	0.618234	0.067	0.230372	-20.991	-22.162
SPBC691.01	pfa5	viable	V	-0.25	0.017	0.0	0.909	7.488	17.81	16.901	5.479	-0.092	-0.026	-0.094768	0.162	0.343867	-12.225	-13.397
SPBC691.02c	drp1	inviable	E	5.957	0.927	0.099	0.491	3.33	7.786	7.295	2.464	2.192	51.513	0.989516	0.227	0.03809	-8.811	-9.982
SPBC691.03c	apl3	viable	V	0.012	-0.002	0.0	0.364	3.001	7.138	6.773	2.196	0.005	0.001	-1.326882	0.121	0.64788	-15.161	-16.332
SPBC691.04	mss116	viable	V	2.332	0.203	4.013	4.713	9.778	17.725	13.012	8.231	0.858	7.52	0.983676	0.078	0.047979	-19.484	-20.656
SPBC691.05c	ist2	viable	V	-0.107	-0.018	-0.0	0.364	3.001	7.138	6.773	2.196	-0.039	-0.963	-0.251673	0.077	0.426085	-19.679	-20.851
SPBC6B1.02	ppk30	viable	V	0.371	0.024	-0.0	0.945	7.782	18.51	17.565	5.695	0.136	1.854	0.754232	0.054	0.160587	-23.225	-24.397
SPBC6B1.03c	pal2	viable	V	0.066	0.011	0.0	0.364	3.001	7.138	6.773	2.196	0.024	0.591	-0.154842	0.107	0.385147	-16.379	-17.55
SPBC6B1.04	mde4	viable	V	4.473	0.354	2.851	3.622	9.2	17.952	14.33	7.497	1.646	16.816	0.998924	0.039	0.01242	-26.319	-27.49
SPBC6B1.05c	atg7	viable	V	-0.008	0.001	0.0	0.364	3.001	7.138	6.773	2.196	-0.003	-0.0	-2.566813	0.092	0.615518	-17.891	-19.063
SPBC6B1.06c	ubp14	viable	V	0.564	0.085	0.0	0.403	3.316	7.887	7.484	2.426	0.207	4.872	0.921274	0.061	0.101544	-21.914	-23.086
SPBC6B1.07	prp1	inviable	E	6.599	0.793	0.343	0.851	4.524	10.287	9.436	3.402	2.427	49.022	0.99405	0.181	0.028585	-11.067	-12.239
SPBC6B1.08c	ofd1	viable	V	0.897	0.15	0.746	1.11	3.746	7.883	6.773	2.942	0.33	7.437	0.888838	0.128	0.14498	-14.533	-15.705
SPBC6B1.09c	nbs1	viable	V	2.815	0.472	-0.0	0.364	3.001	7.138	6.773	2.196	1.036	25.327	0.50983	0.816	0.230415	3.971	2.799
SPBC6B1.10	prp17	condition-dependent	V	0.51	0.036	0.0	0.877	7.225	17.185	16.307	5.287	0.188	2.712	0.779158	0.068	0.150369	-20.887	-22.059
SPBC6B1.12c	sus1	viable	Not_determined	0.738	0.051	1.04	1.921	8.299	18.306	16.385	6.352	0.271	3.369	0.676735	0.135	0.21021	-14.028	-15.2
SPBC713.02c	ubp15	viable	V	-0.952	0.061	0.0	0.945	7.782	18.51	17.565	5.695	-0.35	-0.102	-0.33646	0.122	0.400604	-15.022	-16.194
SPBC713.03	dld2	viable	V	0.027	-0.004	0.0	0.454	3.742	8.901	8.446	2.738	0.01	0.001	-0.76981	0.092	0.493868	-17.875	-19.047
SPBC713.04c	pwp2	inviable	E	6.137	1.028	0.228	0.592	3.228	7.365	6.773	2.424	2.258	53.903	0.993812	0.183	0.029776	-10.963	-12.135
SPBC713.05	wdr83	viable	V	0.297	0.019	-0.0	0.945	7.782	18.51	17.565	5.695	0.109	1.484	0.926195	0.025	0.103647	-30.692	-31.864
SPBC713.06	adl1	viable	V	-0.221	0.037	-0.0	0.364	3.001	7.137	6.773	2.196	-0.081	-0.009	-0.04584	0.031	0.355186	-28.885	-30.057
SPBC713.07c	SPBC713.07c	viable	V	1.457	0.244	0.485	0.849	3.486	7.623	6.773	2.681	0.536	12.439	0.591199	0.489	0.258758	-1.163	-2.335
SPBC713.09	SPBC713.09	viable	V	0.854	-0.057	0.0	0.91	7.491	17.818	16.908	5.482	0.314	0.088	-0.059095	0.091	0.348315	-17.941	-19.112
SPBC713.10	tim16	inviable	E	8.028	0.861	0.438	1.007	5.125	11.586	10.578	3.868	2.954	55.119	0.991846	0.25	0.032899	-7.866	-9.037
SPBC713.11c	pmp3	viable	V	0.077	0.008	0.0	0.599	4.931	11.728	11.129	3.608	0.028	0.539	-0.086512	0.104	0.37445	-16.66	-17.832
SPBC713.12	erg1	inviable	E	5.654	0.947	0.342	0.706	3.343	7.48	6.773	2.538	2.08	49.053	0.989325	0.225	0.039812	-8.939	-10.11
SPBC725.01	maa1	condition-dependent	V	0.759	0.087	0.0	0.53	4.36	10.37	9.84	3.19	0.279	5.735	0.969308	0.046	0.061061	-24.756	-25.928
SPBC725.02	mpr1	viable	V	1.156	0.143	-0.0	0.495	4.075	9.693	9.198	2.982	0.425	9.069	0.891987	0.131	0.110479	-14.315	-15.487
SPBC725.03	SPBC725.03	viable	V	-0.009	0.002	-0.0	0.364	2.995	7.124	6.76	2.192	-0.003	-0.0	-0.578102	0.059	0.464703	-22.221	-23.393
SPBC725.04	hac1	viable	V	-0.09	0.015	-0.0	0.365	3.005	7.147	6.782	2.199	-0.033	-0.004	-0.87805	0.026	0.514694	-30.599	-31.771
SPBC725.05c	npp1	viable	V	-0.074	0.011	0.0	0.409	3.364	8.001	7.593	2.462	-0.027	-0.003	-0.407759	0.034	0.45416	-27.796	-28.967
SPBC725.06c	ppk31	viable	V	-0.007	-0.001	0.0	0.364	2.997	7.128	6.764	2.193	-0.002	-0.059	-0.070242	0.011	0.404481	-39.171	-40.342
SPBC725.07	pex5	viable	V	-0.129	-0.022	-0.0	0.364	3.001	7.138	6.773	2.196	-0.047	-1.156	-0.128974	0.066	0.386611	-21.223	-22.395
SPBC725.08	pir2	inviable	E	6.155	0.753	1.739	2.239	5.851	11.519	9.28	4.748	2.264	38.265	0.999705	0.039	0.006721	-26.569	-27.74
SPBC725.09c	hob3	viable	V	1.186	0.079	0.392	1.314	7.977	18.433	17.12	5.943	0.436	5.738	0.976274	0.049	0.053755	-24.067	-25.239
SPBC725.10	tsp0	condition-dependent	V	0.072	-0.005	0.0	0.945	7.782	18.51	17.565	5.695	0.026	0.008	-0.870547	0.062	0.556536	-21.842	-23.014
SPBC725.11c	php2	condition-dependent	V	-0.003	0.0	0.0	0.364	3.001	7.138	6.773	2.196	-0.001	-0.0	-2.277415	0.098	0.634088	-17.264	-18.435
SPBC725.12	nbl1	viable	Not_determined	2.89	0.234	1.989	2.745	8.209	16.783	14.038	6.541	1.063	12.871	0.983765	0.106	0.049112	-16.44	-17.612
SPBC725.13c	psf2	inviable	E	5.337	0.851	0.54	0.923	3.694	8.042	7.12	2.848	1.963	44.389	0.997653	0.099	0.018486	-17.168	-18.34
SPBC725.14	arg6	viable	V	-0.211	-0.035	0.465	0.83	3.466	7.603	6.773	2.661	-0.078	-1.807	0.130278	0.268	0.393716	-7.178	-8.35
SPBC725.15	ura5	viable	V	1.016	0.097	0.106	0.747	5.381	12.653	11.906	3.966	0.374	6.737	0.99315	0.028	0.030691	-29.704	-30.876
SPBC725.16	res1	inviable	E	5.047	0.401	0.719	1.486	7.038	15.749	14.263	5.343	1.857	27.036	0.991072	0.141	0.033969	-13.563	-14.735
SPBC725.17c	rrn11	inviable	E	5.015	0.683	1.598	2.046	5.288	10.374	8.328	4.298	1.845	33.846	0.997453	0.096	0.019727	-17.429	-18.6
SPBC776.01	rpl29	viable	V	0.514	0.086	-0.0	0.364	3.001	7.138	6.773	2.196	0.189	4.624	0.767103	0.085	0.174038	-18.639	-19.81
SPBC776.03	hom6	viable	V	6.498	1.089	0.662	1.026	3.663	7.799	6.773	2.858	2.39	54.387	0.995275	0.173	0.026583	-11.525	-12.696
SPBC776.04	sec2302	viable	V	6.322	0.518	3.283	4.028	9.415	17.867	13.839	7.77	2.326	22.509	0.998231	0.072	0.015853	-20.355	-21.526
SPBC776.05	gpc1	viable	V	-0.003	0.001	0.0	0.364	3.001	7.138	6.773	2.196	-0.001	-0.0	-2.015836	0.097	0.588592	-17.318	-18.49
SPBC776.06c	SPBC776.06c	viable	V	0.295	0.019	0.0	0.945	7.782	18.51	17.565	5.695	0.109	1.477	0.555494	0.053	0.247926	-23.364	-24.536
SPBC776.07	mam33	inviable	E	6.125	0.98	1.294	1.675	4.435	8.766	7.091	3.593	2.253	46.578	0.998426	0.095	0.015618	-17.504	-18.676
SPBC776.08c	utp22	inviable	E	5.891	0.931	0.157	0.543	3.337	7.721	7.178	2.484	2.167	50.959	0.989706	0.224	0.037177	-8.953	-10.125
SPBC776.09	ste13	viable	V	3.438	0.256	0.723	1.543	7.477	16.789	15.246	5.666	1.265	17.461	0.979162	0.142	0.051445	-13.502	-14.674
SPBC776.10c	cog6	inviable	E	6.213	0.798	2.386	2.861	6.299	11.694	8.833	5.249	2.286	36.048	0.999767	0.035	0.006086	-27.507	-28.678
SPBC776.12c	hsk1	condition-dependent	E	6.204	0.914	0.005	0.42	3.418	8.123	7.704	2.503	2.282	52.951	0.98172	0.31	0.048392	-5.707	-6.879
SPBC776.13	cnd1	inviable	E	6.491	0.84	0.653	1.125	4.54	9.897	8.772	3.497	2.388	48.287	0.9883	0.259	0.039983	-7.495	-8.667
SPBC776.14	plh1	viable	V	0.361	0.023	0.0	0.945	7.782	18.51	17.565	5.695	0.133	1.807	0.806201	0.041	0.146865	-25.912	-27.084
SPBC776.15c	kgd2	viable	V	1.35	0.103	2.279	3.082	8.891	18.005	14.923	7.117	0.497	5.444	0.970593	0.066	0.06523	-21.169	-22.341
SPBC776.16	mis20	viable	V	-0.097	0.016	-0.0	0.372	3.064	7.288	6.916	2.242	-0.036	-0.004	-0.049667	0.095	0.328706	-17.574	-18.746
SPBC776.17	rrp7	viable	V	5.259	0.468	0.493	1.18	6.148	13.943	12.763	4.631	1.935	31.602	0.992899	0.14	0.030586	-13.662	-14.833
SPBC776.18c	pmh1	inviable	E	4.896	0.82	4.246	4.61	7.247	11.383	6.773	6.442	1.801	24.037	0.991501	0.169	0.037161	-11.754	-12.926
SPBC800.02	whi5	viable	V	0.139	-0.009	0.0	0.936	7.71	18.339	17.403	5.642	0.051	0.015	0.017602	0.039	0.31838	-26.401	-27.572
SPBC800.03	clr3	viable	V	-0.439	0.062	0.0	0.429	3.536	8.411	7.982	2.588	-0.162	-0.021	-0.567629	0.07	0.467026	-20.652	-21.823
SPBC800.05c	atb2	viable	V	0.379	0.063	1.217	1.581	4.218	8.355	6.773	3.413	0.139	2.965	0.667087	0.123	0.222831	-14.955	-16.127
SPBC800.06	brx1	inviable	E	6.191	1.037	0.265	0.629	3.266	7.402	6.773	2.461	2.277	54.158	0.981206	0.327	0.052771	-5.189	-6.36
SPBC800.07c	tsf1	viable	V	3.43	0.436	7.62	8.099	11.571	17.019	8.919	10.511	1.262	5.479	0.967815	0.135	0.064992	-14.021	-15.193
SPBC800.08	trm6	viable	V	2.875	0.221	2.472	3.266	9.011	18.026	14.761	7.257	1.058	11.307	0.979753	0.109	0.051159	-16.172	-17.343
SPBC800.09	sum2	viable	V	2.217	0.157	1.359	2.221	8.458	18.244	16.023	6.554	0.816	9.821	0.980251	0.084	0.049225	-18.795	-19.967
SPBC800.10c	ede1	viable	V	3.718	0.324	1.082	1.784	6.858	14.82	13.036	5.309	1.368	20.236	0.969825	0.205	0.063544	-9.826	-10.998
SPBC800.11	SPBC800.11	viable	V	0.147	-0.014	0.0	0.656	5.398	12.839	12.183	3.95	0.054	0.011	-0.114135	0.204	0.382133	-9.875	-11.046
SPBC800.12c	SPBC800.12c	viable	V	0.302	-0.048	0.0	0.387	3.187	7.58	7.193	2.332	0.111	0.013	-0.55969	0.161	0.432305	-12.248	-13.42
SPBC800.13	cnp20	inviable	E	8.173	0.659	3.069	3.827	9.308	17.909	14.082	7.635	3.007	29.906	0.994472	0.164	0.027714	-12.061	-13.233
SPBC800.14c	SPBC800.14c	viable	Not_determined	-0.483	0.068	0.0	0.436	3.586	8.53	8.095	2.624	-0.178	-0.024	-0.769041	0.113	0.482909	-15.846	-17.018
SPBC83.01	ucp8	viable	V	-0.159	0.01	-0.0	0.945	7.782	18.51	17.565	5.695	-0.058	-0.017	-0.050798	0.053	0.331607	-23.302	-24.473
SPBC83.03c	tas3	viable	V	-0.115	0.016	0.0	0.438	3.608	8.583	8.145	2.641	-0.042	-0.006	-0.285094	0.093	0.38205	-17.728	-18.9
SPBC83.04	apc15	viable	V	0.199	0.033	-0.0	0.364	3.001	7.138	6.773	2.196	0.073	1.79	0.271798	0.075	0.273426	-19.914	-21.085
SPBC83.05	yme2	viable	V	0.081	0.014	-0.0	0.364	3.001	7.138	6.773	2.196	0.03	0.732	-0.222408	0.139	0.426539	-13.76	-14.932
SPBC83.06c	rtc6	inviable	E	7.095	0.578	3.204	3.953	9.375	17.883	13.93	7.72	2.61	25.523	0.996644	0.11	0.021813	-16.104	-17.276
SPBC83.07	jmj3	inviable	E	5.152	0.688	5.153	5.611	8.921	14.114	8.503	7.91	1.895	17.928	0.999987	0.006	0.001464	-44.756	-45.928
SPBC83.08	rvb2	inviable	E	6.45	1.081	0.048	0.412	3.048	7.185	6.773	2.244	2.373	57.736	0.987414	0.272	0.040934	-7.025	-8.197
SPBC83.09c	lin1	viable	V	-0.663	0.11	-0.0	0.369	3.039	7.229	6.859	2.224	-0.244	-0.028	-0.385052	0.14	0.421857	-13.687	-14.859
SPBC83.10	emc7	viable	V	0.671	0.047	1.305	2.171	8.431	18.255	16.084	6.52	0.247	2.986	0.902364	0.062	0.114439	-21.765	-22.937
SPBC83.11	pet2	viable	V	-0.417	0.028	0.0	0.916	7.539	17.932	17.017	5.517	-0.153	-0.043	0.002076	0.155	0.323349	-12.63	-13.802
SPBC83.12	SPBC83.12	viable	V	-0.108	-0.007	0.0	0.938	7.727	18.38	17.441	5.655	-0.04	-0.544	0.069273	0.098	0.32536	-17.268	-18.44
SPBC83.13	yhm2	viable	V	-0.233	-0.039	-0.0	0.364	3.001	7.138	6.773	2.196	-0.086	-2.092	-0.031595	0.189	0.366035	-10.686	-11.858
SPBC83.14c	rfc5	inviable	E	6.755	0.826	3.531	4.03	7.642	13.309	9.279	6.539	2.485	31.124	0.998598	0.087	0.014885	-18.411	-19.583
SPBC83.15	wdr74	inviable	E	6.5	0.992	0.413	0.813	3.708	8.249	7.436	2.824	2.391	53.849	0.991603	0.225	0.033913	-8.91	-10.082
SPBC83.16c	SPBC83.16c	viable	V	-0.007	0.001	0.0	0.364	3.001	7.138	6.773	2.196	-0.002	-0.0	-0.894702	0.127	0.496028	-14.598	-15.77
SPBC83.18c	fic1	viable	V	0.189	-0.012	0.0	0.924	7.609	18.098	17.173	5.568	0.069	0.02	-0.093193	0.117	0.362554	-15.478	-16.65
SPBC839.02	aly1	viable	V	-0.371	0.052	0.0	0.431	3.551	8.447	8.016	2.599	-0.136	-0.018	-0.599786	0.119	0.484988	-15.301	-16.473
SPBC839.03c	dcn1	viable	V	0.497	0.074	2.427	2.839	5.814	10.483	7.644	4.906	0.183	3.112	0.940581	0.054	0.092282	-23.242	-24.414
SPBC839.05c	rps1701	viable	V	5.554	0.364	0.239	1.169	7.901	18.463	17.294	5.846	2.043	27.224	0.955119	0.311	0.071463	-5.689	-6.86
SPBC839.06	cta3	viable	V	-0.062	-0.01	0.0	0.364	3.001	7.138	6.773	2.196	-0.023	-0.557	0.372161	0.026	0.260551	-30.576	-31.748
SPBC839.07	ibp1	viable	V	-0.051	0.003	0.0	0.909	7.484	17.8	16.891	5.476	-0.019	-0.005	-0.509867	0.082	0.440467	-19.019	-20.191
SPBC839.08c	its8	condition-dependent	E	6.234	0.926	0.864	1.275	4.247	8.911	7.636	3.34	2.293	48.386	0.998958	0.077	0.012486	-19.678	-20.85
SPBC839.10	usp107	inviable	E	4.697	0.787	4.15	4.514	7.15	11.287	6.773	6.346	1.728	23.479	0.988705	0.191	0.044865	-10.562	-11.734
SPBC839.11c	hut1	viable	V	0.336	0.022	-0.0	0.945	7.782	18.51	17.565	5.695	0.124	1.679	0.343296	0.101	0.30987	-16.925	-18.096
SPBC839.14c	efm4	viable	V	0.374	0.024	0.0	0.945	7.782	18.51	17.565	5.695	0.138	1.87	0.160222	0.136	0.398916	-13.978	-15.15
SPBC839.15c	tef103	viable	V	3.067	0.374	1.507	2.008	5.632	11.318	9.31	4.526	1.128	19.685	0.992496	0.097	0.034753	-17.381	-18.553
SPBC839.16	thf1	viable	V	-0.016	0.003	0.0	0.388	3.196	7.602	7.214	2.339	-0.006	-0.001	-0.655982	0.121	0.463328	-15.087	-16.259
SPBC839.17c	fkh1	viable	V	0.246	0.041	-0.0	0.364	3.001	7.138	6.773	2.196	0.091	2.216	0.172252	0.138	0.304286	-13.817	-14.988
SPBC839.19	new20	viable	Not_determined	0.033	-0.003	0.0	0.589	4.848	11.533	10.944	3.548	0.012	0.002	-0.254495	0.117	0.399948	-15.474	-16.646
SPBC839.20	new14	viable	Not_determined	0.244	-0.016	0.0	0.931	7.661	18.223	17.293	5.607	0.09	0.026	-0.102043	0.088	0.360839	-18.34	-19.512
SPBC887.01	adi1	viable	V	-0.009	0.001	-0.0	0.364	2.999	7.132	6.768	2.194	-0.003	-0.0	-0.019521	0.278	0.329594	-6.819	-7.99
SPBC887.02	SPBC887.02	viable	V	0.614	-0.041	0.0	0.913	7.518	17.882	16.969	5.502	0.226	0.063	-0.076096	0.082	0.342346	-19.032	-20.204
SPBC887.03c	noc3	inviable	E	6.508	1.029	0.136	0.522	3.315	7.698	7.177	2.462	2.394	56.426	0.990528	0.237	0.036461	-8.399	-9.57
SPBC887.04c	lub1	viable	V	1.109	0.09	3.124	3.879	9.336	17.899	14.02	7.67	0.408	4.031	0.965083	0.056	0.068948	-22.753	-23.925
SPBC887.05c	cwf29	viable	V	6.568	0.438	0.498	1.413	8.03	18.413	16.999	6.01	2.416	31.497	0.753098	0.892	0.164949	4.858	3.686
SPBC887.06c	snx3	viable	V	-0.327	-0.024	0.0	0.839	6.912	16.44	15.601	5.058	-0.12	-1.804	0.772992	0.06	0.177193	-22.212	-23.383
SPBC887.07	mrpl38	inviable	E	7.455	0.644	3.901	4.608	9.722	17.747	13.139	8.16	2.742	24.421	0.999076	0.06	0.01155	-22.07	-23.242
SPBC887.08	SPBC887.08	viable	V	0.562	0.094	-0.0	0.364	3.001	7.138	6.773	2.196	0.207	5.055	0.479897	0.142	0.274497	-13.506	-14.678
SPBC887.09c	sog2	inviable	E	6.488	1.087	1.699	2.063	4.7	8.837	6.773	3.895	2.387	47.756	0.996792	0.149	0.023372	-13.07	-14.242
SPBC887.10	mcs4	viable	V	0.573	0.096	1.208	1.572	4.209	8.345	6.773	3.404	0.211	4.495	0.59116	0.203	0.260339	-9.93	-11.101
SPBC887.11	pus2	viable	V	-0.054	-0.009	0.0	0.364	3.001	7.138	6.773	2.196	-0.02	-0.483	0.379546	0.022	0.320305	-31.977	-33.149
SPBC887.12	SPBC887.12	inviable	E	6.223	1.042	-0.0	0.364	3.001	7.138	6.773	2.196	2.289	55.977	0.976203	0.351	0.056047	-4.475	-5.647
SPBC887.13c	cem1	inviable	E	4.585	0.574	7.499	7.987	11.511	17.042	9.056	10.435	1.687	7.561	0.999056	0.033	0.011764	-28.102	-29.274
SPBC887.14c	pfh1	inviable	E	6.125	0.756	0.754	1.248	4.825	10.436	9.188	3.733	2.253	43.875	0.996512	0.131	0.022187	-14.294	-15.466
SPBC887.15c	sur2	viable	V	0.314	0.053	-0.0	0.364	3.001	7.138	6.773	2.196	0.116	2.827	0.655114	0.075	0.187798	-19.962	-21.134
SPBC887.16	SPBC887.16	viable	Not_determined	-0.109	0.007	0.0	0.937	7.718	18.359	17.421	5.648	-0.04	-0.012	-0.163251	0.043	0.356658	-25.429	-26.601
SPBC887.17	SPBC887.17	condition-dependent	V	1.166	0.075	-0.0	0.945	7.782	18.51	17.565	5.695	0.429	5.826	0.90573	0.092	0.100643	-17.883	-19.055
SPBC887.18c	hfi1	viable	V	2.967	0.497	4.689	5.053	7.689	11.826	6.773	6.885	1.091	13.341	0.979503	0.16	0.061045	-12.337	-13.509
SPBC887.19	rft1	inviable	E	6.158	0.735	0.164	0.676	4.378	10.186	9.51	3.248	2.265	46.54	0.988872	0.23	0.039219	-8.694	-9.866
SPBC887.22	spc1	condition-dependent	Not_determined	0.023	0.002	0.0	0.652	5.366	12.763	12.111	3.927	0.009	0.154	0.308126	0.02	0.307186	-33.137	-34.308
SPBC8D2.01	gsk31	viable	V	0.231	0.019	0.0	0.74	6.094	14.495	13.755	4.46	0.085	1.4	0.689585	0.038	0.19372	-26.812	-27.984
SPBC8D2.05c	sfi1	inviable	E	7.571	0.623	1.362	2.104	7.473	15.899	13.795	5.834	2.785	37.833	0.99809	0.098	0.016194	-17.197	-18.369
SPBC8D2.06	irs1	inviable	E	6.696	1.122	-0.0	0.364	3.001	7.138	6.773	2.196	2.463	60.23	0.961123	0.474	0.071432	-1.456	-2.628
SPBC8D2.07c	sfc9	inviable	E	5.998	0.609	5.638	6.239	10.586	17.407	11.168	9.259	2.207	14.869	0.997938	0.071	0.01728	-20.44	-21.612
SPBC8D2.09c	msl1	inviable	E	5.939	0.995	1.06	1.425	4.061	8.198	6.773	3.256	2.185	47.413	0.990333	0.232	0.03943	-8.596	-9.768
SPBC8D2.10c	rmt3	viable	V	0.421	0.04	0.0	0.638	5.252	12.493	11.855	3.844	0.155	2.839	0.940334	0.031	0.082913	-28.602	-29.774
SPBC8D2.11	SPBC8D2.11	viable	V	-0.381	0.056	0.0	0.416	3.427	8.152	7.736	2.508	-0.14	-0.018	-0.133453	0.076	0.385583	-19.775	-20.947
SPBC8D2.12c	tac1	viable	V	-0.162	-0.027	0.0	0.364	3.001	7.138	6.773	2.196	-0.06	-1.458	0.14548	0.08	0.302237	-19.246	-20.417
SPBC8D2.13	shq1	inviable	E	5.85	0.729	0.926	1.416	4.96	10.523	9.107	3.878	2.152	41.18	0.998719	0.076	0.013781	-19.733	-20.905
SPBC8D2.14c	sed5	inviable	E	5.846	0.979	-0.0	0.364	3.001	7.138	6.773	2.196	2.151	52.59	0.984832	0.269	0.045512	-7.148	-8.32
SPBC8D2.15	lip5	inviable	E	7.067	0.809	6.745	7.279	11.136	17.19	9.911	9.959	2.6	14.0	0.997343	0.091	0.019457	-18.003	-19.175
SPBC8D2.16c	SPBC8D2.16c	viable	V	-0.017	0.003	0.0	0.364	3.001	7.138	6.773	2.196	-0.006	-0.001	-0.738213	0.076	0.478712	-19.755	-20.927
SPBC8D2.17	gmh4	viable	V	2.964	0.478	5.492	5.871	8.61	12.909	7.039	7.774	1.09	10.879	0.997985	0.049	0.017876	-24.236	-25.408
SPBC8D2.18c	sah1	viable	V	5.683	0.631	0.317	0.867	4.848	11.095	10.227	3.633	2.091	40.441	0.984911	0.244	0.044217	-8.096	-9.267
SPBC8D2.19	mde3	viable	V	-0.072	0.005	0.0	0.944	7.773	18.488	17.544	5.688	-0.027	-0.008	-0.651985	0.045	0.481568	-25.059	-26.23
SPBC8D2.23	new15	viable	Not_determined	0.067	-0.01	0.0	0.398	3.275	7.79	7.392	2.397	0.025	0.003	-0.597749	0.044	0.475513	-25.185	-26.357
SPBC8E4.01c	pho84	viable	V	0.392	-0.026	0.0	0.928	7.637	18.166	17.239	5.589	0.144	0.041	0.024725	0.072	0.319814	-20.272	-21.444
SPBC8E4.03	agm3	viable	V	-0.015	0.001	0.0	0.94	7.737	18.402	17.463	5.662	-0.006	-0.002	-1.38332	0.15	0.621082	-12.951	-14.123
SPBC8E4.05c	SPBC8E4.05c	viable	V	-0.116	0.012	0.0	0.586	4.826	11.479	10.893	3.532	-0.043	-0.008	-0.903962	0.014	0.49319	-36.473	-37.645
SPBC902.02c	ctf18	viable	V	1.765	0.134	2.271	3.077	8.911	18.066	14.988	7.13	0.649	7.1	0.988062	0.053	0.039769	-23.425	-24.597
SPBC902.03	nem2	viable	V	1.613	0.118	0.671	1.505	7.54	17.01	15.505	5.698	0.593	8.142	0.969141	0.082	0.063077	-19.003	-20.174
SPBC902.04	rmn1	viable	V	-0.039	-0.007	0.0	0.365	3.001	7.138	6.773	2.196	-0.015	-0.355	-0.111339	0.028	0.471662	-29.649	-30.821
SPBC902.05c	idh2	viable	V	2.226	0.146	0.185	1.119	7.874	18.474	17.355	5.812	0.819	10.96	0.818708	0.269	0.139098	-7.114	-8.286
SPBC902.06	mto2	viable	V	-0.417	0.063	0.0	0.403	3.314	7.883	7.481	2.425	-0.154	-0.019	-0.055747	0.106	0.335538	-16.409	-17.58
SPBC947.01	knk1	viable	V	0.462	-0.031	0.0	0.905	7.448	17.715	16.811	5.45	0.17	0.047	-0.043463	0.127	0.352667	-14.639	-15.811
SPBC947.02	apl2	viable	V	6.902	0.541	2.148	2.927	8.559	17.396	14.469	6.839	2.539	29.2	0.999079	0.058	0.011381	-22.391	-23.563
SPBC947.04	pfl3	viable	V	-0.075	0.005	0.0	0.926	7.625	18.136	17.21	5.58	-0.028	-0.008	-0.280788	0.143	0.418316	-13.474	-14.646
SPBC947.05c	frp2	viable	V	0.087	-0.006	0.0	0.943	7.761	18.46	17.517	5.679	0.032	0.009	-0.203039	0.063	0.394434	-21.692	-22.863
SPBC947.06c	SPBC947.06c	viable	V	-0.152	-0.026	-0.0	0.364	3.001	7.138	6.773	2.196	-0.056	-1.371	-0.264286	0.166	0.40298	-11.932	-13.103
SPBC947.07	rrp1402	inviable	E	6.853	1.148	0.16	0.524	3.161	7.298	6.773	2.356	2.521	60.63	0.9866	0.301	0.042927	-5.995	-7.167
SPBC947.08c	hip4	viable	V	0.833	0.14	0.04	0.405	3.041	7.178	6.773	2.236	0.307	7.466	0.862668	0.128	0.141653	-14.575	-15.747
SPBC947.10	dsc1	viable	V	0.202	-0.014	-0.0	0.896	7.374	17.54	16.644	5.396	0.074	0.02	-0.03795	0.093	0.432552	-17.705	-18.877
SPBC947.11c	elg1	viable	V	0.502	0.043	0.0	0.714	5.879	13.983	13.269	4.302	0.185	3.131	0.759301	0.072	0.164963	-20.253	-21.425
SPBC947.12	kms2	condition-dependent	E	6.519	0.535	3.12	3.865	9.248	17.694	13.83	7.604	2.398	23.974	0.999781	0.026	0.005663	-30.336	-31.508
SPBC947.13	rba50	viable	V	7.851	0.782	0.788	1.401	5.833	12.788	11.387	4.48	2.888	49.063	0.991378	0.245	0.03405	-8.067	-9.239
SPBC947.14c	cbp6	viable	V	1.384	0.11	2.901	3.669	9.225	17.942	14.273	7.529	0.509	5.171	0.958508	0.077	0.078167	-19.671	-20.842
SPBC947.15c	ndi1	viable	V	-0.622	0.084	-0.0	0.452	3.726	8.862	8.409	2.726	-0.229	-0.032	-0.171603	0.114	0.404041	-15.685	-16.857
SPBC9B6.02c	Tf2-9	unknown	Not_determined	-0.095	0.006	0.0	0.913	7.513	17.871	16.958	5.498	-0.035	-0.01	-0.27963	0.171	0.435043	-11.663	-12.834
SPBC9B6.04c	tuf1	inviable	E	5.469	0.805	4.421	4.836	7.836	12.543	7.707	6.92	2.012	23.958	0.982655	0.251	0.051395	-7.806	-8.978
SPBC9B6.05c	lsm3	inviable	E	6.618	0.466	1.288	2.155	8.423	18.258	16.103	6.509	2.435	29.518	0.983123	0.228	0.047892	-8.767	-9.938
SPBC9B6.06	mrpl10	inviable	E	7.832	0.668	3.754	4.47	9.649	17.775	13.306	8.068	2.881	26.186	0.995625	0.137	0.025183	-13.847	-15.018
SPBC9B6.07	nop52	viable	V	4.639	0.504	-0.0	0.562	4.625	11.001	10.44	3.385	1.707	33.887	0.978219	0.236	0.051969	-8.459	-9.631
SPBC9B6.09c	mdl1	viable	V	-0.148	0.01	0.0	0.942	7.759	18.456	17.513	5.678	-0.055	-0.016	-0.141234	0.073	0.411495	-20.139	-21.311
SPBC9B6.10	cdc37	inviable	E	5.975	0.853	2.652	3.08	6.173	11.027	7.947	5.229	2.198	35.352	0.997582	0.113	0.019859	-15.76	-16.932
SPBC9B6.11c	SPBC9B6.11c	viable	V	1.854	0.311	4.981	5.346	7.982	12.119	6.773	7.177	0.682	7.839	0.977412	0.105	0.064562	-16.577	-17.749
SPBP16F5.02	mcs2	inviable	E	6.963	0.589	3.648	4.371	9.596	17.796	13.425	8.001	2.562	23.621	0.997004	0.102	0.020566	-16.813	-17.985
SPBP16F5.03c	tra1	viable	V	0.658	0.11	0.0	0.364	3.001	7.138	6.773	2.196	0.242	5.923	0.850782	0.106	0.149991	-16.453	-17.625
SPBP16F5.04	ubc7	viable	V	-0.042	0.003	0.0	0.94	7.741	18.413	17.473	5.665	-0.015	-0.004	-0.786049	0.109	0.500651	-16.151	-17.323
SPBP16F5.05c	yar1	viable	V	1.857	0.311	-0.0	0.364	3.001	7.138	6.773	2.196	0.683	16.707	0.222163	1.033	0.305931	6.326	5.154
SPBP16F5.06	nop8	inviable	E	6.737	0.791	0.692	1.212	4.976	10.88	9.668	3.827	2.479	47.258	0.980716	0.334	0.054876	-4.957	-6.129
SPBP16F5.07	apm1	condition-dependent	V	7.69	0.569	1.977	2.801	8.765	18.123	15.322	6.944	2.829	31.959	0.998474	0.081	0.014429	-19.186	-20.358
SPBP16F5.08c	fmo1	viable	V	4.444	0.745	9.511	9.875	12.512	16.648	6.773	11.707	1.635	3.626	0.992168	0.077	0.034788	-19.65	-20.822
SPBP18G5.02	pgs1	inviable	E	6.934	0.799	5.735	6.265	10.1	16.119	9.854	8.929	2.551	18.566	0.997569	0.095	0.019066	-17.522	-18.694
SPBP18G5.03	toc1	viable	V	-0.045	-0.008	0.0	0.364	3.001	7.138	6.773	2.196	-0.017	-0.408	0.254705	0.028	0.279828	-29.762	-30.933
SPBP19A11.01	gcv3	inviable	E	-0.372	0.024	0.0	0.945	7.782	18.51	17.565	5.695	-0.137	-0.04	-2.085077	0.19	0.591099	-10.621	-11.793
SPBP19A11.03c	mts4	inviable	E	6.247	1.047	0.425	0.789	3.425	7.562	6.773	2.621	2.298	53.708	0.975507	0.38	0.059406	-3.663	-4.835
SPBP19A11.04c	mor2	inviable	E	6.287	0.77	1.31	1.809	5.417	11.079	9.27	4.316	2.313	41.596	0.997247	0.12	0.020657	-15.22	-16.392
SPBP19A11.06	lid2	inviable	E	7.418	0.563	2.303	3.108	8.927	18.059	14.951	7.151	2.729	29.738	0.996811	0.112	0.020729	-15.878	-17.05
SPBP19A11.07c	hid2	unknown	Not_determined	0.162	-0.011	0.0	0.935	7.695	18.303	17.369	5.631	0.06	0.017	-0.155645	0.047	0.418743	-24.509	-25.68
SPBP22H7.02c	mrd1	inviable	E	6.459	1.082	-0.0	0.364	3.001	7.138	6.773	2.196	2.376	58.105	0.985297	0.292	0.044173	-6.324	-7.496
SPBP22H7.03	sbg1	inviable	E	8.069	0.55	0.809	1.705	8.185	18.352	16.646	6.206	2.969	37.645	0.988412	0.23	0.038084	-8.707	-9.879
SPBP22H7.04	SPBP22H7.04	viable	V	-0.227	0.033	0.0	0.424	3.49	8.301	7.877	2.554	-0.083	-0.011	-2.415036	0.063	0.686885	-21.616	-22.787
SPBP22H7.05c	abo2	viable	V	-0.231	0.032	0.0	0.435	3.586	8.529	8.093	2.624	-0.085	-0.011	-0.554926	0.079	0.445603	-19.343	-20.515
SPBP22H7.06	nrk1	viable	V	-0.045	-0.004	0.0	0.682	5.611	13.347	12.666	4.106	-0.016	-0.287	0.006868	0.05	0.344463	-24.037	-25.209
SPBP22H7.07	prp5	inviable	E	5.98	1.002	0.372	0.737	3.373	7.51	6.773	2.568	2.2	51.705	0.975758	0.362	0.061472	-4.149	-5.321
SPBP22H7.08	rps1002	viable	V	5.287	0.886	0.604	0.969	3.605	7.742	6.773	2.8	1.945	44.543	0.889261	0.699	0.1189	2.424	1.253
SPBP22H7.09c	mis15	inviable	E	7.328	0.726	3.395	4.012	8.469	15.465	11.453	7.108	2.696	29.697	0.996757	0.131	0.022278	-14.36	-15.532
SPBP23A10.02	pkr1	viable	V	2.902	0.282	5.2	5.828	10.368	17.492	11.664	8.982	1.067	7.771	0.99808	0.033	0.016712	-28.11	-29.282
SPBP23A10.03c	sdh7	viable	V	0.016	-0.002	0.0	0.45	3.708	8.82	8.369	2.713	0.006	0.001	-0.474769	0.156	0.485982	-12.548	-13.72
SPBP23A10.04	apc2	inviable	E	6.355	1.065	1.263	1.627	4.264	8.4	6.773	3.459	2.338	49.485	0.994379	0.191	0.031675	-10.58	-11.751
SPBP23A10.05	ssr4	condition-dependent	V	2.36	0.231	3.244	3.869	8.39	15.485	11.616	7.01	0.868	9.741	0.990279	0.071	0.038512	-20.443	-21.615
SPBP23A10.06	mtm1	inviable	E	6.962	1.166	6.102	6.467	9.103	13.24	6.773	8.298	2.561	22.484	0.99223	0.22	0.035771	-9.155	-10.326
SPBP23A10.07	rpa2	inviable	E	6.959	1.09	0.741	1.131	3.951	8.376	7.244	3.09	2.56	56.126	0.99152	0.247	0.034665	-7.988	-9.16
SPBP23A10.08	alp5	inviable	E	6.575	0.65	1.405	2.023	6.491	13.503	11.48	5.127	2.419	37.4	0.991199	0.206	0.035162	-9.779	-10.951
SPBP23A10.09	psf1	inviable	E	6.034	0.671	0.132	0.681	4.655	10.89	10.209	3.442	2.22	43.969	0.987805	0.231	0.040652	-8.663	-9.835
SPBP23A10.10	ppk32	viable	V	-0.447	0.065	-0.0	0.421	3.469	8.252	7.831	2.539	-0.165	-0.021	-0.073803	0.106	0.332212	-16.445	-17.617
SPBP23A10.11c	SPBP23A10.11c	viable	Not_determined	-0.307	-0.051	5.878	6.242	8.879	13.015	6.773	8.074	-0.113	-1.05	0.159572	0.283	0.376018	-6.618	-7.79
SPBP23A10.12	frg1	viable	V	-0.547	0.078	0.0	0.426	3.505	8.338	7.912	2.565	-0.201	-0.026	-0.055543	0.139	0.355338	-13.712	-14.883
SPBP23A10.13	orc4	inviable	E	6.083	0.896	1.774	2.189	5.189	9.896	7.706	4.273	2.238	41.702	0.999969	0.013	0.002241	-37.339	-38.51
SPBP23A10.14c	ell1	viable	V	0.001	-0.0	0.0	0.365	3.001	7.139	6.774	2.196	0.0	0.0	-0.763922	0.156	0.504549	-12.585	-13.757
SPBP23A10.15c	qcr1	inviable	E	6.057	1.015	-0.0	0.364	3.001	7.138	6.773	2.196	2.228	54.487	0.979524	0.324	0.054114	-5.281	-6.452
SPBP23A10.16	tim18	viable	V	-0.284	0.039	0.0	0.448	3.686	8.767	8.32	2.697	-0.104	-0.014	-0.092158	0.04	0.333144	-26.278	-27.45
SPBP26C9.02c	car1	viable	V	-0.242	-0.041	-0.0	0.364	3.001	7.138	6.773	2.196	-0.089	-2.176	0.359308	0.074	0.294083	-20.102	-21.274
SPBP26C9.03c	fet4	viable	V	0.183	0.031	0.0	0.364	3.001	7.138	6.773	2.196	0.067	1.649	0.342139	0.08	0.346763	-19.201	-20.373
SPBP35G2.03c	sgo1	viable	V	0.048	0.003	0.0	0.945	7.782	18.51	17.565	5.695	0.018	0.24	0.122214	0.045	0.341843	-24.984	-26.155
SPBP35G2.04c	SPBP35G2.04c	viable	V	-0.097	-0.016	-0.0	0.364	3.001	7.138	6.773	2.196	-0.036	-0.876	-0.031896	0.056	0.358352	-22.906	-24.077
SPBP35G2.06c	nup131	viable	V	1.182	0.198	0.912	1.276	3.913	8.05	6.773	3.108	0.435	9.609	0.890075	0.165	0.124158	-11.995	-13.167
SPBP35G2.07	ilv1	viable	V	6.832	0.987	0.253	0.675	3.731	8.527	7.851	2.798	2.513	56.264	0.989063	0.266	0.038183	-7.246	-8.418
SPBP35G2.08c	air1	viable	V	4.09	0.303	1.998	2.821	8.776	18.119	15.298	6.958	1.505	16.96	0.971845	0.189	0.061366	-10.666	-11.838
SPBP35G2.09	usp103	inviable	E	0.934	0.155	8.091	8.459	11.123	15.303	6.844	10.31	0.344	1.543	0.879329	0.089	0.119933	-18.179	-19.351
SPBP35G2.10	mit1	viable	V	0.024	-0.004	0.0	0.364	2.998	7.132	6.768	2.194	0.009	0.001	-1.347011	0.094	0.650017	-17.618	-18.789
SPBP35G2.11c	nbr1	viable	V	0.444	0.074	-0.0	0.364	3.001	7.138	6.773	2.196	0.163	3.992	0.651816	0.107	0.193144	-16.313	-17.485
SPBP35G2.12	ysa1	viable	V	-0.45	0.06	0.0	0.46	3.791	9.016	8.556	2.774	-0.166	-0.023	-0.022581	0.089	0.347424	-18.237	-19.409
SPBP35G2.13c	swc2	viable	V	0.504	0.085	-0.0	0.364	3.001	7.138	6.773	2.196	0.186	4.538	-0.057694	0.28	0.36828	-6.733	-7.905
SPBP35G2.14	puf2	viable	V	0.405	0.068	-0.0	0.364	3.001	7.138	6.773	2.196	0.149	3.642	0.811865	0.064	0.1461	-21.422	-22.593
SPBP4G3.02	pho1	viable	V	-0.015	0.002	0.0	0.432	3.559	8.466	8.033	2.605	-0.006	-0.001	-0.491315	0.135	0.463406	-14.036	-15.208
SPBP4G3.03	fub2	viable	V	-0.082	0.005	0.0	0.938	7.723	18.371	17.433	5.652	-0.03	-0.009	-0.174149	0.118	0.381945	-15.369	-16.541
SPBP4H10.03	oxa102	viable	V	2.032	0.152	2.101	2.918	8.827	18.099	15.181	7.023	0.747	8.331	0.87879	0.199	0.118266	-10.142	-11.314
SPBP4H10.04	ppb1	viable	V	0.319	0.021	-0.0	0.945	7.782	18.51	17.565	5.695	0.117	1.596	0.43377	0.099	0.270087	-17.087	-18.259
SPBP4H10.05c	spe2	viable	V	2.994	0.257	3.822	4.533	9.682	17.762	13.229	8.11	1.101	9.917	0.902008	0.246	0.107321	-8.021	-9.192
SPBP4H10.06c	cut14	inviable	E	6.651	0.893	0.696	1.15	4.438	9.596	8.446	3.434	2.447	50.187	0.997299	0.128	0.019665	-14.539	-15.71
SPBP4H10.07	SPBP4H10.07	viable	V	-0.62	-0.04	0.0	0.945	7.782	18.51	17.565	5.695	-0.228	-3.098	0.671235	0.116	0.190735	-15.561	-16.733
SPBP4H10.08	qcr10	viable	V	-0.013	0.002	-0.0	0.364	3.001	7.138	6.773	2.196	-0.005	-0.001	-1.552694	0.083	0.575226	-18.909	-20.081
SPBP4H10.09	rsv1	viable	V	0.695	0.116	-0.0	0.364	3.001	7.138	6.773	2.196	0.256	6.254	0.616089	0.16	0.205526	-12.332	-13.504
SPBP4H10.10	rbd3	viable	V	-0.397	0.056	0.0	0.43	3.539	8.418	7.989	2.59	-0.146	-0.019	-0.595072	0.039	0.477352	-26.405	-27.577
SPBP4H10.11c	lcf2	viable	V	1.904	0.183	5.085	5.72	10.311	17.515	11.795	8.909	0.701	5.201	0.918572	0.135	0.099502	-14.03	-15.202
SPBP4H10.12	SPBP4H10.12	viable	V	0.006	-0.001	-0.0	0.364	3.001	7.137	6.773	2.196	0.002	0.0	-0.607151	0.088	0.459983	-18.32	-19.492
SPBP4H10.14c	SPBP4H10.14c	viable	V	0.308	-0.047	0.0	0.398	3.278	7.796	7.398	2.398	0.113	0.014	-0.714492	0.138	0.521261	-13.833	-15.005
SPBP4H10.15	aco2	inviable	E	6.321	0.818	4.23	4.702	8.115	13.471	8.769	7.073	2.325	26.392	0.999776	0.033	0.00598	-28.255	-29.427
SPBP4H10.16c	SPBP4H10.16c	viable	V	-0.127	-0.021	0.0	0.364	3.001	7.138	6.773	2.196	-0.047	-1.143	0.420526	0.067	0.336077	-21.049	-22.22
SPBP4H10.17c	SPBP4H10.17c	viable	V	-0.001	0.0	0.0	0.364	3.001	7.137	6.773	2.196	-0.0	-0.0	-2.702004	0.089	0.709739	-18.143	-19.315
SPBP4H10.18c	SPBP4H10.18c	viable	V	0.442	0.074	2.115	2.479	5.116	9.253	6.773	4.311	0.162	3.071	0.725938	0.113	0.191067	-15.777	-16.949
SPBP4H10.19c	SPBP4H10.19c	viable	V	-0.016	0.003	0.0	0.364	2.995	7.125	6.761	2.192	-0.006	-0.001	-0.594772	0.094	0.464641	-17.61	-18.782
SPBP4H10.20	nhm1	viable	V	0.035	-0.002	0.0	0.931	7.663	18.228	17.297	5.608	0.013	0.004	-0.011672	0.054	0.349113	-23.103	-24.274
SPBP4H10.21c	sld5	inviable	E	7.069	0.768	0.723	1.285	5.349	11.727	10.442	4.109	2.601	47.146	0.996089	0.153	0.023225	-12.743	-13.914
SPBP8B7.01c	pop7	inviable	E	6.752	0.824	1.042	1.542	5.163	10.843	9.301	4.057	2.484	46.252	0.999035	0.076	0.011971	-19.773	-20.945
SPBP8B7.02	rng9	viable	V	-0.703	0.09	0.0	0.477	3.929	9.346	8.869	2.875	-0.259	-0.038	-0.017137	0.199	0.347673	-10.134	-11.305
SPBP8B7.04	mug45	viable	V	0.056	0.009	0.0	0.365	3.001	7.138	6.773	2.196	0.021	0.503	0.35835	0.029	0.2987	-29.311	-30.483
SPBP8B7.05c	nce103	condition-dependent	E	2.131	0.357	0.319	0.684	3.32	7.457	6.773	2.515	0.784	18.529	0.952078	0.185	0.089575	-10.9	-12.071
SPBP8B7.06	rpp201	viable	V	2.595	0.313	-0.0	0.507	4.175	9.93	9.423	3.055	0.955	20.094	0.957438	0.189	0.077977	-10.647	-11.819
SPBP8B7.07c	set6	viable	V	-0.317	-0.053	0.0	0.364	3.001	7.138	6.773	2.196	-0.117	-2.851	0.829377	0.056	0.157073	-22.895	-24.067
SPBP8B7.08c	ppm1	viable	V	1.174	-0.078	0.0	0.92	7.577	18.023	17.103	5.545	0.432	0.122	-0.115389	0.112	0.345746	-15.891	-17.062
SPBP8B7.09c	los1	viable	V	1.734	0.29	4.638	5.002	7.638	11.775	6.773	6.834	0.638	7.879	0.979389	0.094	0.061731	-17.597	-18.769
SPBP8B7.10c	utp16	viable	V	1.291	0.216	1.644	2.008	4.645	8.782	6.773	3.84	0.475	9.572	0.886541	0.194	0.137643	-10.409	-11.581
SPBP8B7.11	nxt3	viable	V	2.332	0.223	0.874	1.512	6.128	13.372	11.86	4.719	0.858	14.008	0.991562	0.071	0.033859	-20.455	-21.627
SPBP8B7.12c	fta3	inviable	E	7.334	0.88	4.898	5.407	9.088	14.863	9.456	7.964	2.698	25.017	0.996699	0.136	0.022203	-13.948	-15.12
SPBP8B7.13	vac7	viable	V	0.5	0.032	0.0	0.945	7.782	18.51	17.565	5.695	0.184	2.497	0.860929	0.054	0.125139	-23.13	-24.302
SPBP8B7.14c	dpb2	inviable	E	6.49	1.087	-0.0	0.364	3.001	7.138	6.773	2.196	2.387	58.379	0.984015	0.302	0.048088	-5.986	-7.158
SPBP8B7.15c	mpe1	inviable	E	7.604	1.274	-0.0	0.364	3.001	7.138	6.773	2.196	2.797	68.4	0.974413	0.452	0.058565	-1.948	-3.12
SPBP8B7.16c	dbp2	inviable	E	6.146	0.735	0.67	1.181	4.871	10.662	9.481	3.744	2.261	43.714	0.979333	0.321	0.052592	-5.357	-6.529
SPBP8B7.17c	thi20	inviable	E	5.081	0.851	1.098	1.462	4.099	8.236	6.773	3.294	1.869	40.383	0.990788	0.193	0.036876	-10.462	-11.633
SPBP8B7.18c	thi201	viable	V	0.449	0.075	-0.0	0.364	3.001	7.138	6.773	2.196	0.165	4.037	0.32824	0.233	0.287048	-8.551	-9.723
SPBP8B7.19	spt16	inviable	E	6.262	0.657	1.286	1.867	6.075	12.677	10.81	4.79	2.304	37.773	0.997079	0.116	0.0204	-15.537	-16.708
SPBP8B7.20c	nop2	inviable	E	6.735	1.128	0.516	0.881	3.517	7.654	6.773	2.712	2.478	57.306	0.993736	0.206	0.030955	-9.795	-10.967
SPBP8B7.21	ubp3	viable	V	0.658	0.044	0.391	1.312	7.976	18.434	17.121	5.942	0.242	3.187	0.964561	0.036	0.069061	-27.114	-28.286
SPBP8B7.22	erd2	viable	V	8.131	0.838	5.778	6.37	10.655	17.379	11.009	9.347	2.991	19.64	0.99005	0.204	0.037248	-9.903	-11.075
SPBP8B7.23	rnf10	viable	V	0.179	0.03	0.0	0.364	3.001	7.138	6.773	2.196	0.066	1.613	0.806209	0.035	0.169665	-27.441	-28.613
SPBP8B7.24c	atg8	viable	V	-0.02	0.003	0.0	0.365	3.003	7.143	6.778	2.198	-0.007	-0.001	-1.043293	0.153	0.584381	-12.766	-13.938
SPBP8B7.25	cyp4	viable	V	-0.308	-0.052	-0.0	0.364	3.001	7.138	6.773	2.196	-0.113	-2.773	0.488497	0.078	0.262082	-19.498	-20.669
SPBP8B7.27	mug30	viable	V	0.74	0.124	-0.0	0.364	3.001	7.138	6.773	2.196	0.272	6.658	0.494025	0.196	0.23427	-10.316	-11.488
SPBP8B7.28c	stc1	viable	V	0.193	0.032	1.177	1.541	4.178	8.315	6.773	3.373	0.071	1.516	0.419991	0.122	0.263222	-15.026	-16.198
SPBP8B7.29	abz1	inviable	E	-0.221	-0.014	-0.0	0.945	7.782	18.51	17.564	5.695	-0.081	-1.103	0.962393	0.012	0.070922	-38.359	-39.531
SPBP8B7.30c	thi5	viable	V	-0.1	0.007	0.0	0.938	7.724	18.372	17.434	5.652	-0.037	-0.011	-0.339696	0.074	0.406153	-20.048	-21.219
SPBP8B7.31	SPBP8B7.31	viable	V	-0.072	0.007	0.0	0.638	5.253	12.495	11.857	3.844	-0.026	-0.005	-0.127419	0.128	0.34894	-14.552	-15.724
SPBP8B7.32	SPBP8B7.32	viable	Not_determined	0.034	-0.002	0.0	0.864	7.112	16.917	16.054	5.205	0.013	0.003	0.003871	0.044	0.40903	-25.196	-26.368
SPBPB10D8.01	SPBPB10D8.01	viable	V	0.528	0.088	-0.0	0.364	3.001	7.138	6.773	2.196	0.194	4.75	0.54374	0.131	0.225716	-14.332	-15.504
SPBPB10D8.02c	SPBPB10D8.02c	viable	V	0.209	0.035	-0.0	0.364	3.001	7.138	6.773	2.196	0.077	1.876	0.910694	0.024	0.107163	-31.385	-32.557
SPBPB21E7.01c	eno102	viable	V	0.296	0.05	-0.0	0.364	3.001	7.138	6.773	2.196	0.109	2.659	-0.237049	0.205	0.378764	-9.852	-11.023
SPBPB21E7.02c	SPBPB21E7.02c	unknown	Not_determined	0.228	0.028	0.0	0.49	4.034	9.596	9.106	2.952	0.084	1.801	0.361246	0.087	0.284659	-18.439	-19.611
SPBPB21E7.04c	cmt2	viable	V	0.268	0.045	-0.0	0.364	3.001	7.138	6.773	2.196	0.098	2.409	0.645077	0.057	0.204682	-22.593	-23.764
SPBPB21E7.05	SPBPB21E7.05	viable	V	0.307	0.02	0.0	0.945	7.782	18.51	17.565	5.695	0.113	1.536	0.772431	0.051	0.20537	-23.854	-25.025
SPBPB21E7.07	aes1	unknown	Not_determined	1.482	0.175	7.031	7.547	11.278	17.134	9.587	10.139	0.545	2.749	0.981289	0.048	0.050669	-24.39	-25.562
SPBPB21E7.09	SPBPB21E7.09	viable	V	0.219	0.019	-0.0	0.7	5.766	13.716	13.015	4.22	0.081	1.387	0.367349	0.066	0.282963	-21.192	-22.363
SPBPB21E7.10	SPBPB21E7.10	unknown	Not_determined	1.217	0.123	5.546	6.152	10.54	17.425	11.272	9.2	0.448	3.068	0.901742	0.096	0.109469	-17.479	-18.651
SPBPB21E7.11	SPBPB21E7.11	unknown	Not_determined	0.602	0.049	2.934	3.681	9.091	17.579	13.897	7.439	0.222	2.286	0.870551	0.074	0.123762	-20.103	-21.274
SPBPB2B2.01	nrg1	viable	V	0.231	0.039	0.0	0.364	3.001	7.138	6.773	2.196	0.085	2.076	0.883641	0.028	0.127737	-29.856	-31.028
SPBPB2B2.02	say1	viable	V	0.213	0.036	0.0	0.364	3.001	7.138	6.773	2.196	0.078	1.914	0.89703	0.023	0.112579	-31.591	-32.763
SPBPB2B2.05	SPBPB2B2.05	viable	V	0.34	0.022	-0.0	0.945	7.782	18.51	17.565	5.695	0.125	1.701	0.230018	0.096	0.323202	-17.401	-18.573
SPBPB2B2.06c	efn1	viable	V	0.453	0.029	0.0	0.945	7.782	18.51	17.565	5.695	0.167	2.264	0.9025	0.045	0.114604	-24.926	-26.098
SPBPB2B2.07c	SPBPB2B2.07c	viable	V	0.313	0.052	3.315	3.679	6.315	10.452	6.773	5.511	0.115	1.813	0.547013	0.157	0.244986	-12.544	-13.716
SPBPB2B2.08	SPBPB2B2.08	viable	V	2.372	0.308	7.774	8.244	11.648	16.988	8.744	10.609	0.873	3.631	0.921766	0.141	0.098748	-13.603	-14.775
SPBPB2B2.09c	pan5	viable	V	0.244	0.041	1.046	1.41	4.047	8.183	6.773	3.242	0.09	1.953	0.697215	0.076	0.221806	-19.731	-20.902
SPBPB2B2.10c	gal7	viable	V	0.629	0.105	4.85	5.214	7.85	11.987	6.773	7.046	0.232	2.736	0.920505	0.075	0.134264	-19.967	-21.139
SPBPB2B2.11	tgd1	viable	V	0.182	0.03	0.0	0.364	3.001	7.138	6.773	2.196	0.067	1.637	0.839518	0.03	0.154645	-29.221	-30.393
SPBPB2B2.12c	gal10	viable	V	0.232	0.039	0.0	0.365	3.001	7.138	6.773	2.196	0.085	2.084	0.861578	0.032	0.128848	-28.275	-29.446
SPBPB2B2.13	gal1	viable	V	-0.003	0.0	0.0	0.364	3.001	7.138	6.773	2.196	-0.001	-0.0	-2.130281	0.118	0.675766	-15.406	-16.578
SPBPB7E8.01	SPBPB7E8.01	viable	V	-0.196	0.03	0.0	0.394	3.247	7.723	7.329	2.376	-0.072	-0.009	-0.176987	0.022	0.392962	-32.164	-33.336
SPBPB7E8.02	SPBPB7E8.02	viable	V	-0.251	-0.042	-0.0	0.364	3.001	7.138	6.773	2.196	-0.093	-2.262	0.920962	0.025	0.100153	-30.834	-32.005
SPBPB8B6.02c	SPBPB8B6.02c	unknown	Not_determined	0.345	0.058	-0.0	0.364	3.001	7.138	6.773	2.196	0.127	3.105	0.215651	0.14	0.306215	-13.665	-14.837
SPBPB8B6.03	fah1	viable	Not_determined	-0.169	0.011	0.0	0.932	7.672	18.249	17.317	5.614	-0.062	-0.018	-0.139047	0.112	0.35972	-15.904	-17.076
SPBPB8B6.04c	grt1	viable	V	0.251	0.042	0.0	0.364	3.001	7.138	6.773	2.196	0.092	2.258	0.271939	0.151	0.336752	-12.914	-14.085
SPBPB8B6.05c	SPBPB8B6.05c	viable	V	-0.01	0.002	0.0	0.364	3.001	7.138	6.773	2.196	-0.004	-0.0	-0.256118	0.196	0.370782	-10.308	-11.48
SPBPB8B6.06c	fex2	viable	Not_determined	0.004	-0.001	-0.0	0.361	2.976	7.078	6.717	2.178	0.001	0.0	-0.159384	0.044	0.370272	-25.306	-26.478
SPBPJ4664.01	dps1	condition-dependent	V	1.909	0.189	5.36	5.978	10.448	17.461	11.482	9.083	0.702	4.972	0.995196	0.035	0.026074	-27.416	-28.587
SPBPJ4664.02	SPBPJ4664.02	viable	V	-0.536	-0.09	3.216	3.581	6.217	10.354	6.773	5.412	-0.197	-3.154	0.123136	0.747	0.357029	3.087	1.915
SPBPJ4664.03	mfm3	viable	V	-0.176	-0.03	-0.0	0.364	3.001	7.138	6.773	2.196	-0.065	-1.585	-0.068479	0.108	0.436444	-16.234	-17.406
SPBPJ4664.04	cop1	condition-dependent	E	6.703	1.123	-0.0	0.364	3.001	7.138	6.773	2.196	2.466	60.296	0.92932	0.667	0.101326	1.957	0.785
SPBPJ4664.05	aig1	viable	V	-0.067	-0.011	0.0	0.365	3.001	7.137	6.773	2.196	-0.025	-0.602	-0.072635	0.077	0.364726	-19.645	-20.817
SPBPJ4664.06	gpt1	viable	V	0.022	-0.003	0.0	0.389	3.203	7.619	7.23	2.344	0.008	0.001	-1.229628	0.079	0.586842	-19.429	-20.601
SPCC1020.01c	pma2	viable	V	3.361	0.563	-0.0	0.364	3.001	7.138	6.773	2.196	1.236	30.233	0.624064	0.74	0.211152	2.984	1.813
SPCC1020.02	spc7	inviable	E	6.764	0.844	1.328	1.818	5.359	10.917	9.099	4.278	2.488	45.124	0.995401	0.169	0.025954	-11.781	-12.953
SPCC1020.03	mmt1	viable	V	0.127	-0.008	-0.0	0.945	7.782	18.51	17.565	5.695	0.047	0.014	-0.061301	0.05	0.351352	-23.979	-25.151
SPCC1020.04c	rpb6	inviable	E	7.177	1.202	0.471	0.835	3.472	7.609	6.773	2.667	2.64	61.383	0.99104	0.262	0.035562	-7.412	-8.584
SPCC1020.05	dcr2	viable	V	0.799	0.134	-0.0	0.364	3.001	7.138	6.773	2.196	0.294	7.189	0.602486	0.23	0.231351	-8.698	-9.87
SPCC1020.07	SPCC1020.07	viable	V	-0.793	0.101	0.0	0.481	3.962	9.423	8.942	2.899	-0.292	-0.043	-0.026799	0.183	0.339354	-10.969	-12.141
SPCC1020.08	tyw1	viable	V	0.284	0.048	-0.0	0.364	3.001	7.138	6.773	2.196	0.104	2.551	0.703903	0.058	0.18549	-22.495	-23.667
SPCC1020.09	gnr1	viable	V	0.047	0.003	0.0	0.945	7.779	18.504	17.559	5.693	0.017	0.233	0.140867	0.046	0.357381	-24.692	-25.863
SPCC1020.10	oca2	viable	V	0.102	-0.007	0.0	0.929	7.653	18.203	17.273	5.6	0.037	0.011	-0.298689	0.068	0.445685	-20.92	-22.092
SPCC1020.11c	emc6	viable	V	-0.174	0.012	0.0	0.903	7.436	17.686	16.783	5.441	-0.064	-0.018	-0.087421	0.168	0.36464	-11.854	-13.025
SPCC1020.12c	xap5	viable	V	0.167	0.028	0.0	0.364	3.001	7.138	6.773	2.196	0.061	1.501	0.78253	0.029	0.168268	-29.425	-30.596
SPCC1020.13c	SPCC1020.13c	viable	V	0.314	-0.02	0.0	0.934	7.693	18.299	17.364	5.63	0.115	0.033	-0.010126	0.091	0.330637	-17.941	-19.113
SPCC10H11.01	prp11	inviable	E	6.269	1.05	0.134	0.498	3.135	7.272	6.773	2.33	2.306	55.613	0.989093	0.247	0.038305	-7.972	-9.143
SPCC10H11.02	cwf23	inviable	E	7.233	1.212	-0.0	0.364	3.001	7.138	6.773	2.196	2.661	65.064	0.975148	0.415	0.059145	-2.784	-3.956
SPCC1183.01	sec15	inviable	E	6.174	1.034	1.232	1.596	4.233	8.37	6.773	3.428	2.271	48.258	0.997647	0.119	0.019303	-15.312	-16.484
SPCC1183.02	SPCC1183.02	viable	V	0.36	-0.023	0.0	0.936	7.708	18.333	17.397	5.64	0.132	0.038	0.028118	0.076	0.322487	-19.799	-20.97
SPCC1183.03c	fxn1	condition-dependent	E	6.832	0.74	2.899	3.463	7.542	13.943	10.48	6.297	2.513	32.452	0.999914	0.021	0.003634	-32.561	-33.733
SPCC1183.04c	pet127	viable	V	-0.01	0.002	0.0	0.364	2.999	7.134	6.769	2.195	-0.004	-0.0	-1.947449	0.093	0.64869	-17.777	-18.949
SPCC1183.05c	lig4	viable	V	0.115	-0.007	-0.0	0.945	7.782	18.51	17.565	5.695	0.042	0.012	-0.099738	0.087	0.386742	-18.372	-19.544
SPCC1183.06	ung1	viable	V	-0.031	0.003	0.0	0.536	4.417	10.507	9.97	3.232	-0.011	-0.002	-0.52439	0.077	0.467927	-19.673	-20.845
SPCC1183.07	rrp5	inviable	E	5.841	0.978	0.082	0.446	3.083	7.22	6.773	2.278	2.149	52.097	0.988358	0.237	0.039451	-8.391	-9.563
SPCC1183.08c	rpl101	inviable	E	5.745	0.962	-0.0	0.364	3.001	7.138	6.773	2.196	2.114	51.68	0.554197	1.448	0.248536	9.705	8.533
SPCC1183.09c	pmp31	viable	V	-0.361	0.054	0.0	0.411	3.387	8.057	7.646	2.479	-0.133	-0.017	-0.995969	0.08	0.609823	-19.195	-20.367
SPCC1183.10	wtf10	viable	V	0.579	-0.071	0.0	0.497	4.094	9.737	9.24	2.996	0.213	0.032	-0.419415	0.2	0.445763	-10.109	-11.281
SPCC1183.11	msy1	viable	V	0.007	-0.001	0.0	0.364	3.001	7.138	6.774	2.196	0.003	0.0	-1.222286	0.081	0.520337	-19.112	-20.283
SPCC1183.12	spo13	unknown	Not_determined	0.022	-0.002	0.0	0.84	6.919	16.457	15.617	5.063	0.008	0.002	-0.041056	0.117	0.374948	-15.489	-16.661
SPCC11E10.01	cbl1	viable	V	-0.349	-0.023	0.0	0.945	7.782	18.51	17.565	5.695	-0.128	-1.743	0.665547	0.058	0.232872	-22.396	-23.567
SPCC11E10.02c	gpi8	inviable	E	6.467	1.083	1.136	1.5	4.136	8.273	6.773	3.332	2.379	51.159	0.995102	0.18	0.028884	-11.148	-12.319
SPCC11E10.03	jnm1	viable	V	-0.045	-0.008	0.0	0.364	3.001	7.138	6.773	2.196	-0.017	-0.404	0.101876	0.048	0.339698	-24.387	-25.559
SPCC11E10.04	ppr6	viable	V	1.382	0.231	1.236	1.6	4.237	8.374	6.773	3.432	0.508	10.796	0.959809	0.115	0.084684	-15.628	-16.8
SPCC11E10.05c	ynd1	viable	V	-0.097	0.006	0.0	0.926	7.625	18.137	17.211	5.58	-0.036	-0.01	-0.085504	0.138	0.349529	-13.826	-14.997
SPCC11E10.06c	elp4	viable	V	3.491	0.585	0.926	1.29	3.926	8.063	6.773	3.122	1.284	28.329	0.943529	0.343	0.101924	-4.713	-5.885
SPCC11E10.07c	gcn3	viable	V	1.97	0.187	4.948	5.591	10.243	17.541	11.95	8.823	0.725	5.504	0.877179	0.211	0.118516	-9.567	-10.738
SPCC11E10.08	rik1	viable	V	1.796	0.301	8.663	9.027	11.664	15.801	6.773	10.859	0.661	2.317	0.983166	0.055	0.048799	-22.996	-24.168
SPCC11E10.09c	SPCC11E10.09c	viable	V	-0.025	0.002	0.0	0.935	7.699	18.313	17.378	5.634	-0.009	-0.003	-3.921908	0.096	0.806851	-17.432	-18.604
SPCC1223.01	rqt1	viable	V	0.594	0.039	0.0	0.935	7.701	18.317	17.382	5.635	0.218	2.995	0.938456	0.043	0.08969	-25.579	-26.751
SPCC1223.02	nmt1	viable	V	-0.111	-0.018	0.0	0.368	3.027	7.199	6.832	2.215	-0.041	-0.997	0.567401	0.04	0.24628	-26.153	-27.325
SPCC1223.03c	gut2	viable	V	-0.001	0.0	0.0	0.363	2.991	7.114	6.751	2.189	-0.0	-0.0	-5.7e-05	0.053	0.321544	-23.364	-24.536
SPCC1223.04c	set11	viable	V	-0.53	0.077	0.0	0.417	3.437	8.176	7.759	2.515	-0.195	-0.025	-0.186356	0.095	0.388418	-17.522	-18.693
SPCC1223.06	tea1	viable	V	0.787	0.051	0.0	0.945	7.782	18.51	17.565	5.695	0.29	3.936	0.881746	0.08	0.119089	-19.269	-20.44
SPCC1223.07c	drs1	viable	V	6.897	1.155	-0.0	0.364	3.001	7.138	6.773	2.196	2.537	62.042	0.96687	0.455	0.068859	-1.883	-3.055
SPCC1223.08c	dfr1	inviable	E	6.383	1.069	4.381	4.746	7.382	11.519	6.773	6.577	2.348	30.523	0.939497	0.633	0.110101	1.428	0.257
SPCC1223.09	uro1	viable	V	-0.119	-0.02	0.0	0.364	3.001	7.138	6.773	2.196	-0.044	-1.07	0.102213	0.086	0.349935	-18.484	-19.655
SPCC1223.10c	eaf1	viable	V	-0.401	0.062	0.0	0.395	3.248	7.727	7.332	2.377	-0.147	-0.018	-0.423221	0.157	0.470059	-12.485	-13.657
SPCC1223.11	ptc2	viable	V	1.792	0.3	3.888	4.252	6.889	11.026	6.773	6.084	0.659	9.402	0.848591	0.266	0.154117	-7.225	-8.397
SPCC1223.12c	meu10	viable	V	0.052	0.003	0.0	0.945	7.782	18.51	17.565	5.695	0.019	0.261	0.301914	0.032	0.312157	-28.47	-29.642
SPCC1223.13	cbf12	viable	V	-0.113	0.007	0.0	0.938	7.725	18.375	17.436	5.653	-0.042	-0.012	-0.387497	0.066	0.405146	-21.114	-22.286
SPCC1223.14	aro2	inviable	E	6.307	1.057	0.063	0.427	3.064	7.2	6.773	2.259	2.32	56.373	0.969992	0.419	0.06682	-2.708	-3.879
SPCC1223.15c	spc19	viable	V	1.025	0.172	3.181	3.545	6.182	10.318	6.773	5.377	0.377	6.072	0.947321	0.107	0.092394	-16.385	-17.556
SPCC1235.01	SPCC1235.01	viable	V	0.125	0.021	-0.0	0.364	3.001	7.138	6.773	2.196	0.046	1.124	-0.188174	0.158	0.445782	-12.464	-13.636
SPCC1235.02	bio2	viable	V	-0.191	0.026	0.0	0.444	3.655	8.693	8.25	2.675	-0.07	-0.01	-2.147815	0.076	0.737807	-19.771	-20.943
SPCC1235.03	cue2	viable	V	-0.237	0.038	0.0	0.383	3.153	7.5	7.117	2.307	-0.087	-0.01	-0.06241	0.138	0.38151	-13.797	-14.969
SPCC1235.04c	nad1	viable	V	6.001	0.793	1.082	1.544	4.888	10.135	8.591	3.867	2.208	42.725	0.999219	0.062	0.0108	-21.738	-22.91
SPCC1235.05c	fft2	viable	V	-0.111	-0.019	-0.0	0.364	3.001	7.138	6.773	2.196	-0.041	-0.996	0.053258	0.155	0.343988	-12.634	-13.806
SPCC1235.06	get2	viable	V	0.033	0.005	0.0	0.382	3.147	7.485	7.103	2.303	0.012	0.29	0.114142	0.031	0.319607	-28.635	-29.806
SPCC1235.07	fta7	inviable	E	7.977	0.706	3.525	4.215	9.208	17.043	12.827	7.684	2.934	28.8	0.999178	0.065	0.011102	-21.361	-22.532
SPCC1235.08c	pdh1	viable	V	0.353	-0.023	0.0	0.92	7.577	18.023	17.103	5.545	0.13	0.037	0.015534	0.076	0.339962	-19.75	-20.922
SPCC1235.09	hif2	viable	V	-0.008	0.001	0.0	0.935	7.698	18.311	17.376	5.633	-0.003	-0.001	-0.781283	0.142	0.493879	-13.503	-14.674
SPCC1235.10c	sec6	inviable	E	6.978	0.836	1.95	2.46	6.147	11.933	9.473	5.021	2.567	41.503	0.997862	0.116	0.018356	-15.566	-16.738
SPCC1235.11	mpc1	viable	V	3.379	0.437	7.755	8.226	11.638	16.992	8.766	10.597	1.243	5.2	0.870089	0.256	0.126157	-7.637	-8.808
SPCC1235.12c	mug146	viable	V	-0.172	-0.029	-0.0	0.364	3.001	7.138	6.773	2.196	-0.063	-1.551	0.764388	0.029	0.179782	-29.486	-30.658
SPCC1235.13	ght6	viable	V	0.314	0.053	-0.0	0.364	3.001	7.138	6.773	2.196	0.116	2.824	0.512478	0.095	0.224904	-17.525	-18.696
SPCC1235.14	ght5	viable	V	0.32	0.054	1.888	2.253	4.889	9.026	6.773	4.084	0.118	2.293	0.598174	0.132	0.244454	-14.268	-15.439
SPCC1235.15	dga1	viable	V	0.111	-0.008	0.0	0.855	7.041	16.747	15.892	5.152	0.041	0.011	-0.370769	0.102	0.430863	-16.817	-17.988
SPCC1235.16	vma21	condition-dependent	Not_determined	3.288	0.257	2.662	3.444	9.106	17.989	14.545	7.377	1.21	12.645	0.941182	0.225	0.089472	-8.92	-10.091
SPCC1235.17	SPCC1235.17	viable	Not_determined	-0.036	-0.005	0.0	0.453	3.727	8.866	8.413	2.728	-0.013	-0.293	0.169872	0.034	0.333889	-27.797	-28.969
SPCC1259.01c	rps1802	viable	V	6.846	1.147	0.857	1.222	3.858	7.995	6.773	3.053	2.519	56.011	0.952458	0.596	0.080612	0.827	-0.345
SPCC1259.02c	erm1	viable	V	0.037	-0.006	0.0	0.364	3.001	7.138	6.773	2.196	0.014	0.002	-0.735401	0.05	0.50604	-23.938	-25.109
SPCC1259.03	rpa12	viable	V	2.189	0.152	0.978	1.856	8.204	18.165	16.309	6.266	0.805	10.128	0.954323	0.13	0.077023	-14.407	-15.579
SPCC1259.04	iec3	viable	V	1.531	0.129	3.639	4.362	9.592	17.798	13.436	7.995	0.563	5.201	0.932947	0.115	0.092628	-15.632	-16.804
SPCC1259.07	rxt3	inviable	E	8.46	0.906	6.141	6.712	10.836	17.308	10.596	9.577	3.112	19.046	0.974969	0.325	0.057645	-5.252	-6.423
SPCC1259.09c	pdx1	viable	V	0.409	-0.027	0.0	0.929	7.651	18.199	17.269	5.599	0.151	0.043	-0.017642	0.084	0.340394	-18.72	-19.891
SPCC1259.10	pgp1	viable	V	-0.212	0.014	0.0	0.914	7.523	17.894	16.98	5.505	-0.078	-0.022	-0.156245	0.099	0.395309	-17.144	-18.315
SPCC1259.11c	gyp2	viable	V	0.33	0.055	-0.0	0.364	3.001	7.138	6.773	2.196	0.121	2.966	0.334319	0.1	0.297168	-17.011	-18.183
SPCC1259.12c	gid1	viable	V	0.471	0.03	-0.0	0.945	7.782	18.51	17.565	5.695	0.173	2.356	0.279484	0.119	0.33837	-15.306	-16.478
SPCC1259.13	chk1	viable	V	-0.283	0.019	0.0	0.916	7.543	17.941	17.025	5.52	-0.104	-0.029	-0.026752	0.1	0.323015	-17.045	-18.216
SPCC1259.14c	meu27	viable	V	-0.299	0.044	0.0	0.416	3.422	8.139	7.724	2.504	-0.11	-0.014	-0.747003	0.079	0.523178	-19.383	-20.555
SPCC1259.15c	ubc11	inviable	E	6.871	1.151	0.189	0.554	3.19	7.327	6.773	2.385	2.528	60.594	0.967777	0.478	0.073114	-1.379	-2.551
SPCC126.01c	SPCC126.01c	viable	V	-0.253	0.035	0.0	0.439	3.611	8.59	8.151	2.643	-0.093	-0.013	-0.035463	0.04	0.326195	-26.158	-27.33
SPCC126.02c	pku70	viable	V	-0.439	0.057	0.0	0.469	3.862	9.187	8.718	2.827	-0.162	-0.023	-0.064763	0.061	0.342165	-21.984	-23.156
SPCC126.03	pus1	viable	V	0.529	0.034	-0.0	0.945	7.782	18.51	17.565	5.695	0.195	2.643	0.70835	0.07	0.174608	-20.59	-21.762
SPCC126.04c	sgf73	viable	V	0.389	0.038	1.397	2.016	6.495	13.523	11.507	5.128	0.143	2.211	0.862143	0.062	0.141431	-21.861	-23.032
SPCC126.05c	mrpl17	inviable	E	5.756	0.776	4.131	4.584	7.861	13.002	8.418	6.86	2.117	25.221	0.996326	0.121	0.024041	-15.09	-16.262
SPCC126.06	twf1	viable	V	-0.074	-0.005	-0.0	0.945	7.782	18.51	17.565	5.695	-0.027	-0.37	0.11668	0.05	0.308586	-23.898	-25.069
SPCC126.07c	asr1	viable	V	-0.183	0.012	0.0	0.931	7.666	18.234	17.303	5.61	-0.067	-0.019	-0.130921	0.069	0.345727	-20.766	-21.937
SPCC126.08c	SPCC126.08c	viable	V	-0.016	0.003	0.0	0.364	3.001	7.138	6.773	2.196	-0.006	-0.001	-0.26916	0.129	0.384899	-14.514	-15.686
SPCC126.09	zip2	viable	V	0.11	0.017	0.0	0.408	3.363	7.999	7.59	2.461	0.041	0.949	0.011379	0.088	0.395541	-18.326	-19.497
SPCC126.10	iah1	viable	V	-0.179	0.015	0.0	0.718	5.916	14.071	13.352	4.329	-0.066	-0.014	-0.041409	0.068	0.423305	-20.922	-22.094
SPCC126.11c	SPCC126.11c	viable	V	0.056	0.004	-0.0	0.945	7.782	18.51	17.565	5.695	0.021	0.282	0.127485	0.061	0.303087	-22.032	-23.203
SPCC126.12	SPCC126.12	viable	V	0.416	0.029	1.277	2.144	8.417	18.259	16.116	6.502	0.153	1.856	0.605841	0.108	0.252512	-16.296	-17.468
SPCC126.14	prp18	inviable	E	6.762	0.755	2.024	2.57	6.524	12.728	10.157	5.317	2.488	38.018	0.998765	0.083	0.013794	-18.944	-20.116
SPCC1281.01	ags1	inviable	E	6.887	1.154	-0.0	0.364	3.001	7.138	6.773	2.196	2.533	61.95	0.83205	1.012	0.144195	6.116	4.944
SPCC1281.02c	spf30	inviable	E	6.487	0.852	1.904	2.369	5.731	11.008	8.639	4.705	2.386	41.049	0.999804	0.034	0.00554	-27.837	-29.009
SPCC1281.03c	emc4	viable	V	0.347	0.027	1.523	2.314	8.033	17.008	14.694	6.287	0.128	1.606	0.621642	0.103	0.204883	-16.765	-17.936
SPCC1281.04	akr7	viable	V	-0.087	0.013	0.0	0.405	3.336	7.936	7.531	2.442	-0.032	-0.004	-0.173884	0.058	0.358303	-22.465	-23.637
SPCC1281.05	rsc7	inviable	E	3.285	0.345	5.946	6.528	10.739	17.346	10.818	9.453	1.208	7.685	0.954953	0.178	0.077925	-11.274	-12.446
SPCC1281.07c	gst4	viable	V	-0.574	-0.096	0.0	0.364	3.001	7.138	6.773	2.196	-0.211	-5.168	0.455246	0.249	0.293058	-7.899	-9.071
SPCC1281.08	wtf11	viable	V	0.046	-0.008	-0.0	0.364	3.001	7.138	6.773	2.196	0.017	0.002	-0.617703	0.114	0.474794	-15.72	-16.892
SPCC132.01c	rqc2	viable	V	0.04	0.007	0.0	0.364	3.001	7.137	6.773	2.196	0.015	0.362	-0.318716	0.039	0.396466	-26.378	-27.55
SPCC132.02	hst2	viable	V	-0.124	0.008	-0.0	0.945	7.782	18.51	17.565	5.695	-0.046	-0.013	-0.177099	0.1	0.443381	-17.005	-18.177
SPCC132.03	SPCC132.03	viable	V	0.507	-0.033	0.0	0.928	7.644	18.183	17.254	5.594	0.186	0.053	-0.018397	0.078	0.380744	-19.455	-20.627
SPCC132.04c	gdh2	viable	V	-0.007	0.001	0.0	0.364	3.001	7.138	6.773	2.196	-0.003	-0.0	-1.252855	0.09	0.55626	-18.067	-19.238
SPCC1322.01	rpm1	viable	V	0.65	0.109	0.978	1.342	3.979	8.116	6.773	3.174	0.239	5.239	0.985559	0.032	0.050509	-28.476	-29.648
SPCC1322.02	pxd1	viable	V	0.438	0.028	0.001	0.945	7.773	18.487	17.542	5.689	0.161	2.193	0.374754	0.102	0.284915	-16.828	-18.0
SPCC1322.03	trp1322	viable	V	0.225	0.033	0.0	0.416	3.424	8.145	7.729	2.506	0.083	1.916	0.97249	0.015	0.062808	-35.99	-37.161
SPCC1322.04	fyu1	inviable	E	6.249	1.047	0.363	0.728	3.364	7.501	6.773	2.559	2.299	54.085	0.989	0.251	0.038809	-7.825	-8.997
SPCC1322.05c	lap2	viable	V	-0.031	-0.002	-0.0	0.875	7.202	17.131	16.256	5.27	-0.011	-0.163	0.088045	0.039	0.342757	-26.511	-27.683
SPCC1322.06	kap113	viable	V	0.015	0.002	-0.0	0.378	3.116	7.411	7.032	2.28	0.006	0.136	0.008157	0.017	0.349014	-34.892	-36.064
SPCC1322.07c	mug150	viable	V	0.17	-0.011	0.0	0.945	7.782	18.51	17.565	5.695	0.062	0.018	-0.168697	0.085	0.468408	-18.622	-19.793
SPCC1322.08	srk1	viable	V	0.707	0.118	-0.0	0.364	3.001	7.138	6.773	2.196	0.26	6.357	0.40864	0.309	0.299021	-5.757	-6.929
SPCC1322.09	SPCC1322.09	viable	V	-0.521	0.072	-0.0	0.441	3.632	8.638	8.197	2.658	-0.192	-0.026	-0.242982	0.068	0.504952	-20.932	-22.104
SPCC1322.11	rpl2302	inviable	E	7.361	1.233	-0.0	0.364	3.001	7.138	6.773	2.196	2.708	66.215	0.80623	1.185	0.162516	7.698	6.526
SPCC1322.12c	bub1	viable	V	0.4	0.045	0.0	0.545	4.486	10.671	10.126	3.283	0.147	2.973	0.928709	0.041	0.094805	-25.953	-27.124
SPCC1322.13	ade6	unknown	Not_determined	0.539	0.09	-0.0	0.364	3.001	7.138	6.773	2.196	0.198	4.849	0.047759	0.455	0.343604	-1.869	-3.04
SPCC1322.14c	vtc4	viable	V	1.207	0.12	0.962	1.574	5.999	12.944	11.37	4.648	0.444	7.371	0.942452	0.103	0.089631	-16.749	-17.921
SPCC1322.15	rpl3402	viable	V	0.392	-0.027	0.0	0.888	7.312	17.392	16.504	5.351	0.144	0.039	-0.014355	0.273	0.350524	-6.994	-8.165
SPCC1322.16	phb2	viable	V	0.079	-0.012	0.0	0.394	3.245	7.72	7.325	2.375	0.029	0.004	-0.173117	0.119	0.398904	-15.263	-16.435
SPCC1393.03	rps1501	viable	V	3.634	0.609	0.477	0.841	3.478	7.614	6.773	2.673	1.337	31.06	0.994866	0.1	0.027895	-17.031	-18.203
SPCC1393.04	fta4	inviable	E	6.84	0.745	3.943	4.503	8.556	14.915	10.412	7.319	2.516	26.721	0.99796	0.1	0.017649	-17.065	-18.237
SPCC1393.05	ers1	viable	V	-0.411	0.059	0.0	0.422	3.477	8.271	7.849	2.545	-0.151	-0.02	-0.028189	0.072	0.372878	-20.264	-21.436
SPCC1393.06c	ipi1	inviable	E	7.272	0.828	0.101	0.637	4.515	10.6	9.963	3.331	2.675	53.942	0.988661	0.27	0.038659	-7.086	-8.258
SPCC1393.07c	mug4	viable	V	2.224	0.373	9.511	9.875	12.512	16.648	6.773	11.707	0.818	1.815	0.979275	0.065	0.05543	-21.365	-22.537
SPCC1393.08	fil1	viable	V	1.283	0.215	-0.0	0.364	3.001	7.138	6.773	2.196	0.472	11.538	0.413248	0.385	0.28543	-3.551	-4.723
SPCC1393.09c	gir2	viable	V	-0.38	0.025	0.0	0.92	7.575	18.017	17.097	5.543	-0.14	-0.039	-0.003433	0.149	0.318713	-13.006	-14.178
SPCC1393.12	SPCC1393.12	viable	V	0.216	-0.014	0.0	0.933	7.682	18.272	17.339	5.622	0.079	0.023	-0.245395	0.077	0.397966	-19.613	-20.785
SPCC1393.13	duf89	viable	V	-0.003	0.0	0.0	0.487	4.011	9.541	9.054	2.935	-0.001	-0.0	-1.018296	0.143	0.521167	-13.427	-14.598
SPCC1393.14	ten1	viable	Not_determined	5.841	0.593	5.625	6.227	10.579	17.409	11.182	9.251	2.149	14.514	0.986475	0.169	0.043157	-11.768	-12.94
SPCC13B11.01	adh1	viable	V	5.915	0.777	0.044	0.508	3.869	9.142	8.634	2.843	2.176	47.677	0.987655	0.238	0.040467	-8.369	-9.541
SPCC13B11.03c	SPCC13B11.03c	viable	V	-0.404	-0.068	-0.0	0.364	3.001	7.138	6.773	2.196	-0.149	-3.631	0.158251	0.273	0.320565	-6.967	-8.138
SPCC13B11.04c	fmd3	viable	V	-0.421	0.027	0.0	0.94	7.738	18.405	17.465	5.662	-0.155	-0.045	-2.379324	0.18	0.607098	-11.131	-12.303
SPCC1442.01	ste6	viable	V	-0.25	0.037	0.0	0.417	3.437	8.174	7.757	2.515	-0.092	-0.012	-2.843314	0.063	0.772767	-21.711	-22.883
SPCC1442.02	glm2	viable	V	0.591	0.099	-0.0	0.364	3.001	7.138	6.773	2.196	0.217	5.313	-0.122134	2.009	0.406289	12.975	11.803
SPCC1442.03	mme1	viable	V	1.536	0.12	0.89	1.668	7.299	16.136	14.468	5.58	0.565	7.939	0.948174	0.107	0.083222	-16.308	-17.48
SPCC1442.04c	rmr1	viable	V	0.495	0.083	-0.0	0.364	3.001	7.138	6.773	2.196	0.182	4.45	-0.081946	0.285	0.375541	-6.565	-7.736
SPCC1442.05c	mic26	viable	V	-0.001	0.0	0.0	0.364	3.001	7.138	6.773	2.196	-0.001	-0.0	-0.516363	0.173	0.456976	-11.56	-12.732
SPCC1442.06	pre8	inviable	E	6.353	1.064	0.12	0.485	3.121	7.258	6.773	2.316	2.337	56.442	0.993284	0.196	0.030859	-10.272	-11.444
SPCC1442.07c	wss2	viable	V	-0.246	0.016	0.0	0.917	7.554	17.968	17.051	5.528	-0.091	-0.026	-0.005893	0.078	0.359204	-19.563	-20.735
SPCC1442.08c	cox12	viable	V	0.735	0.055	2.139	2.953	8.846	18.091	15.138	7.047	0.27	3.001	0.907329	0.069	0.109401	-20.684	-21.856
SPCC1442.09	trp3	inviable	E	5.926	0.993	-0.0	0.364	3.001	7.138	6.773	2.196	2.18	53.305	0.959015	0.448	0.07913	-2.02	-3.192
SPCC1442.11c	SPCC1442.11c	viable	V	0.13	0.008	-0.0	0.945	7.782	18.51	17.565	5.695	0.048	0.648	0.031509	0.133	0.408885	-14.152	-15.323
SPCC1442.12	pps1	condition-dependent	E	5.662	0.637	0.275	0.817	4.742	10.9	10.082	3.544	2.083	40.841	0.991116	0.186	0.034277	-10.793	-11.965
SPCC1442.14c	hnt1	viable	V	-0.018	0.003	0.0	0.383	3.157	7.509	7.126	2.31	-0.007	-0.001	-0.010197	0.112	0.355208	-15.934	-17.106
SPCC1442.16c	zta1	viable	V	-0.115	-0.019	-0.0	0.364	3.001	7.138	6.773	2.196	-0.042	-1.03	-0.116427	0.066	0.424723	-21.142	-22.314
SPCC1442.17c	ist1	viable	V	0.278	0.046	-0.0	0.364	3.001	7.138	6.773	2.196	0.102	2.497	0.192571	0.135	0.295533	-13.999	-15.17
SPCC1442.19	mrp49	unknown	Not_determined	2.773	0.342	7.366	7.862	11.445	17.068	9.206	10.351	1.02	4.735	0.896348	0.194	0.112404	-10.41	-11.582
SPCC1450.02	bdf1	viable	V	0.67	0.112	3.648	4.013	6.649	10.786	6.773	5.844	0.246	3.666	0.55095	0.252	0.259572	-7.802	-8.974
SPCC1450.04	tef5	inviable	E	7.035	1.179	0.304	0.669	3.305	7.442	6.773	2.5	2.588	61.285	0.976417	0.418	0.059417	-2.717	-3.889
SPCC1450.07c	dao1	viable	V	-0.24	0.016	0.0	0.945	7.782	18.51	17.565	5.695	-0.088	-0.026	-0.121324	0.115	0.353898	-15.596	-16.768
SPCC1450.08c	wtf16	viable	V	0.074	-0.005	0.0	0.847	6.974	16.587	15.74	5.103	0.027	0.007	-0.344701	0.103	0.410074	-16.697	-17.869
SPCC1450.09c	plb5	viable	V	-0.002	0.0	0.0	0.364	3.001	7.138	6.773	2.196	-0.001	-0.0	-0.294218	0.076	0.449083	-19.725	-20.897
SPCC1450.10c	nar1	inviable	E	6.243	1.046	0.783	1.148	3.784	7.921	6.773	2.979	2.297	51.517	0.988209	0.267	0.043594	-7.2	-8.371
SPCC1450.11c	cek1	viable	V	0.186	0.031	-0.0	0.364	3.001	7.138	6.773	2.196	0.069	1.676	0.827629	0.027	0.149905	-30.237	-31.409
SPCC1450.12	SPCC1450.12	viable	V	-0.654	-0.046	1.19	2.063	8.374	18.277	16.214	6.447	-0.241	-2.946	0.660221	0.137	0.208072	-13.884	-15.056
SPCC1450.13c	rib5	inviable	E	5.704	0.955	1.815	2.179	4.816	8.953	6.773	4.011	2.098	41.334	0.99994	0.018	0.003159	-34.357	-35.528
SPCC1450.14c	ero12	inviable	E	6.435	0.711	2.336	2.888	6.885	13.157	10.269	5.665	2.367	34.154	0.998929	0.073	0.012776	-20.195	-21.367
SPCC1450.15	SPCC1450.15	inviable	E	6.989	0.874	0.864	1.352	4.884	10.426	9.074	3.806	2.571	49.698	0.998651	0.094	0.014022	-17.689	-18.86
SPCC1450.16c	ptl1	viable	V	-0.156	-0.013	-0.0	0.738	6.074	14.446	13.709	4.445	-0.058	-0.952	0.736026	0.025	0.182972	-30.862	-32.034
SPCC1494.01	SPCC1494.01	viable	V	0.584	-0.039	0.0	0.909	7.481	17.794	16.886	5.475	0.215	0.06	-0.018865	0.081	0.361983	-19.078	-20.25
SPCC1494.02c	taf13	inviable	E	6.192	1.037	3.552	3.916	6.553	10.69	6.773	5.748	2.278	34.465	0.99486	0.174	0.030234	-11.505	-12.676
SPCC1494.04c	tyr1	viable	V	7.03	1.178	-0.0	0.364	3.001	7.138	6.773	2.196	2.586	63.241	0.987851	0.291	0.041574	-6.349	-7.521
SPCC1494.05c	ubp12	viable	V	0.048	0.004	0.0	0.728	5.994	14.258	13.53	4.386	0.018	0.297	0.156313	0.051	0.292677	-23.717	-24.888
SPCC1494.06c	dbp9	inviable	E	6.391	1.071	0.177	0.541	3.178	7.315	6.773	2.373	2.351	56.436	0.995244	0.167	0.026763	-11.915	-13.087
SPCC1494.07	trm732	viable	V	-0.012	0.002	0.0	0.364	3.001	7.138	6.773	2.196	-0.004	-0.0	-0.978276	0.096	0.580896	-17.45	-18.622
SPCC1494.08c	SPCC1494.08c	viable	V	0.15	-0.025	0.0	0.364	3.001	7.138	6.773	2.196	0.055	0.006	-0.110162	0.16	0.339155	-12.3	-13.471
SPCC1494.09c	tfb6	viable	V	-0.351	-0.023	0.0	0.921	7.584	18.04	17.118	5.55	-0.129	-1.794	0.935343	0.022	0.098655	-32.122	-33.294
SPCC1494.10	adn3	viable	V	0.41	0.05	0.001	0.505	4.154	9.878	9.373	3.04	0.151	3.183	0.967133	0.029	0.074569	-29.48	-30.651
SPCC14G10.01	cab5	inviable	E	6.145	0.843	2.476	2.921	6.141	11.192	8.271	5.158	2.26	36.536	0.998794	0.081	0.013932	-19.123	-20.294
SPCC14G10.02	urb1	inviable	E	6.372	0.811	0.692	1.171	4.642	10.089	8.917	3.583	2.344	46.765	0.996868	0.13	0.021515	-14.391	-15.563
SPCC14G10.03c	ump1	viable	V	4.638	0.577	0.402	0.893	4.443	10.015	9.122	3.359	1.706	34.848	0.933878	0.447	0.091497	-2.049	-3.22
SPCC14G10.04	eap1	viable	V	1.456	0.147	0.012	0.618	5.005	11.889	11.271	3.666	0.536	10.128	0.981804	0.067	0.048104	-21.08	-22.251
SPCC1529.01	SPCC1529.01	viable	V	-0.041	0.005	0.0	0.516	4.246	10.099	9.583	3.107	-0.015	-0.002	-1.718127	0.086	0.583481	-18.561	-19.732
SPCC162.02c	SPCC162.02c	viable	V	0.029	-0.005	0.0	0.364	3.0	7.135	6.771	2.195	0.011	0.001	-0.064313	0.018	0.424489	-34.034	-35.206
SPCC162.03	SPCC162.03	viable	V	-0.291	-0.049	-0.0	0.364	3.001	7.138	6.773	2.196	-0.107	-2.615	0.14868	0.139	0.335142	-13.703	-14.874
SPCC162.06c	vps60	viable	V	0.042	0.007	-0.0	0.364	3.001	7.138	6.773	2.196	0.015	0.375	-0.199964	0.098	0.383724	-17.243	-18.415
SPCC162.08c	nup211	inviable	E	6.809	0.653	1.03	1.667	6.275	13.506	11.838	4.868	2.505	40.047	0.997685	0.107	0.018034	-16.34	-17.511
SPCC162.09c	hmg1	condition-dependent	E	6.01	1.007	-0.0	0.364	3.001	7.138	6.773	2.196	2.211	54.064	0.980765	0.309	0.050192	-5.745	-6.916
SPCC162.10	ppk33	viable	V	0.4	-0.027	0.0	0.916	7.543	17.941	17.025	5.52	0.147	0.041	0.022409	0.085	0.326974	-18.688	-19.86
SPCC162.11c	urk1	viable	V	0.213	-0.019	0.0	0.701	5.776	13.738	13.036	4.227	0.078	0.017	-0.736811	0.105	0.479589	-16.581	-17.753
SPCC162.12	tco89	viable	V	-0.459	0.068	0.0	0.412	3.388	8.059	7.647	2.479	-0.169	-0.021	-0.029295	0.083	0.424993	-18.904	-20.076
SPCC1620.01c	lsm2	inviable	E	5.321	0.456	0.742	1.453	6.602	14.68	13.227	5.03	1.958	30.096	0.994271	0.125	0.027517	-14.82	-15.992
SPCC1620.03	mug163	viable	V	-0.663	0.045	-0.0	0.901	7.419	17.647	16.746	5.429	-0.244	-0.067	0.011478	0.237	0.33103	-8.396	-9.568
SPCC1620.04c	fzr3	viable	V	-0.21	-0.035	-0.0	0.364	3.001	7.138	6.773	2.196	-0.077	-1.887	0.083287	0.124	0.426279	-14.871	-16.043
SPCC1620.05	bet4	inviable	E	5.935	0.994	0.532	0.896	3.533	7.67	6.773	2.728	2.183	50.416	0.996682	0.132	0.022937	-14.27	-15.442
SPCC1620.06c	SPCC1620.06c	inviable	E	7.62	1.277	0.314	0.679	3.315	7.452	6.773	2.51	2.803	66.306	0.990054	0.292	0.039156	-6.327	-7.498
SPCC1620.07c	lnp1	viable	V	-0.225	0.015	0.0	0.929	7.65	18.197	17.268	5.599	-0.083	-0.024	-0.074988	0.072	0.375796	-20.342	-21.514
SPCC1620.08	lsc2	viable	V	0.619	0.104	-0.0	0.364	3.001	7.138	6.773	2.196	0.228	5.572	0.868039	0.078	0.131455	-19.5	-20.671
SPCC1620.09c	tfg1	inviable	E	5.39	0.903	-0.0	0.364	3.001	7.138	6.773	2.196	1.983	48.488	0.984804	0.244	0.047106	-8.102	-9.273
SPCC1620.11	nup97	inviable	E	6.683	1.12	0.527	0.891	3.528	7.665	6.773	2.723	2.459	56.801	0.980574	0.361	0.051404	-4.178	-5.35
SPCC1620.12c	SPCC1620.12c	viable	V	0.011	-0.002	0.0	0.424	3.488	8.297	7.874	2.553	0.004	0.001	-0.654516	0.082	0.479733	-19.006	-20.178
SPCC1620.13	SPCC1620.13	viable	V	0.186	-0.013	0.0	0.908	7.472	17.773	16.866	5.468	0.069	0.019	-0.063755	0.095	0.389646	-17.572	-18.744
SPCC1620.14c	snf22	viable	V	2.387	0.4	0.914	1.279	3.915	8.052	6.773	3.11	0.878	19.395	0.940148	0.238	0.093361	-8.344	-9.516
SPCC1672.01	SPCC1672.01	inviable	E	-0.646	0.086	0.0	0.461	3.793	9.022	8.561	2.776	-0.238	-0.034	-0.268904	0.101	0.377779	-16.902	-18.074
SPCC1672.02c	sap1	inviable	E	7.287	1.221	0.243	0.607	3.243	7.38	6.773	2.439	2.681	63.903	0.988522	0.297	0.039402	-6.141	-7.313
SPCC1672.03c	gud1	viable	V	0.232	-0.015	0.0	0.933	7.682	18.271	17.338	5.621	0.085	0.024	0.018662	0.058	0.314308	-22.448	-23.62
SPCC1672.04c	cox19	viable	V	1.494	0.25	5.148	5.512	8.149	12.286	6.773	7.344	0.55	6.088	0.973398	0.09	0.068251	-18.13	-19.302
SPCC1672.06c	asp1	viable	V	4.251	0.712	1.258	1.623	4.259	8.396	6.773	3.454	1.564	33.121	0.904634	0.567	0.133247	0.328	-0.844
SPCC1672.07	utp21	inviable	E	6.088	0.95	0.372	0.763	3.594	8.036	7.273	2.73	2.24	51.157	0.989866	0.232	0.037068	-8.6	-9.772
SPCC1672.08c	tfa2	inviable	E	6.762	1.091	1.329	1.707	4.445	8.741	7.034	3.609	2.488	51.381	0.998454	0.105	0.015507	-16.58	-17.752
SPCC1672.09	SPCC1672.09	viable	V	0.203	0.024	-0.0	0.519	4.272	10.161	9.642	3.126	0.075	1.55	0.363011	0.083	0.280024	-18.835	-20.007
SPCC1672.10	mis16	inviable	E	4.933	0.723	4.5	4.917	7.93	12.658	7.741	7.01	1.815	21.2	0.999996	0.004	0.000824	-50.181	-51.353
SPCC1672.11c	SPCC1672.11c	viable	V	1.24	0.08	0.0	0.945	7.782	18.51	17.565	5.695	0.456	6.199	0.951002	0.071	0.074063	-20.478	-21.65
SPCC1672.12c	get4	viable	V	0.117	0.015	-0.0	0.48	3.956	9.409	8.929	2.895	0.043	0.931	-0.03785	0.085	0.391881	-18.647	-19.818
SPCC1682.01	qcr9	viable	V	0.275	0.046	0.0	0.364	3.001	7.138	6.773	2.196	0.101	2.47	0.551548	0.088	0.247028	-18.339	-19.511
SPCC1682.02c	mcm3	inviable	E	6.449	0.895	0.195	0.635	3.816	8.809	8.174	2.845	2.373	52.476	0.991972	0.212	0.033073	-9.494	-10.666
SPCC1682.03c	mug174	inviable	E	4.101	0.542	7.911	8.373	11.716	16.962	8.588	10.696	1.509	6.034	0.984956	0.111	0.045618	-16.004	-17.175
SPCC1682.04	cdc31	inviable	E	6.476	0.715	1.711	2.264	6.264	12.54	10.276	5.043	2.383	37.924	0.999559	0.047	0.008158	-24.512	-25.684
SPCC1682.06	SPCC1682.06	viable	V	-0.103	0.017	0.0	0.366	3.011	7.163	6.797	2.204	-0.038	-0.004	-0.094389	0.223	0.361031	-9.017	-10.188
SPCC1682.07	ssl1	condition-dependent	E	8.635	0.752	2.322	3.023	8.097	16.058	13.035	6.548	3.177	38.545	0.993752	0.202	0.030346	-9.979	-11.151
SPCC1682.08c	mpf2	viable	V	0.018	0.003	-0.0	0.364	3.001	7.138	6.773	2.196	0.007	0.166	-0.096296	0.13	0.408224	-14.416	-15.588
SPCC1682.09c	ggc1	inviable	E	6.715	0.794	7.02	7.537	11.273	17.136	9.599	10.132	2.47	12.486	0.995024	0.113	0.02667	-15.844	-17.015
SPCC1682.10	rpn8	inviable	E	6.123	1.026	0.31	0.674	3.311	7.448	6.773	2.506	2.253	53.304	0.997026	0.127	0.021034	-14.635	-15.807
SPCC1682.11c	ctl1	viable	V	-0.048	0.003	0.0	0.921	7.584	18.04	17.119	5.55	-0.018	-0.005	-0.674238	0.13	0.484515	-14.377	-15.548
SPCC1682.12c	ubp16	viable	V	1.99	0.137	0.905	1.794	8.232	18.333	16.539	6.267	0.732	9.203	0.964541	0.1	0.065497	-17.024	-18.196
SPCC1682.15	mug122	viable	V	0.034	0.006	0.0	0.364	3.001	7.138	6.773	2.196	0.013	0.307	-0.010821	0.06	0.344565	-22.084	-23.256
SPCC1682.16	rpt4	viable	V	6.31	1.057	-0.0	0.364	3.001	7.138	6.773	2.196	2.321	56.762	0.894603	0.738	0.11042	2.964	1.792
SPCC16A11.01	sfk1	viable	V	-0.163	-0.027	0.0	0.364	3.001	7.138	6.773	2.196	-0.06	-1.468	0.830635	0.03	0.162804	-28.972	-30.144
SPCC16A11.02	utp13	inviable	Not_determined	6.457	1.082	-0.0	0.364	3.001	7.138	6.773	2.196	2.375	58.081	0.947799	0.528	0.082431	-0.395	-1.567
SPCC16A11.03c	SPCC16A11.03c	viable	V	-0.103	0.008	0.0	0.795	6.545	15.567	14.772	4.789	-0.038	-0.009	-0.910347	0.105	0.543472	-16.497	-17.668
SPCC16A11.04	snx12	viable	V	0.279	0.047	0.0	0.364	3.001	7.138	6.773	2.196	0.103	2.513	0.742837	0.059	0.195057	-22.318	-23.49
SPCC16A11.05c	dim1	inviable	E	6.632	0.874	0.926	1.389	4.738	9.995	8.606	3.716	2.44	48.141	0.998902	0.081	0.012841	-19.082	-20.254
SPCC16A11.06c	gpi10	inviable	E	5.836	0.842	2.31	2.733	5.795	10.599	7.865	4.86	2.147	36.619	0.99898	0.072	0.01304	-20.376	-21.547
SPCC16A11.07	coq10	viable	V	1.056	0.068	-0.0	0.945	7.782	18.51	17.565	5.695	0.388	5.277	0.820878	0.117	0.143331	-15.484	-16.656
SPCC16A11.08	atg20	viable	V	-0.355	0.058	0.0	0.376	3.099	7.372	6.995	2.268	-0.131	-0.015	-0.108922	0.208	0.375346	-9.705	-10.877
SPCC16A11.09c	tim23	inviable	E	6.099	1.022	-0.0	0.364	3.001	7.138	6.773	2.196	2.244	54.864	0.81274	0.948	0.143863	5.47	4.298
SPCC16A11.10c	oca8	viable	V	0.003	-0.0	-0.0	0.406	3.344	7.955	7.548	2.447	0.001	0.0	-1.63697	0.154	0.594905	-12.703	-13.874
SPCC16A11.11	mrpl31	inviable	E	8.705	0.959	4.757	5.311	9.321	15.612	10.301	8.097	3.203	28.706	0.992953	0.214	0.03231	-9.399	-10.57
SPCC16A11.12c	ubp1	viable	V	-0.054	-0.009	0.0	0.364	3.001	7.138	6.773	2.196	-0.02	-0.486	0.110507	0.034	0.375302	-27.88	-29.051
SPCC16A11.15c	SPCC16A11.15c	viable	V	0.941	-0.061	0.0	0.944	7.775	18.494	17.55	5.69	0.346	0.1	-0.019761	0.185	0.369877	-10.897	-12.069
SPCC16A11.16c	rpn1302	viable	V	0.031	-0.002	0.0	0.875	7.203	17.132	16.257	5.271	0.011	0.003	-0.098934	0.036	0.372427	-27.311	-28.483
SPCC16A11.17	mcm4	inviable	E	5.867	0.983	0.957	1.321	3.958	8.095	6.773	3.153	2.158	47.432	0.992709	0.198	0.034184	-10.193	-11.365
SPCC16C4.01	sif2	viable	V	0.618	0.104	-0.0	0.364	3.001	7.138	6.773	2.196	0.227	5.563	0.893561	0.075	0.108111	-19.884	-21.056
SPCC16C4.02c	asi1	inviable	E	6.118	0.896	0.596	1.013	4.027	8.758	7.745	3.107	2.251	48.73	0.996819	0.13	0.021338	-14.393	-15.565
SPCC16C4.03	pin1	viable	V	0.88	0.085	4.927	5.562	10.155	17.362	11.8	8.753	0.324	2.497	0.804817	0.136	0.147204	-13.939	-15.111
SPCC16C4.04	pex26	viable	V	-0.328	0.055	0.0	0.364	3.001	7.138	6.773	2.196	-0.121	-0.014	-0.021788	0.086	0.365367	-18.55	-19.722
SPCC16C4.06c	pus3	viable	V	-0.044	-0.005	0.0	0.599	4.933	11.734	11.135	3.61	-0.016	-0.311	0.276392	0.021	0.299111	-32.662	-33.834
SPCC16C4.07	scw1	viable	V	0.397	0.066	0.614	0.979	3.615	7.752	6.773	2.81	0.146	3.341	0.950913	0.037	0.091438	-26.886	-28.058
SPCC16C4.08c	skb15	inviable	E	6.348	0.73	0.985	1.515	5.354	11.379	9.863	4.182	2.335	42.334	0.99638	0.135	0.023248	-13.999	-15.171
SPCC16C4.09	sts5	viable	V	0.443	0.074	-0.0	0.364	3.001	7.138	6.773	2.196	0.163	3.982	-0.014897	0.216	0.347598	-9.331	-10.503
SPCC16C4.10	pgl1	viable	V	3.512	0.264	2.184	2.996	8.868	18.083	15.086	7.076	1.292	14.27	0.990754	0.091	0.034622	-18.012	-19.184
SPCC16C4.11	pef1	viable	V	3.23	0.541	0.843	1.207	3.844	7.981	6.773	3.039	1.188	26.47	0.962165	0.25	0.071758	-7.86	-9.032
SPCC16C4.12	naa20	viable	V	5.742	0.962	6.576	6.941	9.577	13.714	6.773	8.772	2.112	16.236	0.993204	0.162	0.031567	-12.2	-13.371
SPCC16C4.14c	sfc4	viable	V	7.345	0.702	2.824	3.463	8.087	15.343	11.88	6.676	2.702	32.228	0.998045	0.102	0.017132	-16.865	-18.036
SPCC16C4.15	rml2	inviable	E	5.4	0.555	2.403	2.997	7.298	14.047	11.049	5.985	1.987	26.924	0.982575	0.233	0.052305	-8.555	-9.727
SPCC16C4.16c	cbc3	viable	Not_determined	-0.309	-0.052	-0.0	0.364	3.001	7.138	6.773	2.196	-0.114	-2.783	0.110624	0.12	0.359462	-15.168	-16.339
SPCC16C4.17	mug123	viable	V	0.188	0.032	-0.0	0.364	3.001	7.138	6.773	2.196	0.069	1.695	-0.010424	0.082	0.325724	-19.04	-20.212
SPCC16C4.18c	taf6	inviable	E	7.745	1.297	1.403	1.768	4.404	8.541	6.773	3.599	2.849	59.244	0.290146	2.948	0.378187	16.812	15.641
SPCC16C4.19	rpp21	inviable	E	7.79	0.598	2.194	2.989	8.739	17.762	14.773	6.984	2.866	32.145	0.999401	0.052	0.009171	-23.535	-24.707
SPCC16C4.20c	hap2	viable	V	-0.118	-0.02	-0.0	0.364	3.001	7.138	6.773	2.196	-0.043	-1.058	-0.207512	0.122	0.39637	-14.998	-16.17
SPCC16C4.21	SPCC16C4.21	unknown	Not_determined	0.01	-0.001	0.0	0.415	3.418	8.13	7.715	2.501	0.004	0.0	-0.793524	0.082	0.517629	-19.037	-20.208
SPCC1739.01	SPCC1739.01	viable	V	-0.22	-0.019	0.0	0.713	5.873	13.97	13.257	4.298	-0.081	-1.375	0.53878	0.073	0.258397	-20.156	-21.327
SPCC1739.02c	mrpl22	inviable	E	5.802	0.755	4.026	4.495	7.891	13.219	8.724	6.854	2.135	25.343	0.997667	0.097	0.019179	-17.359	-18.531
SPCC1739.03	hrr1	viable	V	-0.196	0.015	0.0	0.801	6.594	15.683	14.883	4.825	-0.072	-0.018	-1.031326	0.088	0.527396	-18.296	-19.467
SPCC1739.05	set5	viable	V	0.602	0.039	-0.0	0.945	7.782	18.51	17.565	5.695	0.222	3.01	0.636842	0.095	0.193738	-17.526	-18.697
SPCC1739.06c	met1	viable	V	0.639	0.062	-0.0	0.634	5.221	12.418	11.784	3.82	0.235	4.324	0.720026	0.118	0.190483	-15.362	-16.534
SPCC1739.07	cti1	condition-dependent	V	5.922	0.637	6.188	6.755	10.859	17.299	10.544	9.606	2.179	13.208	0.982941	0.189	0.048113	-10.678	-11.85
SPCC1739.08c	SPCC1739.08c	viable	V	0.048	-0.008	0.0	0.381	3.138	7.464	7.083	2.296	0.018	0.002	-0.836564	0.108	0.478078	-16.296	-17.468
SPCC1739.10	mug33	viable	V	0.18	0.03	-0.0	0.364	3.001	7.138	6.773	2.196	0.066	1.616	0.0737	0.119	0.383191	-15.304	-16.476
SPCC1739.11c	cdc11	inviable	E	6.264	0.855	2.803	3.251	6.486	11.562	8.311	5.498	2.304	35.233	0.999814	0.032	0.005508	-28.381	-29.553
SPCC1739.13	ssa2	condition-dependent	E	6.365	1.066	-0.0	0.364	3.001	7.138	6.773	2.196	2.342	57.256	0.989299	0.246	0.038423	-8.016	-9.187
SPCC1739.14	npp106	viable	V	4.193	0.451	1.762	2.33	6.439	12.887	10.557	5.185	1.542	23.931	0.999346	0.037	0.009852	-26.984	-28.155
SPCC1739.15	wtf21	inviable	E	-0.735	0.105	0.0	0.428	3.524	8.382	7.954	2.579	-0.27	-0.035	-0.036643	0.181	0.341789	-11.066	-12.237
SPCC1742.01	gsf2	viable	V	0.846	0.142	0.313	0.677	3.313	7.45	6.773	2.509	0.311	7.36	0.426181	0.395	0.331934	-3.297	-4.469
SPCC1753.01c	ssb2	inviable	E	6.246	0.812	0.914	1.384	4.782	10.115	8.731	3.745	2.298	45.062	0.998968	0.074	0.012391	-20.032	-21.204
SPCC1753.02c	git3	viable	V	1.781	0.298	0.478	0.843	3.479	7.616	6.773	2.674	0.655	15.217	0.904459	0.228	0.127648	-8.785	-9.957
SPCC1753.03c	rec7	viable	V	0.064	-0.005	0.0	0.849	6.993	16.633	15.784	5.117	0.024	0.006	-0.113084	0.046	0.387132	-24.861	-26.032
SPCC1753.04	tol1	inviable	E	6.226	0.879	-0.0	0.432	3.56	8.467	8.035	2.605	2.29	52.177	0.980861	0.314	0.050899	-5.582	-6.754
SPCC1753.05	rsm1	viable	V	3.22	0.432	5.315	5.77	9.065	14.235	8.465	8.059	1.184	10.814	0.999847	0.013	0.004919	-37.344	-38.516
SPCC1795.02c	vcx1	viable	V	-0.449	0.06	-0.0	0.455	3.743	8.903	8.448	2.739	-0.165	-0.023	-0.092113	0.046	0.364396	-24.731	-25.903
SPCC1795.03	gms1	viable	V	4.618	0.762	4.386	4.756	7.433	11.634	6.878	6.616	1.699	21.866	0.999841	0.022	0.005183	-32.048	-33.22
SPCC1795.04c	pre10	inviable	E	6.7	1.075	0.752	1.133	3.884	8.202	7.069	3.044	2.465	54.529	0.994501	0.192	0.028142	-10.509	-11.681
SPCC1795.05c	ura6	inviable	E	5.777	0.968	-0.0	0.364	3.001	7.138	6.773	2.196	2.125	51.964	0.925672	0.582	0.099659	0.584	-0.588
SPCC1795.06	map2	viable	V	0.223	-0.032	0.0	0.422	3.477	8.271	7.849	2.545	0.082	0.011	-0.359564	0.153	0.411187	-12.803	-13.974
SPCC1795.08c	vid21	inviable	E	7.183	0.582	3.139	3.892	9.343	17.896	14.004	7.679	2.642	26.054	0.999538	0.042	0.008132	-25.797	-26.969
SPCC1795.09	yps1	viable	V	1.224	0.205	8.638	9.003	11.639	15.776	6.773	10.834	0.45	1.597	0.869781	0.107	0.129424	-16.37	-17.542
SPCC1795.10c	svp26	viable	V	0.216	0.036	0.0	0.364	3.001	7.138	6.773	2.196	0.079	1.941	0.292024	0.121	0.333711	-15.136	-16.308
SPCC1795.11	sum3	inviable	E	5.411	0.906	-0.0	0.364	3.001	7.138	6.773	2.196	1.991	48.673	0.947942	0.456	0.089155	-1.862	-3.033
SPCC1795.12c	SPCC1795.12c	viable	V	0.19	0.032	-0.0	0.364	3.001	7.138	6.773	2.196	0.07	1.707	0.126933	0.134	0.373492	-14.065	-15.237
SPCC18.01c	adg3	viable	V	-0.11	0.007	0.0	0.93	7.658	18.215	17.285	5.604	-0.04	-0.012	-0.405213	0.053	0.449734	-23.362	-24.533
SPCC18.02	SPCC18.02	viable	V	-0.304	0.049	0.0	0.382	3.146	7.482	7.1	2.302	-0.112	-0.013	-0.479297	0.085	0.49482	-18.697	-19.868
SPCC18.03	SPCC18.03	viable	V	-0.03	0.002	0.0	0.812	6.688	15.909	15.096	4.894	-0.011	-0.003	-0.740605	0.049	0.551558	-24.141	-25.313
SPCC18.04	pof6	inviable	E	6.48	1.04	0.42	0.8	3.552	7.869	7.069	2.712	2.384	54.801	0.996278	0.15	0.02304	-12.961	-14.133
SPCC18.05c	rsa4	inviable	E	7.494	1.255	0.184	0.548	3.185	7.322	6.773	2.38	2.757	66.133	0.963446	0.556	0.074484	0.125	-1.046
SPCC18.06c	caf1	viable	V	3.374	0.31	1.144	1.808	6.608	14.141	12.333	5.143	1.241	18.957	0.997308	0.056	0.019525	-22.825	-23.996
SPCC18.07	rpc53	inviable	E	5.656	0.773	1.135	1.582	4.811	9.879	8.298	3.825	2.081	40.726	0.995761	0.139	0.024951	-13.727	-14.899
SPCC18.09c	hnt3	viable	V	-0.136	-0.023	-0.0	0.364	3.001	7.138	6.773	2.196	-0.05	-1.228	0.201475	0.097	0.325663	-17.292	-18.464
SPCC18.11c	sdc1	viable	V	-0.14	0.009	0.0	0.909	7.484	17.801	16.892	5.476	-0.051	-0.014	-0.146246	0.179	0.355754	-11.187	-12.359
SPCC18.12c	utp23	inviable	E	7.598	0.627	0.106	0.845	6.196	14.592	13.747	4.562	2.795	45.524	0.94974	0.531	0.077917	-0.325	-1.497
SPCC18.13	trm82	viable	V	0.405	0.068	0.0	0.364	3.001	7.138	6.773	2.196	0.149	3.639	0.923003	0.042	0.093407	-25.604	-26.776
SPCC18.14c	rpp0	inviable	E	6.596	1.105	-0.0	0.364	3.001	7.138	6.773	2.196	2.427	59.338	0.965745	0.463	0.074905	-1.702	-2.874
SPCC18.15	dph7	viable	V	0.351	0.059	2.713	3.078	5.714	9.851	6.773	4.909	0.129	2.238	0.742	0.096	0.179008	-17.402	-18.574
SPCC18.16c	fmn1	inviable	E	6.318	1.058	-0.0	0.364	3.001	7.138	6.773	2.196	2.324	56.833	0.987274	0.264	0.042031	-7.334	-8.506
SPCC18.17c	SPCC18.17c	viable	V	2.105	0.141	0.56	1.471	8.06	18.401	16.93	6.049	0.775	10.043	0.980723	0.077	0.049267	-19.588	-20.76
SPCC18.18c	fum1	unknown	Not_determined	0.0	-0.0	0.0	0.365	3.002	7.14	6.775	2.197	0.0	0.0	-1.321436	0.065	0.572396	-21.383	-22.555
SPCC18.19c	ost5	unknown	Not_determined	-0.133	-0.022	0.0	0.364	3.001	7.138	6.773	2.196	-0.049	-1.2	0.316333	0.085	0.305759	-18.615	-19.787
SPCC1827.01c	utp25	inviable	E	6.478	0.915	0.474	0.906	4.031	8.935	8.029	3.077	2.383	51.473	0.986018	0.286	0.045626	-6.517	-7.688
SPCC1827.02c	pcy1	viable	V	-0.021	-0.004	0.0	0.364	3.001	7.138	6.773	2.196	-0.008	-0.189	-0.032978	0.07	0.339621	-20.598	-21.77
SPCC1827.03c	pcs60	viable	V	0.504	0.084	-0.0	0.364	3.001	7.138	6.773	2.196	0.185	4.533	0.670887	0.107	0.193855	-16.349	-17.52
SPCC1827.04	vms1	viable	V	-0.007	0.001	0.0	0.364	3.001	7.138	6.773	2.196	-0.003	-0.0	-0.690131	0.13	0.462244	-14.411	-15.582
SPCC1827.05c	SPCC1827.05c	inviable	E	6.506	1.09	0.318	0.683	3.319	7.456	6.773	2.514	2.394	56.591	0.986339	0.291	0.043492	-6.329	-7.501
SPCC1827.06c	hom2	inviable	E	6.25	0.961	0.456	0.853	3.726	8.233	7.38	2.849	2.299	51.691	0.970212	0.414	0.062414	-2.813	-3.985
SPCC1827.07c	spx2	viable	V	-0.193	0.012	0.0	0.945	7.782	18.51	17.565	5.695	-0.071	-0.021	-0.32469	0.052	0.397977	-23.539	-24.711
SPCC1827.08c	pof7	viable	V	-0.111	0.007	0.0	0.94	7.739	18.407	17.467	5.663	-0.041	-0.012	-0.392233	0.138	0.421437	-13.788	-14.96
SPCC1840.02c	bgs4	condition-dependent	V	6.841	1.146	-0.0	0.364	3.001	7.138	6.773	2.196	2.517	61.54	0.947224	0.564	0.085515	0.282	-0.89
SPCC1840.03	sal3	viable	V	3.618	0.334	0.239	0.9	5.679	13.179	12.28	4.22	1.331	23.11	0.989909	0.117	0.0362	-15.431	-16.603
SPCC1840.04	pca1	viable	V	-0.018	0.002	0.0	0.633	5.211	12.395	11.762	3.814	-0.007	-0.001	-1.398267	0.1	0.538006	-17.019	-18.191
SPCC1840.05c	pgm2	viable	V	-0.008	-0.001	0.0	0.364	3.0	7.137	6.772	2.196	-0.003	-0.069	-0.044761	0.022	0.336133	-32.391	-33.563
SPCC1840.06	atp5	viable	V	2.46	0.291	7.03	7.546	11.278	17.134	9.588	10.139	0.905	4.563	0.861072	0.204	0.129345	-9.878	-11.05
SPCC1840.07c	SPCC1840.07c	viable	V	0.229	-0.015	0.0	0.944	7.773	18.49	17.546	5.689	0.084	0.024	0.010007	0.069	0.326911	-20.787	-21.959
SPCC1840.08c	pdi5	viable	V	0.207	-0.014	0.0	0.918	7.557	17.975	17.057	5.53	0.076	0.021	-0.259716	0.119	0.432194	-15.262	-16.434
SPCC1840.09	coq11	viable	V	1.159	0.189	5.569	5.944	8.655	12.91	6.966	7.828	0.426	4.203	0.977556	0.06	0.058742	-22.109	-23.28
SPCC1840.12	opt3	viable	V	0.061	0.01	0.0	0.364	3.001	7.138	6.773	2.196	0.022	0.548	-0.053384	0.073	0.400179	-20.196	-21.368
SPCC1840.13	SPCC1840.13	unknown	Not_determined	0.119	-0.013	0.0	0.571	4.698	11.175	10.604	3.438	0.044	0.008	-0.738717	0.123	0.506734	-14.945	-16.116
SPCC188.02	par1	viable	V	2.241	0.258	6.8	7.33	11.164	17.179	9.849	9.993	0.824	4.385	0.981545	0.072	0.05004	-20.303	-21.475
SPCC188.03	cnd3	inviable	E	6.27	1.05	1.278	1.643	4.279	8.416	6.773	3.474	2.307	48.726	0.995849	0.161	0.026079	-12.255	-13.426
SPCC188.04c	spc25	inviable	E	6.07	1.017	1.996	2.36	4.997	9.134	6.773	4.192	2.233	42.919	0.991942	0.224	0.03929	-8.979	-10.151
SPCC188.06c	srp54	inviable	E	6.519	1.092	-0.0	0.364	3.001	7.138	6.773	2.196	2.398	58.639	0.97383	0.385	0.059478	-3.533	-4.704
SPCC188.07	ccq1	viable	V	0.131	0.008	0.0	0.945	7.782	18.51	17.565	5.695	0.048	0.653	-0.008215	0.103	0.365269	-16.73	-17.901
SPCC188.08c	ubp5	viable	V	1.536	0.212	-0.0	0.442	3.637	8.65	8.208	2.661	0.565	12.745	0.941078	0.137	0.082594	-13.876	-15.048
SPCC188.11	prp45	inviable	E	6.657	1.115	0.058	0.423	3.059	7.196	6.773	2.254	2.449	59.519	0.990064	0.249	0.03675	-7.892	-9.064
SPCC188.12	spn6	viable	V	-0.185	0.027	0.0	0.425	3.498	8.321	7.896	2.56	-0.068	-0.009	-3.315505	0.063	0.761694	-21.611	-22.783
SPCC188.13c	dcr1	viable	V	-0.407	0.063	0.0	0.394	3.24	7.707	7.314	2.371	-0.15	-0.018	-0.364308	0.097	0.440462	-17.341	-18.512
SPCC1884.01	SPCC1884.01	unknown	Not_determined	-0.143	-0.022	0.0	0.394	3.248	7.725	7.33	2.377	-0.053	-1.249	0.675973	0.047	0.233193	-24.504	-25.676
SPCC1884.02	nic1	condition-dependent	V	0.32	0.021	-0.0	0.945	7.782	18.51	17.565	5.695	0.118	1.6	0.13944	0.121	0.398589	-15.106	-16.277
SPCC18B5.01c	bfr1	viable	V	0.124	-0.02	0.0	0.379	3.122	7.425	7.046	2.284	0.045	0.005	-0.419755	0.095	0.41673	-17.494	-18.665
SPCC18B5.03	wee1	viable	V	1.673	0.137	3.178	3.923	9.307	17.756	13.833	7.663	0.616	6.083	0.999158	0.013	0.011193	-37.127	-38.298
SPCC18B5.04	rsm18	inviable	E	5.134	0.86	3.925	4.29	6.926	11.063	6.773	6.121	1.889	26.752	0.996919	0.11	0.022983	-16.073	-17.245
SPCC18B5.05c	SPCC18B5.05c	viable	V	0.191	0.012	-0.0	0.945	7.782	18.51	17.565	5.695	0.07	0.957	-0.401355	0.123	0.442407	-14.993	-16.164
SPCC18B5.06	dom34	viable	V	0.462	0.03	-0.0	0.945	7.782	18.51	17.565	5.695	0.17	2.309	0.210349	0.136	0.337515	-13.95	-15.121
SPCC18B5.08c	ism1	inviable	E	5.679	0.774	4.596	5.045	8.287	13.374	8.329	7.297	2.089	22.751	0.996115	0.12	0.024594	-15.166	-16.338
SPCC18B5.09c	thc1	viable	V	-0.528	-0.089	-0.0	0.364	3.001	7.138	6.773	2.196	-0.194	-4.753	0.004617	0.286	0.347632	-6.502	-7.674
SPCC18B5.11c	cds1	viable	V	-0.021	-0.003	0.0	0.364	3.0	7.136	6.772	2.195	-0.008	-0.187	-0.090011	0.056	0.378905	-22.743	-23.914
SPCC1902.01	gaf1	viable	V	-0.046	-0.008	0.0	0.364	3.001	7.138	6.773	2.196	-0.017	-0.415	-0.225146	0.045	0.406102	-25.084	-26.256
SPCC1902.02	mug72	viable	V	0.362	-0.024	-0.0	0.915	7.532	17.915	17.001	5.512	0.133	0.037	0.026806	0.069	0.32076	-20.742	-21.913
SPCC1906.01	mpg1	inviable	E	6.377	1.068	0.041	0.406	3.042	7.179	6.773	2.237	2.346	57.118	0.985765	0.286	0.043482	-6.532	-7.704
SPCC1906.02c	rqt3	viable	V	2.471	0.368	8.459	8.869	11.838	16.496	7.627	10.931	0.909	3.176	0.896329	0.165	0.113457	-12.041	-13.212
SPCC1906.04	wtf20	viable	V	-0.282	-0.047	-0.0	0.364	3.001	7.138	6.773	2.196	-0.104	-2.533	-0.0467	0.482	0.392053	-1.302	-2.473
SPCC191.02c	acs1	viable	V	5.734	0.961	0.327	0.692	3.328	7.465	6.773	2.523	2.109	49.82	0.990308	0.217	0.037941	-9.299	-10.47
SPCC191.04c	SPCC191.04c	unknown	Not_determined	-0.063	0.009	0.0	0.416	3.424	8.143	7.727	2.505	-0.023	-0.003	-0.109126	0.194	0.349848	-10.39	-11.562
SPCC191.05c	SPCC191.05c	viable	V	-0.303	-0.051	0.0	0.364	3.001	7.138	6.773	2.196	-0.112	-2.727	0.811995	0.058	0.172678	-22.47	-23.641
SPCC191.06	SPCC191.06	viable	V	0.192	-0.013	0.0	0.934	7.687	18.283	17.35	5.625	0.07	0.02	-0.168235	0.069	0.361603	-20.779	-21.951
SPCC191.08	lto1	inviable	E	7.603	0.637	0.909	1.637	6.905	15.171	13.534	5.296	2.797	41.265	0.989472	0.237	0.038213	-8.41	-9.582
SPCC191.09c	gst1	viable	V	-0.021	0.001	0.0	0.935	7.702	18.32	17.384	5.636	-0.008	-0.002	-0.940006	0.145	0.49718	-13.298	-14.47
SPCC1919.01	ckk2	viable	V	-0.337	-0.056	-0.0	0.364	3.001	7.138	6.773	2.196	-0.124	-3.028	-0.255469	0.414	0.409336	-2.813	-3.985
SPCC1919.02	pbn1	inviable	E	5.324	0.892	1.747	2.111	4.747	8.884	6.773	3.943	1.959	38.939	0.974885	0.351	0.065867	-4.471	-5.643
SPCC1919.03c	amk2	viable	V	0.561	0.036	-0.0	0.945	7.782	18.51	17.565	5.695	0.206	2.804	0.175313	0.205	0.389644	-9.869	-11.04
SPCC1919.05	ski3	viable	V	0.698	0.073	5.884	6.47	10.708	17.358	10.888	9.414	0.257	1.652	0.942675	0.049	0.085695	-24.138	-25.31
SPCC1919.06c	wtf25	unknown	Not_determined	-0.651	0.089	0.0	0.448	3.688	8.773	8.325	2.699	-0.24	-0.033	-0.455066	0.146	0.437452	-13.234	-14.406
SPCC1919.07	SPCC1919.07	viable	V	0.0	-0.0	0.0	0.365	3.002	7.141	6.777	2.197	0.0	0.0	-1.292259	0.16	0.611327	-12.354	-13.525
SPCC1919.08c	mrpl33	inviable	E	7.76	0.641	3.377	4.116	9.461	17.849	13.733	7.83	2.855	27.296	0.987809	0.227	0.041462	-8.846	-10.018
SPCC1919.09	tif6	viable	V	6.241	1.045	0.045	0.409	3.046	7.182	6.773	2.241	2.296	55.879	0.978996	0.343	0.053021	-4.711	-5.883
SPCC1919.10c	myo52	condition-dependent	V	7.069	0.562	1.938	2.705	8.259	16.973	14.267	6.563	2.601	31.349	0.998672	0.073	0.013622	-20.119	-21.291
SPCC1919.11	mug137	viable	V	-0.295	0.039	0.0	0.465	3.831	9.113	8.648	2.804	-0.108	-0.015	-0.045863	0.055	0.350804	-22.927	-24.099
SPCC1919.12c	erm2	viable	V	2.274	0.381	9.511	9.875	12.512	16.648	6.773	11.707	0.837	1.855	0.942296	0.117	0.089125	-15.469	-16.641
SPCC1919.13c	bmt5	viable	V	1.247	-0.081	0.0	0.945	7.778	18.5	17.555	5.692	0.459	0.133	-0.079093	0.111	0.363931	-16.015	-17.187
SPCC1919.14c	bdp1	inviable	E	6.514	1.091	-0.0	0.364	3.001	7.138	6.773	2.196	2.396	58.598	0.955534	0.506	0.075963	-0.809	-1.981
SPCC1919.15	brl1	viable	V	4.415	0.32	1.697	2.538	8.626	18.178	15.64	6.767	1.624	18.9	0.964145	0.224	0.065412	-8.939	-10.111
SPCC23B6.01c	osh6	viable	V	-0.151	0.024	0.0	0.378	3.114	7.406	7.028	2.279	-0.056	-0.006	-0.027058	0.042	0.363245	-25.583	-26.754
SPCC23B6.02c	ecm1	viable	V	-0.723	-0.05	0.912	1.802	8.236	18.332	16.53	6.271	-0.266	-3.341	0.322348	0.27	0.317499	-7.086	-8.258
SPCC23B6.03c	tel1	viable	V	0.123	-0.008	0.0	0.945	7.782	18.51	17.565	5.695	0.045	0.013	-0.036794	0.033	0.366348	-28.233	-29.405
SPCC23B6.04c	pdr16	viable	V	0.723	0.097	-0.0	0.455	3.748	8.916	8.46	2.743	0.266	5.912	0.931221	0.068	0.095126	-20.95	-22.122
SPCC23B6.05c	ssb3	viable	V	0.761	0.127	3.693	4.057	6.694	10.83	6.773	5.889	0.28	4.133	0.369978	0.39	0.290763	-3.418	-4.59
SPCC24B10.02c	SPCC24B10.02c	viable	V	0.124	-0.02	0.0	0.371	3.051	7.258	6.887	2.233	0.046	0.005	-0.229485	0.142	0.433764	-13.5	-14.672
SPCC24B10.03	SPCC24B10.03	viable	V	-0.124	-0.021	-0.0	0.364	3.001	7.138	6.773	2.196	-0.046	-1.116	0.403013	0.039	0.289218	-26.431	-27.602
SPCC24B10.04	mrpl50	viable	V	5.207	0.872	4.235	4.599	7.236	11.373	6.773	6.431	1.916	25.613	0.998243	0.084	0.017394	-18.78	-19.952
SPCC24B10.05	tim9	inviable	E	5.561	0.651	3.352	3.874	7.645	13.563	9.69	6.494	2.046	25.707	0.995404	0.127	0.026819	-14.622	-15.793
SPCC24B10.06	SPCC24B10.06	viable	V	6.728	0.524	2.646	3.43	9.098	17.992	14.563	7.367	2.475	25.923	0.99697	0.1	0.020341	-17.071	-18.243
SPCC24B10.07	gad8	viable	V	3.102	0.349	-0.0	0.543	4.468	10.628	10.086	3.27	1.141	23.12	0.981158	0.147	0.050173	-13.152	-14.324
SPCC24B10.08c	ada2	viable	V	2.05	0.133	0.026	0.969	7.795	18.505	17.536	5.711	0.754	10.226	0.976562	0.083	0.052822	-18.949	-20.12
SPCC24B10.09	rps1702	viable	V	3.407	0.22	-0.0	0.945	7.782	18.51	17.565	5.695	1.253	17.027	0.744275	0.453	0.166389	-1.928	-3.1
SPCC24B10.10c	yta4	viable	V	0.31	0.052	-0.0	0.364	3.001	7.138	6.773	2.196	0.114	2.793	-0.076477	0.148	0.379597	-13.103	-14.274
SPCC24B10.11c	tho7	viable	V	4.773	0.359	1.779	2.59	8.457	17.663	15.073	6.666	1.756	20.782	0.99852	0.051	0.014261	-23.853	-25.024
SPCC24B10.12	cgi121	viable	V	3.54	0.388	0.685	1.242	5.272	11.597	10.354	4.042	1.302	23.852	0.991138	0.116	0.03612	-15.549	-16.721
SPCC24B10.14c	xlf1	viable	V	-0.535	0.083	0.0	0.391	3.22	7.659	7.268	2.356	-0.197	-0.024	-0.024083	0.157	0.320762	-12.504	-13.676
SPCC24B10.15	swt1	viable	V	0.057	0.004	0.0	0.945	7.782	18.509	17.564	5.695	0.021	0.287	0.176351	0.052	0.307826	-23.502	-24.673
SPCC24B10.17	emp24	viable	V	0.454	0.071	0.0	0.393	3.233	7.69	7.298	2.366	0.167	3.967	0.956616	0.037	0.077025	-26.976	-28.148
SPCC24B10.18	SPCC24B10.18	viable	V	3.653	0.505	8.243	8.685	11.881	16.897	8.212	10.905	1.344	4.859	0.908868	0.224	0.106548	-8.948	-10.12
SPCC24B10.19c	nts1	viable	V	-0.051	0.003	0.0	0.93	7.657	18.212	17.282	5.603	-0.019	-0.005	-0.466647	0.131	0.542744	-14.341	-15.512
SPCC24B10.20	SPCC24B10.20	viable	V	0.05	0.008	0.0	0.365	3.001	7.137	6.772	2.196	0.019	0.454	0.252657	0.031	0.357201	-28.713	-29.885
SPCC24B10.21	tpi1	viable	V	6.247	1.047	0.893	1.257	3.894	8.031	6.773	3.089	2.298	50.894	0.977055	0.379	0.0615	-3.715	-4.886
SPCC24B10.22	pog1	viable	V	5.764	0.839	8.168	8.588	11.623	16.385	7.797	10.696	2.121	8.267	0.999398	0.033	0.009416	-28.069	-29.241
SPCC285.03	dbp6	inviable	E	6.058	0.902	0.751	1.16	4.125	8.777	7.617	3.22	2.228	47.725	0.993648	0.184	0.030075	-10.92	-12.092
SPCC285.04	SPCC285.04	viable	V	-0.326	0.048	-0.0	0.418	3.44	8.181	7.764	2.517	-0.12	-0.015	-1.216939	0.061	0.588248	-21.94	-23.111
SPCC285.05	SPCC285.05	viable	V	-0.33	0.051	0.0	0.392	3.229	7.682	7.289	2.363	-0.121	-0.015	-1.043296	0.117	0.643427	-15.447	-16.619
SPCC285.08	ret2	inviable	E	6.291	1.054	-0.0	0.364	3.001	7.138	6.773	2.196	2.314	56.588	0.952756	0.488	0.083108	-1.184	-2.356
SPCC285.09c	cgs2	viable	V	-0.318	-0.053	1.996	2.361	4.997	9.134	6.773	4.192	-0.117	-2.251	0.384461	0.194	0.270815	-10.39	-11.562
SPCC285.11	dsc5	viable	V	0.646	-0.044	0.0	0.906	7.457	17.737	16.832	5.457	0.238	0.066	0.005413	0.091	0.337912	-17.943	-19.115
SPCC285.12	lsm7	inviable	E	5.854	0.842	0.919	1.343	4.415	9.235	7.891	3.477	2.154	44.435	0.999019	0.069	0.012269	-20.674	-21.846
SPCC285.13c	nup60	viable	V	-0.198	0.013	0.0	0.921	7.585	18.041	17.12	5.551	-0.073	-0.021	-0.169882	0.109	0.37325	-16.199	-17.371
SPCC285.14	trs130	viable	V	7.078	0.825	2.74	3.264	7.054	13.002	9.737	5.897	2.604	36.385	0.999972	0.013	0.002095	-37.365	-38.537
SPCC285.15c	rps2802	viable	V	3.654	0.612	0.683	1.047	3.684	7.821	6.773	2.879	1.344	30.506	0.919833	0.426	0.115036	-2.536	-3.708
SPCC285.16c	msh6	viable	V	-0.253	0.036	0.0	0.425	3.498	8.321	7.896	2.56	-0.093	-0.012	-1.324054	0.074	0.66957	-20.084	-21.256
SPCC285.17	spp27	viable	V	-0.001	0.0	0.0	0.364	3.0	7.137	6.772	2.196	-0.0	-0.0	-2.60769	0.125	0.716545	-14.82	-15.992
SPCC290.02	rpc34	inviable	E	5.866	0.839	0.587	1.014	4.102	8.946	7.932	3.159	2.158	46.254	0.993966	0.171	0.029059	-11.643	-12.815
SPCC290.03c	nup186	inviable	E	5.763	0.864	0.199	0.606	3.552	8.174	7.568	2.652	2.12	48.531	0.991888	0.193	0.03326	-10.43	-11.601
SPCC290.04	ams2	viable	Not_determined	6.404	0.444	1.062	1.942	8.31	18.302	16.36	6.366	2.356	29.188	0.965839	0.32	0.065321	-5.388	-6.56
SPCC297.03	ssp1	condition-dependent	V	6.775	0.836	7.373	7.868	11.448	17.067	9.199	10.355	2.492	11.548	0.803888	0.631	0.150132	1.403	0.231
SPCC297.04c	set7	viable	V	0.548	-0.037	0.0	0.904	7.445	17.708	16.804	5.448	0.202	0.056	0.030613	0.095	0.323858	-17.55	-18.722
SPCC297.05	SPCC297.05	viable	V	-0.001	0.0	0.0	0.397	3.265	7.766	7.37	2.389	-0.0	-0.0	-0.006105	0.085	0.363623	-18.684	-19.855
SPCC297.06c	SPCC297.06c	viable	V	0.847	0.091	6.127	6.697	10.824	17.301	10.604	9.564	0.312	1.915	0.944438	0.051	0.087508	-23.842	-25.014
SPCC2H8.02	pho843	viable	V	0.148	-0.01	0.0	0.912	7.507	17.856	16.945	5.494	0.054	0.015	-0.059808	0.274	0.460137	-6.937	-8.109
SPCC2H8.04	lyr2	inviable	E	6.681	0.836	7.493	7.98	11.508	17.043	9.063	10.431	2.458	11.038	0.995041	0.109	0.026687	-16.192	-17.364
SPCC2H8.05c	dbl1	viable	V	-0.472	0.032	0.0	0.905	7.45	17.72	16.815	5.452	-0.173	-0.048	0.011606	0.13	0.358478	-14.365	-15.537
SPCC306.02c	yip3	viable	V	-0.421	-0.027	-0.0	0.945	7.782	18.51	17.565	5.695	-0.155	-2.102	0.14357	0.245	0.307702	-8.055	-9.227
SPCC306.03c	cnd2	inviable	E	5.82	0.975	1.59	1.954	4.591	8.728	6.773	3.786	2.141	43.455	0.999392	0.057	0.010191	-22.582	-23.753
SPCC306.04c	set1	viable	V	1.443	0.108	2.1	2.917	8.826	18.099	15.182	7.022	0.531	5.919	0.929907	0.107	0.092518	-16.319	-17.491
SPCC306.05c	ins1	viable	V	-0.341	0.023	-0.0	0.909	7.488	17.81	16.901	5.479	-0.125	-0.035	-0.012055	0.118	0.31949	-15.353	-16.525
SPCC306.06c	big1	condition-dependent	E	3.337	0.275	1.966	2.707	8.067	16.477	13.77	6.431	1.228	15.155	0.999091	0.029	0.011373	-29.295	-30.466
SPCC306.07c	SPCC306.07c	viable	V	-0.101	-0.017	0.0	0.364	3.001	7.138	6.773	2.196	-0.037	-0.911	0.153911	0.061	0.317552	-21.922	-23.093
SPCC306.08c	mdh1	viable	V	-0.002	0.0	0.0	0.363	2.988	7.106	6.743	2.186	-0.001	-0.0	-0.030517	0.053	0.358793	-23.288	-24.46
SPCC306.09c	cap1	viable	V	2.131	0.261	1.171	1.671	5.281	10.947	9.276	4.179	0.784	14.369	0.994688	0.057	0.027801	-22.643	-23.815
SPCC306.11	SPCC306.11	viable	V	-0.478	0.059	0.0	0.498	4.097	9.745	9.248	2.998	-0.176	-0.027	-0.045037	0.067	0.398968	-21.027	-22.198
SPCC31H12.03c	mlo1	viable	V	0.697	0.07	5.573	6.178	10.553	17.419	11.242	9.217	0.256	1.747	0.939019	0.045	0.091145	-24.925	-26.096
SPCC31H12.05c	sds21	viable	V	-0.008	0.001	0.0	0.847	6.972	16.585	15.738	5.102	-0.003	-0.001	-0.458006	0.207	0.431142	-9.732	-10.904
SPCC31H12.06	mug111	viable	V	0.001	0.0	0.0	0.397	3.27	7.777	7.38	2.393	0.0	0.006	-0.815346	0.058	0.506514	-22.43	-23.602
SPCC31H12.07	sec231	inviable	E	6.412	1.074	0.026	0.39	3.026	7.163	6.773	2.222	2.359	57.524	0.991502	0.222	0.035101	-9.037	-10.209
SPCC31H12.08c	ccr4	viable	V	2.81	0.351	0.429	0.917	4.453	10.002	9.085	3.374	1.034	21.093	0.906557	0.323	0.109422	-5.311	-6.482
SPCC320.03	rgt1	viable	V	0.503	0.033	-0.0	0.945	7.782	18.51	17.565	5.695	0.185	2.516	0.690715	0.092	0.21205	-17.879	-19.051
SPCC320.04c	gem1	viable	V	5.544	0.789	2.975	3.404	6.507	11.376	7.972	5.56	2.04	31.065	0.999903	0.021	0.003996	-32.76	-33.932
SPCC320.05	sul3	viable	V	-0.1	0.016	0.0	0.378	3.111	7.399	7.021	2.276	-0.037	-0.004	-0.337159	0.068	0.401948	-20.952	-22.124
SPCC320.06	SPCC320.06	viable	V	0.293	-0.022	0.0	0.831	6.846	16.284	15.452	5.01	0.108	0.027	-0.162767	0.164	0.349909	-12.094	-13.265
SPCC320.07c	mde7	viable	V	0.235	0.039	-0.0	0.364	3.001	7.138	6.773	2.196	0.086	2.113	0.084647	0.093	0.348434	-17.711	-18.882
SPCC320.08	qtp1	viable	V	0.037	-0.002	0.0	0.914	7.523	17.895	16.981	5.505	0.013	0.004	-0.055363	0.09	0.365001	-18.103	-19.274
SPCC320.09	hem15	inviable	E	6.342	0.702	2.397	2.949	6.94	13.201	10.252	5.721	2.333	33.355	0.999692	0.038	0.006891	-26.651	-27.822
SPCC320.10	srp72	inviable	E	6.059	1.015	0.474	0.839	3.475	7.612	6.773	2.67	2.229	51.802	0.979884	0.335	0.054951	-4.938	-6.11
SPCC320.11c	nip7	inviable	E	6.662	0.746	-0.0	0.546	4.492	10.684	10.138	3.287	2.451	49.51	0.970841	0.392	0.062704	-3.377	-4.549
SPCC320.14	sry1	viable	V	0.042	-0.006	0.0	0.429	3.535	8.408	7.979	2.587	0.016	0.002	-0.334846	0.136	0.401549	-13.971	-15.143
SPCC330.01c	rhp16	viable	V	-0.065	-0.007	0.0	0.539	4.442	10.565	10.026	3.251	-0.024	-0.488	0.017108	0.031	0.327287	-28.814	-29.985
SPCC330.02	rhp7	viable	V	-0.755	0.091	0.0	0.504	4.153	9.878	9.374	3.039	-0.278	-0.043	-0.034578	0.117	0.368819	-15.463	-16.635
SPCC330.03c	SPCC330.03c	viable	V	0.288	-0.019	0.0	0.937	7.717	18.355	17.418	5.647	0.106	0.031	0.039612	0.053	0.363448	-23.431	-24.603
SPCC330.04c	tdk1	condition-dependent	E	5.166	0.724	1.078	1.514	4.665	9.61	8.096	3.703	1.901	37.946	0.99957	0.04	0.0081	-26.071	-27.243
SPCC330.05c	ura4	viable	Not_determined	0.403	0.026	0.001	0.945	7.779	18.502	17.556	5.693	0.148	2.013	0.905432	0.03	0.10389	-29.092	-30.264
SPCC330.07c	SPCC330.07c	viable	V	-0.086	0.011	0.0	0.471	3.879	9.226	8.755	2.838	-0.031	-0.005	-2.592661	0.074	0.630635	-19.981	-21.153
SPCC330.08	alg11	inviable	E	6.217	1.041	-0.0	0.364	3.001	7.138	6.773	2.196	2.287	55.922	0.965891	0.414	0.066804	-2.811	-3.983
SPCC330.09	enp2	inviable	E	5.229	0.876	-0.0	0.364	3.001	7.138	6.773	2.196	1.923	47.034	0.6064	1.263	0.206219	8.336	7.164
SPCC330.10	pcm1	inviable	E	6.573	0.792	0.988	1.494	5.161	10.914	9.42	4.042	2.418	45.024	0.996911	0.132	0.021583	-14.277	-15.449
SPCC330.11	btb1	viable	V	0.226	0.038	0.0	0.364	3.001	7.138	6.773	2.196	0.083	2.033	0.175283	0.169	0.321399	-11.775	-12.947
SPCC330.14c	rpl2402	viable	V	1.564	0.113	1.684	2.527	8.62	18.18	15.654	6.76	0.575	6.702	0.985497	0.051	0.043025	-23.771	-24.943
SPCC330.19c	SPCC330.19c	viable	V	0.106	0.018	-0.0	0.364	3.001	7.138	6.773	2.196	0.039	0.954	-0.221422	0.092	0.486864	-17.858	-19.029
SPCC338.04	mix23	viable	V	0.065	0.009	0.0	0.436	3.594	8.548	8.112	2.63	0.024	0.547	0.051456	0.066	0.35451	-21.244	-22.416
SPCC338.05c	mms2	viable	V	0.102	-0.007	0.0	0.846	6.962	16.56	15.715	5.095	0.038	0.01	-0.487855	0.092	0.465097	-17.85	-19.022
SPCC338.06c	hsp20	viable	V	0.093	-0.006	0.0	0.943	7.763	18.466	17.523	5.681	0.034	0.01	-0.050254	0.09	0.33383	-18.065	-19.236
SPCC338.07c	naa15	viable	V	5.216	0.52	5.458	6.07	10.496	17.442	11.372	9.145	1.919	13.355	0.974785	0.208	0.057802	-9.698	-10.87
SPCC338.08	ctp1	viable	V	6.568	0.458	1.139	2.015	8.349	18.287	16.272	6.415	2.416	29.718	0.976207	0.269	0.053401	-7.123	-8.295
SPCC338.10c	cox5	viable	V	0.377	0.026	1.222	2.092	8.389	18.271	16.179	6.467	0.139	1.69	0.386964	0.153	0.290312	-12.774	-13.945
SPCC338.11c	efm2	viable	V	-0.656	0.102	-0.0	0.393	3.239	7.705	7.311	2.37	-0.242	-0.029	-0.414739	0.19	0.434874	-10.605	-11.777
SPCC338.12	pbi2	viable	V	-0.238	0.039	0.0	0.372	3.063	7.286	6.914	2.241	-0.088	-0.01	-0.019078	0.056	0.362054	-22.868	-24.039
SPCC338.13	cog4	inviable	E	6.224	1.043	0.393	0.757	3.394	7.531	6.773	2.589	2.29	53.694	0.9967	0.137	0.022503	-13.883	-15.055
SPCC338.15	wbp1	inviable	E	5.661	0.948	1.459	1.823	4.46	8.597	6.773	3.655	2.083	42.995	0.99446	0.168	0.030607	-11.834	-13.006
SPCC338.16	pof3	viable	V	4.653	0.318	0.832	1.726	8.196	18.347	16.621	6.221	1.712	21.663	0.965868	0.228	0.06304	-8.772	-9.944
SPCC338.17c	rad21	inviable	E	5.924	0.992	1.033	1.397	4.034	8.171	6.773	3.229	2.179	47.454	0.97858	0.348	0.058712	-4.553	-5.724
SPCC338.18	SPCC338.18	viable	V	-0.106	-0.018	0.0	0.369	3.035	7.219	6.851	2.221	-0.039	-0.95	0.710182	0.034	0.213476	-27.768	-28.94
SPCC364.01	cif1	viable	V	0.053	0.007	0.0	0.443	3.644	8.667	8.225	2.667	0.02	0.443	-0.007698	0.025	0.379939	-30.858	-32.03
SPCC364.02c	bis1	viable	V	0.682	0.114	-0.0	0.364	3.001	7.138	6.773	2.196	0.251	6.134	0.225596	0.262	0.332418	-7.396	-8.568
SPCC364.03	rpl1702	viable	V	3.012	0.263	-0.0	0.698	5.748	13.671	12.973	4.206	1.108	19.081	0.95047	0.209	0.075479	-9.65	-10.822
SPCC364.04c	coy1	viable	V	-0.068	-0.009	0.0	0.48	3.956	9.409	8.929	2.895	-0.025	-0.544	0.261505	0.03	0.327628	-29.018	-30.19
SPCC364.05	vps3	viable	V	-0.002	0.0	0.0	0.364	3.001	7.138	6.773	2.196	-0.001	-0.0	-1.508292	0.137	0.53598	-13.862	-15.034
SPCC364.06	nap1	condition-dependent	V	0.32	0.054	-0.0	0.364	3.001	7.138	6.773	2.196	0.118	2.877	0.692843	0.065	0.187955	-21.387	-22.558
SPCC364.07	ser3	viable	V	6.142	1.029	0.959	1.323	3.959	8.096	6.773	3.155	2.259	49.641	0.982081	0.325	0.050453	-5.245	-6.417
SPCC417.05c	cfh2	viable	V	-0.117	-0.02	-0.0	0.364	3.001	7.138	6.773	2.196	-0.043	-1.05	-0.301263	0.119	0.391312	-15.257	-16.429
SPCC417.06c	mug27	viable	V	0.192	-0.026	0.0	0.445	3.661	8.709	8.264	2.679	0.071	0.01	-0.124922	0.148	0.373614	-13.134	-14.306
SPCC417.07c	mto1	viable	V	1.812	0.304	4.699	5.064	7.7	11.837	6.773	6.895	0.666	8.128	0.967349	0.127	0.08121	-14.673	-15.845
SPCC417.08	tef3	inviable	E	5.987	1.003	-0.0	0.364	3.001	7.138	6.773	2.196	2.203	53.859	0.947713	0.506	0.089313	-0.817	-1.988
SPCC417.09c	sdr1	viable	V	-0.013	0.002	-0.0	0.364	3.001	7.138	6.773	2.196	-0.005	-0.001	-0.461348	0.052	0.415799	-23.57	-24.742
SPCC417.10	dal51	viable	V	-0.178	-0.03	0.0	0.364	3.001	7.138	6.773	2.196	-0.066	-1.605	0.378057	0.098	0.282282	-17.262	-18.433
SPCC417.11c	SPCC417.11c	viable	V	0.488	-0.032	0.0	0.919	7.564	17.991	17.073	5.535	0.179	0.051	-0.039453	0.071	0.351773	-20.393	-21.565
SPCC417.12	SPCC417.12	viable	V	-0.027	0.002	0.0	0.939	7.731	18.388	17.449	5.657	-0.01	-0.003	-0.954851	0.119	0.541138	-15.282	-16.454
SPCC4B3.01	tum1	unknown	Not_determined	0.303	0.02	0.0	0.945	7.782	18.51	17.565	5.695	0.111	1.514	0.486748	0.097	0.276306	-17.361	-18.532
SPCC4B3.03c	mam301	viable	V	0.917	0.059	0.0	0.945	7.782	18.51	17.565	5.695	0.337	4.582	0.918114	0.071	0.102219	-20.459	-21.631
SPCC4B3.04c	nte1	viable	V	-0.534	0.085	0.0	0.382	3.145	7.481	7.099	2.302	-0.197	-0.023	-0.821657	0.161	0.485848	-12.275	-13.447
SPCC4B3.05c	hem12	viable	V	6.052	0.786	1.532	2.002	5.403	10.741	8.739	4.365	2.226	40.151	0.998337	0.092	0.016227	-17.908	-19.08
SPCC4B3.06c	SPCC4B3.06c	viable	V	0.173	-0.011	0.0	0.927	7.634	18.158	17.231	5.587	0.064	0.018	0.001573	0.065	0.326859	-21.377	-22.549
SPCC4B3.07	nro1	viable	V	-0.05	0.008	0.0	0.367	3.02	7.183	6.816	2.21	-0.018	-0.002	-0.303769	0.077	0.410248	-19.623	-20.795
SPCC4B3.08	lsg1	viable	V	-0.032	0.002	0.0	0.932	7.676	18.259	17.327	5.617	-0.012	-0.003	-0.856701	0.125	0.490701	-14.784	-15.956
SPCC4B3.09c	mrpl12	inviable	E	5.456	0.914	3.792	4.157	6.793	10.93	6.773	5.988	2.007	29.121	0.991384	0.205	0.039707	-9.839	-11.011
SPCC4B3.10c	ipk1	viable	V	-0.206	-0.013	0.19	1.123	7.876	18.473	17.35	5.815	-0.076	-1.014	0.089123	0.248	0.322655	-7.951	-9.123
SPCC4B3.11c	fra3	viable	V	-0.124	-0.021	-0.0	0.364	3.001	7.138	6.773	2.196	-0.045	-1.112	0.008632	0.062	0.34249	-21.863	-23.035
SPCC4B3.12	set9	viable	V	-0.186	-0.031	-0.0	0.364	3.001	7.138	6.773	2.196	-0.068	-1.674	-0.056388	0.099	0.41054	-17.132	-18.304
SPCC4B3.13	SPCC4B3.13	viable	V	0.158	0.026	0.0	0.365	3.001	7.138	6.773	2.196	0.058	1.42	0.459459	0.08	0.272664	-19.203	-20.375
SPCC4B3.14	cwf20	condition-dependent	E	6.17	0.448	1.107	1.947	8.029	17.573	15.625	6.172	2.27	29.015	0.98943	0.175	0.037061	-11.415	-12.587
SPCC4B3.15	mid1	viable	V	1.064	0.149	1.166	1.602	4.76	9.715	8.113	3.796	0.392	7.721	0.998786	0.014	0.013968	-36.512	-37.684
SPCC4B3.16	tip41	viable	V	0.296	0.036	0.0	0.502	4.133	9.831	9.329	3.024	0.109	2.303	0.510584	0.101	0.251941	-16.899	-18.07
SPCC4B3.17	cbp3	viable	V	1.446	0.137	4.961	5.603	10.249	17.539	11.936	8.831	0.532	4.031	0.985667	0.046	0.045118	-24.738	-25.91
SPCC4B3.20	cmc1	viable	Not_determined	0.475	0.08	-0.0	0.364	3.001	7.138	6.773	2.196	0.175	4.269	0.479602	0.127	0.276964	-14.648	-15.819
SPCC4E9.01c	rec11	viable	V	-0.041	0.007	0.0	0.364	3.001	7.138	6.773	2.196	-0.015	-0.002	-0.023586	0.03	0.362959	-29.024	-30.195
SPCC4E9.02	cig1	viable	V	-0.005	0.001	0.0	0.364	3.001	7.138	6.773	2.196	-0.002	-0.0	-0.317918	0.196	0.403859	-10.282	-11.454
SPCC4F11.02	ptc1	viable	V	1.416	0.237	8.689	9.054	11.69	15.827	6.773	10.885	0.521	1.803	0.972776	0.055	0.060779	-22.915	-24.087
SPCC4F11.03c	SPCC4F11.03c	viable	V	-0.268	-0.045	0.0	0.364	3.001	7.138	6.773	2.196	-0.099	-2.414	0.757594	0.054	0.170376	-23.154	-24.326
SPCC4F11.04c	imt2	viable	V	0.104	0.017	-0.0	0.364	3.001	7.138	6.773	2.196	0.038	0.934	-0.167649	0.247	0.377117	-7.983	-9.155
SPCC4F11.05	SPCC4F11.05	unknown	Not_determined	-0.153	-0.026	0.0	0.364	3.001	7.138	6.773	2.196	-0.056	-1.374	0.285882	0.05	0.276351	-24.009	-25.18
SPCC4G3.02	aph1	viable	V	0.407	-0.027	0.0	0.91	7.491	17.817	16.907	5.482	0.15	0.042	-0.059142	0.129	0.351289	-14.485	-15.657
SPCC4G3.03	SPCC4G3.03	viable	V	0.201	0.034	-0.0	0.364	3.001	7.138	6.773	2.196	0.074	1.805	-0.049087	0.089	0.327723	-18.175	-19.347
SPCC4G3.04c	coq5	condition-dependent	V	1.898	0.318	4.172	4.537	7.173	11.31	6.773	6.368	0.698	9.449	0.987882	0.085	0.04575	-18.613	-19.785
SPCC4G3.05c	mus81	viable	V	4.943	0.376	2.339	3.142	8.945	18.052	14.911	7.173	1.818	19.735	0.992803	0.112	0.031066	-15.907	-17.079
SPCC4G3.08	psk1	viable	V	-0.842	0.141	8.645	9.01	11.646	15.783	6.773	10.841	-0.31	-4.462	0.320704	0.61	0.306734	1.054	-0.118
SPCC4G3.09c	gyp3	viable	V	-0.369	0.056	-0.0	0.402	3.307	7.866	7.464	2.42	-0.136	-0.017	-0.119532	0.115	0.356168	-15.656	-16.827
SPCC4G3.10c	rhp42	viable	V	-0.325	-0.021	0.0	0.926	7.62	18.126	17.2	5.576	-0.12	-1.654	0.904586	0.033	0.131916	-28.199	-29.371
SPCC4G3.11	nur1	viable	V	0.361	0.023	0.0	0.945	7.782	18.51	17.565	5.695	0.133	1.805	0.732036	0.072	0.183399	-20.275	-21.447
SPCC4G3.12c	SPCC4G3.12c	viable	V	2.295	0.384	0.458	0.822	3.459	7.596	6.773	2.654	0.844	19.653	0.804597	0.449	0.173396	-2.009	-3.181
SPCC4G3.14	mdj1	inviable	E	6.477	0.938	3.256	3.677	6.728	11.516	7.838	5.797	2.383	34.951	0.999618	0.048	0.00799	-24.293	-25.465
SPCC4G3.15c	not2	viable	V	0.886	0.148	4.923	5.287	7.924	12.061	6.773	7.119	0.326	3.791	0.960621	0.074	0.081014	-20.085	-21.257
SPCC4G3.16	rib2	inviable	E	5.892	0.987	0.931	1.296	3.932	8.069	6.773	3.127	2.167	47.776	0.961862	0.467	0.081704	-1.605	-2.777
SPCC4G3.17	hdd1	viable	V	-0.57	0.075	0.0	0.465	3.826	9.101	8.637	2.8	-0.21	-0.03	-0.653459	0.153	0.504324	-12.753	-13.924
SPCC4G3.18	rix1	inviable	E	5.955	0.783	0.101	0.565	3.923	9.191	8.626	2.898	2.191	47.717	0.987799	0.239	0.04002	-8.328	-9.5
SPCC4G3.19	alp16	viable	V	-0.112	-0.019	0.0	0.365	3.001	7.138	6.773	2.196	-0.041	-1.009	0.151099	0.129	0.341948	-14.46	-15.631
SPCC548.04	urm1	unknown	Not_determined	2.779	0.263	2.426	3.07	7.733	15.049	11.979	6.309	1.022	13.001	0.996505	0.052	0.022965	-23.66	-24.831
SPCC548.05c	dbl5	viable	V	0.055	-0.009	0.0	0.364	3.001	7.138	6.773	2.196	0.02	0.002	-0.430321	0.071	0.447453	-20.43	-21.602
SPCC548.06c	ght8	viable	V	0.258	0.043	-0.0	0.364	3.001	7.138	6.773	2.196	0.095	2.321	0.297546	0.094	0.323539	-17.594	-18.766
SPCC548.07c	ght1	viable	V	0.167	-0.011	0.0	0.915	7.536	17.925	17.01	5.515	0.061	0.017	-0.357717	0.075	0.410133	-19.95	-21.122
SPCC550.01c	coa4	viable	V	0.306	0.051	-0.0	0.364	3.001	7.138	6.773	2.196	0.113	2.755	0.505463	0.102	0.256814	-16.807	-17.979
SPCC550.02c	cwf5	inviable	E	6.101	0.646	1.771	2.347	6.52	13.066	10.719	5.246	2.244	34.417	0.99942	0.05	0.009261	-23.922	-25.094
SPCC550.03c	ski2	viable	V	1.065	0.091	3.561	4.279	9.474	17.625	13.346	7.888	0.392	3.697	0.990561	0.029	0.038069	-29.415	-30.586
SPCC550.04c	gpi2	inviable	E	6.479	0.841	-0.0	0.471	3.875	9.217	8.746	2.836	2.384	52.147	0.974811	0.369	0.055858	-3.98	-5.152
SPCC550.07	fah2	viable	V	-0.001	0.0	0.0	0.424	3.492	8.306	7.882	2.555	-0.0	-0.0	-0.752668	0.023	0.539414	-31.638	-32.81
SPCC550.08	SPCC550.08	viable	V	0.58	0.063	0.0	0.566	4.662	11.088	10.522	3.411	0.213	4.214	0.988517	0.022	0.040526	-32.294	-33.466
SPCC550.10	atd3	viable	V	0.419	0.07	-0.0	0.364	3.001	7.138	6.773	2.196	0.154	3.768	0.473482	0.12	0.247529	-15.219	-16.391
SPCC550.11	nmd5	viable	V	0.376	0.04	0.0	0.576	4.741	11.276	10.7	3.469	0.138	2.709	0.630144	0.092	0.209987	-17.908	-19.08
SPCC550.12	arp6	viable	V	0.953	0.063	0.0	0.93	7.659	18.218	17.288	5.605	0.351	4.826	0.862211	0.097	0.12105	-17.359	-18.531
SPCC550.13	dfp1	inviable	E	6.491	1.046	0.699	1.078	3.819	8.121	7.043	2.982	2.388	53.245	0.98782	0.277	0.041244	-6.826	-7.997
SPCC550.14	vgl1	viable	V	0.019	-0.003	0.0	0.364	3.001	7.138	6.773	2.196	0.007	0.001	-2.180739	0.066	0.573399	-21.19	-22.362
SPCC550.15c	rei1	viable	V	1.477	0.096	0.046	0.989	7.805	18.501	17.513	5.724	0.543	7.356	0.741632	0.221	0.166825	-9.102	-10.273
SPCC553.01c	dbl2	viable	V	3.566	0.45	4.937	5.421	8.924	14.42	8.999	7.854	1.312	12.518	0.997151	0.061	0.020915	-22.005	-23.177
SPCC553.02	qns1	inviable	E	5.671	0.861	0.575	0.977	3.887	8.454	7.477	2.999	2.086	46.008	0.99774	0.102	0.018128	-16.813	-17.984
SPCC553.03	pex1	viable	V	-0.522	0.08	0.0	0.399	3.283	7.809	7.41	2.402	-0.192	-0.024	-0.41931	0.079	0.424839	-19.381	-20.552
SPCC553.04	cyp9	viable	V	0.985	0.074	2.208	3.019	8.88	18.078	15.059	7.091	0.362	3.991	0.956395	0.058	0.073714	-22.535	-23.706
SPCC553.07c	kpa1	viable	V	0.103	-0.015	0.0	0.419	3.447	8.199	7.781	2.523	0.038	0.005	-0.814347	0.097	0.484077	-17.35	-18.521
SPCC553.08c	ria1	viable	V	6.797	0.591	-0.0	0.702	5.781	13.752	13.049	4.231	2.5	42.881	0.829725	0.833	0.138801	4.167	2.995
SPCC553.09c	spb70	inviable	E	6.261	1.049	1.21	1.574	4.211	8.348	6.773	3.406	2.303	49.076	0.999266	0.067	0.010929	-21.02	-22.192
SPCC553.10	knh3	unknown	Not_determined	-0.346	-0.058	2.148	2.513	5.149	9.286	6.773	4.344	-0.127	-2.398	0.675023	0.119	0.207536	-15.293	-16.465
SPCC553.11c	toa2	inviable	E	6.07	1.017	1.642	2.007	4.643	8.78	6.773	3.838	2.233	45.012	0.98911	0.259	0.043565	-7.516	-8.688
SPCC553.12c	SPCC553.12c	viable	V	-0.014	0.001	0.0	0.936	7.704	18.326	17.39	5.638	-0.005	-0.002	-2.941856	0.114	0.667681	-15.759	-16.931
SPCC569.05c	SPCC569.05c	viable	V	0.117	-0.02	-0.0	0.367	3.023	7.191	6.824	2.212	0.043	0.005	-0.243941	0.159	0.388946	-12.384	-13.555
SPCC569.06	SPCC569.06	viable	V	-0.013	0.001	0.0	0.672	5.536	13.168	12.495	4.051	-0.005	-0.001	-0.844657	0.024	0.556168	-31.103	-32.274
SPCC576.01c	xan1	condition-dependent	V	-0.503	0.073	0.0	0.418	3.442	8.187	7.769	2.519	-0.185	-0.024	-0.13431	0.096	0.380725	-17.48	-18.651
SPCC576.03c	tpx1	condition-dependent	E	5.4	0.905	1.177	1.541	4.178	8.315	6.773	3.373	1.987	42.501	0.999418	0.051	0.009664	-23.681	-24.853
SPCC576.04	bxi1	viable	V	-0.151	-0.01	0.0	0.945	7.782	18.51	17.565	5.695	-0.055	-0.753	0.24306	0.088	0.302125	-18.279	-19.451
SPCC576.05	sac3	inviable	E	5.502	0.698	0.933	1.414	4.897	10.362	8.948	3.834	2.024	39.075	0.998023	0.09	0.01693	-18.098	-19.27
SPCC576.06c	SPCC576.06c	inviable	E	5.087	0.777	4.574	4.973	7.864	12.4	7.427	6.981	1.872	22.121	0.996112	0.114	0.024902	-15.689	-16.861
SPCC576.07	ret3	inviable	E	5.732	0.96	-0.0	0.364	3.001	7.138	6.773	2.196	2.109	51.565	0.977876	0.319	0.054477	-5.413	-6.585
SPCC576.08c	rps2	inviable	E	7.919	1.327	0.085	0.449	3.086	7.223	6.773	2.281	2.913	70.612	0.921787	0.857	0.10826	4.453	3.281
SPCC576.10c	rpt3	inviable	E	8.166	0.941	-0.0	0.53	4.361	10.372	9.842	3.191	3.004	61.72	0.852311	1.06	0.138839	6.579	5.407
SPCC576.11	rpl15	viable	V	5.547	0.929	0.29	0.655	3.291	7.428	6.773	2.486	2.04	48.39	0.948832	0.49	0.081016	-1.137	-2.309
SPCC576.13	swc5	viable	V	0.521	0.037	1.337	2.201	8.447	18.248	16.047	6.54	0.192	2.311	0.854229	0.065	0.151191	-21.378	-22.55
SPCC576.14	dph5	viable	V	1.195	0.077	-0.0	0.945	7.782	18.51	17.565	5.695	0.44	5.973	0.93068	0.085	0.090423	-18.662	-19.834
SPCC576.15c	ksg1	inviable	E	7.382	0.778	4.417	4.997	9.188	15.765	10.768	7.908	2.716	25.385	0.999957	0.015	0.002587	-36.282	-37.453
SPCC576.17c	SPCC576.17c	viable	V	-0.141	-0.024	0.0	0.365	3.001	7.138	6.773	2.196	-0.052	-1.27	0.554364	0.051	0.260467	-23.698	-24.87
SPCC576.19c	SPCC576.19c	unknown	Not_determined	0.033	-0.002	0.0	0.818	6.734	16.017	15.199	4.928	0.012	0.003	-0.333708	0.09	0.440868	-18.086	-19.258
SPCC584.01c	met10	viable	V	0.613	0.103	-0.0	0.364	3.001	7.138	6.773	2.196	0.226	5.517	0.78061	0.102	0.16807	-16.826	-17.998
SPCC584.02	cuf2	viable	V	-0.498	0.07	-0.0	0.432	3.559	8.464	8.032	2.604	-0.183	-0.024	-0.169927	0.09	0.374283	-18.057	-19.229
SPCC584.03c	SPCC584.03c	viable	V	0.016	0.002	0.0	0.563	4.636	11.028	10.465	3.393	0.006	0.119	0.01985	0.044	0.344062	-25.227	-26.398
SPCC584.04	sup35	inviable	E	7.166	1.2	-0.0	0.364	3.001	7.138	6.773	2.196	2.636	64.464	0.83859	1.014	0.146527	6.137	4.966
SPCC584.05	sec1	inviable	E	6.427	1.077	1.029	1.393	4.03	8.167	6.773	3.225	2.364	51.511	0.984649	0.316	0.048642	-5.524	-6.696
SPCC584.11c	svf1	viable	V	3.364	0.356	-0.0	0.576	4.745	11.286	10.71	3.472	1.238	24.2	0.954877	0.238	0.072592	-8.348	-9.519
SPCC584.12	mug42	viable	V	-0.121	-0.02	-0.0	0.364	3.001	7.138	6.773	2.196	-0.044	-1.088	0.433485	0.036	0.241974	-27.362	-28.534
SPCC584.13	SPCC584.13	viable	V	0.111	-0.007	0.0	0.943	7.76	18.459	17.516	5.679	0.041	0.012	-0.108919	0.081	0.432064	-19.158	-20.33
SPCC584.14	mug160	inviable	E	6.255	1.048	0.258	0.622	3.258	7.395	6.773	2.454	2.301	54.766	0.995588	0.158	0.025711	-12.449	-13.62
SPCC584.15c	aly3	viable	V	-0.133	0.017	0.0	0.47	3.87	9.204	8.734	2.832	-0.049	-0.007	-3.127453	0.088	0.706254	-18.353	-19.524
SPCC584.16c	SPCC584.16c	viable	V	-0.123	-0.021	0.0	0.364	3.001	7.138	6.773	2.196	-0.045	-1.11	0.19927	0.046	0.328949	-24.708	-25.88
SPCC594.01	duc1	viable	V	0.343	-0.023	-0.0	0.913	7.521	17.889	16.976	5.504	0.126	0.035	-0.065027	0.101	0.347868	-16.904	-18.075
SPCC594.02c	SPCC594.02c	viable	V	2.127	0.356	-0.0	0.364	3.001	7.138	6.773	2.196	0.783	19.135	0.93556	0.203	0.098145	-9.933	-11.104
SPCC594.03	SPCC594.03	unknown	Not_determined	0.125	-0.008	0.0	0.943	7.765	18.47	17.527	5.682	0.046	0.013	-0.30409	0.027	0.400605	-30.03	-31.202
SPCC594.04c	SPCC594.04c	viable	V	6.028	0.447	1.469	2.292	8.246	17.588	15.296	6.428	2.218	27.267	0.983725	0.215	0.046613	-9.381	-10.552
SPCC594.05c	spf1	viable	V	1.334	0.092	0.986	1.87	8.272	18.317	16.447	6.318	0.491	6.122	0.985243	0.044	0.042947	-25.241	-26.412
SPCC594.06c	vsl1	viable	V	1.401	0.091	0.039	0.982	7.801	18.502	17.52	5.72	0.515	6.98	0.960832	0.075	0.068515	-19.899	-21.071
SPCC5E4.03c	taf5	inviable	E	6.334	1.013	2.93	3.311	6.072	10.403	7.092	5.229	2.33	38.134	0.998973	0.081	0.013209	-19.135	-20.307
SPCC5E4.04	cut1	inviable	E	6.47	0.921	1.832	2.26	5.363	10.231	7.971	4.416	2.38	43.24	0.99933	0.064	0.010451	-21.477	-22.648
SPCC5E4.06	smc6	inviable	E	6.23	0.88	1.503	1.935	5.06	9.964	8.03	4.106	2.292	43.427	0.997484	0.12	0.019607	-15.231	-16.402
SPCC5E4.07	rpl2802	viable	V	4.586	0.768	-0.0	0.364	3.001	7.138	6.773	2.196	1.687	41.251	0.899619	0.555	0.10639	0.111	-1.061
SPCC5E4.10c	SPCC5E4.10c	viable	V	-0.25	0.039	-0.0	0.388	3.195	7.601	7.213	2.338	-0.092	-0.011	-0.409448	0.131	0.410228	-14.336	-15.508
SPCC61.01c	str2	unknown	E	0.398	0.059	3.113	3.528	6.532	11.246	7.718	5.615	0.146	2.221	0.866528	0.071	0.132571	-20.405	-21.577
SPCC61.02	spt3	viable	V	4.71	0.471	5.472	6.083	10.503	17.439	11.356	9.154	1.733	12.03	0.974109	0.19	0.058447	-10.622	-11.794
SPCC61.03	nnr2	viable	V	0.006	-0.001	0.0	0.613	5.051	12.014	11.401	3.696	0.002	0.0	-0.609106	0.078	0.460808	-19.467	-20.639
SPCC61.04c	SPCC61.04c	inviable	E	6.621	1.109	0.15	0.514	3.151	7.288	6.773	2.346	2.436	58.637	0.992283	0.22	0.033234	-9.13	-10.302
SPCC61.05	SPCC61.05	viable	V	0.175	0.029	0.0	0.364	3.001	7.138	6.773	2.196	0.065	1.579	0.369622	0.055	0.30638	-22.922	-24.094
SPCC613.01	SPCC613.01	viable	V	0.26	0.044	0.549	0.913	3.55	7.687	6.773	2.745	0.096	2.202	0.432879	0.137	0.296993	-13.906	-15.077
SPCC613.02	SPCC613.02	viable	V	0.677	0.044	0.0	0.945	7.782	18.51	17.565	5.695	0.249	3.384	0.93916	0.048	0.085001	-24.378	-25.55
SPCC613.04c	rng3	inviable	E	5.995	0.959	2.445	2.826	5.587	9.919	7.092	4.744	2.205	38.89	0.999903	0.023	0.004074	-31.508	-32.68
SPCC613.05c	rpl35	inviable	E	6.567	1.1	0.039	0.404	3.04	7.177	6.773	2.235	2.416	58.836	0.953309	0.548	0.081617	-0.018	-1.19
SPCC613.07	bcd1	viable	V	4.164	0.416	4.56	5.172	9.594	16.534	11.362	8.244	1.532	13.283	0.987589	0.129	0.042558	-14.513	-15.685
SPCC613.08	SPCC613.08	viable	V	7.334	0.557	2.304	3.109	8.928	18.059	14.95	7.151	2.698	29.399	0.989835	0.197	0.036317	-10.246	-11.418
SPCC613.09	sen54	inviable	E	6.201	0.767	0.162	0.655	4.225	9.826	9.171	3.135	2.281	47.808	0.990801	0.213	0.035165	-9.476	-10.648
SPCC613.10	qcr2	viable	V	1.097	0.184	4.367	4.732	7.368	11.505	6.773	6.563	0.403	5.258	0.947223	0.097	0.102441	-17.361	-18.533
SPCC613.11c	meu23	viable	V	2.307	0.386	0.249	0.613	3.25	7.387	6.773	2.445	0.849	20.213	0.968097	0.161	0.07292	-12.29	-13.462
SPCC613.12c	raf1	viable	V	1.509	0.242	6.369	6.749	9.497	13.81	7.062	8.658	0.555	4.394	0.998992	0.016	0.012764	-35.332	-36.503
SPCC622.02	SPCC622.02	viable	Not_determined	0.771	0.129	8.318	8.682	11.319	15.456	6.773	10.514	0.284	1.165	0.98519	0.025	0.045001	-30.791	-31.963
SPCC622.03c	SPCC622.03c	unknown	Not_determined	-0.126	-0.021	-0.0	0.364	3.001	7.138	6.773	2.196	-0.046	-1.13	0.564521	0.037	0.222097	-26.884	-28.056
SPCC622.04	SPCC622.04	unknown	Not_determined	0.014	0.001	0.0	0.651	5.364	12.759	12.108	3.925	0.005	0.093	-0.105181	0.032	0.374518	-28.472	-29.644
SPCC622.06c	SPCC622.06c	unknown	Not_determined	-0.093	-0.006	0.0	0.945	7.782	18.51	17.565	5.695	-0.034	-0.467	0.173303	0.09	0.313781	-18.108	-19.28
SPCC622.07	SPCC622.07	unknown	Not_determined	-0.127	-0.021	-0.0	0.364	3.001	7.138	6.773	2.196	-0.047	-1.14	-0.041639	0.064	0.366409	-21.527	-22.699
SPCC622.10c	sec5	inviable	E	5.904	0.989	1.829	2.193	4.83	8.966	6.773	4.025	2.172	42.711	0.983278	0.313	0.053727	-5.627	-6.799
SPCC622.11	lmb1	viable	V	-0.417	0.066	0.0	0.386	3.177	7.556	7.17	2.325	-0.153	-0.018	-1.02836	0.131	0.572259	-14.322	-15.494
SPCC622.12c	gdh1	viable	V	-0.596	0.097	-0.0	0.376	3.098	7.37	6.993	2.267	-0.219	-0.025	-0.332514	0.142	0.451168	-13.543	-14.714
SPCC622.13c	tti1	inviable	E	5.995	0.98	1.721	2.095	4.796	9.036	6.941	3.972	2.205	43.52	0.998335	0.097	0.016336	-17.281	-18.453
SPCC622.14	SPCC622.14	viable	V	-0.174	-0.029	-0.0	0.364	3.001	7.138	6.773	2.196	-0.064	-1.564	-0.174532	0.12	0.409266	-15.176	-16.347
SPCC622.15c	SPCC622.15c	viable	V	0.33	0.055	-0.0	0.364	3.001	7.138	6.773	2.196	0.121	2.971	0.715227	0.07	0.179296	-20.629	-21.801
SPCC622.16c	epe1	viable	V	0.309	0.042	0.0	0.449	3.695	8.79	8.341	2.704	0.114	2.542	0.884978	0.039	0.119668	-26.531	-27.703
SPCC622.17	apn1	viable	V	-0.228	-0.038	-0.0	0.364	3.001	7.138	6.773	2.196	-0.084	-2.054	-0.060326	0.164	0.43918	-12.063	-13.235
SPCC63.02c	aah3	viable	V	-0.115	0.007	0.0	0.941	7.748	18.43	17.489	5.67	-0.042	-0.012	-0.081307	0.223	0.380999	-9.028	-10.2
SPCC63.03	mib1	viable	V	0.202	-0.013	0.0	0.929	7.652	18.201	17.271	5.6	0.074	0.021	-0.046059	0.132	0.38655	-14.234	-15.406
SPCC63.04	mok14	viable	V	-0.19	-0.032	-0.0	0.364	3.001	7.138	6.773	2.196	-0.07	-1.709	0.293897	0.061	0.307009	-21.953	-23.125
SPCC63.05	tap42	inviable	E	5.542	0.928	0.951	1.315	3.952	8.089	6.773	3.147	2.039	44.833	0.991521	0.202	0.036263	-10.019	-11.191
SPCC63.06	wdr89	viable	V	0.77	0.129	3.618	3.982	6.618	10.755	6.773	5.814	0.283	4.239	0.984743	0.04	0.052983	-26.281	-27.453
SPCC63.07	thg1	inviable	E	6.701	0.822	0.326	0.824	4.425	10.076	9.252	3.326	2.465	50.43	0.992987	0.201	0.030782	-10.027	-11.199
SPCC63.08c	atg1	viable	V	0.356	0.06	0.0	0.364	3.001	7.138	6.773	2.196	0.131	3.201	0.938901	0.035	0.100701	-27.426	-28.597
SPCC63.10c	sec59	inviable	E	5.07	0.68	3.229	3.684	6.975	12.14	8.457	5.97	1.865	26.244	0.999712	0.032	0.006857	-28.557	-29.729
SPCC63.11	prp28	inviable	E	6.044	1.012	0.332	0.696	3.333	7.47	6.773	2.528	2.223	52.49	0.986566	0.269	0.044224	-7.117	-8.288
SPCC63.12c	pup3	inviable	E	6.167	0.994	1.016	1.395	4.136	8.437	7.042	3.299	2.269	48.706	0.997409	0.122	0.019736	-15.011	-16.183
SPCC63.13	SPCC63.13	viable	V	-0.019	-0.003	-0.0	0.381	3.141	7.471	7.089	2.298	-0.007	-0.171	0.012287	0.082	0.326299	-18.983	-20.154
SPCC63.14	eis1	viable	V	-0.037	0.003	0.0	0.774	6.371	15.154	14.38	4.662	-0.014	-0.003	-1.144397	0.091	0.550954	-17.979	-19.151
SPCC645.03c	isa1	inviable	E	5.52	0.925	1.608	1.972	4.609	8.746	6.773	3.804	2.031	41.124	0.99136	0.209	0.040303	-9.659	-10.831
SPCC645.04	nse3	inviable	E	-0.096	0.006	0.0	0.936	7.703	18.323	17.387	5.637	-0.035	-0.01	-0.149626	0.123	0.388896	-14.965	-16.136
SPCC645.05c	myo2	inviable	E	7.568	0.746	3.175	3.794	8.274	15.304	11.51	6.907	2.784	31.873	0.99894	0.076	0.012672	-19.736	-20.908
SPCC645.06c	rgf3	inviable	E	5.735	0.88	0.224	0.622	3.5	8.016	7.393	2.621	2.11	48.647	0.992756	0.183	0.03218	-11.005	-12.177
SPCC645.07	rgf1	viable	V	6.565	0.468	1.22	2.078	8.279	18.009	15.932	6.386	2.415	29.855	0.995112	0.124	0.025324	-14.896	-16.068
SPCC645.08c	snd1	viable	V	0.431	-0.028	0.0	0.938	7.721	18.366	17.428	5.651	0.159	0.046	-0.038955	0.105	0.328257	-16.503	-17.674
SPCC645.09	mrpl37	inviable	E	7.434	1.245	8.43	8.794	11.431	15.568	6.773	10.626	2.735	10.689	0.994236	0.146	0.02834	-13.227	-14.399
SPCC645.10	cca2	inviable	E	6.156	1.031	0.131	0.496	3.132	7.269	6.773	2.327	2.265	54.625	0.994458	0.173	0.028622	-11.54	-12.712
SPCC645.11c	mug117	viable	V	-0.148	-0.025	-0.0	0.364	3.001	7.138	6.773	2.196	-0.054	-1.327	0.019739	0.066	0.335253	-21.124	-22.295
SPCC645.12c	SPCC645.12c	viable	V	-0.417	-0.07	-0.0	0.364	3.001	7.138	6.773	2.196	-0.154	-3.755	-0.017716	0.221	0.384272	-9.081	-10.252
SPCC645.13	bye1	viable	V	-0.063	0.005	0.0	0.798	6.568	15.624	14.826	4.807	-0.023	-0.006	-0.448837	0.094	0.525689	-17.634	-18.806
SPCC645.14c	sti1	viable	V	-0.352	0.052	0.0	0.411	3.388	8.058	7.647	2.479	-0.13	-0.016	-0.305934	0.097	0.404884	-17.313	-18.484
SPCC663.01c	ekc1	viable	V	5.112	0.702	1.581	2.026	5.24	10.283	8.257	4.258	1.881	34.74	0.986677	0.223	0.047463	-8.994	-10.166
SPCC663.03	pmd1	viable	V	-0.64	-0.107	1.454	1.818	4.455	8.592	6.773	3.65	-0.236	-4.866	0.318689	0.367	0.29828	-4.035	-5.207
SPCC663.05c	asf1	inviable	E	6.87	0.731	2.887	3.46	7.61	14.121	10.661	6.343	2.528	32.31	0.999299	0.06	0.010385	-22.144	-23.315
SPCC663.06c	osr1	viable	V	0.364	0.061	-0.0	0.364	3.001	7.138	6.773	2.196	0.134	3.271	0.39563	0.171	0.280533	-11.654	-12.825
SPCC663.08c	SPCC663.08c	viable	V	0.126	-0.02	0.0	0.381	3.134	7.455	7.074	2.294	0.046	0.005	-0.153576	0.133	0.381977	-14.179	-15.351
SPCC663.09c	SPCC663.09c	viable	V	-0.476	0.062	0.0	0.47	3.867	9.198	8.728	2.83	-0.175	-0.025	-0.160708	0.051	0.367085	-23.683	-24.854
SPCC663.10	trm44	viable	V	0.131	-0.008	-0.0	0.945	7.782	18.51	17.565	5.695	0.048	0.014	0.01483	0.029	0.329488	-29.406	-30.578
SPCC663.11	saf1	viable	V	0.82	0.137	5.17	5.534	8.17	12.307	6.773	7.365	0.302	3.327	0.82572	0.139	0.173452	-13.7	-14.872
SPCC663.12	cid12	viable	V	-0.402	0.05	0.0	0.494	4.064	9.668	9.174	2.974	-0.148	-0.022	-1.233744	0.056	0.518208	-22.83	-24.002
SPCC663.13c	naa50	viable	V	0.132	-0.021	0.0	0.385	3.166	7.531	7.147	2.317	0.049	0.006	-0.344153	0.231	0.426619	-8.644	-9.815
SPCC663.14c	trp663	viable	V	0.358	0.06	-0.0	0.364	3.001	7.138	6.773	2.196	0.132	3.224	0.341197	0.107	0.303303	-16.315	-17.486
SPCC663.15c	SPCC663.15c	viable	V	0.306	0.051	-0.0	0.364	3.001	7.138	6.773	2.196	0.113	2.752	0.281465	0.099	0.304905	-17.148	-18.319
SPCC663.17	wtf15	unknown	Not_determined	0.163	-0.011	0.0	0.938	7.725	18.374	17.436	5.653	0.06	0.017	-0.014474	0.055	0.343321	-23.017	-24.188
SPCC70.03c	put1	viable	V	0.115	-0.013	0.0	0.56	4.612	10.971	10.41	3.375	0.042	0.007	-0.058496	0.06	0.339958	-22.105	-23.277
SPCC70.04c	SPCC70.04c	viable	V	-0.159	-0.027	-0.0	0.364	3.001	7.138	6.773	2.196	-0.058	-1.429	0.250386	0.07	0.315949	-20.618	-21.789
SPCC70.05c	nnk1	inviable	E	5.124	0.858	0.684	1.049	3.685	7.822	6.773	2.88	1.885	42.773	0.984747	0.248	0.047658	-7.941	-9.113
SPCC70.06	sac32	viable	V	-0.008	0.001	0.0	0.842	6.933	16.49	15.648	5.073	-0.003	-0.001	-0.754842	0.124	0.490052	-14.837	-16.008
SPCC70.07c	tmp1	inviable	E	6.04	0.642	1.009	1.584	5.74	12.263	10.68	4.471	2.222	38.195	0.997808	0.097	0.017586	-17.292	-18.464
SPCC70.08c	SPCC70.08c	viable	V	0.988	-0.064	0.0	0.945	7.782	18.51	17.564	5.695	0.364	0.105	-1.280853	0.14	0.51629	-13.63	-14.802
SPCC70.09c	gsr2	viable	V	0.268	-0.018	0.0	0.912	7.509	17.861	16.949	5.495	0.098	0.028	-0.039643	0.048	0.339095	-24.334	-25.506
SPCC736.02	SPCC736.02	viable	V	1.082	0.127	0.262	0.783	4.55	10.46	9.677	3.4	0.398	8.007	0.994881	0.028	0.027243	-29.831	-31.003
SPCC736.03c	msf1	inviable	E	7.057	0.623	4.149	4.841	9.845	17.698	12.857	8.317	2.596	22.309	0.996769	0.106	0.021575	-16.466	-17.638
SPCC736.04c	gma12	viable	V	-0.528	0.035	0.0	0.928	7.643	18.179	17.251	5.593	-0.194	-0.055	0.019855	0.169	0.339628	-11.751	-12.922
SPCC736.05	wtf7	viable	Not_determined	-0.004	0.001	0.0	0.364	3.001	7.138	6.773	2.196	-0.001	-0.0	-0.618894	0.174	0.455222	-11.467	-12.639
SPCC736.06	dar2	viable	V	2.34	0.224	5.049	5.686	10.293	17.522	11.836	8.886	0.861	6.429	0.943063	0.156	0.084095	-12.558	-13.729
SPCC736.07c	uri1	viable	V	6.193	0.724	1.808	2.33	6.109	12.038	9.707	4.955	2.278	37.067	0.997365	0.114	0.019882	-15.707	-16.878
SPCC736.08	cbf11	condition-dependent	V	5.709	0.407	0.847	1.704	7.901	17.626	15.922	6.009	2.1	27.485	0.9646	0.3	0.067033	-6.043	-7.214
SPCC736.09c	tfx1	viable	V	0.551	0.092	-0.0	0.364	3.001	7.138	6.773	2.196	0.203	4.958	-0.007377	0.38	0.413471	-3.676	-4.848
SPCC736.11	ago1	viable	V	-0.046	0.003	0.0	0.942	7.76	18.457	17.514	5.678	-0.017	-0.005	-0.827736	0.061	0.511918	-21.982	-23.154
SPCC736.12c	mmi1	inviable	E	5.531	0.927	3.431	3.796	6.432	10.569	6.773	5.627	2.035	31.423	0.999239	0.06	0.011504	-22.087	-23.259
SPCC736.14	dis1	condition-dependent	V	2.058	0.139	0.66	1.565	8.11	18.381	16.816	6.112	0.757	9.73	0.90553	0.173	0.101809	-11.529	-12.7
SPCC736.15	pil1	viable	V	-0.012	0.002	0.0	0.364	2.997	7.129	6.765	2.193	-0.004	-0.0	-0.71811	0.084	0.533997	-18.789	-19.96
SPCC737.02c	qcr7	viable	V	-0.122	0.008	0.0	0.93	7.658	18.214	17.284	5.604	-0.045	-0.013	-0.415779	0.125	0.405172	-14.779	-15.95
SPCC737.03c	ima1	viable	V	0.04	-0.007	0.0	0.364	3.001	7.138	6.774	2.196	0.015	0.002	-0.504634	0.122	0.486264	-15.073	-16.245
SPCC737.04	SPCC737.04	viable	Not_determined	-0.352	0.05	0.0	0.434	3.574	8.5	8.066	2.615	-0.13	-0.017	-1.554443	0.084	0.522395	-18.757	-19.928
SPCC737.05	SPCC737.05	viable	V	-0.489	0.082	-0.0	0.364	3.001	7.138	6.773	2.196	-0.18	-0.02	-0.759548	0.315	0.516812	-5.544	-6.715
SPCC737.06c	gcs2	viable	V	0.758	0.049	-0.0	0.945	7.782	18.51	17.565	5.695	0.279	3.786	0.810356	0.081	0.140944	-19.093	-20.265
SPCC737.07c	SPCC737.07c	viable	V	0.193	-0.013	0.0	0.936	7.706	18.329	17.393	5.639	0.071	0.02	0.00293	0.068	0.351597	-20.852	-22.023
SPCC737.08	mdn1	inviable	E	6.636	1.112	0.023	0.388	3.024	7.161	6.773	2.219	2.441	59.547	0.984229	0.313	0.045455	-5.602	-6.774
SPCC737.09c	hmt1	viable	V	0.109	0.018	0.0	0.364	3.001	7.138	6.773	2.196	0.04	0.979	-0.083716	0.092	0.40613	-17.883	-19.055
SPCC74.01	sly1	inviable	E	5.943	0.996	-0.0	0.364	3.001	7.138	6.773	2.196	2.186	53.462	0.983635	0.28	0.048103	-6.74	-7.911
SPCC74.02c	ppn1	viable	V	0.89	0.126	7.235	7.667	10.787	15.684	8.017	9.835	0.327	1.786	0.978058	0.039	0.055801	-26.527	-27.699
SPCC74.03c	ssp2	viable	V	1.8	0.119	0.394	1.315	7.978	18.433	17.118	5.944	0.662	8.708	0.977106	0.072	0.054579	-20.267	-21.439
SPCC74.04	SPCC74.04	viable	V	-0.192	-0.032	0.0	0.364	3.001	7.138	6.773	2.196	-0.071	-1.725	0.819099	0.029	0.145815	-29.249	-30.421
SPCC74.06	mak3	viable	V	0.658	0.081	7.345	7.842	11.435	17.072	9.23	10.338	0.242	1.13	0.950027	0.037	0.082731	-27.041	-28.213
SPCC74.09	mug24	viable	V	0.446	-0.029	0.0	0.925	7.613	18.107	17.183	5.571	0.164	0.047	-0.00898	0.237	0.344201	-8.405	-9.577
SPCC757.02c	SPCC757.02c	viable	V	-0.154	-0.026	-0.0	0.364	3.001	7.138	6.773	2.196	-0.057	-1.388	-0.188053	0.112	0.399642	-15.937	-17.109
SPCC757.03c	hsp3101	viable	V	0.302	0.051	0.0	0.364	3.001	7.138	6.773	2.196	0.111	2.714	0.396524	0.118	0.254965	-15.367	-16.538
SPCC757.04	SPCC757.04	viable	V	-0.024	-0.003	0.0	0.57	4.693	11.163	10.593	3.434	-0.009	-0.176	0.265803	0.021	0.284004	-32.761	-33.932
SPCC757.05c	SPCC757.05c	viable	V	-0.395	0.055	-0.0	0.435	3.579	8.514	8.079	2.619	-0.145	-0.019	-0.865964	0.098	0.521836	-17.217	-18.389
SPCC757.07c	ctt1	viable	V	-0.04	0.003	0.0	0.933	7.684	18.277	17.344	5.623	-0.015	-0.004	-0.921702	0.119	0.527551	-15.312	-16.483
SPCC757.08	rrp45	inviable	E	8.21	0.807	0.138	0.759	5.25	12.298	11.538	3.879	3.02	55.384	0.986819	0.313	0.040998	-5.628	-6.8
SPCC757.10	vph2	inviable	E	5.033	0.594	5.843	6.36	10.103	15.976	9.615	8.96	1.851	13.348	0.998292	0.058	0.016045	-22.396	-23.567
SPCC757.11c	SPCC757.11c	viable	V	-0.053	-0.006	0.0	0.517	4.259	10.13	9.613	3.117	-0.019	-0.405	-0.033532	0.041	0.397708	-25.951	-27.122
SPCC757.12	aah1	viable	V	0.163	0.027	0.0	0.364	3.001	7.138	6.773	2.196	0.06	1.465	0.391615	0.061	0.293797	-21.951	-23.123
SPCC757.13	SPCC757.13	viable	V	-0.004	-0.0	0.0	0.945	7.782	18.51	17.565	5.695	-0.002	-0.022	-0.000106	0.017	0.362064	-34.525	-35.697
SPCC777.02	SPCC777.02	viable	V	0.188	0.031	0.0	0.364	3.001	7.138	6.773	2.196	0.069	1.691	0.837158	0.03	0.144631	-28.942	-30.114
SPCC777.03c	SPCC777.03c	viable	V	0.806	-0.054	0.0	0.918	7.554	17.969	17.051	5.528	0.296	0.083	0.032409	0.124	0.333208	-14.879	-16.05
SPCC777.04	dip5	viable	V	0.001	-0.0	0.0	0.365	3.002	7.14	6.775	2.197	0.0	0.0	-0.93217	0.185	0.526803	-10.851	-12.022
SPCC777.05	gtr2	condition-dependent	E	5.895	0.988	0.51	0.875	3.511	7.648	6.773	2.706	2.169	50.198	0.989069	0.239	0.041467	-8.297	-9.468
SPCC777.06c	SPCC777.06c	viable	V	0.171	-0.011	0.0	0.94	7.737	18.403	17.463	5.662	0.063	0.018	0.015757	0.055	0.341833	-22.998	-24.17
SPCC777.07	omh3	viable	V	8.172	0.929	6.647	7.184	11.069	17.166	9.982	9.883	3.006	16.604	0.999768	0.031	0.005908	-28.786	-29.958
SPCC777.08c	bit61	viable	V	0.611	0.044	0.0	0.854	7.029	16.719	15.865	5.144	0.225	3.323	0.974991	0.03	0.059477	-29.193	-30.365
SPCC777.09c	arg1	viable	V	0.01	-0.002	0.0	0.364	3.001	7.138	6.774	2.196	0.004	0.0	-2.802538	0.105	0.692719	-16.576	-17.748
SPCC777.10c	ubc12	condition-dependent	E	6.934	0.57	3.308	4.051	9.427	17.863	13.811	7.786	2.551	24.611	0.996577	0.109	0.02182	-16.175	-17.346
SPCC777.11	gta3	inviable	E	5.749	0.671	6.908	7.432	11.217	17.158	9.726	10.062	2.115	10.973	0.99455	0.102	0.028017	-16.83	-18.001
SPCC777.12c	SPCC777.12c	viable	V	-0.459	0.056	0.0	0.5	4.116	9.791	9.291	3.012	-0.169	-0.026	-0.045161	0.156	0.364791	-12.594	-13.766
SPCC777.13	vps35	viable	V	-0.07	0.005	0.0	0.924	7.61	18.102	17.178	5.569	-0.026	-0.007	-0.861858	0.117	0.532511	-15.488	-16.66
SPCC777.14	prp4	inviable	E	5.005	0.838	1.564	1.928	4.564	8.701	6.773	3.76	1.841	37.499	0.975156	0.322	0.061809	-5.333	-6.505
SPCC777.17c	SPCC777.17c	viable	V	-0.385	-0.064	-0.0	0.364	3.001	7.138	6.773	2.196	-0.141	-3.46	0.15363	0.172	0.329889	-11.591	-12.763
SPCC790.02	pep3	condition-dependent	E	5.252	0.63	5.118	5.627	9.31	15.09	9.463	8.186	1.932	16.996	0.999853	0.02	0.004783	-33.305	-34.477
SPCC790.03	rbd2	condition-dependent	V	-0.148	-0.025	0.0	0.364	3.001	7.138	6.773	2.196	-0.054	-1.331	0.71698	0.039	0.207132	-26.404	-27.576
SPCC794.01c	gcd1	viable	V	-0.102	0.007	0.0	0.945	7.782	18.51	17.565	5.695	-0.038	-0.011	-0.250919	0.103	0.376488	-16.715	-17.887
SPCC794.02	wtf5	viable	V	-0.466	0.072	-0.0	0.396	3.257	7.748	7.352	2.384	-0.171	-0.021	-0.043088	0.162	0.333624	-12.193	-13.365
SPCC794.03	SPCC794.03	viable	V	-0.002	0.0	0.0	0.364	3.001	7.138	6.773	2.196	-0.001	-0.0	-3.345704	0.083	0.705064	-18.865	-20.037
SPCC794.04c	SPCC794.04c	viable	V	0.169	-0.011	0.0	0.944	7.774	18.491	17.547	5.689	0.062	0.018	-0.083499	0.058	0.341066	-22.418	-23.589
SPCC794.07	lat1	viable	V	5.549	0.438	2.805	3.578	9.177	17.961	14.383	7.468	2.041	20.979	0.993898	0.116	0.028653	-15.506	-16.678
SPCC794.08	efr3	viable	V	1.451	0.213	-0.0	0.417	3.431	8.161	7.744	2.511	0.534	12.365	0.863076	0.205	0.126169	-9.852	-11.024
SPCC794.09c	tef101	viable	V	0.844	0.141	-0.0	0.364	3.001	7.138	6.773	2.196	0.31	7.591	0.784526	0.155	0.160404	-12.636	-13.808
SPCC794.10	ugp1	viable	V	-0.19	0.024	-0.0	0.486	4.005	9.526	9.039	2.931	-0.07	-0.01	-0.534603	0.055	0.4452	-23.048	-24.22
SPCC794.11c	ent3	viable	V	0.696	0.117	-0.0	0.364	3.001	7.138	6.773	2.196	0.256	6.257	0.909812	0.078	0.102629	-19.524	-20.696
SPCC794.12c	mae2	viable	V	-0.076	0.005	0.0	0.945	7.78	18.505	17.56	5.693	-0.028	-0.008	-0.798558	0.096	0.526188	-17.404	-18.575
SPCC794.16	SPCC794.16	unknown	Not_determined	-1.0	0.065	0.0	0.945	7.782	18.51	17.565	5.695	-0.368	-0.107	-0.059801	0.222	0.373272	-9.046	-10.218
SPCC825.01	SPCC825.01	viable	V	7.34	0.811	0.842	1.395	5.393	11.667	10.272	4.172	2.7	48.671	0.997583	0.126	0.018627	-14.729	-15.9
SPCC825.02	gbs1	condition-dependent	V	-0.076	0.005	0.0	0.939	7.731	18.389	17.45	5.658	-0.028	-0.008	-0.330964	0.082	0.408399	-18.95	-20.122
SPCC825.03c	psy1	inviable	E	6.576	1.102	0.36	0.725	3.361	7.498	6.773	2.556	2.419	56.938	0.978706	0.372	0.055783	-3.897	-5.069
SPCC825.04c	naa40	viable	V	-0.156	-0.026	-0.0	0.364	3.001	7.138	6.773	2.196	-0.058	-1.407	0.051774	0.083	0.373717	-18.893	-20.065
SPCC825.05c	pwi1	viable	V	-0.008	0.001	0.0	0.364	3.001	7.138	6.773	2.196	-0.003	-0.0	-0.340305	0.133	0.383196	-14.176	-15.348
SPCC830.03	grc3	inviable	E	6.185	0.797	1.022	1.496	4.922	10.299	8.803	3.876	2.275	43.808	0.998753	0.081	0.013545	-19.177	-20.348
SPCC830.04c	mug128	viable	V	-0.227	0.015	0.0	0.924	7.61	18.101	17.177	5.569	-0.083	-0.024	-0.130918	0.089	0.385335	-18.19	-19.361
SPCC830.05c	epl1	inviable	E	5.76	0.965	1.027	1.391	4.028	8.165	6.773	3.223	2.119	46.171	0.984481	0.285	0.04845	-6.54	-7.711
SPCC830.06	cnb1	viable	V	0.438	0.073	-0.0	0.364	3.001	7.138	6.773	2.196	0.161	3.936	0.566252	0.127	0.246038	-14.6	-15.772
SPCC830.07c	psi1	viable	V	0.164	-0.011	0.0	0.945	7.782	18.51	17.565	5.695	0.06	0.017	0.01469	0.038	0.328103	-26.686	-27.858
SPCC830.08c	yop1	viable	V	-0.202	0.013	0.0	0.937	7.712	18.344	17.407	5.644	-0.074	-0.021	-0.772359	0.261	0.471415	-7.444	-8.616
SPCC830.09c	pop5	inviable	E	7.119	0.737	0.561	1.151	5.415	12.107	10.956	4.113	2.619	47.049	0.972348	0.409	0.059916	-2.938	-4.109
SPCC830.10	ham1	viable	V	-0.015	0.002	-0.0	0.364	3.0	7.136	6.771	2.195	-0.005	-0.001	-0.12583	0.202	0.391121	-9.985	-11.156
SPCC830.11c	fap7	inviable	E	5.8	0.702	0.167	0.671	4.318	10.039	9.368	3.205	2.134	44.177	0.988583	0.221	0.038666	-9.097	-10.269
SPCC895.04c	ufe1	inviable	E	6.477	1.085	-0.0	0.364	3.001	7.138	6.773	2.196	2.383	58.269	0.988632	0.257	0.03988	-7.604	-8.776
SPCC895.05	for3	condition-dependent	V	6.318	0.548	1.981	2.685	7.779	15.771	13.086	6.224	2.324	29.791	0.993978	0.149	0.029249	-13.009	-14.181
SPCC895.06	elp2	viable	V	4.658	0.48	0.933	1.526	5.813	12.54	11.015	4.504	1.713	29.172	0.996325	0.096	0.023007	-17.472	-18.643
SPCC895.07	alp14	viable	V	2.008	0.146	1.705	2.546	8.63	18.176	15.63	6.773	0.739	8.587	0.968821	0.095	0.062213	-17.532	-18.704
SPCC895.09c	ucp12	viable	V	0.216	-0.015	0.0	0.893	7.352	17.486	16.593	5.38	0.08	0.022	-0.160516	0.158	0.38656	-12.421	-13.592
SPCC962.01	tcb1	viable	V	0.179	-0.012	0.0	0.928	7.638	18.168	17.24	5.589	0.066	0.019	0.016293	0.049	0.338182	-24.221	-25.393
SPCC962.02c	bir1	inviable	E	6.065	0.927	1.21	1.61	4.5	9.037	7.427	3.618	2.231	45.654	0.999634	0.045	0.007622	-25.044	-26.216
SPCC962.03c	cut15	inviable	E	6.732	0.741	0.805	1.359	5.369	11.661	10.302	4.145	2.477	44.785	0.989366	0.242	0.039916	-8.193	-9.364
SPCC962.04	rps1201	viable	V	2.533	0.209	-0.0	0.741	6.102	14.514	13.773	4.465	0.932	15.366	0.623518	0.463	0.220782	-1.696	-2.868
SPCC962.05	ast1	viable	V	0.016	-0.003	0.0	0.364	3.001	7.138	6.773	2.196	0.006	0.001	-0.790415	0.088	0.549665	-18.248	-19.42
SPCC962.06c	bpb1	inviable	E	6.263	0.836	0.738	1.196	4.504	9.695	8.5	3.494	2.304	46.863	0.993341	0.19	0.030564	-10.597	-11.768
SPCC965.03	vma8	inviable	E	5.391	0.408	2.272	3.078	8.912	18.065	14.987	7.131	1.983	21.689	0.977712	0.219	0.053904	-9.181	-10.353
SPCC965.04c	yme1	viable	V	0.311	0.027	-0.0	0.694	5.713	13.59	12.896	4.181	0.114	1.98	0.492257	0.07	0.228761	-20.658	-21.83
SPCC965.05c	thp1	viable	V	2.568	0.43	9.511	9.875	12.512	16.648	6.773	11.707	0.945	2.096	0.972801	0.084	0.060543	-18.737	-19.908
SPCC965.06	osr2	viable	V	-0.074	0.01	0.0	0.473	3.893	9.261	8.788	2.849	-0.027	-0.004	-1.212493	0.017	0.582788	-34.465	-35.637
SPCC965.08c	alr1	viable	V	0.022	-0.002	0.0	0.873	7.185	17.09	16.217	5.258	0.008	0.002	-0.186884	0.041	0.37277	-25.941	-27.112
SPCC965.09	SPCC965.09	viable	V	-0.504	0.069	-0.0	0.445	3.662	8.71	8.265	2.68	-0.186	-0.025	-0.03965	0.102	0.356844	-16.787	-17.959
SPCC965.10	SPCC965.10	viable	V	1.499	0.251	9.511	9.875	12.512	16.648	6.773	11.707	0.552	1.223	0.970427	0.051	0.065453	-23.775	-24.946
SPCC965.11c	agp3	viable	V	0.426	-0.028	0.0	0.924	7.607	18.093	17.17	5.567	0.157	0.044	-0.015723	0.076	0.321301	-19.751	-20.922
SPCC965.12	dpe2	viable	V	0.157	-0.01	0.0	0.938	7.724	18.373	17.435	5.653	0.058	0.017	-0.154442	0.041	0.355941	-26.045	-27.217
SPCC965.13	SPCC965.13	viable	V	0.231	0.039	0.0	0.365	3.001	7.138	6.773	2.196	0.085	2.078	0.921798	0.027	0.115088	-30.145	-31.317
SPCC970.01	rad16	viable	V	0.713	0.076	4.748	5.323	9.482	16.009	10.686	8.212	0.262	2.289	0.957826	0.049	0.075315	-24.23	-25.402
SPCC970.02	dcw1	viable	V	-0.039	0.003	0.0	0.922	7.588	18.049	17.127	5.553	-0.014	-0.004	-0.936008	0.123	0.533868	-14.973	-16.145
SPCC970.04c	mob2	inviable	E	5.666	0.719	0.776	1.258	4.74	10.204	8.947	3.677	2.084	41.063	0.998354	0.084	0.015451	-18.767	-19.938
SPCC970.05	rpl3601	viable	V	6.503	0.488	-0.0	0.813	6.696	15.928	15.114	4.9	2.392	36.738	0.96848	0.328	0.060874	-5.135	-6.307
SPCC970.06	erv29	viable	V	1.111	0.084	2.301	3.105	8.922	18.05	14.945	7.146	0.409	4.458	0.973553	0.05	0.063732	-23.875	-25.047
SPCC970.07c	raf2	viable	V	1.549	0.26	5.44	5.805	8.441	12.578	6.773	7.636	0.57	5.905	0.993179	0.049	0.032591	-24.202	-25.374
SPCC970.08	kcs1	inviable	E	6.799	0.667	0.779	1.401	5.9	12.961	11.559	4.527	2.501	42.111	0.996636	0.131	0.021574	-14.351	-15.522
SPCC970.09	sec8	inviable	E	6.499	0.927	0.799	1.228	4.324	9.184	7.956	3.379	2.391	49.868	0.995679	0.162	0.024917	-12.232	-13.403
SPCC970.10c	brl2	viable	V	3.66	0.264	0.71	1.556	7.677	17.282	15.726	5.808	1.346	18.159	0.982177	0.135	0.048785	-14.011	-15.183
SPCC970.11c	wtf9	viable	Not_determined	-0.42	0.028	0.0	0.925	7.618	18.12	17.195	5.575	-0.155	-0.044	0.001361	0.22	0.364772	-9.143	-10.315
SPCC970.12	mis18	inviable	E	6.862	0.811	6.594	7.111	10.849	16.714	9.603	9.708	2.524	14.638	0.999566	0.037	0.008046	-26.886	-28.057
SPCP1E11.02	ppk38	viable	V	0.014	-0.002	0.0	0.505	4.159	9.893	9.388	3.044	0.005	0.001	-1.025788	0.163	0.530091	-12.124	-13.295
SPCP1E11.03	mug170	viable	V	0.106	-0.007	0.0	0.945	7.778	18.5	17.556	5.692	0.039	0.011	-0.000179	0.07	0.34848	-20.586	-21.758
SPCP1E11.04c	pal1	viable	V	-0.022	0.004	0.0	0.384	3.161	7.519	7.135	2.313	-0.008	-0.001	-0.015419	0.099	0.351224	-17.122	-18.293
SPCP1E11.05c	are2	viable	V	3.653	0.539	7.654	8.068	11.06	15.754	7.686	10.146	1.344	6.518	0.999811	0.013	0.005315	-37.237	-38.408
SPCP1E11.06	apl4	viable	V	2.568	0.191	0.27	1.09	7.017	16.318	15.229	5.207	0.945	13.912	0.982229	0.098	0.04802	-17.217	-18.389
SPCP1E11.07c	cwf18	viable	V	0.894	0.069	2.563	3.352	9.057	18.008	14.657	7.315	0.329	3.477	0.839804	0.112	0.14306	-15.853	-17.025
SPCP1E11.08	nsa2	inviable	E	7.554	1.265	-0.0	0.364	3.001	7.138	6.773	2.196	2.779	67.948	0.927816	0.721	0.099458	2.726	1.554
SPCP1E11.09c	rpp103	viable	V	2.864	0.238	-0.0	0.735	6.049	14.387	13.653	4.426	1.054	17.487	0.895527	0.273	0.112336	-6.992	-8.164
SPCP1E11.10	dhm1	viable	V	3.747	0.457	0.823	1.323	4.942	10.619	9.296	3.837	1.378	26.425	0.998493	0.053	0.014787	-23.442	-24.614
SPCP1E11.11	puf6	viable	V	0.868	0.083	0.04	0.68	5.31	12.576	11.896	3.897	0.319	5.806	0.727803	0.175	0.184847	-11.427	-12.599
SPCP20C8.04	new22	unknown	Not_determined	0.17	-0.011	0.001	0.946	7.782	18.51	17.564	5.695	0.062	0.018	-0.00139	0.065	0.371858	-21.265	-22.437
SPCP25A2.02c	rhp26	viable	V	0.157	0.01	-0.0	0.945	7.782	18.51	17.565	5.695	0.058	0.783	-0.225565	0.11	0.40528	-16.088	-17.26
SPCP25A2.03	tho1	inviable	E	5.92	0.992	1.886	2.25	4.887	9.024	6.773	4.082	2.178	42.495	0.999736	0.039	0.00673	-26.537	-27.709
SPCP31B10.02	SPCP31B10.02	viable	V	-0.617	0.04	0.0	0.945	7.782	18.51	17.565	5.695	-0.227	-0.066	-3.340203	0.31	0.770084	-5.726	-6.897
SPCP31B10.03c	med31	viable	V	3.089	0.235	2.319	3.123	8.935	18.056	14.933	7.161	1.136	12.361	0.961568	0.161	0.068558	-12.244	-13.416
SPCP31B10.05	tdp1	viable	V	0.199	0.033	-0.0	0.364	3.001	7.138	6.773	2.196	0.073	1.792	0.866878	0.027	0.123247	-30.032	-31.203
SPCP31B10.06	tcb2	viable	V	0.557	-0.036	-0.0	0.945	7.782	18.51	17.565	5.695	0.205	0.059	-0.272214	0.083	0.390097	-18.878	-20.05
SPCP31B10.07	eft202	viable	V	3.868	0.643	0.453	0.82	3.477	7.647	6.827	2.666	1.423	33.048	0.978629	0.218	0.053311	-9.211	-10.383
SPCPB16A4.02c	opy1	viable	V	0.318	0.053	-0.0	0.364	3.001	7.138	6.773	2.196	0.117	2.86	0.021789	0.755	0.377683	3.184	2.013
SPCPB16A4.03c	ade10	viable	V	0.459	0.077	-0.0	0.364	3.001	7.138	6.773	2.196	0.169	4.133	0.089971	0.314	0.388391	-5.589	-6.761
SPCPB16A4.06c	SPCPB16A4.06c	viable	V	0.748	0.125	-0.0	0.364	3.001	7.138	6.773	2.196	0.275	6.728	0.482776	0.225	0.234914	-8.935	-10.107
SPCPB1C11.01	amt1	viable	V	0.029	-0.002	0.0	0.854	7.029	16.719	15.865	5.144	0.011	0.003	-0.056845	0.042	0.39905	-25.725	-26.896
SPCPB1C11.02	SPCPB1C11.02	viable	V	-0.015	0.002	0.0	0.364	2.999	7.133	6.769	2.195	-0.005	-0.001	-0.548114	0.057	0.429644	-22.622	-23.794
SPCPB1C11.03	SPCPB1C11.03	viable	V	0.218	-0.015	0.0	0.87	7.161	17.032	16.163	5.24	0.08	0.021	-0.063535	0.104	0.342932	-16.61	-17.781
SPCPJ732.01	vps5	viable	V	0.631	0.106	0.0	0.364	3.001	7.138	6.773	2.196	0.232	5.68	0.922169	0.067	0.098978	-21.059	-22.231
SPCPJ732.02c	xks1	viable	V	-0.302	0.05	0.0	0.368	3.03	7.207	6.839	2.217	-0.111	-0.013	-2.060604	0.048	0.643158	-24.316	-25.488
SPCPJ732.03	meu15	viable	V	-0.024	0.004	-0.0	0.364	3.001	7.138	6.773	2.196	-0.009	-0.001	-0.634382	0.097	0.474538	-17.302	-18.473
SPMIT.01	cox1	unknown	Not_determined	0.051	-0.008	-0.0	0.396	3.258	7.749	7.353	2.384	0.019	0.002	-0.773308	0.223	0.582818	-8.996	-10.168
SPMIT.04	cox3	unknown	Not_determined	-0.305	-0.051	1.508	1.872	4.509	8.646	6.773	3.704	-0.112	-2.302	0.192084	0.32	0.394656	-5.405	-6.576
SPMIT.05	cob1	unknown	Not_determined	-1.0	-0.123	0.49	0.988	4.593	10.25	9.262	3.493	-0.368	-7.372	0.603221	0.333	0.226073	-5.003	-6.174
SPMIT.07	atp6	unknown	Not_determined	-0.815	-0.137	0.76	1.125	3.761	7.898	6.773	2.956	-0.3	-6.746	0.220039	0.627	0.385806	1.337	0.165
SPMTR.02	mat2-Pi	unknown	Not_determined	1.061	0.178	-0.0	0.364	3.001	7.138	6.773	2.196	0.39	9.544	0.162646	0.479	0.364175	-1.355	-2.527
