Systematic ID	Name	FYPOviability	DeletionLibrary_essentiality	YES0	YES1	YES2	YES3	YES4
SPAC1002.02	pom34	viable	V	0.007	0.001	0.0	0.0	0.0
SPAC1002.03c	gls2	viable	V	0.017	0.058	0.135	0.198	0.231
SPAC1002.04c	taf11	inviable	E	0.056	0.47	2.186	4.686	6.5
SPAC1002.05c	jmj2	viable	V	0.007	0.001	0.0	0.0	0.0
SPAC1002.06c	bqt2	viable	V	-0.006	-0.038	-0.078	-0.093	-0.096
SPAC1002.07c	SPAC1002.07c	viable	V	-0.016	-0.0	-0.0	-0.0	-0.0
SPAC1002.08c	mtf1	inviable	E	0.0	0.02	0.762	2.921	4.452
SPAC1002.09c	dld1	inviable	E	0.0	0.058	1.009	3.126	4.581
SPAC1002.10c	sgt1	inviable	E	0.242	2.03	4.774	5.847	6.087
SPAC1002.11	gaa1	inviable	E	0.187	1.312	3.776	5.447	6.069
SPAC1002.12c	ssd1	viable	V	-0.004	-0.001	-0.0	-0.0	-0.0
SPAC1002.13c	psu1	inviable	E	0.0	0.147	2.455	4.789	5.467
SPAC1002.14	itt1	viable	V	0.046	0.011	0.0	0.0	0.0
SPAC1002.15c	med6	viable	V	0.0	0.006	0.175	0.792	1.413
SPAC1002.16c	tna1	inviable	E	-0.002	-0.008	-0.017	-0.022	-0.024
SPAC1002.17c	urg2	viable	V	-0.021	-0.005	-0.0	-0.0	-0.0
SPAC1002.18	urg3	viable	V	0.002	0.0	0.0	0.0	0.0
SPAC1002.19	urg1	viable	V	-0.007	-0.0	-0.0	-0.0	-0.0
SPAC1002.20	SPAC1002.20	viable	V	-0.0	-0.0	-0.0	-0.0	-0.0
SPAC1006.01	psp3	viable	V	0.048	0.286	0.586	0.694	0.718
SPAC1006.03c	red1	viable	V	0.003	0.027	0.158	0.388	0.578
SPAC1006.04c	mcp3	viable	V	0.012	0.003	0.0	0.0	0.0
SPAC1006.05c	och1	viable	V	0.077	1.313	4.101	5.373	5.669
SPAC1006.06	rgf2	viable	V	-0.02	-0.119	-0.244	-0.289	-0.299
SPAC1006.07	tif1	inviable	E	0.363	2.166	4.441	5.265	5.446
SPAC1006.08	etd1	condition-dependent	E	0.072	1.385	4.539	6.015	6.36
SPAC1006.09	win1	viable	V	0.027	0.069	0.15	0.239	0.306
SPAC1039.01	SPAC1039.01	viable	V	-0.03	-0.001	-0.0	-0.0	-0.0
SPAC1039.02	efn2	viable	V	-0.026	-0.0	-0.0	-0.0	-0.0
SPAC1039.03	SPAC1039.03	viable	V	0.01	0.062	0.127	0.15	0.156
SPAC1039.04	SPAC1039.04	viable	V	-0.004	-0.012	-0.027	-0.042	-0.05
SPAC1039.05c	klf1	viable	V	-0.021	-0.0	-0.0	-0.0	-0.0
SPAC1039.06	SPAC1039.06	viable	V	-0.002	-0.011	-0.023	-0.027	-0.028
SPAC1039.07c	SPAC1039.07c	viable	V	-0.029	-0.001	-0.0	-0.0	-0.0
SPAC1039.08	SPAC1039.08	viable	V	0.018	0.003	0.0	0.0	0.0
SPAC1039.09	isp5	viable	V	-0.015	-0.091	-0.187	-0.222	-0.23
SPAC1039.10	mmf2	viable	V	-0.028	-0.001	-0.0	-0.0	-0.0
SPAC1039.11c	gto1	viable	V	-0.066	-0.016	-0.001	-0.0	-0.0
SPAC105.01c	kha1	viable	V	-0.001	-0.0	-0.0	-0.0	-0.0
SPAC105.03c	dal81	viable	V	-0.0	-0.0	-0.0	-0.0	-0.0
SPAC1071.01c	pta1	inviable	E	0.296	1.578	3.91	5.35	5.866
SPAC1071.02	mms19	viable	V	0.091	0.581	1.736	2.642	3.032
SPAC1071.03c	sil1	viable	V	0.0	0.0	0.0	0.068	0.891
SPAC1071.04c	spc2	viable	V	0.0	0.0	0.033	0.403	0.659
SPAC1071.05	hpm1	viable	V	0.025	0.152	0.311	0.369	0.381
SPAC1071.06	arp9	viable	V	0.041	0.123	0.28	0.431	0.522
SPAC1071.09c	djc9	viable	V	0.035	0.108	0.274	0.471	0.62
SPAC1071.10c	pma1	inviable	E	0.352	2.374	5.109	6.129	6.354
SPAC1071.12c	stp1	viable	V	-0.004	-0.026	-0.052	-0.062	-0.064
SPAC1071.13	SPAC1071.13	unknown	Not_determined	-0.001	-0.0	-0.0	-0.0	-0.0
SPAC1093.01	ppr5	viable	V	0.0	0.052	0.348	0.547	0.599
SPAC1093.02	pdx3	viable	V	0.034	0.202	0.415	0.492	0.509
SPAC1093.03	fig4	viable	V	0.004	0.01	0.022	0.036	0.046
SPAC1093.04c	cca1	inviable	E	0.159	1.742	4.556	5.724	5.989
SPAC1093.05	hca4	inviable	E	0.346	2.2	4.624	5.515	5.712
SPAC1093.06c	dhc1	viable	V	0.0	0.002	0.192	0.552	0.681
SPAC10F6.01c	sir1	viable	V	0.107	0.298	0.702	1.164	1.51
SPAC10F6.02c	prp22	inviable	E	0.158	1.752	4.603	5.789	6.058
SPAC10F6.03c	cts1	inviable	E	0.455	2.715	5.566	6.6	6.827
SPAC10F6.04	ats1	viable	V	0.097	0.258	0.587	0.958	1.236
SPAC10F6.05c	ubc6	viable	V	0.007	0.042	0.085	0.101	0.105
SPAC10F6.06	vip1	viable	V	0.035	0.208	0.427	0.506	0.523
SPAC10F6.08c	nht1	viable	V	0.0	0.0	0.067	0.452	0.842
SPAC10F6.09c	psm3	condition-dependent	E	0.097	1.09	3.591	5.176	5.692
SPAC10F6.10	rio1	inviable	E	0.221	2.036	4.99	6.18	6.449
SPAC10F6.12c	mam4	viable	V	0.016	0.004	0.0	0.0	0.0
SPAC10F6.13c	caa1	viable	V	0.136	0.698	2.229	3.907	4.938
SPAC10F6.14c	SPAC10F6.14c	viable	V	0.004	0.0	0.0	0.0	0.0
SPAC10F6.15	SPAC10F6.15	viable	V	-0.008	-0.047	-0.096	-0.113	-0.117
SPAC10F6.16	igo1	viable	V	-0.035	-0.001	-0.0	-0.0	-0.0
SPAC10F6.17c	ptc5	viable	V	-0.018	-0.0	-0.0	-0.0	-0.0
SPAC110.01	ppk1	viable	V	0.006	0.0	0.0	0.0	0.0
SPAC110.02	pds5	viable	V	0.023	0.057	0.124	0.199	0.254
SPAC110.03	cdc42	inviable	E	0.422	2.519	5.166	6.125	6.336
SPAC110.04c	pss1	condition-dependent	E	0.305	2.07	4.753	5.909	6.198
SPAC110.06	SPAC110.06	viable	Not_determined	-0.013	-0.057	-0.128	-0.17	-0.185
SPAC1142.01	rqc1	viable	V	0.03	0.18	0.369	0.437	0.452
SPAC1142.02c	sgt2	viable	V	0.0	0.0	0.0	0.0	0.0
SPAC1142.03c	swi2	viable	V	0.048	0.012	0.0	0.0	0.0
SPAC1142.04	noc201	inviable	E	0.221	2.094	5.172	6.41	6.689
SPAC1142.05	ctr5	viable	V	0.039	0.26	1.109	2.399	3.424
SPAC1142.06	get3	viable	V	-0.003	-0.008	-0.017	-0.027	-0.033
SPAC1142.07c	vps32	viable	V	0.252	0.777	1.898	3.113	3.949
SPAC1142.08	fhl1	viable	V	0.057	0.49	1.417	1.968	2.144
SPAC1142.09	SPAC1142.09	unknown	Not_determined	-0.026	-0.0	-0.0	-0.0	-0.0
SPAC11D3.02c	SPAC11D3.02c	viable	V	-0.001	-0.004	-0.009	-0.011	-0.011
SPAC11D3.03c	SPAC11D3.03c	viable	V	0.0	0.0	0.0	0.0	0.0
SPAC11D3.04c	SPAC11D3.04c	viable	V	0.011	0.003	0.0	0.0	0.0
SPAC11D3.05	mfs2	viable	V	0.002	0.004	0.01	0.015	0.019
SPAC11D3.06	SPAC11D3.06	viable	V	0.0	0.0	0.0	0.063	0.828
SPAC11D3.07c	toe4	viable	V	0.001	0.008	0.016	0.019	0.02
SPAC11D3.08c	SPAC11D3.08c	viable	V	0.01	0.061	0.124	0.147	0.152
SPAC11D3.09	agm1	viable	V	0.015	0.083	0.174	0.209	0.218
SPAC11D3.10	SPAC11D3.10	viable	V	-0.026	-0.001	-0.0	-0.0	-0.0
SPAC11D3.11c	SPAC11D3.11c	unknown	Not_determined	0.063	0.015	0.001	0.0	0.0
SPAC11D3.13	hsp3104	viable	V	0.005	0.0	0.0	0.0	0.0
SPAC11D3.14c	oxp2	viable	V	-0.001	-0.005	-0.01	-0.012	-0.013
SPAC11D3.15	oxp1	viable	V	-0.002	-0.006	-0.014	-0.022	-0.028
SPAC11D3.16c	SPAC11D3.16c	viable	V	-0.004	-0.001	-0.0	-0.0	-0.0
SPAC11D3.17	SPAC11D3.17	viable	V	-0.025	-0.001	-0.0	-0.0	-0.0
SPAC11D3.18c	SPAC11D3.18c	viable	V	-0.001	-0.0	-0.0	-0.0	-0.0
SPAC11D3.19	SPAC11D3.19	viable	Not_determined	-0.013	-0.0	-0.0	-0.0	-0.0
SPAC11D3.20	SPAC11D3.20	unknown	Not_determined	0.003	0.0	0.0	0.0	0.0
SPAC11E3.01c	swr1	viable	V	0.046	0.274	0.561	0.665	0.688
SPAC11E3.02c	ync13	condition-dependent	E	0.001	0.056	0.764	2.158	3.072
SPAC11E3.03	csm1	viable	V	0.0	0.001	0.212	1.432	2.425
SPAC11E3.04c	ubc13	viable	V	0.028	0.069	0.151	0.242	0.309
SPAC11E3.05	sea3	viable	V	0.081	0.755	2.576	3.972	4.524
SPAC11E3.06	map1	viable	V	0.004	0.025	0.051	0.06	0.062
SPAC11E3.07	vma4	inviable	E	0.146	0.534	1.526	2.771	3.718
SPAC11E3.08c	nse6	viable	V	0.0	0.001	0.268	1.478	2.351
SPAC11E3.09	pyp3	viable	V	0.0	0.0	0.0	0.188	1.607
SPAC11E3.10	SPAC11E3.10	viable	V	0.005	0.001	0.0	0.0	0.0
SPAC11E3.11c	syt22	viable	V	0.021	0.106	0.233	0.296	0.315
SPAC11E3.12	SPAC11E3.12	viable	V	-0.007	-0.043	-0.087	-0.103	-0.107
SPAC11E3.13c	gas5	viable	V	0.028	0.167	0.342	0.405	0.419
SPAC11E3.14	SPAC11E3.14	viable	V	0.019	0.005	0.0	0.0	0.0
SPAC11G7.01	mtl2	viable	V	0.06	0.357	0.733	0.869	0.899
SPAC11G7.02	pub1	viable	V	0.228	1.482	3.395	4.24	4.458
SPAC11G7.03	idh1	viable	V	0.107	0.35	0.926	1.622	2.149
SPAC11G7.05c	mct1	viable	V	0.126	0.316	0.689	1.102	1.409
SPAC11G7.06c	mug132	viable	V	-0.024	-0.0	-0.0	-0.0	-0.0
SPAC11H11.01	sst6	viable	V	0.025	0.062	0.136	0.217	0.278
SPAC11H11.02c	mug162	viable	V	-0.012	-0.072	-0.148	-0.176	-0.182
SPAC11H11.03c	SPAC11H11.03c	viable	V	-0.008	-0.02	-0.045	-0.071	-0.091
SPAC11H11.04	mam2	viable	V	0.0	0.0	0.0	0.092	1.204
SPAC11H11.05c	fta6	viable	V	-0.024	-0.0	-0.0	-0.0	-0.0
SPAC11H11.06	arp2	inviable	E	0.386	2.304	4.725	5.602	5.795
SPAC1250.01	snf21	inviable	E	0.131	0.736	2.528	4.611	5.935
SPAC1250.02	mug95	viable	V	-0.013	-0.076	-0.155	-0.184	-0.19
SPAC1250.03	ubc14	viable	V	-0.007	-0.04	-0.085	-0.105	-0.11
SPAC1250.05	rpl3002	viable	V	0.002	0.067	0.27	0.376	0.402
SPAC1296.01c	SPAC1296.01c	viable	V	0.051	0.307	0.629	0.746	0.772
SPAC1296.02	cox4	viable	V	0.045	0.197	0.587	1.02	1.298
SPAC1296.03c	sxa2	viable	V	-0.02	-0.0	-0.0	-0.0	-0.0
SPAC1296.04	mug65	viable	V	-0.042	-0.0	-0.0	-0.0	-0.0
SPAC1296.05c	lcp1	viable	V	-0.012	-0.0	-0.0	-0.0	-0.0
SPAC1296.06	tah18	viable	V	0.085	0.74	2.812	4.846	5.861
SPAC12B10.01c	hul6	viable	V	0.0	0.0	0.0	0.338	1.919
SPAC12B10.02c	sdg1	condition-dependent	E	-0.002	-0.0	-0.0	-0.0	-0.0
SPAC12B10.03	bun62	viable	V	-0.006	-0.035	-0.072	-0.085	-0.088
SPAC12B10.04	pby1	viable	V	-0.008	-0.002	-0.0	-0.0	-0.0
SPAC12B10.05	icp55	viable	V	0.011	0.003	0.0	0.0	0.0
SPAC12B10.06c	sdh5	viable	V	0.014	0.0	0.0	0.0	0.0
SPAC12B10.07	acp1	viable	V	0.01	0.0	0.0	0.0	0.0
SPAC12B10.08c	til1	inviable	E	0.0	0.0	0.07	0.86	1.967
SPAC12B10.09	pet801	viable	V	0.003	0.007	0.015	0.023	0.03
SPAC12B10.10	nod1	viable	V	0.034	0.084	0.183	0.293	0.375
SPAC12B10.11	exg2	viable	V	0.034	0.008	0.0	0.0	0.0
SPAC12B10.12c	rhp41	viable	V	0.053	0.132	0.289	0.462	0.59
SPAC12B10.14c	tea5	viable	V	0.01	0.002	0.0	0.0	0.0
SPAC12B10.15c	rnh203	viable	V	-0.04	-0.101	-0.221	-0.354	-0.452
SPAC12B10.16c	mug157	viable	V	0.015	0.003	0.0	0.0	0.0
SPAC12G12.01c	sea4	viable	V	0.013	0.052	0.119	0.164	0.182
SPAC12G12.02	efg1	inviable	E	0.243	1.88	4.28	5.202	5.408
SPAC12G12.03	cip2	viable	V	0.01	0.049	0.162	0.299	0.394
SPAC12G12.04	mcp60	inviable	E	0.041	1.141	4.343	5.963	6.35
SPAC12G12.06c	rcl1	inviable	E	0.213	1.952	4.753	5.871	6.122
SPAC12G12.07c	cpn1	viable	V	0.051	0.155	0.388	0.662	0.868
SPAC12G12.09	eti1	viable	V	-0.0	-0.0	-0.0	-0.0	-0.0
SPAC12G12.10	wdr21	viable	V	0.01	0.124	0.334	0.422	0.443
SPAC12G12.11c	miy1	viable	V	0.013	0.076	0.155	0.184	0.191
SPAC12G12.12	gms2	viable	V	0.021	0.054	0.117	0.187	0.239
SPAC12G12.13c	cid14	viable	V	0.019	0.703	3.283	4.885	5.324
SPAC12G12.14c	pfs2	inviable	E	0.049	0.779	3.173	4.955	5.585
SPAC12G12.15	sif3	viable	V	0.024	0.143	0.293	0.347	0.359
SPAC12G12.16c	SPAC12G12.16c	viable	V	-0.003	-0.001	-0.0	-0.0	-0.0
SPAC12G12.17	nce101	unknown	Not_determined	-0.007	-0.002	-0.0	-0.0	-0.0
SPAC1327.01c	SPAC1327.01c	viable	V	-0.018	-0.0	-0.0	-0.0	-0.0
SPAC139.01c	mkt1	viable	V	0.005	0.0	0.0	0.0	0.0
SPAC139.02c	oac1	viable	V	-0.001	-0.005	-0.012	-0.018	-0.02
SPAC139.03	toe2	viable	V	0.009	0.002	0.0	0.0	0.0
SPAC139.04c	fap2	viable	V	-0.042	-0.0	-0.0	-0.0	-0.0
SPAC139.05	ssd2	viable	V	0.003	0.007	0.016	0.026	0.033
SPAC139.06	hat1	viable	V	0.003	0.054	0.196	0.285	0.312
SPAC1399.01c	SPAC1399.01c	viable	V	-0.03	-0.001	-0.0	-0.0	-0.0
SPAC1399.02	SPAC1399.02	viable	V	0.011	0.063	0.129	0.153	0.159
SPAC1399.03	fur4	viable	V	-0.016	-0.0	-0.0	-0.0	-0.0
SPAC1399.04c	uck2	viable	V	-0.027	-0.0	-0.0	-0.0	-0.0
SPAC1399.05c	toe1	viable	V	-0.001	-0.0	-0.0	-0.0	-0.0
SPAC13A11.01c	rga8	viable	V	-0.023	-0.0	-0.0	-0.0	-0.0
SPAC13A11.02c	erg11	inviable	E	0.402	2.399	4.919	5.832	6.033
SPAC13A11.03	mcp7	viable	V	-0.002	-0.0	-0.0	-0.0	-0.0
SPAC13A11.04c	ubp8	viable	V	0.0	0.0	0.151	0.628	0.832
SPAC13A11.05	ysp2	viable	V	-0.001	-0.0	-0.0	-0.0	-0.0
SPAC13A11.06	pdc202	viable	V	0.014	0.085	0.174	0.207	0.214
SPAC13C5.01c	pre9	viable	V	0.384	2.378	4.946	5.885	6.091
SPAC13C5.02	dre4	viable	V	0.001	0.033	0.539	1.977	3.323
SPAC13C5.03	tht1	viable	V	-0.025	-0.001	-0.0	-0.0	-0.0
SPAC13C5.04	SPAC13C5.04	viable	V	0.005	0.027	0.055	0.065	0.068
SPAC13C5.05c	SPAC13C5.05c	viable	V	0.007	0.42	2.837	4.872	5.544
SPAC13C5.07	mre11	viable	V	0.007	0.117	0.895	2.453	3.78
SPAC13D1.01c	Tf2-7	unknown	Not_determined	-0.04	-0.238	-0.488	-0.579	-0.599
SPAC13D6.01	pof14	viable	V	-0.017	-0.0	-0.0	-0.0	-0.0
SPAC13D6.03c	trm9	viable	V	0.019	0.324	1.011	1.323	1.396
SPAC13D6.04c	btb3	viable	V	-0.018	-0.107	-0.22	-0.261	-0.27
SPAC13D6.05	alp11	inviable	E	0.043	0.513	2.409	4.541	5.676
SPAC13F5.01c	msh1	viable	V	-0.036	-0.002	-0.0	-0.0	-0.0
SPAC13F5.02c	taf7	inviable	E	0.03	0.47	2.446	4.678	5.818
SPAC13F5.03c	gld1	viable	V	0.053	0.013	0.0	0.0	0.0
SPAC13F5.05	mpd1	viable	V	-0.004	-0.001	-0.0	-0.0	-0.0
SPAC13F5.06c	sec10	inviable	E	0.109	1.18	3.825	5.493	6.036
SPAC13F5.07c	hpz2	viable	V	-0.009	-0.054	-0.111	-0.131	-0.136
SPAC13G6.01c	rad8	viable	V	0.002	0.0	0.0	0.0	0.0
SPAC13G6.02c	rps101	viable	V	0.16	0.668	1.529	2.087	2.306
SPAC13G6.03	gpi7	viable	V	-0.014	-0.0	-0.0	-0.0	-0.0
SPAC13G6.05c	trs33	inviable	E	0.002	0.381	3.089	5.077	5.603
SPAC13G6.06c	gcv2	viable	V	-0.009	-0.053	-0.109	-0.129	-0.134
SPAC13G6.07c	rps601	viable	V	0.244	0.871	2.017	2.92	3.36
SPAC13G6.08	fzr2	viable	V	-0.011	-0.068	-0.139	-0.165	-0.171
SPAC13G6.09	tsr402	viable	V	0.2	0.907	2.523	4.02	4.826
SPAC13G6.10c	asl1	viable	V	0.076	0.191	0.417	0.666	0.852
SPAC13G6.11c	erg12	inviable	E	0.207	1.746	4.391	5.584	5.885
SPAC13G6.12c	chs1	viable	V	0.006	0.001	0.0	0.0	0.0
SPAC13G6.13	SPAC13G6.13	viable	V	-0.022	-0.0	-0.0	-0.0	-0.0
SPAC13G6.14	aps1	viable	V	0.02	0.122	0.251	0.297	0.307
SPAC13G7.01c	erg7	inviable	E	0.182	1.518	4.292	5.891	6.392
SPAC13G7.02c	ssa1	viable	V	-0.008	-0.002	-0.0	-0.0	-0.0
SPAC13G7.04c	mac1	viable	V	-0.01	-0.045	-0.101	-0.134	-0.146
SPAC13G7.05	are1	viable	V	-0.004	-0.027	-0.055	-0.065	-0.067
SPAC13G7.06	met16	viable	V	0.044	0.264	0.542	0.643	0.665
SPAC13G7.07	arb2	viable	V	-0.032	-0.0	-0.0	-0.0	-0.0
SPAC13G7.08c	crb3	inviable	E	0.342	1.484	3.763	5.566	6.411
SPAC13G7.09c	SPAC13G7.09c	viable	V	0.011	0.068	0.14	0.166	0.172
SPAC13G7.10	teb1	inviable	E	0.122	1.618	4.574	5.853	6.147
SPAC13G7.11	mba1	viable	V	-0.001	-0.0	-0.0	-0.0	-0.0
SPAC13G7.12c	eki1	viable	V	0.034	0.203	0.417	0.494	0.511
SPAC13G7.13c	msa1	viable	V	0.013	0.003	0.0	0.0	0.0
SPAC140.01	sdh2	viable	V	0.02	0.004	0.0	0.0	0.0
SPAC140.03	arb1	viable	V	-0.001	-0.004	-0.009	-0.01	-0.011
SPAC140.04	ctr1	viable	V	0.024	0.059	0.129	0.206	0.264
SPAC1420.01c	mks1	viable	V	0.003	0.0	0.0	0.0	0.0
SPAC1420.02c	cct5	inviable	E	0.283	2.254	5.187	6.321	6.574
SPAC144.01	SPAC144.01	viable	V	0.016	0.096	0.198	0.235	0.243
SPAC144.02	iec1	viable	V	0.044	0.229	0.497	0.621	0.656
SPAC144.03	ade2	viable	V	0.002	0.0	0.0	0.0	0.0
SPAC144.04c	spe1	viable	V	0.082	0.31	0.716	1.014	1.148
SPAC144.05	irc20	viable	V	-0.002	-0.001	-0.0	-0.0	-0.0
SPAC144.06	apl5	viable	V	0.032	0.115	0.325	0.587	0.786
SPAC144.07c	gpn2	inviable	E	0.194	1.434	3.816	5.14	5.55
SPAC144.08	jac1	condition-dependent	E	0.0	0.035	0.799	3.301	5.731
SPAC144.09c	sfc2	inviable	E	0.067	0.571	2.453	4.799	6.261
SPAC144.10c	gwt1	inviable	E	0.075	0.986	3.633	5.487	6.129
SPAC144.11	rps1102	viable	V	0.018	0.419	1.487	2.008	2.131
SPAC144.12	rki1	inviable	E	0.307	1.559	4.073	5.898	6.663
SPAC144.13c	srw1	viable	V	0.197	1.174	2.408	2.855	2.953
SPAC144.14	klp8	viable	V	-0.0	-0.0	-0.0	-0.0	-0.0
SPAC144.15c	cog1	inviable	E	0.183	1.64	4.25	5.454	5.762
SPAC144.16	cia2	inviable	E	0.276	2.254	5.244	6.407	6.667
SPAC144.17c	SPAC144.17c	viable	V	-0.004	-0.001	-0.0	-0.0	-0.0
SPAC144.18	vrg4	inviable	E	0.0	0.036	0.683	2.633	4.49
SPAC144.19	prl46	viable	Not_determined	0.0	0.0	0.0	0.0	0.0
SPAC1486.01	sod2	viable	V	0.011	0.067	0.137	0.162	0.168
SPAC1486.02c	dsc2	viable	V	0.327	1.239	2.862	4.053	4.588
SPAC1486.03c	ntr1	inviable	E	0.271	1.904	4.438	5.539	5.816
SPAC1486.04c	alm1	viable	V	0.009	0.119	0.785	2.036	3.084
SPAC1486.05	nup189	inviable	E	0.412	2.458	5.041	5.977	6.182
SPAC1486.06	npt1	inviable	E	0.438	2.617	5.366	6.363	6.582
SPAC1486.07c	mrpl19	inviable	E	0.001	0.036	0.636	2.317	3.824
SPAC1486.08	cox16	viable	V	0.0	0.0	0.004	0.383	1.359
SPAC1486.09	nob1	inviable	E	0.487	1.96	4.504	6.234	6.95
SPAC1486.10	thi1	viable	V	0.0	0.005	0.202	0.48	0.569
SPAC1486.11	fmc1	viable	Not_determined	0.0	0.003	0.107	0.322	0.428
SPAC14C4.01c	atg43	viable	V	-0.042	-0.003	-0.0	-0.0	-0.0
SPAC14C4.02c	smc5	inviable	E	0.02	0.394	2.31	4.592	5.768
SPAC14C4.03	mek1	viable	V	-0.008	-0.047	-0.096	-0.114	-0.118
SPAC14C4.04	SPAC14C4.04	viable	V	-0.002	-0.012	-0.024	-0.029	-0.03
SPAC14C4.05c	man1	viable	V	0.014	0.081	0.165	0.196	0.203
SPAC14C4.06c	nab2	viable	V	0.02	0.138	0.607	1.332	1.911
SPAC14C4.07	SPAC14C4.07	viable	V	-0.008	-0.05	-0.103	-0.122	-0.126
SPAC14C4.08	mug5	viable	V	-0.048	-0.0	-0.0	-0.0	-0.0
SPAC14C4.09	agn1	viable	V	-0.006	-0.0	-0.0	-0.0	-0.0
SPAC14C4.10c	SPAC14C4.10c	viable	V	-0.001	-0.006	-0.013	-0.016	-0.016
SPAC14C4.11	vtc2	viable	V	0.088	0.22	0.48	0.768	0.982
SPAC14C4.12c	laf1	viable	V	0.024	0.141	0.289	0.343	0.355
SPAC14C4.13	rad17	viable	V	0.024	0.106	0.337	0.636	0.862
SPAC14C4.14	atp1	viable	V	0.094	0.325	0.821	1.325	1.64
SPAC14C4.15c	dpp1	viable	V	-0.01	-0.061	-0.125	-0.148	-0.153
SPAC14C4.16	dad3	viable	V	0.025	0.119	0.402	0.789	1.088
SPAC1527.01	mok11	viable	V	0.004	0.019	0.044	0.059	0.065
SPAC1527.02	sft2	viable	V	0.029	0.146	0.514	1.024	1.42
SPAC1527.03	slr1	viable	V	-0.017	-0.086	-0.188	-0.238	-0.253
SPAC1556.01c	rad50	viable	V	0.054	0.339	1.398	2.985	4.24
SPAC1556.02c	sdh1	viable	V	0.045	0.011	0.0	0.0	0.0
SPAC1556.03	azr1	viable	V	0.02	0.231	0.623	0.788	0.825
SPAC1556.04c	cdd1	viable	V	0.001	0.0	0.0	0.0	0.0
SPAC1556.05c	cgr1	viable	V	0.215	1.108	2.875	4.12	4.626
SPAC1556.06	meu1	viable	V	-0.001	-0.0	-0.0	-0.0	-0.0
SPAC1556.07	pmm1	inviable	E	0.386	2.66	5.78	6.949	7.207
SPAC1556.08c	cbs2	viable	V	0.064	0.381	0.781	0.926	0.958
SPAC1565.01	rcf2	viable	V	0.024	0.138	0.285	0.34	0.353
SPAC1565.02c	rga10	viable	V	-0.01	-0.062	-0.127	-0.151	-0.156
SPAC1565.03	SPAC1565.03	viable	V	-0.002	-0.0	-0.0	-0.0	-0.0
SPAC1565.04c	ste4	viable	V	-0.007	-0.043	-0.088	-0.105	-0.108
SPAC1565.05	utp8	inviable	E	0.111	1.65	4.878	6.309	6.64
SPAC1565.06c	spg1	inviable	E	0.002	0.391	3.327	5.529	6.116
SPAC1565.07c	knd1	viable	V	0.006	0.0	0.0	0.0	0.0
SPAC1565.08	cdc48	inviable	E	0.11	1.541	4.455	5.731	6.024
SPAC15A10.01	atm1	condition-dependent	E	0.0	0.0	0.127	2.239	4.629
SPAC15A10.02	taf12	inviable	E	0.455	1.979	4.579	6.239	6.877
SPAC15A10.03c	rad54	viable	V	0.223	0.884	2.47	4.189	5.298
SPAC15A10.04c	zpr1	inviable	E	0.264	2.169	5.051	6.174	6.424
SPAC15A10.05c	mug182	viable	V	0.036	0.009	0.0	0.0	0.0
SPAC15A10.06	nhx1	viable	V	0.013	0.075	0.153	0.182	0.188
SPAC15A10.07	SPAC15A10.07	viable	V	0.001	0.0	0.0	0.0	0.0
SPAC15A10.08	ain1	viable	V	-0.0	-0.0	-0.0	-0.201	-0.709
SPAC15A10.09c	pun1	viable	V	0.014	0.037	0.081	0.129	0.163
SPAC15A10.10	mde6	viable	V	-0.028	-0.0	-0.0	-0.0	-0.0
SPAC15A10.11	ubr11	viable	V	-0.0	-0.0	-0.0	-0.0	-0.0
SPAC15A10.12c	tca17	inviable	E	0.001	0.142	2.004	4.497	5.54
SPAC15A10.13	ppk3	viable	V	0.003	0.064	0.205	0.27	0.286
SPAC15A10.15	sgo2	viable	V	0.0	0.0	0.0	0.0	0.0
SPAC15A10.16	bud6	viable	V	0.035	0.087	0.189	0.303	0.387
SPAC15E1.02c	SPAC15E1.02c	viable	V	-0.008	-0.048	-0.098	-0.116	-0.12
SPAC15E1.04	hal3	viable	V	0.149	1.637	4.293	5.396	5.647
SPAC15E1.05c	ect1	viable	V	-0.0	-0.0	-0.018	-0.239	-0.398
SPAC15E1.06	vps29	viable	V	-0.004	-0.001	-0.0	-0.0	-0.0
SPAC15E1.07c	moa1	viable	V	-0.008	-0.031	-0.073	-0.104	-0.118
SPAC15E1.08	naa10	inviable	E	0.001	0.033	0.562	2.1	3.548
SPAC15E1.09	grx2	viable	V	0.002	0.0	0.0	0.0	0.0
SPAC15E1.10	fub1	viable	V	0.0	0.0	0.001	0.349	1.686
SPAC15F9.01c	glm1	viable	V	-0.003	-0.018	-0.038	-0.046	-0.048
SPAC15F9.02	seh1	viable	V	0.025	0.062	0.136	0.217	0.278
SPAC15F9.03c	nxt2	inviable	E	0.297	1.593	4.23	6.117	6.89
SPAC16.01	rho2	viable	V	0.044	0.111	0.242	0.387	0.495
SPAC16.02c	srp2	inviable	E	0.026	0.817	3.279	4.56	4.868
SPAC16.03c	ura2	viable	V	0.074	0.334	0.762	1.017	1.109
SPAC16.04	dus3	viable	V	0.011	0.068	0.139	0.165	0.171
SPAC16.05c	sfp1	viable	V	0.188	0.844	1.905	2.524	2.742
SPAC1610.01	saf5	viable	V	0.0	0.002	0.171	1.205	2.413
SPAC1610.02c	mrpl1	viable	V	0.003	0.058	0.511	1.482	2.325
SPAC1610.03c	crp79	viable	V	-0.009	-0.055	-0.113	-0.134	-0.139
SPAC1610.04	mmc1	viable	V	0.02	0.054	0.12	0.189	0.236
SPAC1635.01	por1	viable	V	0.092	0.232	0.505	0.808	1.033
SPAC1639.01c	elo1	viable	V	0.001	0.0	0.0	0.0	0.0
SPAC1639.02c	trk2	viable	V	-0.001	-0.0	-0.0	-0.0	-0.0
SPAC167.01	ire1	viable	V	0.013	0.079	0.162	0.192	0.199
SPAC167.02	ptb1	inviable	E	0.196	2.008	5.117	6.388	6.675
SPAC167.03c	snu66	inviable	E	0.432	2.581	5.293	6.276	6.492
SPAC167.04	pam17	viable	V	-0.018	-0.0	-0.0	-0.0	-0.0
SPAC167.05	dbs2	viable	V	0.058	0.145	0.317	0.506	0.647
SPAC167.07c	hul5	viable	V	-0.022	-0.0	-0.0	-0.0	-0.0
SPAC167.08	Tf2-2	unknown	Not_determined	-0.008	-0.0	-0.0	-0.0	-0.0
SPAC167.09	pga1	unknown	Not_determined	0.003	0.407	3.139	5.096	5.61
SPAC1687.01	rpc19	inviable	E	0.101	1.449	4.251	5.497	5.786
SPAC1687.02	rce1	inviable	E	0.0	0.0	0.201	3.228	5.624
SPAC1687.03c	rfc4	inviable	E	0.001	0.103	1.515	4.397	6.314
SPAC1687.04	mcb1	inviable	E	0.107	1.463	4.191	5.379	5.652
SPAC1687.05	pli1	viable	V	0.003	0.038	0.261	0.685	1.042
SPAC1687.08	SPAC1687.08	viable	V	0.016	0.057	0.158	0.282	0.376
SPAC1687.09	irs4	viable	V	0.043	0.011	0.0	0.0	0.0
SPAC1687.10	mcp1	viable	V	0.034	0.008	0.0	0.0	0.0
SPAC1687.11	spb1	inviable	E	0.374	2.232	4.576	5.426	5.612
SPAC1687.12c	coq4	condition-dependent	V	0.058	0.162	0.383	0.636	0.826
SPAC1687.13c	csn5	viable	V	0.0	0.0	0.0	0.124	1.621
SPAC1687.15	gsk3	viable	V	0.0	0.0	0.0	0.0	0.0
SPAC1687.16c	erg31	viable	V	-0.001	-0.0	-0.0	-0.0	-0.0
SPAC1687.17c	SPAC1687.17c	viable	V	-0.009	-0.054	-0.111	-0.132	-0.137
SPAC1687.18c	ssl3	inviable	E	0.043	0.479	2.196	4.153	5.221
SPAC1687.19c	qtr1	viable	V	0.005	0.0	0.0	0.0	0.0
SPAC1687.20c	mis6	inviable	E	0.001	0.087	1.259	3.76	5.525
SPAC1687.21	SPAC1687.21	viable	V	0.0	0.001	0.001	0.001	0.001
SPAC1687.22c	puf3	viable	V	-0.006	-0.032	-0.067	-0.082	-0.086
SPAC1687.23c	SPAC1687.23c	viable	V	0.012	0.003	0.0	0.0	0.0
SPAC16A10.01	SPAC16A10.01	viable	V	-0.012	-0.074	-0.151	-0.179	-0.186
SPAC16A10.02	sub1	viable	V	0.044	0.01	0.0	0.0	0.0
SPAC16A10.03c	SPAC16A10.03c	viable	V	-0.001	-0.0	-0.0	-0.0	-0.0
SPAC16A10.04	rho4	viable	V	-0.007	-0.041	-0.085	-0.1	-0.104
SPAC16A10.06c	nse2	inviable	E	0.017	0.233	1.466	3.552	5.13
SPAC16A10.07c	taz1	viable	V	0.011	0.062	0.132	0.162	0.169
SPAC16A10.08c	mug74	unknown	Not_determined	0.019	0.005	0.0	0.0	0.0
SPAC16C9.02c	mta1	viable	V	0.0	0.0	0.011	0.479	1.453
SPAC16C9.03	nmd3	inviable	E	0.393	2.344	4.805	5.698	5.893
SPAC16C9.04c	mot2	viable	V	0.014	0.137	0.746	1.787	2.638
SPAC16C9.05	cph1	condition-dependent	V	-0.0	-0.0	-0.0	-0.0	-0.0
SPAC16C9.06c	upf1	viable	V	0.014	0.049	0.135	0.239	0.318
SPAC16C9.07	pom2	viable	V	-0.036	-0.001	-0.0	-0.0	-0.0
SPAC16E8.01	shd1	viable	V	-0.007	-0.043	-0.089	-0.106	-0.109
SPAC16E8.04c	aro7	inviable	E	0.243	2.001	4.667	5.706	5.938
SPAC16E8.06c	nop12	viable	V	0.035	0.21	0.43	0.51	0.527
SPAC16E8.07c	vph1	inviable	E	0.17	1.07	2.755	3.743	4.071
SPAC16E8.08	pos1	viable	V	0.022	0.005	0.0	0.0	0.0
SPAC16E8.09	scd1	viable	V	0.039	0.135	0.371	0.662	0.883
SPAC16E8.10c	rsm7	inviable	E	0.008	0.193	1.593	3.973	5.583
SPAC16E8.11c	tfb1	inviable	E	0.059	0.746	3.114	5.222	6.124
SPAC16E8.12c	png3	viable	V	-0.033	-0.0	-0.0	-0.0	-0.0
SPAC16E8.13	SPAC16E8.13	viable	V	0.029	0.072	0.158	0.253	0.323
SPAC16E8.14c	tae1	viable	V	-0.003	-0.001	-0.0	-0.0	-0.0
SPAC16E8.15	tif45	inviable	E	0.416	1.913	4.296	5.639	6.096
SPAC16E8.16	sua7	inviable	E	0.425	2.537	5.201	6.168	6.379
SPAC16E8.17c	sca1	viable	V	0.028	0.657	2.335	3.154	3.348
SPAC16E8.18	SPAC16E8.18	viable	V	-0.012	-0.003	-0.0	-0.0	-0.0
SPAC16E8.18c	tam5	unknown	Not_determined	-0.021	-0.054	-0.117	-0.187	-0.24
SPAC1705.02	SPAC1705.02	viable	V	0.005	0.0	0.0	0.0	0.0
SPAC1705.03c	ecm33	viable	V	0.0	0.0	0.067	0.625	1.344
SPAC1751.01c	gti1	viable	V	0.0	0.0	0.0	0.115	0.914
SPAC1751.02c	rsm19	inviable	E	0.007	0.172	1.437	3.674	5.251
SPAC1751.03	tif313	inviable	E	0.066	1.303	4.331	5.76	6.095
SPAC1751.04	loc1	viable	V	0.015	0.004	0.0	0.0	0.0
SPAC1782.01	ecm29	viable	V	0.002	0.0	0.0	0.0	0.0
SPAC1782.02c	SPAC1782.02c	viable	V	0.011	0.002	0.0	0.0	0.0
SPAC1782.03	saf3	inviable	E	0.324	2.026	4.233	5.042	5.22
SPAC1782.04	cox24	viable	V	-0.033	-0.008	-0.0	-0.0	-0.0
SPAC1782.05	ypa2	viable	V	0.015	0.139	0.746	1.775	2.614
SPAC1782.06c	phb1	viable	V	0.011	0.068	0.14	0.166	0.172
SPAC1782.07	qcr8	viable	V	0.108	0.27	0.589	0.941	1.204
SPAC1782.08c	rex3	viable	V	0.012	0.029	0.064	0.102	0.13
SPAC1782.09c	clp1	viable	V	0.041	0.116	0.263	0.409	0.504
SPAC1782.11	met14	viable	V	0.035	0.207	0.424	0.503	0.52
SPAC1783.01	SPAC1783.01	viable	V	0.011	0.027	0.06	0.095	0.122
SPAC1783.02c	vps66	viable	V	0.014	0.131	0.696	1.647	2.423
SPAC1783.03	fta2	inviable	E	0.0	0.017	1.5	4.366	5.397
SPAC1783.04c	hst4	viable	V	0.044	0.282	1.172	2.508	3.566
SPAC1783.05	hrp1	viable	V	0.012	0.003	0.0	0.0	0.0
SPAC1783.06c	atg12	viable	V	-0.022	-0.0	-0.0	-0.0	-0.0
SPAC1783.07c	pap1	viable	V	0.023	0.132	0.274	0.328	0.34
SPAC1783.08c	rpl1502	viable	V	0.017	0.674	2.993	4.262	4.572
SPAC1786.01c	ptl2	viable	V	-0.003	-0.009	-0.021	-0.033	-0.039
SPAC1786.04	SPAC1786.04	viable	V	0.055	0.013	0.001	0.0	0.0
SPAC17A2.01	bsu1	viable	V	-0.018	-0.001	-0.0	-0.0	-0.0
SPAC17A2.03c	vma6	inviable	E	0.241	0.945	2.431	3.786	4.527
SPAC17A2.04c	cns1	inviable	E	0.217	1.961	4.746	5.853	6.101
SPAC17A2.05	osm1	viable	V	-0.029	-0.001	-0.0	-0.0	-0.0
SPAC17A2.06c	vps8	viable	V	-0.031	-0.001	-0.0	-0.0	-0.0
SPAC17A2.08c	ntr2	condition-dependent	E	0.339	1.442	3.288	4.451	4.895
SPAC17A2.09c	csx1	viable	V	-0.016	-0.001	-0.0	-0.0	-0.0
SPAC17A2.10c	SPAC17A2.10c	viable	V	0.011	0.003	0.0	0.0	0.0
SPAC17A2.12	rrp1	viable	V	-0.001	-0.0	-0.0	-0.0	-0.0
SPAC17A2.13c	rad25	viable	V	-0.009	-0.055	-0.113	-0.134	-0.138
SPAC17A2.14	mnr2	viable	V	0.035	0.147	0.388	0.602	0.714
SPAC17A5.01	pex6	viable	V	0.01	0.002	0.0	0.0	0.0
SPAC17A5.02c	dbr1	viable	V	0.125	0.744	1.526	1.809	1.871
SPAC17A5.04c	mde10	viable	V	-0.035	-0.0	-0.0	-0.0	-0.0
SPAC17A5.05c	SPAC17A5.05c	viable	V	0.024	0.006	0.0	0.0	0.0
SPAC17A5.06	ptr8	inviable	E	0.394	2.351	4.821	5.717	5.913
SPAC17A5.07c	ulp2	condition-dependent	V	0.0	0.006	0.802	2.561	3.225
SPAC17A5.08	erp2	viable	V	-0.008	-0.002	-0.0	-0.0	-0.0
SPAC17A5.11	rec12	viable	V	-0.01	-0.06	-0.124	-0.147	-0.152
SPAC17A5.12	ucp7	inviable	E	0.293	2.026	4.409	5.302	5.5
SPAC17A5.13	fol2	inviable	E	0.056	1.012	3.618	5.084	5.487
SPAC17A5.14	exo2	viable	V	0.145	0.576	1.739	3.237	4.382
SPAC17A5.15c	gus1	inviable	E	0.447	2.666	5.466	6.482	6.704
SPAC17A5.16	hid1	viable	V	0.036	0.218	0.665	1.044	1.221
SPAC17A5.18c	rec25	viable	V	-0.03	-0.001	-0.0	-0.0	-0.0
SPAC17A5.19	SPAC17A5.19	viable	Not_determined	-0.004	-0.0	-0.0	-0.0	-0.0
SPAC17C9.01c	nuc2	inviable	E	0.028	0.972	4.081	5.755	6.166
SPAC17C9.02c	lys7	condition-dependent	V	0.0	0.0	0.0	0.067	0.878
SPAC17C9.03	tif471	inviable	E	0.366	2.371	5.026	6.006	6.222
SPAC17C9.05c	pmc3	viable	V	0.0	0.0	0.0	0.345	4.496
SPAC17C9.06	sam50	inviable	E	0.004	0.413	2.908	4.793	5.336
SPAC17C9.07	alg8	viable	V	-0.01	-0.002	-0.0	-0.0	-0.0
SPAC17C9.08	pnu1	viable	V	-0.0	-0.0	-0.0	-0.0	-0.0
SPAC17C9.10	stm1	viable	V	0.033	0.084	0.183	0.292	0.373
SPAC17C9.11c	SPAC17C9.11c	viable	V	-0.009	-0.052	-0.107	-0.127	-0.132
SPAC17C9.12	scs22	viable	V	-0.009	-0.053	-0.11	-0.13	-0.134
SPAC17C9.13c	cut8	condition-dependent	V	0.141	1.027	3.135	4.698	5.323
SPAC17C9.14	pex19	viable	V	0.013	0.075	0.154	0.182	0.189
SPAC17C9.16c	mfs1	viable	V	-0.001	-0.0	-0.0	-0.0	-0.0
SPAC17D4.01	pex7	viable	V	-0.009	-0.054	-0.111	-0.132	-0.137
SPAC17D4.02	cdc45	inviable	E	0.436	2.122	4.695	6.025	6.439
SPAC17D4.03c	cis4	viable	V	-0.02	-0.0	-0.0	-0.0	-0.0
SPAC17D4.04	trm401	viable	V	-0.01	-0.003	-0.0	-0.0	-0.0
SPAC17G6.03	efn3	viable	V	-0.042	-0.001	-0.0	-0.0	-0.0
SPAC17G6.04c	cpp1	viable	V	0.0	0.003	0.337	2.307	4.496
SPAC17G6.05c	bro1	viable	V	-0.033	-0.0	-0.0	-0.0	-0.0
SPAC17G6.08	pep7	viable	V	-0.013	-0.003	-0.0	-0.0	-0.0
SPAC17G6.09	sec62	inviable	E	0.009	0.0	0.0	0.0	0.0
SPAC17G6.10	ssr1	inviable	E	0.01	0.152	1.081	2.883	4.406
SPAC17G6.11c	ghs2	inviable	E	0.243	1.787	4.299	5.43	5.721
SPAC17G6.12	cul1	inviable	E	0.085	0.49	1.903	3.956	5.569
SPAC17G6.13	slt1	viable	V	0.031	0.007	0.0	0.0	0.0
SPAC17G6.14c	uap56	inviable	E	0.363	2.323	4.896	5.843	6.052
SPAC17G6.15c	fsf1	viable	V	-0.007	-0.039	-0.081	-0.096	-0.099
SPAC17G6.16c	ysh1	inviable	E	0.086	1.418	4.366	5.702	6.012
SPAC17G6.17	pof8	viable	V	0.023	0.137	0.282	0.334	0.345
SPAC17G8.01c	trl1	inviable	E	0.219	2.081	5.139	6.369	6.646
SPAC17G8.02	urh2	inviable	E	-0.026	-0.0	-0.0	-0.0	-0.0
SPAC17G8.03c	bur6	inviable	E	0.02	0.234	1.453	3.672	5.514
SPAC17G8.04c	arc5	inviable	E	0.36	2.33	4.935	5.897	6.109
SPAC17G8.05	med20	viable	V	0.0	0.001	0.164	0.969	1.622
SPAC17G8.06c	ilv3	viable	V	0.034	1.067	4.257	5.912	6.31
SPAC17G8.08c	gdt2	viable	V	-0.009	-0.002	-0.0	-0.0	-0.0
SPAC17G8.09	shg1	viable	V	-0.001	-0.009	-0.018	-0.021	-0.022
SPAC17G8.10c	dma1	viable	V	0.012	0.072	0.148	0.175	0.181
SPAC17G8.11c	imt3	viable	V	0.023	0.136	0.279	0.331	0.342
SPAC17G8.12	sec3	condition-dependent	E	0.0	0.082	2.162	4.696	5.477
SPAC17G8.13c	mst2	viable	V	0.018	0.11	0.226	0.268	0.277
SPAC17G8.14c	pck1	viable	V	-0.038	-0.0	-0.0	-0.0	-0.0
SPAC17G8.15	wip1	condition-dependent	Not_determined	0.001	0.044	0.808	3.083	5.243
SPAC17H9.01	cid16	viable	V	-0.011	-0.0	-0.0	-0.0	-0.0
SPAC17H9.02	mtl1	inviable	E	0.013	0.169	1.1	2.832	4.279
SPAC17H9.03c	rdl1	viable	V	0.0	0.0	0.0	0.243	1.347
SPAC17H9.04c	dri1	viable	V	0.0	0.0	0.0	0.208	1.003
SPAC17H9.05	ebp2	inviable	E	0.095	1.383	4.064	5.249	5.522
SPAC17H9.06c	SPAC17H9.06c	viable	V	-0.034	-0.001	-0.0	-0.0	-0.0
SPAC17H9.07	srp21	inviable	E	0.07	0.52	2.095	4.031	5.254
SPAC17H9.08	leu5	viable	V	0.001	0.043	0.466	1.459	2.343
SPAC17H9.09c	ras1	viable	V	0.002	0.056	0.2	0.27	0.286
SPAC17H9.10c	ddb1	viable	V	0.121	0.643	1.809	2.761	3.203
SPAC17H9.12c	cyc2	viable	V	0.0	0.019	0.318	0.617	0.704
SPAC17H9.13c	pro2	viable	V	0.0	0.0	0.0	0.223	1.563
SPAC17H9.14c	pdi2	viable	V	0.027	0.069	0.15	0.239	0.306
SPAC17H9.17c	mdm10	inviable	E	0.073	0.464	1.899	3.984	5.584
SPAC17H9.18c	SPAC17H9.18c	viable	Not_determined	-0.02	-0.004	-0.0	-0.0	-0.0
SPAC17H9.19c	cdt2	viable	V	0.159	0.841	2.275	3.356	3.821
SPAC17H9.20	psc3	inviable	E	0.11	0.959	3.287	5.166	5.951
SPAC1805.01c	ppk6	viable	V	0.031	0.097	0.221	0.336	0.404
SPAC1805.03c	trm13	viable	V	0.0	0.0	0.0	0.0	0.0
SPAC1805.04	nup132	viable	V	0.0	0.0	0.006	0.287	0.886
SPAC1805.05	cki3	viable	V	-0.009	-0.076	-0.18	-0.222	-0.231
SPAC1805.06c	hem2	viable	V	0.037	0.775	3.294	5.035	5.593
SPAC1805.07c	dad2	viable	V	0.006	0.059	0.313	0.743	1.094
SPAC1805.08	dlc1	viable	V	0.005	0.0	0.0	0.0	0.0
SPAC1805.10	ccz1	viable	V	0.023	0.059	0.128	0.204	0.261
SPAC1805.11c	rps2602	viable	V	0.105	1.698	5.189	6.764	7.13
SPAC1805.12c	ubi2	viable	V	0.044	0.25	0.834	1.465	1.838
SPAC1805.13	rpl14	viable	V	0.421	2.511	5.149	6.106	6.316
SPAC1805.14	SPAC1805.14	viable	V	0.042	0.106	0.232	0.37	0.471
SPAC1805.15c	pub2	viable	V	-0.025	-0.0	-0.0	-0.0	-0.0
SPAC1805.16c	SPAC1805.16c	viable	V	-0.004	-0.009	-0.019	-0.031	-0.039
SPAC1805.17	crm1	inviable	E	0.213	2.028	5.016	6.219	6.489
SPAC1805.18	pop6	unknown	Not_determined	0.268	1.36	3.462	4.901	5.474
SPAC1834.01	erf1	inviable	E	0.402	2.402	4.924	5.839	6.039
SPAC1834.02	aro1	inviable	E	0.44	2.629	5.39	6.392	6.611
SPAC1834.05	alg9	viable	V	0.0	0.0	0.006	0.559	1.459
SPAC1834.06c	pmo25	inviable	E	0.198	1.133	3.379	5.311	6.236
SPAC1834.07	klp3	viable	V	-0.001	-0.0	-0.0	-0.0	-0.0
SPAC1834.08	mak1	viable	V	0.002	0.0	0.0	0.0	0.0
SPAC1834.09	whr1	viable	V	-0.023	-0.001	-0.0	-0.0	-0.0
SPAC1834.10c	SPAC1834.10c	viable	V	0.016	0.098	0.201	0.238	0.246
SPAC1834.11c	sec18	inviable	E	0.455	2.714	5.566	6.599	6.826
SPAC1851.02	slc1	viable	V	0.001	0.026	0.207	0.577	0.894
SPAC1851.03	ckb1	condition-dependent	V	0.0	0.0	0.019	1.118	3.592
SPAC1851.04c	ric1	viable	V	0.05	0.33	1.395	3.009	4.29
SPAC186.01	pfl9	viable	V	0.068	0.404	0.828	0.981	1.015
SPAC186.02c	SPAC186.02c	viable	V	0.064	0.289	0.651	0.857	0.929
SPAC186.03	SPAC186.03	viable	V	0.019	0.0	0.0	0.0	0.0
SPAC186.04c	SPAC186.04c	unknown	Not_determined	0.019	0.111	0.227	0.269	0.279
SPAC186.05c	gdt1	viable	V	0.003	0.02	0.041	0.049	0.05
SPAC186.06	SPAC186.06	viable	V	0.105	0.626	1.283	1.521	1.574
SPAC186.07c	SPAC186.07c	viable	V	0.016	0.095	0.195	0.231	0.239
SPAC186.09	pdc102	viable	V	0.025	0.149	0.305	0.361	0.374
SPAC18B11.02c	pus9	viable	V	-0.005	-0.001	-0.0	-0.0	-0.0
SPAC18B11.03c	SPAC18B11.03c	viable	V	0.013	0.062	0.138	0.179	0.192
SPAC18B11.04	ncs1	viable	V	0.019	0.05	0.11	0.174	0.221
SPAC18B11.05	gpi18	inviable	E	0.05	0.742	3.052	4.874	5.559
SPAC18B11.06	lcp5	inviable	E	0.412	2.651	5.603	6.692	6.932
SPAC18B11.07c	rhp6	viable	V	0.173	0.77	2.151	3.47	4.203
SPAC18B11.08c	pat10	viable	V	0.007	0.002	0.0	0.0	0.0
SPAC18B11.09c	SPAC18B11.09c	viable	V	0.109	0.027	0.001	0.0	0.0
SPAC18B11.11	SPAC18B11.11	condition-dependent	E	0.035	0.168	0.578	1.139	1.575
SPAC18G6.01c	aim18	viable	V	-0.004	-0.001	-0.0	-0.0	-0.0
SPAC18G6.02c	chp1	viable	V	0.013	0.045	0.103	0.153	0.18
SPAC18G6.03	ypt3	inviable	E	0.416	2.484	5.094	6.04	6.248
SPAC18G6.05c	gcn1	viable	V	0.061	0.419	0.91	1.094	1.135
SPAC18G6.07c	mra1	inviable	E	0.429	1.886	4.379	5.967	6.574
SPAC18G6.10	lem2	viable	V	0.0	0.002	0.116	0.703	1.354
SPAC18G6.11c	rrn3	inviable	E	0.368	2.417	5.146	6.156	6.379
SPAC18G6.12c	SPAC18G6.12c	viable	V	-0.019	-0.112	-0.229	-0.272	-0.281
SPAC18G6.13	SPAC18G6.13	viable	V	0.0	0.0	0.004	0.211	0.667
SPAC18G6.15	mal3	viable	V	0.017	0.103	0.211	0.25	0.258
SPAC1952.01	gab1	inviable	E	0.166	1.338	4.062	5.91	6.581
SPAC1952.02	tma23	viable	V	0.05	0.001	0.0	0.0	0.0
SPAC1952.03	otu2	viable	V	0.0	0.001	0.211	0.738	0.946
SPAC1952.04c	SPAC1952.04c	unknown	Not_determined	-0.006	-0.038	-0.078	-0.093	-0.096
SPAC1952.05	gcn5	viable	V	0.084	0.322	0.95	1.751	2.363
SPAC1952.06c	SPAC1952.06c	viable	V	-0.001	-0.0	-0.0	-0.0	-0.0
SPAC1952.07	rad1	viable	V	0.0	0.0	0.001	0.307	1.3
SPAC1952.09c	ach1	viable	V	0.042	0.01	0.0	0.0	0.0
SPAC1952.10c	SPAC1952.10c	viable	V	-0.033	-0.001	-0.0	-0.0	-0.0
SPAC1952.12c	csn71	viable	V	0.011	0.064	0.131	0.156	0.161
SPAC1952.13	ned1	inviable	E	0.27	1.289	3.573	5.574	6.586
SPAC1952.14c	mrpl25	inviable	E	0.0	0.062	1.326	3.78	5.127
SPAC1952.15c	rec24	viable	V	0.049	0.012	0.0	0.0	0.0
SPAC1952.16	rga9	viable	V	-0.01	-0.002	-0.0	-0.0	-0.0
SPAC1952.17c	tbc13	viable	V	0.012	0.219	0.695	0.914	0.965
SPAC19A8.01c	sec73	viable	V	-0.019	-0.003	-0.0	-0.0	-0.0
SPAC19A8.02	ltc2	viable	V	0.0	0.0	0.0	0.0	0.0
SPAC19A8.03	ymr1	viable	V	0.0	0.0	0.0	0.436	5.686
SPAC19A8.04	erg5	viable	V	0.031	0.078	0.17	0.271	0.347
SPAC19A8.05c	sst4	viable	V	0.019	0.115	0.236	0.28	0.29
SPAC19A8.06	pbr1	inviable	E	0.312	1.723	4.458	6.258	6.938
SPAC19A8.07c	imp4	inviable	E	0.259	1.866	4.441	5.589	5.883
SPAC19A8.08	upf2	viable	V	0.036	0.216	0.442	0.524	0.542
SPAC19A8.09	yos1	inviable	E	0.445	2.296	4.987	6.251	6.608
SPAC19A8.10	rfp1	viable	V	0.012	0.08	0.173	0.208	0.216
SPAC19A8.11c	irc6	viable	V	0.087	0.45	1.384	2.325	2.859
SPAC19A8.12	dcp2	inviable	E	0.078	0.476	1.927	4.078	5.776
SPAC19A8.13	usp101	inviable	E	0.015	0.492	3.028	5.517	6.528
SPAC19A8.14	pth2	viable	V	0.016	0.096	0.197	0.234	0.242
SPAC19A8.15	trp2	inviable	E	0.422	2.52	5.166	6.126	6.336
SPAC19A8.16	prl65	viable	Not_determined	-0.026	-0.001	-0.0	-0.0	-0.0
SPAC19B12.01	ceo5	inviable	E	0.209	1.959	4.81	5.952	6.209
SPAC19B12.02c	gas1	condition-dependent	E	0.408	2.118	4.647	5.86	6.209
SPAC19B12.03	bgs3	inviable	E	0.433	1.91	4.327	5.774	6.297
SPAC19B12.05c	fcp1	inviable	E	0.079	0.845	3.182	5.134	5.949
SPAC19B12.06c	rbd4	viable	V	0.003	0.0	0.0	0.0	0.0
SPAC19B12.07c	SPAC19B12.07c	viable	V	-0.007	-0.044	-0.09	-0.107	-0.111
SPAC19B12.08	atg4	viable	V	0.019	0.114	0.233	0.276	0.286
SPAC19B12.09	srp14	unknown	Not_determined	0.008	0.142	1.165	3.29	5.118
SPAC19B12.10	sst2	viable	V	-0.0	-0.0	-0.0	-0.0	-0.0
SPAC19D5.01	pyp2	viable	V	-0.011	-0.067	-0.138	-0.164	-0.17
SPAC19D5.03	cid1	viable	V	0.015	0.0	0.0	0.0	0.0
SPAC19D5.04	ptr1	inviable	E	0.209	1.909	4.742	5.923	6.199
SPAC19D5.05c	imp3	inviable	E	-0.036	-0.007	-0.0	-0.0	-0.0
SPAC19D5.06c	din1	viable	V	-0.002	-0.011	-0.023	-0.028	-0.028
SPAC19D5.07	uga1	viable	V	0.011	0.134	0.364	0.462	0.484
SPAC19D5.09c	Tf2-8	unknown	Not_determined	-0.008	-0.002	-0.0	-0.0	-0.0
SPAC19D5.11c	ctf8	viable	V	-0.017	-0.0	-0.0	-0.0	-0.0
SPAC19E9.01c	nup40	viable	V	0.062	0.157	0.342	0.547	0.699
SPAC19E9.02	fin1	viable	V	0.058	0.162	0.365	0.572	0.708
SPAC19E9.03	pas1	viable	V	-0.0	-0.0	-0.0	-0.0	-0.0
SPAC19G12.01c	cut20	inviable	E	0.06	0.807	3.304	5.389	6.226
SPAC19G12.02c	pms1	viable	V	-0.011	-0.003	-0.0	-0.0	-0.0
SPAC19G12.03	cda1	viable	V	-0.047	-0.0	-0.0	-0.0	-0.0
SPAC19G12.04	dal1	viable	V	-0.003	-0.001	-0.0	-0.0	-0.0
SPAC19G12.05	mce1	viable	V	-0.009	-0.042	-0.094	-0.121	-0.13
SPAC19G12.07c	rsd1	inviable	E	0.015	0.285	1.915	4.363	5.923
SPAC19G12.08	scs7	viable	V	0.023	0.163	0.663	1.326	1.782
SPAC19G12.09	SPAC19G12.09	viable	V	0.012	0.003	0.0	0.0	0.0
SPAC19G12.10c	cpy1	viable	V	0.015	0.089	0.182	0.216	0.223
SPAC19G12.11	coq9	condition-dependent	V	0.0	0.002	0.244	0.972	1.377
SPAC19G12.12	dlp1	condition-dependent	V	0.068	0.264	0.609	0.855	0.961
SPAC19G12.13c	poz1	viable	V	-0.001	-0.0	-0.0	-0.0	-0.0
SPAC19G12.14	its3	inviable	E	0.405	2.51	5.224	6.216	6.434
SPAC19G12.15c	tpp1	viable	V	0.015	0.055	0.157	0.285	0.383
SPAC19G12.16c	adg2	viable	V	-0.001	-0.0	-0.0	-0.0	-0.0
SPAC19G12.17	erh1	viable	Not_determined	-0.019	-0.114	-0.233	-0.277	-0.286
SPAC1A6.01c	rqt4	viable	V	-0.008	-0.002	-0.0	-0.0	-0.0
SPAC1A6.03c	plb3	viable	V	0.036	0.091	0.198	0.317	0.405
SPAC1A6.04c	plb1	viable	V	-0.002	-0.001	-0.0	-0.0	-0.0
SPAC1A6.05c	ptl3	viable	V	-0.014	-0.086	-0.176	-0.209	-0.216
SPAC1A6.06c	meu31	viable	V	0.197	1.179	2.417	2.866	2.964
SPAC1A6.08c	mug125	viable	V	-0.019	-0.0	-0.0	-0.0	-0.0
SPAC1A6.09c	lag1	viable	V	0.002	0.0	0.0	0.0	0.0
SPAC1A6.10	tcd1	viable	V	0.007	0.032	0.073	0.096	0.104
SPAC1A6.11	SPAC1A6.11	unknown	Not_determined	0.007	0.002	0.0	0.0	0.0
SPAC1B1.01	deb1	inviable	E	0.293	1.588	3.933	5.359	5.863
SPAC1B1.02c	SPAC1B1.02c	viable	V	-0.038	-0.001	-0.0	-0.0	-0.0
SPAC1B1.03c	kap95	inviable	E	0.432	2.58	5.291	6.274	6.489
SPAC1B1.04c	pan3	viable	V	0.008	0.071	0.35	0.758	1.046
SPAC1B2.02c	ugo1	viable	V	0.005	0.067	0.448	1.165	1.765
SPAC1B2.03c	elo2	condition-dependent	V	0.44	1.55	3.674	5.476	6.42
SPAC1B2.04	cox6	viable	V	0.058	0.195	0.523	0.922	1.223
SPAC1B2.05	mcm5	inviable	E	0.111	1.348	4.176	5.702	6.13
SPAC1B3.01c	SPAC1B3.01c	viable	V	-0.006	-0.002	-0.0	-0.0	-0.0
SPAC1B3.03c	wis2	condition-dependent	V	0.12	0.362	0.838	1.302	1.59
SPAC1B3.04c	guf1	viable	V	-0.003	-0.016	-0.034	-0.04	-0.041
SPAC1B3.05	not3	viable	V	0.048	0.177	0.486	0.838	1.08
SPAC1B3.06c	SPAC1B3.06c	viable	V	0.012	0.073	0.149	0.177	0.183
SPAC1B3.07c	vps28	viable	V	-0.003	-0.001	-0.0	-0.0	-0.0
SPAC1B3.08	SPAC1B3.08	viable	V	-0.01	-0.0	-0.0	-0.0	-0.0
SPAC1B3.09c	noc202	inviable	E	0.271	2.088	4.742	5.761	5.988
SPAC1B3.10c	hrd302	viable	V	0.004	0.073	0.259	0.36	0.386
SPAC1B3.11c	ypt4	viable	V	0.001	0.0	0.0	0.0	0.0
SPAC1B3.13	nan1	inviable	E	0.19	1.756	4.596	5.908	6.242
SPAC1B3.14	vma3	condition-dependent	E	0.327	1.214	2.807	4.009	4.566
SPAC1B3.15c	SPAC1B3.15c	viable	V	-0.004	-0.012	-0.028	-0.042	-0.05
SPAC1B3.16c	vht1	condition-dependent	V	0.189	0.783	2.063	3.216	3.832
SPAC1B3.17	clr2	viable	V	0.034	0.086	0.187	0.298	0.381
SPAC1B3.18c	mrps18	inviable	E	0.0	0.037	0.927	3.161	4.711
SPAC1B3.20	SPAC1B3.20	viable	V	0.013	0.079	0.163	0.193	0.199
SPAC1B9.02c	sck1	viable	V	0.021	0.067	0.153	0.23	0.272
SPAC1B9.03c	SPAC1B9.03c	inviable	E	0.317	2.457	5.591	6.796	7.064
SPAC1D4.01	tls1	viable	V	0.046	0.115	0.252	0.403	0.515
SPAC1D4.02c	grh1	viable	V	-0.013	-0.003	-0.0	-0.0	-0.0
SPAC1D4.03c	aut12	viable	V	0.022	0.089	0.265	0.483	0.643
SPAC1D4.04	cct2	inviable	E	0.385	2.183	4.579	5.538	5.769
SPAC1D4.05c	erd101	viable	V	-0.02	-0.058	-0.133	-0.204	-0.248
SPAC1D4.06c	csk1	viable	V	0.0	0.0	0.003	0.224	0.65
SPAC1D4.08	pis1	inviable	E	0.186	1.752	4.506	5.718	6.014
SPAC1D4.09c	rtf2	viable	V	0.02	0.118	0.243	0.288	0.298
SPAC1D4.10	trz1	inviable	E	0.142	1.629	4.347	5.487	5.747
SPAC1D4.11c	lkh1	viable	V	0.038	0.224	0.459	0.545	0.563
SPAC1D4.12	rad15	inviable	E	0.082	0.794	3.002	4.982	5.875
SPAC1D4.13	byr1	viable	V	0.012	0.073	0.15	0.178	0.184
SPAC1D4.14	tho2	inviable	E	0.296	1.545	3.919	5.492	6.097
SPAC1F12.02c	tma19	viable	V	0.059	0.353	0.724	0.859	0.888
SPAC1F12.05	any2	viable	V	-0.031	-0.001	-0.0	-0.0	-0.0
SPAC1F12.06c	SPAC1F12.06c	viable	V	-0.002	-0.012	-0.025	-0.03	-0.031
SPAC1F12.08	cab4	inviable	E	0.005	0.373	2.837	5.072	5.835
SPAC1F12.09	gpi17	inviable	E	0.032	0.982	3.871	5.36	5.717
SPAC1F12.10c	SPAC1F12.10c	viable	V	0.038	0.224	0.459	0.545	0.563
SPAC1F3.01	rrp6	viable	E	0.112	0.72	2.573	4.641	5.872
SPAC1F3.02c	mkh1	viable	Not_determined	0.0	0.0	0.0	0.28	3.37
SPAC1F3.03	sro7	viable	V	0.021	0.251	0.675	0.854	0.895
SPAC1F3.04c	tsr3	viable	Not_determined	0.168	0.712	2.245	4.261	5.811
SPAC1F3.05	gga21	viable	V	0.023	0.078	0.212	0.377	0.501
SPAC1F3.06c	spo15	viable	V	0.018	0.004	0.0	0.0	0.0
SPAC1F3.07c	rsc58	viable	V	0.0	0.005	0.663	2.149	2.714
SPAC1F3.08c	SPAC1F3.08c	unknown	Not_determined	0.003	0.0	0.0	0.0	0.0
SPAC1F3.09	mug161	viable	V	0.003	0.007	0.015	0.024	0.031
SPAC1F3.10c	oct1	viable	V	0.0	0.002	0.716	3.378	4.76
SPAC1F5.02	pdi1	inviable	E	0.0	0.016	0.783	2.686	3.738
SPAC1F5.03c	SPAC1F5.03c	viable	V	0.019	0.046	0.101	0.162	0.207
SPAC1F5.04c	cdc12	inviable	E	0.001	0.247	2.671	5.22	6.12
SPAC1F5.06	lsh1	inviable	E	0.092	1.497	4.581	5.974	6.296
SPAC1F5.07c	hem14	viable	V	0.0	0.001	0.129	0.458	0.589
SPAC1F5.08c	yam8	viable	V	-0.012	-0.001	-0.0	-0.0	-0.0
SPAC1F5.09c	shk2	viable	V	-0.0	-0.0	-0.0	-0.0	-0.0
SPAC1F5.10	fal1	viable	V	0.167	0.85	2.636	4.497	5.588
SPAC1F5.11c	tra2	inviable	E	0.049	0.342	1.505	3.3	4.731
SPAC1F7.01c	spt6	viable	V	0.203	0.929	2.601	4.163	5.008
SPAC1F7.02c	has1	inviable	E	0.445	2.657	5.449	6.461	6.683
SPAC1F7.03	pkd2	inviable	E	0.036	0.938	4.407	6.917	7.728
SPAC1F7.04	rho1	condition-dependent	V	0.342	2.5	5.56	6.721	6.979
SPAC1F7.05	cdc22	inviable	E	0.401	2.392	4.904	5.815	6.015
SPAC1F7.08	fio1	viable	V	0.012	0.003	0.0	0.0	0.0
SPAC1F7.09c	dal2	viable	V	0.006	0.041	0.164	0.327	0.44
SPAC1F7.10	SPAC1F7.10	viable	V	-0.001	-0.0	-0.0	-0.0	-0.0
SPAC1F7.11c	SPAC1F7.11c	viable	V	0.035	0.21	0.43	0.51	0.527
SPAC1F7.12	yak3	viable	V	-0.014	-0.0	-0.0	-0.0	-0.0
SPAC1F7.14c	dmo2	condition-dependent	Not_determined	0.013	0.064	0.218	0.429	0.592
SPAC1F8.01	ght3	viable	V	0.0	0.0	0.007	0.387	1.206
SPAC1F8.02c	shu1	viable	V	0.041	0.103	0.224	0.358	0.457
SPAC1F8.03c	str3	viable	V	-0.0	-0.0	-0.0	-0.0	-0.0
SPAC1F8.04c	hhy1	viable	V	0.002	0.0	0.0	0.0	0.0
SPAC1F8.05	isp3	condition-dependent	V	-0.062	-0.372	-0.763	-0.905	-0.936
SPAC1F8.06	pfl8	viable	V	-0.016	-0.004	-0.0	-0.0	-0.0
SPAC1F8.07c	pdc101	inviable	E	0.43	2.568	5.265	6.243	6.457
SPAC1F8.08	SPAC1F8.08	viable	V	0.001	0.0	0.0	0.0	0.0
SPAC20G4.01	caf16	viable	V	0.001	0.005	0.011	0.016	0.018
SPAC20G4.02c	fus1	viable	V	0.002	0.0	0.0	0.0	0.0
SPAC20G4.03c	hri1	viable	V	-0.004	-0.01	-0.021	-0.034	-0.043
SPAC20G4.04c	hus1	viable	V	0.0	0.009	0.107	0.353	0.576
SPAC20G4.05c	fmp40	viable	V	-0.003	-0.0	-0.0	-0.0	-0.0
SPAC20G4.06c	adf1	inviable	E	0.419	2.5	5.126	6.078	6.287
SPAC20G4.07c	erg4	viable	V	0.0	0.018	0.241	0.823	1.357
SPAC20G4.08	pdc1	viable	V	0.022	0.081	0.231	0.418	0.561
SPAC20G4.09	SPAC20G4.09	unknown	Not_determined	-0.001	-0.0	-0.0	-0.0	-0.0
SPAC20G8.01	cdc17	inviable	E	0.42	2.026	4.494	5.787	6.194
SPAC20G8.02	SPAC20G8.02	viable	V	-0.0	-0.0	-0.002	-0.284	-0.763
SPAC20G8.03	itr2	inviable	E	0.196	1.65	4.32	5.63	5.987
SPAC20G8.04c	cir2	viable	V	-0.003	-0.0	-0.0	-0.0	-0.0
SPAC20G8.05c	cdc15	condition-dependent	E	0.007	0.411	2.802	4.916	5.649
SPAC20G8.06	not1	inviable	E	0.112	0.73	2.516	4.345	5.346
SPAC20G8.07c	erg2	viable	V	0.04	0.67	2.77	4.34	4.896
SPAC20G8.08c	fft1	viable	V	-0.001	-0.0	-0.0	-0.0	-0.0
SPAC20G8.09c	nat10	condition-dependent	V	0.283	2.107	4.723	5.72	5.942
SPAC20G8.10c	atg6	viable	V	-0.0	-0.0	-0.0	-0.0	-0.0
SPAC20H4.01	utp5	inviable	E	0.259	1.667	4.305	5.83	6.329
SPAC20H4.02	dsc3	viable	V	0.021	0.005	0.0	0.0	0.0
SPAC20H4.03c	tfs1	viable	V	0.009	0.088	0.221	0.276	0.288
SPAC20H4.04	fml2	viable	V	-0.018	-0.0	-0.0	-0.0	-0.0
SPAC20H4.05c	mde1	viable	V	-0.011	-0.068	-0.139	-0.165	-0.171
SPAC20H4.06c	gpl1	viable	V	0.013	0.076	0.155	0.184	0.191
SPAC20H4.07	rad57	viable	V	0.046	0.291	1.169	2.408	3.332
SPAC20H4.08	whi2	viable	V	0.007	0.002	0.0	0.0	0.0
SPAC20H4.09	gih35	viable	V	0.021	0.126	0.259	0.307	0.318
SPAC20H4.10	ufd2	viable	V	0.0	0.008	0.343	0.847	1.014
SPAC20H4.11c	rho5	viable	V	0.001	0.0	0.0	0.0	0.0
SPAC212.04c	SPAC212.04c	viable	V	0.039	0.23	0.472	0.559	0.578
SPAC212.08c	SPAC212.08c	viable	V	0.0	0.034	0.751	1.561	1.804
SPAC212.12	SPAC212.12	unknown	Not_determined	-0.014	-0.003	-0.0	-0.0	-0.0
SPAC21E11.04	aca1	viable	V	-0.01	-0.063	-0.128	-0.152	-0.157
SPAC21E11.05c	cyp8	viable	V	0.007	0.018	0.038	0.061	0.078
SPAC21E11.06	tif224	inviable	E	0.433	2.583	5.296	6.28	6.496
SPAC21E11.07	iba57	inviable	E	0.017	0.168	0.929	2.241	3.316
SPAC21E11.08	lcb2	inviable	E	0.436	2.127	4.703	6.031	6.442
SPAC222.03c	tim10	inviable	E	0.019	0.236	1.47	3.644	5.378
SPAC222.04c	ies6	condition-dependent	V	0.0	0.019	0.405	1.638	2.833
SPAC222.05c	mss1	viable	V	0.021	0.124	0.255	0.302	0.312
SPAC222.06	mak16	inviable	E	0.409	2.024	4.455	5.678	6.048
SPAC222.07c	hri2	viable	V	0.0	0.0	0.0	0.0	0.0
SPAC222.08c	sno1	viable	V	0.047	0.251	0.933	1.902	2.661
SPAC222.09	seb1	inviable	E	0.229	1.831	4.577	5.843	6.172
SPAC222.10c	byr4	inviable	E	0.217	1.79	4.599	5.944	6.303
SPAC222.11	hem13	inviable	E	0.018	0.28	1.755	3.988	5.469
SPAC222.12c	atp2	viable	V	0.077	0.288	0.819	1.468	1.947
SPAC222.13c	SPAC222.13c	viable	V	-0.002	-0.0	-0.0	-0.0	-0.0
SPAC222.14c	sey1	viable	V	0.091	0.228	0.496	0.793	1.014
SPAC222.15	meu13	viable	V	0.012	0.072	0.148	0.175	0.181
SPAC222.16c	csn3	viable	V	-0.002	-0.0	-0.0	-0.0	-0.0
SPAC222.17	SPAC222.17	viable	Not_determined	-0.006	-0.0	-0.0	-0.0	-0.0
SPAC227.01c	erd1	viable	V	0.006	0.13	1.025	2.64	3.834
SPAC227.05	pfd4	viable	V	0.001	0.045	0.439	1.197	1.752
SPAC227.08c	yth1	inviable	E	0.012	0.542	3.295	5.586	6.363
SPAC227.09	fol3	inviable	E	0.114	0.623	2.136	3.945	5.136
SPAC227.10	pfd2	viable	V	-0.003	-0.001	-0.0	-0.0	-0.0
SPAC227.11c	yos9	viable	V	0.005	0.032	0.066	0.078	0.081
SPAC227.12	rna4	inviable	E	0.043	1.092	3.993	5.431	5.773
SPAC227.13c	isu1	viable	V	0.381	2.273	4.661	5.526	5.716
SPAC227.14	yfh7	viable	V	-0.005	-0.026	-0.056	-0.068	-0.071
SPAC227.15	reg1	viable	V	-0.002	-0.001	-0.0	-0.0	-0.0
SPAC227.16c	psf3	inviable	E	0.33	1.566	3.812	5.295	5.874
SPAC227.17c	SPAC227.17c	viable	V	0.0	0.045	0.523	1.08	1.294
SPAC227.18	lys3	viable	V	-0.061	-0.015	-0.001	-0.0	-0.0
SPAC227.19c	pig25	unknown	Not_determined	0.067	1.28	4.183	5.541	5.858
SPAC22A12.01c	pso2	viable	V	0.0	0.008	0.508	1.35	1.638
SPAC22A12.02c	mug103	viable	V	0.008	0.002	0.0	0.0	0.0
SPAC22A12.03c	csn4	viable	V	-0.026	-0.006	-0.0	-0.0	-0.0
SPAC22A12.04c	rps2201	viable	V	0.244	0.816	2.145	3.687	4.796
SPAC22A12.06c	fsh2	viable	V	0.052	0.012	0.0	0.0	0.0
SPAC22A12.07c	ogm1	viable	V	0.011	0.065	0.134	0.159	0.165
SPAC22A12.08c	crd1	inviable	E	0.0	0.016	0.559	2.562	4.497
SPAC22A12.09c	sap114	inviable	E	0.268	2.14	4.93	6.009	6.25
SPAC22A12.10	ept1	viable	V	0.056	0.142	0.31	0.496	0.634
SPAC22A12.11	dak1	viable	V	0.003	0.0	0.0	0.0	0.0
SPAC22A12.12c	rrp40	inviable	E	0.022	0.918	4.105	5.856	6.284
SPAC22A12.14c	SPAC22A12.14c	viable	V	-0.0	-0.0	-0.0	-0.0	-0.0
SPAC22A12.15c	bip1	inviable	E	0.454	2.095	4.699	6.157	6.649
SPAC22A12.16	acl2	viable	V	0.021	0.052	0.113	0.181	0.231
SPAC22A12.17c	SPAC22A12.17c	viable	V	-0.035	-0.0	-0.0	-0.0	-0.0
SPAC22E12.01	pet3	viable	V	0.004	0.0	0.0	0.0	0.0
SPAC22E12.02	SPAC22E12.02	inviable	E	0.003	0.371	3.077	5.506	6.301
SPAC22E12.03c	sdj1	viable	V	-0.045	-0.0	-0.0	-0.0	-0.0
SPAC22E12.04	ccs1	viable	V	0.108	0.379	1.047	1.873	2.5
SPAC22E12.06c	gmh3	viable	V	0.024	0.144	0.296	0.351	0.363
SPAC22E12.08	rrn10	inviable	E	0.002	0.366	2.813	4.565	5.025
SPAC22E12.09c	krp1	inviable	E	0.04	0.391	1.896	3.989	5.395
SPAC22E12.10c	etp1	inviable	E	0.001	0.192	2.271	4.848	5.904
SPAC22E12.11c	set3	viable	V	0.02	0.069	0.19	0.341	0.455
SPAC22E12.13c	rlp24	inviable	E	0.373	2.333	4.873	5.803	6.007
SPAC22E12.14c	sck2	viable	V	-0.046	-0.001	-0.0	-0.0	-0.0
SPAC22E12.16c	pik1	inviable	E	0.334	2.309	5.02	6.036	6.261
SPAC22E12.17c	glo3	inviable	E	0.435	2.599	5.329	6.318	6.535
SPAC22E12.18	SPAC22E12.18	viable	V	0.279	0.856	2.005	3.133	3.838
SPAC22E12.19	snt1	viable	V	0.038	0.137	0.316	0.457	0.526
SPAC22F3.03c	rdh54	viable	V	-0.002	-0.012	-0.024	-0.028	-0.029
SPAC22F3.04	mug62	viable	V	0.012	0.003	0.0	0.0	0.0
SPAC22F3.05c	alp41	inviable	E	0.068	0.653	2.772	5.128	6.421
SPAC22F3.06c	lon1	viable	V	0.049	0.293	0.6	0.711	0.736
SPAC22F3.07c	atp20	viable	V	0.027	0.068	0.148	0.236	0.302
SPAC22F3.08c	rok1	viable	V	0.111	0.447	1.253	2.112	2.655
SPAC22F3.09c	res2	viable	V	0.065	0.164	0.357	0.571	0.73
SPAC22F3.10c	gcs1	condition-dependent	V	0.082	0.461	1.241	1.793	2.014
SPAC22F3.11c	snu23	viable	V	0.171	1.796	4.622	5.785	6.048
SPAC22F3.12c	rgs1	viable	V	0.013	0.076	0.155	0.184	0.19
SPAC22F3.13	tsc1	viable	V	0.04	0.342	0.976	1.341	1.455
SPAC22F3.15	aim41	unknown	Not_determined	-0.033	-0.001	-0.0	-0.0	-0.0
SPAC22F8.02c	pvg5	viable	V	-0.007	-0.043	-0.088	-0.105	-0.108
SPAC22F8.03c	SPAC22F8.03c	viable	V	-0.001	-0.0	-0.0	-0.0	-0.0
SPAC22F8.04	pet1	viable	V	-0.016	-0.095	-0.195	-0.231	-0.239
SPAC22F8.05	SPAC22F8.05	viable	V	-0.0	-0.0	-0.0	-0.0	-0.0
SPAC22F8.06	pam1	inviable	E	0.128	1.431	4.287	5.811	6.239
SPAC22F8.07c	rtf1	viable	V	0.01	0.044	0.099	0.133	0.145
SPAC22F8.08	sec24	inviable	E	0.466	2.784	5.709	6.77	7.002
SPAC22F8.09	rrp16	viable	V	0.042	0.145	0.336	0.493	0.574
SPAC22F8.10c	sap145	inviable	E	0.245	1.794	4.097	5.023	5.239
SPAC22F8.11	plc1	condition-dependent	V	0.15	1.053	3.412	5.426	6.346
SPAC22F8.12c	shf1	viable	V	0.034	0.102	0.234	0.358	0.432
SPAC22G7.01c	fra1	viable	V	-0.018	-0.0	-0.0	-0.0	-0.0
SPAC22G7.02	kap111	condition-dependent	V	0.009	0.001	0.0	0.0	0.0
SPAC22G7.03	SPAC22G7.03	viable	V	-0.02	-0.0	-0.0	-0.0	-0.0
SPAC22G7.04	pan2	viable	V	0.057	0.184	0.485	0.846	1.119
SPAC22G7.05	kri1	viable	V	0.234	1.82	4.628	5.994	6.367
SPAC22G7.06c	ura1	viable	V	0.124	0.741	1.52	1.802	1.864
SPAC22G7.07c	ime4	viable	V	-0.002	-0.001	-0.0	-0.0	-0.0
SPAC22G7.08	ppk8	viable	V	0.026	0.065	0.142	0.226	0.29
SPAC22G7.09c	nup45	inviable	E	0.121	1.253	3.781	5.215	5.644
SPAC22G7.10	iss1	inviable	E	0.178	1.305	3.761	5.374	5.953
SPAC22H10.03c	kap114	viable	V	0.0	0.0	0.009	0.335	0.987
SPAC22H10.04	ppa3	viable	V	0.0	0.0	0.0	0.061	0.481
SPAC22H10.05c	SPAC22H10.05c	inviable	E	0.105	1.582	4.715	6.116	6.441
SPAC22H10.06c	SPAC22H10.06c	unknown	Not_determined	-0.037	-0.002	-0.0	-0.0	-0.0
SPAC22H10.07	scd2	viable	V	0.038	0.095	0.208	0.333	0.426
SPAC22H10.08	SPAC22H10.08	viable	V	0.041	0.01	0.0	0.0	0.0
SPAC22H10.09	cbp8	viable	V	0.024	0.092	0.213	0.298	0.335
SPAC22H10.10	alp21	inviable	E	0.102	1.345	4.321	5.962	6.425
SPAC22H10.11c	crf1	viable	V	0.183	0.929	2.21	2.964	3.226
SPAC22H10.12c	gdi1	inviable	E	0.385	2.375	4.934	5.869	6.074
SPAC22H12.01c	mug35	viable	V	0.003	0.017	0.034	0.04	0.042
SPAC22H12.02	tfg3	viable	V	0.0	0.012	0.162	0.494	0.751
SPAC22H12.03	pah2	viable	V	-0.003	-0.001	-0.0	-0.0	-0.0
SPAC22H12.04c	rps102	viable	V	0.419	1.868	4.293	5.781	6.329
SPAC22H12.05c	fsc1	viable	V	0.019	0.114	0.235	0.278	0.288
SPAC23A1.02c	ted1	viable	V	0.006	0.001	0.0	0.0	0.0
SPAC23A1.03	apt1	viable	V	0.089	0.235	0.531	0.866	1.115
SPAC23A1.04c	mnl1	viable	V	-0.01	-0.0	-0.0	-0.0	-0.0
SPAC23A1.05	tsc3	inviable	E	0.16	1.629	4.14	5.166	5.397
SPAC23A1.06c	cmk2	viable	V	-0.001	-0.0	-0.0	-0.0	-0.0
SPAC23A1.07	rnf170	viable	V	0.003	0.018	0.037	0.044	0.045
SPAC23A1.08c	rpl3401	inviable	E	0.412	2.457	5.038	5.974	6.179
SPAC23A1.10	tef102	viable	Not_determined	-0.002	-0.008	-0.018	-0.023	-0.024
SPAC23A1.12c	frs1	inviable	E	0.447	2.667	5.469	6.485	6.707
SPAC23A1.14c	SPAC23A1.14c	viable	V	-0.001	-0.0	-0.0	-0.0	-0.0
SPAC23A1.15c	sec20	viable	V	0.324	2.273	4.976	5.993	6.218
SPAC23A1.17	bbc1	viable	V	0.012	0.058	0.127	0.162	0.172
SPAC23A1.18c	mrp51	inviable	E	0.0	0.001	0.48	3.273	5.501
SPAC23A1.19c	hrq1	condition-dependent	E	0.045	0.114	0.249	0.397	0.508
SPAC23A1.20	new11	unknown	Not_determined	-0.0	-0.0	-0.0	-0.0	-0.0
SPAC23C11.01	ice2	viable	V	-0.001	-0.0	-0.0	-0.0	-0.0
SPAC23C11.03	mpp10	inviable	E	0.326	2.338	5.163	6.231	6.468
SPAC23C11.04c	pnk1	viable	V	0.043	0.26	0.532	0.631	0.653
SPAC23C11.05	ipp1	inviable	E	0.158	1.854	4.98	6.296	6.595
SPAC23C11.06c	SPAC23C11.06c	viable	V	0.01	0.0	0.0	0.0	0.0
SPAC23C11.07	SPAC23C11.07	viable	V	-0.008	-0.002	-0.0	-0.0	-0.0
SPAC23C11.08	php3	viable	V	0.021	0.355	1.118	1.467	1.549
SPAC23C11.09	ala1	inviable	E	0.435	2.599	5.329	6.319	6.536
SPAC23C11.10	mpn1	viable	V	0.038	0.228	0.468	0.555	0.574
SPAC23C11.11	cka1	inviable	E	0.022	0.265	1.651	4.178	6.278
SPAC23C11.13c	hpt1	viable	V	0.298	1.586	3.409	4.224	4.443
SPAC23C11.14	zhf1	viable	V	0.053	0.133	0.29	0.464	0.593
SPAC23C11.15	pst2	condition-dependent	V	0.121	0.376	0.953	1.631	2.136
SPAC23C11.16	plo1	condition-dependent	E	0.245	1.528	3.961	5.419	5.914
SPAC23C11.17	mdm38	inviable	E	0.217	2.039	5.019	6.214	6.483
SPAC23C4.02	crn1	viable	V	-0.001	-0.0	-0.0	-0.0	-0.0
SPAC23C4.03	hrk1	viable	V	0.0	0.0	0.0	0.0	0.0
SPAC23C4.05c	les1	viable	V	-0.003	-0.001	-0.0	-0.0	-0.0
SPAC23C4.06c	efm6	viable	V	-0.007	-0.021	-0.048	-0.074	-0.092
SPAC23C4.07	tht2	viable	V	-0.025	-0.0	-0.0	-0.0	-0.0
SPAC23C4.08	rho3	condition-dependent	V	0.048	0.12	0.263	0.42	0.537
SPAC23C4.09c	SPAC23C4.09c	viable	V	-0.004	-0.001	-0.0	-0.0	-0.0
SPAC23C4.10	sec2	inviable	E	0.306	2.165	4.75	5.723	5.939
SPAC23C4.11	atp18	viable	V	0.072	0.359	0.93	1.339	1.51
SPAC23C4.12	hhp2	viable	V	0.026	0.154	0.317	0.375	0.388
SPAC23C4.13	bet1	inviable	E	0.322	2.318	5.126	6.188	6.424
SPAC23C4.14	alg1	inviable	E	0.045	1.089	3.966	5.415	5.766
SPAC23C4.15	rpb5	inviable	E	0.129	0.754	2.748	5.276	7.01
SPAC23C4.16c	atg15	viable	V	0.0	0.0	0.0	0.0	0.0
SPAC23C4.17	trm402	viable	V	-0.017	-0.0	-0.0	-0.0	-0.0
SPAC23C4.18c	rad4	inviable	E	0.239	2.005	4.868	6.068	6.352
SPAC23C4.19	spt5	inviable	E	0.109	1.445	4.34	5.746	6.102
SPAC23D3.01	pdp3	viable	V	0.043	0.011	0.0	0.0	0.0
SPAC23D3.02	rfc2	inviable	E	0.0	0.084	1.566	4.066	5.298
SPAC23D3.03c	SPAC23D3.03c	viable	V	-0.013	-0.076	-0.155	-0.184	-0.191
SPAC23D3.04c	gpd2	viable	V	-0.014	-0.083	-0.169	-0.201	-0.208
SPAC23D3.06c	nup146	inviable	E	0.421	2.511	5.149	6.105	6.315
SPAC23D3.07	pup1	inviable	E	0.252	1.825	4.546	5.88	6.25
SPAC23D3.08	usp108	inviable	E	0.001	0.025	0.356	1.23	2.033
SPAC23D3.09	arp42	viable	V	0.036	0.209	0.815	1.696	2.389
SPAC23D3.10c	eng2	viable	V	0.0	0.0	0.001	0.001	0.001
SPAC23D3.11	ayr1	viable	V	0.023	0.006	0.0	0.0	0.0
SPAC23D3.12	pho842	viable	V	0.027	0.159	0.327	0.388	0.401
SPAC23D3.13c	SPAC23D3.13c	viable	V	0.019	0.048	0.106	0.169	0.216
SPAC23D3.14c	aah2	viable	Not_determined	-0.013	-0.003	-0.0	-0.0	-0.0
SPAC23D3.16	lam4	viable	Not_determined	0.125	1.236	3.861	5.496	6.029
SPAC23E2.01	fep1	viable	V	0.012	0.088	0.393	0.87	1.251
SPAC23E2.02	lsd2	inviable	E	0.01	0.15	1.106	2.994	4.597
SPAC23E2.03c	sms1	viable	V	-0.006	-0.001	-0.0	-0.0	-0.0
SPAC23G3.01	rpb2	inviable	E	0.365	2.413	5.155	6.173	6.397
SPAC23G3.02c	sib1	viable	V	0.0	0.0	0.0	0.091	0.486
SPAC23G3.03	sib2	viable	V	-0.001	-0.007	-0.014	-0.017	-0.017
SPAC23G3.04	ies4	viable	V	0.015	0.09	0.184	0.219	0.226
SPAC23G3.05c	SPAC23G3.05c	viable	V	0.02	0.005	0.0	0.0	0.0
SPAC23G3.06	nop58	inviable	E	0.254	2.137	5.03	6.162	6.415
SPAC23G3.07c	snf30	viable	V	0.017	0.104	0.213	0.253	0.262
SPAC23G3.08c	ubp7	viable	V	-0.038	-0.002	-0.0	-0.0	-0.0
SPAC23G3.09	taf4	inviable	E	0.046	0.985	3.37	4.511	4.78
SPAC23G3.10c	ssr3	condition-dependent	V	0.009	0.129	0.925	2.473	3.781
SPAC23G3.11	rpn6	inviable	E	0.147	1.611	4.463	5.789	6.121
SPAC23G3.12c	htr12	viable	V	0.016	0.094	0.194	0.232	0.24
SPAC23H3.02c	ini1	inviable	E	0.146	0.904	2.952	4.927	5.96
SPAC23H3.03c	npr2	viable	V	0.006	0.122	1.063	3.076	4.819
SPAC23H3.04	SPAC23H3.04	viable	V	0.015	0.088	0.18	0.214	0.221
SPAC23H3.05c	swd1	viable	V	0.002	0.026	0.198	0.538	0.828
SPAC23H3.06	apl6	viable	V	0.009	0.08	0.298	0.496	0.587
SPAC23H3.08c	bub3	viable	V	-0.005	-0.001	-0.0	-0.0	-0.0
SPAC23H3.09c	gly1	viable	V	0.285	1.263	3.163	4.588	5.221
SPAC23H3.10	ssr2	inviable	E	0.021	0.234	1.38	3.418	5.1
SPAC23H3.11c	max1	viable	V	0.031	0.183	0.375	0.445	0.46
SPAC23H3.12c	SPAC23H3.12c	viable	V	-0.003	-0.001	-0.0	-0.0	-0.0
SPAC23H3.13c	gpa2	viable	V	0.15	0.425	1.011	1.683	2.184
SPAC23H3.14	avl9	viable	V	-0.004	-0.001	-0.0	-0.0	-0.0
SPAC23H4.01c	osh3	viable	V	-0.009	-0.056	-0.116	-0.137	-0.142
SPAC23H4.02	ppk9	viable	V	-0.0	-0.0	-0.0	-0.0	-0.0
SPAC23H4.04	slm3	inviable	E	0.0	0.001	0.177	1.73	3.753
SPAC23H4.06	gln1	inviable	E	0.384	2.294	4.703	5.577	5.768
SPAC23H4.07c	srp102	inviable	E	0.254	1.583	4.312	6.124	6.799
SPAC23H4.08	iwr1	viable	V	0.015	0.106	0.41	0.783	1.022
SPAC23H4.09	cdb4	viable	V	0.007	0.002	0.0	0.0	0.0
SPAC23H4.10c	thi4	viable	V	-0.0	-0.0	-0.0	-0.105	-0.616
SPAC23H4.11c	cnl2	inviable	E	0.0	0.065	1.642	4.173	5.242
SPAC23H4.12	alp13	condition-dependent	V	0.0	0.04	0.503	1.057	1.27
SPAC23H4.13c	SPAC23H4.13c	unknown	Not_determined	-0.058	-0.008	-0.0	-0.0	-0.0
SPAC23H4.14	vam6	viable	V	0.007	0.117	0.873	2.37	3.642
SPAC23H4.15	tsr1	inviable	E	0.381	1.998	4.317	5.378	5.671
SPAC23H4.16c	not11	viable	V	0.028	0.006	0.0	0.0	0.0
SPAC23H4.17c	srb10	viable	V	0.068	0.016	0.001	0.0	0.0
SPAC23H4.18c	rbx1	inviable	E	0.001	0.214	2.304	4.533	5.333
SPAC23H4.21	SPAC23H4.21	unknown	Not_determined	0.009	0.0	0.0	0.0	0.0
SPAC24B11.05	SPAC24B11.05	viable	V	-0.033	-0.001	-0.0	-0.0	-0.0
SPAC24B11.06c	sty1	viable	V	0.0	0.008	0.125	0.442	0.737
SPAC24B11.07c	SPAC24B11.07c	viable	V	-0.039	-0.001	-0.0	-0.0	-0.0
SPAC24B11.09	mpc2	viable	V	0.197	0.495	1.079	1.725	2.205
SPAC24B11.10c	cfh1	viable	V	0.016	0.073	0.164	0.213	0.23
SPAC24B11.11c	sid2	inviable	E	0.001	0.248	2.835	5.054	5.668
SPAC24B11.12c	dnf2	viable	V	0.038	0.354	0.867	1.073	1.119
SPAC24B11.13	hem3	viable	V	0.014	0.767	3.941	5.869	6.366
SPAC24B11.14	SPAC24B11.14	unknown	Not_determined	0.001	0.0	0.0	0.0	0.0
SPAC24C9.03	mvd1	inviable	E	0.175	1.933	5.072	6.377	6.673
SPAC24C9.04	med9	inviable	E	0.01	0.065	0.275	0.592	0.844
SPAC24C9.06c	aco1	inviable	E	0.174	0.817	2.493	4.328	5.477
SPAC24C9.07c	bgs2	viable	V	0.019	0.112	0.229	0.271	0.281
SPAC24C9.08	cps1	viable	V	-0.021	-0.001	-0.0	-0.0	-0.0
SPAC24C9.09	SPAC24C9.09	inviable	E	0.0	0.024	0.815	3.126	4.846
SPAC24C9.10c	mrp4	inviable	E	0.0	0.054	1.124	3.8	5.776
SPAC24C9.11	sgd1	inviable	E	0.406	2.247	4.76	5.808	6.071
SPAC24C9.12c	shm1	viable	V	-0.0	-0.0	-0.0	-0.0	-0.0
SPAC24C9.13c	mrp10	inviable	E	0.003	0.099	1.158	3.736	6.05
SPAC24C9.14	otu1	viable	V	-0.015	-0.0	-0.0	-0.0	-0.0
SPAC24C9.15c	spn5	viable	V	0.001	0.0	0.0	0.0	0.0
SPAC24H6.01c	gup1	inviable	E	0.017	0.502	2.79	4.805	5.561
SPAC24H6.02c	zim17	viable	V	0.007	0.002	0.0	0.0	0.0
SPAC24H6.03	cul3	viable	V	-0.0	-0.0	-0.0	-0.0	-0.0
SPAC24H6.04	hxk1	viable	V	-0.018	-0.0	-0.0	-0.0	-0.0
SPAC24H6.05	cdc25	inviable	E	0.361	1.676	3.969	5.42	5.966
SPAC24H6.06	sld3	inviable	E	0.347	2.073	4.251	5.041	5.214
SPAC24H6.08	SPAC24H6.08	viable	V	-0.001	-0.0	-0.0	-0.0	-0.0
SPAC24H6.09	gef1	viable	V	0.003	0.0	0.0	0.0	0.0
SPAC24H6.10c	aro4	viable	V	-0.001	-0.0	-0.0	-0.0	-0.0
SPAC24H6.11c	vsb1	viable	V	-0.007	-0.0	-0.0	-0.0	-0.0
SPAC24H6.12c	uba3	inviable	E	0.028	0.276	1.531	3.698	5.474
SPAC24H6.13	SPAC24H6.13	viable	V	0.026	0.066	0.143	0.229	0.293
SPAC25A8.01c	fft3	condition-dependent	V	0.047	0.195	0.603	1.134	1.541
SPAC25A8.02	atg14	viable	V	-0.004	-0.0	-0.0	-0.0	-0.0
SPAC25A8.03c	SPAC25A8.03c	viable	V	-0.003	-0.009	-0.019	-0.03	-0.038
SPAC25B8.02	sds3	inviable	E	0.0	0.033	0.278	0.459	0.507
SPAC25B8.03	psd2	viable	V	-0.036	-0.005	-0.0	-0.0	-0.0
SPAC25B8.04c	mss51	viable	V	0.004	0.038	0.219	0.536	0.798
SPAC25B8.05	deg1	viable	V	0.036	0.183	0.662	1.333	1.857
SPAC25B8.06c	dia4	condition-dependent	E	0.0	0.0	0.612	3.644	5.21
SPAC25B8.07c	rcf1	viable	V	-0.007	-0.042	-0.086	-0.101	-0.105
SPAC25B8.08	SPAC25B8.08	viable	V	0.001	0.0	0.0	0.0	0.0
SPAC25B8.09	SPAC25B8.09	viable	V	-0.025	-0.0	-0.0	-0.0	-0.0
SPAC25B8.10	SPAC25B8.10	viable	V	0.046	0.115	0.25	0.4	0.511
SPAC25B8.11	SPAC25B8.11	viable	V	0.004	0.0	0.0	0.0	0.0
SPAC25B8.13c	isp7	viable	V	-0.0	-0.0	-0.0	-0.0	-0.0
SPAC25B8.14	mal2	inviable	E	0.0	0.071	1.432	4.012	5.421
SPAC25B8.15c	tyw3	viable	V	0.0	0.001	0.514	2.433	3.312
SPAC25B8.16	pop100	inviable	E	0.152	1.597	4.551	6.04	6.442
SPAC25B8.17	ypf1	viable	V	0.031	0.185	0.38	0.45	0.466
SPAC25B8.19c	loz1	viable	V	0.079	0.341	0.776	1.044	1.144
SPAC25B8.20	smp1	viable	Not_determined	0.021	0.124	0.255	0.302	0.312
SPAC25G10.01	SPAC25G10.01	viable	V	0.018	0.106	0.218	0.258	0.267
SPAC25G10.02	cce1	viable	V	0.012	0.002	0.0	0.0	0.0
SPAC25G10.03	zip1	condition-dependent	V	0.439	1.1	2.399	3.836	4.905
SPAC25G10.04c	rec10	viable	V	0.01	0.003	0.0	0.0	0.0
SPAC25G10.05c	his1	viable	V	0.001	0.0	0.0	0.0	0.0
SPAC25G10.06	rps2801	viable	V	0.193	1.503	3.425	4.165	4.329
SPAC25G10.07c	cut7	condition-dependent	E	0.058	1.265	4.354	5.838	6.188
SPAC25G10.08	tif302	inviable	E	0.424	2.577	5.323	6.322	6.542
SPAC25G10.09c	pan1	viable	V	0.241	1.883	4.494	5.6	5.868
SPAC25H1.02	jmj1	viable	V	0.014	0.081	0.166	0.197	0.204
SPAC25H1.04	mug105	viable	V	0.017	0.048	0.107	0.168	0.208
SPAC25H1.05	meu29	viable	V	0.159	0.449	1.054	1.728	2.215
SPAC25H1.06	pcf3	viable	V	0.015	0.092	0.19	0.225	0.233
SPAC25H1.07	emc1	viable	V	0.007	0.071	0.182	0.227	0.237
SPAC25H1.09	mde5	viable	V	-0.009	-0.051	-0.104	-0.124	-0.128
SPAC25H1.10c	atp19	viable	Not_determined	0.019	0.111	0.227	0.27	0.279
SPAC26A3.01	sxa1	viable	V	0.011	0.064	0.132	0.157	0.162
SPAC26A3.02	myh1	viable	V	0.002	0.0	0.0	0.0	0.0
SPAC26A3.03c	rmi1	inviable	E	0.0	0.011	0.113	0.226	0.269
SPAC26A3.05	chc1	inviable	E	0.11	1.605	4.716	6.09	6.407
SPAC26A3.06	bud23	viable	V	-0.01	-0.06	-0.123	-0.146	-0.151
SPAC26A3.09c	rga2	viable	V	-0.0	-0.0	-0.0	-0.0	-0.0
SPAC26A3.10	cnt6	viable	V	-0.029	-0.001	-0.0	-0.0	-0.0
SPAC26A3.11	SPAC26A3.11	viable	V	-0.026	-0.001	-0.0	-0.0	-0.0
SPAC26A3.12c	dhp1	inviable	E	0.434	2.591	5.313	6.299	6.516
SPAC26A3.13c	Tf2-4	unknown	Not_determined	0.03	0.176	0.361	0.428	0.443
SPAC26A3.14c	atg44	viable	V	0.033	0.196	0.402	0.477	0.493
SPAC26A3.15c	nsp1	inviable	E	0.416	2.484	5.093	6.039	6.246
SPAC26A3.16	dsk2	viable	V	0.04	0.01	0.0	0.0	0.0
SPAC26A3.17c	rmt2	viable	V	0.002	0.0	0.0	0.0	0.0
SPAC26F1.01	sec74	viable	V	-0.015	-0.09	-0.184	-0.218	-0.226
SPAC26F1.02	pnn1	viable	V	-0.017	-0.004	-0.0	-0.0	-0.0
SPAC26F1.03	pda1	inviable	E	0.317	0.914	2.208	3.707	4.831
SPAC26F1.04c	etr1	viable	V	-0.001	-0.0	-0.0	-0.0	-0.0
SPAC26F1.05	mug106	viable	V	0.0	0.0	0.0	0.0	0.0
SPAC26F1.06	gpm1	inviable	E	0.384	2.418	5.066	6.039	6.252
SPAC26F1.07	SPAC26F1.07	viable	V	-0.0	-0.0	-0.0	-0.0	-0.0
SPAC26F1.08c	SPAC26F1.08c	viable	V	-0.001	-0.0	-0.0	-0.0	-0.0
SPAC26F1.09	gyp51	viable	V	-0.0	-0.0	-0.0	-0.0	-0.0
SPAC26F1.10c	pyp1	viable	V	0.048	0.485	1.23	1.535	1.603
SPAC26F1.12c	hgh1	viable	V	0.025	0.15	0.307	0.364	0.377
SPAC26F1.13c	lrs1	inviable	E	0.408	2.434	4.991	5.918	6.122
SPAC26F1.14c	aif1	viable	V	0.034	0.085	0.185	0.297	0.379
SPAC26H5.02c	mgs1	viable	V	-0.001	-0.0	-0.0	-0.0	-0.0
SPAC26H5.03	pcf2	viable	V	0.001	0.0	0.0	0.0	0.0
SPAC26H5.04	gid5	viable	V	0.016	0.094	0.193	0.228	0.236
SPAC26H5.05	mga2	viable	V	0.104	0.503	1.632	2.986	3.906
SPAC26H5.06	pot1	condition-dependent	E	0.002	0.065	0.781	2.554	4.154
SPAC26H5.07c	SPAC26H5.07c	viable	V	0.0	0.025	0.368	0.7	0.796
SPAC26H5.09c	SPAC26H5.09c	viable	V	0.001	0.0	0.0	0.0	0.0
SPAC26H5.11	mug56	viable	V	-0.003	-0.001	-0.0	-0.0	-0.0
SPAC26H5.12	rpo41	inviable	E	0.002	0.393	3.074	5.009	5.518
SPAC26H5.13c	kei1	inviable	E	0.477	2.848	5.839	6.923	7.161
SPAC27D7.02c	grp1	viable	V	0.04	0.01	0.0	0.0	0.0
SPAC27D7.03c	mei2	viable	V	-0.007	-0.041	-0.083	-0.099	-0.102
SPAC27D7.04	omt2	viable	V	-0.02	-0.117	-0.24	-0.284	-0.294
SPAC27D7.08c	mtl16	viable	V	0.0	0.0	0.001	0.251	1.086
SPAC27D7.11c	SPAC27D7.11c	viable	V	0.053	0.012	0.0	0.0	0.0
SPAC27D7.12c	but1	viable	V	-0.012	-0.071	-0.147	-0.175	-0.181
SPAC27D7.13c	ssm4	viable	V	-0.004	-0.0	-0.0	-0.0	-0.0
SPAC27D7.14c	tpr1	viable	V	0.119	0.513	1.641	3.135	4.284
SPAC27E2.01	SPAC27E2.01	viable	V	-0.002	-0.0	-0.0	-0.0	-0.0
SPAC27E2.02	yih1	viable	V	0.038	0.154	0.352	0.485	0.538
SPAC27E2.03c	ola1	viable	V	0.201	0.853	1.944	2.633	2.896
SPAC27E2.04c	mug155	unknown	Not_determined	0.054	0.012	0.0	0.0	0.0
SPAC27E2.05	cdc1	inviable	E	0.019	0.834	3.893	5.662	6.11
SPAC27E2.06c	msm1	inviable	E	0.0	0.0	0.116	2.046	5.085
SPAC27E2.07	pvg2	viable	V	-0.043	-0.257	-0.527	-0.625	-0.647
SPAC27E2.08	Tf2-6	unknown	Not_determined	0.025	0.064	0.139	0.223	0.285
SPAC27E2.09	mak2	viable	V	-0.002	-0.0	-0.0	-0.0	-0.0
SPAC27E2.10c	rfc3	inviable	E	0.0	0.004	1.105	4.345	5.761
SPAC27E2.12	SPAC27E2.12	viable	Not_determined	0.062	0.015	0.001	0.0	0.0
SPAC27E2.14	SPAC27E2.14	unknown	Not_determined	-0.009	-0.056	-0.115	-0.137	-0.141
SPAC27F1.02c	cdc8	inviable	E	0.038	0.36	1.952	4.668	6.888
SPAC27F1.04c	nuf2	inviable	E	0.053	0.95	3.578	5.194	5.673
SPAC27F1.05c	SPAC27F1.05c	viable	V	-0.02	-0.005	-0.0	-0.0	-0.0
SPAC27F1.06c	ani2	viable	V	0.033	0.145	0.329	0.438	0.477
SPAC27F1.07	ost1	inviable	E	0.077	1.315	4.278	5.728	6.085
SPAC27F1.08	pdt1	viable	V	-0.003	-0.001	-0.0	-0.0	-0.0
SPAC27F1.09c	prp10	inviable	E	0.456	2.72	5.577	6.613	6.84
SPAC27F1.10	SPAC27F1.10	viable	V	-0.012	-0.072	-0.148	-0.175	-0.182
SPAC29A4.02c	SPAC29A4.02c	viable	V	0.027	0.162	0.332	0.394	0.407
SPAC29A4.03c	mrps9	inviable	E	0.0	0.002	0.834	3.757	5.182
SPAC29A4.04c	cbf5	inviable	E	0.292	2.228	5.038	6.114	6.354
SPAC29A4.06c	SPAC29A4.06c	inviable	E	0.243	1.819	4.081	4.944	5.136
SPAC29A4.07	srb6	inviable	E	0.035	0.269	1.265	2.854	4.13
SPAC29A4.08c	prp19	inviable	E	0.175	1.542	4.068	5.288	5.613
SPAC29A4.09	rrp17	viable	V	0.064	0.408	1.364	2.31	2.814
SPAC29A4.10	rrn5	inviable	E	0.017	0.7	3.097	4.408	4.727
SPAC29A4.11	rga3	viable	V	-0.009	-0.051	-0.106	-0.127	-0.132
SPAC29A4.14c	pex3	viable	V	0.02	0.119	0.244	0.289	0.299
SPAC29A4.15	srs1	inviable	E	0.464	2.768	5.675	6.729	6.96
SPAC29A4.16	hal4	condition-dependent	V	0.171	1.019	2.089	2.477	2.562
SPAC29A4.17c	fun14	viable	V	-0.0	-0.0	-0.0	-0.0	-0.0
SPAC29A4.18	prw1	condition-dependent	V	0.036	0.236	1.006	2.175	3.104
SPAC29A4.19c	cta5	viable	V	0.001	0.0	0.0	0.0	0.0
SPAC29A4.20	elp3	viable	V	0.412	1.035	2.259	3.611	4.615
SPAC29A4.23	SPAC29A4.23	unknown	Not_determined	-0.002	-0.001	-0.0	-0.0	-0.0
SPAC29B12.01	ino80	inviable	E	0.228	0.842	2.264	3.807	4.822
SPAC29B12.02c	set2	viable	V	0.035	0.087	0.191	0.305	0.39
SPAC29B12.03	spd1	viable	V	0.026	0.066	0.144	0.23	0.295
SPAC29B12.04	snz1	viable	V	0.165	0.716	2.035	3.372	4.164
SPAC29B12.05c	mtq1	viable	V	0.013	0.003	0.0	0.0	0.0
SPAC29B12.06c	rcd1	viable	V	-0.021	-0.005	-0.0	-0.0	-0.0
SPAC29B12.07	sec16	inviable	E	0.12	1.565	4.394	5.613	5.892
SPAC29B12.08	clr5	viable	V	-0.028	-0.165	-0.339	-0.402	-0.416
SPAC29B12.10c	pgt1	viable	V	-0.001	-0.0	-0.0	-0.0	-0.0
SPAC29B12.11c	SPAC29B12.11c	viable	V	-0.011	-0.068	-0.14	-0.166	-0.172
SPAC29B12.12	hot13	viable	V	0.018	0.005	0.0	0.0	0.0
SPAC29B12.14c	SPAC29B12.14c	viable	V	-0.028	-0.001	-0.0	-0.0	-0.0
SPAC29E6.01	pof11	viable	V	0.01	0.0	0.0	0.0	0.0
SPAC29E6.02	prp3	inviable	E	0.311	1.696	4.134	5.555	6.037
SPAC29E6.03c	uso1	inviable	E	0.12	1.628	4.641	5.95	6.251
SPAC29E6.04	nnf1	inviable	E	0.132	0.927	3.24	5.532	6.733
SPAC29E6.05c	mxr1	viable	V	-0.004	-0.001	-0.0	-0.0	-0.0
SPAC29E6.06c	SPAC29E6.06c	inviable	E	0.423	2.528	5.183	6.145	6.356
SPAC29E6.07	SPAC29E6.07	viable	V	0.018	0.0	0.0	0.0	0.0
SPAC29E6.08	tbp1	inviable	E	0.401	2.392	4.905	5.816	6.016
SPAC29E6.09	SPAC29E6.09	viable	V	-0.004	-0.011	-0.024	-0.039	-0.05
SPAC29E6.10c	nst1	viable	V	0.138	0.345	0.753	1.204	1.539
SPAC2C4.03c	smd2	inviable	E	0.278	2.154	4.903	5.96	6.195
SPAC2C4.05	cor1	viable	V	0.002	0.041	0.298	0.774	1.151
SPAC2C4.06c	rcm1	viable	V	0.007	0.002	0.0	0.0	0.0
SPAC2C4.07c	dis32	viable	V	0.025	0.006	0.0	0.0	0.0
SPAC2C4.08	SPAC2C4.08	viable	V	-0.042	-0.01	-0.0	-0.0	-0.0
SPAC2C4.09	SPAC2C4.09	viable	V	-0.039	-0.001	-0.0	-0.0	-0.0
SPAC2C4.10c	csc4	viable	V	-0.025	-0.0	-0.0	-0.0	-0.0
SPAC2C4.12c	tpt1	inviable	E	0.109	1.465	4.456	5.929	6.306
SPAC2C4.15c	ubx2	viable	V	0.013	0.077	0.158	0.188	0.194
SPAC2C4.16c	rps801	viable	V	0.096	1.098	3.657	5.3	5.839
SPAC2C4.17c	msy2	viable	V	0.001	0.0	0.0	0.0	0.0
SPAC2E12.02	hsf1	inviable	E	0.454	2.71	5.556	6.588	6.814
SPAC2E12.03c	SPAC2E12.03c	viable	V	0.036	0.213	0.436	0.517	0.535
SPAC2E12.05	wtf1	unknown	Not_determined	-0.024	-0.0	-0.0	-0.0	-0.0
SPAC2E1P3.01	SPAC2E1P3.01	viable	V	0.003	0.074	0.27	0.367	0.39
SPAC2E1P3.02c	amt3	viable	V	-0.013	-0.001	-0.0	-0.0	-0.0
SPAC2E1P3.03c	Tf2-3	unknown	Not_determined	0.033	0.199	0.409	0.485	0.501
SPAC2E1P3.04	cao1	viable	V	-0.007	-0.043	-0.088	-0.104	-0.107
SPAC2E1P5.01c	mns1	viable	V	0.012	0.07	0.143	0.169	0.175
SPAC2E1P5.03	erj5	viable	V	-0.002	-0.009	-0.02	-0.026	-0.028
SPAC2E1P5.04c	cwg2	inviable	E	0.021	0.878	3.912	5.577	5.983
SPAC2E1P5.05	rrp9	inviable	E	0.341	2.309	4.983	5.981	6.201
SPAC2F3.01	imt1	viable	V	-0.002	-0.0	-0.0	-0.0	-0.0
SPAC2F3.02	sec67	viable	V	0.025	0.196	0.579	0.827	0.914
SPAC2F3.03c	rpa49	inviable	E	0.158	0.972	3.105	5.081	6.08
SPAC2F3.04c	rim1	inviable	E	0.0	0.0	0.059	1.037	2.022
SPAC2F3.05c	SPAC2F3.05c	viable	V	0.039	0.009	0.0	0.0	0.0
SPAC2F3.06c	kap104	condition-dependent	E	0.156	0.667	1.966	3.429	4.392
SPAC2F3.07c	SPAC2F3.07c	viable	V	-0.005	-0.001	-0.0	-0.0	-0.0
SPAC2F3.08	sut1	viable	V	0.024	0.006	0.0	0.0	0.0
SPAC2F3.09	hem1	condition-dependent	E	0.143	1.328	3.942	5.48	5.963
SPAC2F3.10	vps54	inviable	E	0.113	0.539	1.842	3.623	5.003
SPAC2F3.11	ppx1	viable	V	0.0	0.0	0.058	0.272	0.372
SPAC2F3.13c	qtr2	viable	V	0.028	0.071	0.156	0.249	0.319
SPAC2F3.14c	saf2	inviable	E	0.167	0.986	2.906	4.475	5.188
SPAC2F3.15	lsk1	viable	V	0.047	0.119	0.259	0.415	0.53
SPAC2F3.16	SPAC2F3.16	viable	V	0.002	0.0	0.0	0.0	0.0
SPAC2F3.17c	lsm6	inviable	E	0.282	1.426	3.723	5.395	6.099
SPAC2F3.18c	SPAC2F3.18c	viable	V	-0.015	-0.0	-0.0	-0.0	-0.0
SPAC2F7.02c	psr1	viable	V	-0.001	-0.0	-0.0	-0.0	-0.0
SPAC2F7.03c	pom1	viable	V	0.079	0.469	0.961	1.14	1.179
SPAC2F7.04	med1	viable	V	-0.002	-0.0	-0.0	-0.0	-0.0
SPAC2F7.05c	tif5	inviable	E	0.435	2.6	5.331	6.321	6.538
SPAC2F7.06c	pol4	viable	V	-0.004	-0.001	-0.0	-0.0	-0.0
SPAC2F7.07c	cph2	viable	V	0.019	0.356	1.155	1.527	1.614
SPAC2F7.08c	snf5	viable	V	0.06	0.22	0.57	0.926	1.146
SPAC2F7.09c	gep3	viable	V	0.027	0.069	0.15	0.24	0.306
SPAC2F7.10	akr1	viable	V	0.025	0.066	0.145	0.23	0.291
SPAC2F7.11	nrd1	viable	V	0.029	0.171	0.35	0.415	0.43
SPAC2F7.13c	wrs1	inviable	E	0.365	2.181	4.473	5.303	5.486
SPAC2F7.15	rsm24	inviable	E	0.048	0.401	1.985	4.573	6.665
SPAC2F7.16c	pld1	viable	Not_determined	0.001	0.0	0.0	0.0	0.0
SPAC2F7.17	mrf1	viable	V	0.049	0.158	0.387	0.626	0.781
SPAC2G11.02	urb2	inviable	E	0.277	1.389	3.663	5.365	6.1
SPAC2G11.03c	vps45	viable	V	0.02	0.143	0.639	1.409	2.024
SPAC2G11.04	rbm17	viable	V	-0.01	-0.002	-0.0	-0.0	-0.0
SPAC2G11.05c	alx1	viable	V	0.024	0.142	0.292	0.346	0.358
SPAC2G11.06	vps4	viable	V	0.107	0.466	1.497	2.866	3.92
SPAC2G11.07c	ptc3	viable	V	0.011	0.064	0.131	0.155	0.161
SPAC2G11.09	SPAC2G11.09	viable	V	0.001	0.0	0.0	0.0	0.0
SPAC2G11.10c	uba42	viable	V	0.12	0.38	0.932	1.518	1.908
SPAC2G11.11c	prh1	inviable	E	0.319	1.504	3.781	5.404	6.084
SPAC2G11.12	rqh1	viable	V	0.0	0.107	1.195	2.252	2.589
SPAC2G11.13	atg22	viable	V	-0.0	-0.0	-0.0	-0.0	-0.0
SPAC2G11.14	taf1	inviable	E	0.269	1.577	3.692	4.758	5.072
SPAC2G11.15c	tgs1	viable	Not_determined	0.0	0.0	0.003	0.283	0.984
SPAC2H10.01	SPAC2H10.01	viable	V	0.015	0.087	0.178	0.211	0.218
SPAC2H10.02c	nas2	viable	V	-0.066	-0.016	-0.001	-0.0	-0.0
SPAC2H10.04	SPAC2H10.04	unknown	Not_determined	-0.046	-0.002	-0.0	-0.0	-0.0
SPAC30.01c	sec72	viable	V	-0.002	-0.0	-0.0	-0.0	-0.0
SPAC30.02c	kti12	viable	V	0.186	0.741	1.994	3.235	3.968
SPAC30.03c	tsn1	viable	V	0.013	0.079	0.163	0.193	0.199
SPAC30.04c	abc4	viable	V	-0.003	-0.008	-0.017	-0.027	-0.034
SPAC30C2.02	mmd1	viable	V	0.01	0.419	1.847	2.626	2.815
SPAC30C2.03	SPAC30C2.03	inviable	E	0.0	0.002	0.307	2.454	5.074
SPAC30C2.04	asc1	viable	V	0.0	0.022	0.769	2.051	2.581
SPAC30C2.05	erv14	viable	V	0.0	0.001	0.002	0.002	0.003
SPAC30C2.06c	dml1	viable	V	0.119	1.535	4.291	5.475	5.747
SPAC30C2.07	fnp1	viable	V	-0.003	-0.008	-0.019	-0.029	-0.034
SPAC30C2.08	SPAC30C2.08	viable	V	0.018	0.103	0.214	0.258	0.268
SPAC30D11.01c	gto2	viable	V	0.001	0.0	0.0	0.0	0.0
SPAC30D11.02c	SPAC30D11.02c	viable	V	-0.001	-0.0	-0.0	-0.0	-0.0
SPAC30D11.03	ddx27	inviable	E	0.245	1.879	4.258	5.17	5.373
SPAC30D11.04c	nup124	viable	V	0.06	0.521	1.244	1.529	1.593
SPAC30D11.05	aps3	viable	V	0.0	0.0	0.06	0.433	0.64
SPAC30D11.06c	hfl1	viable	V	-0.001	-0.0	-0.0	-0.0	-0.0
SPAC30D11.07	nth1	viable	V	0.038	0.095	0.208	0.333	0.426
SPAC30D11.09	cwf19	viable	V	0.072	0.182	0.397	0.636	0.814
SPAC30D11.10	rad52	viable	V	0.036	0.656	2.553	3.781	4.162
SPAC30D11.11	izh3	viable	V	-0.009	-0.054	-0.11	-0.13	-0.135
SPAC30D11.13	hus5	condition-dependent	V	0.018	0.224	1.388	3.411	5.003
SPAC30D11.14c	SPAC30D11.14c	viable	V	0.064	0.159	0.348	0.556	0.711
SPAC31A2.02	trm112	viable	V	0.34	0.852	1.858	2.97	3.798
SPAC31A2.03	mrp11	inviable	E	0.007	0.17	1.421	3.713	5.398
SPAC31A2.04c	pre1	inviable	E	0.2	1.285	3.852	5.874	6.747
SPAC31A2.05c	mis4	inviable	E	0.055	0.487	2.171	4.337	5.715
SPAC31A2.06	atp25	viable	V	0.002	0.051	0.499	1.51	2.399
SPAC31A2.07c	dbp10	inviable	E	0.421	2.513	5.153	6.11	6.32
SPAC31A2.08	mrp20	inviable	E	0.02	0.24	1.466	3.602	5.3
SPAC31A2.09c	apm4	viable	V	0.023	0.057	0.124	0.199	0.254
SPAC31A2.10	SPAC31A2.10	viable	V	-0.0	-0.0	-0.0	-0.0	-0.0
SPAC31A2.11c	cuf1	viable	V	0.093	0.336	0.949	1.712	2.292
SPAC31A2.12	rod1	viable	V	0.023	0.135	0.276	0.327	0.339
SPAC31A2.13c	sft1	viable	V	0.228	1.639	4.34	5.857	6.333
SPAC31A2.14	bun107	viable	V	0.013	0.076	0.155	0.184	0.191
SPAC31A2.15c	dcc1	viable	V	0.011	0.113	0.409	0.64	0.73
SPAC31A2.16	gef2	viable	V	0.0	0.041	0.451	0.798	0.894
SPAC31F12.01	zds1	viable	V	-0.006	-0.0	-0.0	-0.0	-0.0
SPAC31G5.01	sap49	inviable	E	0.203	1.573	3.585	4.359	4.531
SPAC31G5.02	rot1	inviable	E	0.403	1.292	3.137	5.008	6.199
SPAC31G5.03	rps1101	viable	V	0.295	1.459	3.634	5.086	5.654
SPAC31G5.04	lys12	viable	V	0.011	0.076	0.166	0.2	0.208
SPAC31G5.05c	rpe1	inviable	E	0.124	0.86	3.042	5.28	6.492
SPAC31G5.06	rrg8	inviable	E	0.0	0.0	0.024	1.148	3.526
SPAC31G5.07	dni1	viable	V	0.033	0.008	0.0	0.0	0.0
SPAC31G5.08	hem4	inviable	E	0.15	0.787	2.583	4.622	5.911
SPAC31G5.09c	spk1	viable	V	0.005	0.028	0.057	0.068	0.07
SPAC31G5.10	eta2	viable	V	-0.001	-0.0	-0.0	-0.0	-0.0
SPAC31G5.11	pac2	viable	V	0.093	0.288	0.661	1.005	1.206
SPAC31G5.12c	maf1	viable	V	0.121	0.725	1.486	1.762	1.823
SPAC31G5.13	rpn11	inviable	E	0.234	1.591	4.069	5.415	5.828
SPAC31G5.14	gcv1	viable	V	-0.025	-0.0	-0.0	-0.0	-0.0
SPAC31G5.15	psd3	viable	V	-0.009	-0.0	-0.0	-0.0	-0.0
SPAC31G5.16c	dpm1	inviable	E	0.3	2.334	5.321	6.469	6.725
SPAC31G5.17c	rps1001	viable	V	0.103	0.541	1.465	2.167	2.472
SPAC31G5.19	abo1	viable	V	0.225	0.995	2.634	4.037	4.742
SPAC323.01c	pos5	condition-dependent	V	0.0	0.029	0.7	2.96	5.181
SPAC323.03c	pex8	viable	V	0.054	0.013	0.001	0.0	0.0
SPAC323.04	SPAC323.04	viable	V	0.015	0.003	0.0	0.0	0.0
SPAC323.05c	mtq2	viable	V	0.03	0.228	1.053	2.357	3.404
SPAC323.06c	uba5	inviable	E	0.011	0.155	1.085	2.872	4.378
SPAC323.07c	SPAC323.07c	viable	V	-0.01	-0.002	-0.0	-0.0	-0.0
SPAC328.01c	msn5	viable	V	0.0	0.001	0.561	2.784	3.826
SPAC328.02	dbl4	viable	V	0.19	0.775	2.189	3.714	4.687
SPAC328.03	tps1	viable	V	0.027	0.159	0.326	0.387	0.4
SPAC328.04	spg4	viable	V	-0.009	-0.053	-0.109	-0.13	-0.134
SPAC328.05	hrb1	viable	V	0.002	0.0	0.0	0.0	0.0
SPAC328.06	ubp2	viable	V	0.0	0.008	0.204	0.439	0.512
SPAC328.07c	bsd1	viable	V	0.016	0.096	0.196	0.232	0.24
SPAC328.09	odc1	viable	V	0.008	0.002	0.0	0.0	0.0
SPAC328.10c	rps502	viable	V	0.048	0.739	2.219	2.88	3.032
SPAC32A11.01	mug8	viable	V	-0.015	-0.004	-0.0	-0.0	-0.0
SPAC32A11.02c	SPAC32A11.02c	viable	V	0.0	0.019	0.298	0.568	0.646
SPAC32A11.03c	phx1	viable	V	0.056	0.337	0.69	0.818	0.846
SPAC32A11.04c	tif212	inviable	E	0.427	2.549	5.227	6.198	6.411
SPAC343.01c	erg8	inviable	E	0.127	1.207	3.9	5.738	6.392
SPAC343.02	img1	inviable	E	0.048	0.24	0.527	0.67	0.712
SPAC343.04c	gid7	viable	V	-0.007	-0.002	-0.0	-0.0	-0.0
SPAC343.05	vma1	condition-dependent	E	0.047	0.678	2.238	3.098	3.338
SPAC343.06c	pls1	viable	V	0.021	0.005	0.0	0.0	0.0
SPAC343.07	mug28	viable	V	0.018	0.107	0.218	0.259	0.268
SPAC343.08c	mrp17	inviable	E	0.019	0.277	1.3	2.312	2.776
SPAC343.09	ubx3	viable	V	0.023	0.253	0.667	0.839	0.878
SPAC343.10	met11	viable	V	-0.022	-0.0	-0.0	-0.0	-0.0
SPAC343.11c	msc1	viable	V	-0.0	-0.0	-0.0	-0.0	-0.0
SPAC343.12	rds1	viable	V	-0.003	-0.0	-0.0	-0.0	-0.0
SPAC343.13	gta2	inviable	E	0.0	0.0	0.162	1.788	3.997
SPAC343.14c	tif222	inviable	E	0.429	2.564	5.257	6.233	6.447
SPAC343.15	tit1	viable	V	0.04	0.182	0.606	1.179	1.621
SPAC343.16	lys2	viable	V	0.0	0.009	0.143	0.405	0.568
SPAC343.17c	wdr70	condition-dependent	E	0.01	0.109	0.64	1.581	2.358
SPAC343.19	lsb6	viable	V	-0.04	-0.101	-0.221	-0.353	-0.452
SPAC343.21	SPAC343.21	viable	Not_determined	0.014	0.003	0.0	0.0	0.0
SPAC3A11.02	cps3	viable	V	0.012	0.069	0.141	0.167	0.173
SPAC3A11.03	efm3	viable	V	-0.021	-0.124	-0.254	-0.301	-0.311
SPAC3A11.04	sei1	viable	V	-0.001	-0.0	-0.0	-0.0	-0.0
SPAC3A11.06	mvp1	viable	V	-0.0	-0.0	-0.0	-0.0	-0.0
SPAC3A11.07	nde1	viable	V	0.018	0.075	0.172	0.233	0.256
SPAC3A11.08	cul4	condition-dependent	E	0.165	0.67	2.054	3.85	5.226
SPAC3A11.09	sod22	viable	V	0.013	0.048	0.133	0.239	0.319
SPAC3A11.10c	dpe1	viable	V	0.017	0.101	0.207	0.246	0.254
SPAC3A11.11c	SPAC3A11.11c	viable	V	-0.008	-0.045	-0.093	-0.11	-0.114
SPAC3A11.12c	rpt5	inviable	E	0.459	2.74	5.618	6.662	6.89
SPAC3A11.13	pfd6	viable	V	0.001	0.042	0.507	1.377	1.946
SPAC3A11.14c	pkl1	viable	V	0.02	0.051	0.111	0.177	0.227
SPAC3A12.02	ceo2	inviable	E	0.0	0.003	0.377	2.291	4.028
SPAC3A12.03c	meu34	viable	V	-0.006	-0.002	-0.0	-0.0	-0.0
SPAC3A12.04c	rpp1	inviable	E	0.136	1.476	4.36	5.881	6.306
SPAC3A12.05c	taf2	inviable	E	0.011	0.623	3.459	5.331	5.841
SPAC3A12.06c	SPAC3A12.06c	viable	V	-0.001	-0.0	-0.0	-0.0	-0.0
SPAC3A12.07	rpb11	inviable	E	0.241	1.451	4.059	5.943	6.705
SPAC3A12.08	SPAC3A12.08	viable	V	-0.019	-0.005	-0.0	-0.0	-0.0
SPAC3A12.10	rpl2001	viable	V	0.257	1.269	3.846	6.474	7.995
SPAC3A12.11c	cwf2	inviable	E	0.201	1.965	4.915	6.109	6.378
SPAC3A12.12	atp11	viable	V	0.0	0.002	0.257	0.857	1.087
SPAC3A12.13c	tif310	viable	V	0.51	1.28	2.79	4.462	5.705
SPAC3A12.14	cam1	inviable	E	0.151	1.495	4.766	6.879	7.592
SPAC3A12.15	vps53	inviable	E	0.08	0.585	2.22	4.049	5.11
SPAC3A12.16c	tim17	inviable	E	0.297	2.589	6.18	7.597	7.915
SPAC3A12.17c	cys12	viable	V	-0.004	-0.001	-0.0	-0.0	-0.0
SPAC3A12.18	zwf1	condition-dependent	E	0.116	1.303	4.04	5.593	6.052
SPAC3C7.01c	sac12	viable	V	0.003	0.0	0.0	0.0	0.0
SPAC3C7.02c	pil2	viable	V	-0.0	-0.0	-0.0	-0.0	-0.0
SPAC3C7.03c	rad55	viable	V	0.098	0.394	1.195	2.231	3.023
SPAC3C7.04	SPAC3C7.04	viable	V	0.032	0.194	0.53	0.756	0.842
SPAC3C7.05c	mug191	viable	V	-0.006	-0.001	-0.0	-0.0	-0.0
SPAC3C7.06c	pit1	viable	V	0.001	0.0	0.0	0.0	0.0
SPAC3C7.07c	ate1	viable	V	-0.038	-0.002	-0.0	-0.0	-0.0
SPAC3C7.08c	elf1	viable	V	0.149	0.795	2.41	3.941	4.754
SPAC3C7.09	set8	viable	V	-0.004	-0.0	-0.0	-0.0	-0.0
SPAC3C7.10	pex13	viable	V	-0.001	-0.0	-0.0	-0.0	-0.0
SPAC3C7.11c	cnx1	inviable	E	0.001	0.131	1.778	4.355	5.656
SPAC3C7.12	tip1	viable	V	0.026	0.158	0.323	0.384	0.397
SPAC3C7.13c	SPAC3C7.13c	viable	V	-0.001	-0.0	-0.0	-0.0	-0.0
SPAC3C7.14c	obr1	viable	V	0.034	0.086	0.188	0.301	0.384
SPAC3F10.02c	trk1	viable	V	0.0	0.0	0.002	0.184	0.627
SPAC3F10.03	grs1	inviable	E	0.439	2.62	5.371	6.369	6.588
SPAC3F10.04	gsa1	condition-dependent	V	0.031	0.078	0.17	0.272	0.348
SPAC3F10.05c	mug113	viable	V	0.012	0.07	0.144	0.171	0.177
SPAC3F10.06c	rit1	viable	V	-0.003	-0.001	-0.0	-0.0	-0.0
SPAC3F10.07c	erf4	viable	Not_determined	0.036	0.093	0.205	0.326	0.413
SPAC3F10.08c	faf1	inviable	E	0.252	2.029	4.694	5.727	5.957
SPAC3F10.09	his6	viable	V	0.005	0.0	0.0	0.0	0.0
SPAC3F10.10c	map3	viable	V	0.013	0.058	0.131	0.174	0.19
SPAC3F10.11c	abc2	viable	V	0.0	0.0	0.077	0.398	0.552
SPAC3F10.12c	SPAC3F10.12c	viable	V	0.004	0.001	0.0	0.0	0.0
SPAC3F10.13	ucp6	viable	V	-0.009	-0.052	-0.106	-0.126	-0.13
SPAC3F10.16c	SPAC3F10.16c	viable	V	0.243	1.6	4.132	5.571	6.034
SPAC3F10.17	ltv1	viable	V	0.377	1.819	4.302	5.814	6.36
SPAC3F10.19	spd2	viable	Not_determined	0.021	0.005	0.0	0.0	0.0
SPAC3G6.01	hrp3	viable	V	0.059	0.434	0.969	1.173	1.219
SPAC3G6.03c	ifs1	viable	V	-0.001	-0.0	-0.0	-0.0	-0.0
SPAC3G6.04	rnp24	viable	V	0.01	0.002	0.0	0.0	0.0
SPAC3G6.05	SPAC3G6.05	viable	V	0.001	0.0	0.0	0.0	0.0
SPAC3G6.06c	rad2	viable	V	0.0	0.0	0.061	0.565	1.21
SPAC3G6.07	SPAC3G6.07	unknown	Not_determined	-0.024	-0.001	-0.0	-0.0	-0.0
SPAC3G6.09c	tps2	viable	V	0.027	0.159	0.326	0.387	0.4
SPAC3G6.10c	vps51	inviable	E	0.0	0.002	0.328	2.668	5.54
SPAC3G6.11	chl1	viable	V	0.004	0.0	0.0	0.0	0.0
SPAC3G6.13c	rpl4101	viable	V	0.03	0.178	0.365	0.432	0.447
SPAC3G9.01	nsk1	viable	V	-0.006	-0.0	-0.0	-0.0	-0.0
SPAC3G9.02	oar2	viable	V	0.0	0.0	0.01	0.545	1.706
SPAC3G9.03	rpl2301	viable	V	0.137	0.381	0.856	1.342	1.665
SPAC3G9.04	ssu72	viable	V	0.0	0.0	0.005	0.27	0.839
SPAC3G9.05	spa2	viable	V	0.013	0.003	0.0	0.0	0.0
SPAC3G9.06	frs2	inviable	E	0.435	2.596	5.323	6.312	6.528
SPAC3G9.07c	hos2	viable	V	0.035	0.088	0.192	0.307	0.393
SPAC3G9.08	png1	condition-dependent	V	0.03	0.309	0.788	0.983	1.028
SPAC3G9.09c	tif211	inviable	E	0.458	2.735	5.608	6.649	6.878
SPAC3G9.10c	rrp41	inviable	E	0.416	2.482	5.089	6.034	6.241
SPAC3G9.11c	pdc201	viable	V	0.013	0.076	0.156	0.185	0.192
SPAC3G9.12	peg1	inviable	E	0.085	1.245	3.982	5.389	5.757
SPAC3G9.13c	msw1	inviable	E	0.0	0.004	0.303	1.945	3.806
SPAC3G9.14	sak1	inviable	E	0.18	1.889	4.862	6.084	6.361
SPAC3G9.15c	fcf2	inviable	E	0.43	2.57	5.269	6.247	6.462
SPAC3G9.16c	bet5	inviable	E	0.021	0.818	3.604	5.154	5.54
SPAC3G9.17	ppt2	viable	Not_determined	0.0	0.005	0.249	1.329	2.478
SPAC3H1.01c	orc3	inviable	E	0.035	0.9	3.865	5.745	6.291
SPAC3H1.02c	sdd3	viable	V	0.002	0.0	0.0	0.0	0.0
SPAC3H1.03	mug151	viable	V	0.024	0.006	0.0	0.0	0.0
SPAC3H1.04c	mdm31	viable	V	0.0	0.055	0.633	1.325	1.602
SPAC3H1.05	ste24	viable	V	-0.0	-0.0	-0.0	-0.0	-0.0
SPAC3H1.06c	SPAC3H1.06c	viable	V	-0.011	-0.065	-0.134	-0.158	-0.164
SPAC3H1.07	aru1	viable	V	0.07	0.354	0.774	0.975	1.033
SPAC3H1.08c	SPAC3H1.08c	viable	V	-0.001	-0.0	-0.0	-0.0	-0.0
SPAC3H1.10	pcs2	viable	V	-0.0	-0.0	-0.0	-0.0	-0.0
SPAC3H1.11	hsr1	viable	V	-0.003	-0.001	-0.0	-0.0	-0.0
SPAC3H1.12c	snt2	viable	V	0.023	0.123	0.261	0.321	0.336
SPAC3H1.13	ppk13	viable	V	0.003	0.0	0.0	0.0	0.0
SPAC3H5.06c	pol1	inviable	E	0.43	2.564	5.258	6.235	6.449
SPAC3H5.07	rpl702	viable	V	0.201	0.779	1.832	2.618	2.976
SPAC3H5.08c	wdr44	viable	V	-0.01	-0.061	-0.126	-0.149	-0.155
SPAC3H5.09c	hob2	viable	V	-0.008	-0.05	-0.103	-0.122	-0.126
SPAC3H8.02	csr102	viable	V	0.055	0.013	0.0	0.0	0.0
SPAC3H8.03	img2	viable	V	0.025	0.148	0.304	0.361	0.373
SPAC3H8.04	SPAC3H8.04	viable	V	0.057	0.014	0.001	0.0	0.0
SPAC3H8.05c	mms1	viable	V	0.0	0.013	0.32	1.348	2.356
SPAC3H8.06	aur1	inviable	E	0.437	1.889	4.481	6.244	6.963
SPAC3H8.08c	SPAC3H8.08c	viable	V	0.009	0.002	0.0	0.0	0.0
SPAC3H8.09c	nab3	viable	V	-0.009	-0.053	-0.109	-0.13	-0.134
SPAC3H8.10	spo20	condition-dependent	V	0.24	1.077	2.735	4.006	4.581
SPAC458.02c	SPAC458.02c	viable	V	0.001	0.0	0.0	0.0	0.0
SPAC458.03	tel2	inviable	E	0.091	1.188	3.967	5.621	6.12
SPAC458.04c	dli1	viable	V	-0.0	-0.0	-0.074	-0.373	-0.515
SPAC458.05	pik3	viable	V	0.001	0.035	0.381	1.195	1.919
SPAC458.06	atg1803	viable	V	-0.033	-0.002	-0.0	-0.0	-0.0
SPAC458.07	tfa1	inviable	E	0.02	0.816	3.654	5.216	5.597
SPAC4A8.02c	SPAC4A8.02c	viable	V	-0.002	-0.001	-0.0	-0.0	-0.0
SPAC4A8.03c	ptc4	condition-dependent	V	0.0	0.0	0.0	0.508	2.918
SPAC4A8.04	isp6	viable	V	0.275	1.644	3.372	3.998	4.135
SPAC4A8.05c	myp2	condition-dependent	V	0.0	0.0	0.0	0.0	0.0
SPAC4A8.06c	SPAC4A8.06c	viable	V	-0.0	-0.0	-0.0	-0.0	-0.0
SPAC4A8.07c	lcb4	viable	V	0.04	0.009	0.0	0.0	0.0
SPAC4A8.08c	vrs2	inviable	E	0.0	0.005	0.667	3.313	5.145
SPAC4A8.09c	cwf21	viable	V	0.045	0.124	0.28	0.437	0.542
SPAC4A8.10	rog1	viable	V	0.054	0.325	0.665	0.789	0.816
SPAC4A8.11c	fas2	inviable	E	0.24	2.06	4.934	6.087	6.35
SPAC4A8.12c	sds22	inviable	E	0.016	0.464	2.715	4.863	5.726
SPAC4A8.13c	pts1	inviable	E	0.161	1.876	5.029	6.355	6.657
SPAC4A8.14	SPAC4A8.14	viable	V	0.003	0.001	0.0	0.0	0.0
SPAC4A8.15c	cdc3	inviable	E	0.033	0.963	3.718	5.124	5.46
SPAC4A8.16c	tif303	inviable	E	0.455	2.715	5.568	6.602	6.829
SPAC4C5.01	pud1	viable	V	-0.01	-0.0	-0.0	-0.0	-0.0
SPAC4C5.02c	ryh1	condition-dependent	V	0.033	0.296	1.54	3.624	5.319
SPAC4C5.03	SPAC4C5.03	viable	V	0.0	0.0	0.003	0.48	1.909
SPAC4C5.04	rad31	viable	V	0.0	0.008	0.525	2.222	3.399
SPAC4D7.01c	sec71	viable	V	0.009	0.002	0.0	0.0	0.0
SPAC4D7.02c	pgc1	viable	V	-0.001	-0.0	-0.0	-0.0	-0.0
SPAC4D7.03	pop2	viable	V	0.021	0.052	0.113	0.181	0.231
SPAC4D7.04c	rer2	inviable	E	0.06	1.235	4.164	5.555	5.882
SPAC4D7.05	sum1	inviable	E	0.495	2.954	6.057	7.182	7.429
SPAC4D7.07c	csi2	viable	V	0.028	0.169	0.347	0.412	0.426
SPAC4D7.08c	ade4	viable	Not_determined	-0.0	-0.0	-0.0	-0.076	-0.574
SPAC4D7.09	tif223	inviable	E	0.39	2.329	4.776	5.662	5.857
SPAC4D7.10c	spt20	viable	V	0.016	0.094	0.193	0.229	0.236
SPAC4D7.11	dsc4	viable	V	-0.015	-0.092	-0.189	-0.224	-0.232
SPAC4D7.12c	fet5	inviable	E	0.373	2.23	4.572	5.421	5.608
SPAC4D7.13	prp40	inviable	E	0.0	0.006	0.497	2.596	4.429
SPAC4D7.15	gem6	unknown	Not_determined	0.001	0.093	1.306	3.776	5.444
SPAC4F10.02	ape4	viable	V	-0.018	-0.046	-0.103	-0.163	-0.205
SPAC4F10.03c	trm7	inviable	E	0.216	1.585	4.179	5.597	6.031
SPAC4F10.04	ypa1	viable	V	0.048	0.163	0.376	0.554	0.647
SPAC4F10.05c	lip2	viable	V	0.0	0.0	0.0	0.389	2.449
SPAC4F10.06	bud22	viable	V	0.309	1.336	3.355	4.925	5.649
SPAC4F10.07c	atg13	viable	V	0.041	0.244	0.5	0.593	0.613
SPAC4F10.08	mug126	viable	V	-0.01	-0.059	-0.121	-0.143	-0.148
SPAC4F10.09c	noc1	inviable	E	0.358	2.174	4.766	5.856	6.128
SPAC4F10.11	spn1	viable	V	0.023	0.139	0.285	0.338	0.349
SPAC4F10.12	fta1	inviable	E	0.03	0.381	1.863	3.585	4.519
SPAC4F10.13c	mpd2	viable	V	0.003	0.161	0.765	1.107	1.191
SPAC4F10.14c	btf3	viable	V	-0.007	-0.04	-0.083	-0.098	-0.102
SPAC4F10.15c	wsp1	condition-dependent	V	0.01	0.068	0.29	0.618	0.872
SPAC4F10.16c	SPAC4F10.16c	viable	V	0.002	0.001	0.0	0.0	0.0
SPAC4F10.17	SPAC4F10.17	viable	V	-0.02	-0.049	-0.108	-0.173	-0.221
SPAC4F10.18	nup37	viable	V	-0.007	-0.042	-0.086	-0.102	-0.106
SPAC4F10.20	grx1	viable	V	-0.042	-0.001	-0.0	-0.0	-0.0
SPAC4F8.01	did4	viable	V	0.034	0.111	0.289	0.497	0.65
SPAC4F8.02c	mrpl40	inviable	E	0.019	0.231	1.47	3.749	5.649
SPAC4F8.03	sdo1	viable	V	0.223	1.128	3.149	4.844	5.656
SPAC4F8.04	rpf1	inviable	E	0.165	1.771	4.594	5.759	6.023
SPAC4F8.05c	mrpl28	inviable	E	0.013	0.188	1.3	3.426	5.216
SPAC4F8.07c	hxk2	condition-dependent	E	0.274	1.605	3.467	4.245	4.439
SPAC4F8.08	mug114	viable	V	0.022	0.055	0.12	0.192	0.245
SPAC4F8.10c	stg1	viable	V	0.039	0.009	0.0	0.0	0.0
SPAC4F8.11	sea2	viable	V	0.005	0.0	0.0	0.0	0.0
SPAC4F8.12c	spp42	inviable	E	0.418	2.496	5.118	6.068	6.277
SPAC4F8.13c	rng2	inviable	E	0.069	0.785	2.978	4.753	5.466
SPAC4F8.14c	hcs1	inviable	E	0.089	1.44	4.398	5.731	6.04
SPAC4F8.15	itr1	viable	V	0.002	0.013	0.027	0.032	0.033
SPAC4G8.02c	sss1	inviable	E	0.325	1.858	4.274	5.466	5.811
SPAC4G8.03c	puf5	viable	V	0.024	0.146	0.299	0.354	0.367
SPAC4G8.04	SPAC4G8.04	viable	V	-0.028	-0.0	-0.0	-0.0	-0.0
SPAC4G8.05	ppk14	viable	V	0.035	0.008	0.0	0.0	0.0
SPAC4G8.06c	trm12	viable	V	-0.002	-0.0	-0.0	-0.0	-0.0
SPAC4G8.07c	trm2	viable	V	0.027	0.068	0.148	0.237	0.303
SPAC4G8.08	mrs4	viable	V	-0.007	-0.0	-0.0	-0.0	-0.0
SPAC4G8.10	gos1	viable	V	0.28	2.161	4.912	5.969	6.204
SPAC4G8.11c	atp10	viable	V	0.023	0.108	0.369	0.726	1.002
SPAC4G8.12c	smp3	inviable	E	0.033	0.711	3.266	5.233	5.921
SPAC4G8.13c	prz1	viable	V	0.001	0.0	0.0	0.0	0.0
SPAC4G9.02	rnh201	viable	V	0.002	0.0	0.0	0.0	0.0
SPAC4G9.04c	pcf11	inviable	E	0.302	2.241	5.015	6.072	6.306
SPAC4G9.05	mpf1	viable	V	0.017	0.102	0.21	0.249	0.257
SPAC4G9.07	mug133	viable	V	-0.008	-0.046	-0.094	-0.111	-0.115
SPAC4G9.08c	rpc2	inviable	E	0.172	1.927	5.095	6.417	6.717
SPAC4G9.09c	arg11	viable	V	-0.023	-0.001	-0.0	-0.0	-0.0
SPAC4G9.10	arg3	viable	V	-0.002	-0.013	-0.027	-0.031	-0.033
SPAC4G9.11c	cmb1	viable	V	0.011	0.066	0.136	0.161	0.167
SPAC4G9.12	idn1	viable	V	0.004	0.011	0.025	0.039	0.05
SPAC4G9.13c	vps26	viable	V	-0.001	-0.0	-0.0	-0.0	-0.0
SPAC4G9.14	sym1	viable	V	0.033	0.283	0.673	0.826	0.86
SPAC4G9.15	ifa38	viable	V	0.05	1.059	3.932	5.517	5.937
SPAC4G9.16c	rpl901	viable	V	0.293	0.873	2.156	3.659	4.788
SPAC4G9.17c	mrp5	inviable	E	0.039	0.352	1.846	4.352	6.392
SPAC4G9.19	SPAC4G9.19	viable	V	-0.011	-0.027	-0.06	-0.096	-0.122
SPAC4G9.20c	ymc1	viable	V	0.013	0.077	0.159	0.188	0.195
SPAC4G9.22	SPAC4G9.22	unknown	Not_determined	0.0	0.0	0.0	0.194	0.894
SPAC4H3.01	SPAC4H3.01	viable	V	-0.011	-0.065	-0.134	-0.159	-0.164
SPAC4H3.02c	swc3	viable	V	-0.003	-0.001	-0.0	-0.0	-0.0
SPAC4H3.04c	SPAC4H3.04c	viable	V	0.017	0.004	0.0	0.0	0.0
SPAC4H3.05	srs2	viable	V	0.046	0.142	0.326	0.495	0.594
SPAC4H3.06	rss1	viable	V	0.011	0.0	0.0	0.0	0.0
SPAC4H3.07c	rdl2	viable	V	-0.005	-0.001	-0.0	-0.0	-0.0
SPAC4H3.08	fox2	inviable	E	-0.024	-0.144	-0.295	-0.35	-0.362
SPAC4H3.09	SPAC4H3.09	inviable	E	0.039	1.002	3.69	5.028	5.346
SPAC4H3.11c	ppc89	inviable	E	0.062	1.278	4.31	5.75	6.089
SPAC4H3.13	pcc1	viable	V	0.39	1.184	2.789	4.416	5.467
SPAC4H3.14c	rng8	viable	V	-0.008	-0.002	-0.0	-0.0	-0.0
SPAC4H3.16	SPAC4H3.16	unknown	Not_determined	-0.02	-0.001	-0.0	-0.0	-0.0
SPAC513.01c	eft201	viable	V	0.031	0.11	0.255	0.369	0.425
SPAC513.04	SPAC513.04	viable	V	-0.032	-0.001	-0.0	-0.0	-0.0
SPAC513.05	ams1	viable	V	0.004	0.0	0.0	0.0	0.0
SPAC513.06c	dhd1	viable	V	0.002	0.01	0.021	0.025	0.026
SPAC513.07	SPAC513.07	viable	V	-0.042	-0.001	-0.0	-0.0	-0.0
SPAC521.02	wss1	viable	V	-0.025	-0.001	-0.0	-0.0	-0.0
SPAC521.03	SPAC521.03	viable	V	0.007	0.0	0.0	0.0	0.0
SPAC521.04c	sst1	viable	V	-0.019	-0.072	-0.165	-0.235	-0.266
SPAC56E4.02c	alg13	inviable	E	0.053	0.911	2.855	3.743	3.95
SPAC56E4.03	SPAC56E4.03	viable	V	0.075	0.355	1.002	1.592	1.901
SPAC56E4.04c	cut6	inviable	E	0.239	2.01	4.731	5.796	6.034
SPAC56E4.05	snd2	inviable	E	0.001	0.179	2.108	4.588	5.649
SPAC56E4.06c	ggt2	viable	V	0.0	0.0	0.005	0.219	0.653
SPAC56E4.07	SPAC56E4.07	viable	V	0.012	0.031	0.068	0.109	0.139
SPAC56F8.02	cmr2	viable	V	0.127	0.76	1.559	1.849	1.912
SPAC56F8.03	tif52	inviable	E	0.398	2.377	4.874	5.779	5.977
SPAC56F8.04c	ppt1	condition-dependent	V	0.016	0.085	0.314	0.638	0.891
SPAC56F8.05c	mug64	viable	V	-0.012	-0.0	-0.0	-0.0	-0.0
SPAC56F8.06c	alg10	viable	V	0.013	0.001	0.0	0.0	0.0
SPAC56F8.07	ema19	inviable	Not_determined	0.013	0.078	0.161	0.19	0.197
SPAC56F8.08	mud1	viable	V	0.015	0.089	0.182	0.216	0.224
SPAC56F8.09	rrp8	viable	V	0.036	0.091	0.198	0.316	0.404
SPAC56F8.10	met9	inviable	E	0.306	1.282	3.346	5.149	6.082
SPAC56F8.11	spc3	inviable	E	0.151	1.553	4.206	5.429	5.736
SPAC56F8.12	SPAC56F8.12	viable	V	0.088	0.022	0.001	0.0	0.0
SPAC56F8.13	SPAC56F8.13	unknown	Not_determined	0.005	0.026	0.057	0.072	0.077
SPAC56F8.14c	mug115	viable	V	-0.028	-0.0	-0.0	-0.0	-0.0
SPAC56F8.15	SPAC56F8.15	unknown	Not_determined	-0.002	-0.0	-0.0	-0.0	-0.0
SPAC57A10.02	cdr2	viable	V	0.0	0.014	0.155	0.494	0.796
SPAC57A10.03	cyp1	viable	V	-0.002	-0.0	-0.0	-0.0	-0.0
SPAC57A10.04	mug10	viable	V	0.014	0.003	0.0	0.0	0.0
SPAC57A10.05c	pof1	inviable	E	0.374	1.725	4.345	6.262	7.088
SPAC57A10.06	mug15	viable	V	0.091	0.023	0.001	0.0	0.0
SPAC57A10.07	SPAC57A10.07	viable	V	-0.032	-0.008	-0.0	-0.0	-0.0
SPAC57A10.08c	SPAC57A10.08c	viable	V	0.019	0.005	0.0	0.0	0.0
SPAC57A10.09c	nhp6	viable	V	0.021	0.073	0.169	0.245	0.283
SPAC57A10.10c	sla1	viable	V	0.0	0.0	0.009	0.329	0.943
SPAC57A10.12c	ura3	viable	V	0.112	0.282	0.615	0.984	1.258
SPAC57A10.14	sgf11	viable	V	0.01	0.057	0.117	0.138	0.143
SPAC57A7.04c	pabp	viable	V	0.35	2.22	4.665	5.564	5.762
SPAC57A7.05	SPAC57A7.05	viable	V	0.011	0.067	0.136	0.162	0.167
SPAC57A7.06	utp14	inviable	E	0.406	2.422	4.966	5.888	6.09
SPAC57A7.07c	SPAC57A7.07c	viable	V	-0.061	-0.015	-0.001	-0.0	-0.0
SPAC57A7.08	pzh1	viable	V	-0.009	-0.002	-0.0	-0.0	-0.0
SPAC57A7.10c	sec21	inviable	E	0.441	2.642	5.423	6.432	6.654
SPAC57A7.11	mip1	inviable	E	0.452	2.698	5.532	6.559	6.785
SPAC57A7.12	ssz1	viable	V	0.005	0.091	0.667	1.655	2.362
SPAC57A7.13	rbm10	viable	V	-0.025	-0.147	-0.301	-0.357	-0.369
SPAC57A7.15c	pex22	viable	Not_determined	-0.008	-0.002	-0.0	-0.0	-0.0
SPAC589.02c	med13	viable	V	0.01	0.002	0.0	0.0	0.0
SPAC589.03c	noc12	viable	V	0.0	0.0	0.0	0.0	0.0
SPAC589.04	mtx2	inviable	E	0.004	0.316	2.804	5.426	6.425
SPAC589.05c	qng1	viable	V	-0.006	-0.002	-0.0	-0.0	-0.0
SPAC589.08c	dam1	viable	V	0.019	0.0	0.0	0.0	0.0
SPAC589.09	csr101	viable	V	0.006	0.036	0.074	0.088	0.091
SPAC589.11	pth4	viable	V	0.012	0.07	0.144	0.171	0.177
SPAC589.12	cwh43	viable	V	0.088	0.532	2.068	4.192	5.762
SPAC5D6.01	rps2202	viable	V	0.09	0.231	0.51	0.822	1.053
SPAC5D6.02c	mug165	viable	V	-0.041	-0.001	-0.0	-0.0	-0.0
SPAC5D6.04	SPAC5D6.04	viable	V	0.001	0.0	0.0	0.0	0.0
SPAC5D6.05	med18	viable	V	0.012	0.119	0.65	1.561	2.305
SPAC5D6.06c	alg14	viable	V	0.237	2.024	4.792	5.88	6.123
SPAC5D6.07c	pxa1	viable	V	-0.001	-0.0	-0.0	-0.0	-0.0
SPAC5D6.08c	mes1	viable	V	0.015	0.089	0.182	0.216	0.224
SPAC5D6.09c	mug86	viable	V	0.009	0.0	0.0	0.0	0.0
SPAC5D6.12	mtf2	viable	V	0.046	0.273	0.56	0.664	0.687
SPAC5D6.13	gpp74	viable	V	-0.012	-0.003	-0.0	-0.0	-0.0
SPAC5H10.01	dgc1	viable	V	-0.017	-0.0	-0.0	-0.0	-0.0
SPAC5H10.02c	hsp3102	viable	V	-0.009	-0.022	-0.048	-0.077	-0.098
SPAC5H10.03	SPAC5H10.03	viable	V	-0.002	-0.009	-0.018	-0.022	-0.023
SPAC5H10.04	SPAC5H10.04	viable	V	0.016	0.144	0.347	0.427	0.445
SPAC5H10.05c	SPAC5H10.05c	viable	V	0.003	0.007	0.014	0.023	0.03
SPAC5H10.06c	adh4	viable	V	-0.03	-0.007	-0.0	-0.0	-0.0
SPAC5H10.07	SPAC5H10.07	viable	V	-0.011	-0.067	-0.137	-0.163	-0.168
SPAC5H10.08c	pan6	viable	V	0.01	0.003	0.0	0.0	0.0
SPAC5H10.09c	ecm31	viable	V	0.012	0.061	0.132	0.166	0.175
SPAC5H10.10	SPAC5H10.10	viable	V	-0.027	-0.0	-0.0	-0.0	-0.0
SPAC5H10.11	gmh1	viable	V	0.091	0.023	0.001	0.0	0.0
SPAC5H10.12c	otg1	viable	V	-0.006	-0.016	-0.035	-0.055	-0.071
SPAC5H10.13c	gmh2	viable	V	0.007	0.002	0.0	0.0	0.0
SPAC607.02c	SPAC607.02c	viable	V	0.311	1.061	2.454	3.611	4.21
SPAC607.04	arg82	inviable	E	0.173	0.712	2.153	3.935	5.234
SPAC607.05	rpn9	inviable	E	0.127	1.617	4.488	5.718	6.0
SPAC607.06c	SPAC607.06c	viable	V	-0.02	-0.053	-0.118	-0.187	-0.236
SPAC607.08c	mil1	viable	V	0.065	0.016	0.001	0.0	0.0
SPAC607.09c	btn1	viable	V	0.048	0.011	0.0	0.0	0.0
SPAC607.10	spo3	viable	V	-0.0	-0.0	-0.0	-0.0	-0.0
SPAC630.03	arp3	inviable	E	0.389	2.447	5.122	6.104	6.32
SPAC630.05	gyp7	viable	V	0.052	0.311	0.638	0.757	0.783
SPAC630.06c	SPAC630.06c	viable	V	0.009	0.0	0.0	0.0	0.0
SPAC630.07c	SPAC630.07c	viable	V	-0.0	-0.0	-0.0	-0.0	-0.0
SPAC630.08c	erg25	inviable	E	0.087	1.349	4.061	5.275	5.555
SPAC630.09c	mug58	viable	V	0.014	0.086	0.176	0.209	0.216
SPAC630.10	bmt2	viable	V	0.009	0.002	0.0	0.0	0.0
SPAC630.11	vps55	viable	V	-0.043	-0.001	-0.0	-0.0	-0.0
SPAC630.12	ted2	inviable	E	0.198	1.442	3.907	5.342	5.805
SPAC630.13c	tsc2	viable	V	0.0	0.0	0.092	1.366	3.271
SPAC630.14c	tup12	viable	V	0.0	0.0	0.189	0.832	1.116
SPAC630.15	mug177	viable	V	-0.012	-0.0	-0.0	-0.0	-0.0
SPAC631.01c	acp2	viable	V	0.018	0.11	0.226	0.268	0.277
SPAC631.02	bdf2	viable	V	0.109	0.648	1.328	1.575	1.629
SPAC637.03	SPAC637.03	viable	V	-0.008	-0.002	-0.0	-0.0	-0.0
SPAC637.04	ypp1	inviable	E	0.388	2.319	4.756	5.639	5.833
SPAC637.05c	vma2	inviable	E	0.016	0.404	1.824	2.812	3.123
SPAC637.06	gmh5	viable	V	0.0	0.023	0.438	1.681	2.864
SPAC637.07	moe1	viable	V	0.0	0.006	0.485	1.646	2.195
SPAC637.08	nbp35	inviable	E	0.184	1.894	4.837	6.042	6.314
SPAC637.09	rex1	viable	V	0.076	0.337	1.046	1.9	2.494
SPAC637.10c	rpn10	viable	V	0.182	0.457	0.996	1.592	2.036
SPAC637.11	rpm2	viable	V	0.092	0.551	1.13	1.34	1.386
SPAC637.12c	mst1	inviable	E	0.093	0.635	2.396	4.455	5.718
SPAC637.13c	slm1	viable	V	-0.014	-0.085	-0.174	-0.206	-0.213
SPAC644.04	pct1	inviable	E	0.0	0.013	1.287	3.8	4.71
SPAC644.06c	cdr1	viable	V	-0.017	-0.004	-0.0	-0.0	-0.0
SPAC644.07	bcs1	viable	V	0.084	0.211	0.461	0.737	0.943
SPAC644.08	utr4	viable	V	-0.059	-0.014	-0.0	-0.0	-0.0
SPAC644.09	SPAC644.09	viable	V	-0.026	-0.0	-0.0	-0.0	-0.0
SPAC644.11c	pkp1	viable	V	0.011	0.003	0.0	0.0	0.0
SPAC644.13c	SPAC644.13c	viable	V	0.012	0.003	0.0	0.0	0.0
SPAC644.14c	rad51	viable	V	0.092	0.485	1.78	3.612	5.042
SPAC644.15	rpp101	viable	V	0.159	0.399	0.87	1.391	1.779
SPAC644.16	rna15	inviable	E	0.001	0.219	2.448	4.704	5.458
SPAC644.18c	bet3	inviable	E	0.051	0.939	3.61	5.28	5.781
SPAC664.01c	swi6	viable	V	-0.018	-0.004	-0.0	-0.0	-0.0
SPAC664.02c	arp8	viable	V	0.0	0.002	0.257	1.71	3.124
SPAC664.03	paf1	viable	V	0.0	0.0	0.011	0.688	2.228
SPAC664.04c	rps1602	viable	V	0.044	0.296	1.176	2.335	3.135
SPAC664.05	rpl13	inviable	E	0.414	2.905	6.357	7.655	7.942
SPAC664.06	rlp7	inviable	E	0.391	2.377	4.911	5.834	6.037
SPAC664.07c	rad9	viable	V	-0.011	-0.001	-0.0	-0.0	-0.0
SPAC664.08c	bfr2	inviable	E	0.357	1.796	3.996	5.114	5.454
SPAC664.09	ggt1	inviable	E	-0.018	-0.106	-0.218	-0.259	-0.268
SPAC664.10	klp2	viable	V	-0.002	-0.0	-0.0	-0.0	-0.0
SPAC664.11	ssc1	inviable	E	0.358	2.289	4.826	5.761	5.966
SPAC664.14	amt2	viable	V	-0.034	-0.001	-0.0	-0.0	-0.0
SPAC664.15	mdv1	viable	V	0.001	0.001	0.003	0.005	0.006
SPAC683.03	SPAC683.03	viable	V	-0.002	-0.0	-0.0	-0.0	-0.0
SPAC688.02c	mis14	inviable	E	0.003	0.423	3.038	4.85	5.321
SPAC688.04c	gst3	viable	V	-0.005	-0.001	-0.0	-0.0	-0.0
SPAC688.06c	slx4	viable	V	-0.011	-0.068	-0.14	-0.166	-0.172
SPAC688.07c	rng10	viable	V	0.0	0.0	0.006	0.39	1.286
SPAC688.08	srb8	viable	Not_determined	-0.001	-0.009	-0.018	-0.022	-0.022
SPAC688.09	rim2	inviable	E	0.323	0.944	2.299	3.875	5.057
SPAC688.10	rev3	viable	V	-0.003	-0.001	-0.0	-0.0	-0.0
SPAC688.11	end4	condition-dependent	E	0.098	0.569	2.035	3.832	5.029
SPAC688.12c	SPAC688.12c	viable	V	-0.0	-0.0	-0.0	-0.0	-0.0
SPAC688.13	scn3	viable	V	-0.011	-0.067	-0.137	-0.163	-0.168
SPAC688.14	set13	viable	V	-0.041	-0.001	-0.0	-0.0	-0.0
SPAC688.16	SPAC688.16	viable	Not_determined	-0.015	-0.091	-0.186	-0.221	-0.229
SPAC694.02	SPAC694.02	viable	V	0.044	0.213	0.685	1.234	1.596
SPAC694.03	SPAC694.03	viable	V	0.001	0.008	0.015	0.018	0.019
SPAC694.04c	SPAC694.04c	viable	V	0.122	0.305	0.665	1.063	1.36
SPAC694.05c	rps2502	viable	V	0.002	0.036	0.201	0.42	0.551
SPAC694.06c	mrc1	viable	V	0.056	0.186	0.431	0.64	0.753
SPAC6B12.02c	mus7	viable	V	0.078	0.369	1.264	2.487	3.435
SPAC6B12.03c	bit2	viable	V	0.019	0.113	0.232	0.275	0.284
SPAC6B12.04c	SPAC6B12.04c	viable	V	-0.009	-0.0	-0.0	-0.0	-0.0
SPAC6B12.05c	ies2	viable	V	0.0	0.0	0.006	0.344	1.105
SPAC6B12.06c	rrg9	viable	V	0.034	0.008	0.0	0.0	0.0
SPAC6B12.07c	pqr1	viable	V	0.097	0.243	0.53	0.847	1.083
SPAC6B12.08	epr1	viable	V	0.05	0.012	0.0	0.0	0.0
SPAC6B12.09	trm10	viable	V	-0.001	-0.0	-0.0	-0.0	-0.0
SPAC6B12.10c	spp1	inviable	E	0.426	1.779	4.068	5.547	6.126
SPAC6B12.11	drc1	inviable	E	0.301	2.461	5.726	6.996	7.28
SPAC6B12.12	tom70	viable	V	0.0	0.0	0.024	0.56	1.484
SPAC6B12.13	SPAC6B12.13	inviable	E	0.343	2.381	5.186	6.238	6.471
SPAC6B12.14c	SPAC6B12.14c	viable	V	-0.025	-0.0	-0.0	-0.0	-0.0
SPAC6B12.15	cpc2	viable	V	0.276	0.692	1.51	2.414	3.086
SPAC6B12.16	meu26	viable	V	0.0	0.0	0.0	0.056	0.69
SPAC6B12.18	gon7	condition-dependent	Not_determined	0.297	0.812	1.876	3.07	3.95
SPAC6C3.04	cit1	viable	V	0.016	0.203	0.912	1.624	1.963
SPAC6C3.05	meu43	viable	V	0.008	0.002	0.0	0.0	0.0
SPAC6C3.06c	neo1	viable	V	0.012	0.072	0.148	0.175	0.181
SPAC6C3.07	mug68	viable	V	0.004	0.0	0.0	0.0	0.0
SPAC6C3.08	nas6	viable	V	0.0	0.016	0.326	0.666	0.768
SPAC6C3.09	rpp40	inviable	E	0.052	0.355	1.049	1.561	1.767
SPAC6F12.02	rst2	viable	V	0.013	0.003	0.0	0.0	0.0
SPAC6F12.03c	fsv1	viable	V	0.022	0.133	0.272	0.323	0.334
SPAC6F12.04	tvp15	viable	V	0.02	0.117	0.24	0.285	0.295
SPAC6F12.05c	tnr3	inviable	E	0.167	1.408	3.994	5.483	5.948
SPAC6F12.06	rdi1	viable	V	-0.005	-0.0	-0.0	-0.0	-0.0
SPAC6F12.07	tom20	inviable	E	0.0	0.075	1.229	3.297	4.433
SPAC6F12.08c	exo8	inviable	E	0.015	0.743	3.599	5.233	5.636
SPAC6F12.09	rdp1	viable	V	-0.006	-0.001	-0.0	-0.0	-0.0
SPAC6F12.10c	ade3	viable	V	-0.001	-0.0	-0.0	-0.0	-0.0
SPAC6F12.11c	sfc1	inviable	E	0.001	0.047	0.741	2.683	4.493
SPAC6F12.12	par2	viable	V	-0.002	-0.01	-0.02	-0.024	-0.025
SPAC6F12.13c	fps1	inviable	E	0.094	1.522	4.656	6.07	6.398
SPAC6F12.14	cut23	inviable	E	0.107	1.526	4.431	5.706	5.999
SPAC6F12.15c	cut9	inviable	E	0.123	1.363	3.854	5.049	5.356
SPAC6F12.16c	mtr4	inviable	E	0.428	2.555	5.239	6.212	6.426
SPAC6F12.17	rna14	inviable	E	0.243	2.023	4.744	5.807	6.044
SPAC6F6.01	cch1	viable	V	0.013	0.077	0.157	0.186	0.192
SPAC6F6.02c	pof5	viable	V	-0.035	-0.001	-0.0	-0.0	-0.0
SPAC6F6.03c	nog2	viable	V	0.438	2.615	5.363	6.359	6.577
SPAC6F6.04c	SPAC6F6.04c	viable	V	0.001	0.0	0.0	0.0	0.0
SPAC6F6.05	ost2	inviable	E	0.048	1.093	3.853	5.196	5.513
SPAC6F6.06c	rax2	viable	V	-0.001	-0.0	-0.0	-0.0	-0.0
SPAC6F6.07c	rps13	inviable	E	0.404	2.549	5.346	6.373	6.599
SPAC6F6.08c	cdc16	inviable	E	0.076	1.18	4.051	5.678	6.137
SPAC6F6.09	eaf6	viable	V	-0.019	-0.003	-0.0	-0.0	-0.0
SPAC6F6.10c	arc2	inviable	E	0.401	2.395	4.91	5.822	6.022
SPAC6F6.11c	SPAC6F6.11c	viable	V	-0.015	-0.0	-0.0	-0.0	-0.0
SPAC6F6.12	atg24	viable	V	-0.001	-0.0	-0.0	-0.0	-0.0
SPAC6F6.13c	SPAC6F6.13c	viable	V	0.032	0.079	0.173	0.277	0.354
SPAC6F6.15	ypt5	condition-dependent	E	0.175	0.833	2.339	3.699	4.407
SPAC6F6.16c	tpz1	inviable	E	0.006	0.113	0.96	2.745	4.286
SPAC6F6.17	rif1	viable	V	0.0	0.0	0.0	0.233	0.947
SPAC6F6.19	SPAC6F6.19	unknown	Not_determined	0.009	0.002	0.0	0.0	0.0
SPAC6G10.02c	tea3	viable	V	0.009	0.03	0.069	0.102	0.12
SPAC6G10.03c	SPAC6G10.03c	viable	V	0.036	0.009	0.0	0.0	0.0
SPAC6G10.04c	pre5	inviable	E	0.378	2.046	4.37	5.377	5.64
SPAC6G10.05c	trs120	inviable	E	0.057	0.916	3.578	5.419	6.032
SPAC6G10.06	tda3	viable	V	-0.01	-0.062	-0.127	-0.151	-0.156
SPAC6G10.07	cbc1	inviable	E	0.074	0.692	2.747	4.802	5.829
SPAC6G10.08	idp1	viable	V	-0.009	-0.0	-0.0	-0.0	-0.0
SPAC6G10.09	gls1	condition-dependent	E	0.0	0.024	0.988	3.69	5.498
SPAC6G10.11c	ubi3	viable	V	0.029	0.178	0.635	1.163	1.492
SPAC6G10.12c	ace2	viable	V	0.04	0.13	0.342	0.598	0.791
SPAC6G9.01c	SPAC6G9.01c	viable	V	0.001	0.0	0.0	0.0	0.0
SPAC6G9.02c	nop9	inviable	E	0.271	1.659	4.325	5.962	6.532
SPAC6G9.03c	rtt106	viable	V	0.0	0.0	0.0	0.0	0.0
SPAC6G9.04	spo7	viable	V	0.002	0.004	0.009	0.015	0.019
SPAC6G9.05	pcd1	viable	V	-0.002	-0.0	-0.0	-0.0	-0.0
SPAC6G9.06c	pcp1	inviable	E	0.227	1.469	4.102	5.89	6.566
SPAC6G9.07c	arc4	inviable	E	0.346	2.182	4.576	5.454	5.647
SPAC6G9.08	ubp6	viable	V	-0.001	-0.0	-0.0	-0.0	-0.0
SPAC6G9.09c	rpl2401	viable	V	0.045	0.27	0.554	0.657	0.679
SPAC6G9.10c	sen1	viable	V	0.083	0.438	1.289	2.049	2.432
SPAC6G9.11	syb1	inviable	E	0.41	2.447	5.018	5.95	6.154
SPAC6G9.12	cfr1	viable	V	-0.028	-0.001	-0.0	-0.0	-0.0
SPAC6G9.13c	bqt1	viable	V	-0.007	-0.0	-0.0	-0.0	-0.0
SPAC6G9.14	puf4	viable	V	0.015	0.203	0.582	0.747	0.785
SPAC6G9.15c	ebp1	viable	V	-0.003	-0.0	-0.0	-0.0	-0.0
SPAC6G9.16c	xrc4	viable	V	-0.015	-0.04	-0.088	-0.139	-0.174
SPAC732.01	vma11	inviable	E	0.274	1.584	3.293	3.951	4.104
SPAC732.02c	fpb26	viable	V	-0.0	-0.003	-0.006	-0.007	-0.007
SPAC767.01c	vps1	viable	V	0.071	0.178	0.387	0.62	0.792
SPAC7D4.02c	sfp47	viable	V	0.0	0.0	0.0	0.089	1.021
SPAC7D4.03c	ahk1	viable	V	0.015	0.087	0.178	0.211	0.218
SPAC7D4.04	atg11	viable	V	0.011	0.067	0.138	0.164	0.169
SPAC7D4.05	SPAC7D4.05	viable	V	0.006	0.0	0.0	0.0	0.0
SPAC7D4.06c	alg3	viable	V	0.0	0.0	0.265	1.719	2.49
SPAC7D4.07c	trx1	condition-dependent	V	0.132	0.332	0.724	1.157	1.48
SPAC7D4.09c	dfg10	inviable	E	0.001	0.141	1.758	4.257	5.543
SPAC7D4.10	vma13	inviable	E	0.227	0.632	1.487	2.466	3.198
SPAC7D4.11c	sec39	inviable	E	0.434	2.594	5.319	6.306	6.523
SPAC7D4.12c	SPAC7D4.12c	viable	V	-0.002	-0.0	-0.0	-0.0	-0.0
SPAC7D4.13c	SPAC7D4.13c	viable	V	-0.004	-0.001	-0.0	-0.0	-0.0
SPAC7D4.14c	iss10	viable	V	0.021	0.057	0.125	0.199	0.25
SPAC806.02c	SPAC806.02c	inviable	E	0.344	2.11	4.556	5.542	5.778
SPAC806.04c	duf8901	viable	V	-0.025	-0.0	-0.0	-0.0	-0.0
SPAC806.07	ndk1	viable	V	0.042	0.211	0.463	0.59	0.628
SPAC806.08c	mod21	viable	V	0.005	0.0	0.0	0.0	0.0
SPAC806.11	SPAC806.11	unknown	Not_determined	0.004	0.001	0.0	0.0	0.0
SPAC821.03c	slf1	viable	V	0.001	0.0	0.0	0.0	0.0
SPAC821.04c	cid13	viable	V	0.02	0.12	0.246	0.292	0.302
SPAC821.05	tif308	viable	V	0.234	0.708	1.627	2.507	3.044
SPAC821.06	spn2	viable	V	0.038	0.009	0.0	0.0	0.0
SPAC821.07c	moc3	viable	V	-0.008	-0.002	-0.0	-0.0	-0.0
SPAC821.08c	slp1	inviable	E	0.386	2.304	4.724	5.601	5.793
SPAC821.09	eng1	viable	V	-0.0	-0.0	-0.0	-0.0	-0.0
SPAC821.10c	sod1	condition-dependent	V	0.0	0.003	0.583	1.988	2.536
SPAC821.11	pro1	viable	V	0.0	0.0	0.0	0.0	0.0
SPAC821.12	orb6	inviable	E	0.064	1.349	4.58	6.121	6.483
SPAC821.13c	dnf1	viable	V	-0.013	-0.003	-0.0	-0.0	-0.0
SPAC823.03	ppk15	viable	V	-0.017	-0.101	-0.207	-0.245	-0.254
SPAC823.04	rrp36	inviable	E	0.337	1.499	3.391	4.513	4.914
SPAC823.05c	tlg2	viable	V	0.019	0.116	0.469	0.979	1.369
SPAC823.06	taf3	inviable	E	-0.033	-0.0	-0.0	-0.0	-0.0
SPAC823.07	pga3	inviable	E	0.175	1.182	3.523	5.271	5.984
SPAC823.08c	rrp3	inviable	E	0.346	2.402	5.233	6.295	6.53
SPAC823.09c	SPAC823.09c	viable	V	-0.029	-0.0	-0.0	-0.0	-0.0
SPAC823.10c	hem25	viable	V	0.01	0.071	0.311	0.682	0.978
SPAC823.11	sgp1	condition-dependent	E	-0.015	-0.091	-0.186	-0.221	-0.228
SPAC823.12	vps11	condition-dependent	E	0.0	0.007	0.411	2.284	4.216
SPAC823.13c	she9	viable	V	-0.005	-0.001	-0.0	-0.0	-0.0
SPAC823.14	ptf1	viable	V	0.014	0.003	0.0	0.0	0.0
SPAC823.15	ppa1	viable	V	-0.001	-0.0	-0.0	-0.0	-0.0
SPAC823.16c	atg1802	viable	V	-0.001	-0.0	-0.0	-0.0	-0.0
SPAC824.02	bst1	viable	V	0.172	0.575	1.538	2.709	3.595
SPAC824.03c	SPAC824.03c	viable	V	0.005	0.001	0.0	0.0	0.0
SPAC824.04	swd22	viable	V	0.0	0.007	0.144	0.575	0.991
SPAC824.05	vps16	condition-dependent	V	0.013	0.169	1.134	2.957	4.486
SPAC824.07	glo2	viable	V	0.017	0.101	0.206	0.244	0.253
SPAC824.08	gda1	viable	V	-0.0	-0.0	-0.0	-0.0	-0.0
SPAC824.09c	age1	viable	V	0.021	0.124	0.255	0.302	0.313
SPAC869.01	SPAC869.01	viable	V	0.0	0.012	0.148	0.27	0.304
SPAC869.02c	yhb1	viable	V	0.022	0.056	0.122	0.195	0.249
SPAC869.03c	SPAC869.03c	viable	V	0.017	0.099	0.202	0.24	0.248
SPAC869.04	SPAC869.04	viable	V	-0.023	-0.006	-0.0	-0.0	-0.0
SPAC869.05c	sul2	viable	V	0.044	0.263	0.538	0.638	0.66
SPAC869.06c	hry1	viable	V	0.02	0.051	0.111	0.177	0.227
SPAC869.07c	mel1	viable	V	-0.003	-0.001	-0.0	-0.0	-0.0
SPAC869.08	pcm2	viable	V	0.032	0.143	0.323	0.426	0.462
SPAC869.09	SPAC869.09	viable	V	-0.025	-0.15	-0.307	-0.364	-0.376
SPAC869.10c	put4	viable	V	0.008	0.002	0.0	0.0	0.0
SPAC869.11	cat1	viable	V	0.004	0.053	0.34	0.801	1.126
SPAC890.02c	alp7	viable	V	0.115	0.289	0.629	1.006	1.287
SPAC890.03	ppk16	viable	V	-0.004	-0.0	-0.0	-0.0	-0.0
SPAC890.04c	ytm1	inviable	E	0.366	2.123	4.41	5.286	5.489
SPAC890.06	nup155	condition-dependent	V	0.343	2.292	4.914	5.889	6.105
SPAC890.07c	rmt1	viable	V	0.001	0.0	0.0	0.0	0.0
SPAC8C9.03	cgs1	viable	V	0.089	0.531	1.088	1.29	1.335
SPAC8C9.04	SPAC8C9.04	viable	V	-0.03	-0.092	-0.209	-0.32	-0.387
SPAC8C9.05	dtd1	viable	V	-0.033	-0.0	-0.0	-0.0	-0.0
SPAC8C9.06c	ppr4	viable	V	0.015	0.095	0.385	0.816	1.156
SPAC8C9.08	rps5	viable	V	0.171	1.058	3.028	4.486	5.087
SPAC8C9.09c	mug129	viable	V	0.023	0.138	0.284	0.336	0.348
SPAC8C9.10c	rrp14	viable	V	0.063	0.513	1.926	3.355	4.097
SPAC8C9.11	fra2	viable	V	-0.022	-0.055	-0.12	-0.192	-0.246
SPAC8C9.12c	mrs3	viable	V	0.019	0.005	0.0	0.0	0.0
SPAC8C9.14	prr1	viable	V	0.02	0.119	0.245	0.29	0.3
SPAC8C9.15c	tif225	inviable	E	0.399	2.384	4.889	5.797	5.996
SPAC8C9.16c	oxr1	viable	V	-0.004	-0.0	-0.0	-0.0	-0.0
SPAC8E11.01c	inv2	viable	V	-0.002	-0.001	-0.0	-0.0	-0.0
SPAC8E11.03c	dmc1	viable	V	-0.035	-0.0	-0.0	-0.0	-0.0
SPAC8E11.04c	pah1	viable	V	-0.008	-0.047	-0.097	-0.115	-0.119
SPAC8E11.05c	SPAC8E11.05c	viable	V	-0.029	-0.001	-0.0	-0.0	-0.0
SPAC8E11.06	SPAC8E11.06	viable	V	-0.029	-0.001	-0.0	-0.0	-0.0
SPAC8E11.07c	alp31	viable	V	0.0	0.002	0.173	1.103	2.156
SPAC8E11.08c	SPAC8E11.08c	unknown	Not_determined	0.0	0.0	0.0	0.001	0.001
SPAC8E11.10	SPAC8E11.10	viable	V	-0.001	-0.005	-0.011	-0.016	-0.018
SPAC8E11.12	SPAC8E11.12	viable	Not_determined	-0.0	-0.0	-0.0	-0.0	-0.0
SPAC8F11.02c	dph3	viable	V	0.188	1.121	2.299	2.726	2.82
SPAC8F11.03	msh3	viable	V	0.015	0.215	0.629	0.812	0.854
SPAC8F11.04	SPAC8F11.04	inviable	E	0.415	2.425	5.023	6.006	6.231
SPAC8F11.06	brr6	inviable	E	0.35	2.222	4.892	5.987	6.253
SPAC8F11.07c	cdc24	inviable	E	0.165	1.037	3.214	5.086	5.964
SPAC8F11.08c	SPAC8F11.08c	viable	V	0.044	0.401	0.974	1.203	1.255
SPAC8F11.09c	efm7	viable	V	-0.042	-0.001	-0.0	-0.0	-0.0
SPAC8F11.10c	pvg1	viable	V	-0.013	-0.078	-0.161	-0.191	-0.197
SPAC9.02c	SPAC9.02c	viable	V	0.021	0.075	0.213	0.386	0.518
SPAC9.03c	brr2	inviable	E	0.419	2.504	5.133	6.087	6.296
SPAC9.04	Tf2-1	unknown	Not_determined	0.0	0.005	0.141	0.318	0.374
SPAC9.05	fml1	viable	V	0.015	0.09	0.359	0.756	1.069
SPAC9.06c	mta3	viable	V	0.018	0.106	0.217	0.258	0.266
SPAC9.07c	SPAC9.07c	viable	V	-0.011	-0.001	-0.0	-0.0	-0.0
SPAC9.08c	SPAC9.08c	viable	V	0.003	0.001	0.0	0.0	0.0
SPAC9.09	met26	viable	Not_determined	0.291	2.138	4.765	5.763	5.984
SPAC9.10	thi9	viable	V	-0.017	-0.002	-0.0	-0.0	-0.0
SPAC9.11	SPAC9.11	viable	V	0.0	0.0	0.0	0.0	0.0
SPAC9.12c	atp12	viable	V	0.034	0.156	0.519	1.01	1.389
SPAC9.13c	cwf16	viable	V	0.368	2.257	4.678	5.561	5.755
SPAC922.03	SPAC922.03	viable	V	-0.043	-0.001	-0.0	-0.0	-0.0
SPAC922.04	SPAC922.04	viable	V	-0.009	-0.054	-0.112	-0.132	-0.137
SPAC922.05c	SPAC922.05c	viable	V	0.002	0.0	0.0	0.0	0.0
SPAC922.06	SPAC922.06	viable	V	0.024	0.145	0.297	0.352	0.364
SPAC922.07c	atd2	viable	V	0.0	0.001	0.001	0.002	0.002
SPAC922.09	SPAC922.09	unknown	Not_determined	-0.003	-0.001	-0.0	-0.0	-0.0
SPAC926.02	SPAC926.02	viable	V	-0.018	-0.0	-0.0	-0.0	-0.0
SPAC926.03	rlc1	condition-dependent	V	-0.051	-0.001	-0.0	-0.0	-0.0
SPAC926.04c	hsp90	inviable	E	0.366	2.346	4.95	5.91	6.121
SPAC926.06c	SPAC926.06c	viable	V	0.0	0.0	0.0	0.0	0.0
SPAC926.07c	dlc2	viable	V	-0.024	-0.001	-0.0	-0.0	-0.0
SPAC926.08c	rpf2	inviable	E	0.386	1.908	4.2	5.352	5.701
SPAC926.09c	fas1	viable	V	0.196	2.052	5.275	6.599	6.899
SPAC959.02	sec17	inviable	E	0.372	2.221	4.554	5.4	5.585
SPAC959.03c	utp7	inviable	E	0.277	2.132	4.844	5.885	6.116
SPAC959.04c	omh6	viable	V	0.0	0.0	0.065	1.743	3.931
SPAC959.06c	SPAC959.06c	viable	V	0.01	0.002	0.0	0.0	0.0
SPAC959.07	rps403	viable	V	0.0	0.003	0.133	0.327	0.391
SPAC959.08	rpl2102	viable	V	0.227	0.83	2.12	3.371	4.111
SPAC959.09c	apc5	inviable	E	0.022	0.904	4.039	5.762	6.182
SPAC959.11	SPAC959.11	unknown	Not_determined	0.041	0.267	0.568	0.68	0.704
SPAC977.03	SPAC977.03	viable	V	0.096	0.853	2.054	2.53	2.637
SPAC977.05c	SPAC977.05c	viable	V	0.033	0.083	0.181	0.289	0.369
SPAC977.10	nhe1	viable	V	0.022	0.134	0.274	0.325	0.336
SPAC977.11	fex1	viable	V	0.007	0.0	0.0	0.0	0.0
SPAC977.12	SPAC977.12	viable	V	-0.025	-0.002	-0.0	-0.0	-0.0
SPAC977.14c	SPAC977.14c	viable	V	-0.016	-0.004	-0.0	-0.0	-0.0
SPAC977.15	SPAC977.15	viable	V	0.003	0.039	0.137	0.2	0.22
SPAC977.16c	dak2	viable	V	-0.004	-0.0	-0.0	-0.0	-0.0
SPAC977.17	SPAC977.17	viable	V	0.025	0.006	0.0	0.0	0.0
SPAC977.18	SPAC977.18	unknown	Not_determined	0.028	0.169	0.347	0.412	0.426
SPAC9E9.01	SPAC9E9.01	unknown	Not_determined	-0.011	-0.065	-0.134	-0.159	-0.164
SPAC9E9.02	SPAC9E9.02	unknown	Not_determined	-0.007	-0.002	-0.0	-0.0	-0.0
SPAC9E9.03	leu2	viable	V	0.001	0.0	0.0	0.0	0.0
SPAC9E9.04	SPAC9E9.04	viable	V	0.031	0.11	0.255	0.37	0.427
SPAC9E9.05	sor1	viable	V	-0.003	-0.019	-0.039	-0.046	-0.048
SPAC9E9.06c	SPAC9E9.06c	inviable	E	0.412	2.461	5.046	5.983	6.189
SPAC9E9.07c	ypt2	inviable	E	0.253	2.082	4.859	5.941	6.183
SPAC9E9.08	rad26	viable	V	0.0	0.003	0.135	0.569	0.902
SPAC9E9.09c	atd1	viable	V	0.105	0.7	1.504	1.802	1.868
SPAC9E9.10c	cbh1	viable	V	0.029	0.094	0.217	0.326	0.388
SPAC9E9.11	plr1	viable	V	-0.009	-0.054	-0.111	-0.131	-0.136
SPAC9E9.12c	abc1	viable	V	0.006	0.0	0.0	0.0	0.0
SPAC9E9.13	wos2	viable	V	-0.0	-0.0	-0.0	-0.0	-0.0
SPAC9E9.14	vps24	viable	V	0.035	0.142	0.435	0.813	1.103
SPAC9E9.15	SPAC9E9.15	viable	V	0.004	0.025	0.051	0.061	0.063
SPAC9E9.17c	SPAC9E9.17c	unknown	Not_determined	-0.01	-0.058	-0.119	-0.141	-0.146
SPAC9G1.02	wis4	viable	V	0.0	0.02	0.259	0.475	0.536
SPAC9G1.04	oxa101	viable	V	0.0	0.0	0.0	0.0	0.0
SPAC9G1.05	aip1	viable	V	-0.005	-0.001	-0.0	-0.0	-0.0
SPAC9G1.06c	cyk3	viable	V	0.008	0.002	0.0	0.0	0.0
SPAC9G1.07	SPAC9G1.07	viable	V	0.0	0.0	0.0	0.374	1.58
SPAC9G1.08c	phi1	viable	V	0.003	0.194	1.795	3.885	4.879
SPAC9G1.09	sid1	inviable	E	0.12	0.794	2.911	5.328	6.789
SPAC9G1.10c	inp53	viable	V	0.008	0.049	0.101	0.12	0.124
SPAC9G1.11c	spn4	viable	V	0.017	0.07	0.16	0.22	0.244
SPAC9G1.12	trm61	viable	V	0.076	0.304	0.814	1.311	1.601
SPAC9G1.13c	swc4	inviable	E	0.003	0.149	1.539	3.954	5.483
SPAC9G1.14	SPAC9G1.14	unknown	Not_determined	0.016	0.096	0.196	0.232	0.24
SPACUNK12.02c	cmk1	viable	V	0.025	0.148	0.303	0.36	0.372
SPACUNK4.06c	rpb7	inviable	E	0.128	1.515	4.216	5.426	5.716
SPACUNK4.07c	cta4	viable	Not_determined	0.057	0.323	1.243	2.573	3.618
SPACUNK4.08	dpp2	viable	V	0.019	0.091	0.203	0.265	0.286
SPACUNK4.09	SPACUNK4.09	viable	V	-0.0	-0.0	-0.0	-0.0	-0.0
SPACUNK4.10	gor1	viable	V	-0.0	-0.019	-0.1	-0.148	-0.159
SPACUNK4.11c	mpp6	viable	V	0.004	0.0	0.0	0.0	0.0
SPACUNK4.12c	iph1	viable	V	0.013	0.003	0.0	0.0	0.0
SPACUNK4.13c	ola2	viable	V	0.04	0.009	0.0	0.0	0.0
SPACUNK4.14	mdb1	viable	V	-0.003	-0.001	-0.0	-0.0	-0.0
SPACUNK4.16c	tps3	viable	V	0.009	0.002	0.0	0.0	0.0
SPACUNK4.17	SPACUNK4.17	viable	V	0.004	0.001	0.0	0.0	0.0
SPACUNK4.19	mug153	viable	V	-0.001	-0.004	-0.008	-0.009	-0.01
SPAP11E10.01	SPAP11E10.01	viable	V	-0.015	-0.092	-0.188	-0.223	-0.23
SPAP11E10.02c	mam3	viable	V	0.007	0.0	0.0	0.0	0.0
SPAP14E8.02	tos4	viable	V	-0.037	-0.009	-0.0	-0.0	-0.0
SPAP14E8.03	bos1	inviable	E	0.216	1.824	4.299	5.269	5.486
SPAP14E8.04	oma1	viable	V	0.008	0.002	0.0	0.0	0.0
SPAP14E8.05c	SPAP14E8.05c	viable	V	-0.008	-0.002	-0.0	-0.0	-0.0
SPAP27G11.02	mgr3	viable	V	-0.013	-0.003	-0.0	-0.0	-0.0
SPAP27G11.03	cdc123	inviable	E	0.341	1.982	4.472	5.63	5.947
SPAP27G11.05c	vps41	viable	V	0.009	0.106	0.67	1.701	2.559
SPAP27G11.06c	vas2	viable	V	0.03	0.192	0.795	1.697	2.411
SPAP27G11.07c	bud32	condition-dependent	E	0.312	1.321	3.35	4.995	5.786
SPAP27G11.08c	meu32	viable	V	0.061	0.154	0.336	0.538	0.687
SPAP27G11.09c	rib1	inviable	E	0.219	1.456	3.12	3.738	3.874
SPAP27G11.10c	nup184	viable	V	0.432	1.701	3.918	5.469	6.132
SPAP27G11.11c	SPAP27G11.11c	unknown	Not_determined	-0.003	-0.008	-0.018	-0.029	-0.038
SPAP27G11.12	hid3	viable	V	0.0	0.0	0.003	0.192	0.61
SPAP27G11.14c	SPAP27G11.14c	viable	V	0.029	0.308	0.792	0.992	1.037
SPAP27G11.15	slx1	viable	V	-0.026	-0.006	-0.0	-0.0	-0.0
SPAP27G11.16	SPAP27G11.16	viable	V	0.0	0.0	0.0	0.108	1.305
SPAP32A8.02	SPAP32A8.02	viable	V	-0.013	-0.0	-0.0	-0.0	-0.0
SPAP32A8.03c	bop1	viable	V	0.025	0.152	0.311	0.369	0.382
SPAP4C9.02	emc5	viable	Not_determined	-0.03	-0.001	-0.0	-0.0	-0.0
SPAP7G5.02c	gua2	inviable	E	0.457	2.73	5.598	6.638	6.866
SPAP7G5.03	prm1	viable	V	-0.011	-0.064	-0.132	-0.156	-0.162
SPAP7G5.04c	lys1	viable	V	-0.008	-0.048	-0.098	-0.116	-0.12
SPAP7G5.06	per1	viable	V	0.001	0.007	0.019	0.023	0.024
SPAP8A3.02c	ofd2	viable	V	-0.028	-0.007	-0.0	-0.0	-0.0
SPAP8A3.03	zip3	viable	V	0.016	0.004	0.0	0.0	0.0
SPAP8A3.05	ski7	viable	V	0.011	0.066	0.135	0.16	0.165
SPAP8A3.07c	aro3	viable	V	0.303	1.409	3.441	4.82	5.373
SPAP8A3.08	cdc4	inviable	E	0.04	0.635	2.924	5.017	5.903
SPAP8A3.09c	paa1	inviable	E	0.143	1.436	4.195	5.696	6.131
SPAP8A3.10	ups1	inviable	E	0.009	0.574	3.212	4.892	5.332
SPAP8A3.11c	mtg2	inviable	E	0.0	0.001	0.179	1.589	3.372
SPAP8A3.12c	tpp2	viable	V	0.0	0.0	0.0	0.0	0.0
SPAP8A3.13c	gid10	viable	V	-0.037	-0.002	-0.0	-0.0	-0.0
SPAP8A3.14c	sls1	viable	V	0.019	0.105	0.392	0.783	1.073
SPAPB15E9.01c	pfl2	viable	Not_determined	-0.018	-0.106	-0.218	-0.258	-0.267
SPAPB15E9.02c	SPAPB15E9.02c	unknown	Not_determined	-0.024	-0.146	-0.299	-0.354	-0.367
SPAPB15E9.03c	Tf2-5	unknown	Not_determined	0.099	0.593	1.216	1.442	1.492
SPAPB17E12.03	pex12	viable	V	0.019	0.066	0.154	0.226	0.263
SPAPB17E12.04c	csn2	viable	V	0.021	0.23	0.835	1.307	1.492
SPAPB17E12.05	rpl3703	viable	V	0.223	0.57	1.249	1.992	2.534
SPAPB17E12.06	sos7	unknown	Not_determined	0.019	0.763	3.378	4.809	5.158
SPAPB17E12.07c	sen2	inviable	E	0.156	1.83	4.917	6.217	6.513
SPAPB17E12.08	eos1	viable	V	0.002	0.019	0.121	0.308	0.464
SPAPB17E12.09	SPAPB17E12.09	inviable	E	0.003	0.0	0.0	0.0	0.0
SPAPB17E12.10c	mrm202	inviable	E	0.0	0.0	0.022	0.892	2.66
SPAPB17E12.11	ost3	inviable	E	0.109	1.012	3.499	5.456	6.248
SPAPB17E12.14c	SPAPB17E12.14c	viable	V	-0.046	-0.002	-0.0	-0.0	-0.0
SPAPB18E9.01	trm5	viable	V	0.158	0.881	2.698	4.394	5.275
SPAPB18E9.02c	ppk18	viable	Not_determined	-0.014	-0.084	-0.172	-0.204	-0.211
SPAPB18E9.04c	SPAPB18E9.04c	viable	V	-0.033	-0.008	-0.0	-0.0	-0.0
SPAPB1A10.02	scm3	inviable	E	0.0	0.022	0.939	3.581	5.387
SPAPB1A10.03	nxt1	viable	V	0.0	0.003	0.076	0.312	0.543
SPAPB1A10.04c	cwp1	inviable	E	0.03	0.992	4.068	5.686	6.076
SPAPB1A10.05	SPAPB1A10.05	viable	V	-0.011	-0.066	-0.136	-0.161	-0.167
SPAPB1A10.06c	dhx37	inviable	E	0.4	2.557	5.39	6.433	6.662
SPAPB1A10.07c	SPAPB1A10.07c	viable	V	0.014	0.082	0.169	0.201	0.207
SPAPB1A10.08	SPAPB1A10.08	viable	V	-0.0	-0.0	-0.0	-0.0	-0.0
SPAPB1A10.09	ase1	viable	V	0.085	0.247	0.595	0.99	1.28
SPAPB1A10.10c	ypt71	viable	V	0.001	0.0	0.0	0.0	0.0
SPAPB1A10.11c	mse1	inviable	E	0.0	0.001	0.476	2.896	4.659
SPAPB1A10.12c	alo1	viable	V	0.011	0.067	0.138	0.163	0.169
SPAPB1A10.13	SPAPB1A10.13	viable	V	0.004	0.021	0.046	0.057	0.06
SPAPB1A10.15	arv1	viable	V	0.021	0.124	0.256	0.305	0.316
SPAPB1A10.16	dpc13	viable	Not_determined	0.011	0.003	0.0	0.0	0.0
SPAPB1A11.02	SPAPB1A11.02	viable	V	-0.006	-0.036	-0.074	-0.088	-0.091
SPAPB1A11.03	SPAPB1A11.03	viable	V	0.001	0.034	0.175	0.259	0.279
SPAPB1A11.04c	mca1	viable	V	0.085	0.87	2.82	4.094	4.525
SPAPB1E7.01c	SPAPB1E7.01c	inviable	E	0.016	0.292	1.36	2.282	2.646
SPAPB1E7.02c	mcl1	condition-dependent	V	0.028	0.265	1.426	3.403	5.016
SPAPB1E7.03	rpc82	inviable	E	0.238	1.946	4.525	5.527	5.751
SPAPB1E7.04c	cts2	viable	V	-0.006	-0.002	-0.0	-0.0	-0.0
SPAPB1E7.05	gde1	viable	V	-0.03	-0.001	-0.0	-0.0	-0.0
SPAPB1E7.06c	eme1	viable	V	0.008	0.423	2.063	3.004	3.237
SPAPB1E7.07	glt1	viable	V	-0.001	-0.0	-0.0	-0.0	-0.0
SPAPB1E7.08c	SPAPB1E7.08c	viable	V	0.001	0.008	0.016	0.019	0.02
SPAPB1E7.09	ogm2	condition-dependent	V	0.233	1.948	4.572	5.598	5.827
SPAPB1E7.10	rpc17	inviable	E	0.069	1.325	4.35	5.768	6.099
SPAPB1E7.11c	mpa1	viable	V	0.001	0.023	0.171	0.466	0.717
SPAPB1E7.12	rps602	viable	V	0.356	1.349	3.273	4.863	5.662
SPAPB1E7.14	iec5	unknown	Not_determined	0.033	0.082	0.179	0.287	0.366
SPAPB21F2.02	dop1	viable	V	-0.004	-0.001	-0.0	-0.0	-0.0
SPAPB24D3.01	toe3	viable	V	0.005	0.001	0.0	0.0	0.0
SPAPB24D3.02c	SPAPB24D3.02c	viable	V	-0.045	-0.001	-0.0	-0.0	-0.0
SPAPB24D3.03	agm2	viable	V	0.004	0.031	0.068	0.083	0.086
SPAPB24D3.04c	mag1	viable	V	-0.035	-0.001	-0.0	-0.0	-0.0
SPAPB24D3.06c	SPAPB24D3.06c	inviable	E	-0.0	-0.0	-0.0	-0.0	-0.0
SPAPB24D3.07c	SPAPB24D3.07c	viable	V	-0.003	-0.0	-0.0	-0.0	-0.0
SPAPB24D3.08c	SPAPB24D3.08c	viable	V	-0.027	-0.001	-0.0	-0.0	-0.0
SPAPB24D3.09c	pdr1	viable	V	0.014	0.003	0.0	0.0	0.0
SPAPB24D3.10c	agl1	viable	V	0.012	0.071	0.146	0.173	0.179
SPAPB2B4.01c	gpi12	inviable	E	0.0	0.193	2.626	4.88	5.518
SPAPB2B4.02	grx5	condition-dependent	V	0.0	0.0	0.003	0.502	2.012
SPAPB2B4.03	cig2	viable	V	0.023	0.071	0.163	0.246	0.294
SPAPB2B4.04c	pmc1	viable	V	0.01	0.075	0.357	0.809	1.172
SPAPB2B4.05	vma5	inviable	E	0.148	0.555	1.613	2.95	3.969
SPAPB2B4.06	SPAPB2B4.06	viable	V	0.002	0.012	0.024	0.028	0.029
SPAPB2B4.07	SPAPB2B4.07	viable	V	-0.007	-0.001	-0.0	-0.0	-0.0
SPAPB2C8.01	pfl10	viable	V	0.105	0.026	0.001	0.0	0.0
SPAPB8E5.03	mae1	viable	V	0.001	0.0	0.0	0.0	0.0
SPAPB8E5.04c	npc2	viable	V	0.084	0.021	0.001	0.0	0.0
SPAPB8E5.05	mfm1	viable	V	-0.013	-0.04	-0.091	-0.139	-0.167
SPAPB8E5.07c	rrp12	inviable	E	0.4	2.547	5.358	6.392	6.62
SPAPB8E5.08	SPAPB8E5.08	viable	V	-0.002	-0.0	-0.0	-0.0	-0.0
SPAPB8E5.09	rvb1	inviable	E	0.463	2.765	5.669	6.721	6.952
SPAPB8E5.10	min8	viable	V	0.0	0.0	0.0	0.0	0.0
SPAPJ691.02	moh1	viable	V	0.015	0.091	0.186	0.221	0.228
SPAPJ691.03	mic10	viable	V	-0.0	-0.0	-0.0	-0.0	-0.0
SPAPJ695.01c	SPAPJ695.01c	viable	V	0.033	0.099	0.225	0.347	0.422
SPAPJ695.02	SPAPJ695.02	viable	Not_determined	0.062	0.368	0.754	0.894	0.925
SPAPJ696.01c	vps17	viable	V	0.004	0.001	0.0	0.0	0.0
SPAPJ696.02	lsb4	viable	V	0.01	0.058	0.119	0.141	0.146
SPAPJ698.03c	prp12	inviable	E	0.331	2.147	4.918	6.143	6.46
SPAPJ760.02c	abp1	viable	V	-0.015	-0.0	-0.0	-0.0	-0.0
SPAPYUG7.02c	sin1	viable	V	0.063	0.69	1.804	2.266	2.371
SPAPYUG7.03c	mid2	viable	V	-0.001	-0.0	-0.0	-0.0	-0.0
SPAPYUG7.04c	rpb9	viable	V	-0.024	-0.0	-0.0	-0.0	-0.0
SPAPYUG7.05	pro3	inviable	E	0.183	1.986	5.172	6.49	6.789
SPAPYUG7.06	sdu1	viable	V	-0.008	-0.049	-0.1	-0.118	-0.122
SPAPYUK71.03c	tcb3	viable	V	-0.01	-0.002	-0.0	-0.0	-0.0
SPBC106.01	mph1	viable	V	0.038	0.138	0.391	0.706	0.946
SPBC106.02c	srx1	viable	V	0.009	0.046	0.101	0.128	0.136
SPBC106.03	SPBC106.03	viable	V	0.013	0.003	0.0	0.0	0.0
SPBC106.04	ada1	viable	V	0.058	0.243	0.671	1.096	1.345
SPBC106.05c	tim11	viable	V	-0.0	-0.0	-0.0	-0.0	-0.0
SPBC106.06	cct4	inviable	E	0.397	2.373	4.865	5.768	5.966
SPBC106.07c	nat2	viable	V	0.264	0.782	1.921	3.251	4.25
SPBC106.08c	mug2	viable	V	0.012	0.003	0.0	0.0	0.0
SPBC106.09	cut4	inviable	E	0.051	1.175	4.347	6.016	6.436
SPBC106.10	pka1	viable	V	0.074	0.816	2.142	2.694	2.819
SPBC106.11c	plg7	viable	V	0.001	0.0	0.0	0.0	0.0
SPBC106.12c	tho4	viable	V	-0.054	-0.324	-0.665	-0.789	-0.816
SPBC106.13	gid9	viable	V	0.014	0.004	0.0	0.0	0.0
SPBC106.14c	sda1	inviable	E	0.406	2.476	5.119	6.081	6.293
SPBC106.15	idi1	inviable	E	0.075	1.44	4.724	6.262	6.622
SPBC106.16	pre6	viable	V	0.368	2.254	4.67	5.552	5.745
SPBC106.17c	cys2	viable	V	0.167	0.648	1.495	2.099	2.362
SPBC106.18	rpl2501	inviable	E	0.408	2.439	5.0	5.929	6.132
SPBC106.19	ppr10	viable	V	0.0	0.0	0.0	0.307	1.539
SPBC106.20	exo70	condition-dependent	V	0.008	0.069	0.358	0.843	1.237
SPBC1105.01	SPBC1105.01	viable	V	0.016	0.098	0.201	0.239	0.247
SPBC1105.02c	lys4	viable	V	-0.006	-0.001	-0.0	-0.0	-0.0
SPBC1105.03c	mrpl16	inviable	E	0.022	0.246	1.466	3.639	5.435
SPBC1105.04c	cbp1	viable	V	0.0	0.0	0.209	2.14	3.684
SPBC1105.05	exg1	viable	V	-0.01	-0.06	-0.122	-0.145	-0.15
SPBC1105.06	pmc4	inviable	E	0.011	0.133	0.862	2.215	3.344
SPBC1105.07c	pci2	inviable	E	0.086	0.566	2.162	4.144	5.445
SPBC1105.08	emp70	viable	V	0.012	0.0	0.0	0.0	0.0
SPBC1105.09	ubc15	viable	V	0.04	0.116	0.284	0.48	0.627
SPBC1105.10	rav1	viable	V	-0.002	-0.001	-0.0	-0.0	-0.0
SPBC1105.11c	hht3	viable	V	0.011	0.066	0.135	0.161	0.166
SPBC1105.12	hhf3	viable	V	-0.02	-0.005	-0.0	-0.0	-0.0
SPBC1105.13c	SPBC1105.13c	viable	V	-0.028	-0.001	-0.0	-0.0	-0.0
SPBC1105.14	rsv2	viable	V	0.004	0.001	0.0	0.0	0.0
SPBC1105.15c	htd2	viable	V	0.0	0.01	0.317	1.445	2.582
SPBC1105.16c	rpr2	inviable	E	0.318	1.723	4.355	6.035	6.654
SPBC1105.17	cnp1	inviable	E	0.0	0.052	1.502	3.777	4.674
SPBC1105.19	tam12	unknown	Not_determined	0.004	0.021	0.043	0.051	0.053
SPBC115.01c	rrp46	inviable	E	0.227	1.785	4.368	5.52	5.812
SPBC115.02c	afg1	viable	V	0.0	0.004	0.1	0.354	0.533
SPBC115.03	SPBC115.03	viable	V	-0.0	-0.0	-0.0	-0.0	-0.0
SPBC119.01	rpn3	inviable	E	0.418	2.494	5.113	6.063	6.271
SPBC119.02	ubc4	inviable	E	0.437	1.534	3.55	5.174	5.984
SPBC119.03	cmt1	viable	V	-0.007	-0.039	-0.083	-0.104	-0.109
SPBC119.06	sco1	viable	V	0.046	0.145	0.332	0.502	0.598
SPBC119.07	vps15	viable	V	0.0	0.003	0.101	0.461	0.823
SPBC119.08	pmk1	viable	V	0.021	0.076	0.217	0.394	0.529
SPBC119.10	asn1	viable	Not_determined	0.228	2.025	4.905	6.065	6.329
SPBC119.11c	pac1	inviable	E	0.058	0.854	3.4	5.309	5.999
SPBC119.12	rud3	viable	V	0.0	0.0	0.035	0.385	0.619
SPBC119.13c	prp31	inviable	E	0.436	2.605	5.342	6.334	6.551
SPBC119.14	rti1	viable	V	-0.001	-0.003	-0.008	-0.012	-0.015
SPBC119.15	npa3	inviable	E	0.126	1.484	4.386	5.851	6.24
SPBC119.16c	den11	viable	V	-0.012	-0.0	-0.0	-0.0	-0.0
SPBC119.17	cym1	condition-dependent	E	0.033	0.758	3.474	5.499	6.183
SPBC119.18	mdm35	inviable	E	0.007	0.144	1.233	3.537	5.529
SPBC1198.01	fmd2	viable	V	-0.015	-0.091	-0.187	-0.222	-0.23
SPBC1198.02	dea2	inviable	E	0.018	0.109	0.223	0.264	0.274
SPBC1198.03c	SPBC1198.03c	viable	V	0.001	0.0	0.0	0.0	0.0
SPBC1198.04c	zas1	inviable	E	0.031	0.283	1.494	3.534	5.197
SPBC1198.05	guk1	inviable	E	0.451	2.334	5.067	6.347	6.707
SPBC1198.06c	dfg501	viable	V	0.009	0.052	0.107	0.127	0.131
SPBC1198.07c	dfg502	viable	V	0.019	0.066	0.153	0.225	0.262
SPBC1198.08	dug1	viable	V	0.036	0.106	0.24	0.37	0.451
SPBC1198.09	pex4	viable	V	0.024	0.143	0.294	0.348	0.36
SPBC1198.10c	slm5	inviable	E	0.002	0.072	0.988	3.388	5.586
SPBC1198.11c	reb1	viable	V	-0.0	-0.0	-0.0	-0.0	-0.0
SPBC1198.12	mfr1	viable	V	-0.012	-0.075	-0.153	-0.181	-0.187
SPBC1198.13c	tfg2	inviable	E	0.188	1.087	3.113	4.702	5.401
SPBC1198.14c	fbp1	viable	V	-0.049	-0.001	-0.0	-0.0	-0.0
SPBC11B10.01	alg2	inviable	E	0.374	2.364	4.959	5.912	6.122
SPBC11B10.03	cog8	inviable	E	0.054	1.079	3.924	5.487	5.903
SPBC11B10.04c	mrps28	inviable	E	0.0	0.048	1.119	3.837	5.79
SPBC11B10.05c	rsp1	viable	V	0.0	0.0	0.0	0.0	0.0
SPBC11B10.06	sws1	viable	V	0.067	0.402	0.825	0.978	1.012
SPBC11B10.07c	ivn1	viable	V	0.071	0.426	0.873	1.035	1.07
SPBC11B10.08	wwm1	viable	V	0.007	0.0	0.0	0.0	0.0
SPBC11B10.09	cdc2	inviable	E	0.581	1.458	3.179	5.084	6.5
SPBC11C11.01	SPBC11C11.01	viable	V	0.033	0.198	0.407	0.483	0.499
SPBC11C11.02	imp2	viable	V	0.004	0.086	0.785	2.313	3.644
SPBC11C11.03	ndc80	inviable	E	0.212	1.114	3.351	5.473	6.605
SPBC11C11.04c	alp1	inviable	E	0.213	1.638	4.329	5.759	6.181
SPBC11C11.05	knh1	inviable	E	0.386	1.321	3.115	4.677	5.52
SPBC11C11.07	rpl1801	viable	V	0.172	1.121	3.14	4.51	5.027
SPBC11C11.08	srp1	viable	V	0.028	0.12	0.274	0.37	0.406
SPBC11C11.09c	rpl502	viable	V	0.146	0.589	1.353	1.87	2.083
SPBC11C11.10	pus4	viable	V	0.014	0.077	0.163	0.2	0.21
SPBC11C11.11c	irc3	viable	V	0.007	0.041	0.083	0.099	0.102
SPBC11G11.01	fis1	viable	V	-0.006	-0.038	-0.078	-0.093	-0.096
SPBC11G11.02c	end3	viable	V	0.017	0.004	0.0	0.0	0.0
SPBC11G11.04	trs20	inviable	E	0.085	0.844	3.142	5.113	5.963
SPBC11G11.06c	sme1	inviable	E	0.317	1.709	4.328	6.01	6.634
SPBC11G11.07	mtr10	inviable	E	0.311	1.017	2.346	3.505	4.139
SPBC1215.01	shy1	viable	V	0.043	0.17	0.391	0.548	0.615
SPBC1215.02c	naa25	condition-dependent	E	0.006	0.102	0.774	2.113	3.253
SPBC1271.01c	pof13	viable	V	-0.009	-0.056	-0.115	-0.136	-0.141
SPBC1271.02	stt3	inviable	E	0.173	1.589	4.379	5.812	6.212
SPBC1271.03c	SPBC1271.03c	viable	V	0.029	0.175	0.359	0.426	0.441
SPBC1271.04c	dys1	inviable	E	0.181	0.786	2.524	4.816	6.57
SPBC1271.05c	SPBC1271.05c	viable	V	0.007	0.002	0.0	0.0	0.0
SPBC1271.06c	mug96	viable	V	-0.0	-0.0	-0.0	-0.0	-0.0
SPBC1271.08c	SPBC1271.08c	viable	V	0.025	0.006	0.0	0.0	0.0
SPBC1271.09	tgp1	viable	V	0.013	0.003	0.0	0.0	0.0
SPBC1271.10c	SPBC1271.10c	viable	V	-0.009	-0.0	-0.0	-0.0	-0.0
SPBC1271.11	pet802	viable	V	0.009	0.002	0.0	0.0	0.0
SPBC1271.12	osh41	viable	V	0.028	0.07	0.153	0.245	0.313
SPBC1271.13	mrpl8	inviable	E	0.0	0.059	1.182	3.652	5.246
SPBC1271.14	aga1	viable	V	0.0	0.004	0.069	0.259	0.438
SPBC1271.15c	mti2	viable	V	0.0	0.0	0.046	0.817	2.03
SPBC1289.01c	chr4	viable	V	0.009	0.044	0.096	0.123	0.132
SPBC1289.02c	uap2	inviable	E	0.063	0.528	2.24	4.356	5.672
SPBC1289.03c	spi1	inviable	E	0.411	2.629	5.543	6.616	6.853
SPBC1289.04c	pob1	inviable	E	0.031	0.855	3.738	5.576	6.109
SPBC1289.06c	ppr8	viable	V	0.067	0.323	0.715	0.918	0.982
SPBC1289.07c	rpc40	inviable	E	0.244	1.745	4.519	6.009	6.459
SPBC1289.08	uap1	viable	V	0.1	1.176	3.84	5.461	5.967
SPBC1289.09	tim21	viable	V	-0.003	-0.001	-0.0	-0.0	-0.0
SPBC1289.10c	adn2	viable	V	0.053	0.154	0.376	0.633	0.826
SPBC1289.11	spf38	viable	V	0.01	0.0	0.0	0.0	0.0
SPBC1289.12	usp109	inviable	E	0.161	0.922	2.736	4.279	5.009
SPBC1289.13c	gmh6	viable	V	0.004	0.022	0.044	0.053	0.054
SPBC1289.14	SPBC1289.14	viable	V	0.014	0.082	0.169	0.2	0.207
SPBC1289.15	pfl5	viable	V	0.001	0.004	0.008	0.01	0.01
SPBC1289.16c	cao2	viable	V	-0.012	-0.0	-0.0	-0.0	-0.0
SPBC1289.17	Tf2-11	unknown	Not_determined	-0.0	-0.0	-0.0	-0.0	-0.0
SPBC12C2.01c	SPBC12C2.01c	viable	V	0.061	0.154	0.336	0.537	0.687
SPBC12C2.02c	ste20	viable	V	0.092	0.378	1.171	2.203	2.995
SPBC12C2.03c	SPBC12C2.03c	viable	V	0.02	0.118	0.241	0.286	0.296
SPBC12C2.04	SPBC12C2.04	viable	V	-0.004	-0.024	-0.049	-0.058	-0.06
SPBC12C2.05c	bzz1	condition-dependent	V	0.015	0.088	0.181	0.215	0.222
SPBC12C2.06	dbp5	inviable	E	0.273	2.247	5.322	6.559	6.844
SPBC12C2.07c	srm1	viable	V	0.081	0.265	0.614	0.923	1.094
SPBC12C2.08	dnm1	viable	V	-0.014	-0.0	-0.0	-0.0	-0.0
SPBC12C2.09c	izh2	viable	V	-0.002	-0.008	-0.019	-0.024	-0.026
SPBC12C2.10c	pst1	inviable	E	0.146	0.88	2.81	4.634	5.577
SPBC12C2.11	gfa1	inviable	E	0.298	2.214	4.953	5.996	6.228
SPBC12C2.12c	glo1	viable	V	-0.023	-0.0	-0.0	-0.0	-0.0
SPBC12C2.13c	fnx1	viable	V	0.002	0.01	0.02	0.023	0.024
SPBC12D12.01	sad1	inviable	E	0.043	0.768	3.309	5.26	5.958
SPBC12D12.02c	cdm1	viable	V	0.021	0.124	0.254	0.301	0.311
SPBC12D12.03	cct1	inviable	E	0.406	2.427	4.976	5.9	6.103
SPBC12D12.04c	pck2	viable	V	0.031	0.087	0.195	0.306	0.379
SPBC12D12.05c	SPBC12D12.05c	viable	V	0.022	0.133	0.272	0.322	0.333
SPBC12D12.06	srb11	viable	V	-0.035	-0.001	-0.0	-0.0	-0.0
SPBC12D12.07c	trx2	viable	V	0.034	0.189	0.399	0.485	0.507
SPBC12D12.08c	ned8	inviable	E	0.223	1.346	3.781	5.551	6.271
SPBC12D12.09	rev7	viable	V	-0.009	-0.051	-0.105	-0.125	-0.129
SPBC1306.01c	gfm1	inviable	E	0.016	0.198	1.288	3.312	5.004
SPBC1306.02	trm734	viable	V	0.137	0.607	1.889	3.441	4.527
SPBC1347.01c	rev1	viable	V	0.0	0.0	0.0	0.0	0.0
SPBC1347.02	ani1	viable	V	0.0	0.0	0.251	1.315	1.827
SPBC1347.03	meu14	viable	V	-0.007	-0.0	-0.0	-0.0	-0.0
SPBC1347.04	tim54	inviable	E	0.02	0.432	2.444	4.571	5.544
SPBC1347.05c	scj1	inviable	E	0.007	0.451	2.91	4.864	5.479
SPBC1347.06c	cki1	viable	V	0.0	0.001	0.125	0.405	0.52
SPBC1347.07	rex2	viable	V	0.008	0.002	0.0	0.0	0.0
SPBC1347.08c	rnh202	viable	V	0.0	0.0	0.0	0.0	0.0
SPBC1347.09	SPBC1347.09	viable	V	-0.011	-0.003	-0.0	-0.0	-0.0
SPBC1347.10	cdc23	inviable	E	0.364	2.171	4.452	5.279	5.46
SPBC1347.11	sro1	viable	V	-0.001	-0.0	-0.0	-0.0	-0.0
SPBC1347.12	arp1	viable	V	0.003	0.015	0.032	0.037	0.039
SPBC1347.13c	mrm1	viable	V	-0.005	-0.001	-0.0	-0.0	-0.0
SPBC1347.14c	SPBC1347.14c	unknown	Not_determined	-0.01	-0.06	-0.124	-0.147	-0.152
SPBC13A2.01c	cbc2	inviable	E	0.0	0.036	0.878	1.965	2.332
SPBC13A2.02	nup82	condition-dependent	V	0.4	2.391	4.903	5.813	6.013
SPBC13A2.03	bbl1	inviable	E	0.193	1.851	4.589	5.693	5.941
SPBC13A2.04c	ptr2	viable	V	0.0	0.022	0.185	0.308	0.341
SPBC13E7.01	cwf22	inviable	E	0.182	1.913	4.927	6.167	6.448
SPBC13E7.02	cwf24	inviable	E	0.024	0.837	3.483	4.885	5.224
SPBC13E7.03c	vts1	viable	V	0.004	0.0	0.0	0.0	0.0
SPBC13E7.05	gpi14	inviable	E	0.279	1.417	3.779	5.57	6.353
SPBC13E7.06	msd1	viable	V	0.001	0.01	0.074	0.203	0.313
SPBC13E7.07	SPBC13E7.07	viable	V	-0.009	-0.022	-0.049	-0.078	-0.1
SPBC13E7.08c	leo1	viable	V	0.011	0.068	0.14	0.166	0.172
SPBC13E7.09	vrp1	viable	V	-0.002	-0.0	-0.0	-0.0	-0.0
SPBC13E7.10c	brf1	inviable	E	0.307	2.276	5.088	6.158	6.395
SPBC13E7.11	rbd1	viable	V	0.022	0.005	0.0	0.0	0.0
SPBC13G1.01c	nam9	inviable	E	0.0	0.002	1.029	4.405	5.878
SPBC13G1.02	mpg2	viable	V	0.005	0.032	0.066	0.079	0.082
SPBC13G1.04c	abh1	viable	V	0.024	0.006	0.0	0.0	0.0
SPBC13G1.05	emp65	inviable	E	0.071	0.355	1.256	2.506	3.479
SPBC13G1.06c	isd11	inviable	E	0.007	0.573	3.364	5.12	5.565
SPBC13G1.07	swf1	inviable	E	0.03	0.325	1.632	3.416	4.569
SPBC13G1.08c	ash2	viable	V	0.0	0.0	0.032	0.333	0.732
SPBC13G1.09	enp1	inviable	E	0.155	1.832	4.939	6.249	6.547
SPBC13G1.10c	rqt2	viable	V	0.034	0.155	0.515	1.0	1.374
SPBC13G1.11	ykt6	inviable	E	0.455	2.718	5.573	6.608	6.835
SPBC13G1.12	did2	viable	V	0.015	0.092	0.189	0.224	0.232
SPBC13G1.13	tfb2	viable	V	0.066	0.905	3.485	5.402	6.097
SPBC13G1.15c	SPBC13G1.15c	unknown	Not_determined	-0.009	-0.054	-0.112	-0.132	-0.137
SPBC146.01	med15	inviable	E	0.339	1.025	2.343	3.586	4.335
SPBC146.02	SPBC146.02	viable	V	-0.002	-0.0	-0.0	-0.0	-0.0
SPBC146.03c	cut3	inviable	E	0.108	1.517	4.379	5.631	5.919
SPBC146.05c	cwf25	inviable	E	0.481	2.872	5.888	6.981	7.221
SPBC146.06c	fan1	viable	V	-0.012	-0.003	-0.0	-0.0	-0.0
SPBC146.08c	tif1102	viable	V	0.311	1.576	3.862	5.304	5.836
SPBC146.09c	lsd1	viable	V	0.001	0.046	0.616	2.087	3.429
SPBC146.10	mug57	viable	V	0.029	0.007	0.0	0.0	0.0
SPBC146.11c	mug97	viable	V	-0.007	-0.041	-0.084	-0.099	-0.103
SPBC146.12	coq6	condition-dependent	V	0.0	0.012	0.352	1.033	1.385
SPBC146.13c	myo1	condition-dependent	V	0.062	0.478	2.049	4.156	5.59
SPBC146.14c	sec26	inviable	E	0.461	2.753	5.644	6.692	6.922
SPBC14C8.01c	cut2	inviable	E	0.121	0.595	2.011	3.843	5.18
SPBC14C8.02	tim44	inviable	E	0.181	1.811	4.57	5.692	5.945
SPBC14C8.03	fma2	viable	V	0.013	0.06	0.202	0.394	0.542
SPBC14C8.04	ilv6	viable	V	0.068	0.017	0.001	0.0	0.0
SPBC14C8.05c	meu17	viable	V	-0.022	-0.133	-0.273	-0.323	-0.334
SPBC14C8.06	arc1	inviable	E	0.261	1.852	4.073	4.91	5.095
SPBC14C8.07c	cdc18	inviable	E	0.42	2.51	5.147	6.103	6.313
SPBC14C8.09c	dbl3	viable	V	0.013	0.079	0.162	0.192	0.198
SPBC14C8.10	mrpl24	inviable	E	0.009	0.157	1.212	3.34	5.156
SPBC14C8.11c	SPBC14C8.11c	viable	V	-0.004	-0.012	-0.027	-0.043	-0.053
SPBC14C8.12	rpb8	inviable	E	0.384	2.125	4.552	5.593	5.861
SPBC14C8.13	srr1	viable	V	0.075	0.287	0.718	1.092	1.29
SPBC14C8.14c	pol5	inviable	E	0.167	1.078	3.365	5.313	6.217
SPBC14C8.16c	bot1	condition-dependent	V	0.052	0.377	1.49	2.838	3.681
SPBC14C8.17c	spt8	viable	V	0.0	0.005	0.221	1.181	2.203
SPBC14C8.19	tam10	viable	Not_determined	-0.028	-0.001	-0.0	-0.0	-0.0
SPBC14F5.01	SPBC14F5.01	unknown	Not_determined	-0.01	-0.0	-0.0	-0.0	-0.0
SPBC14F5.02	trs65	inviable	E	0.0	0.125	2.582	5.293	6.103
SPBC14F5.03c	kap123	viable	V	0.172	0.703	1.612	2.216	2.459
SPBC14F5.04c	pgk1	inviable	E	0.282	1.683	4.281	5.829	6.356
SPBC14F5.05c	sam1	inviable	E	0.296	2.136	4.725	5.704	5.921
SPBC14F5.06	rli1	inviable	E	0.433	2.586	5.302	6.287	6.503
SPBC14F5.07	doa10	viable	V	0.003	0.014	0.031	0.042	0.047
SPBC14F5.08	med7	inviable	E	0.004	0.085	0.76	2.218	3.484
SPBC14F5.09c	ade8	viable	V	0.039	0.416	1.08	1.354	1.416
SPBC14F5.10c	SPBC14F5.10c	viable	V	0.028	0.07	0.152	0.244	0.312
SPBC14F5.11c	snx41	viable	V	-0.0	-0.0	-0.0	-0.0	-0.0
SPBC14F5.12c	cbh2	viable	V	0.001	0.003	0.007	0.011	0.014
SPBC14F5.13c	pho8	viable	V	-0.05	-0.003	-0.0	-0.0	-0.0
SPBC1539.02	SPBC1539.02	viable	V	0.016	0.095	0.197	0.236	0.245
SPBC1539.03c	arg41	viable	V	0.025	0.006	0.0	0.0	0.0
SPBC1539.04	tts1	viable	V	-0.003	-0.001	-0.0	-0.0	-0.0
SPBC1539.05	cog3	inviable	E	0.027	0.982	4.141	5.827	6.235
SPBC1539.06	acb1	viable	V	0.047	0.355	1.36	2.473	3.109
SPBC1539.08	arf6	viable	V	0.052	0.13	0.283	0.453	0.579
SPBC1539.09c	trp1	inviable	E	0.42	2.505	5.136	6.09	6.3
SPBC1539.10	nop16	viable	V	0.002	0.052	0.478	1.413	2.229
SPBC15C4.01c	oca3	viable	V	0.0	0.0	0.0	0.062	0.72
SPBC15C4.02	cqd2	viable	V	-0.0	-0.0	-0.0	-0.0	-0.0
SPBC15C4.03	mrs6	inviable	E	0.43	2.569	5.267	6.245	6.46
SPBC15C4.04c	SPBC15C4.04c	viable	V	-0.001	-0.0	-0.0	-0.0	-0.0
SPBC15C4.05	dhx29	viable	V	0.043	0.256	0.525	0.623	0.644
SPBC15C4.06c	rnf181	viable	V	0.001	0.059	0.305	0.45	0.487
SPBC15D4.01c	klp9	viable	V	0.001	0.0	0.0	0.0	0.0
SPBC15D4.02	gsf1	viable	V	0.041	0.103	0.225	0.359	0.46
SPBC15D4.03	slm9	condition-dependent	V	0.011	0.086	0.408	0.921	1.334
SPBC15D4.04	alg7	inviable	E	0.192	1.879	4.699	5.841	6.098
SPBC15D4.05	zng1	viable	V	0.023	0.138	0.282	0.335	0.346
SPBC15D4.06	naa30	viable	V	-0.024	-0.006	-0.0	-0.0	-0.0
SPBC15D4.07c	atg9	viable	V	-0.024	-0.0	-0.0	-0.0	-0.0
SPBC15D4.08c	SPBC15D4.08c	unknown	Not_determined	-0.002	-0.004	-0.01	-0.015	-0.019
SPBC15D4.09c	met3	viable	V	0.0	0.001	0.001	0.002	0.002
SPBC15D4.10c	amo1	viable	V	0.322	1.096	2.746	4.415	5.459
SPBC15D4.11c	mam3302	inviable	E	0.045	1.076	3.85	5.209	5.531
SPBC15D4.13c	SPBC15D4.13c	viable	V	0.001	0.0	0.0	0.0	0.0
SPBC15D4.14	taf51	inviable	E	0.0	0.014	1.032	3.884	5.483
SPBC1604.01	egt1	viable	V	0.001	0.0	0.0	0.0	0.0
SPBC1604.02c	ppr1	viable	V	0.077	0.491	1.034	1.233	1.277
SPBC1604.03c	SPBC1604.03c	viable	V	-0.006	-0.001	-0.0	-0.0	-0.0
SPBC1604.04	SPBC1604.04	viable	V	-0.01	-0.06	-0.122	-0.145	-0.15
SPBC1604.05	pgi1	inviable	E	0.311	2.255	5.445	6.91	7.294
SPBC1604.06c	noc4	inviable	E	0.423	2.048	4.537	5.833	6.239
SPBC1604.07	atp4	viable	V	0.058	0.263	0.803	1.417	1.821
SPBC1604.08c	imp1	condition-dependent	V	0.129	0.503	1.5	2.777	3.753
SPBC1604.09c	rex4	viable	V	0.027	0.116	0.369	0.702	0.958
SPBC1604.10	srb7	inviable	E	0.012	0.164	1.085	2.812	4.259
SPBC1604.12	SPBC1604.12	viable	V	-0.014	-0.0	-0.0	-0.0	-0.0
SPBC1604.13c	mrpl32	inviable	E	0.011	0.137	0.778	1.768	2.473
SPBC1604.14c	shk1	inviable	E	0.062	1.323	4.528	6.062	6.424
SPBC1604.15	gpi16	inviable	E	0.066	1.335	4.478	5.968	6.317
SPBC1604.16c	SPBC1604.16c	viable	V	0.01	0.002	0.0	0.0	0.0
SPBC1604.17c	tti2	inviable	E	0.054	0.5	2.363	4.911	6.61
SPBC1604.18c	cmp7	viable	V	0.004	0.073	0.247	0.329	0.349
SPBC1604.19c	trs8501	viable	V	-0.012	-0.072	-0.148	-0.175	-0.181
SPBC1604.20c	tea2	viable	V	0.054	0.17	0.394	0.601	0.721
SPBC1604.21c	uba1	inviable	E	0.434	2.589	5.308	6.294	6.51
SPBC1604.25	pet117	viable	Not_determined	0.021	0.08	0.234	0.429	0.577
SPBC1652.01	stb3	viable	V	0.013	0.003	0.0	0.0	0.0
SPBC1652.02	SPBC1652.02	viable	V	0.476	2.841	5.826	6.908	7.146
SPBC1677.02	dpm3	inviable	E	0.13	1.493	4.033	5.124	5.378
SPBC1677.03c	tda1	inviable	E	0.127	1.394	4.119	5.551	5.949
SPBC1683.01	pho841	viable	V	-0.002	-0.0	-0.0	-0.0	-0.0
SPBC1683.02	dea3	viable	V	0.014	0.086	0.177	0.21	0.217
SPBC1683.03c	amf1	viable	V	-0.011	-0.0	-0.0	-0.0	-0.0
SPBC1683.04	ghf3	viable	V	0.002	0.0	0.0	0.0	0.0
SPBC1683.05	thi7	viable	V	0.011	0.064	0.131	0.155	0.161
SPBC1683.06c	urh1	viable	V	0.0	0.0	0.0	0.0	0.0
SPBC1683.07	mal1	viable	V	0.0	0.0	0.0	0.119	1.552
SPBC1683.08	ght4	viable	V	0.0	0.0	0.0	0.0	0.0
SPBC1683.09c	frp1	viable	V	-0.013	-0.0	-0.0	-0.0	-0.0
SPBC1683.10c	pcl1	viable	V	-0.066	-0.016	-0.001	-0.0	-0.0
SPBC1683.11c	icl1	viable	V	0.021	0.204	0.512	0.636	0.664
SPBC1683.12	SPBC1683.12	viable	V	-0.0	-0.0	-0.0	-0.0	-0.0
SPBC1683.13c	cha4	viable	V	-0.006	-0.0	-0.0	-0.0	-0.0
SPBC1685.01	pmp1	viable	V	0.013	0.063	0.216	0.427	0.591
SPBC1685.02c	rps1202	viable	V	0.084	0.39	0.901	1.206	1.315
SPBC1685.03	sec11	inviable	E	0.423	2.264	4.942	6.176	6.517
SPBC1685.04	SPBC1685.04	viable	V	-0.018	-0.106	-0.217	-0.258	-0.267
SPBC1685.05	htr11	viable	V	0.018	0.046	0.101	0.161	0.206
SPBC1685.06	cid11	viable	V	-0.003	-0.016	-0.033	-0.039	-0.04
SPBC1685.07c	avt5	viable	V	-0.0	-0.0	-0.0	-0.0	-0.0
SPBC1685.08	cti6	viable	V	0.025	0.094	0.275	0.504	0.678
SPBC1685.09	rps29	viable	V	0.493	2.941	6.03	7.15	7.396
SPBC1685.11	rlp1	viable	V	-0.009	-0.053	-0.109	-0.129	-0.133
SPBC1685.14c	vid27	viable	V	0.001	0.0	0.0	0.0	0.0
SPBC1685.15c	klp6	viable	V	0.023	0.102	0.231	0.308	0.336
SPBC1685.16	vma9	inviable	E	0.19	0.839	2.309	3.681	4.429
SPBC1685.17	SPBC1685.17	unknown	Not_determined	-0.007	-0.04	-0.086	-0.105	-0.11
SPBC16A3.01	spn3	viable	V	0.005	0.0	0.0	0.0	0.0
SPBC16A3.02c	SPBC16A3.02c	viable	V	0.015	0.092	0.189	0.224	0.232
SPBC16A3.03c	ppr7	viable	V	0.061	0.278	0.626	0.827	0.897
SPBC16A3.05c	rae1	condition-dependent	E	0.263	2.159	5.034	6.153	6.403
SPBC16A3.06	tad1	viable	V	0.034	0.085	0.185	0.297	0.379
SPBC16A3.07c	nrm1	viable	V	0.07	0.175	0.382	0.61	0.78
SPBC16A3.08c	oga1	viable	V	0.0	0.011	0.166	0.398	0.506
SPBC16A3.09c	ufd1	inviable	E	0.018	0.762	3.412	4.869	5.225
SPBC16A3.10	ale1	viable	V	-0.008	-0.047	-0.097	-0.115	-0.119
SPBC16A3.11	eso1	inviable	E	0.005	0.458	2.793	4.288	4.668
SPBC16A3.12c	SPBC16A3.12c	viable	V	0.001	0.0	0.0	0.0	0.0
SPBC16A3.13	meu7	viable	V	-0.026	-0.001	-0.0	-0.0	-0.0
SPBC16A3.15c	nda2	inviable	E	0.327	2.214	4.776	5.732	5.944
SPBC16A3.16	coa5	viable	V	0.029	0.085	0.193	0.299	0.365
SPBC16A3.17c	SPBC16A3.17c	viable	V	0.003	0.02	0.04	0.048	0.049
SPBC16A3.18	cip1	viable	V	0.029	0.174	0.358	0.424	0.439
SPBC16A3.19	eaf7	viable	V	0.032	0.191	0.391	0.463	0.479
SPBC16C6.01c	SPBC16C6.01c	viable	V	-0.015	-0.004	-0.0	-0.0	-0.0
SPBC16C6.02c	vps1302	viable	V	0.023	0.057	0.124	0.199	0.254
SPBC16C6.03c	rsa1	viable	V	0.0	0.003	0.563	1.888	2.4
SPBC16C6.04	dbl6	viable	V	-0.009	-0.0	-0.0	-0.0	-0.0
SPBC16C6.05	tma22	viable	V	0.034	0.192	0.648	1.159	1.472
SPBC16C6.06	vps10	viable	V	-0.017	-0.0	-0.0	-0.0	-0.0
SPBC16C6.07c	rpt1	inviable	E	0.485	2.897	5.941	7.044	7.286
SPBC16C6.08c	qcr6	viable	V	0.013	0.08	0.164	0.194	0.201
SPBC16C6.09	ogm4	viable	V	0.0	0.012	0.476	2.377	4.352
SPBC16C6.10	chp2	viable	V	-0.012	-0.0	-0.0	-0.0	-0.0
SPBC16C6.12c	las1	inviable	E	0.263	1.302	3.46	5.123	5.864
SPBC16C6.13c	sec27	inviable	E	0.083	1.539	4.978	6.576	6.95
SPBC16C6.14	spo2	viable	Not_determined	0.003	0.017	0.036	0.046	0.049
SPBC16D10.01c	acl4	viable	V	0.077	0.369	1.172	2.102	2.713
SPBC16D10.02	trm11	viable	V	0.102	0.289	0.689	1.15	1.494
SPBC16D10.03	kae1	viable	V	0.314	1.325	3.332	4.93	5.688
SPBC16D10.04c	dna2	inviable	E	0.037	0.921	3.89	5.76	6.303
SPBC16D10.05	mok13	viable	V	0.0	0.0	0.0	0.068	0.886
SPBC16D10.06	zrt1	viable	V	0.019	0.416	2.03	3.404	3.928
SPBC16D10.07c	sir2	viable	V	0.011	0.002	0.0	0.0	0.0
SPBC16D10.08c	hsp104	viable	V	0.001	0.0	0.0	0.0	0.0
SPBC16D10.09	pcn1	inviable	E	0.263	1.425	3.536	4.826	5.284
SPBC16D10.10	tad2	inviable	E	0.207	1.128	3.195	4.864	5.625
SPBC16D10.11c	rps1801	viable	V	0.088	0.656	1.484	1.805	1.878
SPBC16E9.01c	php4	viable	V	0.039	0.009	0.0	0.0	0.0
SPBC16E9.02c	SPBC16E9.02c	viable	V	-0.0	-0.0	-0.0	-0.0	-0.0
SPBC16E9.03c	coa1	viable	V	0.058	0.183	0.472	0.817	1.077
SPBC16E9.06c	uvi31	viable	V	-0.014	-0.085	-0.175	-0.207	-0.214
SPBC16E9.07	mug100	viable	V	0.003	0.015	0.031	0.037	0.038
SPBC16E9.08	mcp4	viable	V	-0.018	-0.0	-0.0	-0.0	-0.0
SPBC16E9.10c	rix7	inviable	E	0.196	1.966	4.963	6.182	6.457
SPBC16E9.11c	pub3	viable	V	0.008	0.001	0.0	0.0	0.0
SPBC16E9.12c	pab2	viable	V	0.0	0.0	0.013	0.202	0.489
SPBC16E9.13	ksp1	viable	V	0.0	0.0	0.0	0.107	0.648
SPBC16E9.14c	zrg17	viable	V	-0.003	-0.007	-0.016	-0.026	-0.033
SPBC16E9.15	SPBC16E9.15	viable	V	-0.001	-0.0	-0.0	-0.0	-0.0
SPBC16E9.16c	lsd90	viable	V	-0.014	-0.003	-0.0	-0.0	-0.0
SPBC16E9.17c	rem1	viable	V	0.037	0.223	0.457	0.542	0.56
SPBC16E9.18	psd1	viable	V	0.006	0.149	0.545	0.742	0.789
SPBC16G5.02c	rbk1	viable	V	0.003	0.019	0.04	0.047	0.049
SPBC16G5.03	mrz1	viable	V	-0.005	-0.054	-0.167	-0.233	-0.253
SPBC16G5.04	mrpl23	inviable	E	0.013	0.186	1.297	3.428	5.224
SPBC16G5.05c	scs2	viable	V	0.016	0.094	0.193	0.229	0.237
SPBC16G5.07c	SPBC16G5.07c	viable	V	0.0	0.0	0.0	0.0	0.0
SPBC16G5.08	trp4	inviable	E	0.414	2.469	5.063	6.003	6.209
SPBC16G5.09	kex1	viable	V	0.045	0.011	0.0	0.0	0.0
SPBC16G5.10	rrp42	inviable	E	0.171	1.502	4.233	5.744	6.198
SPBC16G5.11c	bag101	viable	V	-0.001	-0.0	-0.0	-0.0	-0.0
SPBC16G5.12c	top3	inviable	E	0.006	0.24	1.896	3.992	5.019
SPBC16G5.13	ptf2	viable	V	-0.001	-0.0	-0.0	-0.0	-0.0
SPBC16G5.14c	rps3	inviable	E	0.247	2.274	5.552	6.862	7.156
SPBC16G5.15c	fkh2	viable	V	0.05	0.399	1.631	3.099	3.984
SPBC16G5.16	ntu1	viable	V	0.021	0.127	0.26	0.309	0.32
SPBC16G5.17	SPBC16G5.17	viable	V	-0.027	-0.001	-0.0	-0.0	-0.0
SPBC16G5.18	erg24	inviable	E	0.106	0.491	1.645	3.207	4.416
SPBC16G5.19	SPBC16G5.19	viable	Not_determined	-0.017	-0.0	-0.0	-0.0	-0.0
SPBC16H5.02	pfk1	condition-dependent	E	0.412	2.462	5.048	5.986	6.192
SPBC16H5.03c	uba2	viable	V	0.005	0.101	0.913	2.673	4.204
SPBC16H5.04	snd301	viable	V	-0.002	-0.042	-0.153	-0.207	-0.22
SPBC16H5.05c	cyp7	viable	V	-0.001	-0.0	-0.0	-0.0	-0.0
SPBC16H5.06	rip1	viable	V	0.078	0.206	0.465	0.758	0.976
SPBC16H5.07c	ppa2	viable	V	0.078	0.195	0.426	0.682	0.871
SPBC16H5.08c	SPBC16H5.08c	viable	V	0.244	0.665	1.54	2.534	3.277
SPBC16H5.09c	omh2	viable	V	-0.012	-0.074	-0.152	-0.18	-0.186
SPBC16H5.10c	prp43	inviable	E	0.105	1.542	4.548	5.878	6.185
SPBC16H5.11c	skb1	viable	V	0.028	0.001	0.0	0.0	0.0
SPBC16H5.12c	SPBC16H5.12c	viable	V	-0.008	-0.0	-0.0	-0.0	-0.0
SPBC16H5.13	wdr7	viable	V	0.02	0.401	1.342	1.788	1.893
SPBC16H5.14c	SPBC16H5.14c	unknown	Not_determined	0.0	0.0	0.097	1.149	2.614
SPBC16H5.15	gem8	inviable	E	0.001	0.098	1.52	3.986	5.318
SPBC1703.01c	pop4	inviable	E	0.343	1.532	3.906	5.752	6.597
SPBC1703.02	rsc9	inviable	E	0.221	0.822	2.284	3.974	5.153
SPBC1703.03c	syo2	viable	V	0.012	0.141	0.675	1.309	1.664
SPBC1703.04	mlh1	viable	V	-0.004	-0.016	-0.037	-0.051	-0.056
SPBC1703.05	rio2	inviable	E	0.286	2.291	5.287	6.447	6.706
SPBC1703.06	pof10	viable	V	0.007	0.002	0.0	0.0	0.0
SPBC1703.07	acl1	viable	V	-0.015	-0.004	-0.0	-0.0	-0.0
SPBC1703.08c	fau1	viable	V	0.002	0.013	0.026	0.031	0.032
SPBC1703.09	SPBC1703.09	viable	V	-0.026	-0.0	-0.0	-0.0	-0.0
SPBC1703.10	ypt1	inviable	E	0.417	2.49	5.106	6.054	6.263
SPBC1703.11	opa3	viable	V	-0.009	-0.051	-0.104	-0.124	-0.128
SPBC1703.12	ubp9	viable	V	0.042	0.253	0.52	0.616	0.637
SPBC1703.14c	top1	viable	V	0.0	0.001	0.236	0.787	1.0
SPBC1703.15c	vps33	condition-dependent	V	0.027	0.232	1.165	2.7	3.942
SPBC1706.01	tea4	viable	V	0.034	0.084	0.184	0.294	0.375
SPBC1706.03	fzo1	viable	V	0.004	0.049	0.327	0.848	1.286
SPBC1709.01	chs2	viable	V	-0.031	-0.007	-0.0	-0.0	-0.0
SPBC1709.02c	vrs1	inviable	E	0.444	2.651	5.437	6.446	6.668
SPBC1709.03	vps3844	viable	V	0.055	0.276	0.985	1.973	2.742
SPBC1709.04c	cyp3	viable	V	-0.025	-0.001	-0.0	-0.0	-0.0
SPBC1709.05	sks2	viable	V	0.044	0.758	2.652	3.706	3.995
SPBC1709.06	dus2	viable	V	-0.0	-0.0	-0.0	-0.0	-0.0
SPBC1709.07	erg27	inviable	E	0.086	0.836	3.095	5.045	5.896
SPBC1709.08	cft1	inviable	E	0.224	1.33	3.698	5.411	6.107
SPBC1709.09	rrf1	viable	V	0.012	0.036	0.084	0.127	0.152
SPBC1709.10c	atx1	viable	V	-0.003	-0.02	-0.042	-0.05	-0.052
SPBC1709.11c	png2	viable	V	0.027	0.161	0.33	0.391	0.404
SPBC1709.12	rid1	viable	V	0.022	0.005	0.0	0.0	0.0
SPBC1709.13c	set10	viable	V	0.014	0.082	0.167	0.198	0.205
SPBC1709.14	ngl1	viable	V	0.012	0.073	0.149	0.177	0.183
SPBC1709.15c	cft2	inviable	E	0.12	1.19	3.829	5.56	6.151
SPBC1709.16c	SPBC1709.16c	viable	V	-0.001	-0.0	-0.0	-0.0	-0.0
SPBC1709.17	met7	inviable	E	0.209	1.079	3.146	5.007	5.955
SPBC1709.18	tif452	viable	V	0.006	0.04	0.165	0.355	0.505
SPBC1709.19c	nfu1	unknown	Not_determined	-0.009	-0.0	-0.0	-0.0	-0.0
SPBC1709.20	pop8	inviable	E	0.243	1.331	3.678	5.474	6.252
SPBC1711.03	emc3	viable	V	0.0	0.0	0.035	0.332	0.542
SPBC1711.04	mtd1	viable	V	0.002	0.0	0.0	0.0	0.0
SPBC1711.05	srp40	viable	V	0.0	0.004	0.473	1.456	1.819
SPBC1711.06	rpl401	viable	V	0.417	1.164	2.745	4.557	5.912
SPBC1711.07	rrb1	inviable	E	0.443	1.655	3.827	5.451	6.195
SPBC1711.08	aha1	viable	V	0.089	0.531	1.088	1.29	1.335
SPBC1711.09c	SPBC1711.09c	viable	V	-0.013	-0.0	-0.0	-0.0	-0.0
SPBC1711.10c	npl4	inviable	E	0.08	0.462	1.795	3.732	5.254
SPBC1711.11	atg2402	viable	V	0.001	0.0	0.0	0.0	0.0
SPBC1711.12	ppp16	viable	V	-0.048	-0.001	-0.0	-0.0	-0.0
SPBC1711.13	his2	viable	V	-0.001	-0.002	-0.005	-0.008	-0.01
SPBC1711.14	rec15	viable	V	-0.005	-0.0	-0.0	-0.0	-0.0
SPBC1711.15c	SPBC1711.15c	viable	V	-0.032	-0.001	-0.0	-0.0	-0.0
SPBC1711.17	prp16	inviable	E	0.251	0.98	2.722	4.618	5.85
SPBC1718.01	pop1	viable	V	0.112	0.281	0.614	0.981	1.255
SPBC1718.02	hop1	viable	V	0.009	0.0	0.0	0.0	0.0
SPBC1718.03	ker1	viable	V	0.0	0.001	0.512	2.787	3.966
SPBC1718.04	sct1	inviable	E	0.263	2.013	4.783	5.964	6.253
SPBC1718.05	trs31	inviable	E	0.046	0.996	3.735	5.258	5.664
SPBC1718.06	msp1	condition-dependent	V	0.001	0.131	0.901	1.425	1.56
SPBC1718.07c	zfs1	viable	V	-0.009	-0.002	-0.0	-0.0	-0.0
SPBC1734.01c	esf1	inviable	E	0.098	1.498	4.569	5.987	6.324
SPBC1734.02c	cdc27	inviable	E	0.191	0.99	3.012	5.005	6.109
SPBC1734.03	fol1	inviable	E	0.224	1.173	3.305	5.074	5.908
SPBC1734.04	anp1	viable	V	0.085	0.847	3.37	5.798	6.957
SPBC1734.05c	spf31	viable	V	0.018	0.073	0.168	0.23	0.255
SPBC1734.06	rhp18	viable	V	0.014	0.086	0.175	0.208	0.215
SPBC1734.07c	trs8502	viable	V	-0.012	-0.071	-0.146	-0.174	-0.18
SPBC1734.08	hse1	viable	V	0.1	0.595	1.22	1.446	1.496
SPBC1734.09	yea4	viable	V	0.014	0.081	0.166	0.197	0.204
SPBC1734.10c	ipa1	inviable	E	0.032	1.032	4.175	5.818	6.214
SPBC1734.11	mas5	condition-dependent	V	0.375	1.465	3.389	4.762	5.359
SPBC1734.12c	alg12	viable	V	0.0	0.005	0.21	1.006	1.779
SPBC1734.13	atp3	viable	V	0.231	0.819	1.895	2.752	3.175
SPBC1734.14c	suc1	inviable	E	0.158	0.984	2.997	4.677	5.448
SPBC1734.15	rsc4	viable	V	0.02	0.122	0.25	0.296	0.306
SPBC1734.16c	pst3	inviable	E	0.049	0.379	1.683	3.531	4.854
SPBC1773.01	csc3	viable	V	-0.009	-0.051	-0.104	-0.124	-0.128
SPBC1773.02c	bcp1	viable	V	-0.01	-0.063	-0.128	-0.152	-0.157
SPBC1773.03c	SPBC1773.03c	viable	V	-0.001	-0.0	-0.0	-0.0	-0.0
SPBC1773.04	SPBC1773.04	viable	V	0.004	0.0	0.0	0.0	0.0
SPBC1773.05c	tms1	viable	V	-0.016	-0.0	-0.0	-0.0	-0.0
SPBC1773.06c	adh8	viable	V	0.007	0.002	0.0	0.0	0.0
SPBC1773.07c	sbp1	inviable	E	0.329	2.118	4.478	5.348	5.539
SPBC1773.08c	omh4	viable	V	-0.005	-0.026	-0.054	-0.066	-0.068
SPBC1773.09c	mug184	viable	V	-0.013	-0.003	-0.0	-0.0	-0.0
SPBC1773.10c	nrs1	inviable	E	0.441	2.631	5.394	6.396	6.616
SPBC1773.11c	mug89	inviable	E	0.435	2.6	5.33	6.32	6.538
SPBC1773.12	SPBC1773.12	viable	V	-0.003	-0.001	-0.0	-0.0	-0.0
SPBC1773.13	SPBC1773.13	viable	V	0.011	0.06	0.126	0.152	0.158
SPBC1773.14	arg7	viable	V	-0.011	-0.003	-0.0	-0.0	-0.0
SPBC1773.15	dal52	viable	V	0.024	0.005	0.0	0.0	0.0
SPBC1773.16c	SPBC1773.16c	viable	V	-0.007	-0.002	-0.0	-0.0	-0.0
SPBC1773.17c	gor2	viable	V	-0.008	-0.05	-0.103	-0.123	-0.127
SPBC1778.01c	zuo1	viable	V	0.02	0.221	1.3	3.213	4.792
SPBC1778.02	rap1	viable	V	0.028	0.168	0.344	0.407	0.421
SPBC1778.03c	SPBC1778.03c	viable	V	-0.005	-0.027	-0.055	-0.066	-0.068
SPBC1778.04	spo6	viable	V	-0.001	-0.004	-0.008	-0.013	-0.017
SPBC1778.05c	lam2	viable	V	0.227	1.768	4.468	5.765	6.115
SPBC1778.06c	fim1	condition-dependent	V	0.015	0.07	0.22	0.397	0.516
SPBC1778.07	SPBC1778.07	viable	V	0.045	0.113	0.247	0.395	0.505
SPBC1778.08c	arc3	inviable	E	0.201	1.915	4.743	5.881	6.137
SPBC1778.09	SPBC1778.09	viable	V	-0.002	-0.0	-0.0	-0.0	-0.0
SPBC1778.10c	pdk1	viable	V	-0.024	-0.006	-0.0	-0.0	-0.0
SPBC17A3.01c	tim50	inviable	E	0.157	1.384	4.068	5.677	6.194
SPBC17A3.02	aim19	viable	V	0.034	0.204	0.419	0.497	0.514
SPBC17A3.03c	siw14	viable	V	0.005	0.0	0.0	0.0	0.0
SPBC17A3.04c	rar1	inviable	E	0.392	2.342	4.801	5.693	5.889
SPBC17A3.05c	SPBC17A3.05c	viable	V	0.0	0.001	0.452	1.886	2.503
SPBC17A3.06	SPBC17A3.06	viable	V	0.0	0.022	0.689	1.561	1.836
SPBC17A3.07	pgr1	condition-dependent	E	0.024	0.649	3.171	5.074	5.709
SPBC17A3.08	SPBC17A3.08	viable	V	-0.008	-0.038	-0.085	-0.111	-0.119
SPBC17A3.09c	aim22	viable	V	0.0	0.0	0.025	0.914	2.654
SPBC17A3.10	pas4	viable	V	0.021	0.053	0.116	0.185	0.237
SPBC17D1.01	spp41	inviable	E	0.276	1.276	3.17	4.511	5.071
SPBC17D1.02	dph2	viable	V	0.169	0.424	0.925	1.478	1.89
SPBC17D1.03c	rrp43	inviable	E	0.304	1.342	3.33	4.798	5.44
SPBC17D1.05	rhs1	viable	V	0.019	0.049	0.106	0.17	0.217
SPBC17D1.06	dbp3	viable	V	0.0	0.0	0.0	0.26	1.312
SPBC17D1.07c	npg1	viable	V	-0.006	-0.036	-0.074	-0.088	-0.091
SPBC17D11.01	nep1	viable	V	0.008	0.0	0.0	0.0	0.0
SPBC17D11.02c	hrd1	viable	V	0.02	0.119	0.243	0.289	0.298
SPBC17D11.03c	pxp2	viable	V	0.023	0.136	0.278	0.33	0.341
SPBC17D11.04c	nto1	viable	V	0.056	0.14	0.305	0.488	0.624
SPBC17D11.05	tif301	inviable	E	0.482	2.879	5.902	6.999	7.239
SPBC17D11.06	spp2	inviable	E	0.181	1.897	4.881	6.108	6.386
SPBC17D11.07c	rpn2	inviable	E	0.242	2.144	5.154	6.347	6.614
SPBC17D11.08	dca7	viable	V	-0.025	-0.0	-0.0	-0.0	-0.0
SPBC17F3.01c	rga5	viable	V	-0.008	-0.021	-0.046	-0.074	-0.095
SPBC17F3.02	nak1	inviable	E	0.405	1.931	4.295	5.556	5.96
SPBC17G9.02c	cdc73	viable	V	0.162	0.513	1.32	2.284	3.01
SPBC17G9.03c	krs1	inviable	E	0.371	2.214	4.539	5.382	5.567
SPBC17G9.04c	nup85	inviable	E	0.27	1.181	3.19	5.004	5.965
SPBC17G9.05	rct1	inviable	V	0.027	0.205	0.944	2.11	3.045
SPBC17G9.06c	sib3	viable	Not_determined	-0.016	-0.004	-0.0	-0.0	-0.0
SPBC17G9.08c	cnt5	viable	V	0.018	0.105	0.214	0.254	0.263
SPBC17G9.09	tif213	viable	V	0.486	2.904	5.954	7.06	7.303
SPBC17G9.11c	pyr1	inviable	E	0.42	2.508	5.143	6.098	6.307
SPBC17G9.12c	SPBC17G9.12c	viable	V	-0.0	-0.002	-0.004	-0.005	-0.005
SPBC17G9.13c	cup1	inviable	E	0.0	0.0	0.001	0.846	4.162
SPBC1815.01	eno101	viable	V	0.436	2.601	5.333	6.323	6.541
SPBC1826.01c	mot1	inviable	E	0.149	1.613	4.416	5.697	6.014
SPBC1861.01c	cnp3	viable	V	0.002	0.116	1.14	2.736	3.643
SPBC1861.02	abp2	viable	V	0.044	0.169	0.494	0.898	1.199
SPBC1861.03	naa35	viable	V	0.021	0.062	0.142	0.219	0.266
SPBC1861.04c	prp24	inviable	E	0.117	1.122	3.89	6.028	6.876
SPBC1861.05	SPBC1861.05	condition-dependent	V	0.0	0.014	1.024	3.618	4.94
SPBC1861.06c	mug131	viable	V	0.001	0.0	0.0	0.0	0.0
SPBC1861.07	elc1	viable	V	0.015	0.004	0.0	0.0	0.0
SPBC1861.08c	lea1	inviable	E	0.122	1.351	3.955	5.29	5.652
SPBC1861.09	ppk22	viable	V	-0.001	-0.006	-0.012	-0.014	-0.014
SPBC18A7.01	xpa1	viable	V	-0.0	-0.0	-0.0	-0.0	-0.0
SPBC18A7.02c	SPBC18A7.02c	viable	V	-0.004	-0.001	-0.0	-0.0	-0.0
SPBC18E5.02c	lcb1	inviable	E	0.218	1.942	4.677	5.761	6.004
SPBC18E5.03c	sim4	inviable	E	0.002	0.093	1.234	3.752	5.657
SPBC18E5.05c	elp5	viable	V	0.137	0.609	1.989	3.835	5.259
SPBC18E5.07	aim21	viable	V	-0.001	-0.0	-0.0	-0.0	-0.0
SPBC18E5.09c	SPBC18E5.09c	viable	V	-0.025	-0.001	-0.0	-0.0	-0.0
SPBC18E5.10	SPBC18E5.10	viable	V	-0.002	-0.0	-0.0	-0.0	-0.0
SPBC18E5.11c	edc3	viable	V	0.072	0.181	0.394	0.631	0.806
SPBC18E5.12c	mas2	inviable	E	0.148	1.549	4.529	6.11	6.556
SPBC18H10.02	lcf1	viable	V	0.044	0.262	0.536	0.636	0.658
SPBC18H10.05	SPBC18H10.05	viable	V	-0.018	-0.004	-0.0	-0.0	-0.0
SPBC18H10.06c	swd2	viable	V	0.0	0.02	0.345	0.744	0.887
SPBC18H10.07	wbp4	viable	V	0.0	0.0	0.171	0.754	1.012
SPBC18H10.08c	ubp4	viable	V	-0.032	-0.0	-0.0	-0.0	-0.0
SPBC18H10.09	SPBC18H10.09	viable	V	0.014	0.085	0.174	0.206	0.213
SPBC18H10.10c	saf4	viable	V	-0.024	-0.0	-0.0	-0.0	-0.0
SPBC18H10.11c	ppr2	viable	V	0.0	0.001	0.161	0.598	0.775
SPBC18H10.12c	rpl701	inviable	E	0.535	1.402	3.157	5.128	6.596
SPBC18H10.14	rps1601	condition-dependent	E	0.449	2.234	4.911	6.246	6.647
SPBC18H10.15	cdk11	viable	V	0.001	0.0	0.0	0.0	0.0
SPBC18H10.16	vhc1	viable	V	-0.0	-0.0	-0.0	-0.0	-0.0
SPBC18H10.17c	mhr1	inviable	E	0.0	0.006	1.078	3.699	4.724
SPBC18H10.18c	SPBC18H10.18c	viable	V	-0.001	-0.0	-0.0	-0.0	-0.0
SPBC18H10.19	vps38	viable	V	0.009	0.0	0.0	0.0	0.0
SPBC18H10.20c	any1	viable	V	0.333	1.181	2.733	3.967	4.573
SPBC1921.02	rad60	inviable	E	0.139	0.727	2.49	4.676	6.18
SPBC1921.03c	mex67	viable	V	0.181	0.455	0.991	1.585	2.027
SPBC1921.04c	SPBC1921.04c	viable	V	-0.039	-0.001	-0.0	-0.0	-0.0
SPBC1921.05	ape2	viable	V	0.002	0.0	0.0	0.0	0.0
SPBC1921.06c	pvg3	viable	V	-0.012	-0.074	-0.151	-0.179	-0.185
SPBC1921.07c	sgf29	viable	V	0.03	0.124	0.285	0.389	0.43
SPBC19C2.01	cdc28	inviable	E	0.138	1.767	4.92	6.273	6.583
SPBC19C2.02	pmt1	viable	V	0.0	0.0	0.0	0.157	1.372
SPBC19C2.03	rpc10	inviable	E	0.104	1.698	5.224	6.821	7.191
SPBC19C2.04c	ubp11	viable	V	0.023	0.075	0.174	0.258	0.302
SPBC19C2.05	pat1	inviable	E	0.044	0.436	2.288	5.203	7.397
SPBC19C2.06c	mug124	viable	V	0.003	0.015	0.032	0.038	0.039
SPBC19C2.07	fba1	inviable	E	0.431	2.572	5.274	6.253	6.468
SPBC19C2.08	prp38	inviable	E	0.431	1.327	3.356	5.759	7.567
SPBC19C2.09	sre1	viable	V	0.002	0.039	0.136	0.183	0.194
SPBC19C2.10	SPBC19C2.10	viable	V	-0.001	-0.0	-0.0	-0.0	-0.0
SPBC19C2.11c	mdm34	inviable	E	0.0	0.005	1.108	4.906	6.937
SPBC19C2.12	mrpl51	inviable	E	0.0	0.006	1.182	4.121	5.28
SPBC19C2.13c	ctu2	viable	V	0.101	0.331	0.846	1.422	1.826
SPBC19C2.14	smd3	viable	Not_determined	0.315	2.444	5.57	6.772	7.039
SPBC19C2.15c	phs1	inviable	E	0.006	0.45	3.109	5.265	5.94
SPBC19C7.01	mni1	viable	V	-0.005	-0.0	-0.0	-0.0	-0.0
SPBC19C7.02	ubr1	viable	V	0.119	0.839	1.837	2.213	2.296
SPBC19C7.03	cyr1	viable	V	0.156	0.508	1.292	2.16	2.76
SPBC19C7.06	prs1	inviable	E	0.425	2.535	5.199	6.164	6.376
SPBC19C7.07c	sen34	inviable	E	0.379	1.757	4.238	5.879	6.522
SPBC19C7.08c	ppm2	viable	V	0.0	0.047	0.375	0.613	0.676
SPBC19C7.09c	uve1	viable	V	0.016	0.004	0.0	0.0	0.0
SPBC19C7.10	bqt4	viable	V	0.001	0.002	0.005	0.008	0.011
SPBC19C7.11	SPBC19C7.11	viable	V	-0.007	-0.165	-0.575	-0.773	-0.82
SPBC19C7.12c	omh1	viable	V	0.015	0.088	0.181	0.214	0.222
SPBC19F5.01c	puc1	viable	V	-0.0	-0.0	-0.0	-0.0	-0.0
SPBC19F5.02c	utp4	inviable	E	0.237	1.994	4.691	5.747	5.983
SPBC19F5.03	sac11	inviable	E	0.217	1.518	4.117	5.682	6.206
SPBC19F5.04	hom3	inviable	E	0.389	2.5	5.28	6.305	6.531
SPBC19F5.05c	ppp1	inviable	E	0.197	1.794	4.36	5.382	5.612
SPBC19F8.01c	spn7	viable	V	-0.001	-0.0	-0.0	-0.0	-0.0
SPBC19F8.03c	yap18	viable	V	-0.042	-0.004	-0.0	-0.0	-0.0
SPBC19F8.04c	lcl3	viable	V	0.002	0.04	0.138	0.186	0.197
SPBC19F8.05	mrps26	inviable	E	0.0	0.03	0.773	3.337	5.873
SPBC19F8.06c	meu22	viable	V	0.032	0.007	0.0	0.0	0.0
SPBC19F8.07	mcs6	inviable	E	0.01	0.174	1.265	3.193	4.636
SPBC19F8.08	rps401	viable	V	0.179	0.659	1.603	2.412	2.834
SPBC19G7.01c	msh2	viable	V	0.0	0.0	0.0	0.172	0.704
SPBC19G7.02	abz2	viable	V	0.0	0.0	0.005	0.342	1.108
SPBC19G7.03c	rps3002	viable	V	-0.001	-0.0	-0.0	-0.0	-0.0
SPBC19G7.04	SPBC19G7.04	viable	V	0.055	0.014	0.001	0.0	0.0
SPBC19G7.05c	bgs1	inviable	E	0.196	1.083	3.359	5.554	6.73
SPBC19G7.06	mbx1	viable	V	0.015	0.088	0.181	0.214	0.222
SPBC19G7.07c	ppr3	viable	V	0.016	0.551	2.282	3.197	3.418
SPBC19G7.08c	art1	viable	V	0.001	0.011	0.088	0.246	0.382
SPBC19G7.09	ulp1	viable	V	0.001	0.05	0.607	1.984	3.226
SPBC19G7.10c	pdc2	viable	V	0.133	0.654	1.871	2.979	3.554
SPBC19G7.13	tbf1	inviable	E	0.477	1.335	3.06	4.892	6.16
SPBC19G7.14c	cog5	inviable	E	0.094	0.631	2.374	4.438	5.724
SPBC19G7.15	nup44	inviable	E	0.338	1.364	3.549	5.528	6.599
SPBC19G7.16	iws1	viable	V	0.131	0.547	1.709	3.229	4.396
SPBC19G7.17	ssh1	viable	V	0.019	0.138	0.63	1.403	2.021
SPBC19G7.19	tom5	unknown	Not_determined	0.08	0.02	0.001	0.0	0.0
SPBC1A4.01	apc10	inviable	E	0.003	0.241	2.306	4.694	5.674
SPBC1A4.02c	leu1	viable	V	-0.032	-0.001	-0.0	-0.0	-0.0
SPBC1A4.03c	top2	inviable	E	0.04	1.086	4.082	5.589	5.948
SPBC1A4.04	SPBC1A4.04	viable	V	-0.008	-0.0	-0.0	-0.0	-0.0
SPBC1A4.05	blt1	viable	V	-0.002	-0.001	-0.0	-0.0	-0.0
SPBC1A4.06c	tam41	inviable	E	0.0	0.002	0.308	2.488	5.159
SPBC1A4.07c	sof1	inviable	E	0.391	2.23	4.826	5.939	6.224
SPBC1A4.08c	cct3	inviable	E	0.391	2.508	5.294	6.321	6.547
SPBC1A4.09	pus7	viable	V	0.0	0.012	0.663	2.47	3.573
SPBC1A4.10c	med14	inviable	E	0.017	0.179	1.03	2.508	3.707
SPBC1A4.11c	SPBC1A4.11c	inviable	E	0.069	0.823	3.275	5.37	6.244
SPBC1D7.01	pfd1	viable	V	0.024	0.006	0.0	0.0	0.0
SPBC1D7.02c	scr1	viable	Not_determined	0.031	0.184	0.377	0.448	0.463
SPBC1D7.04	mlo3	viable	V	0.085	0.383	1.268	2.457	3.376
SPBC1D7.05	byr2	viable	V	-0.0	-0.0	-0.0	-0.0	-0.0
SPBC1E8.02	SPBC1E8.02	viable	V	-0.025	-0.0	-0.0	-0.0	-0.0
SPBC1E8.03c	SPBC1E8.03c	viable	V	-0.001	-0.007	-0.014	-0.018	-0.019
SPBC1E8.04	Tf2-10	unknown	Not_determined	0.062	0.187	0.426	0.654	0.793
SPBC20F10.01	gar1	inviable	E	0.161	1.88	5.048	6.382	6.685
SPBC20F10.02c	SPBC20F10.02c	viable	V	-0.011	-0.0	-0.0	-0.0	-0.0
SPBC20F10.03	SPBC20F10.03	viable	V	-0.006	-0.0	-0.0	-0.0	-0.0
SPBC20F10.04c	nse4	inviable	E	0.02	0.356	2.108	4.335	5.569
SPBC20F10.05	nrl1	viable	V	-0.001	-0.0	-0.0	-0.0	-0.0
SPBC20F10.06	mad2	viable	V	-0.027	-0.0	-0.0	-0.0	-0.0
SPBC20F10.07	ltc1	viable	V	-0.037	-0.001	-0.0	-0.0	-0.0
SPBC20F10.08c	rtp1	inviable	E	0.128	1.132	3.64	5.416	6.077
SPBC20F10.10	psl1	viable	V	0.025	0.146	0.3	0.356	0.368
SPBC21.01	mis17	inviable	E	0.01	0.202	1.555	3.92	5.622
SPBC21.02	rtc5	viable	V	0.001	0.0	0.0	0.0	0.0
SPBC21.03c	SPBC21.03c	viable	V	0.016	0.003	0.0	0.0	0.0
SPBC21.04	med8	inviable	E	0.006	0.113	0.933	2.64	4.108
SPBC21.05c	ral2	viable	V	0.001	0.0	0.0	0.0	0.0
SPBC21.06c	cdc7	inviable	E	0.009	0.518	3.186	5.222	5.847
SPBC21.07c	ppk24	viable	V	0.02	0.005	0.0	0.0	0.0
SPBC211.01	rsm10	inviable	E	0.0	0.049	1.336	4.007	5.465
SPBC211.02c	cwf3	inviable	E	0.11	0.987	3.322	5.109	5.819
SPBC211.03c	gea1	inviable	E	0.412	2.561	5.338	6.354	6.577
SPBC211.04c	mcm6	inviable	E	0.363	2.168	4.445	5.27	5.451
SPBC211.06	gfh1	viable	V	-0.0	-0.0	-0.0	-0.0	-0.0
SPBC215.01	gyp4	viable	V	-0.0	-0.0	-0.0	-0.0	-0.0
SPBC215.03c	csn1	viable	V	0.13	0.653	1.43	1.811	1.924
SPBC215.04	git11	viable	V	0.013	0.093	0.392	0.807	1.103
SPBC215.05	gpd1	viable	V	0.039	0.236	0.483	0.573	0.593
SPBC215.06c	SPBC215.06c	viable	V	-0.01	-0.0	-0.0	-0.0	-0.0
SPBC215.07c	pdp2	viable	V	0.039	0.01	0.0	0.0	0.0
SPBC215.08c	arg4	viable	V	-0.0	-0.0	-0.0	-0.0	-0.0
SPBC215.09c	erg10	inviable	E	0.254	1.555	4.086	5.67	6.231
SPBC215.10	odr1	viable	V	-0.002	-0.0	-0.0	-0.0	-0.0
SPBC215.11c	SPBC215.11c	viable	V	-0.023	-0.005	-0.0	-0.0	-0.0
SPBC215.12	cwf10	inviable	E	0.166	1.86	4.914	6.188	6.477
SPBC215.13	mtl3	viable	V	-0.004	-0.0	-0.0	-0.0	-0.0
SPBC215.15	sec13	condition-dependent	Not_determined	0.409	2.443	5.009	5.939	6.143
SPBC216.01c	psy2	viable	V	0.026	0.154	0.316	0.375	0.388
SPBC216.02	num1	viable	V	0.0	0.0	0.0	0.663	6.64
SPBC216.04c	mxr2	viable	V	0.008	0.002	0.0	0.0	0.0
SPBC216.05	rad3	viable	V	0.0	0.005	0.281	0.742	0.9
SPBC216.06c	swi1	viable	V	0.033	0.318	0.79	0.981	1.024
SPBC216.07c	tor2	inviable	E	0.433	2.583	5.297	6.28	6.496
SPBC21B10.02	SPBC21B10.02	viable	V	-0.024	-0.0	-0.0	-0.0	-0.0
SPBC21B10.03c	ath1	viable	V	0.02	0.066	0.152	0.225	0.264
SPBC21B10.05c	wat1	viable	V	0.103	0.727	1.913	2.579	2.789
SPBC21B10.06c	inp2	viable	V	-0.012	-0.003	-0.0	-0.0	-0.0
SPBC21B10.07	crr1	viable	V	-0.012	-0.0	-0.0	-0.0	-0.0
SPBC21B10.08c	SPBC21B10.08c	viable	V	-0.037	-0.001	-0.0	-0.0	-0.0
SPBC21B10.09	SPBC21B10.09	viable	V	-0.002	-0.0	-0.0	-0.0	-0.0
SPBC21B10.10	rps402	viable	V	0.0	0.025	0.606	2.557	4.473
SPBC21B10.12	rec6	viable	V	0.008	0.001	0.0	0.0	0.0
SPBC21B10.13c	yox1	viable	V	0.058	0.146	0.319	0.511	0.653
SPBC21B10.14	kgd4	viable	Not_determined	-0.003	-0.0	-0.0	-0.0	-0.0
SPBC21B10.15	SPBC21B10.15	viable	Not_determined	0.002	0.023	0.163	0.433	0.66
SPBC21C3.01c	vps1301	viable	V	0.0	0.0	0.0	0.257	3.353
SPBC21C3.02c	dep1	viable	V	0.06	0.355	0.729	0.864	0.894
SPBC21C3.03	cqd1	viable	V	-0.014	-0.003	-0.0	-0.0	-0.0
SPBC21C3.04c	mrx14	inviable	E	0.0	0.007	1.15	3.918	4.996
SPBC21C3.05	sap62	inviable	E	0.122	1.665	4.757	6.103	6.412
SPBC21C3.06	SPBC21C3.06	viable	V	-0.029	-0.007	-0.0	-0.0	-0.0
SPBC21C3.07c	trm140	viable	V	-0.0	-0.0	-0.0	-0.0	-0.0
SPBC21C3.08c	car2	viable	V	0.096	0.24	0.524	0.838	1.071
SPBC21C3.09c	oaa1	viable	V	0.002	0.0	0.0	0.0	0.0
SPBC21C3.10c	rib7	inviable	E	0.001	0.129	1.879	4.4	5.532
SPBC21C3.11	ubx4	viable	V	0.006	0.0	0.0	0.0	0.0
SPBC21C3.12c	SPBC21C3.12c	viable	V	-0.022	-0.0	-0.0	-0.0	-0.0
SPBC21C3.13	rps1901	viable	V	0.386	2.071	4.59	5.79	6.132
SPBC21C3.14c	SPBC21C3.14c	viable	V	0.001	0.0	0.0	0.0	0.0
SPBC21C3.15c	SPBC21C3.15c	viable	V	-0.016	-0.093	-0.191	-0.226	-0.234
SPBC21C3.16c	spt4	viable	V	0.023	0.136	0.279	0.331	0.343
SPBC21C3.17c	psg1	viable	V	-0.012	-0.059	-0.13	-0.167	-0.178
SPBC21C3.18	spo4	viable	V	0.007	0.001	0.0	0.0	0.0
SPBC21C3.19	rtc3	viable	V	0.002	0.0	0.0	0.0	0.0
SPBC21C3.20c	git1	viable	V	0.023	0.155	0.679	1.486	2.129
SPBC21D10.05c	ucp3	inviable	E	0.385	2.404	5.02	5.978	6.189
SPBC21D10.06c	map4	viable	Not_determined	-0.019	-0.05	-0.11	-0.175	-0.221
SPBC21D10.07	cmc2	viable	V	-0.002	-0.0	-0.0	-0.0	-0.0
SPBC21D10.08c	SPBC21D10.08c	viable	V	-0.026	-0.006	-0.0	-0.0	-0.0
SPBC21D10.09c	rkr1	viable	V	-0.001	-0.0	-0.0	-0.0	-0.0
SPBC21D10.11c	nfs1	viable	V	0.158	1.54	4.186	5.456	5.788
SPBC21D10.12	hob1	viable	V	0.016	0.004	0.0	0.0	0.0
SPBC21H7.02	taf10	inviable	E	0.0	0.087	1.906	5.203	6.864
SPBC21H7.03c	SPBC21H7.03c	viable	V	-0.009	-0.0	-0.0	-0.0	-0.0
SPBC21H7.04	dbp7	viable	V	0.348	1.222	2.874	4.262	4.982
SPBC21H7.05	sfc6	inviable	E	0.0	0.018	0.579	2.557	4.395
SPBC21H7.06c	opi10	viable	V	-0.037	-0.001	-0.0	-0.0	-0.0
SPBC21H7.07c	his5	viable	V	0.0	0.0	0.0	0.0	0.0
SPBC23E6.01c	cxr1	viable	V	0.015	0.091	0.187	0.222	0.23
SPBC23E6.02	rrp2	viable	V	-0.01	-0.0	-0.0	-0.0	-0.0
SPBC23E6.03c	nta1	viable	V	-0.016	-0.0	-0.0	-0.0	-0.0
SPBC23E6.04c	utp10	inviable	E	0.301	1.935	4.572	5.832	6.181
SPBC23E6.05	arx1	viable	V	-0.004	-0.001	-0.0	-0.0	-0.0
SPBC23E6.06c	rib3	inviable	E	0.318	2.167	4.844	5.925	6.18
SPBC23E6.07c	rfc1	inviable	E	0.077	0.693	2.761	4.91	6.031
SPBC23E6.08	rgp1	viable	V	0.024	0.214	1.066	2.403	3.428
SPBC23E6.09	ssn6	condition-dependent	V	0.032	0.318	1.164	1.87	2.169
SPBC23E6.10c	mri1	viable	V	0.011	0.0	0.0	0.0	0.0
SPBC23G7.04c	nif1	viable	V	0.013	0.08	0.165	0.195	0.202
SPBC23G7.05	sui1	inviable	E	0.415	2.491	5.118	6.072	6.282
SPBC23G7.06c	nvj2	viable	V	0.012	0.071	0.145	0.172	0.178
SPBC23G7.07c	cms1	viable	V	0.006	0.0	0.0	0.0	0.0
SPBC23G7.08c	rga7	viable	V	0.001	0.052	0.602	1.729	2.555
SPBC23G7.10c	SPBC23G7.10c	viable	V	-0.012	-0.074	-0.152	-0.18	-0.187
SPBC23G7.12c	rpt6	condition-dependent	V	0.0	0.037	1.756	4.387	5.261
SPBC23G7.13c	SPBC23G7.13c	viable	V	-0.011	-0.067	-0.137	-0.162	-0.168
SPBC23G7.14	SPBC23G7.14	viable	V	-0.006	-0.029	-0.063	-0.082	-0.088
SPBC23G7.15c	rpp202	viable	V	0.042	0.25	0.512	0.607	0.628
SPBC23G7.16	ctr6	viable	V	0.039	0.682	2.142	2.811	2.967
SPBC244.01c	sid4	inviable	E	0.004	0.292	2.471	4.791	5.701
SPBC244.02c	utp6	inviable	E	0.22	1.838	4.317	5.286	5.502
SPBC24C6.02	spb4	inviable	E	0.447	2.667	5.469	6.485	6.708
SPBC24C6.03	SPBC24C6.03	inviable	E	0.0	0.012	0.505	2.55	4.684
SPBC24C6.04	put2	viable	V	0.102	0.336	0.891	1.563	2.072
SPBC24C6.05	sec28	viable	V	0.0	0.043	0.983	2.064	2.391
SPBC24C6.06	gpa1	viable	V	-0.017	-0.103	-0.212	-0.251	-0.259
SPBC24C6.07	cdc14	inviable	E	0.005	0.509	3.327	5.195	5.675
SPBC24C6.08c	bhd1	viable	V	0.025	0.062	0.136	0.217	0.278
SPBC24C6.09c	SPBC24C6.09c	viable	V	-0.012	-0.038	-0.087	-0.131	-0.155
SPBC24C6.10c	dip1	viable	V	-0.021	-0.128	-0.263	-0.312	-0.323
SPBC24C6.13	coa6	viable	Not_determined	0.0	0.045	0.286	0.443	0.484
SPBC25B2.01	hbs1	viable	V	0.01	0.002	0.0	0.0	0.0
SPBC25B2.02c	mam1	viable	V	0.02	0.344	1.077	1.413	1.491
SPBC25B2.03	SPBC25B2.03	viable	V	-0.025	-0.001	-0.0	-0.0	-0.0
SPBC25B2.04c	mtg1	viable	V	0.05	0.129	0.285	0.452	0.572
SPBC25B2.05	mis3	inviable	E	0.405	2.419	4.959	5.88	6.082
SPBC25B2.06c	btb2	viable	V	0.0	0.007	0.099	0.345	0.572
SPBC25B2.07c	mmb1	viable	V	-0.008	-0.002	-0.0	-0.0	-0.0
SPBC25B2.08	SPBC25B2.08	viable	V	-0.014	-0.036	-0.081	-0.127	-0.16
SPBC25B2.09c	msr1	inviable	E	0.447	2.669	5.472	6.489	6.712
SPBC25B2.10	SPBC25B2.10	viable	V	-0.002	-0.0	-0.0	-0.0	-0.0
SPBC25B2.11	pof2	viable	V	-0.001	-0.0	-0.0	-0.0	-0.0
SPBC25D12.02c	dnt1	viable	V	0.009	0.092	0.528	1.296	1.928
SPBC25D12.03c	mcm7	inviable	E	0.3	1.958	4.621	5.875	6.217
SPBC25D12.04	suc22	inviable	E	0.251	2.106	5.073	6.296	6.582
SPBC25D12.05	trm1	viable	V	0.031	0.183	0.376	0.445	0.461
SPBC25D12.06	mrh5	viable	V	0.024	0.117	0.37	0.65	0.826
SPBC25H2.02	trs1	inviable	E	0.427	2.549	5.226	6.196	6.409
SPBC25H2.03	vac14	viable	V	-0.001	-0.0	-0.0	-0.0	-0.0
SPBC25H2.04c	tim22	inviable	E	0.015	0.529	3.151	5.478	6.334
SPBC25H2.05	egd2	viable	V	0.015	0.089	0.183	0.217	0.225
SPBC25H2.06c	hrf1	inviable	E	0.296	2.213	4.97	6.022	6.255
SPBC25H2.07	tif11	inviable	E	0.515	3.075	6.305	7.476	7.733
SPBC25H2.08c	mrs2	viable	V	0.023	0.136	0.279	0.33	0.342
SPBC25H2.09	mic19	viable	V	0.014	0.081	0.166	0.197	0.204
SPBC25H2.10c	tan1	viable	V	-0.001	-0.004	-0.009	-0.013	-0.014
SPBC25H2.11c	spt7	viable	V	0.0	0.0	0.171	1.795	3.683
SPBC25H2.12c	cct7	inviable	E	0.415	2.475	5.074	6.017	6.224
SPBC25H2.13c	cdc20	inviable	E	0.397	2.491	5.208	6.204	6.423
SPBC25H2.14	mug16	viable	V	-0.003	-0.001	-0.0	-0.0	-0.0
SPBC25H2.15	tsr401	viable	V	0.327	2.211	5.804	7.877	8.55
SPBC25H2.16c	gga22	viable	V	0.021	0.09	0.203	0.273	0.299
SPBC25H2.18	cox20	viable	Not_determined	0.028	0.071	0.156	0.249	0.318
SPBC26H8.01	thi2	viable	V	0.002	0.009	0.021	0.028	0.03
SPBC26H8.02c	sec9	inviable	E	0.004	0.389	2.484	3.911	4.293
SPBC26H8.03	cho2	viable	V	0.007	0.002	0.0	0.0	0.0
SPBC26H8.04c	iml1	viable	V	0.04	0.452	2.059	3.863	4.833
SPBC26H8.06	grx4	condition-dependent	E	0.259	1.124	3.039	4.79	5.73
SPBC26H8.07c	nda3	inviable	E	0.299	2.291	5.194	6.307	6.555
SPBC26H8.08c	grn1	viable	V	0.404	1.548	3.666	5.3	6.067
SPBC26H8.09c	snf59	viable	V	0.012	0.058	0.129	0.168	0.181
SPBC26H8.10	dis3	inviable	E	0.142	1.341	4.023	5.618	6.121
SPBC26H8.11c	the4	viable	V	-0.045	-0.001	-0.0	-0.0	-0.0
SPBC26H8.14c	cox17	viable	V	0.067	0.244	0.565	0.81	0.926
SPBC26H8.16	sdh8	viable	Not_determined	-0.006	-0.001	-0.0	-0.0	-0.0
SPBC27.01c	pga2	inviable	E	0.283	2.055	4.561	5.511	5.722
SPBC27.03	meu25	viable	V	-0.012	-0.003	-0.0	-0.0	-0.0
SPBC27.04	uds1	viable	V	0.001	0.0	0.0	0.0	0.0
SPBC27.05	SPBC27.05	unknown	Not_determined	0.0	0.0	0.0	0.0	0.0
SPBC27.06c	mgr2	viable	V	0.032	0.816	2.984	4.06	4.315
SPBC27.08c	sua1	viable	V	0.054	0.136	0.297	0.475	0.607
SPBC27B12.01c	mmm1	inviable	E	0.052	0.609	2.686	4.815	5.861
SPBC27B12.02	mis19	inviable	E	0.0	0.0	0.0	0.928	4.371
SPBC27B12.03c	erg32	viable	V	0.023	0.058	0.127	0.203	0.259
SPBC27B12.04c	csc2	viable	V	0.002	0.007	0.017	0.023	0.026
SPBC27B12.05	crt10	viable	V	-0.025	-0.001	-0.0	-0.0	-0.0
SPBC27B12.06	gpi13	inviable	E	0.068	0.815	3.147	5.028	5.774
SPBC27B12.07	SPBC27B12.07	viable	V	0.022	0.056	0.123	0.196	0.251
SPBC27B12.08	sip1	viable	V	0.425	1.312	3.008	4.575	5.495
SPBC27B12.09c	flx1	viable	V	0.028	0.245	1.265	2.961	4.34
SPBC27B12.10c	tom7	viable	V	0.046	0.114	0.249	0.398	0.509
SPBC27B12.11c	pho7	viable	V	0.072	0.428	0.877	1.04	1.076
SPBC27B12.13	tom40	inviable	E	0.323	1.422	3.519	5.061	5.734
SPBC27B12.14	cbp4	viable	Not_determined	0.001	0.0	0.0	0.0	0.0
SPBC28E12.01c	apc13	inviable	E	0.091	1.493	4.585	5.984	6.309
SPBC28E12.02	SPBC28E12.02	viable	V	0.022	0.005	0.0	0.0	0.0
SPBC28E12.03	rga4	viable	V	0.013	0.077	0.157	0.186	0.192
SPBC28E12.04	cbp7	viable	V	0.0	0.007	0.229	0.524	0.618
SPBC28E12.05	esf2	inviable	E	0.099	1.439	5.121	7.418	8.129
SPBC28E12.06c	lvs1	viable	V	-0.002	-0.0	-0.0	-0.0	-0.0
SPBC28F2.02	mep33	viable	V	-0.002	-0.0	-0.0	-0.0	-0.0
SPBC28F2.05c	SPBC28F2.05c	viable	V	0.0	0.0	0.0	0.0	0.0
SPBC28F2.06c	mdm12	inviable	E	0.008	0.418	2.782	4.821	5.517
SPBC28F2.07	sfr1	viable	V	0.019	0.047	0.102	0.163	0.208
SPBC28F2.08c	hrd3	viable	V	-0.005	-0.0	-0.0	-0.0	-0.0
SPBC28F2.10c	ngg1	viable	V	0.0	0.023	0.365	1.309	2.188
SPBC28F2.11	hmo1	viable	V	-0.029	-0.001	-0.0	-0.0	-0.0
SPBC28F2.12	rpb1	inviable	E	0.368	2.219	5.039	6.334	6.684
SPBC29A10.01	ccr1	viable	V	0.057	0.613	1.71	2.232	2.366
SPBC29A10.02	spo5	viable	V	-0.018	-0.004	-0.0	-0.0	-0.0
SPBC29A10.03c	pcf1	viable	V	0.029	0.079	0.177	0.279	0.349
SPBC29A10.04	psm1	inviable	E	0.06	0.987	3.752	5.556	6.124
SPBC29A10.05	exo1	viable	V	0.03	0.11	0.312	0.563	0.754
SPBC29A10.06c	ely5	viable	V	0.003	0.016	0.033	0.04	0.041
SPBC29A10.07	pom152	viable	V	0.0	0.049	0.341	0.541	0.593
SPBC29A10.08	gas2	viable	V	-0.0	-0.0	-0.0	-0.0	-0.0
SPBC29A10.09c	tri1	viable	V	-0.027	-0.0	-0.0	-0.0	-0.0
SPBC29A10.10c	dbl8	viable	V	0.0	0.0	0.0	0.231	1.918
SPBC29A10.11c	muk1	viable	V	-0.013	-0.003	-0.0	-0.0	-0.0
SPBC29A10.12	oxs1	viable	V	-0.037	-0.0	-0.0	-0.0	-0.0
SPBC29A10.13	atp7	viable	V	0.135	0.803	1.647	1.953	2.02
SPBC29A10.14	rec8	viable	V	0.01	0.453	2.068	2.965	3.185
SPBC29A10.16c	cyb502	viable	V	0.01	0.212	1.537	3.575	4.869
SPBC29A10.17	lam1	viable	Not_determined	0.307	2.174	5.017	6.216	6.509
SPBC29A3.01	ccc2	viable	V	0.014	0.003	0.0	0.0	0.0
SPBC29A3.02c	his7	viable	V	-0.0	-0.0	-0.0	-0.0	-0.0
SPBC29A3.03c	gid2	viable	V	-0.014	-0.082	-0.169	-0.2	-0.207
SPBC29A3.04	rpl8	inviable	E	0.4	2.388	4.897	5.806	6.006
SPBC29A3.05	vps71	viable	V	-0.001	-0.0	-0.0	-0.0	-0.0
SPBC29A3.06	utp18	inviable	E	0.338	2.185	4.627	5.528	5.727
SPBC29A3.07c	sap14	viable	V	-0.001	-0.0	-0.0	-0.0	-0.0
SPBC29A3.08	pof4	viable	V	-0.031	-0.001	-0.0	-0.0	-0.0
SPBC29A3.09c	gcn20	viable	V	-0.004	-0.001	-0.0	-0.0	-0.0
SPBC29A3.11c	ort1	viable	V	-0.044	-0.001	-0.0	-0.0	-0.0
SPBC29A3.12	rps902	viable	V	0.27	0.948	2.195	3.197	3.696
SPBC29A3.13	pdp1	viable	V	-0.016	-0.098	-0.2	-0.238	-0.246
SPBC29A3.14c	trt1	viable	V	-0.019	-0.0	-0.0	-0.0	-0.0
SPBC29A3.15c	rsm23	inviable	E	0.0	0.017	1.288	4.094	5.308
SPBC29A3.16	rrs1	inviable	E	0.391	1.356	3.303	5.102	6.128
SPBC29A3.18	cyt1	viable	V	0.07	0.238	0.648	1.151	1.532
SPBC29A3.21	SPBC29A3.21	viable	V	-0.012	-0.069	-0.142	-0.169	-0.175
SPBC29B5.01	atf1	viable	V	0.173	1.032	2.117	2.51	2.596
SPBC29B5.02c	isp4	viable	V	0.005	0.001	0.0	0.0	0.0
SPBC29B5.04c	app1	viable	V	-0.001	-0.0	-0.0	-0.0	-0.0
SPBC2A9.02	SPBC2A9.02	viable	V	0.03	0.007	0.0	0.0	0.0
SPBC2A9.03	SPBC2A9.03	viable	V	0.029	0.106	0.245	0.354	0.407
SPBC2A9.04c	san1	viable	V	0.001	0.0	0.0	0.0	0.0
SPBC2A9.05c	tvp23	viable	V	-0.003	-0.001	-0.0	-0.0	-0.0
SPBC2A9.06c	nus1	condition-dependent	V	0.038	1.073	4.113	5.657	6.026
SPBC2A9.07c	hpz1	viable	V	-0.017	-0.0	-0.0	-0.0	-0.0
SPBC2A9.08c	sec22	inviable	E	0.355	1.315	3.25	4.964	5.889
SPBC2A9.09	plp2	inviable	E	0.01	0.168	1.074	2.422	3.291
SPBC2A9.10	bmc1	viable	E	0.001	0.0	0.0	0.0	0.0
SPBC2A9.11c	iss9	viable	V	-0.005	-0.001	-0.0	-0.0	-0.0
SPBC2A9.12	orc6	inviable	E	0.116	0.649	2.307	4.374	5.783
SPBC2A9.13	SPBC2A9.13	viable	V	-0.018	-0.106	-0.218	-0.258	-0.267
SPBC2A9.14	SPBC2A9.14	viable	Not_determined	-0.026	-0.001	-0.0	-0.0	-0.0
SPBC2D10.03c	ess1	viable	V	0.025	0.062	0.136	0.218	0.279
SPBC2D10.04	aly2	viable	V	0.02	0.122	0.251	0.297	0.307
SPBC2D10.05	exg3	viable	V	0.005	0.001	0.0	0.0	0.0
SPBC2D10.06	rep1	viable	V	0.034	0.009	0.0	0.0	0.0
SPBC2D10.07c	mmp1	viable	V	0.0	0.0	0.031	0.535	1.32
SPBC2D10.08c	yml6	inviable	E	0.0	0.082	1.469	3.875	5.117
SPBC2D10.09	snr1	viable	V	0.016	0.093	0.192	0.227	0.235
SPBC2D10.10c	fib1	viable	V	0.324	2.311	5.09	6.139	6.371
SPBC2D10.11c	nap2	condition-dependent	V	-0.002	-0.004	-0.008	-0.013	-0.017
SPBC2D10.12	rhp23	viable	V	0.026	0.066	0.144	0.23	0.294
SPBC2D10.13	est1	viable	V	0.004	0.0	0.0	0.0	0.0
SPBC2D10.14c	myo51	viable	V	-0.025	-0.0	-0.0	-0.0	-0.0
SPBC2D10.15c	pth1	viable	V	-0.002	-0.007	-0.015	-0.023	-0.029
SPBC2D10.16	mhf1	viable	V	0.0	0.001	0.436	1.936	2.654
SPBC2D10.17	clr1	viable	V	-0.005	-0.001	-0.0	-0.0	-0.0
SPBC2D10.18	coq8	condition-dependent	V	0.082	0.234	0.562	0.94	1.224
SPBC2D10.19c	alb1	viable	V	0.042	0.01	0.0	0.0	0.0
SPBC2D10.20	ubc1	viable	V	0.001	0.117	0.701	1.072	1.166
SPBC2F12.02c	mrpl7	inviable	E	0.0	0.09	1.577	3.963	5.096
SPBC2F12.03c	esl1	viable	V	0.029	0.074	0.161	0.257	0.329
SPBC2F12.04	rpl1701	viable	V	0.369	1.689	3.796	4.995	5.405
SPBC2F12.05c	osh2	viable	V	0.039	0.009	0.0	0.0	0.0
SPBC2F12.08c	ceg1	inviable	E	0.04	0.507	2.387	4.441	5.496
SPBC2F12.10	mrpl35	inviable	E	0.006	0.141	1.22	3.409	5.199
SPBC2F12.11c	rep2	viable	V	0.031	0.107	0.248	0.363	0.423
SPBC2F12.12c	cay1	viable	V	0.005	0.085	0.657	1.81	2.793
SPBC2F12.13	klp5	viable	V	-0.001	-0.0	-0.0	-0.0	-0.0
SPBC2F12.14c	gua1	inviable	E	0.449	2.679	5.493	6.513	6.737
SPBC2F12.15c	pfa3	viable	V	-0.016	-0.079	-0.174	-0.222	-0.236
SPBC2G2.01c	liz1	viable	V	0.035	0.186	0.688	1.399	1.955
SPBC2G2.02	syj1	viable	V	0.021	0.126	0.259	0.307	0.318
SPBC2G2.03c	sbh1	viable	V	0.0	0.002	0.047	0.216	0.386
SPBC2G2.04c	mmf1	inviable	E	0.0	0.0	0.174	1.833	4.047
SPBC2G2.05	rpl1603	viable	V	0.053	0.319	0.653	0.775	0.801
SPBC2G2.06c	apl1	viable	V	-0.012	-0.0	-0.0	-0.0	-0.0
SPBC2G2.07c	mug178	viable	V	0.045	0.267	0.549	0.653	0.676
SPBC2G2.08	ade9	viable	V	0.001	0.0	0.0	0.0	0.0
SPBC2G2.09c	crs1	viable	V	-0.003	-0.008	-0.018	-0.028	-0.036
SPBC2G2.11	myr1	inviable	E	0.408	2.434	4.99	5.917	6.12
SPBC2G2.12	hrs1	inviable	E	0.42	2.506	5.138	6.093	6.302
SPBC2G2.13c	dcd1	viable	V	0.038	0.172	0.572	1.112	1.529
SPBC2G2.14	csi1	viable	V	0.0	0.0	0.18	0.782	1.047
SPBC2G2.15c	mrm2	viable	V	0.003	0.016	0.033	0.039	0.04
SPBC2G2.16	mpi1	inviable	E	0.29	1.668	4.326	6.026	6.647
SPBC2G2.17c	psu2	viable	V	0.057	0.342	0.7	0.83	0.859
SPBC2G5.01	SPBC2G5.01	viable	V	0.011	0.066	0.136	0.161	0.167
SPBC2G5.02c	ckb2	viable	V	0.041	0.104	0.227	0.362	0.463
SPBC2G5.03	ctu1	viable	V	0.09	0.402	1.203	2.089	2.656
SPBC2G5.04c	erv41	viable	V	-0.028	-0.001	-0.0	-0.0	-0.0
SPBC2G5.05	tkt1	inviable	E	0.075	1.409	4.592	6.078	6.425
SPBC2G5.06c	hmt2	condition-dependent	V	0.087	0.307	0.771	1.224	1.496
SPBC30B4.01c	wsc1	viable	V	0.042	0.01	0.0	0.0	0.0
SPBC30B4.02c	sqs1	viable	V	-0.008	-0.001	-0.0	-0.0	-0.0
SPBC30B4.03c	ldb1	viable	V	0.0	0.013	0.165	0.3	0.338
SPBC30B4.04c	sol1	viable	V	0.035	0.526	1.567	2.031	2.138
SPBC30B4.05	kap109	inviable	E	0.128	1.645	4.596	5.864	6.155
SPBC30B4.06c	ips1	viable	V	0.023	0.059	0.128	0.204	0.261
SPBC30B4.07c	tfb4	inviable	E	0.013	0.438	2.742	4.989	5.888
SPBC30B4.08	eri1	viable	V	0.004	0.0	0.0	0.0	0.0
SPBC30B4.09	SPBC30B4.09	viable	Not_determined	0.011	0.0	0.0	0.0	0.0
SPBC30D10.03c	isn1	viable	V	0.018	0.109	0.223	0.265	0.274
SPBC30D10.04	swi3	viable	V	0.091	0.228	0.496	0.794	1.015
SPBC30D10.05c	nre1	viable	V	-0.003	-0.001	-0.0	-0.0	-0.0
SPBC30D10.07c	bpl1	inviable	E	0.0	0.003	0.349	2.395	4.765
SPBC30D10.08	mgm101	inviable	E	0.0	0.0	0.006	0.726	2.361
SPBC30D10.09c	hva22	viable	V	0.003	0.012	0.028	0.036	0.039
SPBC30D10.10c	tor1	viable	V	0.003	0.059	0.469	1.304	2.019
SPBC30D10.11	gpi1	inviable	E	0.166	1.836	4.818	6.058	6.339
SPBC30D10.12c	rsm27	inviable	E	0.0	0.008	0.82	3.473	5.063
SPBC30D10.13c	pdb1	viable	V	0.074	0.386	1.405	2.841	3.962
SPBC30D10.14	SPBC30D10.14	viable	V	-0.013	-0.0	-0.0	-0.0	-0.0
SPBC30D10.15	naf1	inviable	E	0.08	1.343	4.173	5.462	5.761
SPBC30D10.16	pha2	viable	V	-0.004	-0.001	-0.0	-0.0	-0.0
SPBC30D10.17c	smi1	inviable	E	0.466	2.782	5.703	6.762	6.995
SPBC30D10.18c	rpl102	viable	V	0.024	0.087	0.249	0.453	0.608
SPBC317.01	mbx2	viable	V	0.0	0.0	0.223	1.048	1.424
SPBC31A8.01c	rtn1	viable	V	0.008	0.0	0.0	0.0	0.0
SPBC31E1.01c	atg2	viable	V	-0.028	-0.001	-0.0	-0.0	-0.0
SPBC31E1.02c	pmr1	viable	V	0.0	0.0	0.009	0.362	1.079
SPBC31E1.03	hub1	inviable	E	0.237	1.434	3.84	5.421	6.009
SPBC31E1.04	pep12	condition-dependent	E	0.401	2.396	4.912	5.824	6.024
SPBC31E1.05	gle1	inviable	E	0.258	2.055	4.919	6.124	6.414
SPBC31E1.06	bms1	inviable	E	0.46	2.746	5.631	6.677	6.906
SPBC31F10.04c	srb4	inviable	E	0.0	0.011	1.065	3.184	3.957
SPBC31F10.05	mug37	viable	V	0.011	0.003	0.0	0.0	0.0
SPBC31F10.07	lsb5	viable	V	-0.018	-0.004	-0.0	-0.0	-0.0
SPBC31F10.08	mde2	viable	V	0.019	0.116	0.238	0.283	0.292
SPBC31F10.09c	med10	viable	V	0.0	0.0	0.006	0.435	1.46
SPBC31F10.10c	mub1	viable	V	0.14	0.621	1.465	2.018	2.235
SPBC31F10.11c	cwf4	inviable	E	0.426	2.546	5.22	6.19	6.402
SPBC31F10.12	tma20	viable	V	0.056	0.205	0.583	1.056	1.416
SPBC31F10.13c	hip1	condition-dependent	V	0.0	0.001	0.297	1.049	1.348
SPBC31F10.14c	hip3	condition-dependent	V	0.029	0.372	1.044	1.333	1.4
SPBC31F10.16	bch1	viable	V	0.023	0.059	0.128	0.205	0.262
SPBC32C12.02	ste11	condition-dependent	E	0.017	0.099	0.202	0.24	0.248
SPBC32C12.03c	ppk25	viable	V	0.057	0.014	0.001	0.0	0.0
SPBC32F12.01c	css1	condition-dependent	V	0.347	2.279	4.857	5.812	6.022
SPBC32F12.03c	gpx1	viable	V	-0.0	-0.0	-0.0	-0.0	-0.0
SPBC32F12.04	gtb1	inviable	E	0.173	1.11	3.417	5.335	6.205
SPBC32F12.05c	cwf12	viable	V	0.062	0.157	0.347	0.559	0.717
SPBC32F12.06	pch1	inviable	E	0.031	0.287	1.384	2.949	4.035
SPBC32F12.07c	SPBC32F12.07c	viable	V	-0.019	-0.048	-0.104	-0.166	-0.212
SPBC32F12.08c	duo1	viable	V	0.0	0.002	0.133	0.772	1.471
SPBC32F12.09	rum1	viable	V	0.091	0.542	1.112	1.319	1.364
SPBC32F12.10	pgm1	inviable	E	0.119	1.412	4.524	6.336	6.879
SPBC32F12.11	tdh1	viable	V	0.526	1.358	3.014	4.844	6.193
SPBC32F12.12c	SPBC32F12.12c	viable	V	-0.016	-0.004	-0.0	-0.0	-0.0
SPBC32F12.16	gem7	unknown	Not_determined	0.0	0.06	1.291	3.954	5.602
SPBC32H8.01c	SPBC32H8.01c	viable	V	-0.006	-0.015	-0.033	-0.053	-0.068
SPBC32H8.02c	nep2	viable	V	0.018	0.105	0.216	0.256	0.265
SPBC32H8.03	bem46	viable	V	0.0	0.0	0.0	0.135	0.742
SPBC32H8.04c	utp24	inviable	E	0.33	1.831	4.277	5.557	5.951
SPBC32H8.05	llp1	viable	V	-0.008	-0.0	-0.0	-0.0	-0.0
SPBC32H8.06	mug93	viable	V	-0.004	-0.009	-0.02	-0.032	-0.041
SPBC32H8.07	git5	viable	V	0.129	0.324	0.706	1.129	1.443
SPBC32H8.08c	omh5	viable	V	0.013	0.078	0.16	0.189	0.196
SPBC32H8.09	wdr8	viable	V	-0.001	-0.0	-0.0	-0.0	-0.0
SPBC32H8.10	cdk9	inviable	E	0.214	0.811	2.37	4.345	5.852
SPBC32H8.11	mei4	viable	V	0.048	0.012	0.001	0.0	0.0
SPBC32H8.12c	act1	inviable	E	0.45	2.689	5.513	6.537	6.762
SPBC32H8.13c	mok12	viable	V	0.02	0.005	0.0	0.0	0.0
SPBC336.01	fbh1	viable	V	0.094	0.601	2.295	4.441	5.883
SPBC336.02	cdh1	inviable	E	0.408	2.436	4.995	5.922	6.126
SPBC336.03	efc25	viable	V	-0.0	-0.0	-0.0	-0.0	-0.0
SPBC336.04	cdc6	inviable	E	0.3	2.241	5.032	6.097	6.333
SPBC336.05c	hen1	viable	V	-0.007	-0.02	-0.045	-0.07	-0.085
SPBC336.06c	rnh1	viable	V	-0.02	-0.0	-0.0	-0.0	-0.0
SPBC336.07	sfc3	inviable	E	0.098	1.427	4.23	5.488	5.782
SPBC336.08	spc24	inviable	E	0.04	0.68	3.032	4.992	5.749
SPBC336.09c	rrn7	inviable	E	0.019	0.604	3.095	4.99	5.614
SPBC336.10c	tif512	viable	V	0.031	0.184	0.377	0.447	0.462
SPBC336.11	vps52	inviable	E	0.001	0.188	2.414	4.85	5.695
SPBC336.12c	cdc10	inviable	E	0.099	1.227	3.378	4.296	4.506
SPBC336.13c	mmp2	viable	V	-0.018	-0.004	-0.0	-0.0	-0.0
SPBC336.14c	ppk26	viable	V	0.044	0.178	0.54	1.008	1.367
SPBC336.15	pic1	inviable	E	0.219	1.397	3.845	5.477	6.085
SPBC336.16	SPBC336.16	viable	Not_determined	0.021	0.053	0.116	0.185	0.237
SPBC337.02c	SPBC337.02c	viable	Not_determined	0.003	0.024	0.118	0.269	0.392
SPBC337.03	rhn1	viable	V	-0.041	-0.009	-0.0	-0.0	-0.0
SPBC337.04	ppk27	viable	V	-0.016	-0.044	-0.098	-0.153	-0.19
SPBC337.05c	cct8	inviable	E	0.268	2.059	4.689	5.707	5.936
SPBC337.06c	cwf15	inviable	E	0.0	0.009	0.292	1.389	2.511
SPBC337.07c	ecm14	viable	V	0.0	0.002	0.004	0.005	0.005
SPBC337.08c	ubi4	viable	V	0.098	0.586	1.201	1.424	1.472
SPBC337.09	erg28	viable	V	0.002	0.038	0.328	0.943	1.475
SPBC337.10c	dre2	viable	V	0.429	2.562	5.253	6.228	6.442
SPBC337.11	SPBC337.11	viable	V	0.007	0.002	0.0	0.0	0.0
SPBC337.12	red5	inviable	E	0.368	1.931	4.721	6.415	7.016
SPBC337.13c	gtr1	condition-dependent	E	0.433	1.968	4.429	5.838	6.324
SPBC337.14	rpb4	inviable	E	0.277	1.348	3.669	5.583	6.493
SPBC337.15c	coq7	condition-dependent	V	0.0	0.002	0.124	0.781	1.519
SPBC337.16	cho1	viable	V	0.013	0.066	0.143	0.178	0.187
SPBC342.01c	alg6	viable	V	0.0	0.0	0.004	0.436	1.099
SPBC342.02	qrs1	inviable	E	0.456	2.724	5.586	6.623	6.851
SPBC342.03	gas4	viable	V	-0.008	-0.05	-0.103	-0.122	-0.126
SPBC342.04	rpn1301	viable	V	0.0	0.001	0.001	0.002	0.002
SPBC342.05	crb2	viable	V	-0.012	-0.0	-0.0	-0.0	-0.0
SPBC342.06c	rtt109	viable	V	0.0	0.002	0.291	0.904	1.132
SPBC354.01	gtp1	viable	V	0.034	0.008	0.0	0.0	0.0
SPBC354.02c	sec61	inviable	E	0.275	2.115	4.804	5.836	6.066
SPBC354.03	swd3	viable	V	0.042	0.121	0.294	0.496	0.647
SPBC354.05c	sre2	viable	V	0.002	0.0	0.0	0.0	0.0
SPBC354.06	mrps16	inviable	E	0.001	0.109	1.374	3.408	4.499
SPBC354.07c	osh42	viable	V	0.013	0.034	0.075	0.121	0.155
SPBC354.08c	rsn1	viable	V	0.006	0.016	0.036	0.056	0.069
SPBC354.09c	tre1	viable	V	0.004	0.0	0.0	0.0	0.0
SPBC354.10	def1	viable	V	0.0	0.0	0.038	0.798	2.059
SPBC354.13	rga6	viable	V	-0.007	-0.0	-0.0	-0.0	-0.0
SPBC354.14c	vac8	viable	V	-0.012	-0.069	-0.142	-0.168	-0.174
SPBC354.15	fap1	viable	V	0.009	0.052	0.108	0.128	0.132
SPBC359.01	SPBC359.01	viable	V	0.033	0.005	0.0	0.0	0.0
SPBC359.02	alr2	inviable	E	-0.015	-0.003	-0.0	-0.0	-0.0
SPBC359.03c	aat1	viable	V	-0.013	-0.0	-0.0	-0.0	-0.0
SPBC359.04c	pfl7	viable	V	0.028	0.069	0.151	0.241	0.308
SPBC359.05	abc3	viable	V	0.01	0.155	0.474	0.618	0.652
SPBC359.06	mug14	viable	V	-0.026	-0.0	-0.0	-0.0	-0.0
SPBC36.01c	SPBC36.01c	viable	V	-0.019	-0.0	-0.0	-0.0	-0.0
SPBC36.02c	SPBC36.02c	viable	V	0.001	0.0	0.0	0.0	0.0
SPBC36.03c	mfs3	viable	V	0.015	0.092	0.189	0.224	0.232
SPBC36.04	cys11	condition-dependent	V	0.024	0.16	0.651	1.333	1.833
SPBC36.05c	clr6	inviable	E	0.003	0.088	1.034	3.349	5.429
SPBC36.06c	spo9	condition-dependent	V	0.043	0.151	0.351	0.509	0.587
SPBC36.07	elp1	viable	V	0.128	0.673	2.034	3.332	4.027
SPBC36.08c	cog2	inviable	E	0.026	1.081	4.851	6.926	7.432
SPBC36.09	sap61	inviable	E	0.16	1.809	4.795	6.042	6.326
SPBC36.10	ups2	viable	V	-0.0	-0.0	-0.0	-0.0	-0.0
SPBC36.11	SPBC36.11	viable	V	-0.024	-0.142	-0.29	-0.344	-0.356
SPBC36.12c	git7	inviable	E	0.021	0.476	2.439	4.176	4.853
SPBC365.01	csr103	viable	V	0.013	0.076	0.157	0.186	0.192
SPBC365.02c	cox10	viable	V	0.066	0.204	0.489	0.786	0.983
SPBC365.03c	rpl2101	viable	V	0.429	1.457	3.37	4.966	5.796
SPBC365.04c	nop6	viable	V	0.06	0.153	0.336	0.535	0.679
SPBC365.07c	tmf1	viable	V	0.014	0.003	0.0	0.0	0.0
SPBC365.08c	der1	viable	V	-0.043	-0.001	-0.0	-0.0	-0.0
SPBC365.10	arp5	viable	V	0.0	0.002	0.233	1.695	3.405
SPBC365.12c	ish1	viable	V	0.006	0.037	0.077	0.091	0.094
SPBC365.13c	hba1	viable	V	0.116	0.522	1.641	3.0	3.949
SPBC365.14c	uge1	viable	V	0.004	0.098	0.991	3.03	4.828
SPBC365.15	alp4	inviable	E	0.036	0.665	3.08	5.141	5.947
SPBC365.16	SPBC365.16	viable	V	0.088	0.349	0.803	1.12	1.254
SPBC36B7.02	svf2	viable	V	-0.0	-0.0	-0.0	-0.0	-0.0
SPBC36B7.03	sec63	viable	V	0.37	2.06	4.727	6.063	6.457
SPBC36B7.04	dus1	viable	V	0.017	0.104	0.214	0.253	0.262
SPBC36B7.05c	pib1	viable	V	0.025	0.151	0.309	0.367	0.38
SPBC36B7.06c	mug20	viable	V	-0.002	-0.0	-0.0	-0.0	-0.0
SPBC36B7.07	tlg1	condition-dependent	E	0.012	0.305	2.056	4.24	5.362
SPBC36B7.08c	ccp1	viable	V	-0.025	-0.001	-0.0	-0.0	-0.0
SPBC36B7.09	gcn2	inviable	E	0.029	0.17	0.349	0.414	0.429
SPBC3B8.01c	arh1	inviable	E	0.026	0.652	3.191	5.194	5.894
SPBC3B8.03	lys9	viable	V	0.038	0.096	0.21	0.335	0.428
SPBC3B8.04c	plt1	viable	V	0.03	0.18	0.369	0.437	0.452
SPBC3B8.05	dph1	viable	V	0.036	0.216	0.741	1.322	1.67
SPBC3B8.06	SPBC3B8.06	viable	V	0.06	0.361	0.74	0.878	0.908
SPBC3B8.07c	dsd1	viable	V	0.005	0.001	0.0	0.0	0.0
SPBC3B8.08	SPBC3B8.08	viable	V	-0.01	-0.0	-0.0	-0.0	-0.0
SPBC3B8.09	utp3	inviable	E	0.409	2.698	5.76	6.895	7.145
SPBC3B8.10	ina17	unknown	Not_determined	-0.021	-0.0	-0.0	-0.0	-0.0
SPBC3B8.11	rrn6	inviable	E	0.163	1.192	3.625	5.401	6.101
SPBC3B9.01	fes1	inviable	E	0.021	0.836	3.646	5.171	5.542
SPBC3B9.02c	cwf28	inviable	E	0.414	2.501	5.152	6.115	6.327
SPBC3B9.03	srp101	inviable	E	0.189	1.695	4.522	5.904	6.276
SPBC3B9.04	oms1	viable	V	0.02	0.049	0.107	0.171	0.219
SPBC3B9.05	hot15	viable	V	0.022	0.29	0.812	1.037	1.089
SPBC3B9.06c	atg3	viable	V	0.003	0.016	0.032	0.038	0.039
SPBC3B9.07c	rpa43	inviable	E	0.26	1.28	3.642	5.763	6.853
SPBC3B9.08c	mnh1	viable	V	-0.005	-0.0	-0.0	-0.0	-0.0
SPBC3B9.09	vps36	viable	V	0.016	0.054	0.126	0.185	0.216
SPBC3B9.10	vti1	inviable	E	0.435	2.597	5.326	6.315	6.532
SPBC3B9.11c	ctf1	viable	V	-0.01	-0.062	-0.128	-0.152	-0.157
SPBC3B9.12	trs23	inviable	E	0.007	0.579	3.46	5.287	5.751
SPBC3B9.13c	rpp102	viable	V	0.241	1.077	2.433	3.228	3.509
SPBC3B9.14c	mrpl3	inviable	E	0.021	0.554	2.846	4.721	5.391
SPBC3B9.15c	scp1	viable	V	-0.002	-0.0	-0.0	-0.0	-0.0
SPBC3B9.16c	nup120	condition-dependent	E	0.003	0.086	0.873	2.677	4.271
SPBC3B9.17	isa2	inviable	E	0.0	0.023	0.619	2.716	4.802
SPBC3B9.19	mge1	inviable	E	0.352	2.385	5.147	6.177	6.405
SPBC3B9.21	dcp1	inviable	E	0.036	0.327	1.619	3.563	4.985
SPBC3B9.22c	dad4	unknown	Not_determined	0.002	0.035	0.266	0.728	1.121
SPBC3D6.02	but2	viable	V	-0.011	-0.003	-0.0	-0.0	-0.0
SPBC3D6.03c	trz2	inviable	E	0.0	0.0	0.015	1.333	4.611
SPBC3D6.04c	mad1	viable	V	0.025	0.062	0.135	0.217	0.277
SPBC3D6.05	ptp4	viable	V	0.015	0.091	0.188	0.222	0.23
SPBC3D6.06c	prs5	viable	V	-0.009	-0.002	-0.0	-0.0	-0.0
SPBC3D6.07	gpi3	inviable	E	0.149	1.748	4.699	5.941	6.224
SPBC3D6.08c	lsm1	viable	V	0.147	0.73	2.017	3.094	3.611
SPBC3D6.09	dpb4	viable	V	0.012	0.07	0.143	0.17	0.176
SPBC3D6.11c	slx8	inviable	E	0.013	0.097	0.439	0.974	1.401
SPBC3D6.12	dip2	inviable	E	0.277	1.615	4.065	5.517	6.012
SPBC3D6.13c	pdi3	viable	V	0.003	0.0	0.0	0.0	0.0
SPBC3D6.15	rps2501	viable	V	-0.021	-0.053	-0.116	-0.185	-0.237
SPBC3D6.16	SPBC3D6.16	unknown	Not_determined	0.035	0.206	0.423	0.502	0.519
SPBC3E7.01	fab1	viable	V	0.088	0.304	0.833	1.484	1.977
SPBC3E7.02c	hsp16	viable	V	0.003	0.0	0.0	0.0	0.0
SPBC3E7.04c	ric8	unknown	Not_determined	0.0	0.0	0.0	0.0	0.0
SPBC3E7.05c	mic60	viable	V	0.024	0.061	0.134	0.214	0.273
SPBC3E7.06c	fnx2	viable	V	0.061	0.015	0.001	0.0	0.0
SPBC3E7.07c	SPBC3E7.07c	viable	V	0.016	0.093	0.191	0.226	0.234
SPBC3E7.08c	rad13	viable	V	0.019	0.047	0.103	0.164	0.21
SPBC3E7.09	SPBC3E7.09	viable	V	0.001	0.018	0.191	0.592	0.946
SPBC3E7.10	fma1	viable	V	0.0	0.0	0.002	0.378	1.571
SPBC3E7.11c	SPBC3E7.11c	viable	V	0.013	0.075	0.154	0.183	0.189
SPBC3E7.12c	cfh4	viable	V	0.0	0.0	0.0	0.0	0.0
SPBC3E7.13c	syf2	inviable	E	0.047	0.746	3.003	4.663	5.245
SPBC3E7.14	smf1	inviable	E	0.242	1.772	4.401	5.674	6.024
SPBC3E7.15c	lac1	viable	V	0.109	0.476	1.538	2.95	4.037
SPBC3E7.16c	leu3	viable	V	-0.006	-0.014	-0.032	-0.05	-0.064
SPBC3E7.17	SPBC3E7.17	unknown	Not_determined	-0.006	-0.016	-0.036	-0.057	-0.071
SPBC3F6.01c	hpp5	viable	V	-0.046	-0.002	-0.0	-0.0	-0.0
SPBC3F6.02c	erg26	inviable	E	0.043	0.917	3.502	4.988	5.395
SPBC3F6.03	trr1	viable	V	0.222	0.782	2.054	3.436	4.358
SPBC3F6.04c	nop14	inviable	E	0.267	1.702	4.309	5.766	6.23
SPBC3F6.05	rga1	viable	V	0.036	0.367	1.791	3.695	4.914
SPBC3H7.01	spo14	inviable	E	0.219	2.033	4.974	6.151	6.415
SPBC3H7.02	sul1	viable	V	-0.027	-0.007	-0.0	-0.0	-0.0
SPBC3H7.03c	kgd1	condition-dependent	V	0.01	0.056	0.212	0.437	0.613
SPBC3H7.04	SPBC3H7.04	inviable	E	0.005	0.177	1.561	3.633	4.81
SPBC3H7.05c	acn1	viable	V	0.02	0.005	0.0	0.0	0.0
SPBC3H7.06c	pof9	viable	V	-0.031	-0.001	-0.0	-0.0	-0.0
SPBC3H7.07c	ser2	viable	V	0.184	1.206	3.293	4.626	5.102
SPBC3H7.08c	mra2	viable	V	-0.003	-0.012	-0.028	-0.037	-0.04
SPBC3H7.09	erf2	viable	V	0.0	0.011	0.122	0.328	0.465
SPBC3H7.10	elp6	viable	V	0.202	0.68	1.821	3.196	4.224
SPBC3H7.11	trm141	viable	V	0.025	0.15	0.308	0.365	0.377
SPBC3H7.12	rav2	viable	V	-0.02	-0.001	-0.0	-0.0	-0.0
SPBC3H7.13	csc1	viable	V	0.005	0.0	0.0	0.0	0.0
SPBC4.01	dni2	viable	V	0.009	0.002	0.0	0.0	0.0
SPBC4.02c	SPBC4.02c	viable	V	0.014	0.081	0.165	0.196	0.203
SPBC4.03c	sfb3	inviable	E	0.042	1.062	3.876	5.27	5.601
SPBC4.04c	mcm2	inviable	E	0.232	1.926	4.507	5.515	5.74
SPBC4.05	mlo2	viable	V	0.018	0.107	0.219	0.26	0.269
SPBC4.06	SPBC4.06	viable	V	0.001	0.0	0.0	0.0	0.0
SPBC4.07c	rpt2	inviable	E	0.195	1.999	5.095	6.361	6.647
SPBC405.01	ade1	viable	V	0.004	0.072	0.238	0.317	0.335
SPBC405.03c	SPBC405.03c	viable	V	-0.008	-0.0	-0.0	-0.0	-0.0
SPBC405.05	atg16	viable	V	-0.007	-0.04	-0.082	-0.097	-0.1
SPBC405.06	xdj1	viable	V	0.078	0.197	0.429	0.686	0.877
SPBC405.07	rpl3602	viable	V	0.133	1.241	3.045	3.767	3.93
SPBC409.04c	mis12	inviable	E	0.043	0.585	2.747	5.001	6.099
SPBC409.06	uch2	viable	V	-0.008	-0.051	-0.104	-0.123	-0.127
SPBC409.07c	wis1	viable	V	0.025	0.15	0.307	0.364	0.376
SPBC409.08	SPBC409.08	viable	V	0.001	0.004	0.008	0.01	0.01
SPBC409.09c	mis13	inviable	E	0.205	1.003	3.093	5.332	6.692
SPBC409.10	ade7	viable	V	-0.001	-0.007	-0.015	-0.018	-0.018
SPBC409.11	meu18	viable	V	-0.006	-0.014	-0.031	-0.049	-0.063
SPBC409.12c	stn1	inviable	E	0.001	0.06	0.788	2.66	4.365
SPBC409.13	rib4	inviable	E	0.394	2.35	4.818	5.713	5.91
SPBC409.14c	mrps17	inviable	E	0.0	0.008	0.237	1.053	1.869
SPBC409.15	tsr2	inviable	E	0.327	2.217	4.785	5.743	5.955
SPBC409.16c	saw1	viable	V	-0.031	-0.001	-0.0	-0.0	-0.0
SPBC409.17c	duc2	viable	V	-0.018	-0.0	-0.0	-0.0	-0.0
SPBC409.18	SPBC409.18	viable	V	-0.005	-0.001	-0.0	-0.0	-0.0
SPBC409.19c	mtx1	viable	V	0.0	0.0	0.015	0.345	0.913
SPBC409.20c	shr3	viable	V	0.0	0.11	2.177	4.422	5.089
SPBC409.21	sec66	inviable	E	0.216	0.852	2.403	4.136	5.289
SPBC409.23	mim2	condition-dependent	Not_determined	0.05	0.318	1.321	2.828	4.021
SPBC418.01c	his4	viable	V	-0.006	-0.001	-0.0	-0.0	-0.0
SPBC418.02	nat1	viable	V	0.002	0.009	0.019	0.023	0.023
SPBC428.01c	nup107	inviable	E	0.022	0.328	1.898	4.077	5.428
SPBC428.02c	eca39	viable	V	0.019	0.836	3.826	5.489	5.897
SPBC428.03c	pho4	viable	V	-0.03	-0.001	-0.0	-0.0	-0.0
SPBC428.04	apq12	viable	V	0.054	0.339	0.888	1.223	1.339
SPBC428.05c	arg12	viable	V	-0.041	-0.001	-0.0	-0.0	-0.0
SPBC428.06c	rxt2	viable	V	0.0	0.009	0.355	1.619	2.778
SPBC428.07	meu6	viable	V	-0.002	-0.0	-0.0	-0.0	-0.0
SPBC428.08c	clr4	viable	V	0.0	0.0	0.002	0.456	1.337
SPBC428.10	SPBC428.10	viable	V	0.019	0.047	0.102	0.163	0.208
SPBC428.11	met17	viable	V	0.003	0.0	0.0	0.0	0.0
SPBC428.12c	SPBC428.12c	viable	V	0.017	0.004	0.0	0.0	0.0
SPBC428.13c	mob1	inviable	E	0.003	0.355	3.033	5.349	6.068
SPBC428.14	mlg1	viable	V	0.017	0.104	0.213	0.253	0.262
SPBC428.15	SPBC428.15	viable	V	0.005	0.0	0.0	0.0	0.0
SPBC428.16c	rhb1	condition-dependent	E	0.3	2.014	4.407	5.338	5.551
SPBC428.17c	wpl1	viable	V	0.001	0.0	0.0	0.0	0.0
SPBC428.18	cdt1	inviable	E	0.425	2.538	5.204	6.171	6.383
SPBC428.19c	utp15	condition-dependent	E	0.165	1.846	4.872	6.134	6.421
SPBC428.20c	alp6	inviable	E	0.079	1.152	3.962	5.618	6.105
SPBC460.01c	SPBC460.01c	unknown	Not_determined	0.011	0.067	0.137	0.163	0.169
SPBC460.02c	SPBC460.02c	unknown	Not_determined	0.0	0.0	0.0	0.0	0.0
SPBC460.03	vba2	unknown	Not_determined	-0.001	-0.0	-0.0	-0.0	-0.0
SPBC460.04c	SPBC460.04c	viable	Not_determined	0.027	0.068	0.148	0.236	0.302
SPBC460.05	SPBC460.05	unknown	Not_determined	0.002	0.0	0.0	0.0	0.0
SPBC4B4.01c	ptk1	inviable	E	0.397	2.368	4.856	5.758	5.956
SPBC4B4.02c	nca2	viable	V	0.001	0.0	0.0	0.0	0.0
SPBC4B4.03	rsc1	viable	V	0.001	0.023	0.197	0.448	0.588
SPBC4B4.04	eif21	viable	V	0.037	0.178	0.396	0.513	0.55
SPBC4B4.06	vps25	viable	V	0.0	0.0	0.0	0.489	2.827
SPBC4B4.07c	usp102	viable	V	0.003	0.054	0.475	1.374	2.152
SPBC4B4.08	ght2	viable	V	0.01	0.062	0.126	0.15	0.155
SPBC4B4.09	prp39	inviable	E	0.092	1.444	4.365	5.675	5.979
SPBC4B4.10c	atg5	viable	V	0.023	0.058	0.126	0.202	0.258
SPBC4B4.11	fyv4	viable	V	-0.001	-0.0	-0.0	-0.0	-0.0
SPBC4B4.12c	SPBC4B4.12c	viable	V	-0.008	-0.048	-0.098	-0.116	-0.12
SPBC4C3.04c	dss4	viable	V	0.017	0.004	0.0	0.0	0.0
SPBC4C3.05c	nuc1	inviable	E	0.325	2.236	4.896	5.911	6.14
SPBC4C3.06	syp1	viable	V	-0.001	-0.0	-0.0	-0.0	-0.0
SPBC4C3.08	otg2	viable	V	-0.012	-0.029	-0.063	-0.101	-0.129
SPBC4C3.09	otg3	viable	V	0.003	0.017	0.035	0.041	0.043
SPBC4C3.10c	pre3	inviable	E	0.373	2.118	5.042	6.611	7.102
SPBC4C3.12	sep1	viable	V	0.066	0.195	0.444	0.685	0.835
SPBC4F6.04	rpl2502	viable	V	0.064	0.535	1.258	1.541	1.605
SPBC4F6.05c	emp46	viable	V	0.0	0.0	0.0	0.0	0.0
SPBC4F6.06	kin1	viable	V	0.007	0.099	0.679	1.788	2.72
SPBC4F6.07c	mak5	inviable	E	0.375	1.405	3.258	4.647	5.284
SPBC4F6.08c	mrpl39	viable	V	0.071	0.177	0.386	0.618	0.79
SPBC4F6.09	str1	viable	V	-0.007	-0.018	-0.039	-0.063	-0.08
SPBC4F6.10	vps901	viable	V	0.0	0.0	0.244	1.39	1.963
SPBC4F6.11c	asn2	viable	V	0.013	0.076	0.156	0.186	0.193
SPBC4F6.12	pxl1	viable	V	0.025	0.063	0.138	0.22	0.282
SPBC4F6.13c	erb1	inviable	E	0.453	2.219	4.924	6.324	6.759
SPBC4F6.14	nop4	inviable	E	0.261	2.049	4.692	5.71	5.937
SPBC4F6.15c	swi10	viable	V	0.021	0.073	0.202	0.362	0.483
SPBC4F6.16c	ero11	viable	V	-0.005	-0.001	-0.0	-0.0	-0.0
SPBC4F6.17c	hsp78	inviable	E	0.0	0.001	0.741	3.387	4.578
SPBC4F6.18c	arf1	inviable	E	0.413	2.467	5.059	5.999	6.205
SPBC530.01	gyp1	viable	V	0.037	0.224	0.458	0.544	0.562
SPBC530.02	SPBC530.02	viable	V	0.018	0.108	0.222	0.263	0.272
SPBC530.03c	bag102	viable	V	-0.022	-0.06	-0.135	-0.211	-0.262
SPBC530.04	mod5	viable	V	0.003	0.0	0.0	0.0	0.0
SPBC530.05	prt1	viable	V	-0.023	-0.006	-0.0	-0.0	-0.0
SPBC530.06c	clu1	viable	V	-0.001	-0.0	-0.0	-0.0	-0.0
SPBC530.08	ntu2	viable	V	0.014	0.083	0.169	0.201	0.207
SPBC530.09c	mrl1	viable	V	-0.004	-0.0	-0.0	-0.0	-0.0
SPBC530.10c	anc1	viable	V	0.09	0.538	1.104	1.309	1.354
SPBC530.11c	SPBC530.11c	viable	V	0.04	0.1	0.217	0.347	0.444
SPBC530.12c	pdf1	inviable	E	0.4	2.388	4.896	5.805	6.004
SPBC530.13	lsc1	viable	V	0.018	0.081	0.184	0.244	0.266
SPBC530.14c	dsk1	viable	V	0.0	0.0	0.003	0.307	0.997
SPBC530.15c	shp2	viable	V	-0.029	-0.0	-0.0	-0.0	-0.0
SPBC530.16	ksh1	inviable	Not_determined	0.381	2.272	4.659	5.525	5.715
SPBC543.02c	SPBC543.02c	viable	V	-0.04	-0.001	-0.0	-0.0	-0.0
SPBC543.03c	pku80	viable	V	-0.029	-0.001	-0.0	-0.0	-0.0
SPBC543.04	npr3	condition-dependent	E	0.01	0.152	1.136	3.086	4.744
SPBC543.05c	bor1	viable	V	0.028	0.168	0.345	0.409	0.423
SPBC543.06c	dbp8	inviable	E	0.417	1.654	3.964	5.729	6.544
SPBC543.07	pek1	viable	V	0.0	0.022	0.169	0.274	0.302
SPBC543.08	fit1	viable	V	-0.0	-0.0	-0.0	-0.0	-0.0
SPBC543.09	yta12	viable	V	0.131	0.433	1.142	1.984	2.609
SPBC543.10	get1	viable	V	-0.007	-0.002	-0.0	-0.0	-0.0
SPBC557.02c	SPBC557.02c	viable	V	-0.001	-0.0	-0.0	-0.0	-0.0
SPBC557.04	ppk29	viable	V	-0.008	-0.0	-0.0	-0.0	-0.0
SPBC557.05	SPBC557.05	viable	V	0.025	0.147	0.301	0.356	0.369
SPBC56F2.01	pof12	viable	V	-0.001	-0.0	-0.0	-0.0	-0.0
SPBC56F2.02	rpl1901	viable	V	0.47	1.46	3.351	5.089	6.101
SPBC56F2.03	arp10	viable	V	-0.04	-0.01	-0.0	-0.0	-0.0
SPBC56F2.04	utp20	viable	V	0.411	2.455	5.034	5.969	6.174
SPBC56F2.06	mug147	viable	V	0.016	0.064	0.148	0.202	0.223
SPBC56F2.07c	SPBC56F2.07c	inviable	E	0.188	1.683	4.658	6.221	6.668
SPBC56F2.08c	puf1	viable	V	0.086	0.512	1.05	1.244	1.287
SPBC56F2.09c	arg5	viable	V	-0.066	-0.394	-0.808	-0.958	-0.991
SPBC56F2.10c	alg5	viable	V	0.0	0.013	0.145	0.463	0.748
SPBC56F2.11	met6	viable	V	0.0	0.0	0.076	0.606	1.251
SPBC56F2.12	ilv5	viable	V	0.142	1.325	3.996	5.618	6.14
SPBC56F2.14	mrpl44	viable	V	0.013	0.003	0.0	0.0	0.0
SPBC577.02	rpl3801	viable	V	0.261	1.073	2.461	3.379	3.748
SPBC577.03c	SPBC577.03c	viable	V	0.025	0.15	0.307	0.364	0.377
SPBC577.04	tho5	viable	V	0.0	0.0	0.384	2.691	3.958
SPBC577.05c	rec27	viable	V	-0.009	-0.042	-0.095	-0.125	-0.136
SPBC577.06c	stt4	condition-dependent	V	0.426	2.545	5.218	6.187	6.4
SPBC577.07	ubp10	inviable	E	0.103	0.787	2.754	4.581	5.47
SPBC577.08c	txl1	viable	V	-0.0	-0.0	-0.0	-0.0	-0.0
SPBC577.09	ckn1	inviable	E	-0.049	-0.0	-0.0	-0.0	-0.0
SPBC577.11	SPBC577.11	viable	V	0.005	0.001	0.0	0.0	0.0
SPBC577.12	dph6	viable	V	0.017	0.083	0.183	0.234	0.249
SPBC577.13	syj2	viable	V	0.003	0.001	0.0	0.0	0.0
SPBC577.14c	spa1	viable	V	0.035	0.207	0.425	0.503	0.521
SPBC582.03	cdc13	inviable	E	0.144	0.959	2.632	3.705	4.088
SPBC582.04c	dsh1	viable	V	-0.046	-0.001	-0.0	-0.0	-0.0
SPBC582.05c	brc1	viable	V	0.0	0.003	0.089	0.424	0.768
SPBC582.06c	mcp6	viable	V	0.099	0.025	0.001	0.0	0.0
SPBC582.07c	rpn7	inviable	E	0.183	1.997	5.219	6.555	6.858
SPBC582.08	alt1	viable	V	0.002	0.0	0.0	0.0	0.0
SPBC582.09	pex11	viable	V	-0.014	-0.0	-0.0	-0.0	-0.0
SPBC582.10c	rhp1602	viable	V	0.013	0.003	0.0	0.0	0.0
SPBC609.01	SPBC609.01	inviable	E	0.285	1.701	3.488	4.136	4.278
SPBC609.02	ptn1	viable	V	-0.007	-0.045	-0.092	-0.109	-0.112
SPBC609.03	iqw1	viable	V	-0.004	-0.001	-0.0	-0.0	-0.0
SPBC609.04	caf5	viable	V	-0.001	-0.0	-0.0	-0.0	-0.0
SPBC609.05	pob3	viable	V	0.059	0.181	0.454	0.778	1.021
SPBC646.02	cwf11	viable	V	0.004	0.01	0.021	0.033	0.043
SPBC646.03	gta1	inviable	E	0.0	0.0	0.059	1.47	3.944
SPBC646.04	pla1	inviable	E	0.006	0.331	2.464	4.644	5.502
SPBC646.05c	erg9	inviable	E	0.093	1.557	4.821	6.303	6.647
SPBC646.06c	agn2	viable	V	-0.012	-0.003	-0.0	-0.0	-0.0
SPBC646.07c	tsc13	inviable	E	0.116	0.898	3.18	5.315	6.358
SPBC646.09c	int6	viable	V	0.0	0.0	0.055	1.395	3.752
SPBC646.10c	nop56	inviable	E	0.432	2.578	5.287	6.269	6.484
SPBC646.11	cct6	inviable	E	0.4	2.391	4.902	5.812	6.012
SPBC646.12c	gap1	viable	V	-0.002	-0.0	-0.0	-0.0	-0.0
SPBC646.13	sds23	condition-dependent	V	0.408	2.438	4.998	5.927	6.13
SPBC646.14c	orc5	inviable	E	0.377	1.8	4.003	5.176	5.552
SPBC646.15c	pex16	viable	V	0.012	0.003	0.0	0.0	0.0
SPBC646.16	scl1	inviable	E	0.14	1.595	4.245	5.355	5.607
SPBC646.17c	dic1	viable	V	0.006	0.0	0.0	0.0	0.0
SPBC649.02	rps1902	viable	V	0.0	0.002	0.095	0.495	0.916
SPBC649.03	rhp14	viable	V	0.013	0.003	0.0	0.0	0.0
SPBC649.04	uvi15	viable	V	0.015	0.091	0.187	0.222	0.23
SPBC649.05	cut12	inviable	E	0.235	1.224	3.458	5.334	6.23
SPBC651.01c	nog1	inviable	E	0.394	2.352	4.823	5.718	5.915
SPBC651.02	nit1	viable	V	-0.009	-0.0	-0.0	-0.0	-0.0
SPBC651.03c	gyp10	viable	V	-0.017	-0.004	-0.0	-0.0	-0.0
SPBC651.04	SPBC651.04	viable	V	-0.009	-0.055	-0.113	-0.134	-0.138
SPBC651.05c	dot2	viable	V	-0.009	-0.022	-0.048	-0.077	-0.098
SPBC651.07	SPBC651.07	viable	V	0.027	0.068	0.148	0.236	0.301
SPBC651.08c	rpc1	inviable	E	0.285	2.244	5.141	6.258	6.507
SPBC651.09c	prf1	viable	V	0.1	0.6	1.23	1.458	1.508
SPBC651.10	nse5	viable	V	0.001	0.03	0.397	1.336	2.19
SPBC651.11c	apm3	viable	V	0.053	0.132	0.288	0.461	0.589
SPBC651.12c	dbl7	viable	V	-0.008	-0.019	-0.042	-0.066	-0.085
SPBC660.05	wwm3	viable	V	-0.01	-0.057	-0.117	-0.139	-0.144
SPBC660.06	wwm2	viable	V	-0.025	-0.0	-0.0	-0.0	-0.0
SPBC660.07	ntp1	viable	V	0.009	0.118	0.428	0.64	0.712
SPBC660.08	atg38	viable	V	0.015	0.07	0.157	0.207	0.224
SPBC660.09	mug168	viable	V	-0.023	-0.059	-0.128	-0.205	-0.262
SPBC660.10	gfm2	viable	V	0.0	0.0	0.047	0.491	1.083
SPBC660.11	tcg1	viable	V	0.041	0.112	0.258	0.424	0.548
SPBC660.12c	egt2	viable	V	-0.004	-0.009	-0.02	-0.032	-0.04
SPBC660.13c	ssb1	inviable	E	0.099	1.479	4.389	5.681	5.98
SPBC660.14	mik1	viable	V	-0.008	-0.0	-0.0	-0.0	-0.0
SPBC660.15	msi2	inviable	E	0.0	0.057	1.161	3.604	5.186
SPBC660.16	gnd1	inviable	E	0.398	2.377	4.874	5.779	5.977
SPBC660.17c	SPBC660.17c	viable	V	0.01	0.002	0.0	0.0	0.0
SPBC685.02	exo5	viable	V	0.018	0.105	0.214	0.254	0.263
SPBC685.04c	aps2	viable	V	-0.01	-0.061	-0.124	-0.147	-0.152
SPBC685.05	gpi15	inviable	E	0.16	1.544	4.382	5.878	6.302
SPBC685.07c	rpl2701	viable	V	0.408	2.437	4.996	5.924	6.128
SPBC685.08	SPBC685.08	viable	Not_determined	-0.018	-0.046	-0.101	-0.161	-0.205
SPBC691.01	pfa5	viable	V	-0.017	-0.004	-0.0	-0.0	-0.0
SPBC691.02c	drp1	inviable	E	0.35	2.088	4.562	5.608	5.872
SPBC691.03c	apl3	viable	V	0.001	0.0	0.0	0.0	0.0
SPBC691.04	mss116	viable	V	0.002	0.041	0.359	1.034	1.619
SPBC691.05c	ist2	viable	V	-0.007	-0.042	-0.086	-0.103	-0.106
SPBC6B1.02	ppk30	viable	V	0.024	0.061	0.134	0.214	0.274
SPBC6B1.03c	pal2	viable	V	0.004	0.026	0.053	0.063	0.065
SPBC6B1.04	mde4	viable	V	0.03	0.217	0.99	2.205	3.177
SPBC6B1.05c	atg7	viable	V	-0.0	-0.0	-0.0	-0.0	-0.0
SPBC6B1.06c	ubp14	viable	V	0.037	0.201	0.429	0.529	0.555
SPBC6B1.07	prp1	inviable	E	0.315	1.612	4.045	5.651	6.268
SPBC6B1.08c	ofd1	viable	V	0.02	0.243	0.665	0.845	0.886
SPBC6B1.09c	nbs1	viable	V	0.186	1.109	2.274	2.697	2.79
SPBC6B1.10	prp17	condition-dependent	V	0.034	0.089	0.198	0.314	0.395
SPBC6B1.12c	sus1	viable	Not_determined	0.027	0.088	0.232	0.407	0.538
SPBC713.02c	ubp15	viable	V	-0.063	-0.016	-0.001	-0.0	-0.0
SPBC713.03	dld2	viable	V	0.002	0.0	0.0	0.0	0.0
SPBC713.04c	pwp2	inviable	E	0.301	2.184	4.844	5.851	6.074
SPBC713.05	wdr83	viable	V	0.02	0.049	0.107	0.171	0.219
SPBC713.06	adl1	viable	V	-0.015	-0.0	-0.0	-0.0	-0.0
SPBC713.07c	SPBC713.07c	viable	V	0.049	0.456	1.116	1.381	1.44
SPBC713.09	SPBC713.09	viable	V	0.056	0.013	0.0	0.0	0.0
SPBC713.10	tim16	inviable	E	0.366	1.694	4.382	6.461	7.402
SPBC713.11c	pmp3	viable	V	0.005	0.019	0.043	0.062	0.07
SPBC713.12	erg1	inviable	E	0.236	1.904	4.407	5.377	5.594
SPBC725.01	maa1	condition-dependent	V	0.05	0.207	0.473	0.649	0.718
SPBC725.02	mpr1	viable	V	0.076	0.336	0.762	1.017	1.109
SPBC725.03	SPBC725.03	viable	V	-0.001	-0.0	-0.0	-0.0	-0.0
SPBC725.04	hac1	viable	V	-0.006	-0.0	-0.0	-0.0	-0.0
SPBC725.05c	npp1	viable	V	-0.005	-0.0	-0.0	-0.0	-0.0
SPBC725.06c	ppk31	viable	V	-0.0	-0.003	-0.005	-0.006	-0.006
SPBC725.07	pex5	viable	V	-0.008	-0.051	-0.104	-0.123	-0.127
SPBC725.08	pir2	inviable	E	0.048	0.67	2.889	4.865	5.701
SPBC725.09c	hob3	viable	V	0.064	0.176	0.408	0.673	0.872
SPBC725.10	tsp0	condition-dependent	V	0.005	0.001	0.0	0.0	0.0
SPBC725.11c	php2	condition-dependent	V	-0.0	-0.0	-0.0	-0.0	-0.0
SPBC725.12	nbl1	viable	Not_determined	0.043	0.235	0.842	1.635	2.203
SPBC725.13c	psf2	inviable	E	0.172	1.545	3.933	4.993	5.255
SPBC725.14	arg6	viable	V	-0.007	-0.067	-0.162	-0.2	-0.209
SPBC725.15	ura5	viable	V	0.062	0.222	0.526	0.78	0.91
SPBC725.16	res1	inviable	E	0.211	0.748	1.955	3.239	4.076
SPBC725.17c	rrn11	inviable	E	0.037	0.642	2.697	4.237	4.779
SPBC776.01	rpl29	viable	V	0.034	0.203	0.415	0.492	0.509
SPBC776.03	hom6	viable	V	0.165	1.845	4.87	6.131	6.417
SPBC776.04	sec2302	viable	V	0.022	0.223	1.243	3.008	4.455
SPBC776.05	gpc1	viable	V	-0.0	-0.0	-0.0	-0.0	-0.0
SPBC776.06c	SPBC776.06c	viable	V	0.019	0.049	0.107	0.171	0.218
SPBC776.07	mam33	inviable	E	0.052	1.102	4.025	5.592	5.998
SPBC776.08c	utp22	inviable	E	0.322	2.044	4.527	5.558	5.811
SPBC776.09	ste13	viable	V	0.148	0.487	1.245	2.088	2.673
SPBC776.10c	cog6	inviable	E	0.012	0.397	2.555	4.79	5.735
SPBC776.12c	hsk1	condition-dependent	E	0.407	2.145	4.639	5.778	6.091
SPBC776.13	cnd1	inviable	E	0.212	1.455	4.019	5.647	6.221
SPBC776.14	plh1	viable	V	0.024	0.06	0.13	0.209	0.267
SPBC776.15c	kgd2	viable	V	0.017	0.093	0.342	0.696	0.97
SPBC776.16	mis20	viable	V	-0.006	-0.0	-0.0	-0.0	-0.0
SPBC776.17	rrp7	viable	V	0.246	0.928	2.378	3.746	4.527
SPBC776.18c	pmh1	inviable	E	0.0	0.008	1.12	3.636	4.593
SPBC800.02	whi5	viable	V	0.009	0.002	0.0	0.0	0.0
SPBC800.03	clr3	viable	V	-0.029	-0.001	-0.0	-0.0	-0.0
SPBC800.05c	atb2	viable	V	0.003	0.075	0.261	0.351	0.373
SPBC800.06	brx1	inviable	E	0.288	2.165	4.866	5.897	6.126
SPBC800.07c	tsf1	viable	V	0.0	0.0	0.014	0.674	2.068
SPBC800.08	trm6	viable	V	0.03	0.177	0.697	1.457	2.055
SPBC800.09	sum2	viable	V	0.065	0.235	0.665	1.202	1.611
SPBC800.10c	ede1	viable	V	0.111	0.497	1.458	2.474	3.095
SPBC800.11	SPBC800.11	viable	V	0.01	0.001	0.0	0.0	0.0
SPBC800.12c	SPBC800.12c	viable	V	0.02	0.0	0.0	0.0	0.0
SPBC800.13	cnp20	inviable	E	0.04	0.34	1.708	3.959	5.782
SPBC800.14c	SPBC800.14c	viable	Not_determined	-0.032	-0.001	-0.0	-0.0	-0.0
SPBC83.01	ucp8	viable	V	-0.01	-0.003	-0.0	-0.0	-0.0
SPBC83.03c	tas3	viable	V	-0.008	-0.0	-0.0	-0.0	-0.0
SPBC83.04	apc15	viable	V	0.013	0.078	0.161	0.191	0.197
SPBC83.05	yme2	viable	V	0.005	0.032	0.066	0.078	0.081
SPBC83.06c	rtc6	inviable	E	0.028	0.266	1.428	3.399	5.007
SPBC83.07	jmj3	inviable	E	0.0	0.003	0.505	2.693	4.258
SPBC83.08	rvb2	inviable	E	0.401	2.49	5.186	6.172	6.389
SPBC83.09c	lin1	viable	V	-0.044	-0.0	-0.0	-0.0	-0.0
SPBC83.10	emc7	viable	V	0.02	0.073	0.203	0.365	0.488
SPBC83.11	pet2	viable	V	-0.028	-0.006	-0.0	-0.0	-0.0
SPBC83.12	SPBC83.12	viable	V	-0.007	-0.018	-0.039	-0.063	-0.08
SPBC83.13	yhm2	viable	V	-0.015	-0.092	-0.188	-0.223	-0.23
SPBC83.14c	rfc5	inviable	E	0.001	0.121	1.713	4.41	5.879
SPBC83.15	wdr74	inviable	E	0.258	1.926	4.731	6.037	6.383
SPBC83.16c	SPBC83.16c	viable	V	-0.0	-0.0	-0.0	-0.0	-0.0
SPBC83.18c	fic1	viable	V	0.012	0.003	0.0	0.0	0.0
SPBC839.02	aly1	viable	V	-0.024	-0.0	-0.0	-0.0	-0.0
SPBC839.03c	dcn1	viable	V	0.0	0.03	0.233	0.414	0.474
SPBC839.05c	rps1701	viable	V	0.326	0.861	1.949	3.175	4.088
SPBC839.06	cta3	viable	V	-0.004	-0.024	-0.05	-0.059	-0.061
SPBC839.07	ibp1	viable	V	-0.003	-0.001	-0.0	-0.0	-0.0
SPBC839.08c	its8	condition-dependent	E	0.132	1.404	4.165	5.655	6.081
SPBC839.10	usp107	inviable	E	0.0	0.01	1.144	3.533	4.418
SPBC839.11c	hut1	viable	V	0.022	0.056	0.121	0.194	0.248
SPBC839.14c	efm4	viable	V	0.025	0.062	0.135	0.216	0.276
SPBC839.15c	tef103	viable	V	0.035	0.393	1.518	2.463	2.855
SPBC839.16	thf1	viable	V	-0.001	-0.0	-0.0	-0.0	-0.0
SPBC839.17c	fkh1	viable	V	0.016	0.097	0.199	0.236	0.244
SPBC839.19	new20	viable	Not_determined	0.002	0.0	0.0	0.0	0.0
SPBC839.20	new14	viable	Not_determined	0.016	0.004	0.0	0.0	0.0
SPBC887.01	adi1	viable	V	-0.001	-0.0	-0.0	-0.0	-0.0
SPBC887.02	SPBC887.02	viable	V	0.041	0.01	0.0	0.0	0.0
SPBC887.03c	noc3	inviable	E	0.365	2.281	5.013	6.144	6.421
SPBC887.04c	lub1	viable	V	0.005	0.044	0.228	0.535	0.784
SPBC887.05c	cwf29	viable	V	0.335	0.942	2.232	3.713	4.822
SPBC887.06c	snx3	viable	V	-0.022	-0.059	-0.133	-0.209	-0.26
SPBC887.07	mrpl38	inviable	E	0.008	0.149	1.197	3.345	5.187
SPBC887.08	SPBC887.08	viable	V	0.037	0.221	0.454	0.538	0.557
SPBC887.09c	sog2	inviable	E	0.018	0.862	4.085	5.91	6.359
SPBC887.10	mcs4	viable	V	0.005	0.114	0.396	0.532	0.564
SPBC887.11	pus2	viable	V	-0.004	-0.021	-0.043	-0.051	-0.053
SPBC887.12	SPBC887.12	inviable	E	0.411	2.452	5.027	5.961	6.165
SPBC887.13c	cem1	inviable	E	0.0	0.0	0.025	0.95	2.785
SPBC887.14c	pfh1	inviable	E	0.185	1.249	3.582	5.195	5.809
SPBC887.15c	sur2	viable	V	0.021	0.124	0.254	0.301	0.311
SPBC887.16	SPBC887.16	viable	Not_determined	-0.007	-0.002	-0.0	-0.0	-0.0
SPBC887.17	SPBC887.17	condition-dependent	V	0.077	0.193	0.421	0.673	0.86
SPBC887.18c	hfi1	viable	V	0.0	0.001	0.488	2.062	2.744
SPBC887.19	rft1	inviable	E	0.35	1.617	3.856	5.302	5.857
SPBC887.22	spc1	condition-dependent	Not_determined	0.002	0.005	0.012	0.018	0.021
SPBC8D2.01	gsk31	viable	V	0.015	0.046	0.106	0.162	0.195
SPBC8D2.05c	sfi1	inviable	E	0.19	0.857	2.632	4.678	6.038
SPBC8D2.06	irs1	inviable	E	0.442	2.638	5.409	6.414	6.634
SPBC8D2.07c	sfc9	inviable	E	0.0	0.007	0.381	2.112	3.978
SPBC8D2.09c	msl1	inviable	E	0.073	1.312	4.202	5.539	5.85
SPBC8D2.10c	rmt3	viable	V	0.028	0.096	0.223	0.327	0.379
SPBC8D2.11	SPBC8D2.11	viable	V	-0.025	-0.0	-0.0	-0.0	-0.0
SPBC8D2.12c	tac1	viable	V	-0.011	-0.064	-0.131	-0.155	-0.161
SPBC8D2.13	shq1	inviable	E	0.142	1.094	3.34	4.933	5.54
SPBC8D2.14c	sed5	inviable	E	0.386	2.303	4.723	5.6	5.792
SPBC8D2.15	lip5	inviable	E	0.0	0.0	0.143	1.917	4.478
SPBC8D2.16c	SPBC8D2.16c	viable	V	-0.001	-0.0	-0.0	-0.0	-0.0
SPBC8D2.17	gmh4	viable	V	0.0	0.0	0.219	1.696	2.61
SPBC8D2.18c	sah1	viable	V	0.286	1.305	3.264	4.69	5.303
SPBC8D2.19	mde3	viable	V	-0.005	-0.001	-0.0	-0.0	-0.0
SPBC8D2.23	new15	viable	Not_determined	0.004	0.0	0.0	0.0	0.0
SPBC8E4.01c	pho84	viable	V	0.026	0.006	0.0	0.0	0.0
SPBC8E4.03	agm3	viable	V	-0.001	-0.0	-0.0	-0.0	-0.0
SPBC8E4.05c	SPBC8E4.05c	viable	V	-0.008	-0.001	-0.0	-0.0	-0.0
SPBC902.02c	ctf18	viable	V	0.023	0.122	0.447	0.906	1.265
SPBC902.03	nem2	viable	V	0.072	0.231	0.58	0.971	1.244
SPBC902.04	rmn1	viable	V	-0.003	-0.016	-0.032	-0.038	-0.039
SPBC902.05c	idh2	viable	V	0.134	0.35	0.786	1.275	1.64
SPBC902.06	mto2	viable	V	-0.028	-0.0	-0.0	-0.0	-0.0
SPBC947.01	knk1	viable	V	0.03	0.007	0.0	0.0	0.0
SPBC947.02	apl2	viable	V	0.094	0.511	1.87	3.724	5.111
SPBC947.04	pfl3	viable	V	-0.005	-0.001	-0.0	-0.0	-0.0
SPBC947.05c	frp2	viable	V	0.006	0.001	0.0	0.0	0.0
SPBC947.06c	SPBC947.06c	viable	V	-0.01	-0.06	-0.123	-0.146	-0.151
SPBC947.07	rrp1402	inviable	E	0.368	2.517	5.448	6.543	6.785
SPBC947.08c	hip4	viable	V	0.052	0.323	0.671	0.798	0.826
SPBC947.10	dsc1	viable	V	0.013	0.003	0.0	0.0	0.0
SPBC947.11c	elg1	viable	V	0.033	0.104	0.239	0.362	0.433
SPBC947.12	kms2	condition-dependent	E	0.028	0.259	1.359	3.187	4.654
SPBC947.13	rba50	viable	V	0.271	1.324	3.743	5.899	7.001
SPBC947.14c	cbp6	viable	V	0.009	0.065	0.302	0.679	0.982
SPBC947.15c	ndi1	viable	V	-0.041	-0.001	-0.0	-0.0	-0.0
SPBC9B6.02c	Tf2-9	unknown	Not_determined	-0.006	-0.001	-0.0	-0.0	-0.0
SPBC9B6.04c	tuf1	inviable	E	0.0	0.011	0.995	3.603	4.909
SPBC9B6.05c	lsm3	inviable	E	0.204	0.721	2.008	3.602	4.812
SPBC9B6.06	mrpl10	inviable	E	0.012	0.182	1.325	3.567	5.466
SPBC9B6.07	nop52	viable	V	0.306	1.195	2.754	3.857	4.334
SPBC9B6.09c	mdl1	viable	V	-0.01	-0.002	-0.0	-0.0	-0.0
SPBC9B6.10	cdc37	inviable	E	0.003	0.282	2.504	4.785	5.628
SPBC9B6.11c	SPBC9B6.11c	viable	V	0.0	0.0	0.236	1.224	1.696
SPBP16F5.02	mcs2	inviable	E	0.013	0.179	1.221	3.204	4.871
SPBP16F5.03c	tra1	viable	V	0.043	0.259	0.532	0.631	0.652
SPBP16F5.04	ubc7	viable	V	-0.003	-0.001	-0.0	-0.0	-0.0
SPBP16F5.05c	yar1	viable	V	0.123	0.732	1.5	1.779	1.84
SPBP16F5.06	nop8	inviable	E	0.227	1.359	3.81	5.596	6.325
SPBP16F5.07	apm1	condition-dependent	V	0.134	0.618	2.067	4.025	5.539
SPBP16F5.08c	fmo1	viable	V	0.0	0.0	0.0	0.169	2.2
SPBP18G5.02	pgs1	inviable	E	0.0	0.003	0.403	2.69	4.99
SPBP18G5.03	toc1	viable	V	-0.003	-0.018	-0.037	-0.043	-0.045
SPBP19A11.01	gcv3	inviable	E	-0.025	-0.006	-0.0	-0.0	-0.0
SPBP19A11.03c	mts4	inviable	E	0.231	2.018	4.822	5.93	6.178
SPBP19A11.04c	mor2	inviable	E	0.094	0.92	3.266	5.131	5.885
SPBP19A11.06	lid2	inviable	E	0.094	0.503	1.865	3.802	5.317
SPBP19A11.07c	hid2	unknown	Not_determined	0.011	0.003	0.0	0.0	0.0
SPBP22H7.02c	mrd1	inviable	E	0.426	2.545	5.218	6.187	6.4
SPBP22H7.03	sbg1	inviable	E	0.343	1.047	2.629	4.497	5.902
SPBP22H7.04	SPBP22H7.04	viable	V	-0.015	-0.0	-0.0	-0.0	-0.0
SPBP22H7.05c	abo2	viable	V	-0.015	-0.0	-0.0	-0.0	-0.0
SPBP22H7.06	nrk1	viable	V	-0.003	-0.01	-0.022	-0.033	-0.039
SPBP22H7.07	prp5	inviable	E	0.239	1.984	4.644	5.683	5.915
SPBP22H7.08	rps1002	viable	V	0.147	1.551	3.992	4.996	5.223
SPBP22H7.09c	mis15	inviable	E	0.008	0.2	1.625	4.085	5.791
SPBP23A10.02	pkr1	viable	V	0.0	0.009	0.25	1.102	1.952
SPBP23A10.03c	sdh7	viable	V	0.001	0.0	0.0	0.0	0.0
SPBP23A10.04	apc2	inviable	E	0.051	1.214	4.349	5.887	6.252
SPBP23A10.05	ssr4	condition-dependent	V	0.004	0.075	0.549	1.33	1.868
SPBP23A10.06	mtm1	inviable	E	0.0	0.0	0.224	3.482	5.999
SPBP23A10.07	rpa2	inviable	E	0.167	1.77	4.928	6.442	6.833
SPBP23A10.08	alp5	inviable	E	0.125	0.799	2.717	4.663	5.723
SPBP23A10.09	psf1	inviable	E	0.357	1.503	3.577	5.037	5.654
SPBP23A10.10	ppk32	viable	V	-0.03	-0.0	-0.0	-0.0	-0.0
SPBP23A10.11c	SPBP23A10.11c	viable	Not_determined	-0.0	-0.0	-0.014	-0.164	-0.268
SPBP23A10.12	frg1	viable	V	-0.036	-0.001	-0.0	-0.0	-0.0
SPBP23A10.13	orc4	inviable	E	0.024	0.703	3.369	5.263	5.859
SPBP23A10.14c	ell1	viable	V	0.0	0.0	0.0	0.0	0.0
SPBP23A10.15c	qcr1	inviable	E	0.4	2.386	4.893	5.802	6.001
SPBP23A10.16	tim18	viable	V	-0.019	-0.0	-0.0	-0.0	-0.0
SPBP26C9.02c	car1	viable	V	-0.016	-0.095	-0.195	-0.232	-0.24
SPBP26C9.03c	fet4	viable	V	0.012	0.072	0.148	0.176	0.182
SPBP35G2.03c	sgo1	viable	V	0.003	0.008	0.017	0.028	0.035
SPBP35G2.04c	SPBP35G2.04c	viable	V	-0.006	-0.038	-0.079	-0.093	-0.097
SPBP35G2.06c	nup131	viable	V	0.019	0.288	0.856	1.108	1.166
SPBP35G2.07	ilv1	viable	V	0.339	2.075	4.891	6.281	6.681
SPBP35G2.08c	air1	viable	V	0.07	0.325	1.095	2.138	2.945
SPBP35G2.09	usp103	inviable	E	0.0	0.0	0.0	0.167	0.641
SPBP35G2.10	mit1	viable	V	0.002	0.0	0.0	0.0	0.0
SPBP35G2.11c	nbr1	viable	V	0.029	0.175	0.359	0.425	0.44
SPBP35G2.12	ysa1	viable	V	-0.03	-0.001	-0.0	-0.0	-0.0
SPBP35G2.13c	swc2	viable	V	0.033	0.199	0.408	0.483	0.5
SPBP35G2.14	puf2	viable	V	0.027	0.16	0.327	0.388	0.401
SPBP4G3.02	pho1	viable	V	-0.001	-0.0	-0.0	-0.0	-0.0
SPBP4G3.03	fub2	viable	V	-0.005	-0.001	-0.0	-0.0	-0.0
SPBP4H10.03	oxa102	viable	V	0.032	0.153	0.533	1.055	1.461
SPBP4H10.04	ppb1	viable	V	0.021	0.053	0.115	0.184	0.236
SPBP4H10.05c	spe2	viable	V	0.004	0.065	0.495	1.354	2.087
SPBP4H10.06c	cut14	inviable	E	0.2	1.507	4.218	5.863	6.411
SPBP4H10.07	SPBP4H10.07	viable	V	-0.041	-0.103	-0.224	-0.358	-0.457
SPBP4H10.08	qcr10	viable	V	-0.001	-0.0	-0.0	-0.0	-0.0
SPBP4H10.09	rsv1	viable	V	0.046	0.274	0.562	0.666	0.689
SPBP4H10.10	rbd3	viable	V	-0.026	-0.0	-0.0	-0.0	-0.0
SPBP4H10.11c	lcf2	viable	V	0.0	0.007	0.176	0.736	1.285
SPBP4H10.12	SPBP4H10.12	viable	V	0.0	0.0	0.0	0.0	0.0
SPBP4H10.14c	SPBP4H10.14c	viable	V	0.02	0.0	0.0	0.0	0.0
SPBP4H10.15	aco2	inviable	E	0.0	0.033	1.171	3.874	5.444
SPBP4H10.16c	SPBP4H10.16c	viable	V	-0.008	-0.05	-0.103	-0.122	-0.126
SPBP4H10.17c	SPBP4H10.17c	viable	V	-0.0	-0.0	-0.0	-0.0	-0.0
SPBP4H10.18c	SPBP4H10.18c	viable	V	0.0	0.038	0.252	0.395	0.431
SPBP4H10.19c	SPBP4H10.19c	viable	V	-0.001	-0.0	-0.0	-0.0	-0.0
SPBP4H10.20	nhm1	viable	V	0.002	0.001	0.0	0.0	0.0
SPBP4H10.21c	sld5	inviable	E	0.244	1.317	3.705	5.624	6.498
SPBP8B7.01c	pop7	inviable	E	0.145	1.161	3.698	5.597	6.351
SPBP8B7.02	rng9	viable	V	-0.046	-0.001	-0.0	-0.0	-0.0
SPBP8B7.04	mug45	viable	V	0.004	0.022	0.045	0.054	0.055
SPBP8B7.05c	nce103	condition-dependent	E	0.092	0.726	1.665	2.027	2.108
SPBP8B7.06	rpp201	viable	V	0.171	0.737	1.677	2.261	2.479
SPBP8B7.07c	set6	viable	V	-0.021	-0.125	-0.256	-0.304	-0.314
SPBP8B7.08c	ppm1	viable	V	0.077	0.018	0.001	0.0	0.0
SPBP8B7.09c	los1	viable	V	0.0	0.001	0.297	1.215	1.606
SPBP8B7.10c	utp16	viable	V	0.004	0.18	0.822	1.179	1.266
SPBP8B7.11	nxt3	viable	V	0.077	0.366	1.05	1.694	2.042
SPBP8B7.12c	fta3	inviable	E	0.0	0.014	0.837	3.681	5.832
SPBP8B7.13	vac7	viable	V	0.033	0.083	0.18	0.288	0.369
SPBP8B7.14c	dpb2	inviable	E	0.428	2.557	5.243	6.216	6.43
SPBP8B7.15c	mpe1	inviable	E	0.502	2.996	6.143	7.283	7.534
SPBP8B7.16c	dbp2	inviable	E	0.209	1.275	3.549	5.159	5.797
SPBP8B7.17c	thi20	inviable	E	0.058	1.094	3.574	4.733	5.004
SPBP8B7.18c	thi201	viable	V	0.03	0.177	0.363	0.43	0.445
SPBP8B7.19	spt16	inviable	E	0.124	0.843	2.824	4.676	5.601
SPBP8B7.20c	nop2	inviable	E	0.216	2.073	5.141	6.378	6.656
SPBP8B7.21	ubp3	viable	V	0.036	0.098	0.227	0.374	0.484
SPBP8B7.22	erd2	viable	V	0.0	0.007	0.462	2.788	5.365
SPBP8B7.23	rnf10	viable	V	0.012	0.071	0.145	0.172	0.178
SPBP8B7.24c	atg8	viable	V	-0.001	-0.0	-0.0	-0.0	-0.0
SPBP8B7.25	cyp4	viable	V	-0.02	-0.121	-0.249	-0.295	-0.305
SPBP8B7.27	mug30	viable	V	0.049	0.292	0.598	0.709	0.733
SPBP8B7.28c	stc1	viable	V	0.002	0.039	0.134	0.179	0.19
SPBP8B7.29	abz1	inviable	E	-0.015	-0.037	-0.08	-0.127	-0.163
SPBP8B7.30c	thi5	viable	V	-0.007	-0.002	-0.0	-0.0	-0.0
SPBP8B7.31	SPBP8B7.31	viable	V	-0.005	-0.0	-0.0	-0.0	-0.0
SPBP8B7.32	SPBP8B7.32	viable	Not_determined	0.002	0.0	0.0	0.0	0.0
SPBPB10D8.01	SPBPB10D8.01	viable	V	0.035	0.208	0.427	0.506	0.523
SPBPB10D8.02c	SPBPB10D8.02c	viable	V	0.014	0.082	0.168	0.2	0.207
SPBPB21E7.01c	eno102	viable	V	0.02	0.116	0.239	0.283	0.293
SPBPB21E7.02c	SPBPB21E7.02c	unknown	Not_determined	0.015	0.067	0.152	0.202	0.22
SPBPB21E7.04c	cmt2	viable	V	0.018	0.105	0.216	0.256	0.265
SPBPB21E7.05	SPBPB21E7.05	viable	V	0.02	0.051	0.111	0.177	0.227
SPBPB21E7.07	aes1	unknown	Not_determined	0.0	0.0	0.02	0.367	0.926
SPBPB21E7.09	SPBPB21E7.09	viable	V	0.014	0.046	0.106	0.16	0.191
SPBPB21E7.10	SPBPB21E7.10	unknown	Not_determined	0.0	0.002	0.083	0.436	0.81
SPBPB21E7.11	SPBPB21E7.11	unknown	Not_determined	0.003	0.027	0.133	0.302	0.434
SPBPB2B2.01	nrg1	viable	V	0.015	0.091	0.186	0.221	0.229
SPBPB2B2.02	say1	viable	V	0.014	0.084	0.172	0.204	0.211
SPBPB2B2.05	SPBPB2B2.05	viable	V	0.022	0.056	0.123	0.196	0.251
SPBPB2B2.06c	efn1	viable	V	0.03	0.075	0.163	0.261	0.334
SPBPB2B2.07c	SPBPB2B2.07c	viable	V	0.0	0.005	0.119	0.258	0.3
SPBPB2B2.08	SPBPB2B2.08	viable	V	0.0	0.0	0.007	0.433	1.415
SPBPB2B2.09c	pan5	viable	V	0.003	0.055	0.173	0.228	0.241
SPBPB2B2.10c	gal7	viable	V	0.0	0.0	0.09	0.425	0.579
SPBPB2B2.11	tgd1	viable	V	0.012	0.072	0.147	0.174	0.18
SPBPB2B2.12c	gal10	viable	V	0.015	0.091	0.187	0.222	0.23
SPBPB2B2.13	gal1	viable	V	-0.0	-0.0	-0.0	-0.0	-0.0
SPBPB7E8.01	SPBPB7E8.01	viable	V	-0.013	-0.0	-0.0	-0.0	-0.0
SPBPB7E8.02	SPBPB7E8.02	viable	V	-0.017	-0.099	-0.203	-0.241	-0.249
SPBPB8B6.02c	SPBPB8B6.02c	unknown	Not_determined	0.023	0.136	0.279	0.331	0.342
SPBPB8B6.03	fah1	viable	Not_determined	-0.011	-0.003	-0.0	-0.0	-0.0
SPBPB8B6.04c	grt1	viable	V	0.017	0.099	0.203	0.24	0.249
SPBPB8B6.05c	SPBPB8B6.05c	viable	V	-0.001	-0.0	-0.0	-0.0	-0.0
SPBPB8B6.06c	fex2	viable	Not_determined	0.0	0.0	0.0	0.0	0.0
SPBPJ4664.01	dps1	condition-dependent	V	0.0	0.004	0.148	0.706	1.277
SPBPJ4664.02	SPBPJ4664.02	viable	V	-0.0	-0.01	-0.213	-0.445	-0.515
SPBPJ4664.03	mfm3	viable	V	-0.012	-0.069	-0.142	-0.169	-0.175
SPBPJ4664.04	cop1	condition-dependent	E	0.442	2.641	5.415	6.42	6.641
SPBPJ4664.05	aig1	viable	V	-0.004	-0.026	-0.054	-0.064	-0.066
SPBPJ4664.06	gpt1	viable	V	0.001	0.0	0.0	0.0	0.0
SPCC1020.01c	pma2	viable	V	0.222	1.324	2.715	3.219	3.33
SPCC1020.02	spc7	inviable	E	0.095	0.99	3.561	5.567	6.357
SPCC1020.03	mmt1	viable	V	0.008	0.002	0.0	0.0	0.0
SPCC1020.04c	rpb6	inviable	E	0.247	2.263	5.509	6.804	7.095
SPCC1020.05	dcr2	viable	V	0.053	0.315	0.646	0.766	0.792
SPCC1020.07	SPCC1020.07	viable	V	-0.052	-0.002	-0.0	-0.0	-0.0
SPCC1020.08	tyw1	viable	V	0.019	0.112	0.229	0.272	0.281
SPCC1020.09	gnr1	viable	V	0.003	0.008	0.017	0.027	0.034
SPCC1020.10	oca2	viable	V	0.007	0.002	0.0	0.0	0.0
SPCC1020.11c	emc6	viable	V	-0.011	-0.003	-0.0	-0.0	-0.0
SPCC1020.12c	xap5	viable	V	0.011	0.066	0.135	0.16	0.165
SPCC1020.13c	SPCC1020.13c	viable	V	0.021	0.005	0.0	0.0	0.0
SPCC10H11.01	prp11	inviable	E	0.349	2.33	4.997	5.989	6.208
SPCC10H11.02	cwf23	inviable	E	0.477	2.85	5.843	6.928	7.166
SPCC1183.01	sec15	inviable	E	0.053	1.207	4.248	5.725	6.074
SPCC1183.02	SPCC1183.02	viable	V	0.024	0.006	0.0	0.0	0.0
SPCC1183.03c	fxn1	condition-dependent	E	0.012	0.28	1.993	4.41	5.81
SPCC1183.04c	pet127	viable	V	-0.001	-0.0	-0.0	-0.0	-0.0
SPCC1183.05c	lig4	viable	V	0.008	0.002	0.0	0.0	0.0
SPCC1183.06	ung1	viable	V	-0.002	-0.0	-0.0	-0.0	-0.0
SPCC1183.07	rrp5	inviable	E	0.348	2.221	4.68	5.585	5.785
SPCC1183.08c	rpl101	inviable	E	0.379	2.264	4.641	5.503	5.692
SPCC1183.09c	pmp31	viable	V	-0.024	-0.0	-0.0	-0.0	-0.0
SPCC1183.10	wtf10	viable	V	0.038	0.001	0.0	0.0	0.0
SPCC1183.11	msy1	viable	V	0.0	0.0	0.0	0.0	0.0
SPCC1183.12	spo13	unknown	Not_determined	0.001	0.0	0.0	0.0	0.0
SPCC11E10.01	cbl1	viable	V	-0.023	-0.058	-0.126	-0.201	-0.257
SPCC11E10.02c	gpi8	inviable	E	0.068	1.356	4.522	6.017	6.368
SPCC11E10.03	jnm1	viable	V	-0.003	-0.018	-0.036	-0.043	-0.045
SPCC11E10.04	ppr6	viable	V	0.012	0.269	0.95	1.281	1.36
SPCC11E10.05c	ynd1	viable	V	-0.006	-0.002	-0.0	-0.0	-0.0
SPCC11E10.06c	elp4	viable	V	0.055	0.844	2.522	3.269	3.442
SPCC11E10.07c	gcn3	viable	V	0.0	0.01	0.197	0.777	1.335
SPCC11E10.08	rik1	viable	V	0.0	0.0	0.0	0.194	1.114
SPCC11E10.09c	SPCC11E10.09c	viable	V	-0.002	-0.0	-0.0	-0.0	-0.0
SPCC1223.01	rqt1	viable	V	0.039	0.099	0.217	0.346	0.441
SPCC1223.02	nmt1	viable	V	-0.007	-0.043	-0.089	-0.106	-0.11
SPCC1223.03c	gut2	viable	V	-0.0	-0.0	-0.0	-0.0	-0.0
SPCC1223.04c	set11	viable	V	-0.035	-0.001	-0.0	-0.0	-0.0
SPCC1223.06	tea1	viable	V	0.052	0.13	0.284	0.454	0.581
SPCC1223.07c	drs1	viable	V	0.455	2.717	5.572	6.606	6.833
SPCC1223.08c	dfr1	inviable	E	0.0	0.007	1.329	4.651	5.963
SPCC1223.09	uro1	viable	V	-0.008	-0.047	-0.096	-0.114	-0.118
SPCC1223.10c	eaf1	viable	V	-0.026	-0.0	-0.0	-0.0	-0.0
SPCC1223.11	ptc2	viable	V	0.0	0.008	0.512	1.392	1.697
SPCC1223.12c	meu10	viable	V	0.003	0.009	0.019	0.03	0.039
SPCC1223.13	cbf12	viable	V	-0.007	-0.002	-0.0	-0.0	-0.0
SPCC1223.14	aro2	inviable	E	0.385	2.419	5.064	6.034	6.248
SPCC1223.15c	spc19	viable	V	0.0	0.019	0.413	0.854	0.986
SPCC1235.01	SPCC1235.01	viable	V	0.008	0.049	0.101	0.12	0.124
SPCC1235.02	bio2	viable	V	-0.013	-0.0	-0.0	-0.0	-0.0
SPCC1235.03	cue2	viable	V	-0.016	-0.0	-0.0	-0.0	-0.0
SPCC1235.04c	nad1	viable	V	0.109	1.072	3.5	5.152	5.735
SPCC1235.05c	fft2	viable	V	-0.007	-0.044	-0.089	-0.106	-0.11
SPCC1235.06	get2	viable	V	0.002	0.012	0.026	0.031	0.032
SPCC1235.07	fta7	inviable	E	0.014	0.217	1.524	3.919	5.818
SPCC1235.08c	pdh1	viable	V	0.023	0.006	0.0	0.0	0.0
SPCC1235.09	hif2	viable	V	-0.001	-0.0	-0.0	-0.0	-0.0
SPCC1235.10c	sec6	inviable	E	0.041	0.643	3.038	5.355	6.389
SPCC1235.11	mpc1	viable	V	0.0	0.0	0.01	0.623	2.018
SPCC1235.12c	mug146	viable	V	-0.011	-0.068	-0.139	-0.165	-0.171
SPCC1235.13	ght6	viable	V	0.021	0.124	0.254	0.301	0.311
SPCC1235.14	ght5	viable	V	0.001	0.035	0.193	0.289	0.313
SPCC1235.15	dga1	viable	V	0.007	0.002	0.0	0.0	0.0
SPCC1235.16	vma21	condition-dependent	Not_determined	0.028	0.18	0.762	1.644	2.343
SPCC1235.17	SPCC1235.17	viable	Not_determined	-0.002	-0.011	-0.025	-0.032	-0.035
SPCC1259.01c	rps1802	viable	V	0.123	1.729	4.995	6.425	6.753
SPCC1259.02c	erm1	viable	V	0.002	0.0	0.0	0.0	0.0
SPCC1259.03	rpa12	viable	V	0.083	0.269	0.702	1.22	1.607
SPCC1259.04	iec3	viable	V	0.003	0.04	0.269	0.705	1.071
SPCC1259.07	rxt3	inviable	E	0.0	0.002	0.347	2.685	5.506
SPCC1259.09c	pdx1	viable	V	0.027	0.007	0.0	0.0	0.0
SPCC1259.10	pgp1	viable	V	-0.014	-0.003	-0.0	-0.0	-0.0
SPCC1259.11c	gyp2	viable	V	0.022	0.13	0.266	0.316	0.327
SPCC1259.12c	gid1	viable	V	0.031	0.078	0.17	0.272	0.348
SPCC1259.13	chk1	viable	V	-0.019	-0.004	-0.0	-0.0	-0.0
SPCC1259.14c	meu27	viable	V	-0.02	-0.0	-0.0	-0.0	-0.0
SPCC1259.15c	ubc11	inviable	E	0.355	2.489	5.445	6.556	6.802
SPCC126.01c	SPCC126.01c	viable	V	-0.017	-0.0	-0.0	-0.0	-0.0
SPCC126.02c	pku70	viable	V	-0.029	-0.001	-0.0	-0.0	-0.0
SPCC126.03	pus1	viable	V	0.035	0.088	0.191	0.305	0.39
SPCC126.04c	sgf73	viable	V	0.007	0.047	0.161	0.275	0.338
SPCC126.05c	mrpl17	inviable	E	0.0	0.031	1.169	3.709	5.066
SPCC126.06	twf1	viable	V	-0.005	-0.012	-0.027	-0.043	-0.055
SPCC126.07c	asr1	viable	V	-0.012	-0.003	-0.0	-0.0	-0.0
SPCC126.08c	SPCC126.08c	viable	V	-0.001	-0.0	-0.0	-0.0	-0.0
SPCC126.09	zip2	viable	V	0.007	0.039	0.083	0.103	0.109
SPCC126.10	iah1	viable	V	-0.012	-0.002	-0.0	-0.0	-0.0
SPCC126.11c	SPCC126.11c	viable	V	0.004	0.009	0.02	0.033	0.042
SPCC126.12	SPCC126.12	viable	V	0.013	0.045	0.126	0.226	0.302
SPCC126.14	prp18	inviable	E	0.044	0.578	2.692	4.927	6.036
SPCC1281.01	ags1	inviable	E	0.454	2.713	5.563	6.597	6.823
SPCC1281.02c	spf30	inviable	E	0.03	0.64	3.127	5.269	6.095
SPCC1281.03c	emc4	viable	V	0.008	0.035	0.109	0.199	0.264
SPCC1281.04	akr7	viable	V	-0.006	-0.0	-0.0	-0.0	-0.0
SPCC1281.05	rsc7	inviable	E	0.0	0.002	0.162	1.088	2.154
SPCC1281.07c	gst4	viable	V	-0.038	-0.226	-0.464	-0.55	-0.569
SPCC1281.08	wtf11	viable	V	0.003	0.0	0.0	0.0	0.0
SPCC132.01c	rqc2	viable	V	0.003	0.016	0.033	0.039	0.04
SPCC132.02	hst2	viable	V	-0.008	-0.002	-0.0	-0.0	-0.0
SPCC132.03	SPCC132.03	viable	V	0.033	0.008	0.0	0.0	0.0
SPCC132.04c	gdh2	viable	V	-0.0	-0.0	-0.0	-0.0	-0.0
SPCC1322.01	rpm1	viable	V	0.009	0.152	0.466	0.607	0.64
SPCC1322.02	pxd1	viable	V	0.029	0.073	0.158	0.253	0.324
SPCC1322.03	trp1322	viable	V	0.015	0.078	0.168	0.209	0.221
SPCC1322.04	fyu1	inviable	E	0.253	2.082	4.858	5.94	6.181
SPCC1322.05c	lap2	viable	V	-0.002	-0.005	-0.012	-0.019	-0.024
SPCC1322.06	kap113	viable	V	0.001	0.006	0.012	0.015	0.015
SPCC1322.07c	mug150	viable	V	0.011	0.003	0.0	0.0	0.0
SPCC1322.08	srk1	viable	V	0.047	0.278	0.571	0.677	0.7
SPCC1322.09	SPCC1322.09	viable	V	-0.034	-0.001	-0.0	-0.0	-0.0
SPCC1322.11	rpl2302	inviable	E	0.486	2.9	5.946	7.051	7.293
SPCC1322.12c	bub1	viable	V	0.026	0.106	0.244	0.337	0.376
SPCC1322.13	ade6	unknown	Not_determined	0.036	0.212	0.435	0.516	0.534
SPCC1322.14c	vtc4	viable	V	0.035	0.187	0.556	0.895	1.071
SPCC1322.15	rpl3402	viable	V	0.026	0.006	0.0	0.0	0.0
SPCC1322.16	phb2	viable	V	0.005	0.0	0.0	0.0	0.0
SPCC1393.03	rps1501	viable	V	0.124	1.142	2.788	3.445	3.592
SPCC1393.04	fta4	inviable	E	0.001	0.088	1.288	3.794	5.507
SPCC1393.05	ers1	viable	V	-0.027	-0.0	-0.0	-0.0	-0.0
SPCC1393.06c	ipi1	inviable	E	0.44	1.877	4.423	6.151	6.856
SPCC1393.07c	mug4	viable	V	0.0	0.0	0.0	0.084	1.101
SPCC1393.08	fil1	viable	V	0.085	0.505	1.036	1.229	1.271
SPCC1393.09c	gir2	viable	V	-0.025	-0.006	-0.0	-0.0	-0.0
SPCC1393.12	SPCC1393.12	viable	V	0.014	0.003	0.0	0.0	0.0
SPCC1393.13	duf89	viable	V	-0.0	-0.0	-0.0	-0.0	-0.0
SPCC1393.14	ten1	viable	Not_determined	0.0	0.007	0.375	2.062	3.875
SPCC13B11.01	adh1	viable	V	0.374	1.796	4.065	5.316	5.729
SPCC13B11.03c	SPCC13B11.03c	viable	V	-0.027	-0.159	-0.326	-0.387	-0.4
SPCC13B11.04c	fmd3	viable	V	-0.028	-0.007	-0.0	-0.0	-0.0
SPCC1442.01	ste6	viable	V	-0.017	-0.0	-0.0	-0.0	-0.0
SPCC1442.02	glm2	viable	V	0.039	0.233	0.477	0.566	0.585
SPCC1442.03	mme1	viable	V	0.057	0.21	0.566	0.958	1.221
SPCC1442.04c	rmr1	viable	V	0.033	0.195	0.4	0.474	0.49
SPCC1442.05c	mic26	viable	V	-0.0	-0.0	-0.0	-0.0	-0.0
SPCC1442.06	pre8	inviable	E	0.36	2.375	5.071	6.071	6.292
SPCC1442.07c	wss2	viable	V	-0.016	-0.004	-0.0	-0.0	-0.0
SPCC1442.08c	cox12	viable	V	0.011	0.054	0.191	0.381	0.528
SPCC1442.09	trp3	inviable	E	0.391	2.335	4.787	5.676	5.871
SPCC1442.11c	SPCC1442.11c	viable	V	0.009	0.021	0.047	0.075	0.096
SPCC1442.12	pps1	condition-dependent	E	0.294	1.342	3.316	4.717	5.306
SPCC1442.14c	hnt1	viable	V	-0.001	-0.0	-0.0	-0.0	-0.0
SPCC1442.16c	zta1	viable	V	-0.008	-0.045	-0.093	-0.11	-0.113
SPCC1442.17c	ist1	viable	V	0.018	0.109	0.224	0.266	0.275
SPCC1442.19	mrp49	unknown	Not_determined	0.0	0.0	0.02	0.607	1.699
SPCC1450.02	bdf1	viable	V	0.0	0.005	0.218	0.534	0.638
SPCC1450.04	tef5	inviable	E	0.31	2.414	5.506	6.696	6.961
SPCC1450.07c	dao1	viable	V	-0.016	-0.004	-0.0	-0.0	-0.0
SPCC1450.08c	wtf16	viable	V	0.005	0.001	0.0	0.0	0.0
SPCC1450.09c	plb5	viable	V	-0.0	-0.0	-0.0	-0.0	-0.0
SPCC1450.10c	nar1	inviable	E	0.128	1.65	4.602	5.87	6.161
SPCC1450.11c	cek1	viable	V	0.012	0.073	0.151	0.178	0.185
SPCC1450.12	SPCC1450.12	viable	V	-0.022	-0.074	-0.202	-0.358	-0.476
SPCC1450.13c	rib5	inviable	E	0.011	0.679	3.502	5.169	5.584
SPCC1450.14c	ero12	inviable	E	0.027	0.43	2.313	4.508	5.655
SPCC1450.15	SPCC1450.15	inviable	E	0.182	1.357	4.05	5.925	6.632
SPCC1450.16c	ptl1	viable	V	-0.01	-0.032	-0.072	-0.11	-0.133
SPCC1494.01	SPCC1494.01	viable	V	0.039	0.009	0.0	0.0	0.0
SPCC1494.02c	taf13	inviable	E	0.0	0.057	2.112	4.985	5.91
SPCC1494.04c	tyr1	viable	V	0.464	2.77	5.679	6.734	6.966
SPCC1494.05c	ubp12	viable	V	0.003	0.01	0.023	0.034	0.041
SPCC1494.06c	dbp9	inviable	E	0.336	2.329	5.071	6.1	6.327
SPCC1494.07	trm732	viable	V	-0.001	-0.0	-0.0	-0.0	-0.0
SPCC1494.08c	SPCC1494.08c	viable	V	0.01	0.0	0.0	0.0	0.0
SPCC1494.09c	tfb6	viable	V	-0.023	-0.059	-0.13	-0.207	-0.264
SPCC1494.10	adn3	viable	V	0.027	0.117	0.266	0.358	0.392
SPCC14G10.01	cab5	inviable	E	0.007	0.356	2.622	4.884	5.757
SPCC14G10.02	urb1	inviable	E	0.202	1.379	3.866	5.495	6.085
SPCC14G10.03c	ump1	viable	V	0.206	1.137	2.897	4.018	4.43
SPCC14G10.04	eap1	viable	V	0.095	0.347	0.806	1.162	1.331
SPCC1529.01	SPCC1529.01	viable	V	-0.003	-0.0	-0.0	-0.0	-0.0
SPCC162.02c	SPCC162.02c	viable	V	0.002	0.0	0.0	0.0	0.0
SPCC162.03	SPCC162.03	viable	V	-0.019	-0.115	-0.235	-0.278	-0.288
SPCC162.06c	vps60	viable	V	0.003	0.016	0.034	0.04	0.041
SPCC162.08c	nup211	inviable	E	0.195	0.992	2.972	4.887	5.933
SPCC162.09c	hmg1	condition-dependent	E	0.397	2.368	4.855	5.757	5.955
SPCC162.10	ppk33	viable	V	0.026	0.006	0.0	0.0	0.0
SPCC162.11c	urk1	viable	V	0.014	0.002	0.0	0.0	0.0
SPCC162.12	tco89	viable	V	-0.03	-0.0	-0.0	-0.0	-0.0
SPCC1620.01c	lsm2	inviable	E	0.21	0.822	2.212	3.615	4.463
SPCC1620.03	mug163	viable	V	-0.044	-0.01	-0.0	-0.0	-0.0
SPCC1620.04c	fzr3	viable	V	-0.014	-0.083	-0.169	-0.201	-0.208
SPCC1620.05	bet4	inviable	E	0.186	1.812	4.522	5.619	5.866
SPCC1620.06c	SPCC1620.06c	inviable	E	0.331	2.601	5.957	7.251	7.539
SPCC1620.07c	lnp1	viable	V	-0.015	-0.004	-0.0	-0.0	-0.0
SPCC1620.08	lsc2	viable	V	0.041	0.244	0.5	0.593	0.614
SPCC1620.09c	tfg1	inviable	E	0.356	2.124	4.354	5.163	5.341
SPCC1620.11	nup97	inviable	E	0.211	2.045	5.095	6.327	6.605
SPCC1620.12c	SPCC1620.12c	viable	V	0.001	0.0	0.0	0.0	0.0
SPCC1620.13	SPCC1620.13	viable	V	0.012	0.003	0.0	0.0	0.0
SPCC1620.14c	snf22	viable	V	0.039	0.581	1.727	2.236	2.354
SPCC1672.01	SPCC1672.01	inviable	E	-0.043	-0.001	-0.0	-0.0	-0.0
SPCC1672.02c	sap1	inviable	E	0.35	2.575	5.742	6.945	7.212
SPCC1672.03c	gud1	viable	V	0.015	0.004	0.0	0.0	0.0
SPCC1672.04c	cox19	viable	V	0.0	0.0	0.161	0.954	1.357
SPCC1672.06c	asp1	viable	V	0.034	0.815	2.912	3.939	4.182
SPCC1672.07	utp21	inviable	E	0.252	1.883	4.522	5.694	5.992
SPCC1672.08c	tfa2	inviable	E	0.052	1.192	4.444	6.181	6.626
SPCC1672.09	SPCC1672.09	viable	V	0.013	0.056	0.129	0.175	0.193
SPCC1672.10	mis16	inviable	E	0.0	0.008	0.847	3.196	4.406
SPCC1672.11c	SPCC1672.11c	viable	V	0.082	0.205	0.448	0.716	0.915
SPCC1672.12c	get4	viable	V	0.008	0.035	0.079	0.104	0.113
SPCC1682.01	qcr9	viable	V	0.018	0.108	0.222	0.263	0.272
SPCC1682.02c	mcm3	inviable	E	0.346	1.934	4.521	5.869	6.281
SPCC1682.03c	mug174	inviable	E	0.0	0.0	0.008	0.698	2.421
SPCC1682.04	cdc31	inviable	E	0.069	0.688	2.771	4.819	5.818
SPCC1682.06	SPCC1682.06	viable	V	-0.007	-0.0	-0.0	-0.0	-0.0
SPCC1682.07	ssl1	condition-dependent	E	0.078	0.581	2.462	5.001	6.754
SPCC1682.08c	mpf2	viable	V	0.001	0.007	0.015	0.018	0.018
SPCC1682.09c	ggc1	inviable	E	0.0	0.0	0.091	1.67	4.196
SPCC1682.10	rpn8	inviable	E	0.268	2.095	4.789	5.827	6.058
SPCC1682.11c	ctl1	viable	V	-0.003	-0.001	-0.0	-0.0	-0.0
SPCC1682.12c	ubp16	viable	V	0.08	0.25	0.64	1.104	1.454
SPCC1682.15	mug122	viable	V	0.002	0.013	0.028	0.033	0.034
SPCC1682.16	rpt4	viable	V	0.416	2.486	5.097	6.044	6.252
SPCC16A11.01	sfk1	viable	V	-0.011	-0.064	-0.132	-0.156	-0.162
SPCC16A11.02	utp13	inviable	Not_determined	0.426	2.544	5.216	6.185	6.397
SPCC16A11.03c	SPCC16A11.03c	viable	V	-0.007	-0.001	-0.0	-0.0	-0.0
SPCC16A11.04	snx12	viable	V	0.018	0.11	0.226	0.268	0.277
SPCC16A11.05c	dim1	inviable	E	0.15	1.299	3.977	5.737	6.351
SPCC16A11.06c	gpi10	inviable	E	0.007	0.403	2.752	4.83	5.549
SPCC16A11.07	coq10	viable	V	0.07	0.175	0.381	0.609	0.779
SPCC16A11.08	atg20	viable	V	-0.023	-0.0	-0.0	-0.0	-0.0
SPCC16A11.09c	tim23	inviable	E	0.402	2.403	4.927	5.842	6.043
SPCC16A11.10c	oca8	viable	V	0.0	0.0	0.0	0.0	0.0
SPCC16A11.11	mrpl31	inviable	E	0.0	0.033	1.045	4.155	6.651
SPCC16A11.12c	ubp1	viable	V	-0.004	-0.021	-0.044	-0.052	-0.054
SPCC16A11.15c	SPCC16A11.15c	viable	V	0.062	0.015	0.001	0.0	0.0
SPCC16A11.16c	rpn1302	viable	V	0.002	0.0	0.0	0.0	0.0
SPCC16A11.17	mcm4	inviable	E	0.088	1.39	4.218	5.489	5.784
SPCC16C4.01	sif2	viable	V	0.041	0.244	0.5	0.592	0.613
SPCC16C4.02c	asi1	inviable	E	0.195	1.585	4.216	5.582	5.974
SPCC16C4.03	pin1	viable	V	0.0	0.004	0.089	0.353	0.603
SPCC16C4.04	pex26	viable	V	-0.022	-0.0	-0.0	-0.0	-0.0
SPCC16C4.06c	pus3	viable	V	-0.003	-0.011	-0.025	-0.036	-0.041
SPCC16C4.07	scw1	viable	V	0.011	0.116	0.299	0.375	0.392
SPCC16C4.08c	skb15	inviable	E	0.157	1.079	3.333	5.122	5.891
SPCC16C4.09	sts5	viable	V	0.029	0.174	0.358	0.424	0.439
SPCC16C4.10	pgl1	viable	V	0.05	0.254	0.906	1.814	2.522
SPCC16C4.11	pef1	viable	V	0.06	0.823	2.361	3.032	3.187
SPCC16C4.12	naa20	viable	V	0.0	0.0	0.081	2.43	4.773
SPCC16C4.14c	sfc4	viable	V	0.026	0.34	1.95	4.313	5.886
SPCC16C4.15	rml2	inviable	E	0.027	0.343	1.767	3.553	4.587
SPCC16C4.16c	cbc3	viable	Not_determined	-0.02	-0.122	-0.25	-0.296	-0.306
SPCC16C4.17	mug123	viable	V	0.012	0.074	0.152	0.18	0.187
SPCC16C4.18c	taf6	inviable	E	0.045	1.326	5.169	7.139	7.61
SPCC16C4.19	rpp21	inviable	E	0.106	0.561	2.043	4.098	5.671
SPCC16C4.20c	hap2	viable	V	-0.008	-0.046	-0.095	-0.113	-0.117
SPCC16C4.21	SPCC16C4.21	unknown	Not_determined	0.001	0.0	0.0	0.0	0.0
SPCC1739.01	SPCC1739.01	viable	V	-0.015	-0.046	-0.105	-0.159	-0.19
SPCC1739.02c	mrpl22	inviable	E	0.0	0.043	1.214	3.695	5.06
SPCC1739.03	hrr1	viable	V	-0.013	-0.002	-0.0	-0.0	-0.0
SPCC1739.05	set5	viable	V	0.04	0.1	0.217	0.348	0.444
SPCC1739.06c	met1	viable	V	0.042	0.147	0.34	0.497	0.576
SPCC1739.07	cti1	condition-dependent	V	0.0	0.001	0.232	1.86	3.847
SPCC1739.08c	SPCC1739.08c	viable	V	0.003	0.0	0.0	0.0	0.0
SPCC1739.10	mug33	viable	V	0.012	0.071	0.145	0.172	0.178
SPCC1739.11c	cdc11	inviable	E	0.003	0.252	2.381	4.819	5.812
SPCC1739.13	ssa2	condition-dependent	E	0.42	2.508	5.142	6.097	6.306
SPCC1739.14	npp106	viable	V	0.044	0.426	1.724	3.05	3.724
SPCC1739.15	wtf21	inviable	E	-0.048	-0.001	-0.0	-0.0	-0.0
SPCC1742.01	gsf2	viable	V	0.037	0.289	0.661	0.805	0.837
SPCC1753.01c	ssb2	inviable	E	0.146	1.217	3.708	5.373	5.967
SPCC1753.02c	git3	viable	V	0.061	0.559	1.366	1.688	1.76
SPCC1753.03c	rec7	viable	V	0.004	0.001	0.0	0.0	0.0
SPCC1753.04	tol1	inviable	E	0.411	2.068	4.529	5.733	6.087
SPCC1753.05	rsm1	viable	V	0.0	0.001	0.275	1.626	2.637
SPCC1795.02c	vcx1	viable	V	-0.03	-0.001	-0.0	-0.0	-0.0
SPCC1795.03	gms1	viable	V	0.0	0.005	0.946	3.328	4.297
SPCC1795.04c	pre10	inviable	E	0.154	1.732	4.819	6.24	6.592
SPCC1795.05c	ura6	inviable	E	0.381	2.276	4.667	5.533	5.723
SPCC1795.06	map2	viable	V	0.015	0.0	0.0	0.0	0.0
SPCC1795.08c	vid21	inviable	E	0.032	0.283	1.472	3.459	5.075
SPCC1795.09	yps1	viable	V	0.0	0.0	0.0	0.136	0.763
SPCC1795.10c	svp26	viable	V	0.014	0.085	0.174	0.207	0.214
SPCC1795.11	sum3	inviable	E	0.357	2.132	4.371	5.183	5.361
SPCC1795.12c	SPCC1795.12c	viable	V	0.013	0.075	0.153	0.182	0.188
SPCC18.01c	adg3	viable	V	-0.007	-0.002	-0.0	-0.0	-0.0
SPCC18.02	SPCC18.02	viable	V	-0.02	-0.0	-0.0	-0.0	-0.0
SPCC18.03	SPCC18.03	viable	V	-0.002	-0.0	-0.0	-0.0	-0.0
SPCC18.04	pof6	inviable	E	0.248	2.012	4.873	6.094	6.39
SPCC18.05c	rsa4	inviable	E	0.39	2.722	5.943	7.152	7.419
SPCC18.06c	caf1	viable	V	0.09	0.452	1.379	2.327	2.876
SPCC18.07	rpc53	inviable	E	0.09	1.004	3.365	4.915	5.434
SPCC18.09c	hnt3	viable	V	-0.009	-0.054	-0.11	-0.131	-0.135
SPCC18.11c	sdc1	viable	V	-0.009	-0.002	-0.0	-0.0	-0.0
SPCC18.12c	utp23	inviable	E	0.47	1.471	3.433	5.296	6.415
SPCC18.13	trm82	viable	V	0.027	0.159	0.327	0.388	0.401
SPCC18.14c	rpp0	inviable	E	0.435	2.599	5.329	6.319	6.536
SPCC18.15	dph7	viable	V	0.0	0.014	0.169	0.303	0.34
SPCC18.16c	fmn1	inviable	E	0.417	2.489	5.104	6.052	6.26
SPCC18.17c	SPCC18.17c	viable	V	0.104	0.296	0.71	1.187	1.545
SPCC18.18c	fum1	unknown	Not_determined	0.0	0.0	0.0	0.0	0.0
SPCC18.19c	ost5	unknown	Not_determined	-0.009	-0.053	-0.108	-0.128	-0.132
SPCC1827.01c	utp25	inviable	E	0.249	1.729	4.425	5.869	6.305
SPCC1827.02c	pcy1	viable	V	-0.001	-0.008	-0.017	-0.02	-0.021
SPCC1827.03c	pcs60	viable	V	0.033	0.199	0.407	0.483	0.499
SPCC1827.04	vms1	viable	V	-0.0	-0.0	-0.0	-0.0	-0.0
SPCC1827.05c	SPCC1827.05c	inviable	E	0.281	2.217	5.084	6.191	6.437
SPCC1827.06c	hom2	inviable	E	0.233	1.825	4.546	5.809	6.139
SPCC1827.07c	spx2	viable	V	-0.013	-0.003	-0.0	-0.0	-0.0
SPCC1827.08c	pof7	viable	V	-0.007	-0.002	-0.0	-0.0	-0.0
SPCC1840.02c	bgs4	condition-dependent	V	0.451	2.695	5.527	6.553	6.778
SPCC1840.03	sal3	viable	V	0.202	0.731	1.78	2.699	3.191
SPCC1840.04	pca1	viable	V	-0.001	-0.0	-0.0	-0.0	-0.0
SPCC1840.05c	pgm2	viable	V	-0.001	-0.003	-0.006	-0.007	-0.008
SPCC1840.06	atp5	viable	V	0.0	0.0	0.033	0.61	1.536
SPCC1840.07c	SPCC1840.07c	viable	V	0.015	0.004	0.0	0.0	0.0
SPCC1840.08c	pdi5	viable	V	0.014	0.003	0.0	0.0	0.0
SPCC1840.09	coq11	viable	V	0.0	0.0	0.078	0.656	1.02
SPCC1840.12	opt3	viable	V	0.004	0.024	0.049	0.058	0.06
SPCC1840.13	SPCC1840.13	unknown	Not_determined	0.008	0.001	0.0	0.0	0.0
SPCC188.02	par1	viable	V	0.0	0.0	0.042	0.598	1.416
SPCC188.03	cnd3	inviable	E	0.048	1.184	4.279	5.805	6.167
SPCC188.04c	spc25	inviable	E	0.007	0.602	3.575	5.455	5.932
SPCC188.06c	srp54	inviable	E	0.43	2.568	5.266	6.244	6.459
SPCC188.07	ccq1	viable	V	0.009	0.022	0.047	0.075	0.096
SPCC188.08c	ubp5	viable	V	0.101	0.499	1.101	1.405	1.498
SPCC188.11	prp45	inviable	E	0.408	2.558	5.347	6.369	6.594
SPCC188.12	spn6	viable	V	-0.012	-0.0	-0.0	-0.0	-0.0
SPCC188.13c	dcr1	viable	V	-0.027	-0.0	-0.0	-0.0	-0.0
SPCC1884.01	SPCC1884.01	unknown	Not_determined	-0.009	-0.052	-0.111	-0.135	-0.141
SPCC1884.02	nic1	condition-dependent	V	0.021	0.053	0.116	0.185	0.236
SPCC18B5.01c	bfr1	viable	V	0.008	0.0	0.0	0.0	0.0
SPCC18B5.03	wee1	viable	V	0.007	0.064	0.342	0.81	1.189
SPCC18B5.04	rsm18	inviable	E	0.0	0.02	1.435	3.97	4.858
SPCC18B5.05c	SPCC18B5.05c	viable	V	0.013	0.032	0.069	0.111	0.141
SPCC18B5.06	dom34	viable	V	0.03	0.076	0.167	0.267	0.341
SPCC18B5.08c	ism1	inviable	E	0.0	0.011	0.864	3.403	4.904
SPCC18B5.09c	thc1	viable	V	-0.035	-0.208	-0.427	-0.506	-0.524
SPCC18B5.11c	cds1	viable	V	-0.001	-0.008	-0.017	-0.02	-0.021
SPCC1902.01	gaf1	viable	V	-0.003	-0.018	-0.037	-0.044	-0.046
SPCC1902.02	mug72	viable	V	0.024	0.006	0.0	0.0	0.0
SPCC1906.01	mpg1	inviable	E	0.4	2.468	5.131	6.103	6.317
SPCC1906.02c	rqt3	viable	V	0.0	0.0	0.0	0.304	1.448
SPCC1906.04	wtf20	viable	V	-0.019	-0.111	-0.227	-0.27	-0.279
SPCC191.02c	acs1	viable	V	0.244	1.945	4.476	5.454	5.672
SPCC191.04c	SPCC191.04c	unknown	Not_determined	-0.004	-0.0	-0.0	-0.0	-0.0
SPCC191.05c	SPCC191.05c	viable	V	-0.02	-0.119	-0.245	-0.29	-0.3
SPCC191.06	SPCC191.06	viable	V	0.013	0.003	0.0	0.0	0.0
SPCC191.08	lto1	inviable	E	0.268	1.075	2.983	4.996	6.259
SPCC191.09c	gst1	viable	V	-0.001	-0.0	-0.0	-0.0	-0.0
SPCC1919.01	ckk2	viable	V	-0.022	-0.133	-0.272	-0.322	-0.333
SPCC1919.02	pbn1	inviable	E	0.013	0.676	3.319	4.84	5.216
SPCC1919.03c	amk2	viable	V	0.037	0.093	0.202	0.324	0.414
SPCC1919.05	ski3	viable	V	0.0	0.0	0.036	0.234	0.459
SPCC1919.06c	wtf25	unknown	Not_determined	-0.043	-0.001	-0.0	-0.0	-0.0
SPCC1919.07	SPCC1919.07	viable	V	0.0	0.0	0.0	0.0	0.0
SPCC1919.08c	mrpl33	inviable	E	0.023	0.253	1.484	3.662	5.458
SPCC1919.09	tif6	viable	V	0.389	2.412	5.019	5.972	6.182
SPCC1919.10c	myo52	condition-dependent	V	0.113	0.589	2.056	3.968	5.352
SPCC1919.11	mug137	viable	V	-0.019	-0.001	-0.0	-0.0	-0.0
SPCC1919.12c	erm2	viable	V	0.0	0.0	0.0	0.086	1.126
SPCC1919.13c	bmt5	viable	V	0.082	0.02	0.001	0.0	0.0
SPCC1919.14c	bdp1	inviable	E	0.43	2.567	5.262	6.24	6.454
SPCC1919.15	brl1	viable	V	0.099	0.405	1.25	2.35	3.193
SPCC23B6.01c	osh6	viable	V	-0.01	-0.0	-0.0	-0.0	-0.0
SPCC23B6.02c	ecm1	viable	V	-0.029	-0.091	-0.232	-0.401	-0.528
SPCC23B6.03c	tel1	viable	V	0.008	0.002	0.0	0.0	0.0
SPCC23B6.04c	pdr16	viable	V	0.048	0.228	0.507	0.655	0.702
SPCC23B6.05c	ssb3	viable	V	0.0	0.005	0.242	0.604	0.724
SPCC24B10.02c	SPCC24B10.02c	viable	V	0.008	0.0	0.0	0.0	0.0
SPCC24B10.03	SPCC24B10.03	viable	V	-0.008	-0.049	-0.1	-0.119	-0.123
SPCC24B10.04	mrpl50	viable	V	0.0	0.009	1.2	3.873	4.886
SPCC24B10.05	tim9	inviable	E	0.002	0.132	1.464	3.597	4.792
SPCC24B10.06	SPCC24B10.06	viable	V	0.058	0.373	1.566	3.367	4.795
SPCC24B10.07	gad8	viable	V	0.205	0.825	1.896	2.622	2.922
SPCC24B10.08c	ada2	viable	V	0.134	0.337	0.738	1.182	1.513
SPCC24B10.09	rps1702	viable	V	0.225	0.564	1.23	1.966	2.514
SPCC24B10.10c	yta4	viable	V	0.02	0.122	0.251	0.297	0.308
SPCC24B10.11c	tho7	viable	V	0.095	0.426	1.372	2.601	3.521
SPCC24B10.12	cgi121	viable	V	0.126	0.677	1.884	2.837	3.265
SPCC24B10.14c	xlf1	viable	V	-0.035	-0.0	-0.0	-0.0	-0.0
SPCC24B10.15	swt1	viable	V	0.004	0.01	0.021	0.033	0.042
SPCC24B10.17	emp24	viable	V	0.03	0.166	0.351	0.429	0.448
SPCC24B10.18	SPCC24B10.18	viable	V	0.0	0.0	0.002	0.511	2.1
SPCC24B10.19c	nts1	viable	V	-0.003	-0.001	-0.0	-0.0	-0.0
SPCC24B10.20	SPCC24B10.20	viable	V	0.003	0.02	0.041	0.048	0.05
SPCC24B10.21	tpi1	viable	V	0.105	1.543	4.535	5.856	6.161
SPCC24B10.22	pog1	viable	V	0.0	0.0	0.003	0.882	3.518
SPCC285.03	dbp6	inviable	E	0.152	1.462	4.129	5.524	5.917
SPCC285.04	SPCC285.04	viable	V	-0.022	-0.0	-0.0	-0.0	-0.0
SPCC285.05	SPCC285.05	viable	V	-0.022	-0.0	-0.0	-0.0	-0.0
SPCC285.08	ret2	inviable	E	0.415	2.478	5.082	6.026	6.233
SPCC285.09c	cgs2	viable	V	-0.0	-0.032	-0.188	-0.286	-0.311
SPCC285.11	dsc5	viable	V	0.043	0.01	0.0	0.0	0.0
SPCC285.12	lsm7	inviable	E	0.119	1.24	3.777	5.24	5.683
SPCC285.13c	nup60	viable	V	-0.013	-0.003	-0.0	-0.0	-0.0
SPCC285.14	trs130	viable	V	0.011	0.327	2.349	4.928	6.251
SPCC285.15c	rps2802	viable	V	0.089	1.025	2.731	3.445	3.608
SPCC285.16c	msh6	viable	V	-0.017	-0.0	-0.0	-0.0	-0.0
SPCC285.17	spp27	viable	V	-0.0	-0.0	-0.0	-0.0	-0.0
SPCC290.02	rpc34	inviable	E	0.193	1.493	3.976	5.313	5.712
SPCC290.03c	nup186	inviable	E	0.302	1.861	4.259	5.362	5.659
SPCC290.04	ams2	viable	Not_determined	0.231	0.76	2.012	3.526	4.67
SPCC297.03	ssp1	condition-dependent	V	0.0	0.0	0.048	1.48	4.148
SPCC297.04c	set7	viable	V	0.036	0.008	0.0	0.0	0.0
SPCC297.05	SPCC297.05	viable	V	-0.0	-0.0	-0.0	-0.0	-0.0
SPCC297.06c	SPCC297.06c	viable	V	0.0	0.0	0.035	0.27	0.552
SPCC2H8.02	pho843	viable	V	0.01	0.002	0.0	0.0	0.0
SPCC2H8.04	lyr2	inviable	E	0.0	0.0	0.037	1.389	4.061
SPCC2H8.05c	dbl1	viable	V	-0.031	-0.007	-0.0	-0.0	-0.0
SPCC306.02c	yip3	viable	V	-0.028	-0.07	-0.152	-0.243	-0.31
SPCC306.03c	cnd2	inviable	E	0.021	0.852	3.748	5.325	5.71
SPCC306.04c	set1	viable	V	0.022	0.109	0.379	0.75	1.038
SPCC306.05c	ins1	viable	V	-0.023	-0.005	-0.0	-0.0	-0.0
SPCC306.06c	big1	condition-dependent	E	0.049	0.276	0.997	1.927	2.579
SPCC306.07c	SPCC306.07c	viable	V	-0.007	-0.04	-0.082	-0.097	-0.1
SPCC306.08c	mdh1	viable	V	-0.0	-0.0	-0.0	-0.0	-0.0
SPCC306.09c	cap1	viable	V	0.039	0.34	1.14	1.755	2.001
SPCC306.11	SPCC306.11	viable	V	-0.032	-0.001	-0.0	-0.0	-0.0
SPCC31H12.03c	mlo1	viable	V	0.0	0.001	0.046	0.248	0.463
SPCC31H12.05c	sds21	viable	V	-0.001	-0.0	-0.0	-0.0	-0.0
SPCC31H12.06	mug111	viable	V	0.0	0.0	0.001	0.001	0.001
SPCC31H12.07	sec231	inviable	E	0.41	2.499	5.167	6.138	6.352
SPCC31H12.08c	ccr4	viable	V	0.121	0.683	1.754	2.436	2.685
SPCC320.03	rgt1	viable	V	0.033	0.083	0.182	0.291	0.371
SPCC320.04c	gem1	viable	V	0.001	0.174	2.062	4.302	5.176
SPCC320.05	sul3	viable	V	-0.007	-0.0	-0.0	-0.0	-0.0
SPCC320.06	SPCC320.06	viable	V	0.019	0.004	0.0	0.0	0.0
SPCC320.07c	mde7	viable	V	0.015	0.093	0.19	0.225	0.233
SPCC320.08	qtp1	viable	V	0.002	0.001	0.0	0.0	0.0
SPCC320.09	hem15	inviable	E	0.024	0.403	2.24	4.418	5.564
SPCC320.10	srp72	inviable	E	0.208	1.907	4.649	5.744	5.99
SPCC320.11c	nip7	inviable	E	0.44	1.764	4.055	5.618	6.268
SPCC320.14	sry1	viable	V	0.003	0.0	0.0	0.0	0.0
SPCC330.01c	rhp16	viable	V	-0.004	-0.017	-0.04	-0.055	-0.061
SPCC330.02	rhp7	viable	V	-0.05	-0.002	-0.0	-0.0	-0.0
SPCC330.03c	SPCC330.03c	viable	V	0.019	0.005	0.0	0.0	0.0
SPCC330.04c	tdk1	condition-dependent	E	0.086	0.969	3.172	4.547	4.987
SPCC330.05c	ura4	viable	Not_determined	0.027	0.067	0.145	0.232	0.297
SPCC330.07c	SPCC330.07c	viable	V	-0.006	-0.0	-0.0	-0.0	-0.0
SPCC330.08	alg11	inviable	E	0.41	2.449	5.022	5.955	6.159
SPCC330.09	enp2	inviable	E	0.345	2.06	4.224	5.008	5.18
SPCC330.10	pcm1	inviable	E	0.154	1.155	3.598	5.432	6.171
SPCC330.11	btb1	viable	V	0.015	0.089	0.183	0.216	0.224
SPCC330.14c	rpl2402	viable	V	0.035	0.144	0.444	0.833	1.131
SPCC330.19c	SPCC330.19c	viable	V	0.007	0.042	0.086	0.102	0.105
SPCC338.04	mix23	viable	V	0.004	0.022	0.047	0.06	0.064
SPCC338.05c	mms2	viable	V	0.007	0.001	0.0	0.0	0.0
SPCC338.06c	hsp20	viable	V	0.006	0.002	0.0	0.0	0.0
SPCC338.07c	naa15	viable	V	0.0	0.009	0.378	1.897	3.48
SPCC338.08	ctp1	viable	V	0.225	0.757	2.039	3.602	4.785
SPCC338.10c	cox5	viable	V	0.012	0.042	0.115	0.206	0.274
SPCC338.11c	efm2	viable	V	-0.043	-0.0	-0.0	-0.0	-0.0
SPCC338.12	pbi2	viable	V	-0.016	-0.0	-0.0	-0.0	-0.0
SPCC338.13	cog4	inviable	E	0.241	2.043	4.822	5.912	6.156
SPCC338.15	wbp1	inviable	E	0.029	0.927	3.739	5.207	5.56
SPCC338.16	pof3	viable	V	0.195	0.599	1.511	2.591	3.402
SPCC338.17c	rad21	inviable	E	0.076	1.334	4.21	5.53	5.837
SPCC338.18	SPCC338.18	viable	V	-0.007	-0.041	-0.085	-0.101	-0.105
SPCC364.01	cif1	viable	V	0.004	0.017	0.038	0.049	0.052
SPCC364.02c	bis1	viable	V	0.045	0.269	0.551	0.653	0.676
SPCC364.03	rpl1702	viable	V	0.199	0.637	1.466	2.204	2.619
SPCC364.04c	coy1	viable	V	-0.005	-0.02	-0.046	-0.061	-0.066
SPCC364.05	vps3	viable	V	-0.0	-0.0	-0.0	-0.0	-0.0
SPCC364.06	nap1	condition-dependent	V	0.021	0.126	0.258	0.306	0.317
SPCC364.07	ser3	viable	V	0.092	1.453	4.415	5.746	6.054
SPCC417.05c	cfh2	viable	V	-0.008	-0.046	-0.094	-0.112	-0.116
SPCC417.06c	mug27	viable	V	0.013	0.0	0.0	0.0	0.0
SPCC417.07c	mto1	viable	V	0.0	0.001	0.295	1.257	1.675
SPCC417.08	tef3	inviable	E	0.395	2.359	4.837	5.735	5.932
SPCC417.09c	sdr1	viable	V	-0.001	-0.0	-0.0	-0.0	-0.0
SPCC417.10	dal51	viable	V	-0.012	-0.07	-0.144	-0.171	-0.177
SPCC417.11c	SPCC417.11c	viable	V	0.032	0.008	0.0	0.0	0.0
SPCC417.12	SPCC417.12	viable	V	-0.002	-0.0	-0.0	-0.0	-0.0
SPCC4B3.01	tum1	unknown	Not_determined	0.02	0.05	0.109	0.175	0.223
SPCC4B3.03c	mam301	viable	V	0.06	0.152	0.331	0.529	0.677
SPCC4B3.04c	nte1	viable	V	-0.035	-0.0	-0.0	-0.0	-0.0
SPCC4B3.05c	hem12	viable	V	0.057	0.791	3.161	5.016	5.717
SPCC4B3.06c	SPCC4B3.06c	viable	V	0.011	0.003	0.0	0.0	0.0
SPCC4B3.07	nro1	viable	V	-0.003	-0.0	-0.0	-0.0	-0.0
SPCC4B3.08	lsg1	viable	V	-0.002	-0.001	-0.0	-0.0	-0.0
SPCC4B3.09c	mrpl12	inviable	E	0.0	0.029	1.644	4.284	5.18
SPCC4B3.10c	ipk1	viable	V	-0.012	-0.032	-0.073	-0.118	-0.152
SPCC4B3.11c	fra3	viable	V	-0.008	-0.049	-0.1	-0.118	-0.123
SPCC4B3.12	set9	viable	V	-0.012	-0.073	-0.15	-0.178	-0.184
SPCC4B3.13	SPCC4B3.13	viable	V	0.01	0.062	0.127	0.151	0.156
SPCC4B3.14	cwf20	condition-dependent	E	0.21	0.736	2.009	3.522	4.627
SPCC4B3.15	mid1	viable	V	0.015	0.188	0.642	0.932	1.026
SPCC4B3.16	tip41	viable	V	0.02	0.085	0.193	0.259	0.283
SPCC4B3.17	cbp3	viable	V	0.0	0.007	0.143	0.57	0.98
SPCC4B3.20	cmc1	viable	Not_determined	0.031	0.187	0.383	0.455	0.47
SPCC4E9.01c	rec11	viable	V	-0.003	-0.0	-0.0	-0.0	-0.0
SPCC4E9.02	cig1	viable	V	-0.0	-0.0	-0.0	-0.0	-0.0
SPCC4F11.02	ptc1	viable	V	0.0	0.0	0.0	0.149	0.873
SPCC4F11.03c	SPCC4F11.03c	viable	V	-0.018	-0.106	-0.217	-0.257	-0.266
SPCC4F11.04c	imt2	viable	V	0.007	0.041	0.084	0.1	0.103
SPCC4F11.05	SPCC4F11.05	unknown	Not_determined	-0.01	-0.06	-0.123	-0.146	-0.151
SPCC4G3.02	aph1	viable	V	0.027	0.006	0.0	0.0	0.0
SPCC4G3.03	SPCC4G3.03	viable	V	0.013	0.079	0.162	0.192	0.199
SPCC4G3.04c	coq5	condition-dependent	V	0.0	0.004	0.456	1.424	1.784
SPCC4G3.05c	mus81	viable	V	0.06	0.329	1.233	2.527	3.541
SPCC4G3.08	psk1	viable	V	-0.799	-0.722	-0.429	-0.03	-0.0
SPCC4G3.09c	gyp3	viable	V	-0.024	-0.0	-0.0	-0.0	-0.0
SPCC4G3.10c	rhp42	viable	V	-0.021	-0.055	-0.12	-0.191	-0.243
SPCC4G3.11	nur1	viable	V	0.024	0.06	0.13	0.208	0.267
SPCC4G3.12c	SPCC4G3.12c	viable	V	0.081	0.728	1.764	2.176	2.269
SPCC4G3.14	mdj1	inviable	E	0.0	0.134	2.187	4.934	6.027
SPCC4G3.15c	not2	viable	V	0.0	0.0	0.119	0.591	0.812
SPCC4G3.16	rib2	inviable	E	0.092	1.419	4.252	5.517	5.809
SPCC4G3.17	hdd1	viable	V	-0.038	-0.001	-0.0	-0.0	-0.0
SPCC4G3.18	rix1	inviable	E	0.356	1.766	4.064	5.342	5.765
SPCC4G3.19	alp16	viable	V	-0.007	-0.044	-0.091	-0.107	-0.111
SPCC548.04	urm1	unknown	Not_determined	0.017	0.174	0.833	1.707	2.265
SPCC548.05c	dbl5	viable	V	0.004	0.0	0.0	0.0	0.0
SPCC548.06c	ght8	viable	V	0.017	0.102	0.208	0.247	0.256
SPCC548.07c	ght1	viable	V	0.011	0.003	0.0	0.0	0.0
SPCC550.01c	coa4	viable	V	0.02	0.121	0.247	0.293	0.303
SPCC550.02c	cwf5	inviable	E	0.066	0.612	2.465	4.388	5.385
SPCC550.03c	ski2	viable	V	0.002	0.029	0.194	0.501	0.754
SPCC550.04c	gpi2	inviable	E	0.428	1.979	4.436	5.807	6.267
SPCC550.07	fah2	viable	V	-0.0	-0.0	-0.0	-0.0	-0.0
SPCC550.08	SPCC550.08	viable	V	0.038	0.148	0.342	0.48	0.54
SPCC550.10	atd3	viable	V	0.028	0.165	0.338	0.401	0.415
SPCC550.11	nmd5	viable	V	0.025	0.095	0.219	0.309	0.349
SPCC550.12	arp6	viable	V	0.063	0.16	0.349	0.558	0.711
SPCC550.13	dfp1	inviable	E	0.162	1.738	4.716	6.062	6.391
SPCC550.14	vgl1	viable	V	0.001	0.0	0.0	0.0	0.0
SPCC550.15c	rei1	viable	V	0.095	0.241	0.53	0.851	1.09
SPCC553.01c	dbl2	viable	V	0.0	0.005	0.405	1.859	2.906
SPCC553.02	qns1	inviable	E	0.181	1.537	4.022	5.232	5.559
SPCC553.03	pex1	viable	V	-0.034	-0.0	-0.0	-0.0	-0.0
SPCC553.04	cyp9	viable	V	0.014	0.07	0.253	0.508	0.707
SPCC553.07c	kpa1	viable	V	0.007	0.0	0.0	0.0	0.0
SPCC553.08c	ria1	viable	V	0.448	1.43	3.29	4.955	5.895
SPCC553.09c	spb70	inviable	E	0.056	1.244	4.324	5.811	6.162
SPCC553.10	knh3	unknown	Not_determined	-0.0	-0.029	-0.196	-0.309	-0.338
SPCC553.11c	toa2	inviable	E	0.019	0.849	3.867	5.542	5.952
SPCC553.12c	SPCC553.12c	viable	V	-0.001	-0.0	-0.0	-0.0	-0.0
SPCC569.05c	SPCC569.05c	viable	V	0.008	0.0	0.0	0.0	0.0
SPCC569.06	SPCC569.06	viable	V	-0.001	-0.0	-0.0	-0.0	-0.0
SPCC576.01c	xan1	condition-dependent	V	-0.033	-0.0	-0.0	-0.0	-0.0
SPCC576.03c	tpx1	condition-dependent	E	0.052	1.099	3.75	5.017	5.315
SPCC576.04	bxi1	viable	V	-0.01	-0.025	-0.054	-0.087	-0.111
SPCC576.05	sac3	inviable	E	0.13	1.039	3.186	4.676	5.229
SPCC576.06c	SPCC576.06c	inviable	E	0.0	0.005	0.855	3.362	4.595
SPCC576.07	ret3	inviable	E	0.378	2.258	4.631	5.491	5.679
SPCC576.08c	rps2	inviable	E	0.469	3.007	6.344	7.573	7.843
SPCC576.10c	rpt3	inviable	E	0.539	2.224	5.094	6.981	7.733
SPCC576.11	rpl15	viable	V	0.249	1.916	4.348	5.281	5.488
SPCC576.13	swc5	viable	V	0.015	0.056	0.157	0.283	0.378
SPCC576.14	dph5	viable	V	0.079	0.198	0.431	0.69	0.882
SPCC576.15c	ksg1	inviable	E	0.0	0.054	1.057	3.629	5.635
SPCC576.17c	SPCC576.17c	viable	V	-0.009	-0.056	-0.114	-0.135	-0.14
SPCC576.19c	SPCC576.19c	unknown	Not_determined	0.002	0.0	0.0	0.0	0.0
SPCC584.01c	met10	viable	V	0.04	0.242	0.495	0.587	0.608
SPCC584.02	cuf2	viable	V	-0.033	-0.001	-0.0	-0.0	-0.0
SPCC584.03c	SPCC584.03c	viable	V	0.001	0.004	0.01	0.014	0.015
SPCC584.04	sup35	inviable	E	0.473	2.823	5.789	6.864	7.1
SPCC584.05	sec1	inviable	E	0.084	1.451	4.571	6.0	6.333
SPCC584.11c	svf1	viable	V	0.222	0.846	1.953	2.761	3.122
SPCC584.12	mug42	viable	V	-0.008	-0.048	-0.098	-0.116	-0.12
SPCC584.13	SPCC584.13	viable	V	0.007	0.002	0.0	0.0	0.0
SPCC584.14	mug160	inviable	E	0.294	2.195	4.921	5.96	6.191
SPCC584.15c	aly3	viable	V	-0.009	-0.0	-0.0	-0.0	-0.0
SPCC584.16c	SPCC584.16c	viable	V	-0.008	-0.049	-0.1	-0.118	-0.122
SPCC594.01	duc1	viable	V	0.023	0.005	0.0	0.0	0.0
SPCC594.02c	SPCC594.02c	viable	V	0.14	0.838	1.718	2.038	2.108
SPCC594.03	SPCC594.03	unknown	Not_determined	0.008	0.002	0.0	0.0	0.0
SPCC594.04c	SPCC594.04c	viable	V	0.156	0.62	1.844	3.365	4.488
SPCC594.05c	spf1	viable	V	0.051	0.163	0.424	0.737	0.973
SPCC594.06c	vsl1	viable	V	0.091	0.229	0.503	0.807	1.033
SPCC5E4.03c	taf5	inviable	E	0.0	0.192	2.692	5.262	6.069
SPCC5E4.04	cut1	inviable	E	0.026	0.701	3.427	5.497	6.19
SPCC5E4.06	smc6	inviable	E	0.049	0.876	3.537	5.38	5.985
SPCC5E4.07	rpl2802	viable	V	0.303	1.807	3.705	4.393	4.544
SPCC5E4.10c	SPCC5E4.10c	viable	V	-0.016	-0.0	-0.0	-0.0	-0.0
SPCC61.01c	str2	unknown	E	0.0	0.01	0.145	0.311	0.373
SPCC61.02	spt3	viable	V	0.0	0.008	0.338	1.709	3.141
SPCC61.03	nnr2	viable	V	0.0	0.0	0.0	0.0	0.0
SPCC61.04c	SPCC61.04c	inviable	E	0.361	2.442	5.269	6.323	6.556
SPCC61.05	SPCC61.05	viable	V	0.012	0.069	0.142	0.168	0.174
SPCC613.01	SPCC613.01	viable	V	0.008	0.079	0.198	0.246	0.257
SPCC613.02	SPCC613.02	viable	V	0.045	0.112	0.244	0.391	0.5
SPCC613.04c	rng3	inviable	E	0.002	0.354	2.998	5.159	5.791
SPCC613.05c	rpl35	inviable	E	0.413	2.544	5.285	6.286	6.506
SPCC613.07	bcd1	viable	V	0.0	0.029	0.533	1.886	3.034
SPCC613.08	SPCC613.08	viable	V	0.093	0.497	1.844	3.759	5.256
SPCC613.09	sen54	inviable	E	0.352	1.688	4.001	5.421	5.939
SPCC613.10	qcr2	viable	V	0.0	0.001	0.231	0.801	1.025
SPCC613.11c	meu23	viable	V	0.11	0.813	1.816	2.198	2.283
SPCC613.12c	raf1	viable	V	0.0	0.0	0.033	0.662	1.25
SPCC622.02	SPCC622.02	viable	Not_determined	0.0	0.0	0.0	0.115	0.512
SPCC622.03c	SPCC622.03c	unknown	Not_determined	-0.008	-0.05	-0.102	-0.12	-0.124
SPCC622.04	SPCC622.04	unknown	Not_determined	0.001	0.003	0.007	0.011	0.013
SPCC622.06c	SPCC622.06c	unknown	Not_determined	-0.006	-0.015	-0.034	-0.054	-0.069
SPCC622.07	SPCC622.07	unknown	Not_determined	-0.008	-0.05	-0.102	-0.121	-0.126
SPCC622.10c	sec5	inviable	E	0.011	0.693	3.615	5.348	5.78
SPCC622.11	lmb1	viable	V	-0.028	-0.0	-0.0	-0.0	-0.0
SPCC622.12c	gdh1	viable	V	-0.039	-0.0	-0.0	-0.0	-0.0
SPCC622.13c	tti1	inviable	E	0.017	0.769	3.681	5.412	5.86
SPCC622.14	SPCC622.14	viable	V	-0.011	-0.069	-0.14	-0.167	-0.172
SPCC622.15c	SPCC622.15c	viable	V	0.022	0.13	0.267	0.316	0.327
SPCC622.16c	epe1	viable	V	0.02	0.099	0.219	0.281	0.3
SPCC622.17	apn1	viable	V	-0.015	-0.09	-0.184	-0.219	-0.226
SPCC63.02c	aah3	viable	V	-0.008	-0.002	-0.0	-0.0	-0.0
SPCC63.03	mib1	viable	V	0.013	0.003	0.0	0.0	0.0
SPCC63.04	mok14	viable	V	-0.013	-0.075	-0.153	-0.182	-0.188
SPCC63.05	tap42	inviable	E	0.084	1.318	3.988	5.186	5.463
SPCC63.06	wdr89	viable	V	0.0	0.006	0.254	0.616	0.734
SPCC63.07	thg1	inviable	E	0.324	1.68	4.187	5.793	6.392
SPCC63.08c	atg1	viable	V	0.023	0.14	0.287	0.341	0.353
SPCC63.10c	sec59	inviable	E	0.001	0.12	1.606	3.686	4.619
SPCC63.11	prp28	inviable	E	0.256	2.046	4.715	5.749	5.979
SPCC63.12c	pup3	inviable	E	0.089	1.357	4.273	5.701	6.058
SPCC63.13	SPCC63.13	viable	V	-0.001	-0.007	-0.015	-0.018	-0.019
SPCC63.14	eis1	viable	V	-0.002	-0.0	-0.0	-0.0	-0.0
SPCC645.03c	isa1	inviable	E	0.019	0.796	3.542	5.048	5.415
SPCC645.04	nse3	inviable	E	-0.006	-0.002	-0.0	-0.0	-0.0
SPCC645.05c	myo2	inviable	E	0.013	0.255	1.822	4.345	6.046
SPCC645.06c	rgf3	inviable	E	0.29	1.873	4.291	5.364	5.642
SPCC645.07	rgf1	viable	V	0.21	0.74	2.044	3.636	4.828
SPCC645.08c	snd1	viable	V	0.028	0.007	0.0	0.0	0.0
SPCC645.09	mrpl37	inviable	E	0.0	0.0	0.0	1.006	4.836
SPCC645.10	cca2	inviable	E	0.344	2.29	4.908	5.881	6.096
SPCC645.11c	mug117	viable	V	-0.01	-0.058	-0.119	-0.141	-0.146
SPCC645.12c	SPCC645.12c	viable	V	-0.028	-0.164	-0.337	-0.4	-0.414
SPCC645.13	bye1	viable	V	-0.004	-0.001	-0.0	-0.0	-0.0
SPCC645.14c	sti1	viable	V	-0.023	-0.0	-0.0	-0.0	-0.0
SPCC663.01c	ekc1	viable	V	0.038	0.666	2.782	4.34	4.881
SPCC663.03	pmd1	viable	V	-0.003	-0.105	-0.423	-0.589	-0.629
SPCC663.05c	asf1	inviable	E	0.013	0.288	1.98	4.382	5.8
SPCC663.06c	osr1	viable	V	0.024	0.143	0.294	0.348	0.36
SPCC663.08c	SPCC663.08c	viable	V	0.008	0.0	0.0	0.0	0.0
SPCC663.09c	SPCC663.09c	viable	V	-0.031	-0.001	-0.0	-0.0	-0.0
SPCC663.10	trm44	viable	V	0.009	0.002	0.0	0.0	0.0
SPCC663.11	saf1	viable	V	0.0	0.0	0.087	0.522	0.744
SPCC663.12	cid12	viable	V	-0.027	-0.001	-0.0	-0.0	-0.0
SPCC663.13c	naa50	viable	V	0.009	0.0	0.0	0.0	0.0
SPCC663.14c	trp663	viable	V	0.024	0.141	0.29	0.343	0.355
SPCC663.15c	SPCC663.15c	viable	V	0.02	0.121	0.247	0.293	0.303
SPCC663.17	wtf15	unknown	Not_determined	0.011	0.003	0.0	0.0	0.0
SPCC70.03c	put1	viable	V	0.008	0.0	0.0	0.0	0.0
SPCC70.04c	SPCC70.04c	viable	V	-0.01	-0.063	-0.128	-0.152	-0.157
SPCC70.05c	nnk1	inviable	E	0.125	1.436	3.828	4.831	5.059
SPCC70.06	sac32	viable	V	-0.001	-0.0	-0.0	-0.0	-0.0
SPCC70.07c	tmp1	inviable	E	0.159	0.955	2.927	4.646	5.471
SPCC70.08c	SPCC70.08c	viable	V	0.065	0.016	0.001	0.0	0.0
SPCC70.09c	gsr2	viable	V	0.018	0.004	0.0	0.0	0.0
SPCC736.02	SPCC736.02	viable	V	0.056	0.268	0.658	0.92	1.024
SPCC736.03c	msf1	inviable	E	0.005	0.108	1.03	3.083	4.882
SPCC736.04c	gma12	viable	V	-0.035	-0.008	-0.0	-0.0	-0.0
SPCC736.05	wtf7	viable	Not_determined	-0.0	-0.0	-0.0	-0.0	-0.0
SPCC736.06	dar2	viable	V	0.0	0.01	0.22	0.91	1.581
SPCC736.07c	uri1	viable	V	0.05	0.629	2.733	4.739	5.651
SPCC736.08	cbf11	condition-dependent	V	0.232	0.749	1.929	3.297	4.291
SPCC736.09c	tfx1	viable	V	0.036	0.217	0.445	0.528	0.546
SPCC736.11	ago1	viable	V	-0.003	-0.001	-0.0	-0.0	-0.0
SPCC736.12c	mmi1	inviable	E	0.0	0.065	1.999	4.505	5.292
SPCC736.14	dis1	condition-dependent	V	0.096	0.28	0.684	1.155	1.508
SPCC736.15	pil1	viable	V	-0.001	-0.0	-0.0	-0.0	-0.0
SPCC737.02c	qcr7	viable	V	-0.008	-0.002	-0.0	-0.0	-0.0
SPCC737.03c	ima1	viable	V	0.003	0.0	0.0	0.0	0.0
SPCC737.04	SPCC737.04	viable	Not_determined	-0.023	-0.0	-0.0	-0.0	-0.0
SPCC737.05	SPCC737.05	viable	V	-0.032	-0.0	-0.0	-0.0	-0.0
SPCC737.06c	gcs2	viable	V	0.05	0.125	0.273	0.437	0.559
SPCC737.07c	SPCC737.07c	viable	V	0.013	0.003	0.0	0.0	0.0
SPCC737.08	mdn1	inviable	E	0.425	2.589	5.348	6.353	6.574
SPCC737.09c	hmt1	viable	V	0.007	0.043	0.088	0.104	0.108
SPCC74.01	sly1	inviable	E	0.392	2.342	4.801	5.693	5.888
SPCC74.02c	ppn1	viable	V	0.0	0.0	0.005	0.237	0.62
SPCC74.03c	ssp2	viable	V	0.097	0.266	0.62	1.022	1.323
SPCC74.04	SPCC74.04	viable	V	-0.013	-0.076	-0.155	-0.184	-0.19
SPCC74.06	mak3	viable	V	0.0	0.0	0.005	0.145	0.404
SPCC74.09	mug24	viable	V	0.029	0.007	0.0	0.0	0.0
SPCC757.02c	SPCC757.02c	viable	V	-0.01	-0.061	-0.125	-0.148	-0.153
SPCC757.03c	hsp3101	viable	V	0.02	0.119	0.244	0.289	0.299
SPCC757.04	SPCC757.04	viable	V	-0.002	-0.006	-0.014	-0.02	-0.023
SPCC757.05c	SPCC757.05c	viable	V	-0.026	-0.0	-0.0	-0.0	-0.0
SPCC757.07c	ctt1	viable	V	-0.003	-0.001	-0.0	-0.0	-0.0
SPCC757.08	rrp45	inviable	E	0.489	1.824	4.358	6.41	7.426
SPCC757.10	vph2	inviable	E	0.0	0.001	0.263	1.937	3.642
SPCC757.11c	SPCC757.11c	viable	V	-0.003	-0.015	-0.034	-0.046	-0.05
SPCC757.12	aah1	viable	V	0.011	0.064	0.132	0.156	0.161
SPCC757.13	SPCC757.13	viable	V	-0.0	-0.001	-0.002	-0.002	-0.003
SPCC777.02	SPCC777.02	viable	V	0.012	0.074	0.152	0.18	0.186
SPCC777.03c	SPCC777.03c	viable	V	0.053	0.013	0.0	0.0	0.0
SPCC777.04	dip5	viable	V	0.0	0.0	0.0	0.0	0.0
SPCC777.05	gtr2	condition-dependent	E	0.191	1.821	4.504	5.584	5.827
SPCC777.06c	SPCC777.06c	viable	V	0.011	0.003	0.0	0.0	0.0
SPCC777.07	omh3	viable	V	0.0	0.0	0.188	2.29	5.22
SPCC777.08c	bit61	viable	V	0.04	0.109	0.244	0.385	0.481
SPCC777.09c	arg1	viable	V	0.001	0.0	0.0	0.0	0.0
SPCC777.10c	ubc12	condition-dependent	E	0.023	0.24	1.354	3.292	4.884
SPCC777.11	gta3	inviable	E	0.0	0.0	0.092	1.483	3.613
SPCC777.12c	SPCC777.12c	viable	V	-0.03	-0.001	-0.0	-0.0	-0.0
SPCC777.13	vps35	viable	V	-0.005	-0.001	-0.0	-0.0	-0.0
SPCC777.14	prp4	inviable	E	0.02	0.75	3.24	4.584	4.911
SPCC777.17c	SPCC777.17c	viable	V	-0.025	-0.152	-0.311	-0.368	-0.381
SPCC790.02	pep3	condition-dependent	E	0.0	0.006	0.51	2.503	4.104
SPCC790.03	rbd2	condition-dependent	V	-0.01	-0.058	-0.12	-0.142	-0.147
SPCC794.01c	gcd1	viable	V	-0.007	-0.002	-0.0	-0.0	-0.0
SPCC794.02	wtf5	viable	V	-0.031	-0.0	-0.0	-0.0	-0.0
SPCC794.03	SPCC794.03	viable	V	-0.0	-0.0	-0.0	-0.0	-0.0
SPCC794.04c	SPCC794.04c	viable	V	0.011	0.003	0.0	0.0	0.0
SPCC794.07	lat1	viable	V	0.039	0.278	1.243	2.744	3.944
SPCC794.08	efr3	viable	V	0.096	0.5	1.082	1.35	1.424
SPCC794.09c	tef101	viable	V	0.056	0.332	0.682	0.808	0.836
SPCC794.10	ugp1	viable	V	-0.013	-0.0	-0.0	-0.0	-0.0
SPCC794.11c	ent3	viable	V	0.046	0.274	0.562	0.666	0.689
SPCC794.12c	mae2	viable	V	-0.005	-0.001	-0.0	-0.0	-0.0
SPCC794.16	SPCC794.16	unknown	Not_determined	-0.066	-0.016	-0.001	-0.0	-0.0
SPCC825.01	SPCC825.01	viable	V	0.222	1.305	3.817	5.846	6.758
SPCC825.02	gbs1	condition-dependent	V	-0.005	-0.001	-0.0	-0.0	-0.0
SPCC825.03c	psy1	inviable	E	0.267	2.195	5.114	6.251	6.505
SPCC825.04c	naa40	viable	V	-0.01	-0.062	-0.126	-0.15	-0.155
SPCC825.05c	pwi1	viable	V	-0.001	-0.0	-0.0	-0.0	-0.0
SPCC830.03	grc3	inviable	E	0.127	1.124	3.573	5.27	5.889
SPCC830.04c	mug128	viable	V	-0.015	-0.004	-0.0	-0.0	-0.0
SPCC830.05c	epl1	inviable	E	0.075	1.302	4.097	5.377	5.675
SPCC830.06	cnb1	viable	V	0.029	0.172	0.353	0.419	0.433
SPCC830.07c	psi1	viable	V	0.011	0.003	0.0	0.0	0.0
SPCC830.08c	yop1	viable	V	-0.013	-0.003	-0.0	-0.0	-0.0
SPCC830.09c	pop5	inviable	E	0.295	1.378	3.679	5.57	6.475
SPCC830.10	ham1	viable	V	-0.001	-0.0	-0.0	-0.0	-0.0
SPCC830.11c	fap7	inviable	E	0.328	1.543	3.675	5.025	5.532
SPCC895.04c	ufe1	inviable	E	0.427	2.552	5.233	6.205	6.418
SPCC895.05	for3	condition-dependent	V	0.083	0.524	1.978	3.805	5.026
SPCC895.06	elp2	viable	V	0.136	0.749	2.226	3.535	4.184
SPCC895.07	alp14	viable	V	0.045	0.184	0.568	1.068	1.452
SPCC895.09c	ucp12	viable	V	0.014	0.003	0.0	0.0	0.0
SPCC962.01	tcb1	viable	V	0.012	0.003	0.0	0.0	0.0
SPCC962.02c	bir1	inviable	E	0.068	1.117	3.901	5.474	5.914
SPCC962.03c	cut15	inviable	E	0.212	1.217	3.517	5.367	6.199
SPCC962.04	rps1201	viable	V	0.167	0.509	1.164	1.778	2.145
SPCC962.05	ast1	viable	V	0.001	0.0	0.0	0.0	0.0
SPCC962.06c	bpb1	inviable	E	0.179	1.379	3.924	5.497	6.028
SPCC965.03	vma8	inviable	E	0.07	0.372	1.365	2.769	3.866
SPCC965.04c	yme1	viable	V	0.021	0.066	0.152	0.229	0.271
SPCC965.05c	thp1	viable	V	0.0	0.0	0.0	0.097	1.271
SPCC965.06	osr2	viable	V	-0.005	-0.0	-0.0	-0.0	-0.0
SPCC965.08c	alr1	viable	V	0.001	0.0	0.0	0.0	0.0
SPCC965.09	SPCC965.09	viable	V	-0.033	-0.001	-0.0	-0.0	-0.0
SPCC965.10	SPCC965.10	viable	V	0.0	0.0	0.0	0.057	0.742
SPCC965.11c	agp3	viable	V	0.028	0.007	0.0	0.0	0.0
SPCC965.12	dpe2	viable	V	0.01	0.003	0.0	0.0	0.0
SPCC965.13	SPCC965.13	viable	V	0.015	0.091	0.187	0.221	0.229
SPCC970.01	rad16	viable	V	0.0	0.003	0.085	0.329	0.533
SPCC970.02	dcw1	viable	V	-0.003	-0.001	-0.0	-0.0	-0.0
SPCC970.04c	mob2	inviable	E	0.162	1.168	3.377	4.857	5.4
SPCC970.05	rpl3601	viable	V	0.429	1.209	2.727	4.255	5.255
SPCC970.06	erv29	viable	V	0.014	0.075	0.28	0.57	0.797
SPCC970.07c	raf2	viable	V	0.0	0.0	0.122	0.928	1.388
SPCC970.08	kcs1	inviable	E	0.239	1.139	3.2	5.063	6.031
SPCC970.09	sec8	inviable	E	0.16	1.466	4.25	5.83	6.311
SPCC970.10c	brl2	viable	V	0.161	0.511	1.288	2.167	2.793
SPCC970.11c	wtf9	viable	Not_determined	-0.028	-0.007	-0.0	-0.0	-0.0
SPCC970.12	mis18	inviable	E	0.0	0.0	0.161	2.038	4.552
SPCP1E11.02	ppk38	viable	V	0.001	0.0	0.0	0.0	0.0
SPCP1E11.03	mug170	viable	V	0.007	0.002	0.0	0.0	0.0
SPCP1E11.04c	pal1	viable	V	-0.001	-0.0	-0.0	-0.0	-0.0
SPCP1E11.05c	are2	viable	V	0.0	0.0	0.007	0.799	2.468
SPCP1E11.06	apl4	viable	V	0.145	0.432	1.018	1.631	2.042
SPCP1E11.07c	cwf18	viable	V	0.008	0.052	0.212	0.45	0.638
SPCP1E11.08	nsa2	inviable	E	0.498	2.976	6.102	7.235	7.484
SPCP1E11.09c	rpp103	viable	V	0.189	0.58	1.327	2.023	2.436
SPCP1E11.10	dhm1	viable	V	0.105	0.729	2.141	3.148	3.54
SPCP1E11.11	puf6	viable	V	0.056	0.195	0.455	0.669	0.779
SPCP20C8.04	new22	unknown	Not_determined	0.011	0.003	0.0	0.0	0.0
SPCP25A2.02c	rhp26	viable	V	0.01	0.026	0.057	0.09	0.116
SPCP25A2.03	tho1	inviable	E	0.01	0.657	3.578	5.348	5.792
SPCP31B10.02	SPCP31B10.02	viable	V	-0.041	-0.01	-0.0	-0.0	-0.0
SPCP31B10.03c	med31	viable	V	0.038	0.208	0.774	1.582	2.213
SPCP31B10.05	tdp1	viable	V	0.013	0.079	0.161	0.191	0.197
SPCP31B10.06	tcb2	viable	V	0.037	0.009	0.0	0.0	0.0
SPCP31B10.07	eft202	viable	V	0.138	1.222	2.961	3.663	3.823
SPCPB16A4.02c	opy1	viable	V	0.021	0.125	0.257	0.305	0.315
SPCPB16A4.03c	ade10	viable	V	0.03	0.181	0.371	0.44	0.455
SPCPB16A4.06c	SPCPB16A4.06c	viable	V	0.049	0.295	0.604	0.716	0.741
SPCPB1C11.01	amt1	viable	V	0.002	0.0	0.0	0.0	0.0
SPCPB1C11.02	SPCPB1C11.02	viable	V	-0.001	-0.0	-0.0	-0.0	-0.0
SPCPB1C11.03	SPCPB1C11.03	viable	V	0.014	0.003	0.0	0.0	0.0
SPCPJ732.01	vps5	viable	V	0.042	0.249	0.51	0.605	0.626
SPCPJ732.02c	xks1	viable	V	-0.02	-0.0	-0.0	-0.0	-0.0
SPCPJ732.03	meu15	viable	V	-0.002	-0.0	-0.0	-0.0	-0.0
SPMIT.01	cox1	unknown	Not_determined	0.003	0.0	0.0	0.0	0.0
SPMIT.04	cox3	unknown	Not_determined	-0.001	-0.048	-0.2	-0.28	-0.299
SPMIT.05	cob1	unknown	Not_determined	-0.041	-0.232	-0.608	-0.857	-0.951
SPMIT.07	atp6	unknown	Not_determined	-0.017	-0.218	-0.603	-0.767	-0.805
SPMTR.02	mat2-Pi	unknown	Not_determined	0.07	0.418	0.857	1.016	1.051
