Systematic ID	Name	FYPOviability	DeletionLibrary_essentiality	YES0	YES1	YES2	YES3	YES4	YES5	YES6
SPAC1002.01	mrx11	viable	V	0.024	0.166	0.304	0.35	0.36	0.363	0.364
SPAC1002.02	pom34	viable	V	0.004	0.015	0.038	0.059	0.073	0.081	0.088
SPAC1002.03c	gls2	viable	V	0.0	0.01	0.191	0.544	0.763	0.863	0.912
SPAC1002.04c	taf11	inviable	E	0.001	0.289	2.3	3.979	4.544	4.713	4.764
SPAC1002.05c	jmj2	viable	V	-0.04	-0.116	-0.243	-0.37	-0.462	-0.528	-0.603
SPAC1002.06c	bqt2	viable	V	0.015	0.107	0.196	0.225	0.232	0.234	0.234
SPAC1002.07c	SPAC1002.07c	viable	V	0.152	0.267	0.448	0.674	0.904	1.153	1.832
SPAC1002.08c	mtf1	inviable	E	0.005	0.172	1.066	2.209	2.888	3.228	3.431
SPAC1002.09c	dld1	inviable	E	0.0	0.009	0.6	2.362	3.555	4.082	4.313
SPAC1002.10c	sgt1	inviable	E	0.255	1.851	3.642	4.327	4.504	4.552	4.565
SPAC1002.11	gaa1	inviable	E	0.249	1.94	3.699	4.295	4.433	4.467	4.476
SPAC1002.12c	ssd1	viable	V	0.008	0.058	0.107	0.123	0.126	0.127	0.127
SPAC1002.13c	psu1	inviable	E	0.001	0.286	2.218	3.749	4.241	4.383	4.424
SPAC1002.14	itt1	viable	V	0.0	0.001	0.254	0.851	1.099	1.169	1.187
SPAC1002.15c	med6	viable	V	0.019	0.174	0.629	1.142	1.474	1.667	1.816
SPAC1002.16c	tna1	inviable	E	-0.003	-0.0	-0.0	-0.0	-0.0	-0.0	-0.0
SPAC1002.17c	urg2	viable	V	-0.022	-0.11	-0.229	-0.296	-0.322	-0.332	-0.336
SPAC1002.18	urg3	viable	V	0.038	0.066	0.112	0.168	0.226	0.288	0.456
SPAC1002.19	urg1	viable	V	-0.006	-0.049	-0.151	-0.24	-0.286	-0.308	-0.322
SPAC1002.20	SPAC1002.20	viable	V	-0.037	-0.018	-0.006	-0.001	-0.0	-0.0	-0.0
SPAC1006.01	psp3	viable	V	0.051	0.353	0.648	0.746	0.768	0.774	0.775
SPAC1006.02	asa1	inviable	E	0.064	0.591	1.306	1.615	1.702	1.727	1.735
SPAC1006.03c	red1	viable	V	0.099	0.513	1.202	1.701	1.938	2.049	2.114
SPAC1006.04c	mcp3	viable	V	0.012	0.144	0.392	0.535	0.584	0.601	0.608
SPAC1006.05c	och1	viable	V	0.0	0.013	0.818	2.349	3.004	3.206	3.266
SPAC1006.06	rgf2	viable	V	-0.013	-0.023	-0.039	-0.058	-0.078	-0.099	-0.158
SPAC1006.07	tif1	inviable	E	0.129	0.893	1.638	1.886	1.943	1.957	1.96
SPAC1006.08	etd1	condition-dependent	E	0.159	1.692	3.558	4.227	4.384	4.423	4.433
SPAC1006.09	win1	viable	V	0.001	0.035	0.197	0.397	0.517	0.578	0.617
SPAC1039.01	SPAC1039.01	viable	V	0.0	0.0	0.0	0.0	0.04	0.765	1.589
SPAC1039.02	efn2	viable	V	0.002	0.111	0.427	0.583	0.622	0.632	0.635
SPAC1039.03	SPAC1039.03	viable	V	0.014	0.094	0.172	0.198	0.204	0.206	0.206
SPAC1039.04	SPAC1039.04	viable	V	-0.01	-0.005	-0.001	-0.0	-0.0	-0.0	-0.0
SPAC1039.05c	klf1	viable	V	-0.011	-0.005	-0.002	-0.0	-0.0	-0.0	-0.0
SPAC1039.06	SPAC1039.06	viable	V	0.006	0.027	0.068	0.112	0.143	0.164	0.185
SPAC1039.07c	SPAC1039.07c	viable	V	-0.018	-0.009	-0.003	-0.001	-0.0	-0.0	-0.0
SPAC1039.08	SPAC1039.08	viable	V	0.028	0.195	0.357	0.411	0.423	0.426	0.427
SPAC1039.09	isp5	viable	V	0.0	0.041	0.252	0.383	0.419	0.428	0.43
SPAC1039.10	mmf2	viable	V	-0.009	-0.0	-0.0	-0.0	-0.0	-0.0	-0.0
SPAC1039.11c	gto1	viable	V	-0.027	-0.077	-0.161	-0.245	-0.307	-0.352	-0.405
SPAC105.01c	kha1	viable	V	0.03	0.118	0.318	0.572	0.792	0.97	1.21
SPAC105.03c	dal81	viable	V	0.052	0.359	0.66	0.759	0.782	0.788	0.789
SPAC1071.01c	pta1	inviable	E	0.157	1.575	3.673	4.643	4.928	5.014	5.041
SPAC1071.02	mms19	viable	V	0.133	0.484	1.207	2.046	2.712	3.217	3.836
SPAC1071.03c	sil1	viable	V	0.027	0.186	0.342	0.393	0.405	0.408	0.409
SPAC1071.04c	spc2	viable	V	0.0	0.001	0.053	0.401	1.087	1.902	3.138
SPAC1071.05	hpm1	viable	V	0.064	0.439	0.806	0.928	0.956	0.963	0.964
SPAC1071.06	arp9	viable	V	0.006	0.056	0.272	0.66	1.044	1.368	1.781
SPAC1071.09c	djc9	viable	V	0.006	0.022	0.064	0.14	0.237	0.356	0.688
SPAC1071.10c	pma1	inviable	E	0.151	1.641	3.475	4.135	4.29	4.328	4.337
SPAC1071.11	coq12	condition-dependent	V	0.0	0.0	0.049	0.445	0.887	1.131	1.253
SPAC1071.12c	stp1	viable	V	0.008	0.004	0.001	0.0	0.0	0.0	0.0
SPAC1071.13	SPAC1071.13	unknown	Not_determined	-0.003	-0.0	-0.0	-0.0	-0.0	-0.0	-0.0
SPAC1093.01	ppr5	viable	V	0.033	0.102	0.217	0.325	0.398	0.446	0.495
SPAC1093.02	pdx3	viable	V	0.052	0.233	0.494	0.663	0.738	0.771	0.789
SPAC1093.03	fig4	viable	V	0.05	0.295	0.606	0.755	0.804	0.82	0.826
SPAC1093.04c	cca1	inviable	E	0.162	1.572	3.223	3.811	3.949	3.983	3.992
SPAC1093.05	hca4	inviable	E	0.191	1.321	2.425	2.792	2.876	2.897	2.902
SPAC1093.06c	dhc1	viable	V	0.02	0.042	0.08	0.124	0.165	0.203	0.277
SPAC10F6.01c	sir1	viable	V	0.074	0.19	0.384	0.595	0.765	0.9	1.092
SPAC10F6.02c	prp22	inviable	E	0.137	1.205	2.826	3.642	3.904	3.988	4.018
SPAC10F6.03c	cts1	inviable	E	0.24	1.913	3.673	4.272	4.411	4.446	4.454
SPAC10F6.04	ats1	viable	V	0.009	0.084	0.334	0.684	0.96	1.153	1.345
SPAC10F6.05c	ubc6	viable	V	0.041	0.02	0.007	0.002	0.0	0.0	0.0
SPAC10F6.06	vip1	viable	V	0.004	0.002	0.0	0.0	0.0	0.0	0.0
SPAC10F6.08c	nht1	viable	V	0.117	0.233	0.43	0.682	0.939	1.208	1.873
SPAC10F6.09c	psm3	condition-dependent	E	0.088	1.153	2.897	3.712	3.946	4.013	4.034
SPAC10F6.10	rio1	inviable	E	0.158	1.717	3.634	4.324	4.486	4.525	4.535
SPAC10F6.11c	atg17	viable	V	0.0	0.054	0.357	0.553	0.607	0.62	0.624
SPAC10F6.12c	mam4	viable	V	0.007	0.048	0.087	0.1	0.104	0.104	0.104
SPAC10F6.13c	caa1	viable	V	0.158	0.819	2.108	3.256	3.914	4.277	4.545
SPAC10F6.14c	SPAC10F6.14c	viable	V	0.012	0.021	0.035	0.053	0.071	0.09	0.143
SPAC10F6.15	SPAC10F6.15	viable	V	-0.0	-0.0	-0.0	-0.0	-0.0	-0.0	-0.0
SPAC10F6.16	igo1	viable	V	0.0	0.0	0.0	0.0	0.0	0.107	0.817
SPAC10F6.17c	ptc5	viable	V	0.03	0.096	0.206	0.305	0.369	0.409	0.446
SPAC110.01	ppk1	viable	V	-0.027	-0.013	-0.005	-0.001	-0.0	-0.0	-0.0
SPAC110.02	pds5	viable	V	0.066	0.14	0.264	0.411	0.546	0.673	0.917
SPAC110.03	cdc42	inviable	E	0.215	1.904	3.78	4.43	4.582	4.619	4.628
SPAC110.04c	pss1	condition-dependent	E	0.265	1.828	3.356	3.862	3.979	4.008	4.015
SPAC110.06	SPAC110.06	viable	Not_determined	-0.035	-0.243	-0.446	-0.514	-0.529	-0.533	-0.534
SPAC1142.01	rqc1	viable	V	-0.317	-0.316	-0.314	-0.303	-0.259	-0.116	-0.0
SPAC1142.02c	sgt2	viable	V	0.028	0.192	0.352	0.405	0.417	0.42	0.421
SPAC1142.03c	swi2	viable	V	-0.066	-0.032	-0.01	-0.002	-0.0	-0.0	-0.0
SPAC1142.04	noc201	inviable	E	0.211	1.823	3.589	4.198	4.34	4.375	4.384
SPAC1142.05	ctr5	viable	V	0.002	0.15	1.049	2.135	2.711	2.969	3.1
SPAC1142.06	get3	viable	V	-0.066	-0.03	-0.009	-0.002	-0.0	-0.0	-0.0
SPAC1142.07c	vps32	viable	V	0.212	0.614	1.287	1.957	2.438	2.778	3.164
SPAC1142.08	fhl1	viable	V	0.157	0.616	1.409	2.111	2.531	2.777	2.98
SPAC1142.09	SPAC1142.09	unknown	Not_determined	-0.0	-0.0	-0.0	-0.046	-0.289	-0.451	-0.503
SPAC11D3.02c	SPAC11D3.02c	viable	V	0.077	0.529	0.971	1.118	1.152	1.16	1.162
SPAC11D3.03c	SPAC11D3.03c	viable	V	-0.002	-0.091	-0.308	-0.409	-0.434	-0.44	-0.442
SPAC11D3.04c	SPAC11D3.04c	viable	V	-0.041	-0.02	-0.007	-0.001	-0.0	-0.0	-0.0
SPAC11D3.05	mfs2	viable	V	0.024	0.074	0.171	0.286	0.383	0.462	0.574
SPAC11D3.06	SPAC11D3.06	viable	V	0.056	0.102	0.175	0.265	0.356	0.452	0.701
SPAC11D3.07c	toe4	viable	V	0.044	0.242	0.487	0.606	0.646	0.659	0.665
SPAC11D3.08c	SPAC11D3.08c	viable	V	-0.027	-0.013	-0.004	-0.001	-0.0	-0.0	-0.0
SPAC11D3.09	agm1	viable	V	0.004	0.002	0.0	0.0	0.0	0.0	0.0
SPAC11D3.10	SPAC11D3.10	viable	V	0.004	0.0	0.0	0.0	0.0	0.0	0.0
SPAC11D3.11c	SPAC11D3.11c	unknown	Not_determined	0.226	0.111	0.038	0.008	0.001	0.0	0.0
SPAC11D3.13	hsp3104	viable	V	-0.029	-0.199	-0.366	-0.421	-0.434	-0.437	-0.438
SPAC11D3.14c	oxp2	viable	V	0.009	0.017	0.031	0.047	0.063	0.079	0.116
SPAC11D3.15	oxp1	viable	V	-0.001	-0.0	-0.0	-0.0	-0.0	-0.0	-0.0
SPAC11D3.16c	SPAC11D3.16c	viable	V	-0.0	-0.0	-0.0	-0.179	-0.629	-0.85	-0.916
SPAC11D3.17	SPAC11D3.17	viable	V	0.0	0.011	0.173	0.457	0.631	0.712	0.753
SPAC11D3.18c	SPAC11D3.18c	viable	V	0.029	0.201	0.369	0.425	0.438	0.441	0.441
SPAC11D3.19	SPAC11D3.19	viable	Not_determined	-0.054	-0.027	-0.009	-0.002	-0.0	-0.0	-0.0
SPAC11D3.20	SPAC11D3.20	unknown	Not_determined	0.024	0.176	0.328	0.378	0.39	0.393	0.394
SPAC11E3.01c	swr1	viable	V	0.056	0.198	0.469	0.758	0.97	1.121	1.287
SPAC11E3.02c	ync13	condition-dependent	E	0.0	0.011	0.536	1.941	2.879	3.301	3.493
SPAC11E3.03	csm1	viable	V	0.0	0.003	0.442	1.666	2.318	2.543	2.617
SPAC11E3.04c	ubc13	viable	V	0.041	0.082	0.148	0.228	0.305	0.382	0.551
SPAC11E3.05	sea3	viable	V	0.138	0.703	1.806	2.799	3.376	3.698	3.94
SPAC11E3.06	map1	viable	V	0.033	0.225	0.413	0.475	0.49	0.493	0.494
SPAC11E3.07	vma4	inviable	E	0.24	0.838	1.81	2.652	3.157	3.456	3.709
SPAC11E3.08c	nse6	viable	V	0.0	0.011	0.466	1.744	2.678	3.134	3.364
SPAC11E3.09	pyp3	viable	V	0.017	0.075	0.16	0.218	0.245	0.257	0.264
SPAC11E3.10	SPAC11E3.10	viable	V	0.061	0.42	0.77	0.886	0.913	0.92	0.921
SPAC11E3.11c	syt22	viable	V	0.041	0.108	0.232	0.388	0.534	0.668	0.907
SPAC11E3.12	SPAC11E3.12	viable	V	-0.037	-0.257	-0.472	-0.543	-0.559	-0.563	-0.564
SPAC11E3.13c	gas5	viable	V	0.013	0.276	0.719	0.897	0.941	0.951	0.954
SPAC11E3.14	SPAC11E3.14	viable	V	0.02	0.068	0.146	0.214	0.255	0.28	0.301
SPAC11G7.01	mtl2	viable	V	0.075	0.515	0.945	1.088	1.121	1.129	1.131
SPAC11G7.02	pub1	viable	V	0.164	1.074	2.405	3.136	3.399	3.495	3.534
SPAC11G7.03	idh1	viable	V	0.058	0.262	0.805	1.604	2.37	3.048	4.073
SPAC11G7.05c	mct1	viable	V	0.0	0.0	0.028	0.417	1.364	2.463	3.79
SPAC11G7.06c	mug132	viable	V	0.028	0.053	0.093	0.142	0.19	0.241	0.365
SPAC11H11.01	sst6	viable	V	0.0	0.0	0.0	0.0	0.0	0.0	0.0
SPAC11H11.02c	mug162	viable	V	0.068	0.468	0.86	0.99	1.02	1.027	1.029
SPAC11H11.03c	SPAC11H11.03c	viable	V	-0.022	-0.011	-0.004	-0.001	-0.0	-0.0	-0.0
SPAC11H11.04	mam2	viable	V	0.0	0.049	0.346	0.545	0.6	0.614	0.617
SPAC11H11.05c	fta6	viable	V	0.019	0.128	0.235	0.27	0.279	0.281	0.281
SPAC11H11.06	arp2	inviable	E	0.194	1.36	2.509	2.891	2.98	3.001	3.007
SPAC1250.01	snf21	inviable	E	0.099	0.779	2.256	3.474	4.084	4.373	4.544
SPAC1250.02	mug95	viable	V	-0.066	-0.033	-0.011	-0.002	-0.0	-0.0	-0.0
SPAC1250.03	ubc14	viable	V	0.016	0.108	0.198	0.228	0.235	0.236	0.237
SPAC1250.05	rpl3002	viable	V	0.0	0.0	0.067	0.404	0.718	0.885	0.971
SPAC1296.01c	SPAC1296.01c	viable	V	0.0	0.0	0.006	0.197	0.419	0.502	0.526
SPAC1296.02	cox4	viable	V	0.089	0.221	0.444	0.689	0.891	1.057	1.302
SPAC1296.03c	sxa2	viable	V	-0.06	-0.193	-0.412	-0.612	-0.741	-0.823	-0.901
SPAC1296.04	mug65	viable	V	-0.0	-0.0	-0.0	-0.0	-0.0	-0.0	-0.0
SPAC1296.05c	lcp1	viable	V	0.004	0.002	0.001	0.0	0.0	0.0	0.0
SPAC1296.06	tah18	viable	V	0.025	0.658	2.57	3.966	4.503	4.697	4.773
SPAC12B10.01c	hul6	viable	V	0.022	0.093	0.199	0.274	0.311	0.329	0.34
SPAC12B10.02c	sdg1	condition-dependent	E	0.0	0.002	0.113	0.272	0.328	0.343	0.347
SPAC12B10.03	bun62	viable	V	0.0	0.0	0.006	0.181	0.366	0.433	0.452
SPAC12B10.04	pby1	viable	V	0.078	0.137	0.232	0.35	0.472	0.603	0.961
SPAC12B10.05	icp55	viable	V	0.015	0.173	0.508	0.731	0.819	0.852	0.867
SPAC12B10.06c	sdh5	viable	V	0.015	0.1	0.189	0.221	0.229	0.231	0.232
SPAC12B10.07	acp1	viable	V	0.001	0.111	0.495	0.699	0.752	0.765	0.768
SPAC12B10.08c	til1	inviable	E	0.0	0.0	0.057	0.835	2.167	3.183	3.884
SPAC12B10.09	pet801	viable	V	0.029	0.055	0.099	0.157	0.218	0.285	0.47
SPAC12B10.10	nod1	viable	V	0.026	0.242	0.488	0.574	0.594	0.599	0.6
SPAC12B10.11	exg2	viable	V	0.064	0.131	0.242	0.374	0.5	0.621	0.872
SPAC12B10.12c	rhp41	viable	V	0.0	0.001	0.095	0.483	0.867	1.102	1.25
SPAC12B10.13	gid8	viable	V	-0.416	-0.415	-0.411	-0.392	-0.322	-0.115	-0.0
SPAC12B10.14c	tea5	viable	V	0.086	0.594	1.091	1.255	1.293	1.303	1.305
SPAC12B10.16c	mug157	viable	V	-0.035	-0.108	-0.228	-0.342	-0.42	-0.471	-0.524
SPAC12G12.01c	sea4	viable	V	-0.066	-0.033	-0.011	-0.002	-0.0	-0.0	-0.0
SPAC12G12.02	efg1	inviable	E	0.229	1.851	3.572	4.159	4.296	4.329	4.338
SPAC12G12.03	cip2	viable	V	0.071	0.19	0.391	0.602	0.766	0.891	1.053
SPAC12G12.04	mcp60	inviable	E	0.059	1.2	3.099	3.86	4.044	4.09	4.101
SPAC12G12.05c	taf9	inviable	E	-0.001	-0.0	-0.0	-0.0	-0.0	-0.0	-0.0
SPAC12G12.06c	rcl1	inviable	E	0.17	1.707	3.525	4.169	4.32	4.357	4.367
SPAC12G12.07c	cpn1	viable	V	0.038	0.085	0.176	0.3	0.433	0.577	0.939
SPAC12G12.08	mrpl6	inviable	E	0.004	0.27	1.279	1.986	2.227	2.303	2.328
SPAC12G12.09	eti1	viable	V	0.0	0.019	0.272	0.586	0.718	0.763	0.779
SPAC12G12.10	wdr21	viable	V	0.024	0.432	1.076	1.329	1.389	1.404	1.408
SPAC12G12.11c	miy1	viable	V	-0.066	-0.455	-0.836	-0.962	-0.991	-0.998	-1.0
SPAC12G12.12	gms2	viable	V	0.001	0.062	0.231	0.312	0.333	0.338	0.34
SPAC12G12.13c	cid14	viable	V	0.218	1.373	2.865	3.586	3.819	3.896	3.924
SPAC12G12.14c	pfs2	inviable	E	0.003	0.448	2.276	3.375	3.684	3.766	3.788
SPAC12G12.15	sif3	viable	V	0.05	0.262	0.537	0.683	0.735	0.754	0.762
SPAC12G12.16c	SPAC12G12.16c	viable	V	0.0	0.0	0.036	0.376	1.167	2.171	3.697
SPAC12G12.17	nce101	unknown	Not_determined	0.017	0.119	0.219	0.252	0.26	0.262	0.262
SPAC1327.01c	SPAC1327.01c	viable	V	-0.026	-0.182	-0.335	-0.385	-0.397	-0.4	-0.401
SPAC139.01c	mkt1	viable	V	0.013	0.092	0.17	0.195	0.201	0.202	0.203
SPAC139.02c	oac1	viable	V	-0.024	-0.012	-0.004	-0.001	-0.0	-0.0	-0.0
SPAC139.03	toe2	viable	V	-0.038	-0.175	-0.369	-0.492	-0.545	-0.567	-0.579
SPAC139.04c	fap2	viable	V	0.005	0.108	0.292	0.367	0.386	0.39	0.391
SPAC139.05	ssd2	viable	V	0.027	0.187	0.343	0.394	0.406	0.409	0.41
SPAC139.06	hat1	viable	V	0.014	0.051	0.137	0.261	0.385	0.501	0.703
SPAC1399.01c	SPAC1399.01c	viable	V	0.161	0.08	0.027	0.006	0.001	0.0	0.0
SPAC1399.02	SPAC1399.02	viable	V	-0.0	-0.0	-0.0	-0.0	-0.0	-0.0	-0.0
SPAC1399.03	fur4	viable	V	-0.0	-0.0	-0.045	-0.312	-0.47	-0.519	-0.532
SPAC1399.04c	uck2	viable	V	-0.024	-0.166	-0.305	-0.351	-0.361	-0.364	-0.365
SPAC1399.05c	toe1	viable	V	-0.008	-0.054	-0.099	-0.114	-0.118	-0.119	-0.119
SPAC13A11.01c	rga8	viable	V	0.0	0.001	0.015	0.089	0.233	0.414	0.737
SPAC13A11.02c	erg11	inviable	E	0.317	1.897	3.711	4.489	4.716	4.786	4.808
SPAC13A11.03	mcp7	viable	V	0.002	0.051	0.138	0.173	0.182	0.184	0.185
SPAC13A11.04c	ubp8	viable	V	0.0	0.001	0.034	0.195	0.467	0.768	1.211
SPAC13A11.05	ysp2	viable	V	0.0	0.0	0.073	0.257	0.335	0.357	0.363
SPAC13A11.06	pdc202	viable	V	-0.001	-0.0	-0.0	-0.0	-0.0	-0.0	-0.0
SPAC13C5.01c	pre9	viable	V	0.255	1.712	3.186	3.702	3.827	3.859	3.867
SPAC13C5.02	dre4	viable	V	0.005	0.099	0.665	1.734	2.707	3.424	4.134
SPAC13C5.03	tht1	viable	V	0.014	0.057	0.122	0.171	0.196	0.209	0.217
SPAC13C5.04	SPAC13C5.04	viable	V	0.032	0.078	0.154	0.24	0.313	0.374	0.47
SPAC13C5.05c	SPAC13C5.05c	viable	V	0.003	0.376	2.204	3.648	4.161	4.326	4.382
SPAC13C5.06c	mug121	viable	V	-0.0	-0.0	-0.002	-0.266	-0.737	-0.941	-1.0
SPAC13C5.07	mre11	viable	V	0.009	0.195	1.069	2.257	3.055	3.511	3.837
SPAC13D1.01c	Tf2-7	unknown	Not_determined	-0.004	-0.0	-0.0	-0.0	-0.0	-0.0	-0.0
SPAC13D6.01	pof14	viable	V	0.053	0.368	0.676	0.778	0.802	0.807	0.809
SPAC13D6.03c	trm9	viable	V	0.035	0.12	0.306	0.551	0.775	0.97	1.273
SPAC13D6.04c	btb3	viable	V	0.111	0.764	1.403	1.615	1.664	1.676	1.679
SPAC13D6.05	alp11	inviable	E	0.015	0.31	1.453	2.683	3.357	3.684	3.873
SPAC13F5.01c	msh1	viable	V	0.007	0.012	0.02	0.03	0.04	0.051	0.081
SPAC13F5.02c	taf7	inviable	E	0.004	0.619	3.113	4.526	4.9	4.994	5.018
SPAC13F5.03c	gld1	viable	V	0.02	0.037	0.066	0.104	0.143	0.186	0.303
SPAC13F5.04c	vta1	viable	V	0.047	0.613	1.372	1.653	1.72	1.736	1.74
SPAC13F5.05	mpd1	viable	V	0.082	0.563	1.033	1.189	1.225	1.234	1.236
SPAC13F5.06c	sec10	inviable	E	0.043	1.132	3.382	4.44	4.724	4.8	4.821
SPAC13F5.07c	hpz2	viable	V	0.001	0.132	0.545	0.757	0.812	0.825	0.829
SPAC13G6.01c	rad8	viable	V	0.023	0.162	0.297	0.342	0.352	0.355	0.356
SPAC13G6.02c	rps101	viable	V	0.253	0.663	1.353	2.09	2.67	3.123	3.734
SPAC13G6.03	gpi7	viable	V	-0.025	-0.085	-0.182	-0.268	-0.321	-0.354	-0.382
SPAC13G6.04	tim8	viable	V	0.086	0.179	0.333	0.517	0.689	0.854	1.188
SPAC13G6.05c	trs33	inviable	E	0.004	0.268	1.803	3.456	4.239	4.559	4.703
SPAC13G6.06c	gcv2	viable	V	-0.052	-0.026	-0.009	-0.002	-0.0	-0.0	-0.0
SPAC13G6.07c	rps601	viable	V	0.188	0.952	2.128	2.91	3.255	3.406	3.488
SPAC13G6.08	fzr2	viable	V	0.002	0.0	0.0	0.0	0.0	0.0	0.0
SPAC13G6.09	tsr402	viable	V	0.29	1.028	2.217	3.227	3.822	4.166	4.45
SPAC13G6.10c	asl1	viable	V	0.077	0.236	0.547	0.924	1.249	1.521	1.922
SPAC13G6.11c	erg12	inviable	E	0.214	1.724	3.319	3.864	3.99	4.021	4.029
SPAC13G6.12c	chs1	viable	V	0.023	0.043	0.078	0.124	0.172	0.225	0.37
SPAC13G6.13	SPAC13G6.13	viable	V	0.033	0.29	0.576	0.674	0.698	0.703	0.705
SPAC13G6.14	aps1	viable	V	0.023	0.162	0.296	0.341	0.352	0.354	0.355
SPAC13G7.01c	erg7	inviable	E	0.126	1.415	3.382	4.28	4.537	4.612	4.635
SPAC13G7.02c	ssa1	viable	V	0.016	0.111	0.203	0.233	0.241	0.242	0.243
SPAC13G7.04c	mac1	viable	V	0.031	0.058	0.102	0.159	0.219	0.284	0.463
SPAC13G7.05	are1	viable	V	0.046	0.021	0.006	0.001	0.0	0.0	0.0
SPAC13G7.06	met16	viable	V	0.075	0.518	0.951	1.095	1.128	1.136	1.138
SPAC13G7.07	arb2	viable	V	0.04	0.129	0.275	0.408	0.492	0.546	0.595
SPAC13G7.08c	crb3	inviable	E	0.053	0.82	2.542	3.632	4.028	4.167	4.222
SPAC13G7.09c	SPAC13G7.09c	viable	V	0.009	0.094	0.247	0.334	0.363	0.374	0.377
SPAC13G7.10	teb1	inviable	E	0.181	1.239	2.775	3.593	3.877	3.977	4.017
SPAC13G7.11	mba1	viable	V	0.009	0.063	0.116	0.134	0.138	0.139	0.139
SPAC13G7.12c	eki1	viable	V	0.0	0.003	0.277	0.799	1.001	1.057	1.071
SPAC13G7.13c	msa1	viable	V	0.06	0.415	0.762	0.877	0.904	0.91	0.912
SPAC140.01	sdh2	viable	V	0.0	0.0	0.11	0.481	0.658	0.709	0.722
SPAC140.02	gar2	viable	V	0.083	0.453	1.379	2.499	3.348	3.944	4.563
SPAC140.03	arb1	viable	V	0.016	0.061	0.167	0.309	0.437	0.546	0.706
SPAC140.04	ctr1	viable	V	0.046	0.116	0.251	0.431	0.613	0.795	1.176
SPAC1420.01c	mks1	viable	V	-0.026	-0.046	-0.077	-0.115	-0.154	-0.197	-0.313
SPAC1420.02c	cct5	inviable	E	0.254	1.755	3.221	3.707	3.819	3.847	3.854
SPAC144.01	SPAC144.01	viable	V	0.089	0.296	0.634	0.934	1.121	1.236	1.338
SPAC144.02	iec1	viable	V	0.039	0.16	0.446	0.822	1.149	1.418	1.782
SPAC144.03	ade2	viable	V	0.0	0.001	0.018	0.093	0.227	0.398	0.73
SPAC144.04c	spe1	viable	V	0.028	0.127	0.342	0.584	0.762	0.885	1.013
SPAC144.05	irc20	viable	V	0.003	0.198	0.703	0.943	1.004	1.019	1.023
SPAC144.06	apl5	viable	V	0.075	0.153	0.295	0.489	0.698	0.933	1.581
SPAC144.07c	gpn2	inviable	E	0.057	1.249	3.291	4.119	4.319	4.369	4.381
SPAC144.08	jac1	condition-dependent	E	0.001	0.112	1.098	2.589	3.483	3.913	4.146
SPAC144.09c	sfc2	inviable	E	0.103	0.862	2.445	3.646	4.197	4.44	4.57
SPAC144.10c	gwt1	inviable	E	0.093	1.231	3.138	4.05	4.317	4.396	4.42
SPAC144.11	rps1102	viable	V	0.181	0.718	1.54	2.155	2.469	2.629	2.736
SPAC144.12	rki1	inviable	E	0.382	1.728	3.654	4.886	5.422	5.655	5.781
SPAC144.13c	srw1	viable	V	0.124	1.242	2.615	3.124	3.249	3.28	3.289
SPAC144.14	klp8	viable	V	0.015	0.034	0.066	0.102	0.135	0.165	0.218
SPAC144.15c	cog1	inviable	E	0.161	1.649	3.435	4.075	4.226	4.264	4.273
SPAC144.16	cia2	inviable	E	0.108	1.372	3.055	3.677	3.824	3.861	3.87
SPAC144.17c	SPAC144.17c	viable	V	0.0	0.0	0.094	0.668	1.014	1.12	1.149
SPAC144.18	vrg4	inviable	E	0.0	0.01	0.586	2.502	4.022	4.796	5.196
SPAC144.19	prl46	viable	Not_determined	0.062	0.431	0.791	0.91	0.938	0.945	0.946
SPAC1486.01	sod2	viable	V	0.0	0.0	0.016	0.314	0.587	0.682	0.708
SPAC1486.02c	dsc2	viable	V	0.077	0.533	0.979	1.127	1.161	1.169	1.171
SPAC1486.03c	ntr1	inviable	E	0.198	1.428	3.114	3.933	4.195	4.28	4.311
SPAC1486.04c	alm1	viable	V	0.003	0.104	0.772	1.89	2.732	3.245	3.631
SPAC1486.05	nup189	inviable	E	0.109	1.199	2.759	3.425	3.606	3.656	3.671
SPAC1486.06	npt1	inviable	E	0.267	1.839	3.376	3.885	4.003	4.032	4.039
SPAC1486.07c	mrpl19	inviable	E	0.0	0.0	0.042	1.514	3.238	3.887	4.068
SPAC1486.08	cox16	viable	V	0.009	0.143	0.453	0.656	0.732	0.76	0.771
SPAC1486.09	nob1	inviable	E	0.136	1.206	2.394	2.807	2.903	2.926	2.932
SPAC1486.10	thi1	viable	V	0.028	0.137	0.288	0.379	0.416	0.431	0.439
SPAC1486.11	fmc1	viable	Not_determined	0.072	0.133	0.232	0.353	0.474	0.6	0.915
SPAC14C4.01c	atg43	viable	V	0.0	0.0	0.014	0.253	0.947	1.888	3.259
SPAC14C4.02c	smc5	inviable	E	0.001	0.317	2.301	3.706	4.116	4.225	4.254
SPAC14C4.03	mek1	viable	V	0.001	0.132	0.662	0.961	1.04	1.06	1.065
SPAC14C4.04	SPAC14C4.04	viable	V	-0.0	-0.0	-0.0	-0.0	-0.0	-0.002	-0.671
SPAC14C4.05c	man1	viable	V	-0.0	-0.0	-0.0	-0.0	-0.0	-0.0	-0.0
SPAC14C4.06c	nab2	viable	V	0.037	0.266	0.943	1.824	2.505	2.979	3.453
SPAC14C4.07	SPAC14C4.07	viable	V	-0.018	-0.009	-0.003	-0.001	-0.0	-0.0	-0.0
SPAC14C4.08	mug5	viable	V	0.008	0.015	0.025	0.037	0.05	0.064	0.101
SPAC14C4.09	agn1	viable	V	0.008	0.0	0.0	0.0	0.0	0.0	0.0
SPAC14C4.10c	SPAC14C4.10c	viable	V	-0.001	-0.0	-0.0	-0.0	-0.0	-0.0	-0.0
SPAC14C4.11	vtc2	viable	V	0.016	0.109	0.336	0.57	0.717	0.803	0.87
SPAC14C4.12c	laf1	viable	V	0.0	0.0	0.009	0.27	0.55	0.652	0.681
SPAC14C4.13	rad17	viable	V	0.0	0.009	0.091	0.315	0.587	0.834	1.15
SPAC14C4.14	atp1	viable	V	0.072	0.266	0.642	1.044	1.337	1.544	1.768
SPAC14C4.15c	dpp1	viable	V	-0.066	-0.455	-0.836	-0.962	-0.991	-0.998	-1.0
SPAC14C4.16	dad3	viable	V	0.0	0.004	0.058	0.273	0.62	1.018	1.69
SPAC1527.01	mok11	viable	V	0.019	0.129	0.237	0.273	0.281	0.283	0.284
SPAC1527.02	sft2	viable	V	0.0	0.002	0.176	1.051	1.952	2.488	2.807
SPAC1527.03	slr1	viable	V	0.024	0.045	0.08	0.126	0.174	0.226	0.371
SPAC1556.01c	rad50	viable	V	0.015	0.295	1.427	2.751	3.538	3.948	4.208
SPAC1556.02c	sdh1	viable	V	0.007	0.051	0.093	0.107	0.111	0.111	0.112
SPAC1556.03	azr1	viable	V	-0.044	-0.232	-0.475	-0.603	-0.649	-0.666	-0.673
SPAC1556.04c	cdd1	viable	V	0.0	0.012	0.1	0.164	0.182	0.187	0.188
SPAC1556.05c	cgr1	viable	V	0.195	1.182	2.838	3.96	4.449	4.659	4.769
SPAC1556.06	meu1	viable	V	0.048	0.334	0.613	0.705	0.727	0.732	0.733
SPAC1556.07	pmm1	inviable	E	0.197	1.356	2.49	2.866	2.952	2.974	2.979
SPAC1556.08c	cbs2	viable	V	0.053	0.159	0.365	0.615	0.831	1.012	1.282
SPAC1565.01	rcf2	viable	V	0.036	0.102	0.214	0.326	0.407	0.466	0.534
SPAC1565.02c	rga10	viable	V	0.097	0.667	1.224	1.408	1.451	1.461	1.464
SPAC1565.03	SPAC1565.03	viable	V	0.0	0.0	0.041	0.389	0.628	0.704	0.724
SPAC1565.04c	ste4	viable	V	0.032	0.392	0.864	1.038	1.079	1.089	1.091
SPAC1565.05	utp8	inviable	E	0.258	1.777	3.262	3.755	3.868	3.896	3.903
SPAC1565.06c	spg1	inviable	E	0.011	0.773	2.981	4.075	4.354	4.424	4.441
SPAC1565.07c	knd1	viable	V	0.0	0.084	0.443	0.652	0.708	0.722	0.725
SPAC1565.08	cdc48	inviable	E	0.12	1.443	3.153	3.779	3.927	3.963	3.973
SPAC15A10.01	atm1	condition-dependent	E	0.0	0.0	0.174	2.187	3.741	4.256	4.394
SPAC15A10.02	taf12	inviable	E	0.184	0.88	2.03	2.888	3.313	3.519	3.648
SPAC15A10.03c	rad54	viable	V	0.06	0.691	2.015	2.891	3.234	3.364	3.42
SPAC15A10.04c	zpr1	inviable	E	0.151	1.533	3.177	3.761	3.898	3.931	3.94
SPAC15A10.05c	mug182	viable	V	0.012	0.083	0.153	0.176	0.182	0.183	0.183
SPAC15A10.06	nhx1	viable	V	0.053	0.136	0.277	0.436	0.567	0.674	0.833
SPAC15A10.07	SPAC15A10.07	viable	V	0.014	0.044	0.102	0.172	0.232	0.28	0.349
SPAC15A10.08	ain1	viable	V	0.084	0.578	1.06	1.221	1.257	1.266	1.269
SPAC15A10.09c	pun1	viable	V	0.0	0.0	0.024	0.173	0.263	0.291	0.299
SPAC15A10.10	mde6	viable	V	0.008	0.036	0.076	0.102	0.114	0.119	0.122
SPAC15A10.11	ubr11	viable	V	0.005	0.102	0.389	0.613	0.707	0.743	0.759
SPAC15A10.12c	tca17	inviable	E	0.0	0.097	1.533	3.421	4.237	4.519	4.619
SPAC15A10.13	ppk3	viable	V	0.0	0.084	0.55	0.85	0.932	0.953	0.958
SPAC15A10.15	sgo2	viable	V	0.0	0.0	0.0	0.011	0.084	0.327	1.725
SPAC15A10.16	bud6	viable	V	0.007	0.09	0.262	0.372	0.413	0.428	0.434
SPAC15E1.02c	SPAC15E1.02c	viable	V	0.0	0.0	0.113	0.504	0.692	0.747	0.762
SPAC15E1.04	hal3	viable	V	0.216	1.493	2.741	3.155	3.25	3.273	3.279
SPAC15E1.05c	ect1	viable	V	-0.088	-0.045	-0.016	-0.004	-0.001	-0.0	-0.0
SPAC15E1.06	vps29	viable	V	0.104	0.284	0.588	0.903	1.141	1.32	1.544
SPAC15E1.07c	moa1	viable	V	0.0	0.058	0.462	0.748	0.828	0.849	0.854
SPAC15E1.08	naa10	inviable	E	0.001	0.058	0.655	1.915	2.97	3.64	4.153
SPAC15E1.09	grx2	viable	V	-0.003	-0.012	-0.026	-0.034	-0.037	-0.038	-0.039
SPAC15E1.10	fub1	viable	V	-0.066	-0.119	-0.203	-0.307	-0.413	-0.525	-0.817
SPAC15F9.01c	glm1	viable	V	-0.025	-0.175	-0.322	-0.371	-0.383	-0.385	-0.386
SPAC15F9.02	seh1	viable	V	0.001	0.014	0.081	0.224	0.38	0.52	0.712
SPAC15F9.03c	nxt2	inviable	E	0.144	1.541	3.478	4.283	4.498	4.557	4.573
SPAC16.01	rho2	viable	V	0.0	0.041	0.345	0.566	0.628	0.644	0.648
SPAC16.02c	srp2	inviable	E	0.128	0.777	1.911	2.716	3.082	3.245	3.334
SPAC16.03c	ura2	viable	V	0.137	0.253	0.447	0.693	0.948	1.225	1.969
SPAC16.04	dus3	viable	V	0.004	0.146	0.466	0.61	0.646	0.655	0.657
SPAC16.05c	sfp1	viable	V	0.161	0.533	1.146	1.704	2.059	2.282	2.489
SPAC1610.01	saf5	viable	V	0.0	0.0	0.013	0.978	2.682	3.506	3.784
SPAC1610.02c	mrpl1	viable	V	0.001	0.023	0.25	0.905	1.706	2.434	3.343
SPAC1610.03c	crp79	viable	V	-0.034	-0.151	-0.32	-0.429	-0.476	-0.497	-0.508
SPAC1610.04	mmc1	viable	V	0.082	0.189	0.369	0.575	0.755	0.912	1.178
SPAC1635.01	por1	viable	V	0.158	0.278	0.466	0.701	0.94	1.199	1.905
SPAC1639.01c	elo1	viable	V	0.031	0.216	0.397	0.457	0.47	0.474	0.475
SPAC1639.02c	trk2	viable	V	0.009	0.016	0.026	0.04	0.053	0.068	0.108
SPAC167.01	ire1	viable	V	0.014	0.0	0.0	0.0	0.0	0.0	0.0
SPAC167.02	ptb1	inviable	E	0.194	1.621	3.161	3.689	3.812	3.842	3.85
SPAC167.03c	snu66	inviable	E	0.288	1.985	3.643	4.193	4.32	4.351	4.359
SPAC167.04	pam17	viable	V	-0.005	-0.003	-0.001	-0.0	-0.0	-0.0	-0.0
SPAC167.05	dbs2	viable	V	0.0	0.001	0.075	0.356	0.609	0.75	0.83
SPAC167.07c	hul5	viable	V	0.001	0.081	0.417	0.685	0.787	0.823	0.836
SPAC167.08	Tf2-2	unknown	Not_determined	0.116	0.799	1.467	1.688	1.739	1.752	1.755
SPAC167.09	pga1	unknown	Not_determined	0.021	0.982	3.314	4.392	4.662	4.73	4.746
SPAC1687.01	rpc19	inviable	E	0.298	2.059	3.779	4.35	4.481	4.513	4.521
SPAC1687.02	rce1	inviable	E	0.0	0.003	0.611	2.652	3.886	4.349	4.513
SPAC1687.03c	rfc4	inviable	E	0.003	0.311	1.925	3.272	3.77	3.935	3.993
SPAC1687.04	mcb1	inviable	E	0.196	1.46	3.083	3.802	4.012	4.076	4.097
SPAC1687.05	pli1	viable	V	0.025	0.145	0.489	0.98	1.414	1.761	2.197
SPAC1687.06c	rpl44	viable	V	0.018	0.003	0.0	0.0	0.0	0.0	0.0
SPAC1687.08	SPAC1687.08	viable	V	0.036	0.278	0.528	0.613	0.633	0.638	0.639
SPAC1687.09	irs4	viable	V	0.128	0.224	0.377	0.567	0.761	0.97	1.541
SPAC1687.10	mcp1	viable	V	0.025	0.086	0.185	0.271	0.323	0.354	0.38
SPAC1687.11	spb1	inviable	E	0.203	1.583	3.02	3.507	3.62	3.647	3.654
SPAC1687.12c	coq4	condition-dependent	V	0.006	0.028	0.103	0.263	0.493	0.795	1.715
SPAC1687.13c	csn5	viable	V	0.1	0.227	0.441	0.687	0.903	1.095	1.427
SPAC1687.15	gsk3	viable	V	0.027	0.27	0.559	0.661	0.685	0.691	0.693
SPAC1687.16c	erg31	viable	V	0.022	0.152	0.278	0.32	0.33	0.332	0.333
SPAC1687.17c	SPAC1687.17c	viable	V	0.04	0.277	0.508	0.584	0.602	0.606	0.607
SPAC1687.18c	ssl3	inviable	E	0.014	0.417	1.814	2.944	3.409	3.585	3.659
SPAC1687.19c	qtr1	viable	V	0.029	0.197	0.362	0.417	0.429	0.432	0.433
SPAC1687.20c	mis6	inviable	E	0.0	0.01	0.952	2.85	3.63	3.856	3.918
SPAC1687.21	SPAC1687.21	viable	V	0.014	0.06	0.191	0.403	0.629	0.853	1.258
SPAC1687.22c	puf3	viable	V	-0.0	-0.006	-0.202	-0.457	-0.543	-0.566	-0.572
SPAC1687.23c	SPAC1687.23c	viable	V	0.0	0.0	0.0	0.001	0.188	0.738	1.035
SPAC16A10.01	SPAC16A10.01	viable	V	0.001	0.0	0.0	0.0	0.0	0.0	0.0
SPAC16A10.02	sub1	viable	V	0.006	0.001	0.0	0.0	0.0	0.0	0.0
SPAC16A10.03c	SPAC16A10.03c	viable	V	0.023	0.053	0.103	0.161	0.21	0.254	0.325
SPAC16A10.04	rho4	viable	V	0.034	0.06	0.1	0.151	0.202	0.258	0.41
SPAC16A10.06c	nse2	inviable	E	0.001	0.118	1.139	2.677	3.604	4.051	4.295
SPAC16A10.07c	taz1	viable	V	0.051	0.138	0.284	0.438	0.555	0.644	0.759
SPAC16A10.08c	mug74	unknown	Not_determined	0.047	0.19	0.449	0.686	0.833	0.921	0.995
SPAC16C9.01c	SPAC16C9.01c	viable	V	-0.004	-0.0	-0.0	-0.0	-0.0	-0.0	-0.0
SPAC16C9.02c	mta1	viable	V	0.007	0.12	0.641	1.395	1.947	2.289	2.564
SPAC16C9.03	nmd3	inviable	E	0.261	1.803	3.31	3.81	3.925	3.953	3.96
SPAC16C9.04c	mot2	viable	V	0.0	0.059	0.704	1.769	2.425	2.74	2.909
SPAC16C9.05	cph1	condition-dependent	V	0.01	0.246	0.672	0.849	0.891	0.902	0.905
SPAC16C9.06c	upf1	viable	V	0.002	0.016	0.085	0.23	0.402	0.573	0.856
SPAC16C9.07	pom2	viable	V	0.025	0.228	0.511	0.637	0.673	0.684	0.688
SPAC16E8.01	shd1	viable	V	0.0	0.0	0.0	0.083	0.402	0.587	0.645
SPAC16E8.04c	aro7	inviable	E	0.107	1.54	3.558	4.321	4.502	4.547	4.558
SPAC16E8.05c	SPAC16E8.05c	viable	V	0.064	0.112	0.189	0.284	0.381	0.486	0.772
SPAC16E8.06c	nop12	viable	V	0.0	0.059	0.459	0.738	0.817	0.837	0.842
SPAC16E8.07c	vph1	inviable	E	0.326	1.162	2.496	3.611	4.256	4.625	4.92
SPAC16E8.08	pos1	viable	V	-0.01	-0.005	-0.002	-0.0	-0.0	-0.0	-0.0
SPAC16E8.09	scd1	viable	V	0.014	0.073	0.257	0.553	0.854	1.128	1.554
SPAC16E8.10c	rsm7	inviable	E	0.0	0.096	1.48	3.202	3.912	4.149	4.23
SPAC16E8.11c	tfb1	inviable	E	0.017	0.683	2.67	3.904	4.302	4.425	4.465
SPAC16E8.12c	png3	viable	V	0.0	0.005	0.129	0.275	0.322	0.335	0.338
SPAC16E8.13	SPAC16E8.13	viable	V	0.009	0.051	0.143	0.234	0.29	0.323	0.35
SPAC16E8.14c	tae1	viable	V	0.0	0.0	0.0	0.0	0.001	0.166	0.8
SPAC16E8.15	tif45	inviable	E	0.232	1.771	3.355	3.89	4.013	4.044	4.051
SPAC16E8.16	sua7	inviable	E	0.183	1.265	2.322	2.673	2.754	2.773	2.778
SPAC16E8.17c	sca1	viable	V	0.0	0.023	0.237	0.406	0.455	0.468	0.471
SPAC16E8.18	SPAC16E8.18	viable	V	0.01	0.066	0.122	0.14	0.145	0.146	0.146
SPAC16E8.18c	tam5	unknown	Not_determined	0.028	0.196	0.361	0.415	0.428	0.431	0.431
SPAC1705.02	SPAC1705.02	viable	V	-0.0	-0.053	-0.396	-0.631	-0.697	-0.714	-0.718
SPAC1705.03c	ecm33	viable	V	0.01	0.077	0.32	0.733	1.141	1.494	1.975
SPAC1751.01c	gti1	viable	V	0.001	0.0	0.0	0.0	0.0	0.0	0.0
SPAC1751.02c	rsm19	inviable	E	0.0	0.015	1.124	3.32	4.254	4.536	4.617
SPAC1751.03	tif313	inviable	E	0.153	1.023	1.909	2.223	2.299	2.319	2.324
SPAC1751.04	loc1	viable	V	0.017	0.038	0.072	0.112	0.149	0.182	0.244
SPAC1782.01	ecm29	viable	V	0.025	0.012	0.004	0.001	0.0	0.0	0.0
SPAC1782.02c	SPAC1782.02c	viable	V	0.0	0.0	0.013	0.258	0.483	0.562	0.584
SPAC1782.03	saf3	inviable	E	0.187	1.585	3.589	4.548	4.844	4.937	4.968
SPAC1782.04	cox24	viable	V	0.024	0.047	0.086	0.132	0.177	0.221	0.318
SPAC1782.05	ypa2	viable	V	0.012	0.131	0.642	1.508	2.304	2.926	3.629
SPAC1782.06c	phb1	viable	V	0.032	0.121	0.26	0.371	0.433	0.466	0.491
SPAC1782.07	qcr8	viable	V	0.117	0.229	0.411	0.632	0.847	1.064	1.556
SPAC1782.08c	rex3	viable	V	-0.004	-0.001	-0.0	-0.0	-0.0	-0.0	-0.0
SPAC1782.09c	clp1	viable	V	-0.066	-0.033	-0.011	-0.002	-0.0	-0.0	-0.0
SPAC1782.11	met14	viable	V	0.052	0.359	0.658	0.757	0.78	0.786	0.787
SPAC1782.12c	SPAC1782.12c	viable	V	0.0	0.0	0.0	0.003	0.229	0.674	0.88
SPAC1783.01	SPAC1783.01	viable	V	-0.0	-0.017	-0.22	-0.564	-0.774	-0.873	-0.924
SPAC1783.02c	vps66	viable	V	0.082	0.289	0.763	1.418	2.044	2.612	3.545
SPAC1783.03	fta2	inviable	E	0.013	0.28	1.417	2.781	3.603	4.032	4.305
SPAC1783.04c	hst4	viable	V	0.052	0.371	1.203	2.113	2.71	3.07	3.365
SPAC1783.05	hrp1	viable	V	0.008	0.03	0.091	0.198	0.327	0.472	0.813
SPAC1783.06c	atg12	viable	V	-0.001	-0.0	-0.0	-0.0	-0.0	-0.0	-0.0
SPAC1783.07c	pap1	viable	V	0.145	0.072	0.024	0.005	0.001	0.0	0.0
SPAC1786.01c	ptl2	viable	V	-0.0	-0.055	-0.281	-0.41	-0.445	-0.453	-0.455
SPAC1786.02	plb2	viable	V	0.107	0.738	1.355	1.56	1.607	1.619	1.622
SPAC1786.04	SPAC1786.04	viable	V	0.113	0.227	0.429	0.7	0.992	1.316	2.213
SPAC17A2.01	bsu1	viable	V	0.015	0.103	0.19	0.218	0.225	0.226	0.227
SPAC17A2.02c	tlc4	viable	V	0.038	0.013	0.002	0.0	0.0	0.0	0.0
SPAC17A2.03c	vma6	inviable	E	0.157	0.783	1.933	2.896	3.422	3.699	3.893
SPAC17A2.04c	cns1	inviable	E	0.243	1.548	3.292	4.165	4.454	4.552	4.59
SPAC17A2.05	osm1	viable	V	-0.003	-0.089	-0.253	-0.322	-0.339	-0.343	-0.344
SPAC17A2.06c	vps8	viable	V	0.001	0.078	0.289	0.392	0.419	0.425	0.427
SPAC17A2.07c	SPAC17A2.07c	viable	V	0.013	0.078	0.153	0.186	0.196	0.199	0.2
SPAC17A2.08c	ntr2	condition-dependent	E	0.142	1.122	2.697	3.589	3.91	4.025	4.072
SPAC17A2.09c	csx1	viable	V	0.0	0.001	0.106	0.308	0.385	0.407	0.412
SPAC17A2.10c	SPAC17A2.10c	viable	V	0.017	0.031	0.053	0.081	0.108	0.138	0.212
SPAC17A2.12	rrp1	viable	V	0.015	0.002	0.0	0.0	0.0	0.0	0.0
SPAC17A2.13c	rad25	viable	V	0.003	0.0	0.0	0.0	0.0	0.0	0.0
SPAC17A2.14	mnr2	viable	V	0.048	0.33	0.606	0.698	0.719	0.724	0.725
SPAC17A5.01	pex6	viable	V	-0.044	-0.022	-0.007	-0.002	-0.0	-0.0	-0.0
SPAC17A5.02c	dbr1	viable	V	0.045	0.197	0.61	1.244	1.884	2.481	3.47
SPAC17A5.04c	mde10	viable	V	0.083	0.573	1.051	1.21	1.247	1.256	1.258
SPAC17A5.05c	SPAC17A5.05c	viable	V	0.099	0.18	0.311	0.478	0.65	0.837	1.349
SPAC17A5.06	ptr8	inviable	E	0.247	1.662	3.089	3.586	3.706	3.737	3.745
SPAC17A5.07c	ulp2	condition-dependent	V	0.041	0.321	1.133	2.119	2.821	3.273	3.675
SPAC17A5.08	erp2	viable	V	0.001	0.0	0.0	0.0	0.0	0.0	0.0
SPAC17A5.09c	glc8	viable	V	-0.0	-0.0	-0.0	-0.0	-0.0	-0.0	-0.0
SPAC17A5.11	rec12	viable	V	-0.046	-0.318	-0.584	-0.672	-0.693	-0.698	-0.699
SPAC17A5.12	ucp7	inviable	E	0.121	1.494	3.575	4.485	4.734	4.803	4.824
SPAC17A5.13	fol2	inviable	E	0.198	1.492	3.354	4.297	4.607	4.71	4.748
SPAC17A5.14	exo2	viable	V	0.159	0.709	1.776	2.799	3.444	3.835	4.171
SPAC17A5.15c	gus1	inviable	E	0.288	1.989	3.651	4.202	4.33	4.361	4.368
SPAC17A5.16	hid1	viable	V	0.085	0.27	0.574	0.857	1.043	1.162	1.279
SPAC17A5.18c	rec25	viable	V	-0.027	-0.129	-0.271	-0.357	-0.391	-0.405	-0.413
SPAC17A5.19	SPAC17A5.19	viable	Not_determined	0.004	0.021	0.043	0.054	0.058	0.059	0.06
SPAC17C9.01c	nuc2	inviable	E	0.153	1.338	2.855	3.479	3.648	3.695	3.709
SPAC17C9.02c	lys7	condition-dependent	V	0.029	0.075	0.154	0.238	0.303	0.354	0.422
SPAC17C9.03	tif471	inviable	E	0.196	1.35	2.477	2.851	2.937	2.958	2.964
SPAC17C9.05c	pmc3	viable	V	0.035	0.426	1.131	1.513	1.638	1.678	1.693
SPAC17C9.06	sam50	inviable	E	0.013	0.536	2.156	3.207	3.559	3.67	3.708
SPAC17C9.07	alg8	viable	V	0.0	0.0	0.0	0.027	0.189	0.446	0.745
SPAC17C9.08	pnu1	viable	V	0.055	0.256	0.538	0.711	0.784	0.814	0.829
SPAC17C9.09c	tim13	viable	V	0.047	0.534	1.149	1.371	1.424	1.437	1.44
SPAC17C9.10	stm1	viable	V	0.098	0.676	1.241	1.429	1.472	1.483	1.485
SPAC17C9.11c	SPAC17C9.11c	viable	V	-0.01	-0.023	-0.044	-0.069	-0.09	-0.11	-0.144
SPAC17C9.12	scs22	viable	V	0.001	0.015	0.083	0.189	0.274	0.333	0.386
SPAC17C9.13c	cut8	condition-dependent	V	0.169	0.997	2.46	3.533	4.038	4.27	4.403
SPAC17C9.14	pex19	viable	V	0.014	0.099	0.182	0.21	0.216	0.218	0.218
SPAC17C9.16c	mfs1	viable	V	-0.061	-0.42	-0.772	-0.888	-0.915	-0.922	-0.923
SPAC17D4.01	pex7	viable	V	0.077	0.162	0.304	0.473	0.629	0.777	1.068
SPAC17D4.02	cdc45	inviable	E	0.193	1.943	4.058	4.828	5.013	5.059	5.071
SPAC17D4.03c	cis4	viable	V	0.002	0.112	0.433	0.592	0.632	0.642	0.645
SPAC17D4.04	trm401	viable	V	0.0	0.0	0.0	0.012	0.284	0.603	0.727
SPAC17G6.03	efn3	viable	V	0.063	0.18	0.377	0.575	0.718	0.821	0.941
SPAC17G6.04c	cpp1	viable	V	0.0	0.0	0.189	2.188	3.683	4.176	4.309
SPAC17G6.05c	bro1	viable	V	0.0	0.026	0.523	1.045	1.21	1.254	1.265
SPAC17G6.08	pep7	viable	V	-0.003	-0.0	-0.0	-0.0	-0.0	-0.0	-0.0
SPAC17G6.09	sec62	inviable	E	0.302	2.084	3.825	4.402	4.535	4.568	4.576
SPAC17G6.10	ssr1	inviable	E	0.008	0.179	1.002	2.155	2.95	3.413	3.752
SPAC17G6.11c	ghs2	inviable	E	0.212	1.312	2.71	3.378	3.592	3.662	3.687
SPAC17G6.12	cul1	inviable	E	0.068	0.684	2.022	3.004	3.433	3.611	3.7
SPAC17G6.13	slt1	viable	V	-0.066	-0.216	-0.461	-0.683	-0.824	-0.912	-0.994
SPAC17G6.14c	uap56	inviable	E	0.192	1.368	3.083	3.987	4.297	4.405	4.446
SPAC17G6.15c	fsf1	viable	V	-0.036	-0.075	-0.145	-0.242	-0.347	-0.464	-0.79
SPAC17G6.16c	ysh1	inviable	E	0.173	1.46	3.331	4.243	4.529	4.62	4.652
SPAC17G6.17	pof8	viable	V	0.089	0.611	1.121	1.291	1.33	1.339	1.342
SPAC17G8.01c	trl1	inviable	E	0.128	1.478	3.191	3.813	3.96	3.996	4.005
SPAC17G8.02	urh2	inviable	E	0.001	0.043	0.134	0.174	0.184	0.186	0.187
SPAC17G8.03c	bur6	inviable	E	0.008	0.134	0.78	1.859	2.762	3.39	3.974
SPAC17G8.04c	arc5	inviable	E	0.281	2.063	3.863	4.466	4.606	4.64	4.649
SPAC17G8.05	med20	viable	V	0.009	0.077	0.368	0.903	1.458	1.949	2.625
SPAC17G8.06c	ilv3	viable	V	0.133	1.221	3.109	4.206	4.602	4.743	4.8
SPAC17G8.08c	gdt2	viable	V	-0.0	-0.0	-0.0	-0.0	-0.0	-0.0	-0.0
SPAC17G8.09	shg1	viable	V	0.0	0.0	0.0	0.001	0.196	0.66	0.893
SPAC17G8.10c	dma1	viable	V	0.007	0.397	1.429	1.923	2.048	2.08	2.087
SPAC17G8.11c	imt3	viable	V	0.001	0.006	0.032	0.108	0.239	0.432	1.063
SPAC17G8.12	sec3	condition-dependent	E	0.068	0.603	1.799	2.763	3.227	3.439	3.557
SPAC17G8.13c	mst2	viable	V	0.065	0.129	0.234	0.36	0.482	0.604	0.873
SPAC17G8.14c	pck1	viable	V	0.046	0.081	0.136	0.205	0.275	0.351	0.557
SPAC17G8.15	wip1	condition-dependent	Not_determined	0.0	0.025	1.312	3.285	3.991	4.182	4.23
SPAC17H9.01	cid16	viable	V	0.018	0.081	0.217	0.36	0.459	0.524	0.585
SPAC17H9.02	mtl1	inviable	E	0.001	0.085	0.847	2.15	3.047	3.532	3.838
SPAC17H9.03c	rdl1	viable	V	0.0	0.0	0.0	0.0	0.0	0.126	1.34
SPAC17H9.04c	dri1	viable	V	0.064	0.456	0.844	0.974	1.004	1.011	1.013
SPAC17H9.05	ebp2	inviable	E	0.177	0.943	2.153	2.962	3.319	3.474	3.557
SPAC17H9.06c	SPAC17H9.06c	viable	V	0.013	0.091	0.167	0.192	0.198	0.2	0.2
SPAC17H9.07	srp21	inviable	E	0.001	0.242	1.816	3.046	3.44	3.553	3.586
SPAC17H9.08	leu5	viable	V	0.015	0.121	0.515	1.166	1.786	2.3	2.952
SPAC17H9.09c	ras1	viable	V	0.081	0.141	0.238	0.357	0.479	0.611	0.971
SPAC17H9.10c	ddb1	viable	V	0.256	0.832	1.775	2.634	3.184	3.531	3.857
SPAC17H9.12c	cyc2	viable	V	0.016	0.088	0.281	0.536	0.748	0.91	1.1
SPAC17H9.13c	pro2	viable	V	0.0	0.0	0.001	0.057	0.331	0.786	1.469
SPAC17H9.14c	pdi2	viable	V	-0.011	-0.02	-0.033	-0.05	-0.067	-0.086	-0.137
SPAC17H9.17c	mdm10	inviable	E	0.015	0.393	1.856	3.308	4.033	4.356	4.523
SPAC17H9.18c	SPAC17H9.18c	viable	Not_determined	0.076	0.526	0.965	1.111	1.144	1.153	1.155
SPAC17H9.19c	cdt2	viable	V	0.272	1.179	2.509	3.409	3.822	4.012	4.123
SPAC17H9.20	psc3	inviable	E	0.07	0.987	3.009	4.312	4.797	4.973	5.043
SPAC1805.01c	ppk6	viable	V	0.047	0.308	0.579	0.678	0.703	0.71	0.712
SPAC1805.02c	etf2	viable	V	-0.054	-0.095	-0.159	-0.239	-0.321	-0.409	-0.65
SPAC1805.03c	trm13	viable	V	-0.0	-0.0	-0.0	-0.0	-0.0	-0.0	-0.0
SPAC1805.04	nup132	viable	V	0.015	0.135	0.45	0.757	0.931	1.023	1.085
SPAC1805.05	cki3	viable	V	-0.418	-0.417	-0.414	-0.401	-0.351	-0.174	-0.0
SPAC1805.06c	hem2	viable	V	0.005	0.529	2.427	3.532	3.844	3.929	3.952
SPAC1805.07c	dad2	viable	V	0.031	0.19	0.534	0.855	1.041	1.143	1.217
SPAC1805.08	dlc1	viable	V	-0.009	-0.005	-0.002	-0.0	-0.0	-0.0	-0.0
SPAC1805.09c	fmt1	viable	V	0.038	0.263	0.483	0.556	0.573	0.577	0.578
SPAC1805.10	ccz1	viable	V	0.022	0.106	0.284	0.469	0.593	0.672	0.745
SPAC1805.11c	rps2602	viable	V	0.221	1.525	2.799	3.221	3.319	3.343	3.349
SPAC1805.12c	ubi2	viable	V	0.08	0.301	0.775	1.357	1.84	2.223	2.723
SPAC1805.13	rpl14	viable	V	0.101	0.98	2.145	2.622	2.75	2.785	2.795
SPAC1805.14	SPAC1805.14	viable	V	0.0	0.003	0.086	0.372	0.683	0.907	1.093
SPAC1805.15c	pub2	viable	V	0.084	0.577	1.058	1.218	1.255	1.264	1.266
SPAC1805.16c	SPAC1805.16c	viable	V	-0.0	-0.015	-0.109	-0.28	-0.42	-0.512	-0.589
SPAC1805.17	crm1	inviable	E	0.217	1.918	3.804	4.458	4.61	4.648	4.657
SPAC1805.18	pop6	unknown	Not_determined	0.009	0.504	1.813	2.438	2.596	2.636	2.645
SPAC1834.01	erf1	inviable	E	0.278	1.919	3.522	4.054	4.176	4.206	4.214
SPAC1834.02	aro1	inviable	E	0.274	1.89	3.469	3.993	4.113	4.143	4.15
SPAC1834.04	hht1	viable	V	0.066	0.197	0.414	0.626	0.775	0.878	0.989
SPAC1834.05	alg9	viable	V	0.0	0.008	0.205	0.802	1.354	1.701	1.943
SPAC1834.06c	pmo25	inviable	E	0.016	0.889	3.15	4.222	4.492	4.559	4.576
SPAC1834.07	klp3	viable	V	0.035	0.238	0.437	0.503	0.518	0.522	0.523
SPAC1834.08	mak1	viable	V	0.038	0.133	0.326	0.552	0.733	0.873	1.048
SPAC1834.09	whr1	viable	V	0.008	0.0	0.0	0.0	0.0	0.0	0.0
SPAC1834.10c	SPAC1834.10c	viable	V	0.17	1.171	2.15	2.474	2.549	2.568	2.572
SPAC1834.11c	sec18	inviable	E	0.288	1.991	3.654	4.205	4.333	4.364	4.372
SPAC1834.13	SPAC1834.13	viable	Not_determined	0.026	0.18	0.331	0.381	0.393	0.396	0.396
SPAC1851.02	slc1	viable	V	0.0	0.004	0.063	0.295	0.643	1.007	1.531
SPAC1851.03	ckb1	condition-dependent	V	0.0	0.028	0.419	1.339	2.126	2.619	2.979
SPAC1851.04c	ric1	viable	V	0.013	0.254	1.277	2.565	3.384	3.834	4.141
SPAC186.01	pfl9	viable	V	0.095	0.234	0.497	0.839	1.175	1.503	2.163
SPAC186.02c	SPAC186.02c	viable	V	-0.0	-0.001	-0.149	-0.504	-0.654	-0.696	-0.706
SPAC186.03	SPAC186.03	viable	V	0.016	0.107	0.196	0.226	0.233	0.234	0.235
SPAC186.04c	SPAC186.04c	unknown	Not_determined	0.071	0.245	0.526	0.769	0.916	1.003	1.077
SPAC186.05c	gdt1	viable	V	0.01	0.317	0.934	1.201	1.266	1.282	1.286
SPAC186.07c	SPAC186.07c	viable	V	0.002	0.097	0.318	0.419	0.444	0.451	0.452
SPAC186.08c	ldh1	viable	V	0.104	0.718	1.317	1.516	1.562	1.573	1.576
SPAC186.09	pdc102	viable	V	0.054	0.372	0.683	0.786	0.81	0.816	0.817
SPAC18B11.02c	pus9	viable	V	0.03	0.204	0.375	0.432	0.445	0.448	0.449
SPAC18B11.03c	SPAC18B11.03c	viable	V	0.055	0.266	0.556	0.728	0.796	0.824	0.838
SPAC18B11.04	ncs1	viable	V	0.036	0.248	0.455	0.524	0.54	0.544	0.545
SPAC18B11.05	gpi18	inviable	E	0.009	0.69	2.7	3.703	3.959	4.024	4.04
SPAC18B11.06	lcp5	inviable	E	0.097	0.987	2.046	2.422	2.51	2.532	2.537
SPAC18B11.07c	rhp6	viable	V	0.266	0.965	2.079	3.001	3.528	3.826	4.06
SPAC18B11.08c	pat10	viable	V	-0.066	-0.033	-0.011	-0.002	-0.0	-0.0	-0.0
SPAC18B11.09c	SPAC18B11.09c	viable	V	-0.07	-0.035	-0.012	-0.003	-0.0	-0.0	-0.0
SPAC18B11.10	tup11	viable	V	0.087	0.203	0.399	0.621	0.813	0.98	1.255
SPAC18B11.11	SPAC18B11.11	condition-dependent	E	0.035	0.18	0.581	1.145	1.646	2.052	2.578
SPAC18G6.01c	aim18	viable	V	-0.007	-0.013	-0.021	-0.032	-0.043	-0.055	-0.087
SPAC18G6.02c	chp1	viable	V	0.0	0.0	0.0	0.0	0.149	0.591	0.832
SPAC18G6.03	ypt3	inviable	E	0.305	2.106	3.866	4.45	4.584	4.617	4.625
SPAC18G6.04c	shm2	viable	V	0.005	0.009	0.015	0.023	0.031	0.039	0.062
SPAC18G6.05c	gcn1	viable	V	0.036	0.105	0.252	0.451	0.647	0.836	1.188
SPAC18G6.07c	mra1	inviable	E	0.135	1.858	4.281	5.209	5.434	5.49	5.504
SPAC18G6.10	lem2	viable	V	0.008	0.063	0.289	0.734	1.243	1.743	2.57
SPAC18G6.11c	rrn3	inviable	E	0.234	1.745	3.283	3.8	3.92	3.949	3.956
SPAC18G6.12c	SPAC18G6.12c	viable	V	-0.053	-0.172	-0.366	-0.544	-0.659	-0.731	-0.8
SPAC18G6.13	SPAC18G6.13	viable	V	0.0	0.001	0.04	0.349	0.948	1.601	2.428
SPAC18G6.15	mal3	viable	V	-0.468	-0.468	-0.468	-0.467	-0.463	-0.443	-0.0
SPAC1952.01	gab1	inviable	E	0.177	1.546	3.381	4.181	4.408	4.474	4.494
SPAC1952.02	tma23	viable	V	0.205	0.618	1.362	2.164	2.782	3.247	3.827
SPAC1952.03	otu2	viable	V	0.0	0.002	0.27	0.868	1.111	1.179	1.196
SPAC1952.04c	SPAC1952.04c	unknown	Not_determined	0.01	0.005	0.001	0.0	0.0	0.0	0.0
SPAC1952.05	gcn5	viable	V	0.023	0.212	0.761	1.363	1.742	1.958	2.119
SPAC1952.06c	SPAC1952.06c	viable	V	0.0	0.0	0.056	0.333	0.488	0.534	0.546
SPAC1952.07	rad1	viable	V	0.009	0.059	0.219	0.454	0.66	0.819	1.008
SPAC1952.08c	SPAC1952.08c	viable	V	-0.066	-0.118	-0.201	-0.303	-0.407	-0.518	-0.81
SPAC1952.09c	ach1	viable	V	0.028	0.194	0.357	0.411	0.423	0.426	0.427
SPAC1952.10c	SPAC1952.10c	viable	V	0.001	0.099	0.516	0.755	0.818	0.834	0.838
SPAC1952.11c	ure2	condition-dependent	V	0.03	0.459	1.109	1.371	1.437	1.453	1.458
SPAC1952.12c	csn71	viable	V	0.138	0.716	1.468	1.868	2.013	2.066	2.089
SPAC1952.13	ned1	inviable	E	0.129	1.265	3.368	4.651	5.129	5.304	5.377
SPAC1952.14c	mrpl25	inviable	E	0.0	0.062	1.045	2.742	3.71	4.13	4.324
SPAC1952.15c	rec24	viable	V	0.027	0.013	0.004	0.001	0.0	0.0	0.0
SPAC1952.16	rga9	viable	V	0.007	0.04	0.112	0.182	0.226	0.253	0.274
SPAC1952.17c	tbc13	viable	V	0.028	0.095	0.229	0.384	0.508	0.605	0.728
SPAC19A8.01c	sec73	viable	V	0.0	0.0	0.0	0.0	0.0	0.017	1.432
SPAC19A8.02	ltc2	viable	V	-0.007	-0.004	-0.001	-0.0	-0.0	-0.0	-0.0
SPAC19A8.03	ymr1	viable	V	0.0	0.034	0.172	0.249	0.27	0.275	0.277
SPAC19A8.04	erg5	viable	V	0.0	0.0	0.0	0.034	0.313	0.572	0.682
SPAC19A8.05c	sst4	viable	V	0.0	0.001	0.128	0.459	0.601	0.642	0.652
SPAC19A8.06	pbr1	inviable	E	0.198	1.816	4.079	5.094	5.387	5.474	5.501
SPAC19A8.07c	imp4	inviable	E	0.352	1.784	3.681	4.726	5.115	5.263	5.329
SPAC19A8.08	upf2	viable	V	0.075	0.211	0.438	0.67	0.841	0.965	1.112
SPAC19A8.09	yos1	inviable	E	0.339	2.337	4.289	4.937	5.086	5.123	5.132
SPAC19A8.10	rfp1	viable	V	0.0	0.0	0.0	0.03	0.35	0.633	0.733
SPAC19A8.11c	irc6	viable	V	0.047	0.25	0.798	1.547	2.191	2.698	3.325
SPAC19A8.12	dcp2	inviable	E	0.201	1.033	2.196	2.875	3.142	3.247	3.297
SPAC19A8.13	usp101	inviable	E	0.0	0.172	1.586	2.654	2.96	3.039	3.059
SPAC19A8.14	pth2	viable	V	-0.009	-0.005	-0.002	-0.0	-0.0	-0.0	-0.0
SPAC19A8.15	trp2	inviable	E	0.287	1.979	3.632	4.181	4.307	4.338	4.346
SPAC19A8.16	prl65	viable	Not_determined	0.019	0.133	0.244	0.281	0.29	0.292	0.292
SPAC19B12.01	ceo5	inviable	E	0.267	1.904	3.53	4.072	4.198	4.228	4.236
SPAC19B12.02c	gas1	condition-dependent	E	0.246	1.331	2.853	3.726	4.06	4.189	4.248
SPAC19B12.03	bgs3	inviable	E	0.272	1.709	3.277	3.894	4.061	4.108	4.123
SPAC19B12.04	rps3001	viable	V	0.112	0.263	0.57	1.024	1.542	2.138	3.813
SPAC19B12.05c	fcp1	inviable	E	0.026	0.847	2.534	3.266	3.447	3.491	3.503
SPAC19B12.06c	rbd4	viable	V	0.014	0.058	0.144	0.233	0.295	0.336	0.376
SPAC19B12.07c	SPAC19B12.07c	viable	V	-0.027	-0.187	-0.343	-0.395	-0.407	-0.41	-0.411
SPAC19B12.08	atg4	viable	V	0.029	0.202	0.371	0.427	0.44	0.443	0.443
SPAC19B12.09	srp14	unknown	Not_determined	0.013	0.312	1.622	3.192	4.124	4.603	4.9
SPAC19B12.10	sst2	viable	V	0.035	0.153	0.326	0.443	0.496	0.521	0.535
SPAC19D5.01	pyp2	viable	V	0.05	0.088	0.147	0.221	0.297	0.379	0.602
SPAC19D5.03	cid1	viable	V	-0.038	-0.238	-0.457	-0.544	-0.568	-0.574	-0.577
SPAC19D5.04	ptr1	inviable	E	0.183	1.655	3.365	3.985	4.135	4.173	4.182
SPAC19D5.05c	imp3	inviable	E	0.133	0.918	1.686	1.94	1.999	2.013	2.017
SPAC19D5.06c	din1	viable	V	0.0	0.008	0.1	0.18	0.205	0.211	0.212
SPAC19D5.07	uga1	viable	V	-0.0	-0.0	-0.0	-0.0	-0.0	-0.0	-0.0
SPAC19D5.09c	Tf2-8	unknown	Not_determined	0.334	0.327	0.296	0.184	0.024	0.0	0.0
SPAC19D5.11c	ctf8	viable	V	0.0	0.0	0.039	0.257	0.384	0.423	0.433
SPAC19E9.01c	nup40	viable	V	0.076	0.522	0.957	1.102	1.135	1.143	1.145
SPAC19E9.02	fin1	viable	V	0.085	0.155	0.267	0.406	0.546	0.694	1.072
SPAC19E9.03	pas1	viable	V	0.026	0.229	0.663	1.0	1.157	1.227	1.265
SPAC19G12.01c	cut20	inviable	E	0.062	1.211	3.086	3.833	4.013	4.057	4.068
SPAC19G12.02c	pms1	viable	V	0.011	0.071	0.133	0.155	0.16	0.162	0.162
SPAC19G12.03	cda1	viable	V	-0.039	-0.266	-0.489	-0.563	-0.58	-0.584	-0.585
SPAC19G12.04	dal1	viable	V	-0.04	-0.273	-0.501	-0.577	-0.594	-0.599	-0.6
SPAC19G12.05	mce1	viable	V	0.0	0.0	0.0	0.0	0.117	0.463	0.651
SPAC19G12.07c	rsd1	inviable	E	0.076	0.386	1.099	1.894	2.46	2.838	3.206
SPAC19G12.08	scs7	viable	V	0.034	0.279	0.987	1.82	2.392	2.747	3.047
SPAC19G12.09	SPAC19G12.09	viable	V	-0.002	-0.0	-0.0	-0.0	-0.0	-0.0	-0.0
SPAC19G12.10c	cpy1	viable	V	0.025	0.172	0.316	0.363	0.374	0.377	0.378
SPAC19G12.11	coq9	condition-dependent	V	0.0	0.007	0.089	0.38	0.835	1.354	2.254
SPAC19G12.12	dlp1	condition-dependent	V	0.0	0.0	0.011	0.348	1.113	1.731	2.134
SPAC19G12.13c	poz1	viable	V	0.023	0.052	0.105	0.172	0.24	0.309	0.462
SPAC19G12.14	its3	inviable	E	0.281	2.085	3.916	4.532	4.674	4.709	4.718
SPAC19G12.15c	tpp1	viable	V	0.0	0.0	0.017	0.408	0.901	1.127	1.206
SPAC19G12.16c	adg2	viable	V	-0.0	-0.0	-0.0	-0.0	-0.0	-0.0	-0.0
SPAC19G12.17	erh1	viable	Not_determined	0.102	0.183	0.313	0.476	0.645	0.828	1.327
SPAC1A6.01c	rqt4	viable	V	0.068	0.144	0.285	0.481	0.696	0.939	1.613
SPAC1A6.03c	plb3	viable	V	0.004	0.076	0.331	0.597	0.742	0.812	0.853
SPAC1A6.04c	plb1	viable	V	0.043	0.075	0.127	0.19	0.256	0.326	0.518
SPAC1A6.05c	ptl3	viable	V	-0.266	-0.266	-0.265	-0.263	-0.255	-0.215	-0.0
SPAC1A6.06c	meu31	viable	V	0.24	0.118	0.04	0.009	0.001	0.0	0.0
SPAC1A6.08c	mug125	viable	V	0.038	0.418	0.892	1.063	1.103	1.113	1.115
SPAC1A6.09c	lag1	viable	V	-0.01	-0.027	-0.056	-0.086	-0.107	-0.123	-0.142
SPAC1A6.10	tcd1	viable	V	0.111	0.763	1.401	1.612	1.661	1.673	1.676
SPAC1A6.11	SPAC1A6.11	unknown	Not_determined	-0.06	-0.029	-0.01	-0.002	-0.0	-0.0	-0.0
SPAC1B1.01	deb1	inviable	E	0.277	1.397	2.887	3.716	4.027	4.147	4.2
SPAC1B1.02c	SPAC1B1.02c	viable	V	0.032	0.222	0.407	0.468	0.483	0.486	0.487
SPAC1B1.03c	kap95	inviable	E	0.264	1.821	3.343	3.847	3.964	3.992	3.999
SPAC1B1.04c	pan3	viable	V	0.097	0.266	0.549	0.843	1.065	1.231	1.437
SPAC1B2.02c	ugo1	viable	V	0.048	0.15	0.402	0.813	1.296	1.844	3.21
SPAC1B2.03c	elo2	condition-dependent	V	0.032	1.08	3.279	4.241	4.478	4.537	4.552
SPAC1B2.04	cox6	viable	V	0.0	0.036	0.571	1.08	1.237	1.278	1.288
SPAC1B2.05	mcm5	inviable	E	0.061	1.222	3.267	4.15	4.377	4.436	4.452
SPAC1B3.01c	SPAC1B3.01c	viable	V	0.123	0.295	0.584	0.909	1.184	1.419	1.789
SPAC1B3.02c	SPAC1B3.02c	viable	V	0.0	0.0	0.001	0.13	0.361	0.461	0.49
SPAC1B3.03c	wis2	condition-dependent	V	0.084	0.396	0.944	1.39	1.629	1.754	1.84
SPAC1B3.04c	guf1	viable	V	0.071	0.164	0.319	0.497	0.652	0.789	1.022
SPAC1B3.05	not3	viable	V	0.025	0.152	0.438	0.724	0.902	1.006	1.089
SPAC1B3.06c	SPAC1B3.06c	viable	V	0.004	0.181	0.595	0.783	0.83	0.842	0.845
SPAC1B3.07c	vps28	viable	V	0.052	0.361	0.662	0.762	0.785	0.79	0.792
SPAC1B3.08	SPAC1B3.08	viable	V	-0.002	-0.0	-0.0	-0.0	-0.0	-0.0	-0.0
SPAC1B3.09c	noc202	inviable	E	0.275	1.898	3.483	4.009	4.131	4.16	4.168
SPAC1B3.10c	hrd302	viable	V	-0.001	-0.0	-0.0	-0.0	-0.0	-0.0	-0.0
SPAC1B3.11c	ypt4	viable	V	0.029	0.081	0.186	0.327	0.465	0.597	0.844
SPAC1B3.13	nan1	inviable	E	0.071	1.314	3.293	4.074	4.262	4.309	4.32
SPAC1B3.14	vma3	condition-dependent	E	0.249	1.224	2.775	3.862	4.369	4.602	4.737
SPAC1B3.15c	SPAC1B3.15c	viable	V	-0.018	-0.001	-0.0	-0.0	-0.0	-0.0	-0.0
SPAC1B3.16c	vht1	condition-dependent	V	0.051	0.344	1.017	1.661	2.039	2.246	2.396
SPAC1B3.17	clr2	viable	V	0.043	0.3	0.551	0.634	0.653	0.658	0.659
SPAC1B3.18c	mrps18	inviable	E	0.0	0.011	1.2	3.527	4.432	4.682	4.746
SPAC1B3.20	SPAC1B3.20	viable	V	0.008	0.073	0.144	0.169	0.175	0.176	0.176
SPAC1B9.02c	sck1	viable	V	0.009	0.044	0.09	0.115	0.124	0.128	0.129
SPAC1B9.03c	SPAC1B9.03c	inviable	E	0.097	1.267	2.84	3.424	3.562	3.597	3.605
SPAC1D4.01	tls1	viable	V	0.036	0.119	0.299	0.535	0.751	0.94	1.237
SPAC1D4.02c	grh1	viable	V	0.002	0.082	0.285	0.381	0.405	0.411	0.412
SPAC1D4.03c	aut12	viable	V	0.041	0.137	0.312	0.495	0.63	0.725	0.833
SPAC1D4.04	cct2	inviable	E	0.178	1.715	3.496	4.123	4.269	4.305	4.314
SPAC1D4.05c	erd101	viable	V	0.042	0.293	0.538	0.619	0.638	0.642	0.643
SPAC1D4.06c	csk1	viable	V	0.0	0.0	0.026	0.311	0.881	1.442	2.006
SPAC1D4.08	pis1	inviable	E	0.144	1.726	3.836	4.637	4.832	4.881	4.894
SPAC1D4.09c	rtf2	viable	V	0.074	0.148	0.269	0.416	0.557	0.696	0.996
SPAC1D4.10	trz1	inviable	E	0.184	1.466	2.818	3.278	3.385	3.411	3.417
SPAC1D4.11c	lkh1	viable	V	0.056	0.213	0.457	0.65	0.755	0.812	0.853
SPAC1D4.12	rad15	inviable	E	0.042	0.974	2.97	3.991	4.288	4.374	4.399
SPAC1D4.13	byr1	viable	V	0.054	0.373	0.684	0.788	0.811	0.817	0.819
SPAC1D4.14	tho2	inviable	E	0.224	1.5	3.001	3.63	3.808	3.86	3.876
SPAC1F12.02c	tma19	viable	V	0.114	0.213	0.373	0.569	0.764	0.966	1.46
SPAC1F12.05	any2	viable	V	0.031	0.212	0.39	0.449	0.462	0.466	0.466
SPAC1F12.06c	SPAC1F12.06c	viable	V	0.027	0.186	0.342	0.393	0.405	0.408	0.409
SPAC1F12.08	cab4	inviable	E	0.002	0.475	2.513	3.697	4.011	4.091	4.111
SPAC1F12.09	gpi17	inviable	E	0.036	1.112	3.278	4.211	4.441	4.498	4.512
SPAC1F12.10c	SPAC1F12.10c	viable	V	0.048	0.247	0.506	0.645	0.695	0.714	0.722
SPAC1F3.01	rrp6	viable	E	0.023	0.724	2.143	2.756	2.907	2.945	2.954
SPAC1F3.02c	mkh1	viable	Not_determined	0.038	0.247	0.467	0.549	0.57	0.576	0.578
SPAC1F3.03	sro7	viable	V	0.074	0.175	0.35	0.555	0.74	0.905	1.192
SPAC1F3.04c	tsr3	viable	Not_determined	0.066	0.781	2.276	3.248	3.622	3.761	3.82
SPAC1F3.05	gga21	viable	V	-0.016	-0.008	-0.003	-0.001	-0.0	-0.0	-0.0
SPAC1F3.06c	spo15	viable	V	0.004	0.073	0.209	0.282	0.304	0.311	0.314
SPAC1F3.07c	rsc58	viable	V	0.0	0.065	0.781	1.975	2.719	3.079	3.274
SPAC1F3.08c	SPAC1F3.08c	unknown	Not_determined	-0.011	-0.057	-0.155	-0.258	-0.326	-0.369	-0.407
SPAC1F3.09	mug161	viable	V	0.024	0.108	0.229	0.309	0.344	0.36	0.368
SPAC1F3.10c	oct1	viable	V	0.0	0.005	0.571	2.427	3.664	4.184	4.395
SPAC1F5.02	pdi1	inviable	E	0.0	0.012	0.871	2.711	3.579	3.865	3.955
SPAC1F5.03c	SPAC1F5.03c	viable	V	0.049	0.101	0.188	0.291	0.388	0.481	0.671
SPAC1F5.04c	cdc12	inviable	E	0.0	0.146	1.766	3.188	3.624	3.74	3.77
SPAC1F5.05c	mso1	condition-dependent	V	0.143	0.62	1.319	1.79	2.006	2.104	2.161
SPAC1F5.06	lsh1	inviable	E	0.071	0.943	2.688	3.712	4.068	4.188	4.234
SPAC1F5.07c	hem14	viable	V	0.057	0.107	0.19	0.298	0.411	0.535	0.875
SPAC1F5.08c	yam8	viable	V	-0.001	-0.0	-0.0	-0.0	-0.0	-0.0	-0.0
SPAC1F5.09c	shk2	viable	V	0.049	0.34	0.625	0.719	0.741	0.746	0.747
SPAC1F5.10	fal1	viable	V	0.175	1.238	2.731	3.487	3.737	3.82	3.852
SPAC1F5.11c	tra2	inviable	E	0.013	0.277	1.413	2.787	3.618	4.054	4.332
SPAC1F7.01c	spt6	viable	V	0.135	0.665	1.651	2.494	2.964	3.217	3.399
SPAC1F7.02c	has1	inviable	E	0.253	1.744	3.2	3.684	3.795	3.822	3.829
SPAC1F7.03	pkd2	inviable	E	0.237	1.865	3.568	4.146	4.28	4.313	4.321
SPAC1F7.04	rho1	condition-dependent	V	0.131	0.901	1.655	1.904	1.962	1.976	1.98
SPAC1F7.05	cdc22	inviable	E	0.291	2.008	3.686	4.243	4.371	4.403	4.411
SPAC1F7.06	hsp3105	viable	V	0.038	0.081	0.157	0.254	0.353	0.455	0.694
SPAC1F7.08	fio1	viable	V	-0.0	-0.022	-0.292	-0.529	-0.6	-0.619	-0.623
SPAC1F7.09c	dal2	viable	V	0.044	0.078	0.131	0.197	0.264	0.337	0.535
SPAC1F7.10	SPAC1F7.10	viable	V	0.021	0.234	0.605	0.806	0.873	0.894	0.902
SPAC1F7.11c	SPAC1F7.11c	viable	V	0.077	0.157	0.288	0.446	0.596	0.742	1.052
SPAC1F7.12	yak3	viable	V	0.009	0.051	0.141	0.227	0.279	0.309	0.333
SPAC1F7.13c	rpl801	viable	V	0.191	1.316	2.415	2.779	2.864	2.884	2.889
SPAC1F7.14c	dmo2	condition-dependent	Not_determined	0.034	0.101	0.231	0.389	0.526	0.641	0.813
SPAC1F8.01	ght3	viable	V	0.0	0.046	0.314	0.49	0.539	0.551	0.554
SPAC1F8.02c	shu1	viable	V	0.061	0.195	0.416	0.622	0.757	0.844	0.927
SPAC1F8.03c	str3	viable	V	0.038	0.263	0.483	0.556	0.573	0.577	0.578
SPAC1F8.04c	hhy1	viable	V	0.009	0.141	0.481	0.74	0.851	0.896	0.917
SPAC1F8.05	isp3	condition-dependent	V	-0.066	-0.455	-0.836	-0.962	-0.991	-0.998	-1.0
SPAC1F8.06	pfl8	viable	V	0.0	0.0	0.02	0.23	0.387	0.439	0.452
SPAC1F8.07c	pdc101	inviable	E	0.139	1.513	3.203	3.81	3.953	3.988	3.997
SPAC1F8.08	SPAC1F8.08	viable	V	0.009	0.342	1.08	1.41	1.491	1.512	1.517
SPAC20G4.01	caf16	viable	V	0.012	0.081	0.148	0.171	0.176	0.177	0.177
SPAC20G4.02c	fus1	viable	V	-0.008	-0.0	-0.0	-0.0	-0.0	-0.0	-0.0
SPAC20G4.03c	hri1	viable	V	0.07	0.16	0.317	0.509	0.691	0.863	1.197
SPAC20G4.04c	hus1	viable	V	0.027	0.084	0.213	0.4	0.594	0.787	1.167
SPAC20G4.05c	fmp40	viable	V	-0.071	-0.035	-0.012	-0.003	-0.0	-0.0	-0.0
SPAC20G4.06c	adf1	inviable	E	0.281	2.058	3.851	4.453	4.592	4.626	4.634
SPAC20G4.07c	erg4	viable	V	0.0	0.0	0.004	0.311	0.772	0.961	1.014
SPAC20G4.08	pdc1	viable	V	0.036	0.135	0.29	0.415	0.484	0.522	0.55
SPAC20G4.09	SPAC20G4.09	unknown	Not_determined	0.004	0.002	0.001	0.0	0.0	0.0	0.0
SPAC20G8.01	cdc17	inviable	E	0.245	1.907	3.637	4.224	4.36	4.393	4.401
SPAC20G8.02	SPAC20G8.02	viable	V	0.004	0.011	0.023	0.035	0.043	0.048	0.054
SPAC20G8.03	itr2	inviable	E	0.224	1.301	2.856	3.749	4.087	4.216	4.274
SPAC20G8.04c	cir2	viable	V	0.007	0.051	0.094	0.108	0.111	0.112	0.112
SPAC20G8.05c	cdc15	condition-dependent	E	0.0	0.181	1.886	3.248	3.645	3.747	3.773
SPAC20G8.06	not1	inviable	E	0.123	0.77	1.977	2.895	3.336	3.542	3.663
SPAC20G8.07c	erg2	viable	V	0.046	0.669	1.656	2.082	2.196	2.227	2.236
SPAC20G8.08c	fft1	viable	V	0.0	0.054	0.386	0.608	0.67	0.685	0.689
SPAC20G8.09c	nat10	condition-dependent	V	0.147	1.423	3.224	4.021	4.247	4.313	4.333
SPAC20G8.10c	atg6	viable	V	0.075	0.03	0.007	0.001	0.0	0.0	0.0
SPAC20H4.01	utp5	inviable	E	0.256	1.976	3.758	4.361	4.501	4.535	4.544
SPAC20H4.02	dsc3	viable	V	-0.03	-0.146	-0.303	-0.393	-0.429	-0.443	-0.449
SPAC20H4.03c	tfs1	viable	V	0.0	0.003	0.041	0.169	0.359	0.567	0.903
SPAC20H4.04	fml2	viable	V	0.001	0.106	0.567	0.837	0.909	0.927	0.931
SPAC20H4.05c	mde1	viable	V	-0.068	-0.034	-0.011	-0.003	-0.0	-0.0	-0.0
SPAC20H4.06c	gpl1	viable	V	0.056	0.166	0.357	0.557	0.706	0.816	0.947
SPAC20H4.07	rad57	viable	V	0.091	0.411	1.136	1.986	2.635	3.1	3.611
SPAC20H4.08	whi2	viable	V	0.051	0.352	0.646	0.743	0.766	0.771	0.772
SPAC20H4.09	gih35	viable	V	0.02	0.361	0.894	1.102	1.152	1.164	1.167
SPAC20H4.10	ufd2	viable	V	0.067	0.175	0.358	0.553	0.706	0.826	0.987
SPAC20H4.11c	rho5	viable	V	0.0	0.024	0.205	0.338	0.375	0.385	0.387
SPAC212.04c	SPAC212.04c	viable	V	0.063	0.432	0.794	0.914	0.941	0.948	0.95
SPAC212.08c	SPAC212.08c	viable	V	0.096	0.329	0.767	1.232	1.574	1.818	2.091
SPAC212.12	SPAC212.12	unknown	Not_determined	0.0	0.0	0.107	0.645	0.945	1.036	1.059
SPAC21E11.04	aca1	viable	V	0.027	0.184	0.337	0.388	0.4	0.403	0.404
SPAC21E11.05c	cyp8	viable	V	0.04	0.114	0.237	0.362	0.453	0.519	0.595
SPAC21E11.06	tif224	inviable	E	0.194	1.767	3.537	4.154	4.298	4.333	4.342
SPAC21E11.07	iba57	inviable	E	0.0	0.0	0.167	1.689	3.405	4.332	4.778
SPAC21E11.08	lcb2	inviable	E	0.291	2.008	3.685	4.242	4.37	4.402	4.41
SPAC222.03c	tim10	inviable	E	0.0	0.01	1.298	3.964	5.023	5.317	5.393
SPAC222.04c	ies6	condition-dependent	V	0.001	0.064	0.637	1.923	3.14	4.017	4.823
SPAC222.05c	mss1	viable	V	0.072	0.156	0.297	0.462	0.612	0.75	1.007
SPAC222.06	mak16	inviable	E	0.31	2.231	4.147	4.788	4.936	4.972	4.981
SPAC222.07c	hri2	viable	V	-0.015	-0.008	-0.002	-0.001	-0.0	-0.0	-0.0
SPAC222.08c	sno1	viable	V	0.112	0.448	1.181	2.061	2.769	3.309	3.967
SPAC222.09	seb1	inviable	E	0.167	1.707	3.542	4.194	4.347	4.385	4.394
SPAC222.10c	byr4	inviable	E	0.099	1.446	3.359	4.083	4.256	4.298	4.309
SPAC222.11	hem13	inviable	E	0.0	0.188	1.905	3.768	4.532	4.796	4.891
SPAC222.12c	atp2	viable	V	0.14	0.434	0.919	1.379	1.69	1.897	2.108
SPAC222.13c	SPAC222.13c	viable	V	0.014	0.051	0.109	0.158	0.187	0.203	0.216
SPAC222.14c	sey1	viable	V	0.103	0.276	0.591	0.962	1.283	1.557	1.982
SPAC222.15	meu13	viable	V	0.028	0.194	0.356	0.409	0.422	0.425	0.426
SPAC222.16c	csn3	viable	V	0.024	0.061	0.124	0.192	0.247	0.291	0.354
SPAC222.17	SPAC222.17	viable	Not_determined	-0.016	-0.007	-0.002	-0.0	-0.0	-0.0	-0.0
SPAC222.18	SPAC222.18	unknown	Not_determined	-0.05	-0.025	-0.008	-0.002	-0.0	-0.0	-0.0
SPAC222.19	lam3	viable	Not_determined	-0.424	-0.382	-0.233	-0.023	-0.0	-0.0	-0.0
SPAC227.01c	erd1	viable	V	0.0	0.021	0.546	2.069	3.421	4.242	4.793
SPAC227.02c	rrp15	inviable	E	0.247	1.796	3.957	5.028	5.375	5.489	5.531
SPAC227.05	pfd4	viable	V	0.08	0.288	0.731	1.276	1.735	2.104	2.599
SPAC227.07c	pab1	viable	V	0.206	0.602	1.262	1.918	2.385	2.714	3.083
SPAC227.08c	yth1	inviable	E	0.018	0.815	2.723	3.601	3.821	3.876	3.889
SPAC227.09	fol3	inviable	E	0.053	0.791	2.628	3.973	4.528	4.746	4.844
SPAC227.10	pfd2	viable	V	-0.084	-0.043	-0.015	-0.004	-0.001	-0.0	-0.0
SPAC227.11c	yos9	viable	V	0.062	0.427	0.784	0.902	0.93	0.936	0.938
SPAC227.12	rna4	inviable	E	0.06	1.264	3.291	4.107	4.305	4.354	4.366
SPAC227.13c	isu1	viable	V	0.345	2.378	4.364	5.023	5.175	5.212	5.221
SPAC227.14	yfh7	viable	V	-0.066	-0.033	-0.011	-0.002	-0.0	-0.0	-0.0
SPAC227.15	reg1	viable	V	0.061	0.154	0.311	0.483	0.623	0.736	0.899
SPAC227.16c	psf3	inviable	E	0.134	1.573	3.898	5.012	5.342	5.441	5.473
SPAC227.17c	SPAC227.17c	viable	V	0.007	0.045	0.178	0.425	0.707	0.993	1.506
SPAC227.18	lys3	viable	V	0.035	0.076	0.144	0.224	0.297	0.365	0.492
SPAC227.19c	pig25	unknown	Not_determined	0.18	1.9	3.986	4.733	4.908	4.951	4.962
SPAC22A12.01c	pso2	viable	V	0.052	0.132	0.266	0.412	0.531	0.627	0.765
SPAC22A12.02c	mug103	viable	V	0.0	0.007	0.059	0.168	0.267	0.337	0.403
SPAC22A12.03c	csn4	viable	V	0.009	0.061	0.112	0.129	0.133	0.134	0.134
SPAC22A12.04c	rps2201	viable	V	0.102	0.963	2.421	3.234	3.516	3.614	3.651
SPAC22A12.05	rpc11	inviable	E	0.145	1.873	4.187	5.045	5.248	5.298	5.311
SPAC22A12.06c	fsh2	viable	V	0.043	0.236	0.475	0.59	0.628	0.64	0.645
SPAC22A12.07c	ogm1	viable	V	0.0	0.051	0.497	0.844	0.944	0.97	0.977
SPAC22A12.08c	crd1	inviable	E	0.0	0.005	0.458	2.163	3.52	4.186	4.508
SPAC22A12.09c	sap114	inviable	E	0.246	2.001	3.869	4.507	4.655	4.692	4.701
SPAC22A12.10	ept1	viable	V	0.004	0.045	0.23	0.584	0.95	1.27	1.695
SPAC22A12.11	dak1	viable	V	-0.001	-0.067	-0.301	-0.426	-0.458	-0.466	-0.468
SPAC22A12.12c	rrp40	inviable	E	0.183	1.055	2.25	2.897	3.129	3.214	3.25
SPAC22A12.14c	SPAC22A12.14c	viable	V	0.0	0.0	0.0	0.052	0.349	0.552	0.618
SPAC22A12.15c	bip1	inviable	E	0.285	1.972	3.625	4.173	4.3	4.331	4.339
SPAC22A12.16	acl2	viable	V	0.044	0.302	0.555	0.639	0.658	0.663	0.664
SPAC22A12.17c	SPAC22A12.17c	viable	V	-0.026	-0.046	-0.077	-0.116	-0.156	-0.199	-0.316
SPAC22E12.01	pet3	viable	V	0.0	0.0	0.124	0.798	1.183	1.301	1.332
SPAC22E12.02	SPAC22E12.02	inviable	E	0.021	0.657	2.672	4.122	4.663	4.851	4.923
SPAC22E12.03c	sdj1	viable	V	0.115	0.219	0.389	0.595	0.799	1.008	1.5
SPAC22E12.04	ccs1	viable	V	0.003	0.088	0.613	1.559	2.357	2.901	3.383
SPAC22E12.06c	gmh3	viable	V	0.001	0.0	0.0	0.0	0.0	0.0	0.0
SPAC22E12.08	rrn10	inviable	E	0.019	0.182	0.665	1.199	1.535	1.726	1.867
SPAC22E12.09c	krp1	inviable	E	0.0	0.15	1.682	3.63	4.546	4.898	5.041
SPAC22E12.10c	etp1	inviable	E	0.003	0.347	2.255	3.939	4.589	4.812	4.893
SPAC22E12.11c	set3	viable	V	0.06	0.195	0.428	0.654	0.808	0.912	1.019
SPAC22E12.13c	rlp24	inviable	E	0.163	1.326	3.247	4.354	4.757	4.902	4.962
SPAC22E12.14c	sck2	viable	V	0.026	0.337	0.752	0.906	0.942	0.951	0.953
SPAC22E12.16c	pik1	inviable	E	0.275	1.895	3.478	4.003	4.125	4.154	4.162
SPAC22E12.17c	glo3	inviable	E	0.241	1.847	3.504	4.064	4.194	4.226	4.234
SPAC22E12.18	SPAC22E12.18	viable	V	0.262	1.011	2.172	3.069	3.544	3.793	3.97
SPAC22E12.19	snt1	viable	V	0.073	0.175	0.357	0.578	0.782	0.97	1.312
SPAC22F3.02	atf31	viable	V	-0.01	-0.132	-0.301	-0.364	-0.38	-0.383	-0.384
SPAC22F3.03c	rdh54	viable	V	0.095	0.198	0.368	0.571	0.761	0.943	1.311
SPAC22F3.04	mug62	viable	V	0.0	0.069	0.347	0.504	0.546	0.557	0.559
SPAC22F3.05c	alp41	inviable	E	0.121	0.8	2.154	3.249	3.802	4.07	4.234
SPAC22F3.06c	lon1	viable	V	0.059	0.182	0.384	0.578	0.71	0.797	0.888
SPAC22F3.07c	atp20	viable	V	0.076	0.19	0.382	0.594	0.767	0.91	1.119
SPAC22F3.08c	rok1	viable	V	0.114	0.454	1.165	1.965	2.57	3.006	3.493
SPAC22F3.09c	res2	viable	V	0.014	0.113	0.384	0.683	0.878	0.994	1.087
SPAC22F3.10c	gcs1	condition-dependent	V	0.142	0.305	0.577	0.898	1.191	1.465	1.983
SPAC22F3.11c	snu23	viable	V	0.159	1.75	3.719	4.429	4.596	4.637	4.647
SPAC22F3.12c	rgs1	viable	V	0.008	0.05	0.178	0.365	0.532	0.664	0.827
SPAC22F3.13	tsc1	viable	V	0.151	0.431	0.898	1.371	1.717	1.967	2.26
SPAC22F3.15	aim41	unknown	Not_determined	0.055	0.175	0.373	0.557	0.677	0.754	0.829
SPAC22F8.02c	pvg5	viable	V	0.0	0.0	0.031	0.389	0.734	0.879	0.929
SPAC22F8.03c	SPAC22F8.03c	viable	V	0.049	0.168	0.361	0.529	0.631	0.692	0.745
SPAC22F8.04	pet1	viable	V	0.02	0.135	0.248	0.286	0.295	0.297	0.297
SPAC22F8.05	SPAC22F8.05	viable	V	0.0	0.0	0.052	0.272	0.387	0.421	0.43
SPAC22F8.06	pam1	inviable	E	0.098	1.485	3.511	4.293	4.482	4.529	4.541
SPAC22F8.07c	rtf1	viable	V	0.012	0.18	0.499	0.67	0.724	0.741	0.747
SPAC22F8.08	sec24	inviable	E	0.236	1.626	2.983	3.434	3.538	3.563	3.57
SPAC22F8.09	rrp16	viable	V	0.181	0.475	1.001	1.611	2.136	2.581	3.273
SPAC22F8.10c	sap145	inviable	E	0.121	0.288	0.576	0.911	1.206	1.466	1.905
SPAC22F8.11	plc1	condition-dependent	V	0.187	1.203	2.771	3.7	4.057	4.195	4.257
SPAC22F8.12c	shf1	viable	V	0.018	0.009	0.003	0.001	0.0	0.0	0.0
SPAC22G7.01c	fra1	viable	V	0.033	0.231	0.423	0.487	0.502	0.505	0.506
SPAC22G7.02	kap111	condition-dependent	V	0.0	0.025	0.206	0.395	0.476	0.505	0.517
SPAC22G7.03	SPAC22G7.03	viable	V	0.035	0.182	0.374	0.477	0.515	0.529	0.535
SPAC22G7.04	pan2	viable	V	0.088	0.201	0.4	0.649	0.888	1.119	1.583
SPAC22G7.05	kri1	viable	V	0.252	1.736	3.187	3.668	3.779	3.806	3.813
SPAC22G7.06c	ura1	viable	V	0.137	0.495	1.064	1.534	1.803	1.954	2.074
SPAC22G7.07c	ime4	viable	V	0.0	0.0	0.046	0.247	0.352	0.384	0.392
SPAC22G7.08	ppk8	viable	V	0.017	0.033	0.059	0.091	0.122	0.153	0.224
SPAC22G7.09c	nup45	inviable	E	0.16	1.075	2.494	3.323	3.635	3.753	3.805
SPAC22G7.10	iss1	inviable	E	0.096	1.109	2.912	3.89	4.213	4.32	4.358
SPAC22H10.02	SPAC22H10.02	viable	V	-0.016	-0.008	-0.003	-0.001	-0.0	-0.0	-0.0
SPAC22H10.03c	kap114	viable	V	0.061	0.167	0.347	0.536	0.68	0.79	0.93
SPAC22H10.04	ppa3	viable	V	0.043	0.136	0.315	0.524	0.696	0.832	1.016
SPAC22H10.05c	SPAC22H10.05c	inviable	E	0.098	1.632	3.957	4.861	5.079	5.132	5.146
SPAC22H10.06c	SPAC22H10.06c	unknown	Not_determined	-0.001	-0.0	-0.0	-0.0	-0.0	-0.0	-0.0
SPAC22H10.07	scd2	viable	V	0.057	0.135	0.265	0.413	0.539	0.647	0.822
SPAC22H10.08	SPAC22H10.08	viable	V	0.002	0.058	0.161	0.203	0.214	0.217	0.217
SPAC22H10.09	cbp8	viable	V	0.02	0.1	0.298	0.541	0.733	0.873	1.03
SPAC22H10.10	alp21	inviable	E	0.167	1.479	3.201	3.929	4.13	4.187	4.204
SPAC22H10.11c	crf1	viable	V	0.22	0.856	1.882	2.712	3.17	3.42	3.605
SPAC22H10.12c	gdi1	inviable	E	0.193	1.91	4.126	5.0	5.225	5.285	5.302
SPAC22H12.01c	mug35	viable	V	0.0	0.0	0.067	0.314	0.435	0.47	0.48
SPAC22H12.02	tfg3	viable	V	0.0	0.008	0.125	0.483	0.9	1.245	1.607
SPAC22H12.03	pah2	viable	V	0.064	0.44	0.807	0.929	0.958	0.964	0.966
SPAC22H12.04c	rps102	viable	V	0.334	1.759	3.593	4.55	4.888	5.011	5.062
SPAC22H12.05c	fsc1	viable	V	0.001	0.022	0.155	0.389	0.576	0.698	0.8
SPAC23A1.02c	ted1	viable	V	-0.045	-0.312	-0.573	-0.659	-0.679	-0.684	-0.685
SPAC23A1.03	apt1	viable	V	0.0	0.024	0.256	0.739	1.142	1.399	1.598
SPAC23A1.04c	mnl1	viable	V	-0.004	-0.0	-0.0	-0.0	-0.0	-0.0	-0.0
SPAC23A1.05	tsc3	inviable	E	0.183	1.793	3.676	4.341	4.497	4.535	4.544
SPAC23A1.06c	cmk2	viable	V	0.011	0.076	0.14	0.161	0.166	0.167	0.168
SPAC23A1.07	rnf170	viable	V	0.016	0.109	0.201	0.231	0.238	0.24	0.24
SPAC23A1.08c	rpl3401	inviable	E	0.18	1.241	2.277	2.621	2.7	2.72	2.725
SPAC23A1.10	tef102	viable	Not_determined	0.151	0.074	0.025	0.006	0.001	0.0	0.0
SPAC23A1.12c	frs1	inviable	E	0.306	2.114	3.881	4.467	4.602	4.635	4.643
SPAC23A1.14c	SPAC23A1.14c	viable	V	-0.066	-0.033	-0.011	-0.002	-0.0	-0.0	-0.0
SPAC23A1.15c	sec20	viable	V	0.195	2.133	4.525	5.386	5.589	5.639	5.651
SPAC23A1.17	bbc1	viable	V	0.008	0.055	0.102	0.117	0.12	0.121	0.122
SPAC23A1.18c	mrp51	inviable	E	0.001	0.077	0.74	1.93	2.808	3.316	3.665
SPAC23A1.19c	hrq1	condition-dependent	E	0.005	0.053	0.246	0.539	0.778	0.948	1.113
SPAC23A1.20	new11	unknown	Not_determined	0.0	0.0	0.0	0.0	0.0	0.005	1.698
SPAC23C11.01	ice2	viable	V	0.011	0.073	0.134	0.154	0.158	0.16	0.16
SPAC23C11.03	mpp10	inviable	E	0.229	1.92	3.746	4.373	4.519	4.555	4.564
SPAC23C11.04c	pnk1	viable	V	0.043	0.144	0.34	0.562	0.737	0.87	1.037
SPAC23C11.05	ipp1	inviable	E	0.289	1.991	3.654	4.206	4.334	4.365	4.373
SPAC23C11.06c	SPAC23C11.06c	viable	V	0.008	0.057	0.104	0.119	0.123	0.124	0.124
SPAC23C11.07	SPAC23C11.07	viable	V	0.039	0.266	0.488	0.561	0.578	0.582	0.583
SPAC23C11.08	php3	viable	V	0.116	0.803	1.474	1.696	1.748	1.76	1.763
SPAC23C11.09	ala1	inviable	E	0.256	1.765	3.239	3.728	3.841	3.869	3.876
SPAC23C11.10	mpn1	viable	V	0.031	0.086	0.205	0.378	0.563	0.758	1.196
SPAC23C11.11	cka1	inviable	E	0.041	0.444	1.703	3.111	3.992	4.486	4.845
SPAC23C11.13c	hpt1	viable	V	0.161	0.997	2.336	3.182	3.529	3.67	3.738
SPAC23C11.14	zhf1	viable	V	0.016	0.095	0.351	0.77	1.191	1.567	2.126
SPAC23C11.15	pst2	condition-dependent	V	0.086	0.319	0.816	1.421	1.921	2.315	2.827
SPAC23C11.16	plo1	condition-dependent	E	0.142	1.413	3.165	3.912	4.117	4.174	4.191
SPAC23C11.17	mdm38	inviable	E	0.185	1.664	3.32	3.896	4.03	4.063	4.071
SPAC23C4.02	crn1	viable	V	0.015	0.102	0.187	0.215	0.222	0.223	0.224
SPAC23C4.03	hrk1	viable	V	-0.006	-0.003	-0.001	-0.0	-0.0	-0.0	-0.0
SPAC23C4.05c	les1	viable	V	0.029	0.052	0.087	0.13	0.175	0.223	0.354
SPAC23C4.06c	efm6	viable	V	0.024	0.167	0.307	0.353	0.364	0.366	0.367
SPAC23C4.07	tht2	viable	V	0.025	0.011	0.003	0.001	0.0	0.0	0.0
SPAC23C4.08	rho3	condition-dependent	V	0.061	0.129	0.242	0.375	0.499	0.617	0.85
SPAC23C4.09c	SPAC23C4.09c	viable	V	0.0	0.0	0.0	0.093	0.33	0.447	0.482
SPAC23C4.10	sec2	inviable	E	0.246	1.492	2.98	3.644	3.845	3.907	3.929
SPAC23C4.11	atp18	viable	V	0.128	0.304	0.599	0.932	1.218	1.463	1.857
SPAC23C4.12	hhp2	viable	V	0.057	0.287	0.595	0.767	0.832	0.857	0.868
SPAC23C4.13	bet1	inviable	E	0.353	2.439	4.476	5.152	5.308	5.346	5.356
SPAC23C4.14	alg1	inviable	E	0.024	0.971	3.126	4.099	4.341	4.401	4.416
SPAC23C4.15	rpb5	inviable	E	0.237	1.775	3.345	3.873	3.996	4.026	4.033
SPAC23C4.16c	atg15	viable	V	0.012	0.066	0.132	0.165	0.177	0.18	0.182
SPAC23C4.17	trm402	viable	V	0.009	0.0	0.0	0.0	0.0	0.0	0.0
SPAC23C4.18c	rad4	inviable	E	0.31	2.141	3.93	4.524	4.661	4.694	4.703
SPAC23C4.19	spt5	inviable	E	0.129	1.185	2.507	3.026	3.16	3.196	3.206
SPAC23D3.01	pdp3	viable	V	0.065	0.448	0.822	0.946	0.975	0.982	0.984
SPAC23D3.02	rfc2	inviable	E	0.0	0.084	1.781	3.613	4.198	4.352	4.391
SPAC23D3.03c	SPAC23D3.03c	viable	V	-0.025	-0.118	-0.248	-0.325	-0.356	-0.369	-0.375
SPAC23D3.04c	gpd2	viable	V	0.019	0.134	0.246	0.283	0.292	0.294	0.295
SPAC23D3.06c	nup146	inviable	E	0.269	1.859	3.412	3.927	4.046	4.075	4.082
SPAC23D3.07	pup1	inviable	E	0.121	1.661	3.805	4.616	4.81	4.858	4.87
SPAC23D3.08	usp108	inviable	E	0.019	0.308	1.128	1.801	2.103	2.229	2.29
SPAC23D3.09	arp42	viable	V	0.021	0.205	0.854	1.766	2.485	2.982	3.464
SPAC23D3.10c	eng2	viable	V	0.0	0.033	0.147	0.208	0.224	0.228	0.229
SPAC23D3.11	ayr1	viable	V	0.032	0.219	0.402	0.463	0.477	0.48	0.481
SPAC23D3.12	pho842	viable	V	0.055	0.313	0.622	0.764	0.808	0.823	0.828
SPAC23D3.13c	SPAC23D3.13c	viable	V	0.043	0.098	0.189	0.294	0.387	0.47	0.614
SPAC23D3.14c	aah2	viable	Not_determined	0.006	0.02	0.06	0.134	0.233	0.356	0.718
SPAC23D3.16	lam4	viable	Not_determined	0.082	0.98	2.598	3.475	3.763	3.858	3.891
SPAC23E2.01	fep1	viable	V	0.041	0.264	0.608	0.812	0.89	0.92	0.934
SPAC23E2.02	lsd2	inviable	E	0.004	0.202	1.284	2.544	3.211	3.513	3.669
SPAC23E2.03c	sms1	viable	V	0.001	0.129	0.526	0.728	0.78	0.793	0.797
SPAC23G3.01	rpb2	inviable	E	0.251	1.933	3.672	4.261	4.397	4.431	4.439
SPAC23G3.02c	sib1	viable	V	0.027	0.08	0.167	0.255	0.317	0.361	0.411
SPAC23G3.03	sib2	viable	V	-0.034	-0.016	-0.005	-0.001	-0.0	-0.0	-0.0
SPAC23G3.04	ies4	viable	V	-0.003	-0.0	-0.0	-0.0	-0.0	-0.0	-0.0
SPAC23G3.05c	SPAC23G3.05c	viable	V	-0.009	-0.134	-0.314	-0.383	-0.399	-0.403	-0.404
SPAC23G3.06	nop58	inviable	E	0.29	2.004	3.677	4.232	4.361	4.392	4.4
SPAC23G3.07c	snf30	viable	V	0.058	0.401	0.737	0.848	0.874	0.88	0.882
SPAC23G3.08c	ubp7	viable	V	0.013	0.089	0.255	0.406	0.49	0.535	0.565
SPAC23G3.09	taf4	inviable	E	0.0	0.174	1.428	2.406	2.709	2.792	2.815
SPAC23G3.10c	ssr3	condition-dependent	V	0.019	0.222	1.029	2.235	3.21	3.888	4.541
SPAC23G3.11	rpn6	inviable	E	0.259	1.83	3.383	3.901	4.02	4.049	4.057
SPAC23G3.12c	htr12	viable	V	0.046	0.223	0.505	0.706	0.801	0.845	0.872
SPAC23H3.02c	ini1	inviable	E	0.201	1.388	2.548	2.933	3.022	3.044	3.049
SPAC23H3.03c	npr2	viable	V	0.0	0.056	1.065	3.151	4.546	5.232	5.595
SPAC23H3.04	SPAC23H3.04	viable	V	0.024	0.09	0.225	0.38	0.502	0.592	0.7
SPAC23H3.05c	swd1	viable	V	0.0	0.0	0.0	0.0	0.129	1.14	1.957
SPAC23H3.06	apl6	viable	V	0.059	0.324	0.735	1.0	1.112	1.16	1.184
SPAC23H3.08c	bub3	viable	V	0.013	0.087	0.161	0.185	0.19	0.192	0.192
SPAC23H3.09c	gly1	viable	V	0.36	0.956	1.96	3.023	3.849	4.486	5.325
SPAC23H3.10	ssr2	inviable	E	0.037	0.465	1.652	2.71	3.239	3.483	3.619
SPAC23H3.11c	max1	viable	V	0.04	0.274	0.503	0.579	0.596	0.601	0.602
SPAC23H3.12c	SPAC23H3.12c	viable	V	0.052	0.361	0.663	0.763	0.786	0.792	0.794
SPAC23H3.13c	gpa2	viable	V	0.163	0.423	0.888	1.429	1.896	2.296	2.923
SPAC23H3.14	avl9	viable	V	-0.066	-0.033	-0.011	-0.002	-0.0	-0.0	-0.0
SPAC23H4.01c	osh3	viable	V	0.001	0.008	0.061	0.234	0.542	0.983	2.244
SPAC23H4.02	ppk9	viable	V	0.0	0.021	0.1	0.143	0.155	0.158	0.159
SPAC23H4.03c	erv25	inviable	E	0.239	1.653	3.033	3.491	3.597	3.623	3.629
SPAC23H4.04	slm3	inviable	E	0.0	0.001	0.218	1.634	3.149	4.01	4.473
SPAC23H4.06	gln1	inviable	E	0.305	2.108	3.869	4.453	4.588	4.621	4.629
SPAC23H4.07c	srp102	inviable	E	0.253	1.772	3.268	3.766	3.881	3.909	3.916
SPAC23H4.08	iwr1	viable	V	0.0	0.001	0.256	0.953	1.259	1.347	1.369
SPAC23H4.09	cdb4	viable	V	0.035	0.102	0.247	0.462	0.695	0.94	1.488
SPAC23H4.10c	thi4	viable	V	0.01	0.066	0.12	0.139	0.143	0.144	0.144
SPAC23H4.11c	cnl2	inviable	E	0.0	0.075	1.322	2.951	3.628	3.853	3.929
SPAC23H4.12	alp13	condition-dependent	V	0.175	0.395	0.765	1.192	1.569	1.906	2.492
SPAC23H4.13c	SPAC23H4.13c	unknown	Not_determined	0.002	0.016	0.029	0.034	0.035	0.035	0.035
SPAC23H4.14	vam6	viable	V	0.008	0.156	0.906	2.126	3.113	3.777	4.37
SPAC23H4.15	tsr1	inviable	E	0.224	1.818	3.747	4.515	4.718	4.774	4.79
SPAC23H4.16c	not11	viable	V	0.0	0.0	0.115	0.492	0.67	0.721	0.735
SPAC23H4.17c	srb10	viable	V	0.034	0.063	0.11	0.167	0.225	0.284	0.431
SPAC23H4.18c	rbx1	inviable	E	0.191	1.11	2.717	3.886	4.434	4.684	4.827
SPAC23H4.21	SPAC23H4.21	unknown	Not_determined	-0.01	-0.005	-0.002	-0.0	-0.0	-0.0	-0.0
SPAC24B11.05	SPAC24B11.05	viable	V	0.001	0.0	0.0	0.0	0.0	0.0	0.0
SPAC24B11.06c	sty1	viable	V	0.002	0.031	0.185	0.495	0.821	1.102	1.459
SPAC24B11.07c	SPAC24B11.07c	viable	V	0.127	0.875	1.605	1.848	1.904	1.917	1.921
SPAC24B11.09	mpc2	viable	V	0.161	0.627	1.347	1.897	2.187	2.337	2.442
SPAC24B11.10c	cfh1	viable	V	0.007	0.121	0.474	0.788	0.938	1.004	1.038
SPAC24B11.11c	sid2	inviable	E	0.005	0.573	2.785	4.109	4.486	4.588	4.615
SPAC24B11.12c	dnf2	viable	V	0.06	0.3	0.663	0.899	1.002	1.046	1.07
SPAC24B11.13	hem3	viable	V	0.109	1.127	3.141	4.445	4.953	5.145	5.229
SPAC24B11.14	SPAC24B11.14	unknown	Not_determined	0.026	0.105	0.226	0.316	0.362	0.385	0.401
SPAC24C9.03	mvd1	inviable	E	0.217	1.496	2.745	3.16	3.256	3.279	3.285
SPAC24C9.04	med9	inviable	E	0.0	0.0	0.008	0.243	0.661	0.917	1.039
SPAC24C9.06c	aco1	inviable	E	0.069	0.764	2.277	3.343	3.786	3.962	4.044
SPAC24C9.07c	bgs2	viable	V	0.023	0.156	0.287	0.331	0.341	0.343	0.344
SPAC24C9.08	cps1	viable	V	0.0	0.003	0.21	0.574	0.71	0.747	0.757
SPAC24C9.09	SPAC24C9.09	inviable	E	0.0	0.005	0.824	2.948	3.927	4.224	4.308
SPAC24C9.10c	mrp4	inviable	E	0.142	0.639	1.656	2.694	3.389	3.832	4.242
SPAC24C9.11	sgd1	inviable	E	0.095	1.512	3.612	4.419	4.612	4.66	4.672
SPAC24C9.12c	shm1	viable	V	0.037	0.087	0.171	0.266	0.348	0.42	0.538
SPAC24C9.14	otu1	viable	V	0.007	0.0	0.0	0.0	0.0	0.0	0.0
SPAC24C9.15c	spn5	viable	V	-0.032	-0.15	-0.315	-0.419	-0.463	-0.482	-0.492
SPAC24C9.16c	cox8	viable	V	0.001	0.006	0.039	0.144	0.334	0.621	1.58
SPAC24H6.01c	gup1	inviable	E	0.027	0.638	2.422	3.741	4.26	4.452	4.531
SPAC24H6.02c	zim17	viable	V	0.016	0.053	0.13	0.225	0.308	0.377	0.477
SPAC24H6.03	cul3	viable	V	0.026	0.147	0.295	0.364	0.387	0.394	0.397
SPAC24H6.04	hxk1	viable	V	0.001	0.007	0.041	0.149	0.343	0.633	1.598
SPAC24H6.05	cdc25	inviable	E	0.228	1.317	2.757	3.501	3.759	3.85	3.886
SPAC24H6.06	sld3	inviable	E	0.251	1.732	3.178	3.658	3.769	3.796	3.803
SPAC24H6.08	SPAC24H6.08	viable	V	0.003	0.137	0.451	0.595	0.631	0.64	0.642
SPAC24H6.09	gef1	viable	V	0.027	0.187	0.342	0.394	0.406	0.409	0.41
SPAC24H6.10c	aro4	viable	V	-0.0	-0.0	-0.159	-0.67	-0.909	-0.978	-0.996
SPAC24H6.11c	vsb1	viable	V	-0.026	-0.177	-0.325	-0.374	-0.385	-0.388	-0.389
SPAC24H6.12c	uba3	inviable	E	0.0	0.042	1.282	3.208	4.02	4.281	4.363
SPAC24H6.13	SPAC24H6.13	viable	V	0.041	0.086	0.169	0.282	0.406	0.545	0.931
SPAC25A8.01c	fft3	condition-dependent	V	0.002	0.049	0.376	1.003	1.551	1.933	2.277
SPAC25A8.02	atg14	viable	V	0.107	0.798	1.562	1.846	1.918	1.937	1.942
SPAC25A8.03c	SPAC25A8.03c	viable	V	0.0	0.023	0.119	0.173	0.188	0.192	0.192
SPAC25B8.02	sds3	inviable	E	0.056	0.324	1.03	1.918	2.609	3.104	3.629
SPAC25B8.03	psd2	viable	V	0.042	0.292	0.537	0.618	0.637	0.641	0.642
SPAC25B8.04c	mss51	viable	V	0.015	0.281	0.709	0.878	0.919	0.929	0.931
SPAC25B8.05	deg1	viable	V	0.172	0.441	0.894	1.384	1.778	2.093	2.535
SPAC25B8.06c	dia4	condition-dependent	E	0.006	0.184	1.089	2.248	2.951	3.314	3.538
SPAC25B8.07c	rcf1	viable	V	-0.0	-0.0	-0.0	-0.0	-0.0	-0.01	-0.987
SPAC25B8.08	SPAC25B8.08	viable	V	0.007	0.114	0.273	0.335	0.35	0.354	0.355
SPAC25B8.09	SPAC25B8.09	viable	V	-0.036	-0.018	-0.006	-0.001	-0.0	-0.0	-0.0
SPAC25B8.10	SPAC25B8.10	viable	V	-0.0	-0.058	-0.458	-0.74	-0.819	-0.839	-0.844
SPAC25B8.11	SPAC25B8.11	viable	V	0.003	0.001	0.0	0.0	0.0	0.0	0.0
SPAC25B8.12c	SPAC25B8.12c	viable	Not_determined	0.215	0.841	2.031	3.223	4.029	4.554	5.061
SPAC25B8.13c	isp7	viable	V	0.011	0.139	0.312	0.375	0.39	0.394	0.395
SPAC25B8.14	mal2	inviable	E	0.013	0.334	1.688	3.194	4.026	4.428	4.658
SPAC25B8.15c	tyw3	viable	V	0.091	0.428	1.087	1.703	2.081	2.303	2.484
SPAC25B8.16	pop100	inviable	E	0.228	1.651	3.482	4.306	4.552	4.627	4.652
SPAC25B8.17	ypf1	viable	V	0.039	0.266	0.488	0.562	0.579	0.583	0.584
SPAC25B8.19c	loz1	viable	V	0.0	0.0	0.181	1.084	1.584	1.736	1.775
SPAC25B8.20	smp1	viable	Not_determined	0.101	0.695	1.275	1.467	1.512	1.523	1.525
SPAC25G10.02	cce1	viable	V	0.025	0.047	0.085	0.134	0.185	0.242	0.397
SPAC25G10.03	zip1	condition-dependent	V	0.264	1.061	2.274	3.168	3.619	3.845	3.994
SPAC25G10.04c	rec10	viable	V	-0.004	-0.0	-0.0	-0.0	-0.0	-0.0	-0.0
SPAC25G10.05c	his1	viable	V	0.031	0.077	0.154	0.239	0.309	0.366	0.452
SPAC25G10.06	rps2801	viable	V	0.316	1.289	2.76	3.826	4.353	4.613	4.779
SPAC25G10.07c	cut7	condition-dependent	E	0.16	1.38	2.817	3.357	3.492	3.527	3.537
SPAC25G10.08	tif302	inviable	E	0.283	1.951	3.581	4.121	4.246	4.276	4.284
SPAC25G10.09c	pan1	viable	V	0.094	1.024	2.654	3.543	3.84	3.939	3.975
SPAC25H1.02	jmj1	viable	V	0.053	0.365	0.669	0.77	0.793	0.799	0.8
SPAC25H1.04	mug105	viable	V	0.012	0.0	0.0	0.0	0.0	0.0	0.0
SPAC25H1.05	meu29	viable	V	0.094	0.367	0.893	1.429	1.797	2.041	2.281
SPAC25H1.06	pcf3	viable	V	0.005	0.23	0.782	1.038	1.103	1.119	1.123
SPAC25H1.07	emc1	viable	V	0.007	0.028	0.088	0.207	0.368	0.572	1.182
SPAC25H1.08c	sqt1	inviable	E	0.016	0.633	2.015	2.635	2.79	2.828	2.838
SPAC25H1.09	mde5	viable	V	0.053	0.024	0.007	0.001	0.0	0.0	0.0
SPAC25H1.10c	atp19	viable	Not_determined	0.097	0.671	1.232	1.419	1.461	1.472	1.475
SPAC26A3.01	sxa1	viable	V	0.0	0.029	0.325	0.569	0.64	0.659	0.663
SPAC26A3.02	myh1	viable	V	0.0	0.005	0.282	0.721	0.88	0.923	0.934
SPAC26A3.03c	rmi1	inviable	E	0.001	0.284	1.793	2.748	3.009	3.075	3.091
SPAC26A3.05	chc1	inviable	E	0.189	1.484	2.836	3.295	3.401	3.427	3.434
SPAC26A3.06	bud23	viable	V	0.052	0.164	0.393	0.681	0.936	1.154	1.485
SPAC26A3.09c	rga2	viable	V	0.0	0.006	0.197	0.451	0.538	0.561	0.567
SPAC26A3.10	cnt6	viable	V	-0.066	-0.033	-0.011	-0.002	-0.0	-0.0	-0.0
SPAC26A3.11	SPAC26A3.11	viable	V	0.016	0.107	0.197	0.227	0.233	0.235	0.235
SPAC26A3.12c	dhp1	inviable	E	0.244	1.686	3.094	3.562	3.669	3.696	3.702
SPAC26A3.14c	atg44	viable	V	0.091	0.16	0.268	0.403	0.541	0.69	1.095
SPAC26A3.15c	nsp1	inviable	E	0.214	1.474	2.706	3.115	3.209	3.232	3.238
SPAC26A3.16	dsk2	viable	V	0.005	0.002	0.0	0.0	0.0	0.0	0.0
SPAC26A3.17c	rmt2	viable	V	0.061	0.22	0.472	0.681	0.801	0.869	0.922
SPAC26F1.01	sec74	viable	V	-0.11	-0.059	-0.022	-0.006	-0.001	-0.0	-0.0
SPAC26F1.02	pnn1	viable	V	0.061	0.418	0.766	0.882	0.909	0.915	0.917
SPAC26F1.03	pda1	inviable	E	0.206	0.786	1.893	3.027	3.813	4.338	4.867
SPAC26F1.04c	etr1	viable	V	0.0	0.0	0.0	0.008	0.52	2.153	3.859
SPAC26F1.05	mug106	viable	V	0.041	0.282	0.518	0.596	0.614	0.618	0.619
SPAC26F1.06	gpm1	inviable	E	0.352	2.432	4.463	5.138	5.293	5.331	5.341
SPAC26F1.07	SPAC26F1.07	viable	V	0.004	0.09	0.244	0.307	0.323	0.326	0.327
SPAC26F1.08c	SPAC26F1.08c	viable	V	0.037	0.188	0.388	0.5	0.543	0.559	0.566
SPAC26F1.09	gyp51	viable	V	0.062	0.166	0.342	0.527	0.669	0.779	0.921
SPAC26F1.10c	pyp1	viable	V	0.142	0.317	0.611	0.952	1.255	1.529	2.016
SPAC26F1.11	SPAC26F1.11	unknown	Not_determined	0.015	0.181	0.401	0.481	0.5	0.505	0.506
SPAC26F1.12c	hgh1	viable	V	0.049	0.107	0.202	0.315	0.417	0.512	0.69
SPAC26F1.13c	lrs1	inviable	E	0.262	1.806	3.315	3.816	3.931	3.96	3.967
SPAC26F1.14c	aif1	viable	V	0.04	0.36	0.995	1.432	1.615	1.69	1.725
SPAC26H5.02c	mgs1	viable	V	0.033	0.069	0.129	0.199	0.266	0.33	0.458
SPAC26H5.03	pcf2	viable	V	0.053	0.092	0.155	0.233	0.312	0.398	0.633
SPAC26H5.04	gid5	viable	V	0.011	0.182	0.655	1.036	1.205	1.274	1.308
SPAC26H5.05	mga2	viable	V	0.067	0.335	0.979	1.757	2.357	2.787	3.253
SPAC26H5.06	pot1	condition-dependent	E	0.002	0.101	0.912	2.27	3.214	3.736	4.076
SPAC26H5.07c	SPAC26H5.07c	viable	V	0.02	0.036	0.06	0.09	0.121	0.154	0.245
SPAC26H5.09c	SPAC26H5.09c	viable	V	0.054	0.372	0.683	0.786	0.809	0.815	0.817
SPAC26H5.10c	tif51	viable	V	0.009	0.0	0.0	0.0	0.0	0.0	0.0
SPAC26H5.11	mug56	viable	V	0.011	0.142	0.383	0.512	0.553	0.567	0.571
SPAC26H5.12	rpo41	inviable	E	0.014	0.712	2.728	3.855	4.183	4.275	4.302
SPAC26H5.13c	kei1	inviable	E	0.238	1.645	3.02	3.476	3.581	3.607	3.613
SPAC27D7.02c	grp1	viable	V	0.0	0.0	0.042	0.419	0.681	0.765	0.788
SPAC27D7.03c	mei2	viable	V	-0.0	-0.095	-0.507	-0.747	-0.811	-0.827	-0.832
SPAC27D7.04	omt2	viable	V	0.0	0.022	0.313	0.577	0.657	0.678	0.683
SPAC27D7.05c	apc14	viable	V	0.014	0.099	0.182	0.209	0.216	0.217	0.218
SPAC27D7.06	etf1	viable	V	-0.005	-0.0	-0.0	-0.0	-0.0	-0.0	-0.0
SPAC27D7.08c	mtl16	viable	V	0.004	0.024	0.101	0.258	0.455	0.674	1.127
SPAC27D7.11c	SPAC27D7.11c	viable	V	0.01	0.071	0.206	0.322	0.382	0.412	0.431
SPAC27D7.12c	but1	viable	V	0.025	0.078	0.166	0.249	0.304	0.341	0.378
SPAC27D7.13c	ssm4	viable	V	-0.008	-0.004	-0.001	-0.0	-0.0	-0.0	-0.0
SPAC27D7.14c	tpr1	viable	V	0.091	0.516	1.483	2.488	3.143	3.543	3.883
SPAC27E2.01	SPAC27E2.01	viable	V	0.018	0.04	0.076	0.118	0.156	0.191	0.256
SPAC27E2.02	yih1	viable	V	0.024	0.166	0.304	0.35	0.36	0.363	0.364
SPAC27E2.03c	ola1	viable	V	0.199	0.608	1.286	1.937	2.38	2.678	2.988
SPAC27E2.04c	mug155	unknown	Not_determined	-0.004	-0.001	-0.0	-0.0	-0.0	-0.0	-0.0
SPAC27E2.05	cdc1	inviable	E	0.145	1.604	3.413	4.065	4.218	4.256	4.265
SPAC27E2.06c	msm1	inviable	E	0.0	0.0	0.196	2.274	3.823	4.332	4.468
SPAC27E2.07	pvg2	viable	V	0.007	0.0	0.0	0.0	0.0	0.0	0.0
SPAC27E2.08	Tf2-6	unknown	Not_determined	-0.032	-0.22	-0.403	-0.464	-0.478	-0.481	-0.482
SPAC27E2.09	mak2	viable	V	0.025	0.012	0.004	0.001	0.0	0.0	0.0
SPAC27E2.10c	rfc3	inviable	E	0.002	0.234	1.658	3.028	3.591	3.792	3.869
SPAC27E2.12	SPAC27E2.12	viable	Not_determined	-0.007	-0.042	-0.08	-0.095	-0.1	-0.101	-0.101
SPAC27E2.14	SPAC27E2.14	unknown	Not_determined	-0.0	-0.0	-0.0	-0.0	-0.0	-0.0	-0.0
SPAC27F1.02c	cdc8	inviable	E	0.084	0.646	1.965	3.177	3.846	4.192	4.421
SPAC27F1.04c	nuf2	inviable	E	0.053	1.007	2.544	3.154	3.301	3.337	3.346
SPAC27F1.05c	SPAC27F1.05c	viable	V	0.03	0.207	0.38	0.437	0.45	0.453	0.454
SPAC27F1.06c	ani2	viable	V	0.0	0.0	0.0	0.025	0.499	1.021	1.22
SPAC27F1.07	ost1	inviable	E	0.057	1.355	3.739	4.755	5.01	5.075	5.092
SPAC27F1.08	pdt1	viable	V	0.005	0.019	0.057	0.128	0.222	0.34	0.686
SPAC27F1.09c	prp10	inviable	E	0.279	1.923	3.529	4.061	4.184	4.214	4.222
SPAC27F1.10	SPAC27F1.10	viable	V	0.003	0.231	0.905	1.242	1.328	1.35	1.355
SPAC29A4.02c	SPAC29A4.02c	viable	V	0.0	0.012	0.141	0.248	0.279	0.287	0.289
SPAC29A4.03c	mrps9	inviable	E	0.0	0.089	1.114	2.583	3.343	3.657	3.795
SPAC29A4.04c	cbf5	inviable	E	0.176	1.918	4.061	4.832	5.013	5.058	5.069
SPAC29A4.06c	SPAC29A4.06c	inviable	E	0.228	1.443	2.893	3.526	3.713	3.77	3.789
SPAC29A4.07	srb6	inviable	E	0.0	0.113	1.457	3.135	3.872	4.136	4.234
SPAC29A4.08c	prp19	inviable	E	0.077	1.388	3.444	4.25	4.444	4.492	4.504
SPAC29A4.09	rrp17	viable	V	0.011	0.276	1.324	2.421	2.999	3.269	3.418
SPAC29A4.10	rrn5	inviable	E	0.126	0.876	2.097	2.842	3.132	3.245	3.295
SPAC29A4.11	rga3	viable	V	-0.046	-0.023	-0.008	-0.002	-0.0	-0.0	-0.0
SPAC29A4.12c	mug108	viable	V	-0.369	-0.351	-0.277	-0.091	-0.001	-0.0	-0.0
SPAC29A4.14c	pex3	viable	V	0.041	0.282	0.518	0.596	0.614	0.619	0.62
SPAC29A4.15	srs1	inviable	E	0.257	1.772	3.252	3.743	3.856	3.884	3.891
SPAC29A4.16	hal4	condition-dependent	V	0.117	0.392	0.839	1.234	1.477	1.626	1.758
SPAC29A4.17c	fun14	viable	V	0.14	0.069	0.023	0.005	0.001	0.0	0.0
SPAC29A4.18	prw1	condition-dependent	V	0.033	0.225	0.871	1.89	2.845	3.638	4.666
SPAC29A4.19c	cta5	viable	V	-0.0	-0.0	-0.0	-0.0	-0.0	-0.0	-0.0
SPAC29A4.20	elp3	viable	V	0.233	0.936	2.12	3.115	3.682	3.998	4.24
SPAC29A4.23	SPAC29A4.23	unknown	Not_determined	0.017	0.081	0.17	0.224	0.246	0.255	0.26
SPAC29B12.01	ino80	inviable	E	0.089	0.695	1.95	2.932	3.4	3.615	3.735
SPAC29B12.02c	set2	viable	V	0.102	0.292	0.621	0.969	1.233	1.432	1.679
SPAC29B12.03	spd1	viable	V	0.012	0.026	0.049	0.076	0.101	0.124	0.166
SPAC29B12.04	snz1	viable	V	0.175	0.779	1.992	3.209	4.013	4.519	4.98
SPAC29B12.05c	mtq1	viable	V	0.019	0.037	0.067	0.104	0.139	0.175	0.253
SPAC29B12.06c	rcd1	viable	V	0.0	0.0	0.051	0.409	0.753	0.921	0.997
SPAC29B12.07	sec16	inviable	E	0.174	1.549	3.078	3.609	3.732	3.763	3.77
SPAC29B12.08	clr5	viable	V	0.0	0.0	0.005	0.245	0.549	0.667	0.699
SPAC29B12.10c	pgt1	viable	V	-0.004	-0.001	-0.0	-0.0	-0.0	-0.0	-0.0
SPAC29B12.11c	SPAC29B12.11c	viable	V	0.0	0.0	0.0	0.0	0.0	0.0	0.0
SPAC29B12.12	hot13	viable	V	-0.043	-0.01	-0.001	-0.0	-0.0	-0.0	-0.0
SPAC29B12.14c	SPAC29B12.14c	viable	V	-0.0	-0.0	-0.0	-0.0	-0.0	-0.0	-0.0
SPAC29E6.01	pof11	viable	V	0.007	0.076	0.164	0.196	0.204	0.206	0.206
SPAC29E6.02	prp3	inviable	E	0.215	1.715	3.292	3.829	3.954	3.984	3.992
SPAC29E6.03c	uso1	inviable	E	0.262	1.899	3.54	4.09	4.217	4.248	4.256
SPAC29E6.04	nnf1	inviable	E	0.005	0.562	2.819	4.24	4.662	4.779	4.813
SPAC29E6.05c	mxr1	viable	V	-0.066	-0.455	-0.836	-0.962	-0.991	-0.998	-1.0
SPAC29E6.06c	SPAC29E6.06c	inviable	E	0.31	2.136	3.92	4.512	4.649	4.682	4.69
SPAC29E6.07	SPAC29E6.07	viable	V	0.073	0.507	0.93	1.071	1.103	1.111	1.113
SPAC29E6.08	tbp1	inviable	E	0.297	2.05	3.763	4.331	4.462	4.494	4.502
SPAC29E6.09	SPAC29E6.09	viable	V	0.004	0.0	0.0	0.0	0.0	0.0	0.0
SPAC29E6.10c	nst1	viable	V	0.132	0.362	0.75	1.151	1.453	1.678	1.957
SPAC2C4.03c	smd2	inviable	E	0.192	1.322	2.426	2.792	2.877	2.897	2.902
SPAC2C4.04c	aim29	inviable	E	0.071	0.772	2.417	3.7	4.283	4.534	4.662
SPAC2C4.05	cor1	viable	V	0.046	0.317	0.582	0.67	0.69	0.695	0.696
SPAC2C4.06c	rcm1	viable	V	0.096	0.168	0.282	0.423	0.568	0.725	1.151
SPAC2C4.07c	dis32	viable	V	-0.017	-0.031	-0.051	-0.077	-0.104	-0.132	-0.21
SPAC2C4.08	SPAC2C4.08	viable	V	0.104	0.718	1.317	1.516	1.562	1.573	1.576
SPAC2C4.09	SPAC2C4.09	viable	V	-0.021	-0.01	-0.003	-0.001	-0.0	-0.0	-0.0
SPAC2C4.10c	csc4	viable	V	0.069	0.121	0.203	0.304	0.408	0.521	0.828
SPAC2C4.11c	pno1	inviable	E	0.279	1.928	3.538	4.072	4.195	4.225	4.233
SPAC2C4.12c	tpt1	inviable	E	0.218	1.719	3.542	4.279	4.477	4.533	4.549
SPAC2C4.14c	ppk11	viable	V	0.0	0.0	0.0	0.0	0.109	0.772	1.253
SPAC2C4.15c	ubx2	viable	V	0.0	0.0	0.0	0.002	0.181	0.512	0.663
SPAC2C4.16c	rps801	viable	V	0.123	1.15	2.324	2.736	2.832	2.856	2.861
SPAC2C4.17c	msy2	viable	V	0.0	0.0	0.0	0.046	0.282	0.435	0.485
SPAC2E12.02	hsf1	inviable	E	0.263	1.832	3.374	3.886	4.005	4.034	4.041
SPAC2E12.03c	SPAC2E12.03c	viable	V	0.0	0.003	0.062	0.288	0.603	0.906	1.285
SPAC2E12.05	wtf1	unknown	Not_determined	0.015	0.194	0.504	0.66	0.709	0.723	0.728
SPAC2E1P3.01	SPAC2E1P3.01	viable	V	0.073	0.036	0.012	0.003	0.0	0.0	0.0
SPAC2E1P3.02c	amt3	viable	V	-0.038	-0.018	-0.006	-0.001	-0.0	-0.0	-0.0
SPAC2E1P3.04	cao1	viable	V	-0.033	-0.228	-0.418	-0.481	-0.496	-0.499	-0.5
SPAC2E1P5.01c	mns1	viable	V	0.0	0.007	0.253	0.576	0.686	0.715	0.723
SPAC2E1P5.03	erj5	viable	V	-0.002	-0.0	-0.0	-0.0	-0.0	-0.0	-0.0
SPAC2E1P5.04c	cwg2	inviable	E	0.018	0.804	2.643	3.481	3.691	3.743	3.756
SPAC2E1P5.05	rrp9	inviable	E	0.16	1.796	3.88	4.651	4.836	4.883	4.895
SPAC2F3.01	imt1	viable	V	0.025	0.159	0.302	0.355	0.368	0.372	0.373
SPAC2F3.02	sec67	viable	V	0.078	0.241	0.51	0.766	0.94	1.056	1.176
SPAC2F3.03c	rpa49	inviable	E	0.049	0.903	2.794	3.899	4.268	4.388	4.43
SPAC2F3.04c	rim1	inviable	E	0.0	0.005	0.159	0.869	1.899	2.854	3.937
SPAC2F3.05c	SPAC2F3.05c	viable	V	-0.004	-0.001	-0.0	-0.0	-0.0	-0.0	-0.0
SPAC2F3.06c	kap104	condition-dependent	E	0.203	0.981	2.294	3.299	3.808	4.06	4.221
SPAC2F3.07c	SPAC2F3.07c	viable	V	-0.027	-0.187	-0.343	-0.394	-0.406	-0.409	-0.41
SPAC2F3.08	sut1	viable	V	-0.022	-0.011	-0.004	-0.001	-0.0	-0.0	-0.0
SPAC2F3.09	hem1	condition-dependent	E	0.035	1.03	3.203	4.249	4.533	4.609	4.63
SPAC2F3.10	vps54	inviable	E	0.0	0.196	1.914	3.627	4.276	4.487	4.557
SPAC2F3.11	ppx1	viable	V	0.0	0.0	0.003	0.264	0.687	0.865	0.915
SPAC2F3.12c	plp1	viable	V	0.018	0.123	0.225	0.259	0.267	0.269	0.269
SPAC2F3.13c	qtr2	viable	V	0.076	0.198	0.425	0.703	0.955	1.183	1.572
SPAC2F3.14c	saf2	inviable	E	0.246	1.691	3.834	5.007	5.424	5.574	5.635
SPAC2F3.15	lsk1	viable	V	0.069	0.205	0.431	0.653	0.809	0.916	1.032
SPAC2F3.16	SPAC2F3.16	viable	V	0.111	0.529	1.107	1.454	1.594	1.651	1.68
SPAC2F3.17c	lsm6	inviable	E	0.096	1.424	3.322	4.043	4.215	4.257	4.268
SPAC2F3.18c	SPAC2F3.18c	viable	V	0.008	0.0	0.0	0.0	0.0	0.0	0.0
SPAC2F7.02c	psr1	viable	V	0.024	0.284	0.616	0.737	0.766	0.773	0.775
SPAC2F7.03c	pom1	viable	V	0.097	0.216	0.415	0.646	0.853	1.04	1.375
SPAC2F7.04	med1	viable	V	0.077	0.183	0.36	0.56	0.732	0.879	1.119
SPAC2F7.05c	tif5	inviable	E	0.268	1.847	3.39	3.902	4.02	4.048	4.056
SPAC2F7.06c	pol4	viable	V	-0.0	-0.0	-0.0	-0.0	-0.0	-0.0	-0.0
SPAC2F7.07c	cph2	viable	V	0.059	0.267	0.745	1.318	1.768	2.098	2.474
SPAC2F7.08c	snf5	viable	V	0.094	0.174	0.302	0.461	0.619	0.784	1.193
SPAC2F7.09c	gep3	viable	V	0.067	0.191	0.4	0.609	0.761	0.869	0.994
SPAC2F7.10	akr1	viable	V	0.03	0.129	0.275	0.375	0.421	0.442	0.455
SPAC2F7.11	nrd1	viable	V	0.0	0.0	0.09	0.341	0.452	0.484	0.492
SPAC2F7.13c	wrs1	inviable	E	0.264	1.819	3.338	3.842	3.958	3.987	3.994
SPAC2F7.15	rsm24	inviable	E	0.051	0.501	1.718	2.91	3.582	3.93	4.159
SPAC2F7.16c	pld1	viable	Not_determined	0.0	0.001	0.001	0.001	0.001	0.001	0.001
SPAC2F7.17	mrf1	viable	V	0.014	0.123	0.421	0.738	0.933	1.044	1.125
SPAC2G11.02	urb2	inviable	E	0.12	1.226	2.954	3.796	4.054	4.134	4.161
SPAC2G11.03c	vps45	viable	V	0.0	0.009	0.46	1.614	2.333	2.638	2.767
SPAC2G11.04	rbm17	viable	V	0.053	0.106	0.193	0.299	0.4	0.5	0.717
SPAC2G11.05c	alx1	viable	V	-0.004	-0.0	-0.0	-0.0	-0.0	-0.0	-0.0
SPAC2G11.06	vps4	viable	V	0.111	0.541	1.492	2.528	3.255	3.736	4.2
SPAC2G11.07c	ptc3	viable	V	0.0	0.0	0.0	0.0	0.002	0.219	0.888
SPAC2G11.09	SPAC2G11.09	viable	V	0.052	0.026	0.008	0.002	0.0	0.0	0.0
SPAC2G11.10c	uba42	viable	V	0.061	0.303	0.838	1.407	1.796	2.047	2.278
SPAC2G11.11c	prh1	inviable	E	0.12	1.472	3.24	3.889	4.043	4.08	4.09
SPAC2G11.12	rqh1	viable	V	0.113	0.385	0.949	1.644	2.238	2.725	3.406
SPAC2G11.13	atg22	viable	V	0.043	0.296	0.543	0.625	0.644	0.649	0.65
SPAC2G11.14	taf1	inviable	E	0.072	0.862	2.388	3.292	3.612	3.723	3.766
SPAC2G11.15c	tgs1	viable	Not_determined	0.0	0.013	0.187	0.729	1.397	1.988	2.676
SPAC2H10.01	SPAC2H10.01	viable	V	0.009	0.041	0.086	0.114	0.126	0.132	0.134
SPAC2H10.02c	nas2	viable	V	0.017	0.043	0.087	0.134	0.172	0.202	0.244
SPAC2H10.04	SPAC2H10.04	unknown	Not_determined	0.0	0.0	0.0	0.0	0.0	0.0	0.0
SPAC30.01c	sec72	viable	V	0.058	0.314	0.635	0.795	0.849	0.868	0.875
SPAC30.02c	kti12	viable	V	0.261	0.852	1.828	2.727	3.308	3.678	4.029
SPAC30.03c	tsn1	viable	V	0.056	0.388	0.713	0.821	0.845	0.852	0.853
SPAC30.04c	abc4	viable	V	0.0	0.027	0.205	0.329	0.363	0.372	0.374
SPAC30C2.02	mmd1	viable	V	0.158	0.67	1.429	1.956	2.205	2.323	2.393
SPAC30C2.03	SPAC30C2.03	inviable	E	0.0	0.009	0.567	1.993	2.827	3.156	3.284
SPAC30C2.04	asc1	viable	V	0.221	0.61	1.277	1.986	2.533	2.951	3.488
SPAC30C2.05	erv14	viable	V	-0.005	-0.0	-0.0	-0.0	-0.0	-0.0	-0.0
SPAC30C2.06c	dml1	viable	V	0.091	1.184	3.248	4.395	4.776	4.901	4.946
SPAC30C2.07	fnp1	viable	V	-0.005	-0.04	-0.146	-0.286	-0.394	-0.469	-0.544
SPAC30C2.08	SPAC30C2.08	viable	V	0.0	0.0	0.0	0.004	0.04	0.172	0.996
SPAC30D11.01c	gto2	viable	V	0.031	0.189	0.552	0.922	1.155	1.293	1.405
SPAC30D11.02c	SPAC30D11.02c	viable	V	0.025	0.135	0.273	0.341	0.364	0.372	0.376
SPAC30D11.03	ddx27	inviable	E	0.233	1.639	3.505	4.391	4.668	4.757	4.788
SPAC30D11.04c	nup124	viable	V	0.073	0.216	0.458	0.704	0.883	1.012	1.16
SPAC30D11.05	aps3	viable	V	0.062	0.21	0.449	0.659	0.788	0.866	0.934
SPAC30D11.06c	hfl1	viable	V	0.0	0.0	0.0	0.0	0.0	0.026	1.11
SPAC30D11.07	nth1	viable	V	0.027	0.095	0.222	0.357	0.455	0.525	0.602
SPAC30D11.08c	phf2	inviable	E	0.0	0.028	1.288	3.123	3.768	3.942	3.987
SPAC30D11.09	cwf19	viable	V	0.076	0.177	0.366	0.613	0.86	1.109	1.646
SPAC30D11.10	rad52	viable	V	0.069	0.58	1.754	2.762	3.28	3.53	3.681
SPAC30D11.11	izh3	viable	V	0.022	0.154	0.283	0.326	0.335	0.338	0.338
SPAC30D11.13	hus5	condition-dependent	V	0.0	0.092	1.075	2.57	3.417	3.797	3.983
SPAC30D11.14c	SPAC30D11.14c	viable	V	0.025	0.098	0.246	0.41	0.532	0.619	0.714
SPAC31A2.02	trm112	viable	V	0.046	0.372	1.354	2.583	3.479	4.065	4.6
SPAC31A2.03	mrp11	inviable	E	0.0	0.034	0.842	2.414	3.311	3.687	3.85
SPAC31A2.04c	pre1	inviable	E	0.118	1.303	2.771	3.3	3.424	3.455	3.462
SPAC31A2.05c	mis4	inviable	E	0.049	0.688	2.259	3.419	3.905	4.098	4.187
SPAC31A2.06	atp25	viable	V	0.077	0.264	0.636	1.064	1.406	1.669	1.999
SPAC31A2.07c	dbp10	inviable	E	0.206	1.802	3.566	4.177	4.32	4.355	4.363
SPAC31A2.08	mrp20	inviable	E	0.0	0.069	1.555	3.202	3.732	3.872	3.907
SPAC31A2.09c	apm4	viable	V	0.0	0.0	0.0	0.09	0.326	0.444	0.48
SPAC31A2.10	SPAC31A2.10	viable	V	0.026	0.107	0.228	0.315	0.357	0.377	0.39
SPAC31A2.11c	cuf1	viable	V	0.093	0.294	0.634	0.962	1.185	1.336	1.491
SPAC31A2.12	rod1	viable	V	0.0	0.0	0.0	0.025	0.312	0.573	0.667
SPAC31A2.13c	sft1	viable	V	0.256	1.767	3.242	3.732	3.845	3.873	3.879
SPAC31A2.14	bun107	viable	V	0.006	0.002	0.0	0.0	0.0	0.0	0.0
SPAC31A2.15c	dcc1	viable	V	0.016	0.069	0.213	0.434	0.661	0.875	1.238
SPAC31A2.16	gef2	viable	V	0.012	0.063	0.174	0.286	0.359	0.403	0.44
SPAC31F12.01	zds1	viable	V	0.0	0.003	0.051	0.213	0.398	0.543	0.681
SPAC31G5.01	sap49	inviable	E	0.153	1.642	3.465	4.12	4.274	4.311	4.321
SPAC31G5.02	rot1	inviable	E	0.081	1.292	3.191	3.972	4.169	4.22	4.233
SPAC31G5.03	rps1101	viable	V	0.312	1.871	3.915	4.941	5.285	5.403	5.449
SPAC31G5.04	lys12	viable	V	0.016	0.113	0.207	0.238	0.245	0.247	0.247
SPAC31G5.05c	rpe1	inviable	E	0.007	0.585	2.31	3.175	3.397	3.452	3.466
SPAC31G5.06	rrg8	inviable	E	0.0	0.0	0.021	1.491	3.675	4.564	4.816
SPAC31G5.07	dni1	viable	V	0.015	0.104	0.191	0.22	0.227	0.228	0.229
SPAC31G5.08	hem4	inviable	E	0.027	0.472	1.93	3.331	4.048	4.379	4.563
SPAC31G5.09c	spk1	viable	V	0.008	0.117	0.276	0.337	0.351	0.355	0.356
SPAC31G5.10	eta2	viable	V	0.043	0.08	0.14	0.213	0.286	0.362	0.549
SPAC31G5.11	pac2	viable	V	0.018	0.285	0.991	1.536	1.77	1.864	1.908
SPAC31G5.12c	maf1	viable	V	0.096	0.661	1.213	1.396	1.438	1.448	1.451
SPAC31G5.13	rpn11	inviable	E	0.269	1.859	3.411	3.927	4.046	4.075	4.082
SPAC31G5.14	gcv1	viable	V	-0.066	-0.033	-0.011	-0.002	-0.0	-0.0	-0.0
SPAC31G5.15	psd3	viable	V	0.0	0.0	0.005	0.328	0.807	1.003	1.058
SPAC31G5.16c	dpm1	inviable	E	0.166	2.295	5.238	6.341	6.603	6.667	6.684
SPAC31G5.17c	rps1001	viable	V	0.263	0.761	1.594	2.426	3.024	3.448	3.93
SPAC31G5.18c	sde2	viable	V	0.137	0.056	0.013	0.002	0.0	0.0	0.0
SPAC31G5.19	abo1	viable	V	0.227	1.181	2.422	3.084	3.324	3.412	3.449
SPAC31G5.21	SPAC31G5.21	viable	V	0.04	0.273	0.501	0.577	0.595	0.599	0.6
SPAC323.01c	pos5	condition-dependent	V	0.004	0.151	0.966	2.062	2.743	3.099	3.32
SPAC323.02c	pup2	inviable	E	0.218	1.882	3.705	4.334	4.481	4.516	4.525
SPAC323.03c	pex8	viable	V	0.005	0.009	0.015	0.023	0.03	0.039	0.062
SPAC323.04	SPAC323.04	viable	V	0.016	0.111	0.205	0.236	0.243	0.244	0.245
SPAC323.05c	mtq2	viable	V	0.012	0.231	1.205	2.482	3.324	3.799	4.134
SPAC323.06c	uba5	inviable	E	0.0	0.034	0.818	2.594	3.807	4.398	4.705
SPAC323.07c	SPAC323.07c	viable	V	0.016	0.091	0.294	0.561	0.777	0.938	1.119
SPAC323.08	rmp1	condition-dependent	E	0.308	1.834	3.594	4.353	4.577	4.645	4.668
SPAC328.01c	msn5	viable	V	0.058	0.15	0.305	0.472	0.604	0.708	0.849
SPAC328.02	dbl4	viable	V	0.092	0.702	1.969	2.967	3.448	3.67	3.796
SPAC328.03	tps1	viable	V	0.037	0.25	0.466	0.542	0.561	0.566	0.567
SPAC328.04	spg4	viable	V	0.0	0.0	0.118	0.578	0.809	0.877	0.895
SPAC328.05	hrb1	viable	V	0.012	0.128	0.512	0.978	1.292	1.48	1.629
SPAC328.06	ubp2	viable	V	-0.019	-0.009	-0.003	-0.001	-0.0	-0.0	-0.0
SPAC328.07c	bsd1	viable	V	-0.0	-0.002	-0.172	-0.479	-0.595	-0.627	-0.635
SPAC328.09	odc1	viable	V	0.032	0.167	0.341	0.431	0.463	0.474	0.479
SPAC328.10c	rps502	viable	V	0.159	0.471	1.017	1.593	2.027	2.348	2.738
SPAC32A11.01	mug8	viable	V	0.041	0.372	0.746	0.877	0.907	0.915	0.917
SPAC32A11.02c	SPAC32A11.02c	viable	V	0.001	0.012	0.075	0.192	0.297	0.374	0.451
SPAC32A11.03c	phx1	viable	V	0.004	0.167	0.54	0.709	0.751	0.762	0.765
SPAC32A11.04c	tif212	inviable	E	0.263	1.813	3.327	3.83	3.946	3.974	3.981
SPAC343.01c	erg8	inviable	E	0.062	1.198	3.033	3.76	3.936	3.979	3.99
SPAC343.02	img1	inviable	E	0.016	0.373	1.549	2.546	2.985	3.162	3.244
SPAC343.04c	gid7	viable	V	0.027	0.083	0.177	0.266	0.326	0.365	0.406
SPAC343.05	vma1	condition-dependent	E	0.211	0.916	1.948	2.645	2.964	3.11	3.195
SPAC343.06c	pls1	viable	V	-0.05	-0.025	-0.008	-0.002	-0.0	-0.0	-0.0
SPAC343.07	mug28	viable	V	0.017	0.008	0.003	0.001	0.0	0.0	0.0
SPAC343.08c	mrp17	inviable	E	0.0	0.001	0.272	1.079	1.444	1.549	1.576
SPAC343.09	ubx3	viable	V	0.016	0.48	1.393	1.783	1.879	1.903	1.909
SPAC343.10	met11	viable	V	0.006	0.002	0.0	0.0	0.0	0.0	0.0
SPAC343.11c	msc1	viable	V	0.102	0.197	0.352	0.54	0.725	0.912	1.342
SPAC343.12	rds1	viable	V	-0.008	-0.056	-0.103	-0.119	-0.122	-0.123	-0.123
SPAC343.13	gta2	inviable	E	0.0	0.0	0.148	1.857	3.533	4.251	4.508
SPAC343.14c	tif222	inviable	E	0.297	2.05	3.763	4.331	4.463	4.495	4.503
SPAC343.15	tit1	viable	V	0.072	0.19	0.423	0.733	1.038	1.334	1.914
SPAC343.16	lys2	viable	V	0.056	0.437	0.831	0.965	0.995	1.003	1.005
SPAC343.17c	wdr70	condition-dependent	E	0.063	0.316	0.952	1.755	2.401	2.882	3.431
SPAC343.18	rfp2	viable	V	0.052	0.36	0.661	0.761	0.784	0.79	0.791
SPAC343.19	lsb6	viable	V	0.0	0.0	0.0	0.0	0.036	0.796	1.721
SPAC343.21	SPAC343.21	viable	Not_determined	0.015	0.101	0.185	0.214	0.22	0.222	0.222
SPAC3A11.02	cps3	viable	V	0.0	0.0	0.0	0.046	0.397	0.665	0.756
SPAC3A11.03	efm3	viable	V	-0.001	-0.0	-0.0	-0.0	-0.0	-0.0	-0.0
SPAC3A11.04	sei1	viable	V	0.0	0.102	0.936	1.562	1.741	1.787	1.798
SPAC3A11.05c	kms1	viable	V	-0.002	-0.0	-0.0	-0.0	-0.0	-0.0	-0.0
SPAC3A11.06	mvp1	viable	V	0.042	0.141	0.301	0.444	0.534	0.589	0.64
SPAC3A11.07	nde1	viable	V	0.054	0.23	0.49	0.672	0.758	0.799	0.824
SPAC3A11.08	cul4	condition-dependent	E	0.13	0.685	1.819	2.88	3.517	3.88	4.163
SPAC3A11.09	sod22	viable	V	-0.061	-0.03	-0.01	-0.002	-0.0	-0.0	-0.0
SPAC3A11.10c	dpe1	viable	V	0.0	0.029	0.304	0.617	0.75	0.797	0.814
SPAC3A11.11c	SPAC3A11.11c	viable	V	-0.268	-0.268	-0.268	-0.265	-0.253	-0.201	-0.0
SPAC3A11.12c	rpt5	inviable	E	0.216	1.493	2.74	3.154	3.249	3.273	3.278
SPAC3A11.13	pfd6	viable	V	0.027	0.14	0.464	0.944	1.394	1.777	2.314
SPAC3A11.14c	pkl1	viable	V	0.049	0.11	0.213	0.332	0.437	0.531	0.694
SPAC3A12.02	ceo2	inviable	E	0.0	0.0	0.145	1.26	2.623	3.476	3.98
SPAC3A12.03c	meu34	viable	V	0.055	0.378	0.693	0.798	0.822	0.828	0.83
SPAC3A12.04c	rpp1	inviable	E	0.122	1.523	3.365	4.043	4.203	4.243	4.253
SPAC3A12.05c	taf2	inviable	E	0.011	0.762	2.949	4.059	4.349	4.423	4.442
SPAC3A12.06c	SPAC3A12.06c	viable	V	-0.045	-0.078	-0.132	-0.198	-0.265	-0.338	-0.537
SPAC3A12.07	rpb11	inviable	E	0.256	1.643	3.707	4.878	5.311	5.473	5.542
SPAC3A12.08	SPAC3A12.08	viable	V	0.084	0.581	1.066	1.227	1.264	1.273	1.275
SPAC3A12.09c	ure4	viable	V	-0.005	-0.034	-0.062	-0.071	-0.073	-0.074	-0.074
SPAC3A12.10	rpl2001	viable	V	0.064	1.147	2.848	3.515	3.676	3.715	3.725
SPAC3A12.11c	cwf2	inviable	E	0.181	1.25	2.294	2.641	2.721	2.74	2.745
SPAC3A12.12	atp11	viable	V	0.08	0.166	0.308	0.477	0.637	0.79	1.105
SPAC3A12.13c	tif310	viable	V	0.215	0.955	2.025	2.728	3.041	3.181	3.259
SPAC3A12.14	cam1	inviable	E	0.039	1.047	2.936	3.729	3.922	3.97	3.982
SPAC3A12.15	vps53	inviable	E	0.005	0.234	1.489	3.009	3.849	4.243	4.458
SPAC3A12.16c	tim17	inviable	E	0.275	1.334	2.826	3.732	4.103	4.256	4.333
SPAC3A12.17c	cys12	viable	V	0.097	0.259	0.53	0.817	1.041	1.214	1.442
SPAC3A12.18	zwf1	condition-dependent	E	0.155	1.547	3.185	3.765	3.901	3.934	3.943
SPAC3C7.01c	sac12	viable	V	0.002	0.131	0.463	0.62	0.66	0.67	0.672
SPAC3C7.02c	pil2	viable	V	0.041	0.283	0.519	0.597	0.615	0.619	0.62
SPAC3C7.03c	rad55	viable	V	0.134	0.467	1.169	2.032	2.764	3.359	4.177
SPAC3C7.04	SPAC3C7.04	viable	V	0.003	0.09	0.558	1.232	1.69	1.95	2.132
SPAC3C7.05c	mug191	viable	V	0.118	0.248	0.464	0.72	0.959	1.184	1.63
SPAC3C7.06c	pit1	viable	V	0.042	0.292	0.535	0.616	0.635	0.639	0.641
SPAC3C7.07c	ate1	viable	V	0.057	0.39	0.716	0.824	0.849	0.856	0.857
SPAC3C7.08c	elf1	viable	V	0.183	0.823	1.987	3.004	3.592	3.921	4.173
SPAC3C7.09	set8	viable	V	0.008	0.0	0.0	0.0	0.0	0.0	0.0
SPAC3C7.10	pex13	viable	V	0.021	0.144	0.265	0.305	0.314	0.316	0.317
SPAC3C7.11c	cnx1	inviable	E	0.0	0.006	1.118	3.695	4.76	5.059	5.136
SPAC3C7.12	tip1	viable	V	0.092	0.468	0.964	1.234	1.334	1.372	1.388
SPAC3C7.13c	SPAC3C7.13c	viable	V	-0.017	-0.008	-0.003	-0.001	-0.0	-0.0	-0.0
SPAC3C7.14c	obr1	viable	V	0.0	0.0	0.003	0.03	0.116	0.294	0.974
SPAC3F10.02c	trk1	viable	V	0.059	0.144	0.313	0.55	0.803	1.071	1.711
SPAC3F10.03	grs1	inviable	E	0.255	1.76	3.23	3.717	3.83	3.857	3.864
SPAC3F10.04	gsa1	condition-dependent	V	0.0	0.006	0.048	0.164	0.319	0.482	0.749
SPAC3F10.05c	mug113	viable	V	0.005	0.0	0.0	0.0	0.0	0.0	0.0
SPAC3F10.06c	rit1	viable	V	0.0	0.0	0.03	0.228	0.481	0.655	0.773
SPAC3F10.07c	erf4	viable	Not_determined	0.03	0.058	0.107	0.171	0.238	0.31	0.501
SPAC3F10.08c	faf1	inviable	E	0.21	1.927	3.966	4.72	4.905	4.953	4.965
SPAC3F10.09	his6	viable	V	0.0	0.001	0.089	0.256	0.321	0.338	0.343
SPAC3F10.10c	map3	viable	V	0.022	0.409	1.019	1.259	1.317	1.331	1.335
SPAC3F10.11c	abc2	viable	V	0.044	0.284	0.536	0.629	0.653	0.659	0.661
SPAC3F10.12c	SPAC3F10.12c	viable	V	-0.017	-0.164	-0.334	-0.393	-0.407	-0.411	-0.412
SPAC3F10.13	ucp6	viable	V	0.043	0.237	0.478	0.596	0.635	0.649	0.654
SPAC3F10.16c	SPAC3F10.16c	viable	V	0.22	1.655	3.12	3.614	3.728	3.756	3.763
SPAC3F10.17	ltv1	viable	V	0.316	1.49	3.126	4.119	4.528	4.698	4.783
SPAC3F10.19	spd2	viable	Not_determined	0.076	0.142	0.248	0.379	0.509	0.644	0.974
SPAC3G6.01	hrp3	viable	V	0.063	0.231	0.598	1.065	1.471	1.806	2.276
SPAC3G6.02	dss1	condition-dependent	V	0.124	1.047	2.044	2.387	2.467	2.486	2.491
SPAC3G6.03c	ifs1	viable	V	0.007	0.001	0.0	0.0	0.0	0.0	0.0
SPAC3G6.04	rnp24	viable	V	-0.017	-0.008	-0.003	-0.001	-0.0	-0.0	-0.0
SPAC3G6.05	SPAC3G6.05	viable	V	-0.009	-0.063	-0.116	-0.133	-0.137	-0.138	-0.138
SPAC3G6.06c	rad2	viable	V	0.011	0.066	0.242	0.519	0.787	1.019	1.343
SPAC3G6.07	SPAC3G6.07	unknown	Not_determined	-0.29	-0.288	-0.277	-0.231	-0.108	-0.002	-0.0
SPAC3G6.09c	tps2	viable	V	0.026	0.181	0.332	0.383	0.394	0.397	0.398
SPAC3G6.10c	vps51	inviable	E	0.001	0.088	0.833	1.941	2.601	2.919	3.091
SPAC3G6.11	chl1	viable	V	0.078	0.152	0.279	0.448	0.627	0.825	1.37
SPAC3G6.13c	rpl4101	viable	V	0.004	0.002	0.0	0.0	0.0	0.0	0.0
SPAC3G9.01	nsk1	viable	V	0.052	0.108	0.208	0.345	0.493	0.66	1.12
SPAC3G9.02	oar2	viable	V	0.0	0.0	0.007	0.32	1.41	2.687	3.918
SPAC3G9.03	rpl2301	viable	V	0.213	0.423	0.767	1.184	1.586	1.983	2.854
SPAC3G9.04	ssu72	viable	V	0.025	0.077	0.206	0.417	0.665	0.945	1.647
SPAC3G9.05	spa2	viable	V	0.002	0.035	0.097	0.124	0.132	0.134	0.134
SPAC3G9.06	frs2	inviable	E	0.278	1.921	3.525	4.058	4.181	4.211	4.218
SPAC3G9.07c	hos2	viable	V	0.038	0.134	0.288	0.417	0.491	0.534	0.569
SPAC3G9.08	png1	condition-dependent	V	0.273	0.484	0.821	1.238	1.662	2.117	3.329
SPAC3G9.09c	tif211	inviable	E	0.183	1.51	2.93	3.417	3.53	3.558	3.565
SPAC3G9.10c	rrp41	inviable	E	0.044	0.846	2.143	2.658	2.782	2.812	2.82
SPAC3G9.11c	pdc201	viable	V	0.035	0.239	0.438	0.504	0.519	0.523	0.524
SPAC3G9.12	peg1	inviable	E	0.095	1.144	2.822	3.609	3.838	3.906	3.927
SPAC3G9.13c	msw1	inviable	E	0.0	0.0	0.123	1.625	2.978	3.499	3.664
SPAC3G9.14	sak1	inviable	E	0.134	1.272	2.579	3.037	3.145	3.171	3.177
SPAC3G9.15c	fcf2	inviable	E	0.311	1.32	2.816	3.853	4.342	4.572	4.71
SPAC3G9.16c	bet5	inviable	E	0.003	0.634	3.419	5.055	5.493	5.603	5.631
SPAC3G9.17	ppt2	viable	Not_determined	0.0	0.008	0.26	1.342	2.705	3.8	4.814
SPAC3H1.01c	orc3	inviable	E	0.04	0.969	2.868	3.776	4.025	4.093	4.112
SPAC3H1.02c	sdd3	viable	V	0.031	0.128	0.274	0.379	0.431	0.456	0.473
SPAC3H1.03	mug151	viable	V	0.013	0.031	0.061	0.096	0.125	0.15	0.191
SPAC3H1.04c	mdm31	viable	V	0.113	0.242	0.468	0.758	1.052	1.354	2.054
SPAC3H1.05	ste24	viable	V	0.001	0.097	0.491	0.715	0.775	0.789	0.793
SPAC3H1.06c	SPAC3H1.06c	viable	V	0.049	0.086	0.145	0.217	0.292	0.372	0.591
SPAC3H1.07	aru1	viable	V	0.003	0.148	0.505	0.671	0.713	0.723	0.726
SPAC3H1.08c	SPAC3H1.08c	viable	V	0.0	0.002	0.178	0.494	0.614	0.647	0.655
SPAC3H1.09c	avt3	viable	V	0.0	0.074	0.759	1.303	1.461	1.502	1.512
SPAC3H1.10	pcs2	viable	V	-0.021	-0.01	-0.003	-0.001	-0.0	-0.0	-0.0
SPAC3H1.11	hsr1	viable	V	-0.068	-0.034	-0.012	-0.003	-0.0	-0.0	-0.0
SPAC3H1.12c	snt2	viable	V	0.066	0.161	0.32	0.498	0.646	0.77	0.957
SPAC3H1.13	ppk13	viable	V	0.036	0.08	0.162	0.278	0.406	0.552	0.957
SPAC3H5.06c	pol1	inviable	E	0.254	1.752	3.216	3.702	3.814	3.841	3.848
SPAC3H5.07	rpl702	viable	V	0.25	0.839	1.822	2.727	3.309	3.676	4.019
SPAC3H5.08c	wdr44	viable	V	0.01	0.039	0.098	0.168	0.223	0.265	0.317
SPAC3H5.09c	hob2	viable	V	0.035	0.244	0.447	0.515	0.531	0.534	0.535
SPAC3H8.02	csr102	viable	V	-0.031	-0.211	-0.388	-0.446	-0.46	-0.463	-0.464
SPAC3H8.03	img2	viable	V	0.0	0.0	0.018	0.116	0.267	0.411	0.572
SPAC3H8.04	SPAC3H8.04	viable	V	0.0	0.031	0.297	0.502	0.561	0.577	0.58
SPAC3H8.05c	mms1	viable	V	0.0	0.002	0.174	1.164	2.358	3.175	3.746
SPAC3H8.06	aur1	inviable	E	0.3	1.846	3.57	4.273	4.47	4.527	4.545
SPAC3H8.07c	pfd3	viable	V	0.0	0.08	1.194	2.232	2.549	2.631	2.652
SPAC3H8.08c	SPAC3H8.08c	viable	V	0.0	0.004	0.101	0.214	0.252	0.262	0.264
SPAC3H8.09c	nab3	viable	V	0.003	0.073	0.205	0.26	0.274	0.277	0.278
SPAC3H8.10	spo20	condition-dependent	V	0.167	1.058	2.546	3.527	3.941	4.114	4.201
SPAC458.02c	SPAC458.02c	viable	V	0.045	0.309	0.568	0.653	0.673	0.678	0.679
SPAC458.03	tel2	inviable	E	0.052	1.16	3.148	3.993	4.205	4.26	4.274
SPAC458.04c	dli1	viable	V	0.024	0.41	1.007	1.24	1.295	1.309	1.313
SPAC458.05	pik3	viable	V	0.003	0.029	0.173	0.527	1.0	1.519	2.495
SPAC458.06	atg1803	viable	V	-0.011	-0.006	-0.002	-0.0	-0.0	-0.0	-0.0
SPAC458.07	tfa1	inviable	E	0.072	0.891	2.472	3.393	3.714	3.824	3.865
SPAC4A8.02c	SPAC4A8.02c	viable	V	-0.008	-0.055	-0.101	-0.116	-0.12	-0.12	-0.121
SPAC4A8.03c	ptc4	condition-dependent	V	0.091	0.289	0.646	1.02	1.296	1.494	1.724
SPAC4A8.04	isp6	viable	V	0.207	1.425	2.616	3.011	3.102	3.124	3.13
SPAC4A8.05c	myp2	condition-dependent	V	0.042	0.082	0.148	0.228	0.305	0.383	0.561
SPAC4A8.06c	SPAC4A8.06c	viable	V	0.0	0.0	0.0	0.002	0.236	0.709	0.931
SPAC4A8.07c	lcb4	viable	V	0.002	0.087	0.33	0.48	0.529	0.544	0.549
SPAC4A8.08c	vrs2	inviable	E	0.0	0.003	0.775	2.869	3.829	4.115	4.193
SPAC4A8.09c	cwf21	viable	V	0.014	0.108	0.351	0.597	0.745	0.828	0.888
SPAC4A8.10	rog1	viable	V	0.062	0.24	0.515	0.727	0.84	0.899	0.941
SPAC4A8.11c	fas2	inviable	E	0.278	1.917	3.519	4.051	4.173	4.203	4.211
SPAC4A8.12c	sds22	inviable	E	0.027	0.731	2.497	3.532	3.864	3.968	4.002
SPAC4A8.13c	pts1	inviable	E	0.287	1.948	3.602	4.167	4.3	4.334	4.343
SPAC4A8.14	SPAC4A8.14	viable	V	0.047	0.084	0.143	0.216	0.29	0.369	0.578
SPAC4A8.15c	cdc3	inviable	E	0.052	0.85	2.592	3.636	3.995	4.116	4.16
SPAC4A8.16c	tif303	inviable	E	0.279	1.922	3.528	4.061	4.184	4.214	4.222
SPAC4C5.01	pud1	viable	V	0.091	0.628	1.152	1.326	1.366	1.376	1.378
SPAC4C5.02c	ryh1	condition-dependent	V	0.03	0.546	2.168	3.621	4.316	4.621	4.777
SPAC4C5.03	SPAC4C5.03	viable	V	0.029	0.352	0.844	1.06	1.119	1.136	1.141
SPAC4C5.04	rad31	viable	V	0.0	0.047	0.68	2.053	3.13	3.757	4.177
SPAC4D7.01c	sec71	viable	V	0.0	0.0	0.022	0.181	0.282	0.314	0.323
SPAC4D7.02c	pgc1	viable	V	0.0	0.008	0.132	0.251	0.288	0.297	0.3
SPAC4D7.03	pop2	viable	V	0.022	0.101	0.213	0.283	0.313	0.325	0.332
SPAC4D7.04c	rer2	inviable	E	0.083	0.998	2.761	3.793	4.154	4.279	4.326
SPAC4D7.05	sum1	inviable	E	0.215	1.484	2.724	3.135	3.23	3.253	3.259
SPAC4D7.06c	met8	viable	V	0.025	0.175	0.32	0.369	0.38	0.383	0.383
SPAC4D7.07c	csi2	viable	V	0.071	0.489	0.898	1.034	1.065	1.073	1.075
SPAC4D7.08c	ade4	viable	Not_determined	0.052	0.207	0.443	0.619	0.708	0.753	0.783
SPAC4D7.09	tif223	inviable	E	0.127	1.298	3.059	3.88	4.123	4.195	4.219
SPAC4D7.10c	spt20	viable	V	0.0	0.0	0.035	0.401	0.778	0.954	1.025
SPAC4D7.11	dsc4	viable	V	0.003	0.084	0.238	0.303	0.318	0.322	0.323
SPAC4D7.12c	fet5	inviable	E	0.147	1.745	3.796	4.544	4.721	4.764	4.775
SPAC4D7.13	prp40	inviable	E	0.0	0.003	0.627	2.877	4.25	4.759	4.935
SPAC4D7.15	gem6	unknown	Not_determined	0.0	0.022	1.505	4.02	4.951	5.205	5.27
SPAC4F10.02	ape4	viable	V	-0.016	-0.028	-0.049	-0.075	-0.101	-0.131	-0.21
SPAC4F10.03c	trm7	inviable	E	0.334	1.403	2.997	4.116	4.651	4.906	5.063
SPAC4F10.04	ypa1	viable	V	0.013	0.063	0.213	0.474	0.772	1.082	1.69
SPAC4F10.05c	lip2	viable	V	0.0	0.0	0.0	0.23	1.995	3.706	4.504
SPAC4F10.06	bud22	viable	V	0.235	1.386	3.018	3.927	4.263	4.387	4.441
SPAC4F10.07c	atg13	viable	V	0.02	0.035	0.058	0.087	0.117	0.149	0.237
SPAC4F10.08	mug126	viable	V	0.034	0.237	0.435	0.501	0.516	0.519	0.52
SPAC4F10.09c	noc1	inviable	E	0.268	2.098	4.054	4.737	4.899	4.94	4.95
SPAC4F10.10c	mnn9	condition-dependent	E	0.237	1.635	3.002	3.455	3.559	3.585	3.591
SPAC4F10.11	spn1	viable	V	0.041	0.133	0.284	0.421	0.509	0.564	0.615
SPAC4F10.12	fta1	inviable	E	0.002	0.146	1.09	2.357	3.095	3.451	3.649
SPAC4F10.13c	mpd2	viable	V	0.042	0.17	0.437	0.736	0.959	1.118	1.294
SPAC4F10.14c	btf3	viable	V	0.188	0.53	1.102	1.686	2.116	2.431	2.807
SPAC4F10.15c	wsp1	condition-dependent	V	0.095	0.236	0.473	0.735	0.95	1.127	1.389
SPAC4F10.16c	SPAC4F10.16c	viable	V	-0.007	-0.045	-0.083	-0.096	-0.099	-0.1	-0.1
SPAC4F10.17	SPAC4F10.17	viable	V	-0.034	-0.234	-0.429	-0.494	-0.509	-0.513	-0.514
SPAC4F10.18	nup37	viable	V	0.031	0.141	0.297	0.396	0.438	0.456	0.466
SPAC4F10.19c	hit1	viable	V	0.0	0.0	0.093	0.917	1.555	1.785	1.856
SPAC4F10.20	grx1	viable	V	-0.006	-0.039	-0.071	-0.081	-0.084	-0.084	-0.085
SPAC4F8.01	did4	viable	V	0.0	0.004	0.274	0.731	0.9	0.946	0.958
SPAC4F8.02c	mrpl40	inviable	E	0.003	0.301	1.843	3.207	3.745	3.935	4.006
SPAC4F8.03	sdo1	viable	V	0.039	0.681	2.48	3.902	4.516	4.764	4.878
SPAC4F8.04	rpf1	inviable	E	0.316	2.179	4.0	4.604	4.743	4.777	4.786
SPAC4F8.05c	mrpl28	inviable	E	0.0	0.018	1.191	3.158	3.883	4.08	4.131
SPAC4F8.06	mrps12	inviable	E	0.0	0.052	1.552	3.41	4.029	4.194	4.235
SPAC4F8.07c	hxk2	condition-dependent	E	0.123	1.402	3.015	3.6	3.738	3.771	3.78
SPAC4F8.08	mug114	viable	V	0.001	0.026	0.195	0.483	0.706	0.845	0.955
SPAC4F8.10c	stg1	viable	V	0.014	0.099	0.182	0.21	0.216	0.217	0.218
SPAC4F8.11	sea2	viable	V	0.017	0.03	0.05	0.075	0.1	0.128	0.203
SPAC4F8.12c	spp42	inviable	E	0.285	1.964	3.605	4.149	4.275	4.305	4.313
SPAC4F8.13c	rng2	inviable	E	0.003	0.393	2.289	3.663	4.111	4.244	4.285
SPAC4F8.14c	hcs1	inviable	E	0.093	1.314	3.021	3.663	3.816	3.854	3.863
SPAC4F8.15	itr1	viable	V	0.015	0.103	0.189	0.217	0.224	0.226	0.226
SPAC4G8.02c	sss1	inviable	E	0.176	1.22	2.677	3.415	3.661	3.743	3.775
SPAC4G8.03c	puf5	viable	V	0.063	0.432	0.793	0.913	0.94	0.947	0.949
SPAC4G8.04	SPAC4G8.04	viable	V	0.005	0.0	0.0	0.0	0.0	0.0	0.0
SPAC4G8.05	ppk14	viable	V	-0.022	-0.152	-0.278	-0.32	-0.33	-0.332	-0.333
SPAC4G8.06c	trm12	viable	V	0.039	0.216	0.436	0.544	0.58	0.593	0.598
SPAC4G8.07c	trm2	viable	V	0.052	0.131	0.263	0.408	0.526	0.624	0.767
SPAC4G8.08	mrs4	viable	V	0.043	0.081	0.146	0.23	0.319	0.416	0.683
SPAC4G8.09	SPAC4G8.09	inviable	E	0.001	0.18	1.594	2.987	3.525	3.704	3.766
SPAC4G8.10	gos1	viable	V	0.139	1.412	3.203	3.979	4.195	4.256	4.274
SPAC4G8.11c	atp10	viable	V	0.059	0.176	0.395	0.65	0.862	1.034	1.278
SPAC4G8.12c	smp3	inviable	E	0.033	0.98	2.847	3.644	3.84	3.888	3.901
SPAC4G8.13c	prz1	viable	V	0.004	0.002	0.0	0.0	0.0	0.0	0.0
SPAC4G9.02	rnh201	viable	V	-0.065	-0.448	-0.823	-0.947	-0.975	-0.982	-0.984
SPAC4G9.04c	pcf11	inviable	E	0.188	1.618	3.186	3.728	3.854	3.885	3.892
SPAC4G9.05	mpf1	viable	V	0.07	0.36	0.739	0.942	1.016	1.043	1.055
SPAC4G9.07	mug133	viable	V	0.015	0.104	0.19	0.219	0.225	0.227	0.227
SPAC4G9.08c	rpc2	inviable	E	0.203	1.749	3.442	4.026	4.163	4.196	4.204
SPAC4G9.09c	arg11	viable	V	0.05	0.238	0.58	0.876	1.043	1.134	1.201
SPAC4G9.10	arg3	viable	V	0.027	0.063	0.136	0.244	0.367	0.508	0.904
SPAC4G9.11c	cmb1	viable	V	-0.335	-0.333	-0.326	-0.295	-0.193	-0.021	-0.0
SPAC4G9.12	idn1	viable	V	0.034	0.102	0.216	0.326	0.402	0.453	0.508
SPAC4G9.13c	vps26	viable	V	0.073	0.128	0.215	0.323	0.434	0.554	0.88
SPAC4G9.14	sym1	viable	V	0.007	0.111	0.266	0.325	0.34	0.343	0.344
SPAC4G9.15	ifa38	viable	V	0.025	1.059	3.429	4.502	4.769	4.836	4.852
SPAC4G9.16c	rpl901	viable	V	0.285	0.893	1.897	2.839	3.465	3.876	4.285
SPAC4G9.17c	mrp5	inviable	E	0.0	0.093	1.429	3.141	3.869	4.118	4.204
SPAC4G9.19	SPAC4G9.19	viable	V	-0.0	-0.0	-0.036	-0.292	-0.456	-0.507	-0.521
SPAC4G9.20c	ymc1	viable	V	0.042	0.132	0.281	0.421	0.514	0.576	0.638
SPAC4G9.22	SPAC4G9.22	unknown	Not_determined	0.027	0.189	0.347	0.399	0.412	0.415	0.415
SPAC4H3.01	SPAC4H3.01	viable	V	-0.007	-0.176	-0.488	-0.618	-0.65	-0.658	-0.66
SPAC4H3.03c	SPAC4H3.03c	viable	V	-0.001	-0.091	-0.335	-0.454	-0.484	-0.491	-0.493
SPAC4H3.04c	SPAC4H3.04c	viable	V	-0.025	-0.175	-0.322	-0.37	-0.381	-0.384	-0.385
SPAC4H3.05	srs2	viable	V	0.028	0.099	0.25	0.438	0.597	0.727	0.905
SPAC4H3.06	rss1	viable	V	0.015	0.102	0.187	0.215	0.222	0.223	0.224
SPAC4H3.07c	rdl2	viable	V	-0.066	-0.033	-0.011	-0.002	-0.0	-0.0	-0.0
SPAC4H3.08	fox2	inviable	E	0.1	0.691	1.268	1.459	1.503	1.514	1.517
SPAC4H3.09	SPAC4H3.09	inviable	E	0.001	0.291	1.742	2.638	2.88	2.941	2.957
SPAC4H3.11c	ppc89	inviable	E	0.071	1.268	3.135	3.866	4.042	4.085	4.096
SPAC4H3.13	pcc1	viable	V	0.17	1.368	3.359	4.525	4.955	5.113	5.179
SPAC4H3.14c	rng8	viable	V	0.02	0.14	0.257	0.296	0.305	0.307	0.308
SPAC4H3.16	SPAC4H3.16	unknown	Not_determined	-0.004	-0.0	-0.0	-0.0	-0.0	-0.0	-0.0
SPAC513.01c	eft201	viable	V	0.038	0.072	0.127	0.194	0.26	0.328	0.492
SPAC513.02	SPAC513.02	viable	V	-0.27	-0.266	-0.246	-0.171	-0.036	-0.0	-0.0
SPAC513.03	mfm2	viable	V	-0.279	-0.278	-0.273	-0.249	-0.171	-0.024	-0.0
SPAC513.04	SPAC513.04	viable	V	-0.053	-0.026	-0.008	-0.002	-0.0	-0.0	-0.0
SPAC513.05	ams1	viable	V	0.034	0.237	0.435	0.501	0.516	0.52	0.521
SPAC513.06c	dhd1	viable	V	0.009	0.017	0.031	0.049	0.068	0.089	0.147
SPAC513.07	SPAC513.07	viable	V	0.173	0.083	0.027	0.006	0.001	0.0	0.0
SPAC521.02	wss1	viable	V	-0.066	-0.033	-0.011	-0.002	-0.0	-0.0	-0.0
SPAC521.03	SPAC521.03	viable	V	0.103	0.708	1.3	1.497	1.542	1.553	1.556
SPAC521.04c	sst1	viable	V	0.015	0.256	0.622	0.764	0.798	0.806	0.808
SPAC56E4.02c	alg13	inviable	E	0.096	0.664	1.219	1.403	1.446	1.456	1.459
SPAC56E4.03	SPAC56E4.03	viable	V	0.085	0.268	0.632	1.07	1.441	1.746	2.178
SPAC56E4.04c	cut6	inviable	E	0.173	1.692	3.464	4.089	4.235	4.271	4.28
SPAC56E4.05	snd2	inviable	E	0.006	0.466	2.59	4.304	4.942	5.156	5.233
SPAC56E4.06c	ggt2	viable	V	0.054	0.374	0.686	0.79	0.814	0.819	0.821
SPAC56E4.07	SPAC56E4.07	viable	V	-0.066	-0.033	-0.011	-0.002	-0.0	-0.0	-0.0
SPAC56F8.02	cmr2	viable	V	0.126	0.871	1.599	1.84	1.896	1.91	1.913
SPAC56F8.03	tif52	inviable	E	0.238	1.732	3.231	3.734	3.85	3.878	3.885
SPAC56F8.04c	ppt1	condition-dependent	V	0.0	0.011	0.123	0.488	1.017	1.588	2.509
SPAC56F8.05c	mug64	viable	V	0.06	0.115	0.204	0.313	0.421	0.53	0.783
SPAC56F8.06c	alg10	viable	V	0.189	0.093	0.031	0.007	0.001	0.0	0.0
SPAC56F8.07	ema19	inviable	Not_determined	0.023	0.158	0.29	0.333	0.344	0.346	0.347
SPAC56F8.08	mud1	viable	V	-0.0	-0.0	-0.071	-0.393	-0.566	-0.617	-0.631
SPAC56F8.09	rrp8	viable	V	0.027	0.128	0.361	0.629	0.828	0.965	1.108
SPAC56F8.10	met9	inviable	E	0.19	1.453	3.08	3.795	4.002	4.064	4.084
SPAC56F8.11	spc3	inviable	E	0.21	1.735	3.373	3.934	4.064	4.096	4.104
SPAC56F8.12	SPAC56F8.12	viable	V	0.098	0.679	1.246	1.434	1.477	1.488	1.49
SPAC56F8.13	SPAC56F8.13	unknown	Not_determined	0.006	0.098	0.237	0.291	0.304	0.307	0.308
SPAC56F8.14c	mug115	viable	V	0.038	0.236	0.455	0.543	0.567	0.574	0.576
SPAC56F8.15	SPAC56F8.15	unknown	Not_determined	0.04	0.275	0.505	0.582	0.599	0.604	0.605
SPAC56F8.16	esc1	viable	V	-0.066	-0.033	-0.011	-0.002	-0.0	-0.0	-0.0
SPAC57A10.02	cdr2	viable	V	0.005	0.043	0.208	0.513	0.83	1.109	1.49
SPAC57A10.03	cyp1	viable	V	-0.025	-0.124	-0.257	-0.331	-0.36	-0.37	-0.375
SPAC57A10.04	mug10	viable	V	0.036	0.11	0.233	0.35	0.431	0.486	0.544
SPAC57A10.05c	pof1	inviable	E	0.214	1.479	2.715	3.125	3.219	3.242	3.248
SPAC57A10.06	mug15	viable	V	0.0	0.0	0.0	0.0	0.0	0.0	0.0
SPAC57A10.07	SPAC57A10.07	viable	V	0.032	0.071	0.142	0.233	0.323	0.414	0.613
SPAC57A10.08c	SPAC57A10.08c	viable	V	0.066	0.031	0.009	0.002	0.0	0.0	0.0
SPAC57A10.09c	nhp6	viable	V	0.021	0.246	0.532	0.636	0.661	0.667	0.669
SPAC57A10.10c	sla1	viable	V	0.0	0.014	0.229	0.706	1.074	1.28	1.412
SPAC57A10.11c	mia40	inviable	E	-0.002	-0.0	-0.0	-0.0	-0.0	-0.0	-0.0
SPAC57A10.12c	ura3	viable	V	0.001	0.131	0.743	1.111	1.21	1.235	1.241
SPAC57A10.14	sgf11	viable	V	0.005	0.154	0.467	0.604	0.638	0.646	0.648
SPAC57A7.04c	pabp	viable	V	0.242	1.363	3.005	3.978	4.359	4.509	4.579
SPAC57A7.05	SPAC57A7.05	viable	V	0.035	0.113	0.24	0.357	0.433	0.482	0.529
SPAC57A7.06	utp14	inviable	E	0.287	1.895	3.671	4.366	4.552	4.604	4.619
SPAC57A7.07c	SPAC57A7.07c	viable	V	-0.046	-0.022	-0.007	-0.001	-0.0	-0.0	-0.0
SPAC57A7.08	pzh1	viable	V	0.0	0.002	0.016	0.068	0.169	0.318	0.749
SPAC57A7.10c	sec21	inviable	E	0.259	1.788	3.281	3.776	3.89	3.918	3.925
SPAC57A7.11	mip1	inviable	E	0.299	2.063	3.786	4.357	4.489	4.521	4.529
SPAC57A7.12	ssz1	viable	V	0.039	0.455	1.536	2.459	2.909	3.113	3.225
SPAC57A7.13	rbm10	viable	V	0.09	0.623	1.144	1.317	1.357	1.366	1.369
SPAC57A7.15c	pex22	viable	Not_determined	0.0	0.0	0.0	0.025	0.744	1.681	2.057
SPAC589.02c	med13	viable	V	0.0	0.001	0.013	0.065	0.177	0.366	1.043
SPAC589.03c	noc12	viable	V	0.034	0.082	0.162	0.252	0.328	0.393	0.496
SPAC589.04	mtx2	inviable	E	0.016	0.623	2.541	3.827	4.27	4.414	4.464
SPAC589.05c	qng1	viable	V	0.008	0.481	1.75	2.361	2.515	2.554	2.563
SPAC589.06c	snd302	viable	V	0.0	0.024	0.529	1.262	1.581	1.689	1.725
SPAC589.07c	atg1801	viable	V	0.047	0.327	0.599	0.69	0.711	0.716	0.717
SPAC589.08c	dam1	viable	V	-0.003	-0.0	-0.0	-0.0	-0.0	-0.0	-0.0
SPAC589.09	csr101	viable	V	0.074	0.512	0.939	1.081	1.114	1.122	1.124
SPAC589.11	pth4	viable	V	0.068	0.468	0.859	0.989	1.019	1.026	1.028
SPAC589.12	cwh43	viable	V	0.011	0.476	2.123	3.321	3.756	3.903	3.956
SPAC5D6.01	rps2202	viable	V	0.069	0.435	0.83	0.983	1.024	1.035	1.039
SPAC5D6.02c	mug165	viable	V	-0.034	-0.237	-0.435	-0.501	-0.516	-0.52	-0.521
SPAC5D6.04	SPAC5D6.04	viable	V	0.108	0.2	0.35	0.534	0.718	0.908	1.376
SPAC5D6.05	med18	viable	V	0.035	0.215	0.772	1.617	2.399	3.048	3.903
SPAC5D6.06c	alg14	viable	V	0.103	1.504	3.548	4.345	4.539	4.588	4.601
SPAC5D6.07c	pxa1	viable	V	-0.046	-0.023	-0.008	-0.002	-0.0	-0.0	-0.0
SPAC5D6.09c	mug86	viable	V	-0.007	-0.161	-0.422	-0.528	-0.553	-0.56	-0.561
SPAC5D6.12	mtf2	viable	V	0.038	0.095	0.217	0.405	0.625	0.882	1.609
SPAC5D6.13	gpp74	viable	V	0.022	0.06	0.137	0.249	0.369	0.496	0.791
SPAC5H10.01	dgc1	viable	V	0.0	0.0	0.006	0.13	0.28	0.349	0.373
SPAC5H10.02c	hsp3102	viable	V	0.042	0.101	0.199	0.31	0.404	0.483	0.607
SPAC5H10.03	SPAC5H10.03	viable	V	0.056	0.383	0.703	0.809	0.834	0.84	0.841
SPAC5H10.04	SPAC5H10.04	viable	V	-0.04	-0.019	-0.007	-0.001	-0.0	-0.0	-0.0
SPAC5H10.05c	SPAC5H10.05c	viable	V	0.016	0.055	0.117	0.172	0.205	0.225	0.243
SPAC5H10.06c	adh4	viable	V	0.024	0.166	0.304	0.35	0.361	0.363	0.364
SPAC5H10.07	SPAC5H10.07	viable	V	0.058	0.028	0.009	0.002	0.0	0.0	0.0
SPAC5H10.08c	pan6	viable	V	-0.047	-0.324	-0.594	-0.684	-0.704	-0.709	-0.711
SPAC5H10.09c	ecm31	viable	V	-0.066	-0.164	-0.33	-0.512	-0.662	-0.785	-0.966
SPAC5H10.10	SPAC5H10.10	viable	V	-0.028	-0.19	-0.349	-0.402	-0.414	-0.417	-0.418
SPAC5H10.11	gmh1	viable	V	0.009	0.065	0.119	0.137	0.141	0.142	0.143
SPAC5H10.12c	otg1	viable	V	-0.066	-0.033	-0.011	-0.002	-0.0	-0.0	-0.0
SPAC5H10.13c	gmh2	viable	V	0.0	0.006	0.527	1.491	1.859	1.96	1.986
SPAC607.02c	SPAC607.02c	viable	V	0.247	1.156	2.599	3.637	4.135	4.371	4.514
SPAC607.04	arg82	inviable	E	0.108	0.758	2.153	3.354	3.989	4.308	4.513
SPAC607.05	rpn9	inviable	E	0.059	0.936	2.235	2.734	2.853	2.882	2.89
SPAC607.06c	SPAC607.06c	viable	V	0.021	0.131	0.378	0.617	0.759	0.839	0.898
SPAC607.08c	mil1	viable	V	-0.033	-0.093	-0.193	-0.295	-0.369	-0.423	-0.485
SPAC607.09c	btn1	viable	V	0.011	0.005	0.001	0.0	0.0	0.0	0.0
SPAC607.10	spo3	viable	V	-0.045	-0.022	-0.007	-0.002	-0.0	-0.0	-0.0
SPAC630.03	arp3	inviable	E	0.312	2.242	4.169	4.814	4.962	4.999	5.008
SPAC630.05	gyp7	viable	V	0.062	0.246	0.556	0.82	0.971	1.057	1.123
SPAC630.06c	SPAC630.06c	viable	V	0.059	0.103	0.172	0.259	0.348	0.444	0.705
SPAC630.07c	SPAC630.07c	viable	V	0.028	0.054	0.098	0.156	0.217	0.284	0.469
SPAC630.08c	erg25	inviable	E	0.222	2.074	4.186	4.926	5.098	5.141	5.151
SPAC630.09c	mug58	viable	V	0.045	0.149	0.319	0.472	0.569	0.629	0.684
SPAC630.10	bmt2	viable	V	0.029	0.19	0.359	0.422	0.438	0.442	0.443
SPAC630.11	vps55	viable	V	0.021	0.146	0.267	0.307	0.317	0.319	0.32
SPAC630.12	ted2	inviable	E	0.06	1.17	2.983	3.705	3.879	3.922	3.933
SPAC630.13c	tsc2	viable	V	0.041	0.165	0.479	0.941	1.4	1.826	2.536
SPAC630.14c	tup12	viable	V	0.011	0.064	0.248	0.576	0.936	1.286	1.876
SPAC630.15	mug177	viable	V	0.015	0.031	0.056	0.086	0.116	0.145	0.208
SPAC631.01c	acp2	viable	V	0.032	0.015	0.005	0.001	0.0	0.0	0.0
SPAC631.02	bdf2	viable	V	0.131	0.772	1.605	2.023	2.164	2.212	2.231
SPAC637.03	SPAC637.03	viable	V	-0.052	-0.0	-0.0	-0.0	-0.0	-0.0	-0.0
SPAC637.04	ypp1	inviable	E	0.057	1.272	3.368	4.22	4.427	4.478	4.49
SPAC637.05c	vma2	inviable	E	0.056	0.537	1.469	2.076	2.316	2.408	2.449
SPAC637.06	gmh5	viable	V	0.007	0.081	0.442	1.171	1.962	2.677	3.671
SPAC637.07	moe1	viable	V	0.057	0.531	1.45	2.058	2.302	2.397	2.441
SPAC637.08	nbp35	inviable	E	0.254	2.062	3.982	4.637	4.789	4.827	4.836
SPAC637.09	rex1	viable	V	0.017	0.184	0.834	1.826	2.657	3.258	3.872
SPAC637.10c	rpn10	viable	V	0.084	0.236	0.518	0.848	1.13	1.365	1.716
SPAC637.11	rpm2	viable	V	0.06	0.182	0.398	0.624	0.791	0.912	1.053
SPAC637.12c	mst1	inviable	E	0.043	0.534	1.846	2.97	3.513	3.757	3.889
SPAC637.13c	slm1	viable	V	0.029	0.201	0.368	0.424	0.436	0.44	0.44
SPAC644.04	pct1	inviable	E	0.001	0.174	1.443	2.963	3.711	4.019	4.158
SPAC644.05c	dut1	inviable	E	0.331	2.286	4.196	4.829	4.975	5.011	5.02
SPAC644.06c	cdr1	viable	V	0.048	0.491	1.018	1.206	1.249	1.26	1.263
SPAC644.07	bcs1	viable	V	0.109	0.202	0.354	0.54	0.725	0.918	1.39
SPAC644.08	utr4	viable	V	-0.0	-0.0	-0.0	-0.003	-0.023	-0.084	-0.415
SPAC644.09	SPAC644.09	viable	V	0.031	0.12	0.335	0.634	0.913	1.159	1.537
SPAC644.10	med11	inviable	E	0.126	0.417	0.891	1.315	1.581	1.745	1.893
SPAC644.11c	pkp1	viable	V	0.033	0.228	0.419	0.483	0.497	0.501	0.502
SPAC644.12	cdc5	inviable	E	0.157	1.409	2.809	3.295	3.409	3.437	3.443
SPAC644.13c	SPAC644.13c	viable	V	0.065	0.032	0.01	0.002	0.0	0.0	0.0
SPAC644.15	rpp101	viable	V	0.178	0.403	0.781	1.216	1.601	1.945	2.543
SPAC644.16	rna15	inviable	E	0.004	0.38	2.338	4.036	4.693	4.919	5.003
SPAC644.17c	mrpl9	inviable	E	0.015	0.23	1.216	2.721	3.899	4.679	5.366
SPAC644.18c	bet3	inviable	E	0.013	0.949	3.62	4.936	5.272	5.355	5.377
SPAC652.01	SPAC652.01	viable	V	0.0	0.0	0.0	0.0	0.048	0.315	0.5
SPAC664.01c	swi6	viable	V	0.0	0.0	0.091	0.527	0.765	0.837	0.856
SPAC664.02c	arp8	viable	V	0.053	0.194	0.541	1.065	1.608	2.139	3.122
SPAC664.03	paf1	viable	V	0.071	0.245	0.609	1.057	1.439	1.751	2.184
SPAC664.04c	rps1602	viable	V	0.181	0.976	1.979	2.485	2.658	2.719	2.743
SPAC664.06	rlp7	inviable	E	0.273	1.511	3.039	3.78	4.024	4.107	4.138
SPAC664.07c	rad9	viable	V	0.001	0.019	0.15	0.459	0.798	1.089	1.44
SPAC664.08c	bfr2	inviable	E	0.295	1.463	3.096	4.069	4.459	4.617	4.694
SPAC664.09	ggt1	inviable	E	-0.032	-0.182	-0.362	-0.443	-0.468	-0.477	-0.479
SPAC664.10	klp2	viable	V	0.048	0.333	0.611	0.703	0.724	0.729	0.73
SPAC664.11	ssc1	inviable	E	0.217	1.776	3.438	4.007	4.139	4.171	4.18
SPAC664.14	amt2	viable	V	0.0	0.015	0.207	0.38	0.432	0.445	0.448
SPAC664.15	mdv1	viable	V	-0.038	-0.264	-0.485	-0.558	-0.575	-0.579	-0.58
SPAC683.03	SPAC683.03	viable	V	-0.03	-0.205	-0.376	-0.432	-0.446	-0.449	-0.45
SPAC688.02c	mis14	inviable	E	0.025	0.456	1.807	3.01	3.582	3.831	3.958
SPAC688.04c	gst3	viable	V	0.033	0.094	0.196	0.298	0.372	0.425	0.486
SPAC688.06c	slx4	viable	V	0.005	0.114	0.31	0.393	0.413	0.419	0.42
SPAC688.07c	rng10	viable	V	0.0	0.003	0.189	0.78	1.205	1.4	1.49
SPAC688.08	srb8	viable	Not_determined	-0.005	-0.023	-0.049	-0.066	-0.074	-0.077	-0.079
SPAC688.09	rim2	inviable	E	0.008	0.477	1.728	2.328	2.48	2.518	2.527
SPAC688.10	rev3	viable	V	-0.002	-0.001	-0.0	-0.0	-0.0	-0.0	-0.0
SPAC688.11	end4	condition-dependent	E	0.035	0.593	1.944	2.848	3.188	3.311	3.36
SPAC688.12c	SPAC688.12c	viable	V	0.092	0.633	1.162	1.338	1.379	1.388	1.391
SPAC688.13	scn3	viable	V	0.015	0.004	0.0	0.0	0.0	0.0	0.0
SPAC688.14	set13	viable	V	-0.02	-0.138	-0.254	-0.292	-0.301	-0.303	-0.304
SPAC688.16	SPAC688.16	viable	Not_determined	-0.056	-0.027	-0.009	-0.002	-0.0	-0.0	-0.0
SPAC694.02	SPAC694.02	viable	V	0.112	0.272	0.54	0.841	1.092	1.303	1.628
SPAC694.03	SPAC694.03	viable	V	-0.029	-0.055	-0.098	-0.154	-0.213	-0.278	-0.455
SPAC694.04c	SPAC694.04c	viable	V	0.071	0.263	0.699	1.275	1.796	2.243	2.906
SPAC694.05c	rps2502	viable	V	0.063	0.129	0.241	0.38	0.517	0.654	0.962
SPAC694.06c	mrc1	viable	V	0.065	0.158	0.314	0.489	0.635	0.759	0.949
SPAC6B12.02c	mus7	viable	V	0.049	0.321	1.082	2.034	2.754	3.248	3.737
SPAC6B12.03c	bit2	viable	V	0.019	0.13	0.238	0.274	0.282	0.284	0.285
SPAC6B12.04c	SPAC6B12.04c	viable	V	0.039	0.27	0.495	0.57	0.587	0.591	0.592
SPAC6B12.05c	ies2	viable	V	0.037	0.072	0.13	0.201	0.269	0.337	0.489
SPAC6B12.06c	rrg9	viable	V	-0.267	-0.171	-0.082	-0.028	-0.006	-0.001	-0.0
SPAC6B12.07c	pqr1	viable	V	0.08	0.281	0.603	0.877	1.039	1.134	1.212
SPAC6B12.08	epr1	viable	V	0.05	0.216	0.459	0.623	0.698	0.732	0.752
SPAC6B12.09	trm10	viable	V	-0.066	-0.033	-0.011	-0.002	-0.0	-0.0	-0.0
SPAC6B12.10c	spp1	inviable	E	0.155	1.721	3.671	4.375	4.541	4.581	4.592
SPAC6B12.11	drc1	inviable	E	0.286	1.974	3.623	4.17	4.296	4.327	4.335
SPAC6B12.12	tom70	viable	V	0.001	0.028	0.238	0.784	1.451	2.083	2.961
SPAC6B12.13	SPAC6B12.13	inviable	E	0.163	1.616	3.497	4.242	4.434	4.485	4.5
SPAC6B12.14c	SPAC6B12.14c	viable	V	0.084	0.209	0.419	0.651	0.842	1.0	1.233
SPAC6B12.15	cpc2	viable	V	0.0	0.099	0.934	1.572	1.755	1.802	1.814
SPAC6B12.16	meu26	viable	V	0.001	0.064	0.277	0.388	0.417	0.424	0.426
SPAC6B12.18	gon7	condition-dependent	Not_determined	0.199	0.757	1.875	3.096	3.999	4.638	5.338
SPAC6C3.02c	mix17	viable	V	-0.001	-0.0	-0.0	-0.0	-0.0	-0.0	-0.0
SPAC6C3.04	cit1	viable	V	0.05	0.254	0.735	1.284	1.685	1.958	2.231
SPAC6C3.05	meu43	viable	V	0.066	0.181	0.387	0.621	0.815	0.974	1.204
SPAC6C3.06c	neo1	viable	V	0.015	0.104	0.191	0.22	0.227	0.229	0.229
SPAC6C3.07	mug68	viable	V	0.05	0.347	0.638	0.734	0.756	0.762	0.763
SPAC6C3.08	nas6	viable	V	0.044	0.163	0.35	0.501	0.585	0.631	0.666
SPAC6C3.09	rpp40	inviable	E	0.091	0.629	1.154	1.329	1.369	1.379	1.381
SPAC6F12.02	rst2	viable	V	0.018	0.009	0.003	0.001	0.0	0.0	0.0
SPAC6F12.03c	fsv1	viable	V	0.049	0.341	0.627	0.721	0.743	0.748	0.75
SPAC6F12.04	tvp15	viable	V	0.027	0.184	0.338	0.389	0.401	0.404	0.404
SPAC6F12.05c	tnr3	inviable	E	0.166	1.541	3.486	4.365	4.621	4.696	4.72
SPAC6F12.06	rdi1	viable	V	-0.0	-0.0	-0.0	-0.0	-0.0	-0.0	-0.0
SPAC6F12.07	tom20	inviable	E	0.0	0.013	0.926	2.854	3.742	4.029	4.118
SPAC6F12.08c	exo8	inviable	E	0.029	0.847	2.44	3.118	3.285	3.326	3.336
SPAC6F12.09	rdp1	viable	V	0.009	0.07	0.245	0.453	0.597	0.688	0.767
SPAC6F12.10c	ade3	viable	V	0.016	0.108	0.198	0.228	0.235	0.237	0.237
SPAC6F12.11c	sfc1	inviable	E	0.021	0.188	0.776	1.631	2.336	2.845	3.371
SPAC6F12.12	par2	viable	V	-0.028	-0.186	-0.35	-0.41	-0.425	-0.429	-0.43
SPAC6F12.13c	fps1	inviable	E	0.091	1.166	3.034	3.979	4.269	4.359	4.389
SPAC6F12.14	cut23	inviable	E	0.096	1.448	3.491	4.31	4.514	4.566	4.579
SPAC6F12.15c	cut9	inviable	E	0.116	1.105	2.915	4.018	4.431	4.583	4.646
SPAC6F12.16c	mtr4	inviable	E	0.263	1.816	3.333	3.836	3.952	3.981	3.988
SPAC6F12.17	rna14	inviable	E	0.163	1.573	3.206	3.781	3.915	3.948	3.956
SPAC6F6.01	cch1	viable	V	0.038	0.13	0.278	0.409	0.489	0.538	0.581
SPAC6F6.02c	pof5	viable	V	-0.332	-0.327	-0.304	-0.218	-0.053	-0.0	-0.0
SPAC6F6.03c	nog2	viable	V	0.215	1.636	3.097	3.591	3.705	3.733	3.74
SPAC6F6.04c	SPAC6F6.04c	viable	V	0.029	0.117	0.252	0.35	0.399	0.423	0.439
SPAC6F6.05	ost2	inviable	E	0.046	1.23	3.525	4.521	4.77	4.834	4.85
SPAC6F6.06c	rax2	viable	V	0.0	0.009	0.139	0.385	0.545	0.624	0.666
SPAC6F6.07c	rps13	inviable	E	0.245	1.691	3.103	3.572	3.68	3.707	3.713
SPAC6F6.08c	cdc16	inviable	E	0.084	1.375	3.481	4.377	4.609	4.67	4.687
SPAC6F6.09	eaf6	viable	V	0.0	0.0	0.006	0.295	0.666	0.81	0.851
SPAC6F6.10c	arc2	inviable	E	0.262	1.807	3.317	3.817	3.933	3.961	3.968
SPAC6F6.11c	SPAC6F6.11c	viable	V	-0.004	-0.001	-0.0	-0.0	-0.0	-0.0	-0.0
SPAC6F6.12	atg24	viable	V	0.041	0.18	0.383	0.52	0.582	0.61	0.626
SPAC6F6.13c	SPAC6F6.13c	viable	V	0.015	0.356	0.971	1.225	1.287	1.303	1.306
SPAC6F6.15	ypt5	condition-dependent	E	0.213	0.897	2.086	3.101	3.683	4.007	4.256
SPAC6F6.16c	tpz1	inviable	E	0.007	0.193	1.191	2.599	3.539	4.064	4.424
SPAC6F6.17	rif1	viable	V	0.05	0.254	0.523	0.669	0.722	0.742	0.75
SPAC6F6.19	SPAC6F6.19	unknown	Not_determined	0.023	0.161	0.295	0.339	0.35	0.352	0.353
SPAC6G10.02c	tea3	viable	V	0.046	0.103	0.198	0.309	0.407	0.495	0.651
SPAC6G10.03c	SPAC6G10.03c	viable	V	0.0	0.016	0.161	0.274	0.306	0.315	0.317
SPAC6G10.04c	pre5	inviable	E	0.373	2.572	4.72	5.433	5.598	5.638	5.648
SPAC6G10.05c	trs120	inviable	E	0.028	0.805	2.627	3.582	3.859	3.939	3.962
SPAC6G10.06	tda3	viable	V	0.026	0.057	0.11	0.172	0.227	0.276	0.365
SPAC6G10.07	cbc1	inviable	E	0.028	0.877	3.139	4.488	4.92	5.053	5.097
SPAC6G10.08	idp1	viable	V	0.0	0.0	0.0	0.0	0.108	0.547	0.818
SPAC6G10.09	gls1	condition-dependent	E	0.0	0.017	1.045	3.045	3.931	4.212	4.298
SPAC6G10.10c	SPAC6G10.10c	viable	V	0.026	0.013	0.004	0.001	0.0	0.0	0.0
SPAC6G10.11c	ubi3	viable	V	0.121	0.45	0.968	1.384	1.613	1.739	1.833
SPAC6G10.12c	ace2	viable	V	0.005	0.11	0.515	0.966	1.224	1.353	1.432
SPAC6G9.01c	SPAC6G9.01c	viable	V	-0.026	-0.102	-0.219	-0.309	-0.357	-0.382	-0.399
SPAC6G9.02c	nop9	inviable	E	0.237	1.837	3.499	4.062	4.193	4.225	4.233
SPAC6G9.03c	rtt106	viable	V	0.016	0.112	0.206	0.238	0.245	0.247	0.247
SPAC6G9.04	spo7	viable	V	0.025	0.075	0.173	0.297	0.407	0.504	0.657
SPAC6G9.05	pcd1	viable	V	0.063	0.199	0.423	0.632	0.77	0.859	0.948
SPAC6G9.06c	pcp1	inviable	E	0.157	1.395	3.201	4.064	4.329	4.411	4.439
SPAC6G9.07c	arc4	inviable	E	0.282	1.948	3.576	4.116	4.241	4.271	4.279
SPAC6G9.08	ubp6	viable	V	-0.007	-0.003	-0.001	-0.0	-0.0	-0.0	-0.0
SPAC6G9.09c	rpl2401	viable	V	0.067	0.292	0.643	0.9	1.028	1.09	1.129
SPAC6G9.10c	sen1	viable	V	0.041	0.232	0.688	1.189	1.534	1.754	1.954
SPAC6G9.11	syb1	inviable	E	0.342	2.397	4.422	5.096	5.252	5.29	5.299
SPAC6G9.12	cfr1	viable	V	0.001	0.115	0.518	0.735	0.792	0.806	0.809
SPAC6G9.13c	bqt1	viable	V	0.02	0.102	0.209	0.269	0.291	0.299	0.303
SPAC6G9.14	puf4	viable	V	0.083	0.427	0.879	1.124	1.214	1.248	1.262
SPAC6G9.15c	ebp1	viable	V	-0.293	-0.291	-0.282	-0.243	-0.129	-0.005	-0.0
SPAC6G9.16c	xrc4	viable	V	0.043	0.021	0.007	0.001	0.0	0.0	0.0
SPAC732.01	vma11	inviable	E	0.264	1.208	2.55	3.398	3.761	3.918	4.001
SPAC732.02c	fpb26	viable	V	0.031	0.214	0.394	0.453	0.467	0.47	0.471
SPAC767.01c	vps1	viable	V	0.0	0.014	0.299	0.604	0.701	0.726	0.733
SPAC7D4.02c	sfp47	viable	V	0.016	0.041	0.083	0.129	0.167	0.197	0.241
SPAC7D4.03c	ahk1	viable	V	0.032	0.078	0.154	0.239	0.311	0.373	0.47
SPAC7D4.04	atg11	viable	V	0.029	0.08	0.179	0.302	0.412	0.508	0.666
SPAC7D4.05	SPAC7D4.05	viable	V	0.019	0.134	0.246	0.283	0.292	0.294	0.294
SPAC7D4.06c	alg3	viable	V	0.007	0.1	0.549	1.347	2.086	2.659	3.288
SPAC7D4.07c	trx1	condition-dependent	V	0.057	0.229	0.611	1.081	1.469	1.77	2.151
SPAC7D4.09c	dfg10	inviable	E	0.0	0.133	1.858	3.808	4.555	4.791	4.867
SPAC7D4.10	vma13	inviable	E	0.115	0.455	1.118	1.804	2.282	2.601	2.921
SPAC7D4.11c	sec39	inviable	E	0.212	1.691	3.249	3.78	3.903	3.933	3.94
SPAC7D4.12c	SPAC7D4.12c	viable	V	-0.029	-0.014	-0.005	-0.001	-0.0	-0.0	-0.0
SPAC7D4.13c	SPAC7D4.13c	viable	V	0.003	0.13	0.435	0.575	0.61	0.619	0.621
SPAC7D4.14c	iss10	viable	V	0.055	0.106	0.189	0.289	0.388	0.489	0.722
SPAC7D4.15c	ost4	inviable	E	0.14	0.969	1.779	2.047	2.109	2.124	2.128
SPAC806.02c	SPAC806.02c	inviable	E	0.241	1.292	2.624	3.301	3.534	3.616	3.649
SPAC806.04c	duf8901	viable	V	0.011	0.038	0.082	0.118	0.139	0.15	0.159
SPAC806.05	lyr3	inviable	E	0.001	0.098	1.12	2.682	3.577	3.983	4.186
SPAC806.06c	SPAC806.06c	condition-dependent	E	0.291	1.377	2.888	3.801	4.176	4.331	4.408
SPAC806.07	ndk1	viable	V	0.002	0.182	0.757	1.053	1.129	1.148	1.153
SPAC806.08c	mod21	viable	V	0.01	0.176	0.428	0.526	0.549	0.555	0.557
SPAC806.11	SPAC806.11	unknown	Not_determined	0.03	0.21	0.386	0.444	0.457	0.461	0.462
SPAC821.03c	slf1	viable	V	0.073	0.511	0.939	1.081	1.114	1.122	1.124
SPAC821.04c	cid13	viable	V	0.013	0.054	0.139	0.228	0.29	0.332	0.373
SPAC821.05	tif308	viable	V	0.053	0.754	1.741	2.113	2.202	2.224	2.229
SPAC821.06	spn2	viable	V	0.048	0.75	1.783	2.178	2.273	2.296	2.302
SPAC821.07c	moc3	viable	V	0.048	0.11	0.215	0.335	0.44	0.532	0.689
SPAC821.08c	slp1	inviable	E	0.258	1.782	3.27	3.764	3.878	3.906	3.913
SPAC821.09	eng1	viable	V	-0.013	-0.0	-0.0	-0.0	-0.0	-0.0	-0.0
SPAC821.10c	sod1	condition-dependent	V	0.0	0.0	0.382	1.905	2.677	2.905	2.965
SPAC821.11	pro1	viable	V	-0.008	-0.004	-0.001	-0.0	-0.0	-0.0	-0.0
SPAC821.12	orb6	inviable	E	0.024	0.888	3.039	4.158	4.474	4.561	4.586
SPAC821.13c	dnf1	viable	V	0.0	0.0	0.157	0.657	0.89	0.957	0.975
SPAC823.03	ppk15	viable	V	0.0	0.03	0.223	0.356	0.393	0.402	0.405
SPAC823.04	rrp36	inviable	E	0.228	1.241	2.829	3.87	4.319	4.51	4.61
SPAC823.05c	tlg2	viable	V	0.0	0.005	0.273	1.09	1.681	1.96	2.093
SPAC823.06	taf3	inviable	E	-0.503	-0.44	-0.232	-0.012	-0.0	-0.0	-0.0
SPAC823.07	pga3	inviable	E	0.081	1.015	2.667	3.526	3.797	3.882	3.912
SPAC823.08c	rrp3	inviable	E	0.326	2.249	4.128	4.752	4.895	4.931	4.939
SPAC823.09c	SPAC823.09c	viable	V	0.001	0.071	0.327	0.467	0.504	0.513	0.515
SPAC823.10c	hem25	viable	V	0.001	0.022	0.209	0.689	1.24	1.723	2.309
SPAC823.11	sgp1	condition-dependent	E	-0.001	-0.0	-0.0	-0.0	-0.0	-0.0	-0.0
SPAC823.12	vps11	condition-dependent	E	0.001	0.069	0.672	1.804	2.677	3.2	3.577
SPAC823.13c	she9	viable	V	-0.007	-0.003	-0.001	-0.0	-0.0	-0.0	-0.0
SPAC823.14	ptf1	viable	V	0.0	0.027	0.211	0.339	0.375	0.384	0.387
SPAC823.15	ppa1	viable	V	-0.339	-0.311	-0.208	-0.031	-0.0	-0.0	-0.0
SPAC823.16c	atg1802	viable	V	-0.052	-0.359	-0.659	-0.759	-0.782	-0.788	-0.789
SPAC824.02	bst1	viable	V	0.058	0.351	1.142	2.142	2.918	3.468	4.043
SPAC824.03c	SPAC824.03c	viable	V	-0.046	-0.023	-0.008	-0.002	-0.0	-0.0	-0.0
SPAC824.04	swd22	viable	V	0.002	0.031	0.203	0.582	1.006	1.389	1.907
SPAC824.05	vps16	condition-dependent	V	0.032	0.31	1.195	2.275	3.019	3.477	3.854
SPAC824.07	glo2	viable	V	0.085	0.587	1.078	1.24	1.278	1.287	1.289
SPAC824.08	gda1	viable	V	0.008	0.052	0.095	0.109	0.113	0.114	0.114
SPAC824.09c	age1	viable	V	0.061	0.114	0.199	0.304	0.408	0.516	0.779
SPAC869.01	SPAC869.01	viable	V	0.087	0.602	1.105	1.271	1.31	1.319	1.322
SPAC869.02c	yhb1	viable	V	0.007	0.021	0.059	0.125	0.208	0.311	0.608
SPAC869.03c	SPAC869.03c	viable	V	0.023	0.311	0.775	0.982	1.039	1.055	1.06
SPAC869.04	SPAC869.04	viable	V	0.001	0.04	0.263	0.522	0.655	0.713	0.742
SPAC869.05c	sul2	viable	V	0.0	0.002	0.206	0.612	0.77	0.814	0.825
SPAC869.06c	hry1	viable	V	0.049	0.212	0.451	0.612	0.685	0.719	0.738
SPAC869.07c	mel1	viable	V	0.0	0.0	0.001	0.187	0.61	0.809	0.868
SPAC869.08	pcm2	viable	V	0.036	0.23	0.44	0.522	0.544	0.55	0.552
SPAC869.09	SPAC869.09	viable	V	-0.054	-0.371	-0.68	-0.783	-0.807	-0.812	-0.814
SPAC869.10c	put4	viable	V	-0.04	-0.176	-0.373	-0.504	-0.562	-0.588	-0.603
SPAC869.11	cat1	viable	V	0.043	0.166	0.38	0.575	0.695	0.768	0.83
SPAC890.02c	alp7	viable	V	0.0	0.001	0.165	0.809	1.251	1.432	1.502
SPAC890.03	ppk16	viable	V	-0.036	-0.251	-0.46	-0.53	-0.546	-0.55	-0.55
SPAC890.04c	ytm1	inviable	E	0.271	1.902	3.652	4.295	4.457	4.5	4.511
SPAC890.05	pxr1	viable	V	-0.454	-0.453	-0.449	-0.432	-0.365	-0.151	-0.0
SPAC890.06	nup155	condition-dependent	V	0.299	2.066	3.792	4.365	4.497	4.529	4.537
SPAC890.07c	rmt1	viable	V	0.068	0.209	0.444	0.666	0.816	0.915	1.016
SPAC8C9.03	cgs1	viable	V	0.083	0.572	1.05	1.208	1.245	1.254	1.256
SPAC8C9.04	SPAC8C9.04	viable	V	-0.29	-0.289	-0.284	-0.261	-0.184	-0.03	-0.0
SPAC8C9.05	dtd1	viable	V	0.0	0.0	0.0	0.0	0.153	0.706	1.032
SPAC8C9.06c	ppr4	viable	V	0.078	0.317	0.679	0.94	1.07	1.133	1.174
SPAC8C9.07	fyv7	viable	V	0.348	2.403	4.41	5.076	5.23	5.268	5.277
SPAC8C9.08	rps5	viable	V	0.269	1.099	2.352	3.259	3.706	3.926	4.066
SPAC8C9.09c	mug129	viable	V	-0.02	-0.301	-0.702	-0.854	-0.89	-0.899	-0.901
SPAC8C9.10c	rrp14	viable	V	0.002	0.366	1.84	2.673	2.894	2.949	2.963
SPAC8C9.11	fra2	viable	V	0.0	0.0	0.031	0.35	0.584	0.661	0.681
SPAC8C9.12c	mrs3	viable	V	0.0	0.0	0.0	0.0	0.007	0.08	0.647
SPAC8C9.14	prr1	viable	V	0.05	0.215	0.457	0.621	0.696	0.73	0.75
SPAC8C9.15c	tif225	inviable	E	0.26	1.796	3.296	3.794	3.909	3.937	3.944
SPAC8C9.16c	oxr1	viable	V	-0.0	-0.0	-0.089	-0.496	-0.714	-0.779	-0.796
SPAC8C9.19	emr1	viable	V	0.0	0.0	0.058	1.058	2.88	4.257	5.16
SPAC8E11.01c	inv2	viable	V	0.041	0.281	0.516	0.594	0.612	0.616	0.618
SPAC8E11.03c	dmc1	viable	V	0.018	0.032	0.054	0.081	0.109	0.139	0.22
SPAC8E11.04c	pah1	viable	V	0.006	0.035	0.094	0.149	0.181	0.199	0.212
SPAC8E11.05c	SPAC8E11.05c	viable	V	0.024	0.163	0.299	0.344	0.355	0.357	0.358
SPAC8E11.06	SPAC8E11.06	viable	V	-0.05	-0.088	-0.149	-0.223	-0.3	-0.382	-0.607
SPAC8E11.07c	alp31	viable	V	0.006	0.067	0.347	0.893	1.474	1.995	2.716
SPAC8E11.08c	SPAC8E11.08c	unknown	Not_determined	-0.066	-0.033	-0.011	-0.002	-0.0	-0.0	-0.0
SPAC8E11.10	SPAC8E11.10	viable	V	0.01	0.066	0.121	0.14	0.144	0.145	0.145
SPAC8E11.12	SPAC8E11.12	viable	Not_determined	0.001	0.087	0.337	0.461	0.492	0.5	0.502
SPAC8F11.02c	dph3	viable	V	0.168	1.161	2.131	2.452	2.527	2.545	2.549
SPAC8F11.03	msh3	viable	V	0.055	0.179	0.412	0.665	0.859	1.003	1.175
SPAC8F11.04	SPAC8F11.04	inviable	E	0.205	1.833	3.65	4.281	4.428	4.465	4.474
SPAC8F11.05c	mug130	viable	V	0.181	0.089	0.03	0.007	0.001	0.0	0.0
SPAC8F11.06	brr6	inviable	E	0.239	1.901	3.65	4.245	4.383	4.417	4.425
SPAC8F11.07c	cdc24	inviable	E	0.066	0.973	2.695	3.607	3.894	3.984	4.014
SPAC8F11.08c	SPAC8F11.08c	viable	V	0.1	0.25	0.502	0.779	1.007	1.194	1.469
SPAC8F11.09c	efm7	viable	V	-0.026	-0.182	-0.334	-0.385	-0.396	-0.399	-0.4
SPAC8F11.10c	pvg1	viable	V	-0.066	-0.033	-0.011	-0.002	-0.0	-0.0	-0.0
SPAC9.02c	SPAC9.02c	viable	V	0.023	0.04	0.068	0.102	0.136	0.174	0.276
SPAC9.03c	brr2	inviable	E	0.25	1.841	3.449	3.989	4.114	4.144	4.152
SPAC9.04	Tf2-1	unknown	Not_determined	0.049	0.159	0.339	0.503	0.607	0.673	0.734
SPAC9.05	fml1	viable	V	0.0	0.039	0.474	0.846	0.957	0.986	0.993
SPAC9.06c	mta3	viable	V	-0.072	-0.036	-0.012	-0.003	-0.0	-0.0	-0.0
SPAC9.07c	SPAC9.07c	viable	V	0.007	0.0	0.0	0.0	0.0	0.0	0.0
SPAC9.08c	SPAC9.08c	viable	V	0.018	0.128	0.234	0.27	0.278	0.28	0.28
SPAC9.09	met26	viable	Not_determined	0.206	1.422	2.609	3.003	3.094	3.116	3.122
SPAC9.10	thi9	viable	V	0.043	0.299	0.55	0.633	0.652	0.656	0.658
SPAC9.11	SPAC9.11	viable	V	0.028	0.143	0.294	0.377	0.408	0.42	0.425
SPAC9.12c	atp12	viable	V	0.0	0.005	0.255	0.95	1.429	1.649	1.752
SPAC9.13c	cwf16	viable	V	0.312	1.704	3.441	4.3	4.587	4.687	4.725
SPAC922.03	SPAC922.03	viable	V	0.0	0.015	0.092	0.14	0.154	0.157	0.158
SPAC922.04	SPAC922.04	viable	V	-0.031	-0.214	-0.392	-0.451	-0.465	-0.468	-0.469
SPAC922.05c	SPAC922.05c	viable	V	0.078	0.136	0.228	0.343	0.46	0.587	0.932
SPAC922.06	SPAC922.06	viable	V	0.049	0.335	0.616	0.709	0.73	0.735	0.737
SPAC922.07c	atd2	viable	V	0.039	0.201	0.412	0.523	0.563	0.578	0.584
SPAC922.09	SPAC922.09	unknown	Not_determined	-0.064	-0.032	-0.011	-0.002	-0.0	-0.0	-0.0
SPAC926.02	SPAC926.02	viable	V	0.009	0.0	0.0	0.0	0.0	0.0	0.0
SPAC926.03	rlc1	condition-dependent	V	0.0	0.0	0.001	0.027	0.15	0.415	1.133
SPAC926.04c	hsp90	inviable	E	0.279	1.924	3.532	4.065	4.188	4.218	4.226
SPAC926.06c	SPAC926.06c	viable	V	0.012	0.085	0.156	0.179	0.184	0.186	0.186
SPAC926.07c	dlc2	viable	V	0.0	0.0	0.069	0.256	0.338	0.362	0.368
SPAC926.08c	rpf2	inviable	E	0.299	1.95	3.678	4.316	4.479	4.522	4.535
SPAC926.09c	fas1	viable	V	0.192	1.325	2.431	2.799	2.883	2.904	2.909
SPAC959.02	sec17	inviable	E	0.223	1.539	2.824	3.25	3.349	3.373	3.379
SPAC959.03c	utp7	inviable	E	0.153	1.571	3.489	4.276	4.484	4.541	4.557
SPAC959.04c	omh6	viable	V	0.0	0.001	0.27	1.766	2.996	3.546	3.772
SPAC959.05c	pdi4	viable	V	0.0	0.0	0.002	0.203	0.531	0.668	0.707
SPAC959.06c	SPAC959.06c	viable	V	0.014	0.055	0.118	0.165	0.19	0.202	0.211
SPAC959.07	rps403	viable	V	0.003	0.023	0.121	0.352	0.668	1.035	1.821
SPAC959.08	rpl2102	viable	V	0.122	0.819	2.231	3.382	3.967	4.251	4.425
SPAC959.09c	apc5	inviable	E	0.037	1.069	3.165	4.101	4.34	4.401	4.417
SPAC959.10	sen15	inviable	E	0.04	1.161	3.355	4.289	4.519	4.576	4.59
SPAC959.11	SPAC959.11	unknown	Not_determined	0.074	0.509	0.935	1.076	1.109	1.117	1.119
SPAC977.03	SPAC977.03	viable	V	0.0	0.001	0.124	0.381	0.484	0.513	0.52
SPAC977.10	nhe1	viable	V	0.047	0.126	0.258	0.397	0.505	0.587	0.692
SPAC977.11	fex1	viable	V	-0.048	-0.329	-0.605	-0.696	-0.717	-0.722	-0.724
SPAC977.12	SPAC977.12	viable	V	0.008	0.004	0.001	0.0	0.0	0.0	0.0
SPAC977.14c	SPAC977.14c	viable	V	-0.068	-0.034	-0.011	-0.003	-0.0	-0.0	-0.0
SPAC977.15	SPAC977.15	viable	V	0.04	0.097	0.194	0.302	0.392	0.467	0.58
SPAC977.16c	dak2	viable	V	0.07	0.484	0.889	1.023	1.054	1.061	1.063
SPAC977.17	SPAC977.17	viable	V	0.205	0.447	0.851	1.324	1.754	2.149	2.883
SPAC977.18	SPAC977.18	unknown	Not_determined	0.022	0.154	0.282	0.325	0.335	0.337	0.338
SPAC9E9.01	SPAC9E9.01	unknown	Not_determined	-0.001	-0.0	-0.0	-0.0	-0.0	-0.0	-0.0
SPAC9E9.02	SPAC9E9.02	unknown	Not_determined	0.042	0.287	0.526	0.605	0.624	0.628	0.629
SPAC9E9.03	leu2	viable	V	0.0	0.054	0.418	0.796	0.96	1.02	1.044
SPAC9E9.04	SPAC9E9.04	viable	V	0.04	0.276	0.506	0.582	0.6	0.604	0.605
SPAC9E9.05	sor1	viable	V	0.007	0.077	0.223	0.322	0.362	0.377	0.384
SPAC9E9.06c	SPAC9E9.06c	inviable	E	0.323	2.228	4.089	4.707	4.849	4.884	4.893
SPAC9E9.07c	ypt2	inviable	E	0.264	1.821	3.343	3.848	3.964	3.993	4.0
SPAC9E9.08	rad26	viable	V	0.058	0.159	0.352	0.591	0.806	0.997	1.315
SPAC9E9.09c	atd1	viable	V	0.059	0.212	0.462	0.676	0.801	0.874	0.934
SPAC9E9.10c	cbh1	viable	V	0.011	0.046	0.147	0.315	0.499	0.686	1.041
SPAC9E9.11	plr1	viable	V	0.013	0.092	0.169	0.194	0.2	0.201	0.202
SPAC9E9.12c	abc1	viable	V	0.039	0.269	0.495	0.569	0.587	0.591	0.592
SPAC9E9.13	wos2	viable	V	0.021	0.057	0.118	0.181	0.228	0.264	0.307
SPAC9E9.14	vps24	viable	V	0.006	0.072	0.339	0.742	1.071	1.302	1.525
SPAC9E9.15	SPAC9E9.15	viable	V	0.025	0.044	0.073	0.11	0.148	0.188	0.299
SPAC9E9.17c	SPAC9E9.17c	unknown	Not_determined	-0.047	-0.322	-0.591	-0.68	-0.701	-0.706	-0.707
SPAC9G1.02	wis4	viable	V	0.065	0.19	0.398	0.604	0.751	0.854	0.968
SPAC9G1.04	oxa101	viable	V	-0.001	-0.0	-0.0	-0.0	-0.0	-0.0	-0.0
SPAC9G1.05	aip1	viable	V	-0.0	-0.04	-0.164	-0.227	-0.243	-0.247	-0.248
SPAC9G1.06c	cyk3	viable	V	0.046	0.081	0.137	0.206	0.276	0.353	0.56
SPAC9G1.07	SPAC9G1.07	viable	V	0.025	0.238	0.641	0.898	0.998	1.035	1.052
SPAC9G1.08c	phi1	viable	V	0.013	0.396	1.712	2.784	3.23	3.4	3.472
SPAC9G1.09	sid1	inviable	E	0.0	0.228	1.885	3.076	3.413	3.499	3.52
SPAC9G1.10c	inp53	viable	V	0.023	0.084	0.18	0.259	0.305	0.33	0.351
SPAC9G1.11c	spn4	viable	V	0.032	0.306	0.691	0.86	0.908	0.922	0.926
SPAC9G1.12	trm61	viable	V	0.0	0.004	0.124	0.336	0.436	0.47	0.482
SPAC9G1.13c	swc4	inviable	E	0.0	0.078	1.647	3.335	3.873	4.015	4.051
SPAC9G1.14	SPAC9G1.14	unknown	Not_determined	-0.066	-0.033	-0.011	-0.002	-0.0	-0.0	-0.0
SPACUNK12.02c	cmk1	viable	V	-0.035	-0.017	-0.006	-0.001	-0.0	-0.0	-0.0
SPACUNK4.06c	rpb7	inviable	E	0.172	1.965	4.23	5.052	5.247	5.295	5.307
SPACUNK4.07c	cta4	viable	Not_determined	0.001	0.055	0.555	1.608	2.529	3.147	3.661
SPACUNK4.08	dpp2	viable	V	0.014	0.06	0.128	0.174	0.196	0.206	0.212
SPACUNK4.09	SPACUNK4.09	viable	V	-0.005	-0.035	-0.064	-0.073	-0.075	-0.076	-0.076
SPACUNK4.10	gor1	viable	V	0.001	0.084	0.319	0.434	0.464	0.471	0.473
SPACUNK4.11c	mpp6	viable	V	0.002	0.014	0.075	0.246	0.535	0.953	2.307
SPACUNK4.12c	iph1	viable	V	0.063	0.11	0.185	0.278	0.374	0.477	0.757
SPACUNK4.13c	ola2	viable	V	0.017	0.117	0.216	0.248	0.256	0.257	0.258
SPACUNK4.14	mdb1	viable	V	0.106	0.734	1.348	1.551	1.598	1.61	1.612
SPACUNK4.16c	tps3	viable	V	0.038	0.067	0.112	0.168	0.226	0.288	0.457
SPACUNK4.17	SPACUNK4.17	viable	V	-0.002	-0.096	-0.314	-0.413	-0.438	-0.444	-0.446
SPACUNK4.19	mug153	viable	V	0.006	0.0	0.0	0.0	0.0	0.0	0.0
SPAP11E10.01	SPAP11E10.01	viable	V	-0.003	-0.0	-0.0	-0.0	-0.0	-0.0	-0.0
SPAP11E10.02c	mam3	viable	V	0.066	0.454	0.833	0.959	0.988	0.995	0.997
SPAP14E8.02	tos4	viable	V	0.02	0.14	0.258	0.297	0.306	0.308	0.309
SPAP14E8.03	bos1	inviable	E	0.086	1.128	2.67	3.31	3.476	3.52	3.533
SPAP14E8.04	oma1	viable	V	0.001	0.007	0.043	0.159	0.37	0.69	1.756
SPAP14E8.05c	SPAP14E8.05c	viable	V	0.003	0.249	1.027	1.426	1.528	1.554	1.56
SPAP19A11.05c	mrp7	inviable	E	0.027	0.484	1.641	2.437	2.741	2.852	2.897
SPAP27G11.02	mgr3	viable	V	0.071	0.492	0.902	1.039	1.07	1.078	1.08
SPAP27G11.03	cdc123	inviable	E	0.165	1.874	4.022	4.8	4.983	5.028	5.04
SPAP27G11.04c	tad3	inviable	E	0.023	0.961	3.09	4.05	4.289	4.349	4.364
SPAP27G11.05c	vps41	viable	V	0.01	0.102	0.488	1.162	1.814	2.349	3.008
SPAP27G11.06c	vas2	viable	V	0.123	0.491	1.06	1.49	1.711	1.824	1.9
SPAP27G11.07c	bud32	condition-dependent	E	0.084	1.55	3.875	4.791	5.012	5.066	5.08
SPAP27G11.08c	meu32	viable	V	0.031	0.167	0.337	0.422	0.451	0.461	0.465
SPAP27G11.09c	rib1	inviable	E	0.27	1.862	3.417	3.933	4.052	4.081	4.088
SPAP27G11.10c	nup184	viable	V	0.177	1.368	2.962	3.695	3.915	3.983	4.006
SPAP27G11.11c	SPAP27G11.11c	unknown	Not_determined	0.004	0.001	0.0	0.0	0.0	0.0	0.0
SPAP27G11.12	hid3	viable	V	0.001	0.128	0.579	0.843	0.918	0.938	0.944
SPAP27G11.13c	nop10	inviable	E	0.027	1.102	3.544	4.646	4.92	4.989	5.006
SPAP27G11.14c	SPAP27G11.14c	viable	V	0.02	0.079	0.231	0.462	0.698	0.923	1.319
SPAP27G11.15	slx1	viable	V	0.018	0.08	0.169	0.226	0.251	0.262	0.268
SPAP27G11.16	SPAP27G11.16	viable	V	0.031	0.214	0.393	0.452	0.466	0.469	0.47
SPAP32A8.02	SPAP32A8.02	viable	V	0.054	0.104	0.184	0.283	0.379	0.478	0.71
SPAP32A8.03c	bop1	viable	V	-0.047	-0.245	-0.502	-0.64	-0.69	-0.708	-0.716
SPAP4C9.02	emc5	viable	Not_determined	0.032	0.26	0.506	0.59	0.609	0.614	0.615
SPAP7G5.02c	gua2	inviable	E	0.236	1.835	3.498	4.062	4.192	4.224	4.232
SPAP7G5.03	prm1	viable	V	-0.019	-0.009	-0.003	-0.001	-0.0	-0.0	-0.0
SPAP7G5.04c	lys1	viable	V	0.017	0.004	0.0	0.0	0.0	0.0	0.0
SPAP7G5.06	per1	viable	V	0.078	0.217	0.451	0.691	0.87	1.001	1.16
SPAP8A3.02c	ofd2	viable	V	-0.062	-0.03	-0.01	-0.002	-0.0	-0.0	-0.0
SPAP8A3.03	zip3	viable	V	0.0	0.067	0.355	0.523	0.568	0.579	0.582
SPAP8A3.05	ski7	viable	V	0.003	0.165	0.576	0.769	0.817	0.829	0.832
SPAP8A3.07c	aro3	viable	V	0.089	0.889	2.403	3.343	3.698	3.829	3.884
SPAP8A3.08	cdc4	inviable	E	0.003	0.58	3.103	4.575	4.968	5.067	5.092
SPAP8A3.09c	paa1	inviable	E	0.074	1.105	2.583	3.144	3.278	3.311	3.32
SPAP8A3.10	ups1	inviable	E	0.016	0.806	2.808	3.769	4.016	4.079	4.096
SPAP8A3.11c	mtg2	inviable	E	0.0	0.0	0.076	1.268	3.203	4.523	5.3
SPAP8A3.12c	tpp2	viable	V	0.001	0.0	0.0	0.0	0.0	0.0	0.0
SPAP8A3.13c	gid10	viable	V	0.029	0.057	0.103	0.159	0.213	0.267	0.39
SPAP8A3.14c	sls1	viable	V	0.081	0.184	0.358	0.562	0.745	0.91	1.204
SPAPB15E9.01c	pfl2	viable	Not_determined	-0.049	-0.221	-0.468	-0.624	-0.691	-0.72	-0.736
SPAPB15E9.02c	SPAPB15E9.02c	unknown	Not_determined	0.005	0.0	0.0	0.0	0.0	0.0	0.0
SPAPB15E9.06	SPAPB15E9.06	unknown	Not_determined	0.006	0.0	0.0	0.0	0.0	0.0	0.0
SPAPB17E12.03	pex12	viable	V	0.017	0.226	0.509	0.615	0.64	0.646	0.647
SPAPB17E12.04c	csn2	viable	V	0.009	0.075	0.351	0.873	1.434	1.952	2.719
SPAPB17E12.05	rpl3703	viable	V	0.219	0.735	1.574	2.316	2.775	3.055	3.304
SPAPB17E12.06	sos7	unknown	Not_determined	0.035	0.865	2.765	3.795	4.107	4.2	4.23
SPAPB17E12.07c	sen2	inviable	E	0.212	1.908	3.808	4.469	4.623	4.661	4.671
SPAPB17E12.08	eos1	viable	V	0.024	0.091	0.241	0.437	0.61	0.755	0.962
SPAPB17E12.09	SPAPB17E12.09	inviable	E	0.051	0.326	0.618	0.728	0.756	0.764	0.766
SPAPB17E12.10c	mrm202	inviable	E	0.0	0.0	0.004	0.637	2.39	3.517	3.986
SPAPB17E12.11	ost3	inviable	E	0.061	1.077	2.964	3.868	4.125	4.198	4.22
SPAPB17E12.14c	SPAPB17E12.14c	viable	V	-0.027	-0.071	-0.158	-0.282	-0.414	-0.552	-0.87
SPAPB18E9.01	trm5	viable	V	0.16	0.94	2.395	3.539	4.112	4.389	4.561
SPAPB18E9.02c	ppk18	viable	Not_determined	-0.035	-0.017	-0.006	-0.001	-0.0	-0.0	-0.0
SPAPB18E9.04c	SPAPB18E9.04c	viable	V	0.065	0.447	0.82	0.944	0.973	0.98	0.982
SPAPB1A10.02	scm3	inviable	E	0.0	0.02	1.125	2.851	3.473	3.641	3.684
SPAPB1A10.03	nxt1	viable	V	0.071	0.487	0.893	1.028	1.059	1.066	1.068
SPAPB1A10.04c	cwp1	inviable	E	0.003	0.557	2.759	3.997	4.324	4.406	4.427
SPAPB1A10.05	SPAPB1A10.05	viable	V	0.016	0.107	0.197	0.226	0.233	0.235	0.235
SPAPB1A10.06c	dhx37	inviable	E	0.283	1.955	3.588	4.13	4.255	4.285	4.293
SPAPB1A10.07c	SPAPB1A10.07c	viable	V	0.041	0.28	0.514	0.592	0.61	0.614	0.615
SPAPB1A10.08	SPAPB1A10.08	viable	V	0.058	0.217	0.467	0.665	0.773	0.831	0.874
SPAPB1A10.09	ase1	viable	V	0.015	0.099	0.372	0.799	1.202	1.541	1.991
SPAPB1A10.10c	ypt71	viable	V	0.0	0.0	0.0	0.004	0.436	1.322	1.74
SPAPB1A10.11c	mse1	inviable	E	0.0	0.027	0.724	2.37	3.513	4.072	4.362
SPAPB1A10.12c	alo1	viable	V	0.027	0.187	0.343	0.395	0.407	0.41	0.411
SPAPB1A10.13	SPAPB1A10.13	viable	V	0.034	0.237	0.435	0.501	0.516	0.52	0.521
SPAPB1A10.15	arv1	viable	V	0.073	0.139	0.248	0.38	0.511	0.643	0.951
SPAPB1A10.16	dpc13	viable	Not_determined	-0.033	-0.096	-0.2	-0.305	-0.38	-0.434	-0.495
SPAPB1A11.01	mfc1	viable	V	0.042	0.021	0.007	0.002	0.0	0.0	0.0
SPAPB1A11.02	SPAPB1A11.02	viable	V	-0.027	-0.185	-0.34	-0.392	-0.404	-0.407	-0.407
SPAPB1A11.03	SPAPB1A11.03	viable	V	0.102	0.701	1.286	1.48	1.525	1.536	1.538
SPAPB1A11.04c	mca1	viable	V	0.197	1.032	2.371	3.29	3.705	3.89	3.993
SPAPB1E7.01c	SPAPB1E7.01c	inviable	E	0.003	0.086	0.621	1.644	2.556	3.208	3.822
SPAPB1E7.02c	mcl1	condition-dependent	V	0.02	0.366	1.594	2.858	3.538	3.865	4.055
SPAPB1E7.03	rpc82	inviable	E	0.286	2.003	3.694	4.257	4.387	4.419	4.427
SPAPB1E7.04c	cts2	viable	V	0.0	0.004	0.113	0.242	0.284	0.296	0.299
SPAPB1E7.05	gde1	viable	V	0.02	0.039	0.069	0.11	0.152	0.199	0.327
SPAPB1E7.06c	eme1	viable	V	0.033	0.333	1.302	2.474	3.269	3.75	4.136
SPAPB1E7.07	glt1	viable	V	-0.017	-0.008	-0.002	-0.0	-0.0	-0.0	-0.0
SPAPB1E7.08c	SPAPB1E7.08c	viable	V	0.049	0.341	0.625	0.72	0.741	0.747	0.748
SPAPB1E7.09	ogm2	condition-dependent	V	0.123	1.586	3.542	4.266	4.438	4.48	4.491
SPAPB1E7.10	rpc17	inviable	E	0.181	1.266	2.711	3.399	3.616	3.685	3.71
SPAPB1E7.11c	mpa1	viable	V	0.011	0.043	0.138	0.312	0.531	0.789	1.44
SPAPB1E7.12	rps602	viable	V	0.048	1.14	3.075	3.87	4.063	4.111	4.123
SPAPB1E7.14	iec5	unknown	Not_determined	0.023	0.082	0.177	0.256	0.301	0.327	0.347
SPAPB21F2.02	dop1	viable	V	0.031	0.121	0.279	0.423	0.511	0.563	0.608
SPAPB24D3.01	toe3	viable	V	-0.018	-0.009	-0.003	-0.001	-0.0	-0.0	-0.0
SPAPB24D3.02c	SPAPB24D3.02c	viable	V	-0.0	-0.0	-0.022	-0.265	-0.451	-0.512	-0.528
SPAPB24D3.03	agm2	viable	V	-0.066	-0.033	-0.011	-0.002	-0.0	-0.0	-0.0
SPAPB24D3.04c	mag1	viable	V	-0.043	-0.295	-0.542	-0.624	-0.643	-0.648	-0.649
SPAPB24D3.06c	SPAPB24D3.06c	inviable	E	0.023	0.162	0.297	0.341	0.352	0.354	0.355
SPAPB24D3.07c	SPAPB24D3.07c	viable	V	0.002	0.084	0.258	0.335	0.354	0.359	0.36
SPAPB24D3.08c	SPAPB24D3.08c	viable	V	0.0	0.0	0.004	0.17	0.384	0.467	0.49
SPAPB24D3.09c	pdr1	viable	V	0.06	0.121	0.222	0.343	0.458	0.572	0.815
SPAPB24D3.10c	agl1	viable	V	0.003	0.0	0.0	0.0	0.0	0.0	0.0
SPAPB2B4.01c	gpi12	inviable	E	0.007	0.489	1.898	2.598	2.776	2.821	2.832
SPAPB2B4.02	grx5	condition-dependent	V	0.0	0.012	0.144	0.586	1.21	1.853	2.809
SPAPB2B4.03	cig2	viable	V	0.042	0.139	0.297	0.44	0.53	0.586	0.637
SPAPB2B4.04c	pmc1	viable	V	0.041	0.108	0.221	0.34	0.434	0.507	0.603
SPAPB2B4.05	vma5	inviable	E	0.214	0.63	1.378	2.193	2.829	3.316	3.939
SPAPB2B4.06	SPAPB2B4.06	viable	V	0.049	0.286	0.565	0.691	0.729	0.741	0.746
SPAPB2B4.07	SPAPB2B4.07	viable	V	0.0	0.057	0.41	0.647	0.713	0.73	0.734
SPAPB2C8.01	pfl10	viable	V	-0.008	-0.188	-0.5	-0.627	-0.658	-0.666	-0.668
SPAPB8E5.03	mae1	viable	V	0.04	0.274	0.503	0.578	0.596	0.6	0.601
SPAPB8E5.04c	npc2	viable	V	-0.027	-0.189	-0.347	-0.399	-0.411	-0.414	-0.415
SPAPB8E5.05	mfm1	viable	V	-0.023	-0.257	-0.551	-0.658	-0.683	-0.69	-0.691
SPAPB8E5.07c	rrp12	inviable	E	0.248	1.818	3.4	3.93	4.053	4.083	4.091
SPAPB8E5.08	SPAPB8E5.08	viable	V	0.0	0.0	0.0	0.0	0.0	0.0	0.0
SPAPB8E5.09	rvb1	inviable	E	0.135	1.46	3.083	3.666	3.803	3.837	3.845
SPAPB8E5.10	min8	viable	V	0.035	0.062	0.104	0.156	0.21	0.268	0.426
SPAPJ691.02	moh1	viable	V	0.021	0.143	0.263	0.303	0.312	0.314	0.315
SPAPJ691.03	mic10	viable	V	0.014	0.095	0.174	0.2	0.206	0.208	0.208
SPAPJ695.01c	SPAPJ695.01c	viable	V	0.005	0.056	0.212	0.381	0.483	0.538	0.577
SPAPJ695.02	SPAPJ695.02	viable	Not_determined	0.004	0.118	0.623	1.188	1.497	1.643	1.725
SPAPJ696.01c	vps17	viable	V	-0.0	-0.0	-0.0	-0.0	-0.0	-0.0	-0.0
SPAPJ696.02	lsb4	viable	V	-0.028	-0.195	-0.357	-0.411	-0.424	-0.427	-0.427
SPAPJ698.03c	prp12	inviable	E	0.191	1.727	3.452	4.052	4.192	4.226	4.235
SPAPJ760.02c	abp1	viable	V	0.007	0.002	0.0	0.0	0.0	0.0	0.0
SPAPYUG7.02c	sin1	viable	V	0.14	0.375	0.771	1.188	1.509	1.754	2.071
SPAPYUG7.03c	mid2	viable	V	0.001	0.183	0.911	1.322	1.431	1.458	1.465
SPAPYUG7.04c	rpb9	viable	V	0.033	0.175	0.358	0.455	0.489	0.502	0.507
SPAPYUG7.05	pro3	inviable	E	0.284	1.958	3.594	4.137	4.262	4.293	4.3
SPAPYUG7.06	sdu1	viable	V	-0.013	-0.093	-0.17	-0.196	-0.202	-0.204	-0.204
SPAPYUK71.03c	tcb3	viable	V	0.0	0.007	0.116	0.22	0.251	0.26	0.262
SPBC106.01	mph1	viable	V	0.013	0.081	0.29	0.598	0.873	1.094	1.37
SPBC106.02c	srx1	viable	V	-0.347	-0.346	-0.34	-0.315	-0.226	-0.04	-0.0
SPBC106.03	SPBC106.03	viable	V	0.104	0.721	1.323	1.522	1.568	1.58	1.582
SPBC106.04	ada1	viable	V	0.124	0.325	0.671	1.056	1.372	1.63	2.003
SPBC106.05c	tim11	viable	V	0.0	0.055	0.297	0.438	0.476	0.485	0.488
SPBC106.06	cct4	inviable	E	0.208	1.434	2.631	3.029	3.121	3.143	3.149
SPBC106.07c	nat2	viable	V	0.252	1.742	3.197	3.68	3.791	3.819	3.825
SPBC106.08c	mug2	viable	V	-0.066	-0.151	-0.293	-0.456	-0.6	-0.727	-0.945
SPBC106.09	cut4	inviable	E	0.052	1.026	2.939	3.879	4.148	4.224	4.247
SPBC106.10	pka1	viable	V	0.195	0.625	1.332	1.983	2.404	2.674	2.932
SPBC106.11c	plg7	viable	V	0.0	0.0	0.0	0.0	0.001	0.214	1.926
SPBC106.12c	tho4	viable	V	0.001	0.008	0.037	0.101	0.186	0.284	0.497
SPBC106.13	gid9	viable	V	0.009	0.016	0.027	0.041	0.055	0.07	0.111
SPBC106.14c	sda1	inviable	E	0.289	1.998	3.666	4.22	4.348	4.379	4.387
SPBC106.15	idi1	inviable	E	0.244	1.686	3.094	3.562	3.669	3.696	3.702
SPBC106.16	pre6	viable	V	0.267	1.28	2.677	3.509	3.844	3.981	4.048
SPBC106.17c	cys2	viable	V	0.087	0.267	0.565	0.849	1.042	1.17	1.303
SPBC106.18	rpl2501	inviable	E	0.185	1.275	2.341	2.694	2.776	2.796	2.801
SPBC106.19	ppr10	viable	V	0.036	0.13	0.332	0.582	0.794	0.966	1.198
SPBC106.20	exo70	condition-dependent	V	0.076	0.217	0.483	0.799	1.072	1.304	1.655
SPBC1105.01	SPBC1105.01	viable	V	0.036	0.072	0.134	0.216	0.302	0.394	0.631
SPBC1105.02c	lys4	viable	V	0.183	0.091	0.031	0.007	0.001	0.0	0.0
SPBC1105.03c	mrpl16	inviable	E	0.0	0.069	1.466	2.973	3.454	3.581	3.613
SPBC1105.04c	cbp1	viable	V	0.008	0.153	0.741	1.457	1.905	2.149	2.314
SPBC1105.05	exg1	viable	V	-0.025	-0.173	-0.318	-0.366	-0.377	-0.38	-0.381
SPBC1105.06	pmc4	inviable	E	0.013	0.179	0.94	2.21	3.319	4.134	4.968
SPBC1105.07c	pci2	inviable	E	0.032	0.555	2.056	3.284	3.831	4.057	4.165
SPBC1105.08	emp70	viable	V	0.025	0.047	0.085	0.135	0.187	0.245	0.403
SPBC1105.09	ubc15	viable	V	0.027	0.068	0.155	0.288	0.443	0.624	1.134
SPBC1105.10	rav1	viable	V	0.0	0.004	0.253	0.775	1.029	1.117	1.147
SPBC1105.11c	hht3	viable	V	0.02	0.136	0.249	0.287	0.296	0.298	0.298
SPBC1105.12	hhf3	viable	V	0.01	0.07	0.128	0.147	0.152	0.153	0.153
SPBC1105.13c	SPBC1105.13c	viable	V	0.009	0.002	0.0	0.0	0.0	0.0	0.0
SPBC1105.14	rsv2	viable	V	0.06	0.416	0.763	0.878	0.905	0.911	0.913
SPBC1105.15c	htd2	viable	V	0.0	0.0	0.004	0.658	2.43	3.577	4.062
SPBC1105.16c	rpr2	inviable	E	0.058	1.252	3.602	4.726	5.039	5.126	5.151
SPBC1105.17	cnp1	inviable	E	0.004	0.188	1.235	2.492	3.173	3.486	3.651
SPBC1105.19	tam12	unknown	Not_determined	-0.277	-0.255	-0.17	-0.026	-0.0	-0.0	-0.0
SPBC115.01c	rrp46	inviable	E	0.229	2.024	4.017	4.708	4.869	4.909	4.918
SPBC115.02c	afg1	viable	V	0.081	0.561	1.03	1.185	1.221	1.23	1.232
SPBC115.03	SPBC115.03	viable	V	0.081	0.559	1.025	1.18	1.216	1.224	1.227
SPBC119.01	rpn3	inviable	E	0.179	1.181	2.389	2.913	3.066	3.113	3.128
SPBC119.02	ubc4	inviable	E	0.202	1.329	2.935	3.789	4.087	4.192	4.234
SPBC119.03	cmt1	viable	V	-0.066	-0.161	-0.322	-0.5	-0.649	-0.773	-0.962
SPBC119.05c	lsb1	viable	V	-0.332	-0.331	-0.331	-0.328	-0.316	-0.259	-0.0
SPBC119.06	sco1	viable	V	0.044	0.173	0.423	0.68	0.858	0.977	1.095
SPBC119.07	vps15	viable	V	0.006	0.054	0.26	0.656	1.079	1.464	2.019
SPBC119.08	pmk1	viable	V	0.04	0.099	0.198	0.307	0.397	0.471	0.58
SPBC119.10	asn1	viable	Not_determined	0.245	1.693	3.107	3.577	3.685	3.711	3.718
SPBC119.11c	pac1	inviable	E	0.055	0.38	0.697	0.802	0.826	0.832	0.834
SPBC119.12	rud3	viable	V	-0.384	-0.375	-0.332	-0.189	-0.017	-0.0	-0.0
SPBC119.13c	prp31	inviable	E	0.295	2.038	3.74	4.305	4.435	4.467	4.475
SPBC119.14	rti1	viable	V	0.001	0.188	0.898	1.29	1.393	1.419	1.426
SPBC119.15	npa3	inviable	E	0.165	1.729	3.619	4.294	4.453	4.491	4.501
SPBC119.16c	den11	viable	V	-0.046	-0.165	-0.355	-0.513	-0.604	-0.656	-0.697
SPBC119.17	cym1	condition-dependent	E	0.016	0.804	2.836	3.821	4.076	4.142	4.158
SPBC119.18	mdm35	inviable	E	0.0	0.113	1.697	3.181	3.634	3.752	3.782
SPBC1198.01	fmd2	viable	V	-0.065	-0.032	-0.011	-0.002	-0.0	-0.0	-0.0
SPBC1198.02	dea2	inviable	E	0.009	0.123	0.403	0.618	0.711	0.75	0.768
SPBC1198.03c	SPBC1198.03c	viable	V	0.003	0.001	0.0	0.0	0.0	0.0	0.0
SPBC1198.04c	zas1	inviable	E	0.002	0.136	1.223	2.847	3.839	4.327	4.601
SPBC1198.05	guk1	inviable	E	0.258	1.932	3.639	4.214	4.347	4.379	4.387
SPBC1198.06c	dfg501	viable	V	0.06	0.382	0.729	0.863	0.898	0.908	0.911
SPBC1198.07c	dfg502	viable	V	0.001	0.02	0.128	0.297	0.418	0.491	0.546
SPBC1198.08	dug1	viable	V	0.059	0.333	0.667	0.826	0.877	0.894	0.9
SPBC1198.09	pex4	viable	V	0.071	0.491	0.901	1.037	1.069	1.076	1.078
SPBC1198.10c	slm5	inviable	E	0.002	0.203	1.549	3.041	3.736	4.011	4.13
SPBC1198.11c	reb1	viable	V	0.026	0.056	0.11	0.181	0.255	0.334	0.524
SPBC1198.12	mfr1	viable	V	0.051	0.352	0.645	0.743	0.765	0.771	0.772
SPBC1198.13c	tfg2	inviable	E	0.07	1.017	3.004	4.195	4.611	4.754	4.807
SPBC1198.14c	fbp1	viable	V	-0.068	-0.034	-0.012	-0.003	-0.0	-0.0	-0.0
SPBC11B10.01	alg2	inviable	E	0.209	1.694	3.273	3.812	3.937	3.968	3.976
SPBC11B10.03	cog8	inviable	E	0.069	1.247	3.091	3.814	3.988	4.031	4.042
SPBC11B10.04c	mrps28	inviable	E	0.0	0.063	1.424	3.149	3.789	3.978	4.033
SPBC11B10.05c	rsp1	viable	V	0.0	0.014	0.12	0.3	0.431	0.507	0.56
SPBC11B10.06	sws1	viable	V	0.029	0.201	0.369	0.424	0.437	0.44	0.441
SPBC11B10.07c	ivn1	viable	V	0.078	0.536	0.984	1.133	1.167	1.175	1.177
SPBC11B10.08	wwm1	viable	V	0.003	0.0	0.0	0.0	0.0	0.0	0.0
SPBC11B10.09	cdc2	inviable	E	0.141	0.976	1.791	2.061	2.124	2.139	2.143
SPBC11C11.01	SPBC11C11.01	viable	V	0.06	0.412	0.757	0.871	0.898	0.904	0.906
SPBC11C11.02	imp2	viable	V	0.006	0.108	0.69	1.833	2.949	3.835	4.821
SPBC11C11.03	ndc80	inviable	E	0.025	0.722	2.497	3.53	3.857	3.958	3.99
SPBC11C11.04c	alp1	inviable	E	0.141	1.499	3.149	3.74	3.879	3.913	3.921
SPBC11C11.05	knh1	inviable	E	0.15	1.225	3.21	4.518	5.051	5.264	5.364
SPBC11C11.07	rpl1801	viable	V	0.298	1.082	2.325	3.347	3.928	4.254	4.509
SPBC11C11.08	srp1	viable	V	0.0	0.0	0.071	0.286	0.384	0.412	0.419
SPBC11C11.09c	rpl502	viable	V	0.192	0.759	1.628	2.282	2.619	2.791	2.908
SPBC11C11.10	pus4	viable	V	0.035	0.137	0.295	0.414	0.476	0.508	0.53
SPBC11C11.11c	irc3	viable	V	0.003	0.101	0.307	0.397	0.419	0.425	0.426
SPBC11G11.01	fis1	viable	V	0.006	0.0	0.0	0.0	0.0	0.0	0.0
SPBC11G11.02c	end3	viable	V	0.013	0.1	0.189	0.219	0.226	0.228	0.228
SPBC11G11.03	mrt4	viable	V	0.0	0.0	0.0	0.0	0.014	0.525	1.295
SPBC11G11.04	trs20	inviable	E	0.019	0.758	2.656	3.643	3.918	3.994	4.015
SPBC11G11.05	rpa34	viable	V	0.293	0.513	0.862	1.294	1.737	2.216	3.521
SPBC11G11.06c	sme1	inviable	E	0.332	2.292	4.207	4.842	4.989	5.025	5.034
SPBC11G11.07	mtr10	inviable	E	0.144	0.688	1.762	2.772	3.392	3.755	4.052
SPBC1215.01	shy1	viable	V	0.009	0.048	0.156	0.307	0.438	0.543	0.673
SPBC1215.02c	naa25	condition-dependent	E	0.0	0.014	0.45	1.759	2.87	3.502	3.889
SPBC1271.01c	pof13	viable	V	0.0	0.086	0.617	0.973	1.071	1.097	1.103
SPBC1271.02	stt3	inviable	E	0.145	1.635	3.499	4.174	4.333	4.372	4.381
SPBC1271.03c	SPBC1271.03c	viable	V	0.041	0.351	0.733	0.884	0.924	0.935	0.938
SPBC1271.04c	dys1	inviable	E	0.165	1.259	2.825	3.608	3.862	3.946	3.977
SPBC1271.05c	SPBC1271.05c	viable	V	0.039	0.267	0.489	0.563	0.58	0.584	0.585
SPBC1271.06c	mug96	viable	V	0.004	0.021	0.077	0.2	0.378	0.614	1.334
SPBC1271.07c	SPBC1271.07c	viable	V	0.024	0.011	0.003	0.001	0.0	0.0	0.0
SPBC1271.08c	SPBC1271.08c	viable	V	0.001	0.0	0.0	0.0	0.0	0.0	0.0
SPBC1271.09	tgp1	viable	V	0.008	0.0	0.0	0.0	0.0	0.0	0.0
SPBC1271.10c	SPBC1271.10c	viable	V	0.017	0.062	0.133	0.192	0.226	0.245	0.26
SPBC1271.11	pet802	viable	V	-0.068	-0.034	-0.012	-0.003	-0.0	-0.0	-0.0
SPBC1271.12	osh41	viable	V	0.025	0.105	0.271	0.45	0.579	0.666	0.756
SPBC1271.13	mrpl8	inviable	E	0.0	0.007	0.935	2.865	3.632	3.845	3.9
SPBC1271.14	aga1	viable	V	-0.029	-0.203	-0.373	-0.43	-0.443	-0.446	-0.447
SPBC1271.15c	mti2	viable	V	0.0	0.0	0.054	0.731	2.032	3.201	4.215
SPBC1289.01c	chr4	viable	V	0.0	0.016	0.168	0.29	0.325	0.335	0.337
SPBC1289.02c	uap2	inviable	E	0.015	0.564	2.41	3.749	4.242	4.411	4.474
SPBC1289.03c	spi1	inviable	E	0.289	1.994	3.66	4.213	4.34	4.372	4.379
SPBC1289.04c	pob1	inviable	E	0.074	1.14	3.16	4.211	4.535	4.634	4.667
SPBC1289.06c	ppr8	viable	V	0.089	0.188	0.354	0.559	0.754	0.946	1.348
SPBC1289.07c	rpc40	inviable	E	0.164	1.657	3.453	4.101	4.255	4.293	4.303
SPBC1289.08	uap1	viable	V	0.047	1.17	3.213	4.059	4.266	4.317	4.33
SPBC1289.09	tim21	viable	V	-0.066	-0.033	-0.011	-0.002	-0.0	-0.0	-0.0
SPBC1289.10c	adn2	viable	V	0.021	0.11	0.3	0.487	0.606	0.676	0.735
SPBC1289.11	spf38	viable	V	-0.008	-0.056	-0.103	-0.118	-0.122	-0.123	-0.123
SPBC1289.12	usp109	inviable	E	0.012	0.747	2.756	3.73	3.977	4.038	4.054
SPBC1289.13c	gmh6	viable	V	0.0	0.0	0.0	0.124	0.67	1.005	1.111
SPBC1289.14	SPBC1289.14	viable	V	0.096	0.66	1.211	1.394	1.436	1.447	1.449
SPBC1289.15	pfl5	viable	V	-0.034	-0.233	-0.428	-0.492	-0.507	-0.511	-0.512
SPBC1289.16c	cao2	viable	V	0.023	0.156	0.286	0.329	0.339	0.341	0.342
SPBC1289.17	Tf2-11	unknown	Not_determined	-0.003	-0.001	-0.0	-0.0	-0.0	-0.0	-0.0
SPBC12C2.01c	SPBC12C2.01c	viable	V	0.0	0.0	0.02	0.134	0.261	0.34	0.388
SPBC12C2.02c	ste20	viable	V	0.187	0.606	1.292	1.918	2.32	2.574	2.813
SPBC12C2.03c	SPBC12C2.03c	viable	V	0.03	0.065	0.122	0.19	0.252	0.311	0.423
SPBC12C2.04	SPBC12C2.04	viable	V	0.0	0.0	0.0	0.052	0.613	1.109	1.284
SPBC12C2.05c	bzz1	condition-dependent	V	-0.011	-0.004	-0.001	-0.0	-0.0	-0.0	-0.0
SPBC12C2.06	dbp5	inviable	E	0.256	1.768	3.246	3.736	3.849	3.876	3.883
SPBC12C2.07c	srm1	viable	V	0.075	0.247	0.528	0.781	0.94	1.039	1.13
SPBC12C2.08	dnm1	viable	V	0.048	0.204	0.435	0.597	0.673	0.709	0.731
SPBC12C2.09c	izh2	viable	V	-0.039	-0.127	-0.271	-0.402	-0.486	-0.539	-0.589
SPBC12C2.10c	pst1	inviable	E	0.272	1.217	2.582	3.474	3.87	4.045	4.142
SPBC12C2.11	gfa1	inviable	E	0.267	2.011	3.792	4.392	4.531	4.565	4.573
SPBC12C2.12c	glo1	viable	V	0.051	0.136	0.279	0.431	0.549	0.64	0.76
SPBC12C2.13c	fnx1	viable	V	-0.006	-0.002	-0.0	-0.0	-0.0	-0.0	-0.0
SPBC12D12.01	sad1	inviable	E	0.04	0.967	3.014	4.08	4.394	4.485	4.513
SPBC12D12.02c	cdm1	viable	V	-0.34	-0.322	-0.247	-0.072	-0.0	-0.0	-0.0
SPBC12D12.03	cct1	inviable	E	0.12	1.37	2.947	3.519	3.654	3.687	3.695
SPBC12D12.04c	pck2	viable	V	0.003	0.07	0.387	0.802	1.069	1.215	1.313
SPBC12D12.05c	SPBC12D12.05c	viable	V	0.049	0.086	0.144	0.217	0.291	0.372	0.59
SPBC12D12.06	srb11	viable	V	0.0	0.0	0.151	0.684	0.941	1.016	1.036
SPBC12D12.07c	trx2	viable	V	0.0	0.0	0.002	0.173	0.469	0.596	0.632
SPBC12D12.08c	ned8	inviable	E	0.12	0.829	1.521	1.751	1.804	1.817	1.82
SPBC12D12.09	rev7	viable	V	0.016	0.33	0.849	1.056	1.106	1.118	1.121
SPBC1306.01c	gfm1	inviable	E	0.0	0.069	0.99	2.745	3.93	4.535	4.878
SPBC1306.02	trm734	viable	V	0.165	0.779	2.009	3.198	3.946	4.396	4.776
SPBC1347.01c	rev1	viable	V	0.01	0.053	0.149	0.249	0.316	0.358	0.394
SPBC1347.02	ani1	viable	V	0.006	0.126	0.616	1.184	1.518	1.689	1.795
SPBC1347.03	meu14	viable	V	-0.0	-0.0	-0.001	-0.075	-0.217	-0.279	-0.297
SPBC1347.04	tim54	inviable	E	0.023	0.417	1.801	3.217	3.977	4.342	4.554
SPBC1347.05c	scj1	inviable	E	0.002	0.45	2.627	3.953	4.311	4.402	4.425
SPBC1347.06c	cki1	viable	V	0.01	0.023	0.044	0.068	0.09	0.11	0.147
SPBC1347.07	rex2	viable	V	0.001	0.045	0.245	0.425	0.5	0.528	0.539
SPBC1347.08c	rnh202	viable	V	0.031	0.212	0.389	0.448	0.462	0.465	0.466
SPBC1347.09	SPBC1347.09	viable	V	-0.07	-0.035	-0.012	-0.003	-0.0	-0.0	-0.0
SPBC1347.10	cdc23	inviable	E	0.351	1.622	3.418	4.539	5.014	5.217	5.322
SPBC1347.11	sro1	viable	V	0.025	0.05	0.091	0.14	0.188	0.235	0.339
SPBC1347.12	arp1	viable	V	0.125	0.865	1.588	1.828	1.883	1.896	1.9
SPBC1347.13c	mrm1	viable	V	0.059	0.405	0.744	0.856	0.882	0.888	0.89
SPBC1347.14c	SPBC1347.14c	unknown	Not_determined	0.044	0.302	0.555	0.639	0.658	0.663	0.664
SPBC13A2.01c	cbc2	inviable	E	0.219	0.527	1.089	1.801	2.484	3.141	4.432
SPBC13A2.02	nup82	condition-dependent	V	0.252	1.741	3.195	3.678	3.789	3.817	3.823
SPBC13A2.03	bbl1	inviable	E	0.146	1.574	3.327	3.956	4.104	4.14	4.149
SPBC13A2.04c	ptr2	viable	V	0.022	0.121	0.245	0.306	0.327	0.335	0.337
SPBC13E7.01	cwf22	inviable	E	0.282	1.946	3.571	4.111	4.235	4.265	4.273
SPBC13E7.02	cwf24	inviable	E	0.255	1.189	2.502	3.313	3.653	3.796	3.87
SPBC13E7.03c	vts1	viable	V	0.016	0.046	0.096	0.146	0.183	0.21	0.242
SPBC13E7.04	atp16	viable	V	0.06	0.757	1.68	2.02	2.101	2.121	2.126
SPBC13E7.05	gpi14	inviable	E	0.07	1.18	2.955	3.686	3.87	3.918	3.93
SPBC13E7.06	msd1	viable	V	0.002	0.114	0.436	0.595	0.635	0.645	0.648
SPBC13E7.07	SPBC13E7.07	viable	V	-0.006	-0.04	-0.074	-0.085	-0.088	-0.088	-0.089
SPBC13E7.08c	leo1	viable	V	0.029	0.2	0.368	0.423	0.436	0.439	0.44
SPBC13E7.09	vrp1	viable	V	-0.0	-0.0	-0.0	-0.0	-0.0	-0.0	-0.0
SPBC13E7.10c	brf1	inviable	E	0.306	2.114	3.881	4.467	4.602	4.635	4.643
SPBC13E7.11	rbd1	viable	V	0.037	0.064	0.108	0.162	0.217	0.277	0.44
SPBC13G1.01c	nam9	inviable	E	0.0	0.047	1.538	3.459	4.107	4.28	4.324
SPBC13G1.02	mpg2	viable	V	-0.069	-0.034	-0.012	-0.003	-0.0	-0.0	-0.0
SPBC13G1.03c	pex14	viable	V	-0.039	-0.019	-0.006	-0.001	-0.0	-0.0	-0.0
SPBC13G1.04c	abh1	viable	V	-0.018	-0.135	-0.254	-0.294	-0.303	-0.306	-0.306
SPBC13G1.05	emp65	inviable	E	0.034	0.201	0.609	1.066	1.386	1.592	1.781
SPBC13G1.06c	isd11	inviable	E	0.022	0.637	2.506	3.845	4.349	4.526	4.595
SPBC13G1.07	swf1	inviable	E	0.0	0.002	0.517	2.349	3.482	3.911	4.062
SPBC13G1.08c	ash2	viable	V	0.0	0.0	0.004	0.202	0.815	1.43	1.911
SPBC13G1.09	enp1	inviable	E	0.252	1.736	3.186	3.667	3.778	3.806	3.812
SPBC13G1.10c	rqt2	viable	V	0.098	0.258	0.552	0.904	1.213	1.484	1.921
SPBC13G1.11	ykt6	inviable	E	0.381	2.627	4.822	5.55	5.718	5.759	5.769
SPBC13G1.12	did2	viable	V	0.012	0.062	0.17	0.287	0.366	0.418	0.465
SPBC13G1.13	tfb2	viable	V	0.058	1.299	3.446	4.32	4.532	4.585	4.598
SPBC13G1.14c	rns1	viable	V	-0.009	-0.0	-0.0	-0.0	-0.0	-0.0	-0.0
SPBC13G1.15c	SPBC13G1.15c	unknown	Not_determined	-0.034	-0.236	-0.434	-0.499	-0.514	-0.518	-0.519
SPBC146.01	med15	inviable	E	0.202	0.63	1.381	2.15	2.706	3.1	3.543
SPBC146.02	SPBC146.02	viable	V	0.021	0.009	0.002	0.0	0.0	0.0	0.0
SPBC146.03c	cut3	inviable	E	0.126	1.534	3.398	4.096	4.264	4.306	4.317
SPBC146.04	erv2	viable	V	0.122	0.795	1.5	1.76	1.827	1.845	1.85
SPBC146.05c	cwf25	inviable	E	0.242	1.667	3.059	3.521	3.628	3.654	3.66
SPBC146.06c	fan1	viable	V	0.007	0.003	0.001	0.0	0.0	0.0	0.0
SPBC146.07	prp2	inviable	E	0.088	0.826	2.351	3.441	3.91	4.104	4.199
SPBC146.08c	tif1102	viable	V	0.085	1.367	3.28	4.017	4.194	4.237	4.248
SPBC146.09c	lsd1	viable	V	0.001	0.062	0.621	1.881	3.081	3.952	4.758
SPBC146.10	mug57	viable	V	-0.0	-0.0	-0.0	-0.0	-0.0	-0.0	-0.0
SPBC146.11c	mug97	viable	V	0.014	0.003	0.0	0.0	0.0	0.0	0.0
SPBC146.12	coq6	condition-dependent	V	0.134	0.28	0.522	0.81	1.079	1.336	1.852
SPBC146.13c	myo1	condition-dependent	V	0.057	0.557	1.852	3.054	3.7	4.022	4.223
SPBC146.14c	sec26	inviable	E	0.203	1.404	2.577	2.966	3.056	3.078	3.084
SPBC14C8.01c	cut2	inviable	E	0.09	0.612	1.844	3.064	3.802	4.218	4.531
SPBC14C8.02	tim44	inviable	E	0.186	1.732	3.552	4.215	4.375	4.416	4.426
SPBC14C8.03	fma2	viable	V	0.044	0.103	0.203	0.316	0.413	0.498	0.636
SPBC14C8.04	ilv6	viable	V	0.042	0.218	0.446	0.566	0.608	0.624	0.63
SPBC14C8.05c	meu17	viable	V	-0.052	-0.149	-0.31	-0.474	-0.593	-0.679	-0.78
SPBC14C8.06	arc1	inviable	E	0.159	0.451	0.94	1.435	1.797	2.059	2.366
SPBC14C8.07c	cdc18	inviable	E	0.293	2.022	3.711	4.271	4.4	4.432	4.44
SPBC14C8.09c	dbl3	viable	V	0.017	0.118	0.216	0.249	0.256	0.258	0.259
SPBC14C8.10	mrpl24	inviable	E	0.0	0.0	0.503	2.904	4.21	4.603	4.706
SPBC14C8.11c	SPBC14C8.11c	viable	V	0.013	0.058	0.123	0.163	0.18	0.188	0.191
SPBC14C8.12	rpb8	inviable	E	0.264	1.823	3.345	3.85	3.967	3.995	4.003
SPBC14C8.13	srr1	viable	V	0.18	0.326	0.563	0.861	1.167	1.499	2.394
SPBC14C8.14c	pol5	inviable	E	0.116	1.397	3.266	4.051	4.259	4.316	4.332
SPBC14C8.15	SPBC14C8.15	viable	V	0.02	0.139	0.254	0.293	0.302	0.304	0.304
SPBC14C8.16c	bot1	condition-dependent	V	0.0	0.038	0.593	1.836	2.818	3.387	3.763
SPBC14C8.17c	spt8	viable	V	0.019	0.132	0.53	1.213	1.912	2.54	3.46
SPBC14C8.19	tam10	viable	Not_determined	0.012	0.058	0.119	0.155	0.168	0.173	0.176
SPBC14F5.01	SPBC14F5.01	unknown	Not_determined	-0.062	-0.108	-0.181	-0.272	-0.365	-0.466	-0.74
SPBC14F5.02	trs65	inviable	E	0.006	0.222	1.28	2.471	3.104	3.394	3.548
SPBC14F5.03c	kap123	viable	V	0.25	0.568	1.1	1.714	2.256	2.738	3.575
SPBC14F5.04c	pgk1	inviable	E	0.171	1.988	4.299	5.14	5.339	5.387	5.4
SPBC14F5.05c	sam1	inviable	E	0.236	1.255	2.556	3.224	3.457	3.54	3.574
SPBC14F5.06	rli1	inviable	E	0.263	1.812	3.327	3.829	3.945	3.973	3.98
SPBC14F5.07	doa10	viable	V	0.01	0.07	0.129	0.148	0.153	0.154	0.154
SPBC14F5.08	med7	inviable	E	0.006	0.185	1.177	2.603	3.564	4.103	4.474
SPBC14F5.09c	ade8	viable	V	0.038	0.187	0.536	0.949	1.263	1.485	1.724
SPBC14F5.10c	SPBC14F5.10c	viable	V	0.038	0.261	0.478	0.55	0.567	0.571	0.572
SPBC14F5.11c	snx41	viable	V	0.018	0.114	0.321	0.511	0.618	0.676	0.716
SPBC14F5.12c	cbh2	viable	V	0.042	0.29	0.531	0.612	0.63	0.635	0.636
SPBC14F5.13c	pho8	viable	V	-0.015	-0.18	-0.395	-0.473	-0.492	-0.496	-0.498
SPBC1539.01c	mrpl15	inviable	E	0.009	0.46	2.204	3.54	4.038	4.208	4.271
SPBC1539.02	SPBC1539.02	viable	V	0.079	0.139	0.234	0.351	0.471	0.6	0.954
SPBC1539.03c	arg41	viable	V	-0.0	-0.0	-0.0	-0.0	-0.089	-0.617	-0.999
SPBC1539.04	tts1	viable	V	0.008	0.058	0.106	0.122	0.125	0.126	0.126
SPBC1539.05	cog3	inviable	E	0.229	1.153	2.649	3.711	4.208	4.438	4.572
SPBC1539.06	acb1	viable	V	0.105	0.471	1.325	2.371	3.207	3.832	4.562
SPBC1539.07c	fmd1	viable	V	0.061	0.421	0.772	0.889	0.916	0.923	0.924
SPBC1539.08	arf6	viable	V	0.004	0.062	0.282	0.564	0.756	0.868	0.955
SPBC1539.09c	trp1	inviable	E	0.279	1.927	3.537	4.072	4.195	4.225	4.233
SPBC1539.10	nop16	viable	V	0.063	0.294	0.835	1.488	2.0	2.374	2.796
SPBC15C4.01c	oca3	viable	V	0.0	0.0	0.013	0.109	0.287	0.47	0.685
SPBC15C4.02	cqd2	viable	V	0.025	0.08	0.198	0.361	0.522	0.674	0.949
SPBC15C4.03	mrs6	inviable	E	0.263	1.788	3.577	4.319	4.527	4.587	4.606
SPBC15C4.04c	SPBC15C4.04c	viable	V	0.058	0.102	0.174	0.263	0.355	0.455	0.727
SPBC15C4.05	dhx29	viable	V	0.061	0.494	1.057	1.302	1.372	1.392	1.399
SPBC15C4.06c	rnf181	viable	V	0.055	0.716	1.6	1.928	2.005	2.024	2.029
SPBC15D4.01c	klp9	viable	V	-0.011	-0.005	-0.002	-0.0	-0.0	-0.0	-0.0
SPBC15D4.02	gsf1	viable	V	0.09	0.621	1.14	1.312	1.351	1.361	1.364
SPBC15D4.03	slm9	condition-dependent	V	0.081	0.24	0.563	0.977	1.358	1.7	2.267
SPBC15D4.04	alg7	inviable	E	0.255	2.045	3.934	4.577	4.726	4.763	4.772
SPBC15D4.05	zng1	viable	V	0.019	0.117	0.226	0.27	0.282	0.286	0.287
SPBC15D4.06	naa30	viable	V	-0.001	-0.0	-0.0	-0.0	-0.0	-0.0	-0.0
SPBC15D4.07c	atg9	viable	V	0.006	0.0	0.0	0.0	0.0	0.0	0.0
SPBC15D4.08c	SPBC15D4.08c	unknown	Not_determined	0.014	0.07	0.146	0.19	0.208	0.215	0.218
SPBC15D4.09c	met3	viable	V	0.075	0.596	1.144	1.33	1.373	1.384	1.387
SPBC15D4.10c	amo1	viable	V	0.165	1.356	3.024	3.812	4.054	4.129	4.155
SPBC15D4.11c	mam3302	inviable	E	0.113	0.734	1.991	3.035	3.577	3.846	4.016
SPBC15D4.13c	SPBC15D4.13c	viable	V	0.005	0.0	0.0	0.0	0.0	0.0	0.0
SPBC15D4.14	taf51	inviable	E	0.007	0.285	1.414	2.398	2.814	2.973	3.04
SPBC15D4.15	pho2	viable	V	0.0	0.0	0.051	0.304	0.534	0.653	0.711
SPBC1604.01	egt1	viable	V	0.006	0.0	0.0	0.0	0.0	0.0	0.0
SPBC1604.02c	ppr1	viable	V	0.095	0.25	0.511	0.789	1.007	1.177	1.405
SPBC1604.03c	SPBC1604.03c	viable	V	0.054	0.373	0.685	0.789	0.813	0.819	0.82
SPBC1604.04	SPBC1604.04	viable	V	-0.0	-0.0	-0.0	-0.0	-0.0	-0.0	-0.0
SPBC1604.05	pgi1	inviable	E	0.239	1.75	3.425	4.054	4.214	4.256	4.268
SPBC1604.06c	noc4	inviable	E	0.298	1.875	3.591	4.266	4.448	4.499	4.515
SPBC1604.07	atp4	viable	V	0.082	0.378	0.863	1.231	1.416	1.509	1.568
SPBC1604.08c	imp1	condition-dependent	V	0.125	0.541	1.433	2.428	3.158	3.666	4.201
SPBC1604.09c	rex4	viable	V	0.0	0.001	0.201	0.801	1.074	1.152	1.172
SPBC1604.10	srb7	inviable	E	0.009	0.192	1.056	2.272	3.121	3.623	4.0
SPBC1604.12	SPBC1604.12	viable	V	-0.035	-0.244	-0.448	-0.515	-0.531	-0.535	-0.535
SPBC1604.13c	mrpl32	inviable	E	0.016	0.169	0.852	2.084	3.288	4.283	5.504
SPBC1604.14c	shk1	inviable	E	0.008	0.616	2.39	3.272	3.498	3.554	3.568
SPBC1604.15	gpi16	inviable	E	0.086	1.582	3.946	4.877	5.101	5.156	5.17
SPBC1604.16c	SPBC1604.16c	viable	V	0.025	0.1	0.215	0.301	0.345	0.367	0.382
SPBC1604.17c	tti2	inviable	E	0.004	0.612	3.003	4.34	4.693	4.782	4.804
SPBC1604.18c	cmp7	viable	V	0.061	0.137	0.264	0.411	0.542	0.659	0.865
SPBC1604.19c	trs8501	viable	V	0.074	0.236	0.503	0.749	0.908	1.01	1.107
SPBC1604.20c	tea2	viable	V	0.036	0.144	0.368	0.614	0.796	0.924	1.062
SPBC1604.21c	uba1	inviable	E	0.23	1.444	2.931	3.604	3.809	3.874	3.896
SPBC1604.25	pet117	viable	Not_determined	0.009	0.062	0.226	0.463	0.667	0.825	1.01
SPBC1652.01	stb3	viable	V	-0.014	-0.006	-0.002	-0.0	-0.0	-0.0	-0.0
SPBC1652.02	SPBC1652.02	viable	V	0.214	1.478	2.712	3.122	3.216	3.239	3.245
SPBC1677.02	dpm3	inviable	E	0.129	1.515	3.286	3.931	4.083	4.121	4.13
SPBC1677.03c	tda1	inviable	E	0.145	1.453	3.482	4.474	4.78	4.875	4.907
SPBC1683.01	pho841	viable	V	0.046	0.095	0.184	0.306	0.438	0.587	0.998
SPBC1683.02	dea3	viable	V	0.047	0.133	0.278	0.425	0.532	0.609	0.699
SPBC1683.03c	amf1	viable	V	0.019	0.009	0.003	0.001	0.0	0.0	0.0
SPBC1683.04	ghf3	viable	V	0.035	0.24	0.441	0.508	0.523	0.527	0.528
SPBC1683.05	thi7	viable	V	0.031	0.055	0.093	0.139	0.187	0.238	0.378
SPBC1683.06c	urh1	viable	V	0.054	0.375	0.688	0.792	0.816	0.821	0.823
SPBC1683.07	mal1	viable	V	-0.058	-0.029	-0.01	-0.002	-0.0	-0.0	-0.0
SPBC1683.08	ght4	viable	V	-0.011	-0.211	-0.536	-0.666	-0.697	-0.705	-0.707
SPBC1683.09c	frp1	viable	V	0.014	0.128	0.258	0.303	0.314	0.316	0.317
SPBC1683.10c	pcl1	viable	V	-0.006	-0.04	-0.073	-0.084	-0.086	-0.087	-0.087
SPBC1683.11c	icl1	viable	V	-0.018	-0.009	-0.003	-0.001	-0.0	-0.0	-0.0
SPBC1683.12	SPBC1683.12	viable	V	0.019	0.068	0.146	0.209	0.245	0.265	0.281
SPBC1683.13c	cha4	viable	V	0.0	0.013	0.16	0.285	0.322	0.332	0.334
SPBC1685.01	pmp1	viable	V	0.062	0.109	0.184	0.276	0.371	0.473	0.751
SPBC1685.02c	rps1202	viable	V	0.025	0.136	0.413	0.754	1.018	1.207	1.41
SPBC1685.03	sec11	inviable	E	0.271	1.872	3.435	3.954	4.074	4.103	4.11
SPBC1685.04	SPBC1685.04	viable	V	-0.036	-0.25	-0.459	-0.528	-0.544	-0.548	-0.549
SPBC1685.05	htr11	viable	V	0.076	0.142	0.251	0.391	0.537	0.698	1.137
SPBC1685.06	cid11	viable	V	0.013	0.09	0.166	0.191	0.197	0.198	0.199
SPBC1685.07c	avt5	viable	V	0.027	0.187	0.343	0.395	0.407	0.41	0.411
SPBC1685.08	cti6	viable	V	0.063	0.187	0.394	0.596	0.738	0.837	0.944
SPBC1685.09	rps29	viable	V	0.215	1.487	2.729	3.141	3.236	3.259	3.265
SPBC1685.11	rlp1	viable	V	0.005	0.0	0.0	0.0	0.0	0.0	0.0
SPBC1685.14c	vid27	viable	V	0.051	0.349	0.64	0.736	0.759	0.764	0.766
SPBC1685.15c	klp6	viable	V	0.043	0.086	0.157	0.243	0.324	0.405	0.579
SPBC1685.16	vma9	inviable	E	0.183	0.903	2.179	3.204	3.743	4.018	4.203
SPBC1685.17	SPBC1685.17	unknown	Not_determined	-0.012	-0.005	-0.002	-0.0	-0.0	-0.0	-0.0
SPBC16A3.01	spn3	viable	V	0.0	0.0	0.049	0.442	0.706	0.79	0.812
SPBC16A3.02c	SPBC16A3.02c	viable	V	0.071	0.487	0.894	1.029	1.06	1.067	1.069
SPBC16A3.03c	ppr7	viable	V	0.105	0.268	0.543	0.841	1.081	1.274	1.547
SPBC16A3.05c	rae1	condition-dependent	E	0.201	2.056	4.274	5.063	5.248	5.294	5.305
SPBC16A3.06	tad1	viable	V	0.071	0.435	0.845	1.015	1.063	1.077	1.082
SPBC16A3.07c	nrm1	viable	V	0.01	0.096	0.4	0.829	1.169	1.405	1.635
SPBC16A3.08c	oga1	viable	V	0.026	0.128	0.341	0.553	0.687	0.769	0.838
SPBC16A3.09c	ufd1	inviable	E	0.066	0.857	2.423	3.341	3.66	3.769	3.81
SPBC16A3.10	ale1	viable	V	0.05	0.142	0.296	0.451	0.565	0.646	0.741
SPBC16A3.11	eso1	inviable	E	0.142	0.74	1.772	2.554	2.941	3.128	3.243
SPBC16A3.12c	SPBC16A3.12c	viable	V	0.001	0.094	0.403	0.564	0.606	0.616	0.619
SPBC16A3.13	meu7	viable	V	-0.044	-0.307	-0.563	-0.648	-0.667	-0.672	-0.673
SPBC16A3.15c	nda2	inviable	E	0.191	1.316	2.415	2.779	2.863	2.884	2.889
SPBC16A3.16	coa5	viable	V	0.037	0.087	0.171	0.266	0.347	0.417	0.529
SPBC16A3.17c	SPBC16A3.17c	viable	V	0.002	0.082	0.255	0.331	0.35	0.355	0.356
SPBC16A3.18	cip1	viable	V	0.006	0.047	0.187	0.419	0.643	0.833	1.088
SPBC16A3.19	eaf7	viable	V	0.002	0.021	0.115	0.303	0.502	0.676	0.906
SPBC16C6.01c	SPBC16C6.01c	viable	V	0.025	0.157	0.302	0.359	0.375	0.379	0.381
SPBC16C6.02c	vps1302	viable	V	0.071	0.141	0.261	0.413	0.568	0.731	1.134
SPBC16C6.03c	rsa1	viable	V	0.129	0.326	0.658	1.021	1.315	1.553	1.896
SPBC16C6.04	dbl6	viable	V	0.07	0.484	0.888	1.022	1.053	1.061	1.063
SPBC16C6.05	tma22	viable	V	0.049	0.215	0.602	1.083	1.473	1.771	2.128
SPBC16C6.06	vps10	viable	V	0.086	0.269	0.57	0.854	1.044	1.169	1.295
SPBC16C6.07c	rpt1	inviable	E	0.19	1.311	2.406	2.77	2.853	2.874	2.879
SPBC16C6.08c	qcr6	viable	V	0.056	0.121	0.245	0.42	0.613	0.831	1.44
SPBC16C6.09	ogm4	viable	V	0.0	0.003	0.485	2.316	3.635	4.211	4.453
SPBC16C6.10	chp2	viable	V	-0.033	-0.076	-0.147	-0.23	-0.302	-0.366	-0.477
SPBC16C6.12c	las1	inviable	E	0.134	1.097	2.654	3.528	3.839	3.949	3.993
SPBC16C6.13c	sec27	inviable	E	0.27	1.867	3.426	3.943	4.063	4.092	4.099
SPBC16C6.14	spo2	viable	Not_determined	0.009	0.063	0.117	0.134	0.138	0.139	0.139
SPBC16D10.01c	acl4	viable	V	0.208	0.611	1.283	1.948	2.419	2.75	3.118
SPBC16D10.02	trm11	viable	V	0.142	0.344	0.686	1.073	1.402	1.681	2.119
SPBC16D10.03	kae1	viable	V	0.199	1.291	2.994	4.013	4.407	4.559	4.627
SPBC16D10.04c	dna2	inviable	E	0.065	1.062	2.961	3.929	4.221	4.308	4.336
SPBC16D10.05	mok13	viable	V	-0.009	-0.004	-0.001	-0.0	-0.0	-0.0	-0.0
SPBC16D10.06	zrt1	viable	V	0.107	0.351	0.851	1.464	1.991	2.426	3.048
SPBC16D10.07c	sir2	viable	V	-0.036	-0.018	-0.006	-0.001	-0.0	-0.0	-0.0
SPBC16D10.08c	hsp104	viable	V	-0.029	-0.014	-0.005	-0.001	-0.0	-0.0	-0.0
SPBC16D10.09	pcn1	inviable	E	0.201	1.385	2.542	2.926	3.014	3.036	3.041
SPBC16D10.10	tad2	inviable	E	0.011	0.272	1.251	2.195	2.655	2.857	2.959
SPBC16D10.11c	rps1801	viable	V	0.144	0.508	1.136	1.725	2.106	2.347	2.572
SPBC16E9.01c	php4	viable	V	0.024	0.167	0.307	0.353	0.364	0.367	0.367
SPBC16E9.02c	SPBC16E9.02c	viable	V	0.038	0.015	0.003	0.0	0.0	0.0	0.0
SPBC16E9.03c	coa1	viable	V	0.0	0.001	0.062	0.332	0.629	0.829	0.971
SPBC16E9.06c	uvi31	viable	V	0.027	0.012	0.004	0.001	0.0	0.0	0.0
SPBC16E9.07	mug100	viable	V	0.017	0.121	0.221	0.255	0.263	0.265	0.265
SPBC16E9.08	mcp4	viable	V	-0.043	-0.021	-0.007	-0.002	-0.0	-0.0	-0.0
SPBC16E9.09c	erp5	viable	V	0.244	0.892	1.917	2.753	3.223	3.484	3.686
SPBC16E9.10c	rix7	inviable	E	0.264	1.82	3.34	3.845	3.961	3.99	3.997
SPBC16E9.11c	pub3	viable	V	0.021	0.01	0.003	0.001	0.0	0.0	0.0
SPBC16E9.12c	pab2	viable	V	0.156	0.416	0.855	1.317	1.674	1.948	2.305
SPBC16E9.13	ksp1	viable	V	-0.001	-0.0	-0.0	-0.0	-0.0	-0.0	-0.0
SPBC16E9.14c	zrg17	viable	V	0.051	0.022	0.005	0.001	0.0	0.0	0.0
SPBC16E9.15	SPBC16E9.15	viable	V	0.145	0.072	0.024	0.005	0.001	0.0	0.0
SPBC16E9.16c	lsd90	viable	V	-0.053	-0.367	-0.673	-0.775	-0.799	-0.804	-0.806
SPBC16E9.17c	rem1	viable	V	0.005	0.281	0.993	1.33	1.415	1.436	1.441
SPBC16E9.18	psd1	viable	V	0.0	0.005	0.154	0.648	1.128	1.439	1.661
SPBC16E9.19	pac3	viable	V	0.005	0.009	0.016	0.023	0.031	0.04	0.063
SPBC16G5.02c	rbk1	viable	V	0.001	0.0	0.0	0.0	0.0	0.0	0.0
SPBC16G5.03	mrz1	viable	V	0.0	0.0	0.189	0.782	1.057	1.136	1.157
SPBC16G5.04	mrpl23	inviable	E	0.0	0.015	1.526	4.48	5.63	5.947	6.029
SPBC16G5.05c	scs2	viable	V	0.034	0.106	0.225	0.337	0.413	0.464	0.515
SPBC16G5.07c	SPBC16G5.07c	viable	V	0.066	0.456	0.836	0.963	0.992	0.999	1.001
SPBC16G5.08	trp4	inviable	E	0.304	2.099	3.853	4.435	4.569	4.602	4.61
SPBC16G5.09	kex1	viable	V	0.021	0.156	0.291	0.337	0.347	0.35	0.35
SPBC16G5.10	rrp42	inviable	E	0.172	1.601	3.231	3.802	3.935	3.968	3.976
SPBC16G5.11c	bag101	viable	V	0.009	0.0	0.0	0.0	0.0	0.0	0.0
SPBC16G5.12c	top3	inviable	E	0.004	0.264	1.608	2.933	3.524	3.756	3.856
SPBC16G5.13	ptf2	viable	V	0.04	0.11	0.229	0.351	0.443	0.511	0.595
SPBC16G5.14c	rps3	inviable	E	0.153	1.056	1.938	2.23	2.298	2.314	2.319
SPBC16G5.15c	fkh2	viable	V	0.009	0.245	1.25	2.366	2.977	3.27	3.437
SPBC16G5.16	ntu1	viable	V	0.016	0.111	0.203	0.233	0.241	0.242	0.243
SPBC16G5.17	SPBC16G5.17	viable	V	-0.052	-0.232	-0.492	-0.663	-0.74	-0.774	-0.794
SPBC16G5.18	erg24	inviable	E	0.106	0.575	1.639	2.768	3.525	4.001	4.424
SPBC16G5.19	SPBC16G5.19	viable	Not_determined	0.112	0.773	1.418	1.632	1.682	1.694	1.697
SPBC16H5.02	pfk1	condition-dependent	E	0.299	2.062	3.784	4.356	4.488	4.52	4.528
SPBC16H5.03c	uba2	viable	V	0.006	0.133	0.828	1.992	2.937	3.568	4.12
SPBC16H5.04	snd301	viable	V	-0.002	-0.0	-0.0	-0.0	-0.0	-0.0	-0.0
SPBC16H5.05c	cyp7	viable	V	-0.07	-0.035	-0.012	-0.003	-0.0	-0.0	-0.0
SPBC16H5.06	rip1	viable	V	0.188	0.433	0.842	1.313	1.726	2.091	2.713
SPBC16H5.07c	ppa2	viable	V	0.021	0.079	0.226	0.453	0.693	0.932	1.386
SPBC16H5.08c	SPBC16H5.08c	viable	V	0.158	0.529	1.211	1.928	2.452	2.825	3.241
SPBC16H5.09c	omh2	viable	V	0.0	0.0	0.037	0.199	0.286	0.311	0.318
SPBC16H5.10c	prp43	inviable	E	0.168	1.3	2.947	3.78	4.053	4.143	4.176
SPBC16H5.11c	skb1	viable	V	0.081	0.209	0.425	0.657	0.842	0.988	1.188
SPBC16H5.12c	SPBC16H5.12c	viable	V	0.006	0.062	0.181	0.265	0.299	0.313	0.32
SPBC16H5.13	wdr7	viable	V	0.044	0.412	0.834	0.982	1.017	1.025	1.027
SPBC16H5.14c	SPBC16H5.14c	unknown	Not_determined	0.0	0.0	0.0	0.038	1.039	2.299	2.799
SPBC16H5.15	gem8	inviable	E	0.016	0.565	2.312	3.533	3.972	4.121	4.175
SPBC1703.01c	pop4	inviable	E	0.154	1.638	3.446	4.094	4.246	4.284	4.293
SPBC1703.02	rsc9	inviable	E	0.001	0.142	1.307	2.909	3.793	4.19	4.389
SPBC1703.03c	syo2	viable	V	0.076	0.282	0.713	1.214	1.612	1.912	2.277
SPBC1703.04	mlh1	viable	V	0.044	0.302	0.555	0.639	0.658	0.663	0.664
SPBC1703.05	rio2	inviable	E	0.167	1.202	2.281	2.66	2.752	2.775	2.782
SPBC1703.06	pof10	viable	V	0.054	0.217	0.465	0.648	0.74	0.786	0.817
SPBC1703.07	acl1	viable	V	0.09	0.287	0.611	0.91	1.104	1.229	1.35
SPBC1703.08c	fau1	viable	V	0.012	0.063	0.127	0.16	0.171	0.175	0.177
SPBC1703.09	SPBC1703.09	viable	V	-0.0	-0.0	-0.0	-0.0	-0.0	-0.0	-0.0
SPBC1703.10	ypt1	inviable	E	0.255	1.761	3.232	3.72	3.833	3.86	3.867
SPBC1703.11	opa3	viable	V	0.007	0.045	0.083	0.096	0.099	0.099	0.1
SPBC1703.12	ubp9	viable	V	0.0	0.003	0.096	0.223	0.266	0.278	0.281
SPBC1703.14c	top1	viable	V	0.021	0.109	0.329	0.606	0.826	0.988	1.17
SPBC1703.15c	vps33	condition-dependent	V	0.0	0.083	1.004	2.49	3.378	3.792	4.005
SPBC1706.01	tea4	viable	V	0.0	0.0	0.0	0.103	0.718	1.146	1.287
SPBC1706.03	fzo1	viable	V	0.006	0.055	0.281	0.716	1.179	1.594	2.171
SPBC1709.01	chs2	viable	V	0.031	0.217	0.399	0.459	0.473	0.476	0.477
SPBC1709.02c	vrs1	inviable	E	0.265	1.826	3.352	3.859	3.975	4.004	4.011
SPBC1709.03	vps3844	viable	V	0.012	0.161	0.746	1.533	2.096	2.445	2.729
SPBC1709.04c	cyp3	viable	V	0.042	0.134	0.286	0.426	0.516	0.574	0.63
SPBC1709.05	sks2	viable	V	0.17	0.913	1.996	2.649	2.911	3.016	3.066
SPBC1709.06	dus2	viable	V	0.029	0.058	0.104	0.161	0.215	0.27	0.39
SPBC1709.07	erg27	inviable	E	0.023	0.957	3.083	4.043	4.282	4.342	4.357
SPBC1709.08	cft1	inviable	E	0.085	1.199	3.224	4.259	4.576	4.674	4.706
SPBC1709.09	rrf1	viable	V	0.0	0.0	0.003	0.183	0.626	0.943	1.108
SPBC1709.10c	atx1	viable	V	0.0	0.0	0.067	0.232	0.302	0.321	0.326
SPBC1709.11c	png2	viable	V	0.016	0.168	0.355	0.421	0.437	0.441	0.442
SPBC1709.12	rid1	viable	V	-0.041	-0.152	-0.326	-0.468	-0.547	-0.591	-0.624
SPBC1709.13c	set10	viable	V	0.011	0.078	0.142	0.164	0.169	0.17	0.17
SPBC1709.14	ngl1	viable	V	0.007	0.198	0.573	0.733	0.772	0.782	0.785
SPBC1709.15c	cft2	inviable	E	0.057	1.203	3.141	3.922	4.111	4.158	4.17
SPBC1709.16c	SPBC1709.16c	viable	V	0.032	0.221	0.406	0.467	0.481	0.484	0.485
SPBC1709.17	met7	inviable	E	0.113	1.233	3.033	3.917	4.188	4.271	4.299
SPBC1709.18	tif452	viable	V	0.049	0.338	0.62	0.714	0.735	0.741	0.742
SPBC1709.19c	nfu1	unknown	Not_determined	-0.004	-0.002	-0.001	-0.0	-0.0	-0.0	-0.0
SPBC1709.20	pop8	inviable	E	0.075	1.138	2.675	3.261	3.401	3.435	3.444
SPBC1711.03	emc3	viable	V	0.0	0.004	0.028	0.111	0.267	0.51	1.336
SPBC1711.04	mtd1	viable	V	-0.075	-0.038	-0.013	-0.003	-0.0	-0.0	-0.0
SPBC1711.05	srp40	viable	V	0.014	0.102	0.406	0.889	1.344	1.721	2.205
SPBC1711.07	rrb1	inviable	E	0.153	1.529	3.154	3.73	3.865	3.898	3.906
SPBC1711.08	aha1	viable	V	0.071	0.773	1.638	1.95	2.023	2.041	2.045
SPBC1711.09c	SPBC1711.09c	viable	V	0.052	0.355	0.652	0.751	0.774	0.779	0.781
SPBC1711.10c	npl4	inviable	E	0.018	0.318	1.482	2.861	3.705	4.159	4.461
SPBC1711.11	atg2402	viable	V	0.117	0.804	1.476	1.699	1.75	1.763	1.766
SPBC1711.12	ppp16	viable	V	-0.0	-0.0	-0.003	-0.146	-0.489	-0.76	-0.925
SPBC1711.13	his2	viable	V	0.045	0.307	0.564	0.649	0.669	0.674	0.675
SPBC1711.14	rec15	viable	V	0.035	0.062	0.104	0.156	0.209	0.266	0.423
SPBC1711.15c	SPBC1711.15c	viable	V	0.026	0.013	0.004	0.001	0.0	0.0	0.0
SPBC1711.16	pwp1	inviable	E	0.271	1.869	3.429	3.947	4.067	4.096	4.103
SPBC1711.17	prp16	inviable	E	0.274	1.051	2.331	3.4	4.01	4.352	4.618
SPBC1718.01	pop1	viable	V	0.077	0.262	0.567	0.841	1.012	1.117	1.211
SPBC1718.02	hop1	viable	V	0.008	0.0	0.0	0.0	0.0	0.0	0.0
SPBC1718.03	ker1	viable	V	0.101	0.527	1.493	2.533	3.245	3.701	4.12
SPBC1718.04	sct1	inviable	E	0.194	1.505	3.295	4.137	4.395	4.476	4.504
SPBC1718.05	trs31	inviable	E	0.017	0.759	2.669	3.639	3.903	3.974	3.993
SPBC1718.06	msp1	condition-dependent	V	0.024	0.112	0.356	0.732	1.11	1.459	2.025
SPBC1718.07c	zfs1	viable	V	-0.262	-0.25	-0.201	-0.072	-0.001	-0.0	-0.0
SPBC1734.01c	esf1	inviable	E	0.227	1.804	3.462	4.026	4.157	4.189	4.197
SPBC1734.02c	cdc27	inviable	E	0.213	1.186	2.666	3.591	3.971	4.127	4.204
SPBC1734.03	fol1	inviable	E	0.082	1.25	3.151	3.982	4.204	4.264	4.281
SPBC1734.04	anp1	viable	V	0.189	1.305	2.394	2.756	2.839	2.86	2.865
SPBC1734.05c	spf31	viable	V	0.07	0.185	0.379	0.584	0.744	0.868	1.031
SPBC1734.06	rhp18	viable	V	0.0	0.072	0.359	0.521	0.564	0.575	0.577
SPBC1734.07c	trs8502	viable	V	0.02	0.23	0.495	0.59	0.613	0.619	0.62
SPBC1734.08	hse1	viable	V	0.042	0.158	0.339	0.484	0.565	0.608	0.641
SPBC1734.09	yea4	viable	V	0.035	0.245	0.449	0.517	0.532	0.536	0.537
SPBC1734.10c	ipa1	inviable	E	0.031	1.033	3.096	3.992	4.213	4.268	4.282
SPBC1734.11	mas5	condition-dependent	V	0.252	1.282	2.643	3.388	3.664	3.769	3.815
SPBC1734.12c	alg12	viable	V	0.0	0.0	0.047	0.389	0.954	1.471	1.981
SPBC1734.13	atp3	viable	V	0.005	0.4	1.607	2.217	2.373	2.412	2.422
SPBC1734.14c	suc1	inviable	E	0.042	0.984	2.902	3.828	4.084	4.155	4.176
SPBC1734.15	rsc4	viable	V	0.075	0.163	0.31	0.483	0.64	0.785	1.057
SPBC1734.16c	pst3	inviable	E	0.033	0.446	1.76	3.122	3.894	4.288	4.538
SPBC1773.01	csc3	viable	V	-0.01	-0.005	-0.001	-0.0	-0.0	-0.0	-0.0
SPBC1773.02c	bcp1	viable	V	-0.019	-0.246	-0.552	-0.665	-0.692	-0.699	-0.7
SPBC1773.03c	SPBC1773.03c	viable	V	0.008	0.055	0.101	0.117	0.12	0.121	0.121
SPBC1773.04	SPBC1773.04	viable	V	0.056	0.385	0.707	0.814	0.838	0.844	0.846
SPBC1773.05c	tms1	viable	V	0.012	0.034	0.071	0.108	0.136	0.156	0.18
SPBC1773.06c	adh8	viable	V	-0.012	-0.0	-0.0	-0.0	-0.0	-0.0	-0.0
SPBC1773.07c	sbp1	inviable	E	0.252	2.036	3.928	4.574	4.724	4.761	4.77
SPBC1773.08c	omh4	viable	V	-0.007	-0.004	-0.001	-0.0	-0.0	-0.0	-0.0
SPBC1773.09c	mug184	viable	V	-0.029	-0.181	-0.35	-0.418	-0.437	-0.443	-0.444
SPBC1773.10c	nrs1	inviable	E	0.259	1.788	3.282	3.777	3.892	3.919	3.926
SPBC1773.11c	mug89	inviable	E	0.278	1.916	3.517	4.048	4.17	4.2	4.208
SPBC1773.12	SPBC1773.12	viable	V	0.076	0.19	0.402	0.672	0.93	1.174	1.638
SPBC1773.13	SPBC1773.13	viable	V	0.005	0.139	0.407	0.522	0.55	0.558	0.559
SPBC1773.14	arg7	viable	V	0.038	0.085	0.165	0.258	0.339	0.412	0.538
SPBC1773.15	dal52	viable	V	-0.028	-0.195	-0.358	-0.412	-0.424	-0.427	-0.428
SPBC1773.16c	SPBC1773.16c	viable	V	0.0	0.009	0.087	0.147	0.164	0.169	0.17
SPBC1773.17c	gor2	viable	V	0.116	0.803	1.474	1.696	1.748	1.76	1.763
SPBC1778.01c	zuo1	viable	V	0.098	0.77	1.87	2.511	2.747	2.834	2.87
SPBC1778.02	rap1	viable	V	0.072	0.5	0.921	1.061	1.093	1.101	1.103
SPBC1778.03c	SPBC1778.03c	viable	V	0.042	0.292	0.536	0.617	0.635	0.64	0.641
SPBC1778.04	spo6	viable	V	0.069	0.127	0.221	0.341	0.466	0.602	0.974
SPBC1778.05c	lam2	viable	V	0.16	1.69	3.809	4.695	4.932	4.998	5.017
SPBC1778.06c	fim1	condition-dependent	V	0.046	0.1	0.197	0.323	0.45	0.581	0.881
SPBC1778.07	SPBC1778.07	viable	V	0.011	0.171	0.411	0.503	0.525	0.531	0.532
SPBC1778.08c	arc3	inviable	E	0.134	1.589	3.453	4.133	4.293	4.333	4.343
SPBC1778.09	SPBC1778.09	viable	V	0.097	0.3	0.636	0.955	1.171	1.315	1.463
SPBC1778.10c	pdk1	viable	V	0.001	0.015	0.133	0.434	0.784	1.097	1.491
SPBC17A3.01c	tim50	inviable	E	0.053	1.295	3.536	4.462	4.687	4.743	4.757
SPBC17A3.02	aim19	viable	V	-0.023	-0.012	-0.004	-0.001	-0.0	-0.0	-0.0
SPBC17A3.03c	siw14	viable	V	0.011	0.228	0.592	0.739	0.774	0.783	0.785
SPBC17A3.04c	rar1	inviable	E	0.308	2.122	3.895	4.483	4.619	4.652	4.66
SPBC17A3.05c	SPBC17A3.05c	viable	V	0.085	0.651	2.011	3.309	4.053	4.45	4.725
SPBC17A3.06	SPBC17A3.06	viable	V	0.139	0.419	0.938	1.519	1.983	2.346	2.823
SPBC17A3.07	pgr1	condition-dependent	E	0.011	0.593	2.566	3.833	4.239	4.362	4.401
SPBC17A3.08	SPBC17A3.08	viable	V	0.012	0.03	0.06	0.093	0.12	0.141	0.171
SPBC17A3.09c	aim22	viable	V	0.0	0.0	0.041	0.71	2.024	3.132	3.976
SPBC17A3.10	pas4	viable	V	0.033	0.227	0.417	0.479	0.494	0.497	0.498
SPBC17D1.01	spp41	inviable	E	0.265	0.96	2.071	2.992	3.521	3.82	4.056
SPBC17D1.02	dph2	viable	V	0.146	0.39	0.8	1.233	1.569	1.826	2.162
SPBC17D1.03c	rrp43	inviable	E	0.18	1.141	2.602	3.46	3.787	3.913	3.969
SPBC17D1.05	rhs1	viable	V	0.043	0.138	0.295	0.439	0.531	0.589	0.644
SPBC17D1.06	dbp3	viable	V	0.027	0.092	0.234	0.421	0.591	0.739	0.965
SPBC17D1.07c	npg1	viable	V	0.027	0.118	0.252	0.342	0.383	0.402	0.413
SPBC17D11.01	nep1	viable	V	0.067	0.462	0.849	0.977	1.007	1.014	1.016
SPBC17D11.02c	hrd1	viable	V	-0.024	-0.012	-0.004	-0.001	-0.0	-0.0	-0.0
SPBC17D11.03c	pxp2	viable	V	0.026	0.142	0.288	0.361	0.386	0.395	0.398
SPBC17D11.04c	nto1	viable	V	0.059	0.244	0.523	0.722	0.819	0.866	0.896
SPBC17D11.05	tif301	inviable	E	0.25	1.725	3.165	3.643	3.754	3.781	3.787
SPBC17D11.06	spp2	inviable	E	0.246	1.743	3.228	3.722	3.837	3.865	3.872
SPBC17D11.07c	rpn2	inviable	E	0.198	1.369	2.513	2.893	2.98	3.001	3.007
SPBC17D11.08	dca7	viable	V	-0.051	-0.27	-0.551	-0.698	-0.75	-0.769	-0.776
SPBC17F3.01c	rga5	viable	V	0.015	0.103	0.189	0.217	0.224	0.226	0.226
SPBC17F3.02	nak1	inviable	E	0.118	1.261	2.995	3.797	4.031	4.101	4.123
SPBC17G9.02c	cdc73	viable	V	0.063	0.387	1.222	2.206	2.916	3.388	3.837
SPBC17G9.03c	krs1	inviable	E	0.235	1.886	3.631	4.226	4.364	4.398	4.406
SPBC17G9.04c	nup85	inviable	E	0.148	1.15	2.878	3.95	4.367	4.528	4.6
SPBC17G9.05	rct1	inviable	V	0.032	0.261	0.941	1.773	2.366	2.747	3.085
SPBC17G9.06c	sib3	viable	Not_determined	0.003	0.0	0.0	0.0	0.0	0.0	0.0
SPBC17G9.08c	cnt5	viable	V	0.077	0.386	0.799	1.028	1.114	1.147	1.161
SPBC17G9.09	tif213	viable	V	0.049	0.686	1.576	1.911	1.991	2.011	2.016
SPBC17G9.10	rpl1102	viable	V	0.194	1.65	3.357	3.999	4.16	4.202	4.214
SPBC17G9.11c	pyr1	inviable	E	0.274	2.007	3.754	4.339	4.475	4.508	4.516
SPBC17G9.12c	SPBC17G9.12c	viable	V	0.001	0.084	0.316	0.428	0.457	0.464	0.466
SPBC17G9.13c	cup1	inviable	E	0.08	0.461	1.221	1.882	2.245	2.436	2.569
SPBC1815.01	eno101	viable	V	0.329	2.268	4.162	4.791	4.936	4.971	4.98
SPBC1826.01c	mot1	inviable	E	0.135	1.461	3.092	3.678	3.816	3.85	3.858
SPBC1861.01c	cnp3	viable	V	0.042	0.302	1.098	2.185	3.064	3.701	4.376
SPBC1861.02	abp2	viable	V	0.0	0.006	0.153	0.326	0.383	0.398	0.402
SPBC1861.03	naa35	viable	V	0.061	0.107	0.18	0.271	0.363	0.464	0.737
SPBC1861.04c	prp24	inviable	E	0.098	1.233	2.937	3.669	3.865	3.919	3.934
SPBC1861.05	SPBC1861.05	condition-dependent	V	0.0	0.007	0.982	3.118	3.984	4.225	4.287
SPBC1861.06c	mug131	viable	V	0.072	0.035	0.011	0.002	0.0	0.0	0.0
SPBC1861.07	elc1	viable	V	0.019	0.132	0.243	0.28	0.288	0.29	0.291
SPBC1861.08c	lea1	inviable	E	0.211	0.966	2.141	2.974	3.37	3.557	3.669
SPBC1861.09	ppk22	viable	V	0.004	0.034	0.097	0.144	0.166	0.175	0.18
SPBC18A7.01	xpa1	viable	V	0.562	0.435	0.13	0.0	0.0	0.0	0.0
SPBC18A7.02c	SPBC18A7.02c	viable	V	0.023	0.011	0.003	0.001	0.0	0.0	0.0
SPBC18E5.02c	lcb1	inviable	E	0.121	1.475	3.236	3.881	4.034	4.072	4.081
SPBC18E5.03c	sim4	inviable	E	0.0	0.024	1.376	3.52	4.295	4.505	4.559
SPBC18E5.05c	elp5	viable	V	0.124	0.699	1.793	2.697	3.175	3.418	3.579
SPBC18E5.07	aim21	viable	V	0.0	0.0	0.02	0.207	0.34	0.383	0.394
SPBC18E5.09c	SPBC18E5.09c	viable	V	0.066	0.463	0.857	0.988	1.018	1.026	1.027
SPBC18E5.10	SPBC18E5.10	viable	V	0.032	0.221	0.405	0.466	0.48	0.483	0.484
SPBC18E5.11c	edc3	viable	V	0.053	0.154	0.324	0.492	0.613	0.698	0.794
SPBC18E5.12c	mas2	inviable	E	0.184	1.714	3.455	4.064	4.207	4.242	4.25
SPBC18E5.13	mti3	viable	V	-0.028	-0.342	-0.748	-0.897	-0.932	-0.941	-0.943
SPBC18E5.14c	SPBC18E5.14c	viable	V	0.111	0.765	1.405	1.617	1.666	1.678	1.68
SPBC18H10.02	lcf1	viable	V	0.053	0.258	0.542	0.71	0.777	0.804	0.817
SPBC18H10.03	tif307	inviable	E	0.266	1.833	3.365	3.873	3.99	4.019	4.026
SPBC18H10.04c	sce3	viable	V	0.0	0.035	0.599	1.154	1.326	1.371	1.382
SPBC18H10.05	SPBC18H10.05	viable	V	-0.0	-0.0	-0.0	-0.0	-0.0	-0.0	-0.0
SPBC18H10.06c	swd2	viable	V	0.111	0.428	0.956	1.403	1.66	1.806	1.92
SPBC18H10.07	wbp4	viable	V	0.137	0.28	0.516	0.799	1.068	1.328	1.871
SPBC18H10.08c	ubp4	viable	V	0.064	0.444	0.815	0.938	0.966	0.973	0.975
SPBC18H10.09	SPBC18H10.09	viable	V	-0.002	-0.0	-0.0	-0.0	-0.0	-0.0	-0.0
SPBC18H10.10c	saf4	viable	V	-0.066	-0.174	-0.356	-0.549	-0.701	-0.818	-0.976
SPBC18H10.11c	ppr2	viable	V	0.002	0.03	0.181	0.444	0.668	0.826	0.973
SPBC18H10.12c	rpl701	inviable	E	0.187	1.704	3.414	4.01	4.149	4.183	4.192
SPBC18H10.13	rps1402	viable	V	0.0	0.043	0.505	0.891	1.005	1.035	1.043
SPBC18H10.14	rps1601	condition-dependent	E	0.289	1.802	3.466	4.129	4.31	4.362	4.377
SPBC18H10.15	cdk11	viable	V	0.017	0.155	0.537	0.941	1.187	1.325	1.426
SPBC18H10.16	vhc1	viable	V	0.033	0.091	0.189	0.291	0.367	0.423	0.493
SPBC18H10.17c	mhr1	inviable	E	0.0	0.003	0.903	3.338	4.404	4.707	4.785
SPBC18H10.18c	SPBC18H10.18c	viable	V	-0.0	-0.044	-0.443	-0.758	-0.849	-0.873	-0.879
SPBC18H10.19	vps38	viable	V	0.02	0.138	0.253	0.291	0.3	0.302	0.303
SPBC18H10.20c	any1	viable	V	0.269	0.929	2.086	3.201	3.946	4.431	4.907
SPBC1921.02	rad60	inviable	E	0.024	0.572	2.278	3.636	4.205	4.426	4.523
SPBC1921.03c	mex67	viable	V	0.181	0.655	1.408	2.027	2.379	2.577	2.732
SPBC1921.04c	SPBC1921.04c	viable	V	0.023	0.058	0.118	0.183	0.236	0.279	0.34
SPBC1921.05	ape2	viable	V	0.014	0.206	0.506	0.634	0.667	0.677	0.679
SPBC1921.06c	pvg3	viable	V	0.0	0.0	0.0	0.0	0.101	0.48	0.707
SPBC1921.07c	sgf29	viable	V	0.027	0.1	0.26	0.459	0.629	0.766	0.952
SPBC19C2.01	cdc28	inviable	E	0.099	1.401	3.227	3.915	4.079	4.119	4.129
SPBC19C2.02	pmt1	viable	V	-0.066	-0.033	-0.011	-0.002	-0.0	-0.0	-0.0
SPBC19C2.03	rpc10	inviable	E	0.21	1.974	3.995	4.703	4.869	4.909	4.92
SPBC19C2.04c	ubp11	viable	V	0.019	0.13	0.239	0.276	0.284	0.286	0.287
SPBC19C2.05	pat1	inviable	E	0.185	0.948	2.04	2.699	2.965	3.073	3.126
SPBC19C2.06c	mug124	viable	V							
SPBC19C2.07	fba1	inviable	E	0.321	2.217	4.068	4.682	4.824	4.859	4.867
SPBC19C2.08	prp38	inviable	E	0.137	1.781	3.988	4.807	5.001	5.049	5.061
SPBC19C2.09	sre1	viable	V	0.06	0.029	0.009	0.002	0.0	0.0	0.0
SPBC19C2.10	SPBC19C2.10	viable	V	0.029	0.202	0.371	0.427	0.44	0.443	0.444
SPBC19C2.11c	mdm34	inviable	E	0.093	0.608	1.666	2.556	3.021	3.253	3.402
SPBC19C2.12	mrpl51	inviable	E	0.001	0.15	1.39	2.751	3.335	3.546	3.626
SPBC19C2.13c	ctu2	viable	V	0.065	0.247	0.635	1.098	1.472	1.76	2.117
SPBC19C2.14	smd3	viable	Not_determined	0.258	1.78	3.267	3.761	3.875	3.903	3.909
SPBC19C2.15c	phs1	inviable	E	0.005	0.611	2.76	3.913	4.214	4.289	4.308
SPBC19C7.01	mni1	viable	V	0.091	0.159	0.267	0.402	0.539	0.687	1.092
SPBC19C7.02	ubr1	viable	V	0.179	0.493	1.021	1.566	1.976	2.281	2.657
SPBC19C7.03	cyr1	viable	V	0.145	0.45	1.046	1.752	2.345	2.829	3.509
SPBC19C7.06	prs1	inviable	E	0.284	1.959	3.595	4.138	4.264	4.294	4.302
SPBC19C7.07c	sen34	inviable	E	0.167	1.482	3.531	4.593	4.943	5.058	5.1
SPBC19C7.08c	ppm2	viable	V	0.051	0.349	0.641	0.738	0.761	0.766	0.767
SPBC19C7.09c	uve1	viable	V	0.014	0.077	0.156	0.197	0.211	0.215	0.217
SPBC19C7.10	bqt4	viable	V	0.0	0.006	0.19	0.418	0.494	0.515	0.52
SPBC19C7.11	SPBC19C7.11	viable	V	0.067	0.242	0.52	0.75	0.882	0.957	1.015
SPBC19C7.12c	omh1	viable	V	-0.0	-0.0	-0.0	-0.0	-0.0	-0.0	-0.0
SPBC19F5.01c	puc1	viable	V	0.045	0.308	0.565	0.65	0.67	0.675	0.676
SPBC19F5.02c	utp4	inviable	E	0.217	1.836	3.592	4.196	4.336	4.371	4.379
SPBC19F5.03	sac11	inviable	E	0.086	1.415	3.415	4.188	4.373	4.419	4.43
SPBC19F5.04	hom3	inviable	E	0.253	1.61	3.07	3.634	3.783	3.825	3.837
SPBC19F5.05c	ppp1	inviable	E	0.214	1.707	3.474	4.164	4.344	4.393	4.407
SPBC19F8.01c	spn7	viable	V	0.008	0.057	0.104	0.12	0.123	0.124	0.125
SPBC19F8.03c	yap18	viable	V	0.014	0.095	0.174	0.201	0.207	0.208	0.209
SPBC19F8.04c	lcl3	viable	V	0.081	0.56	1.028	1.184	1.219	1.228	1.23
SPBC19F8.05	mrps26	inviable	E	0.0	0.004	0.686	2.31	2.989	3.179	3.229
SPBC19F8.06c	meu22	viable	V	0.0	0.0	0.0	0.0	0.0	0.0	0.0
SPBC19F8.07	mcs6	inviable	E	0.0	0.203	1.938	3.357	3.795	3.914	3.947
SPBC19F8.08	rps401	viable	V	0.261	0.727	1.508	2.311	2.909	3.35	3.887
SPBC19G7.01c	msh2	viable	V	0.021	0.08	0.229	0.458	0.698	0.934	1.377
SPBC19G7.02	abz2	viable	V	0.075	0.178	0.35	0.545	0.712	0.855	1.085
SPBC19G7.03c	rps3002	viable	V	0.003	0.266	1.112	1.549	1.661	1.69	1.697
SPBC19G7.04	SPBC19G7.04	viable	V	0.042	0.287	0.527	0.607	0.625	0.63	0.631
SPBC19G7.05c	bgs1	inviable	E	0.074	1.022	2.923	4.029	4.408	4.536	4.584
SPBC19G7.06	mbx1	viable	V	0.127	0.875	1.607	1.849	1.905	1.919	1.922
SPBC19G7.07c	ppr3	viable	V	0.0	0.039	0.663	2.128	3.311	4.002	4.461
SPBC19G7.08c	art1	viable	V	0.023	0.045	0.081	0.128	0.178	0.232	0.383
SPBC19G7.09	ulp1	viable	V	0.018	0.216	1.002	2.153	3.061	3.679	4.254
SPBC19G7.10c	pdc2	viable	V	0.048	0.379	1.182	1.94	2.368	2.592	2.745
SPBC19G7.13	tbf1	inviable	E	0.287	1.145	2.456	3.432	3.928	4.179	4.346
SPBC19G7.14c	cog5	inviable	E	0.02	0.611	2.282	3.359	3.726	3.846	3.888
SPBC19G7.15	nup44	inviable	E	0.245	1.059	2.471	3.655	4.319	4.682	4.951
SPBC19G7.16	iws1	viable	V	0.09	0.397	1.121	2.037	2.797	3.387	4.119
SPBC19G7.17	ssh1	viable	V	0.046	0.193	0.571	1.125	1.663	2.148	2.913
SPBC19G7.18c	SPBC19G7.18c	viable	V	0.018	0.008	0.003	0.001	0.0	0.0	0.0
SPBC19G7.19	tom5	unknown	Not_determined	0.0	0.0	0.05	0.303	0.444	0.486	0.498
SPBC1A4.01	apc10	inviable	E	0.007	0.354	1.813	3.056	3.562	3.749	3.824
SPBC1A4.02c	leu1	viable	V	0.148	1.021	1.873	2.156	2.221	2.237	2.241
SPBC1A4.03c	top2	inviable	E	0.111	1.215	2.995	3.873	4.142	4.225	4.253
SPBC1A4.04	SPBC1A4.04	viable	V	-0.024	-0.163	-0.299	-0.345	-0.355	-0.358	-0.358
SPBC1A4.05	blt1	viable	V	0.011	0.165	0.703	1.288	1.625	1.798	1.908
SPBC1A4.06c	tam41	inviable	E	0.0	0.008	0.456	1.772	2.678	3.088	3.274
SPBC1A4.07c	sof1	inviable	E	0.282	1.946	3.572	4.112	4.236	4.266	4.274
SPBC1A4.08c	cct3	inviable	E	0.274	1.888	3.466	3.989	4.11	4.139	4.147
SPBC1A4.09	pus7	viable	V	0.012	0.144	0.739	1.744	2.646	3.329	4.063
SPBC1A4.10c	med14	inviable	E	0.012	0.181	0.887	1.853	2.538	2.955	3.285
SPBC1A4.11c	SPBC1A4.11c	inviable	E	0.029	0.793	2.986	4.465	4.995	5.175	5.241
SPBC1D7.01	pfd1	viable	V	-0.064	-0.444	-0.815	-0.938	-0.966	-0.973	-0.975
SPBC1D7.02c	scr1	viable	Not_determined	0.111	0.331	0.696	1.054	1.305	1.479	1.668
SPBC1D7.03	clg1	viable	V	0.109	0.754	1.384	1.593	1.641	1.653	1.656
SPBC1D7.04	mlo3	viable	V	0.0	0.003	0.257	1.685	3.518	4.877	5.938
SPBC1D7.05	byr2	viable	V	0.014	0.095	0.175	0.201	0.207	0.209	0.209
SPBC1E8.02	SPBC1E8.02	viable	V	-0.027	-0.184	-0.337	-0.388	-0.4	-0.403	-0.403
SPBC1E8.03c	SPBC1E8.03c	viable	V	0.024	0.011	0.003	0.001	0.0	0.0	0.0
SPBC1E8.04	Tf2-10	unknown	Not_determined	-0.066	-0.455	-0.836	-0.962	-0.991	-0.998	-1.0
SPBC20F10.01	gar1	inviable	E	0.12	1.308	2.77	3.296	3.42	3.45	3.458
SPBC20F10.02c	SPBC20F10.02c	viable	V	-0.021	-0.01	-0.003	-0.001	-0.0	-0.0	-0.0
SPBC20F10.03	SPBC20F10.03	viable	V	-0.019	-0.033	-0.055	-0.083	-0.111	-0.142	-0.225
SPBC20F10.04c	nse4	inviable	E	0.004	0.317	1.9	3.277	3.815	4.003	4.073
SPBC20F10.05	nrl1	viable	V	0.005	0.342	1.344	1.865	2.004	2.04	2.049
SPBC20F10.06	mad2	viable	V	-0.171	-0.099	-0.042	-0.012	-0.002	-0.0	-0.0
SPBC20F10.07	ltc1	viable	V	0.004	0.0	0.0	0.0	0.0	0.0	0.0
SPBC20F10.08c	rtp1	inviable	E	0.179	1.191	2.84	3.867	4.277	4.44	4.517
SPBC20F10.10	psl1	viable	V	0.009	0.179	0.454	0.563	0.589	0.596	0.597
SPBC21.01	mis17	inviable	E	0.0	0.007	1.021	3.214	4.099	4.345	4.409
SPBC21.02	rtc5	viable	V	-0.294	-0.292	-0.279	-0.228	-0.095	-0.001	-0.0
SPBC21.03c	SPBC21.03c	viable	V	0.05	0.096	0.172	0.27	0.371	0.478	0.753
SPBC21.04	med8	inviable	E	0.106	0.585	1.655	2.75	3.458	3.888	4.251
SPBC21.05c	ral2	viable	V	0.019	0.099	0.203	0.256	0.275	0.281	0.284
SPBC21.06c	cdc7	inviable	E	0.009	0.518	2.377	3.678	4.125	4.268	4.317
SPBC21.07c	ppk24	viable	V	0.068	0.472	0.867	0.997	1.028	1.035	1.037
SPBC211.01	rsm10	inviable	E	0.002	0.229	1.915	3.857	4.767	5.127	5.281
SPBC211.02c	cwf3	inviable	E	0.081	0.872	2.18	2.848	3.06	3.127	3.15
SPBC211.03c	gea1	inviable	E	0.253	1.746	3.204	3.688	3.8	3.827	3.834
SPBC211.04c	mcm6	inviable	E	0.238	1.56	3.042	3.632	3.793	3.839	3.852
SPBC211.06	gfh1	viable	V	0.043	0.242	0.486	0.603	0.641	0.654	0.659
SPBC211.08c	mtr3	inviable	E	0.123	0.6	1.251	1.629	1.778	1.838	1.866
SPBC215.01	gyp4	viable	V	0.034	0.154	0.325	0.433	0.479	0.499	0.51
SPBC215.02	pfd5	viable	V	0.0	0.0	0.114	0.974	1.967	2.553	2.878
SPBC215.03c	csn1	viable	V	0.195	0.509	1.082	1.773	2.389	2.932	3.831
SPBC215.04	git11	viable	V	0.029	0.266	0.536	0.63	0.652	0.658	0.659
SPBC215.05	gpd1	viable	V	0.023	0.283	0.621	0.745	0.774	0.782	0.783
SPBC215.06c	SPBC215.06c	viable	V	0.005	0.002	0.0	0.0	0.0	0.0	0.0
SPBC215.07c	pdp2	viable	V	0.042	0.291	0.535	0.616	0.634	0.639	0.64
SPBC215.08c	arg4	viable	V	0.041	0.085	0.157	0.243	0.324	0.403	0.566
SPBC215.09c	erg10	inviable	E	0.138	1.861	4.219	5.1	5.309	5.36	5.373
SPBC215.10	odr1	viable	V	0.075	0.485	0.919	1.083	1.125	1.137	1.14
SPBC215.11c	SPBC215.11c	viable	V	0.027	0.051	0.09	0.138	0.185	0.233	0.351
SPBC215.12	cwf10	inviable	E	0.248	1.808	3.376	3.901	4.022	4.052	4.06
SPBC215.13	mtl3	viable	V	0.003	0.223	0.841	1.143	1.22	1.24	1.244
SPBC215.14c	vps20	viable	V	0.026	0.327	0.73	0.879	0.914	0.923	0.925
SPBC215.15	sec13	condition-dependent	Not_determined	0.11	1.768	4.295	5.298	5.544	5.605	5.621
SPBC216.01c	psy2	viable	V	0.084	0.394	0.828	1.092	1.201	1.246	1.269
SPBC216.02	num1	viable	V	0.013	0.084	0.159	0.186	0.193	0.195	0.195
SPBC216.04c	mxr2	viable	V	0.031	0.086	0.177	0.272	0.344	0.398	0.468
SPBC216.05	rad3	viable	V	0.005	0.049	0.237	0.557	0.854	1.088	1.36
SPBC216.06c	swi1	viable	V	0.071	0.237	0.566	0.951	1.266	1.515	1.842
SPBC216.07c	tor2	inviable	E	0.284	1.96	3.597	4.14	4.265	4.296	4.303
SPBC21B10.02	SPBC21B10.02	viable	V	0.013	0.091	0.168	0.193	0.199	0.2	0.2
SPBC21B10.03c	ath1	viable	V	0.049	0.193	0.492	0.825	1.075	1.254	1.451
SPBC21B10.05c	wat1	viable	V	0.256	0.641	1.289	2.001	2.583	3.059	3.753
SPBC21B10.06c	inp2	viable	V	0.001	0.0	0.0	0.0	0.0	0.0	0.0
SPBC21B10.07	crr1	viable	V	0.038	0.157	0.336	0.461	0.522	0.55	0.568
SPBC21B10.08c	SPBC21B10.08c	viable	V	0.032	0.223	0.409	0.471	0.485	0.489	0.489
SPBC21B10.09	SPBC21B10.09	viable	V	-0.019	-0.009	-0.003	-0.001	-0.0	-0.0	-0.0
SPBC21B10.10	rps402	viable	V	0.064	0.817	1.82	2.191	2.279	2.301	2.306
SPBC21B10.11	dpm2	inviable	E	0.275	1.768	3.657	4.535	4.809	4.896	4.927
SPBC21B10.12	rec6	viable	V	-0.023	-0.126	-0.253	-0.313	-0.332	-0.339	-0.341
SPBC21B10.13c	yox1	viable	V	0.084	0.162	0.289	0.443	0.594	0.748	1.106
SPBC21B10.14	kgd4	viable	Not_determined	-0.246	-0.137	-0.049	-0.01	-0.001	-0.0	-0.0
SPBC21B10.15	SPBC21B10.15	viable	Not_determined	0.001	0.03	0.189	0.447	0.648	0.778	0.885
SPBC21C3.01c	vps1301	viable	V	0.048	0.114	0.223	0.347	0.455	0.547	0.7
SPBC21C3.02c	dep1	viable	V	0.203	0.555	1.146	1.762	2.228	2.578	3.019
SPBC21C3.03	cqd1	viable	V	0.006	0.0	0.0	0.0	0.0	0.0	0.0
SPBC21C3.04c	mrx14	inviable	E	0.0	0.036	1.23	2.783	3.309	3.45	3.486
SPBC21C3.05	sap62	inviable	E	0.153	1.678	3.562	4.241	4.401	4.44	4.45
SPBC21C3.06	SPBC21C3.06	viable	V	0.252	0.125	0.042	0.009	0.001	0.0	0.0
SPBC21C3.07c	trm140	viable	V	0.115	0.201	0.338	0.507	0.681	0.868	1.379
SPBC21C3.08c	car2	viable	V	0.091	0.266	0.557	0.847	1.054	1.2	1.365
SPBC21C3.09c	oaa1	viable	V	0.018	0.123	0.227	0.261	0.269	0.271	0.271
SPBC21C3.10c	rib7	inviable	E	0.001	0.18	1.956	4.093	5.048	5.401	5.538
SPBC21C3.11	ubx4	viable	V	0.193	0.095	0.032	0.007	0.001	0.0	0.0
SPBC21C3.12c	SPBC21C3.12c	viable	V	0.091	0.235	0.479	0.741	0.949	1.112	1.336
SPBC21C3.13	rps1901	viable	V	0.133	1.662	3.673	4.414	4.589	4.632	4.643
SPBC21C3.14c	SPBC21C3.14c	viable	V	0.037	0.192	0.395	0.504	0.543	0.558	0.564
SPBC21C3.15c	SPBC21C3.15c	viable	V	-0.047	-0.324	-0.595	-0.685	-0.705	-0.711	-0.712
SPBC21C3.16c	spt4	viable	V	0.004	0.234	0.876	1.19	1.269	1.289	1.294
SPBC21C3.17c	psg1	viable	V	0.03	0.052	0.087	0.131	0.176	0.225	0.357
SPBC21C3.18	spo4	viable	V	0.026	0.046	0.078	0.117	0.156	0.2	0.317
SPBC21C3.19	rtc3	viable	V	-0.041	-0.284	-0.521	-0.6	-0.618	-0.622	-0.623
SPBC21C3.20c	git1	viable	V	0.029	0.199	0.724	1.464	2.085	2.55	3.07
SPBC21D10.05c	ucp3	inviable	E	0.213	1.657	3.215	3.767	3.9	3.934	3.943
SPBC21D10.06c	map4	viable	Not_determined	-0.037	-0.084	-0.165	-0.265	-0.358	-0.448	-0.624
SPBC21D10.07	cmc2	viable	V	0.023	0.239	0.501	0.595	0.617	0.622	0.623
SPBC21D10.08c	SPBC21D10.08c	viable	V	-0.25	-0.244	-0.217	-0.125	-0.012	-0.0	-0.0
SPBC21D10.09c	rkr1	viable	V	0.076	0.337	0.716	0.966	1.078	1.128	1.156
SPBC21D10.10	bdc1	viable	V	0.0	0.0	0.212	0.943	1.294	1.397	1.423
SPBC21D10.11c	nfs1	viable	V	0.249	1.909	3.621	4.2	4.335	4.367	4.376
SPBC21D10.12	hob1	viable	V	0.074	0.507	0.931	1.072	1.104	1.112	1.114
SPBC21H7.02	taf10	inviable	E	0.12	0.938	2.469	3.519	3.966	4.151	4.242
SPBC21H7.03c	SPBC21H7.03c	viable	V	-0.022	-0.154	-0.284	-0.326	-0.336	-0.339	-0.339
SPBC21H7.04	dbp7	viable	V	0.2	0.869	1.966	2.821	3.268	3.498	3.655
SPBC21H7.05	sfc6	inviable	E	0.01	0.215	1.214	2.65	3.662	4.265	4.718
SPBC21H7.06c	opi10	viable	V	-0.035	-0.24	-0.441	-0.508	-0.523	-0.527	-0.528
SPBC21H7.07c	his5	viable	V	0.003	0.001	0.0	0.0	0.0	0.0	0.0
SPBC23E6.01c	cxr1	viable	V	0.228	0.112	0.038	0.009	0.001	0.0	0.0
SPBC23E6.02	rrp2	viable	V	-0.017	-0.116	-0.214	-0.246	-0.253	-0.255	-0.256
SPBC23E6.03c	nta1	viable	V	-0.066	-0.033	-0.011	-0.002	-0.0	-0.0	-0.0
SPBC23E6.04c	utp10	inviable	E	0.174	1.783	3.704	4.387	4.547	4.587	4.596
SPBC23E6.05	arx1	viable	V	0.02	0.081	0.173	0.24	0.274	0.291	0.302
SPBC23E6.06c	rib3	inviable	E	0.29	2.083	3.872	4.47	4.608	4.642	4.651
SPBC23E6.07c	rfc1	inviable	E	0.009	0.391	1.928	3.234	3.773	3.975	4.058
SPBC23E6.08	rgp1	viable	V	0.0	0.007	0.462	1.921	2.98	3.472	3.701
SPBC23E6.09	ssn6	condition-dependent	V	0.082	0.55	1.491	2.256	2.643	2.83	2.945
SPBC23E6.10c	mri1	viable	V	0.063	0.126	0.238	0.389	0.551	0.731	1.229
SPBC23G7.04c	nif1	viable	V	0.014	0.41	1.19	1.524	1.606	1.626	1.631
SPBC23G7.05	sui1	inviable	E	0.264	2.023	3.835	4.447	4.589	4.624	4.633
SPBC23G7.06c	nvj2	viable	V	0.042	0.29	0.533	0.613	0.632	0.637	0.638
SPBC23G7.07c	cms1	viable	V	0.057	0.395	0.726	0.835	0.86	0.867	0.868
SPBC23G7.08c	rga7	viable	V	0.003	0.087	0.611	1.571	2.395	2.965	3.478
SPBC23G7.10c	SPBC23G7.10c	viable	V	0.024	0.166	0.305	0.351	0.362	0.364	0.365
SPBC23G7.11	mag2	viable	V	0.113	0.78	1.432	1.648	1.698	1.71	1.713
SPBC23G7.12c	rpt6	condition-dependent	V	0.086	0.59	1.083	1.247	1.285	1.294	1.296
SPBC23G7.13c	SPBC23G7.13c	viable	V	-0.045	-0.308	-0.564	-0.65	-0.669	-0.674	-0.675
SPBC23G7.14	SPBC23G7.14	viable	V	-0.035	-0.239	-0.439	-0.506	-0.521	-0.525	-0.526
SPBC23G7.15c	rpp202	viable	V	-0.006	-0.003	-0.001	-0.0	-0.0	-0.0	-0.0
SPBC23G7.16	ctr6	viable	V	0.115	0.795	1.459	1.68	1.73	1.743	1.746
SPBC244.01c	sid4	inviable	E	0.0	0.281	2.422	3.99	4.436	4.55	4.579
SPBC244.02c	utp6	inviable	E	0.253	1.49	2.932	3.563	3.752	3.811	3.831
SPBC24C6.02	spb4	inviable	E	0.313	2.158	3.96	4.558	4.696	4.73	4.738
SPBC24C6.03	SPBC24C6.03	inviable	E	0.0	0.001	0.597	2.522	3.423	3.683	3.751
SPBC24C6.04	put2	viable	V	0.033	0.254	0.889	1.661	2.214	2.571	2.893
SPBC24C6.05	sec28	viable	V	0.0	0.0	0.001	0.154	0.514	0.686	0.737
SPBC24C6.06	gpa1	viable	V	0.102	0.041	0.009	0.001	0.0	0.0	0.0
SPBC24C6.07	cdc14	inviable	E	0.01	0.498	2.328	3.685	4.178	4.343	4.403
SPBC24C6.08c	bhd1	viable	V	0.023	0.011	0.004	0.001	0.0	0.0	0.0
SPBC24C6.09c	SPBC24C6.09c	viable	V	0.017	0.136	0.262	0.304	0.314	0.317	0.317
SPBC24C6.10c	dip1	viable	V	0.001	0.116	0.499	0.7	0.752	0.765	0.769
SPBC24C6.13	coa6	viable	Not_determined	0.058	0.503	0.993	1.163	1.202	1.212	1.214
SPBC25B2.01	hbs1	viable	V	0.045	0.093	0.181	0.302	0.433	0.581	0.989
SPBC25B2.02c	mam1	viable	V	0.05	0.224	0.475	0.64	0.713	0.745	0.763
SPBC25B2.03	SPBC25B2.03	viable	V	0.047	0.083	0.141	0.212	0.285	0.363	0.573
SPBC25B2.04c	mtg1	viable	V	0.037	0.089	0.177	0.275	0.358	0.429	0.54
SPBC25B2.05	mis3	inviable	E	0.16	1.394	2.827	3.354	3.484	3.517	3.526
SPBC25B2.06c	btb2	viable	V	0.0	0.056	0.352	0.538	0.589	0.602	0.605
SPBC25B2.07c	mmb1	viable	V	0.042	0.29	0.533	0.613	0.632	0.636	0.637
SPBC25B2.08	SPBC25B2.08	viable	V	0.015	0.101	0.185	0.213	0.219	0.221	0.221
SPBC25B2.09c	msr1	inviable	E	0.303	2.093	3.842	4.422	4.556	4.589	4.597
SPBC25B2.10	SPBC25B2.10	viable	V	0.089	0.309	0.663	0.968	1.15	1.258	1.349
SPBC25B2.11	pof2	viable	V	0.044	0.307	0.563	0.648	0.667	0.672	0.673
SPBC25D12.02c	dnt1	viable	V	0.095	0.315	0.766	1.32	1.795	2.188	2.746
SPBC25D12.03c	mcm7	inviable	E	0.304	2.098	3.85	4.431	4.565	4.598	4.606
SPBC25D12.04	suc22	inviable	E	0.236	1.99	3.889	4.542	4.694	4.731	4.74
SPBC25D12.05	trm1	viable	V	0.0	0.118	0.678	1.017	1.108	1.131	1.137
SPBC25D12.06	mrh5	viable	V	0.041	0.118	0.275	0.479	0.672	0.85	1.161
SPBC25H2.02	trs1	inviable	E	0.312	2.15	3.947	4.543	4.68	4.714	4.722
SPBC25H2.03	vac14	viable	V	0.022	0.098	0.207	0.276	0.306	0.319	0.326
SPBC25H2.05	egd2	viable	V	-0.0	-0.005	-0.153	-0.33	-0.389	-0.404	-0.408
SPBC25H2.06c	hrf1	inviable	E	0.329	2.271	4.169	4.798	4.944	4.979	4.988
SPBC25H2.07	tif11	inviable	E	0.29	2.003	3.677	4.232	4.36	4.391	4.399
SPBC25H2.08c	mrs2	viable	V	0.045	0.108	0.232	0.413	0.613	0.837	1.429
SPBC25H2.09	mic19	viable	V	0.024	0.046	0.083	0.131	0.182	0.238	0.392
SPBC25H2.10c	tan1	viable	V	0.006	0.0	0.0	0.0	0.0	0.0	0.0
SPBC25H2.11c	spt7	viable	V	0.0	0.002	0.135	0.831	1.631	2.169	2.542
SPBC25H2.12c	cct7	inviable	E	0.24	1.656	3.04	3.499	3.604	3.63	3.637
SPBC25H2.13c	cdc20	inviable	E	0.272	1.874	3.439	3.959	4.079	4.108	4.115
SPBC25H2.14	mug16	viable	V	0.06	0.301	0.622	0.803	0.872	0.899	0.911
SPBC25H2.15	tsr401	viable	V	0.291	0.959	2.05	3.03	3.648	4.031	4.382
SPBC25H2.16c	gga22	viable	V	0.06	0.293	0.61	0.793	0.865	0.894	0.907
SPBC25H2.18	cox20	viable	Not_determined	0.086	0.162	0.288	0.451	0.622	0.81	1.325
SPBC26H8.01	thi2	viable	V	0.023	0.161	0.295	0.34	0.35	0.353	0.353
SPBC26H8.02c	sec9	inviable	E	0.128	0.595	1.597	2.67	3.419	3.913	4.391
SPBC26H8.03	cho2	viable	V	0.04	0.407	0.846	1.002	1.039	1.048	1.05
SPBC26H8.04c	iml1	viable	V	0.082	0.62	1.845	2.94	3.533	3.835	4.032
SPBC26H8.05c	pph3	viable	V	-0.066	-0.134	-0.247	-0.382	-0.51	-0.635	-0.898
SPBC26H8.06	grx4	condition-dependent	E	0.142	1.281	3.29	4.488	4.93	5.091	5.158
SPBC26H8.07c	nda3	inviable	E	0.263	1.806	3.324	3.833	3.951	3.98	3.988
SPBC26H8.08c	grn1	viable	V	0.261	1.689	3.486	4.315	4.571	4.652	4.68
SPBC26H8.09c	snf59	viable	V	0.0	0.0	0.051	0.249	0.348	0.378	0.385
SPBC26H8.10	dis3	inviable	E	0.265	1.826	3.351	3.858	3.974	4.003	4.01
SPBC26H8.11c	the4	viable	V	0.039	0.225	0.445	0.545	0.576	0.585	0.589
SPBC26H8.14c	cox17	viable	V	0.019	0.098	0.294	0.535	0.724	0.86	1.009
SPBC26H8.16	sdh8	viable	Not_determined	0.02	0.136	0.25	0.287	0.296	0.298	0.299
SPBC27.01c	pga2	inviable	E	0.238	1.748	3.27	3.78	3.898	3.927	3.934
SPBC27.03	meu25	viable	V	0.015	0.101	0.185	0.213	0.219	0.221	0.221
SPBC27.04	uds1	viable	V	-0.066	-0.033	-0.011	-0.002	-0.0	-0.0	-0.0
SPBC27.05	SPBC27.05	unknown	Not_determined	0.038	0.277	0.516	0.597	0.615	0.62	0.621
SPBC27.06c	mgr2	viable	V	0.109	0.866	2.522	3.891	4.575	4.899	5.091
SPBC27.08c	sua1	viable	V	0.023	0.372	0.892	1.092	1.14	1.152	1.155
SPBC27B12.01c	mmm1	inviable	E	0.005	0.529	2.279	3.196	3.433	3.493	3.507
SPBC27B12.02	mis19	inviable	E	0.0	0.001	0.176	1.402	2.883	3.828	4.412
SPBC27B12.03c	erg32	viable	V	0.021	0.144	0.265	0.305	0.314	0.317	0.317
SPBC27B12.04c	csc2	viable	V	0.047	0.323	0.593	0.683	0.703	0.709	0.71
SPBC27B12.05	crt10	viable	V	0.008	0.0	0.0	0.0	0.0	0.0	0.0
SPBC27B12.06	gpi13	inviable	E	0.015	0.84	2.967	3.974	4.228	4.291	4.307
SPBC27B12.07	SPBC27B12.07	viable	V	0.015	0.133	0.376	0.554	0.633	0.666	0.683
SPBC27B12.08	sip1	viable	V	0.076	0.729	2.177	3.295	3.807	4.031	4.148
SPBC27B12.09c	flx1	viable	V	0.01	0.24	1.295	2.598	3.385	3.794	4.052
SPBC27B12.10c	tom7	viable	V	0.0	0.024	0.339	0.792	1.015	1.103	1.139
SPBC27B12.11c	pho7	viable	V	0.109	0.311	0.655	1.009	1.271	1.464	1.693
SPBC27B12.13	tom40	inviable	E	0.243	1.679	3.082	3.547	3.654	3.681	3.687
SPBC27B12.14	cbp4	viable	Not_determined	0.046	0.08	0.134	0.202	0.271	0.346	0.549
SPBC28E12.02	SPBC28E12.02	viable	V	0.025	0.173	0.318	0.366	0.377	0.38	0.381
SPBC28E12.03	rga4	viable	V	0.025	0.27	0.568	0.675	0.7	0.706	0.708
SPBC28E12.04	cbp7	viable	V	0.051	0.278	0.627	0.851	0.945	0.985	1.005
SPBC28E12.05	esf2	inviable	E	0.164	1.694	3.529	4.183	4.336	4.374	4.384
SPBC28E12.06c	lvs1	viable	V	0.066	0.483	0.906	1.048	1.08	1.088	1.09
SPBC28F2.02	mep33	viable	V	0.028	0.194	0.356	0.41	0.423	0.426	0.426
SPBC28F2.04c	cwf7	inviable	E	0.191	1.32	2.422	2.788	2.872	2.893	2.898
SPBC28F2.05c	SPBC28F2.05c	viable	V	0.01	0.071	0.13	0.15	0.154	0.156	0.156
SPBC28F2.06c	mdm12	inviable	E	0.004	0.476	2.061	2.895	3.111	3.165	3.179
SPBC28F2.07	sfr1	viable	V	0.06	0.105	0.178	0.268	0.36	0.459	0.724
SPBC28F2.08c	hrd3	viable	V	0.021	0.143	0.263	0.303	0.312	0.314	0.315
SPBC28F2.09	toa1	inviable	E	0.053	1.187	3.159	3.963	4.158	4.207	4.219
SPBC28F2.10c	ngg1	viable	V	0.093	0.299	0.698	1.158	1.531	1.824	2.211
SPBC28F2.11	hmo1	viable	V	0.025	0.174	0.32	0.369	0.38	0.382	0.383
SPBC28F2.12	rpb1	inviable	E	0.18	1.825	3.78	4.474	4.637	4.677	4.687
SPBC29A10.01	ccr1	viable	V	0.199	0.459	0.902	1.421	1.885	2.301	3.033
SPBC29A10.02	spo5	viable	V	0.074	0.509	0.934	1.075	1.108	1.116	1.118
SPBC29A10.03c	pcf1	viable	V	0.034	0.086	0.174	0.271	0.35	0.416	0.511
SPBC29A10.04	psm1	inviable	E	0.077	1.069	2.815	3.683	3.943	4.022	4.047
SPBC29A10.05	exo1	viable	V	0.044	0.179	0.461	0.775	1.009	1.175	1.355
SPBC29A10.06c	ely5	viable	V	0.0	0.0	0.054	0.213	0.284	0.305	0.31
SPBC29A10.07	pom152	viable	V	0.033	0.088	0.181	0.279	0.354	0.412	0.487
SPBC29A10.08	gas2	viable	V	-0.313	-0.312	-0.305	-0.274	-0.174	-0.016	-0.0
SPBC29A10.09c	tri1	viable	V	0.053	0.176	0.377	0.557	0.67	0.739	0.802
SPBC29A10.10c	dbl8	viable	V	0.01	0.051	0.168	0.344	0.511	0.654	0.858
SPBC29A10.11c	muk1	viable	V	0.079	0.546	1.002	1.154	1.189	1.197	1.199
SPBC29A10.12	oxs1	viable	V	0.007	0.051	0.093	0.108	0.111	0.112	0.112
SPBC29A10.13	atp7	viable	V	0.152	0.442	0.933	1.433	1.799	2.062	2.369
SPBC29A10.14	rec8	viable	V	0.0	0.0	0.007	0.284	0.707	0.916	0.993
SPBC29A10.15	orc1	inviable	E	0.233	0.758	1.618	2.399	2.898	3.212	3.505
SPBC29A10.16c	cyb502	viable	V	0.001	0.149	1.492	3.194	4.025	4.358	4.502
SPBC29A10.17	lam1	viable	Not_determined	0.104	1.091	2.605	3.322	3.535	3.599	3.62
SPBC29A3.01	ccc2	viable	V	0.0	0.0	0.008	0.26	0.546	0.652	0.682
SPBC29A3.02c	his7	viable	V	0.029	0.074	0.151	0.234	0.3	0.352	0.424
SPBC29A3.03c	gid2	viable	V	0.0	0.0	0.015	0.163	0.269	0.304	0.313
SPBC29A3.04	rpl8	inviable	E	0.115	0.993	1.957	2.29	2.368	2.387	2.392
SPBC29A3.05	vps71	viable	V	0.002	0.031	0.19	0.513	0.853	1.146	1.517
SPBC29A3.06	utp18	inviable	E	0.18	1.688	3.426	4.041	4.186	4.221	4.23
SPBC29A3.07c	sap14	viable	V	0.083	0.163	0.305	0.494	0.696	0.92	1.538
SPBC29A3.08	pof4	viable	V	0.0	0.0	0.042	0.297	0.588	0.768	0.879
SPBC29A3.09c	gcn20	viable	V	0.0	0.003	0.032	0.135	0.301	0.496	0.856
SPBC29A3.10c	atp14	viable	V	0.264	1.819	3.339	3.843	3.96	3.988	3.995
SPBC29A3.11c	ort1	viable	V	0.009	0.201	0.526	0.657	0.689	0.697	0.698
SPBC29A3.12	rps902	viable	V	0.177	0.848	2.116	3.24	3.89	4.253	4.528
SPBC29A3.13	pdp1	viable	V	0.014	0.053	0.147	0.28	0.409	0.526	0.715
SPBC29A3.14c	trt1	viable	V	0.001	0.08	0.362	0.512	0.551	0.561	0.564
SPBC29A3.15c	rsm23	inviable	E	0.0	0.112	1.354	3.153	4.104	4.504	4.686
SPBC29A3.16	rrs1	inviable	E	0.197	1.187	2.856	3.996	4.497	4.715	4.83
SPBC29A3.17	gef3	viable	V	0.0	0.014	0.107	0.172	0.19	0.194	0.196
SPBC29A3.18	cyt1	viable	V	0.058	0.212	0.502	0.805	1.02	1.168	1.325
SPBC29A3.21	SPBC29A3.21	viable	V	-0.066	-0.033	-0.011	-0.002	-0.0	-0.0	-0.0
SPBC29B5.01	atf1	viable	V	0.145	0.752	1.542	1.965	2.118	2.174	2.198
SPBC29B5.02c	isp4	viable	V	0.008	0.0	0.0	0.0	0.0	0.0	0.0
SPBC29B5.04c	app1	viable	V	0.06	0.129	0.248	0.401	0.553	0.707	1.056
SPBC2A9.02	SPBC2A9.02	viable	V	0.077	0.53	0.973	1.12	1.154	1.162	1.165
SPBC2A9.03	SPBC2A9.03	viable	V	0.009	0.065	0.119	0.137	0.141	0.142	0.142
SPBC2A9.04c	san1	viable	V	0.0	0.0	0.002	0.136	0.34	0.423	0.447
SPBC2A9.05c	tvp23	viable	V	0.052	0.097	0.17	0.259	0.348	0.44	0.665
SPBC2A9.06c	nus1	condition-dependent	V	0.072	1.191	3.275	4.307	4.61	4.699	4.727
SPBC2A9.07c	hpz1	viable	V	0.019	0.132	0.242	0.279	0.287	0.289	0.29
SPBC2A9.08c	sec22	inviable	E	0.11	1.352	2.975	3.572	3.713	3.747	3.756
SPBC2A9.09	plp2	inviable	E	0.04	0.246	0.849	1.694	2.417	2.976	3.637
SPBC2A9.10	bmc1	viable	E	0.027	0.219	0.425	0.495	0.512	0.516	0.517
SPBC2A9.11c	iss9	viable	V	0.058	0.168	0.352	0.536	0.668	0.761	0.868
SPBC2A9.12	orc6	inviable	E	0.01	0.471	2.388	4.039	4.722	4.978	5.083
SPBC2A9.13	SPBC2A9.13	viable	V	-0.028	-0.294	-0.618	-0.734	-0.761	-0.768	-0.769
SPBC2A9.14	SPBC2A9.14	viable	Not_determined	0.01	0.063	0.121	0.143	0.149	0.151	0.151
SPBC2D10.03c	ess1	viable	V	0.0	0.0	0.088	0.435	0.611	0.663	0.677
SPBC2D10.04	aly2	viable	V	0.048	0.229	0.479	0.63	0.692	0.717	0.73
SPBC2D10.05	exg3	viable	V	0.0	0.0	0.0	0.042	0.271	0.423	0.473
SPBC2D10.06	rep1	viable	V	-0.061	-0.118	-0.213	-0.327	-0.439	-0.551	-0.803
SPBC2D10.07c	mmp1	viable	V	0.007	0.045	0.182	0.434	0.714	0.988	1.453
SPBC2D10.08c	yml6	inviable	E	0.001	0.154	1.27	2.641	3.337	3.632	3.769
SPBC2D10.09	snr1	viable	V	-0.003	-0.002	-0.001	-0.0	-0.0	-0.0	-0.0
SPBC2D10.10c	fib1	viable	V	0.269	1.857	3.409	3.924	4.043	4.072	4.079
SPBC2D10.11c	nap2	condition-dependent	V	0.036	0.249	0.456	0.525	0.541	0.545	0.546
SPBC2D10.12	rhp23	viable	V	0.016	0.047	0.099	0.15	0.186	0.212	0.24
SPBC2D10.13	est1	viable	V	0.095	0.655	1.203	1.384	1.426	1.437	1.439
SPBC2D10.14c	myo51	viable	V	0.036	0.227	0.434	0.515	0.537	0.543	0.545
SPBC2D10.15c	pth1	viable	V	-0.003	-0.0	-0.0	-0.0	-0.0	-0.0	-0.0
SPBC2D10.16	mhf1	viable	V	0.024	0.154	0.635	1.54	2.568	3.595	5.381
SPBC2D10.17	clr1	viable	V	0.0	0.0	0.0	0.0	0.147	0.673	0.981
SPBC2D10.18	coq8	condition-dependent	V	0.002	0.045	0.308	0.825	1.316	1.693	2.087
SPBC2D10.19c	alb1	viable	V	0.143	0.07	0.024	0.005	0.001	0.0	0.0
SPBC2D10.20	ubc1	viable	V	0.002	0.104	0.345	0.456	0.484	0.491	0.493
SPBC2F12.02c	mrpl7	inviable	E	0.0	0.035	1.312	3.044	3.638	3.798	3.838
SPBC2F12.03c	esl1	viable	V	0.068	0.126	0.221	0.337	0.452	0.572	0.867
SPBC2F12.04	rpl1701	viable	V	0.19	1.342	2.484	2.865	2.952	2.974	2.979
SPBC2F12.05c	osh2	viable	V	0.034	0.107	0.228	0.341	0.415	0.463	0.511
SPBC2F12.08c	ceg1	inviable	E	0.022	0.595	2.382	3.718	4.241	4.431	4.508
SPBC2F12.09c	atf21	viable	V	0.101	0.694	1.273	1.465	1.51	1.52	1.523
SPBC2F12.10	mrpl35	inviable	E	0.0	0.063	1.263	3.716	5.316	6.081	6.474
SPBC2F12.11c	rep2	viable	V	0.035	0.161	0.496	0.986	1.45	1.857	2.462
SPBC2F12.12c	cay1	viable	V	0.028	0.198	0.775	1.684	2.53	3.225	4.108
SPBC2F12.13	klp5	viable	V	0.02	0.056	0.128	0.219	0.303	0.379	0.507
SPBC2F12.14c	gua1	inviable	E	0.311	2.145	3.936	4.53	4.667	4.701	4.709
SPBC2F12.15c	pfa3	viable	V	-0.0	-0.025	-0.23	-0.383	-0.426	-0.437	-0.44
SPBC2F12.17	cox7	unknown	Not_determined	0.026	0.181	0.333	0.383	0.395	0.398	0.398
SPBC2G2.01c	liz1	viable	V	0.007	0.139	0.773	1.663	2.28	2.642	2.909
SPBC2G2.02	syj1	viable	V	0.058	0.162	0.337	0.516	0.65	0.748	0.866
SPBC2G2.03c	sbh1	viable	V	0.0	0.0	0.0	0.041	0.328	0.661	0.876
SPBC2G2.04c	mmf1	inviable	E	0.0	0.0	0.006	1.158	3.525	4.606	4.922
SPBC2G2.05	rpl1603	viable	V	0.035	0.081	0.167	0.276	0.383	0.488	0.703
SPBC2G2.06c	apl1	viable	V	0.0	0.0	0.044	0.292	0.436	0.481	0.493
SPBC2G2.07c	mug178	viable	V	0.081	0.173	0.327	0.509	0.675	0.831	1.127
SPBC2G2.08	ade9	viable	V	0.0	0.0	0.0	0.004	0.097	0.313	0.523
SPBC2G2.09c	crs1	viable	V	0.017	0.117	0.216	0.248	0.256	0.258	0.258
SPBC2G2.10c	mug110	viable	V	0.003	0.176	0.651	0.881	0.939	0.954	0.958
SPBC2G2.11	myr1	inviable	E	0.235	1.624	2.98	3.43	3.534	3.559	3.565
SPBC2G2.12	hrs1	inviable	E	0.249	1.88	3.552	4.116	4.246	4.278	4.286
SPBC2G2.13c	dcd1	viable	V	0.0	0.029	0.315	0.913	1.418	1.744	2.0
SPBC2G2.14	csi1	viable	V	0.065	0.141	0.28	0.464	0.654	0.854	1.334
SPBC2G2.15c	mrm2	viable	V	0.058	0.102	0.171	0.257	0.345	0.44	0.699
SPBC2G2.16	mpi1	inviable	E	0.183	1.697	3.421	4.025	4.166	4.2	4.209
SPBC2G2.17c	psu2	viable	V	0.045	0.313	0.575	0.662	0.682	0.687	0.688
SPBC2G5.01	SPBC2G5.01	viable	V	-0.023	-0.207	-0.412	-0.482	-0.499	-0.503	-0.504
SPBC2G5.02c	ckb2	viable	V	0.05	0.196	0.421	0.591	0.679	0.724	0.756
SPBC2G5.03	ctu1	viable	V	0.084	0.305	0.78	1.37	1.873	2.281	2.838
SPBC2G5.04c	erv41	viable	V	0.048	0.023	0.008	0.002	0.0	0.0	0.0
SPBC2G5.05	tkt1	inviable	E	0.162	1.126	2.49	3.193	3.43	3.51	3.541
SPBC2G5.06c	hmt2	condition-dependent	V	0.051	0.147	0.338	0.582	0.809	1.015	1.365
SPBC2G5.07c	rpc25	inviable	E	0.045	0.843	2.126	2.633	2.755	2.785	2.793
SPBC30B4.01c	wsc1	viable	V	-0.014	-0.007	-0.002	-0.0	-0.0	-0.0	-0.0
SPBC30B4.02c	sqs1	viable	V	0.104	0.715	1.312	1.51	1.555	1.567	1.569
SPBC30B4.03c	ldb1	viable	V	0.013	0.142	0.535	0.962	1.222	1.365	1.466
SPBC30B4.04c	sol1	viable	V	0.153	0.382	0.78	1.237	1.63	1.966	2.499
SPBC30B4.05	kap109	inviable	E	0.264	1.883	3.492	4.029	4.154	4.184	4.192
SPBC30B4.06c	ips1	viable	V	0.039	0.069	0.116	0.174	0.234	0.299	0.474
SPBC30B4.07c	tfb4	inviable	E	0.035	0.608	2.092	3.161	3.589	3.75	3.82
SPBC30B4.08	eri1	viable	V	0.073	0.502	0.921	1.06	1.092	1.1	1.102
SPBC30B4.09	SPBC30B4.09	viable	Not_determined	-0.07	-0.035	-0.012	-0.003	-0.0	-0.0	-0.0
SPBC30D10.02	ncb2	inviable	E	0.098	0.864	2.297	3.225	3.593	3.737	3.801
SPBC30D10.03c	isn1	viable	V	0.058	0.403	0.739	0.851	0.876	0.883	0.884
SPBC30D10.04	swi3	viable	V	0.029	0.139	0.409	0.751	1.029	1.238	1.484
SPBC30D10.05c	nre1	viable	V	0.019	0.133	0.244	0.281	0.29	0.292	0.292
SPBC30D10.06	lsm4	inviable	E	0.008	0.39	1.339	1.782	1.894	1.921	1.928
SPBC30D10.07c	bpl1	inviable	E	0.0	0.002	0.44	2.352	3.822	4.481	4.76
SPBC30D10.08	mgm101	inviable	E	0.0	0.0	0.0	0.222	1.882	3.854	5.109
SPBC30D10.09c	hva22	viable	V	-0.012	-0.043	-0.093	-0.135	-0.16	-0.175	-0.187
SPBC30D10.10c	tor1	viable	V	0.042	0.196	0.598	1.16	1.669	2.094	2.679
SPBC30D10.11	gpi1	inviable	E	0.268	1.849	3.393	3.906	4.024	4.053	4.06
SPBC30D10.12c	rsm27	inviable	E	0.0	0.016	0.564	1.67	2.269	2.503	2.594
SPBC30D10.13c	pdb1	viable	V	0.007	0.198	1.127	2.323	3.063	3.454	3.704
SPBC30D10.14	SPBC30D10.14	viable	V	0.0	0.031	0.366	0.649	0.733	0.754	0.76
SPBC30D10.15	naf1	inviable	E	0.103	1.191	2.747	3.399	3.572	3.619	3.632
SPBC30D10.16	pha2	viable	V	0.033	0.145	0.308	0.417	0.467	0.49	0.503
SPBC30D10.17c	smi1	inviable	E	0.23	1.587	2.913	3.353	3.454	3.479	3.485
SPBC30D10.18c	rpl102	viable	V	0.046	0.184	0.395	0.552	0.63	0.67	0.696
SPBC30D10.21	mzm1	unknown	Not_determined	0.044	0.306	0.561	0.645	0.665	0.67	0.671
SPBC317.01	mbx2	viable	V	0.066	0.193	0.404	0.615	0.764	0.87	0.989
SPBC31A8.01c	rtn1	viable	V	0.002	0.009	0.04	0.114	0.226	0.38	0.861
SPBC31E1.01c	atg2	viable	V	-0.035	-0.017	-0.005	-0.001	-0.0	-0.0	-0.0
SPBC31E1.02c	pmr1	viable	V	0.1	0.175	0.294	0.441	0.592	0.756	1.201
SPBC31E1.03	hub1	inviable	E	0.117	1.743	4.077	4.964	5.175	5.227	5.24
SPBC31E1.04	pep12	condition-dependent	E	0.203	1.403	2.575	2.964	3.054	3.076	3.081
SPBC31E1.05	gle1	inviable	E	0.146	1.308	3.027	3.859	4.115	4.196	4.223
SPBC31E1.06	bms1	inviable	E	0.275	1.899	3.488	4.015	4.137	4.167	4.174
SPBC31F10.03	ggg1	viable	V	0.035	0.242	0.444	0.511	0.527	0.531	0.531
SPBC31F10.04c	srb4	inviable	E	0.023	0.254	1.037	2.004	2.664	3.063	3.382
SPBC31F10.05	mug37	viable	V	-0.066	-0.033	-0.011	-0.002	-0.0	-0.0	-0.0
SPBC31F10.06c	sar1	inviable	E	0.239	1.72	3.2	3.695	3.809	3.837	3.844
SPBC31F10.07	lsb5	viable	V	-0.029	-0.015	-0.005	-0.001	-0.0	-0.0	-0.0
SPBC31F10.08	mde2	viable	V	0.029	0.198	0.364	0.419	0.431	0.434	0.435
SPBC31F10.09c	med10	viable	V	0.137	0.407	0.857	1.297	1.605	1.819	2.051
SPBC31F10.10c	mub1	viable	V	0.19	0.584	1.235	1.858	2.282	2.566	2.859
SPBC31F10.11c	cwf4	inviable	E	0.201	1.289	2.603	3.18	3.351	3.404	3.422
SPBC31F10.12	tma20	viable	V	0.141	0.349	0.713	1.141	1.517	1.846	2.392
SPBC31F10.13c	hip1	condition-dependent	V	0.029	0.137	0.449	0.952	1.477	1.979	2.834
SPBC31F10.14c	hip3	condition-dependent	V	0.033	0.186	0.621	1.231	1.762	2.182	2.699
SPBC31F10.16	bch1	viable	V	0.002	0.119	0.407	0.541	0.575	0.583	0.585
SPBC32C12.02	ste11	condition-dependent	E	0.008	0.063	0.186	0.291	0.345	0.371	0.387
SPBC32C12.03c	ppk25	viable	V	0.042	0.287	0.526	0.606	0.624	0.629	0.63
SPBC32F12.01c	css1	condition-dependent	V	0.265	1.828	3.356	3.863	3.98	4.008	4.015
SPBC32F12.03c	gpx1	viable	V	0.015	0.102	0.187	0.216	0.222	0.224	0.224
SPBC32F12.04	gtb1	inviable	E	0.076	1.285	3.125	3.839	4.011	4.053	4.064
SPBC32F12.05c	cwf12	viable	V	0.152	0.27	0.457	0.69	0.926	1.18	1.856
SPBC32F12.06	pch1	inviable	E	0.001	0.077	0.735	1.775	2.44	2.779	2.977
SPBC32F12.07c	SPBC32F12.07c	viable	V	-0.002	-0.0	-0.0	-0.0	-0.0	-0.0	-0.0
SPBC32F12.08c	duo1	viable	V	0.001	0.03	0.228	0.616	0.961	1.205	1.43
SPBC32F12.09	rum1	viable	V	0.0	0.066	0.437	0.676	0.742	0.758	0.763
SPBC32F12.10	pgm1	inviable	E	0.16	1.288	3.292	4.562	5.064	5.259	5.348
SPBC32F12.11	tdh1	viable	V	0.188	1.297	2.381	2.74	2.823	2.844	2.849
SPBC32F12.12c	SPBC32F12.12c	viable	V	0.133	0.915	1.679	1.933	1.991	2.006	2.009
SPBC32F12.16	gem7	unknown	Not_determined	0.004	0.255	1.921	4.087	5.299	5.864	6.163
SPBC32H8.01c	SPBC32H8.01c	viable	V	-0.025	-0.012	-0.004	-0.001	-0.0	-0.0	-0.0
SPBC32H8.02c	nep2	viable	V	0.112	0.77	1.413	1.626	1.675	1.687	1.69
SPBC32H8.03	bem46	viable	V	0.0	0.0	0.0	0.0	0.018	0.407	0.876
SPBC32H8.04c	utp24	inviable	E	0.27	1.749	3.935	5.161	5.609	5.775	5.845
SPBC32H8.05	llp1	viable	V	-0.066	-0.033	-0.011	-0.002	-0.0	-0.0	-0.0
SPBC32H8.06	mug93	viable	V	-0.026	-0.18	-0.33	-0.38	-0.391	-0.394	-0.395
SPBC32H8.07	git5	viable	V	0.004	0.062	0.354	0.889	1.394	1.788	2.225
SPBC32H8.08c	omh5	viable	V	0.032	0.221	0.406	0.468	0.482	0.485	0.486
SPBC32H8.09	wdr8	viable	V	0.035	0.068	0.122	0.188	0.252	0.317	0.466
SPBC32H8.10	cdk9	inviable	E	0.052	0.569	1.785	2.73	3.156	3.338	3.431
SPBC32H8.11	mei4	viable	V	0.031	0.258	0.503	0.587	0.606	0.611	0.612
SPBC32H8.12c	act1	inviable	E	0.305	1.672	3.371	4.205	4.483	4.578	4.615
SPBC32H8.13c	mok12	viable	V	0.036	0.09	0.191	0.319	0.441	0.557	0.778
SPBC336.01	fbh1	viable	V	0.002	0.389	2.181	3.251	3.539	3.611	3.63
SPBC336.02	cdh1	inviable	E	0.329	2.268	4.162	4.791	4.936	4.971	4.98
SPBC336.03	efc25	viable	V	0.033	0.061	0.11	0.172	0.237	0.309	0.505
SPBC336.04	cdc6	inviable	E	0.209	1.694	3.27	3.807	3.932	3.963	3.971
SPBC336.05c	hen1	viable	V	0.036	0.238	0.446	0.52	0.538	0.543	0.544
SPBC336.06c	rnh1	viable	V	-0.066	-0.033	-0.011	-0.002	-0.0	-0.0	-0.0
SPBC336.07	sfc3	inviable	E	0.217	1.555	3.357	4.219	4.491	4.578	4.609
SPBC336.08	spc24	inviable	E	0.057	1.022	2.912	3.877	4.165	4.25	4.277
SPBC336.09c	rrn7	inviable	E	0.066	1.092	2.801	3.544	3.74	3.793	3.807
SPBC336.10c	tif512	viable	V	0.033	0.231	0.423	0.487	0.502	0.506	0.507
SPBC336.11	vps52	inviable	E	0.001	0.286	1.898	2.942	3.229	3.302	3.32
SPBC336.12c	cdc10	inviable	E	0.102	0.951	1.92	2.259	2.338	2.358	2.363
SPBC336.13c	mmp2	viable	V	0.063	0.147	0.288	0.448	0.587	0.706	0.902
SPBC336.14c	ppk26	viable	V	0.059	0.212	0.503	0.81	1.033	1.189	1.36
SPBC336.15	pic1	inviable	E	0.067	1.051	2.757	3.552	3.775	3.838	3.857
SPBC336.16	SPBC336.16	viable	Not_determined	0.011	0.039	0.085	0.121	0.14	0.151	0.159
SPBC337.02c	SPBC337.02c	viable	Not_determined	0.022	0.152	0.28	0.322	0.332	0.334	0.335
SPBC337.03	rhn1	viable	V	0.004	0.021	0.088	0.219	0.378	0.55	0.891
SPBC337.04	ppk27	viable	V	0.024	0.043	0.072	0.108	0.144	0.184	0.292
SPBC337.05c	cct8	inviable	E	0.24	1.838	3.483	4.039	4.167	4.199	4.207
SPBC337.06c	cwf15	inviable	E	0.105	0.322	0.765	1.325	1.828	2.267	2.957
SPBC337.07c	ecm14	viable	V	0.072	0.495	0.908	1.045	1.077	1.085	1.087
SPBC337.08c	ubi4	viable	V	0.0	0.0	0.034	0.439	0.757	0.863	0.892
SPBC337.09	erg28	viable	V	0.0	0.0	0.03	0.34	0.791	1.104	1.306
SPBC337.10c	dre2	viable	V	0.267	1.84	3.377	3.887	4.005	4.034	4.041
SPBC337.11	SPBC337.11	viable	V	0.0	0.0	0.0	0.0	0.0	0.0	0.0
SPBC337.12	red5	inviable	E	0.244	1.683	3.088	3.555	3.662	3.689	3.695
SPBC337.13c	gtr1	condition-dependent	E	0.239	1.526	3.249	4.112	4.399	4.496	4.533
SPBC337.14	rpb4	inviable	E	0.123	1.617	3.632	4.381	4.558	4.602	4.613
SPBC337.15c	coq7	condition-dependent	V	0.0	0.01	0.115	0.466	0.974	1.516	2.366
SPBC337.16	cho1	viable	V	0.045	0.345	0.654	0.758	0.782	0.788	0.79
SPBC342.01c	alg6	viable	V	0.0	0.0	0.021	0.279	0.845	1.452	2.13
SPBC342.02	qrs1	inviable	E	0.27	1.883	3.467	3.994	4.116	4.146	4.153
SPBC342.03	gas4	viable	V	0.013	0.093	0.17	0.196	0.202	0.203	0.204
SPBC342.04	rpn1301	viable	V	0.077	0.533	0.978	1.126	1.16	1.168	1.17
SPBC342.05	crb2	viable	V	-0.002	-0.001	-0.0	-0.0	-0.0	-0.0	-0.0
SPBC342.06c	rtt109	viable	V	0.035	0.104	0.252	0.455	0.658	0.854	1.223
SPBC354.01	gtp1	viable	V	0.0	0.0	0.0	0.014	0.222	0.429	0.506
SPBC354.02c	sec61	inviable	E	0.286	2.046	3.797	4.381	4.516	4.549	4.557
SPBC354.03	swd3	viable	V	0.046	0.163	0.436	0.824	1.207	1.564	2.181
SPBC354.05c	sre2	viable	V	-0.001	-0.0	-0.0	-0.0	-0.0	-0.0	-0.0
SPBC354.06	mrps16	inviable	E	0.003	0.147	1.101	2.498	3.398	3.872	4.167
SPBC354.07c	osh42	viable	V	0.032	0.106	0.227	0.334	0.4	0.441	0.477
SPBC354.08c	rsn1	viable	V	0.092	0.161	0.271	0.407	0.546	0.697	1.107
SPBC354.09c	tre1	viable	V	0.013	0.002	0.0	0.0	0.0	0.0	0.0
SPBC354.10	def1	viable	V	0.017	0.188	0.639	1.04	1.242	1.337	1.392
SPBC354.13	rga6	viable	V	0.042	0.088	0.169	0.28	0.401	0.536	0.909
SPBC354.14c	vac8	viable	V	0.019	0.134	0.246	0.283	0.292	0.294	0.294
SPBC354.15	fap1	viable	V	-0.04	-0.019	-0.006	-0.001	-0.0	-0.0	-0.0
SPBC359.01	SPBC359.01	viable	V	0.025	0.17	0.313	0.36	0.371	0.374	0.374
SPBC359.02	alr2	inviable	E	0.035	0.104	0.219	0.331	0.408	0.461	0.518
SPBC359.03c	aat1	viable	V	0.007	0.035	0.118	0.256	0.404	0.549	0.806
SPBC359.04c	pfl7	viable	V	0.047	0.296	0.591	0.717	0.754	0.765	0.769
SPBC359.05	abc3	viable	V	0.041	0.1	0.2	0.311	0.403	0.48	0.595
SPBC359.06	mug14	viable	V	0.008	0.04	0.106	0.171	0.212	0.236	0.257
SPBC36.01c	SPBC36.01c	viable	V	0.0	0.0	0.003	0.079	0.326	0.629	0.965
SPBC36.02c	SPBC36.02c	viable	V	0.041	0.309	0.582	0.674	0.695	0.7	0.702
SPBC36.03c	mfs3	viable	V	0.072	0.134	0.234	0.358	0.48	0.608	0.921
SPBC36.04	cys11	condition-dependent	V	0.062	0.149	0.312	0.527	0.744	0.963	1.433
SPBC36.05c	clr6	inviable	E	0.013	0.298	1.437	2.669	3.339	3.66	3.844
SPBC36.06c	spo9	condition-dependent	V	0.021	0.164	0.462	0.695	0.806	0.856	0.884
SPBC36.07	elp1	viable	V	0.209	0.883	2.003	2.904	3.391	3.65	3.835
SPBC36.08c	cog2	inviable	E	0.208	1.657	3.18	3.698	3.818	3.848	3.855
SPBC36.09	sap61	inviable	E	0.2	1.206	2.785	3.774	4.176	4.339	4.418
SPBC36.10	ups2	viable	V	0.063	0.434	0.796	0.917	0.944	0.951	0.953
SPBC36.11	SPBC36.11	viable	V	0.036	0.014	0.003	0.0	0.0	0.0	0.0
SPBC36.12c	git7	inviable	E	0.016	0.412	1.798	3.035	3.6	3.835	3.946
SPBC365.01	csr103	viable	V	0.122	0.842	1.545	1.779	1.832	1.846	1.849
SPBC365.02c	cox10	viable	V	0.081	0.196	0.393	0.62	0.816	0.987	1.264
SPBC365.03c	rpl2101	viable	V	0.076	1.391	3.545	4.429	4.649	4.705	4.719
SPBC365.04c	nop6	viable	V	0.085	0.181	0.34	0.528	0.701	0.865	1.182
SPBC365.07c	tmf1	viable	V	-0.045	-0.167	-0.358	-0.513	-0.599	-0.646	-0.682
SPBC365.08c	der1	viable	V	-0.004	-0.001	-0.0	-0.0	-0.0	-0.0	-0.0
SPBC365.10	arp5	viable	V	0.0	0.024	0.443	1.698	3.005	3.955	4.78
SPBC365.11	grp2	viable	V	-0.0	-0.06	-0.411	-0.642	-0.705	-0.722	-0.726
SPBC365.12c	ish1	viable	V	0.001	0.249	1.268	1.847	2.001	2.04	2.049
SPBC365.13c	hba1	viable	V	0.069	0.776	2.456	3.763	4.353	4.604	4.731
SPBC365.14c	uge1	viable	V	0.001	0.112	1.041	2.402	3.207	3.592	3.799
SPBC365.15	alp4	inviable	E	0.041	0.827	2.63	3.684	4.032	4.143	4.182
SPBC365.16	SPBC365.16	viable	V	0.121	0.3	0.599	0.931	1.206	1.433	1.774
SPBC365.20c	pnc1	viable	V	-0.351	-0.351	-0.35	-0.345	-0.326	-0.242	-0.0
SPBC36B7.02	svf2	viable	V	0.0	0.003	0.059	0.31	0.721	1.174	1.856
SPBC36B7.03	sec63	viable	V	0.191	2.038	4.288	5.094	5.283	5.33	5.341
SPBC36B7.04	dus1	viable	V	0.032	0.22	0.403	0.464	0.478	0.482	0.483
SPBC36B7.05c	pib1	viable	V	0.112	0.899	1.733	2.018	2.084	2.1	2.104
SPBC36B7.06c	mug20	viable	V	-0.395	-0.389	-0.36	-0.251	-0.054	-0.0	-0.0
SPBC36B7.07	tlg1	condition-dependent	E	0.161	1.5	3.026	3.561	3.686	3.716	3.724
SPBC36B7.08c	ccp1	viable	V	0.005	0.125	0.339	0.428	0.449	0.454	0.456
SPBC36B7.09	gcn2	inviable	E	0.145	0.662	1.426	1.933	2.16	2.261	2.318
SPBC3B8.01c	arh1	inviable	E	0.009	0.736	2.915	4.01	4.29	4.36	4.378
SPBC3B8.02	php5	viable	V	0.124	0.461	0.991	1.417	1.653	1.782	1.88
SPBC3B8.03	lys9	viable	V	0.073	0.182	0.365	0.567	0.732	0.868	1.069
SPBC3B8.04c	plt1	viable	V	0.057	0.353	0.682	0.817	0.855	0.866	0.869
SPBC3B8.05	dph1	viable	V	0.099	0.338	0.749	1.136	1.39	1.552	1.707
SPBC3B8.06	SPBC3B8.06	viable	V	0.0	0.0	0.014	0.094	0.24	0.409	0.665
SPBC3B8.07c	dsd1	viable	V	-0.03	-0.206	-0.379	-0.436	-0.449	-0.453	-0.453
SPBC3B8.08	SPBC3B8.08	viable	V	0.0	0.0	0.007	0.178	0.68	1.264	1.888
SPBC3B8.09	utp3	inviable	E	0.235	1.622	2.978	3.427	3.531	3.556	3.563
SPBC3B8.10	ina17	unknown	Not_determined	0.047	0.322	0.591	0.68	0.701	0.706	0.707
SPBC3B8.10c	nem1	viable	V	0.164	0.367	0.712	1.123	1.501	1.852	2.51
SPBC3B8.11	rrn6	inviable	E	0.009	0.613	2.625	3.81	4.158	4.256	4.285
SPBC3B9.01	fes1	inviable	E	0.283	1.951	3.582	4.122	4.247	4.278	4.285
SPBC3B9.02c	cwf28	inviable	E	0.274	1.889	3.467	3.991	4.111	4.141	4.148
SPBC3B9.03	srp101	inviable	E	0.216	1.773	3.435	4.004	4.136	4.168	4.176
SPBC3B9.04	oms1	viable	V	0.03	0.087	0.197	0.331	0.449	0.549	0.703
SPBC3B9.05	hot15	viable	V	0.106	0.337	0.717	1.068	1.298	1.445	1.588
SPBC3B9.06c	atg3	viable	V	0.003	0.146	0.476	0.625	0.662	0.672	0.674
SPBC3B9.07c	rpa43	inviable	E	0.153	1.313	2.58	3.017	3.119	3.144	3.15
SPBC3B9.08c	mnh1	viable	V	0.025	0.058	0.119	0.202	0.287	0.376	0.582
SPBC3B9.09	vps36	viable	V	0.0	0.008	0.223	0.477	0.56	0.582	0.587
SPBC3B9.10	vti1	inviable	E	0.233	1.606	2.948	3.393	3.496	3.521	3.527
SPBC3B9.11c	ctf1	viable	V	0.005	0.0	0.0	0.0	0.0	0.0	0.0
SPBC3B9.12	trs23	inviable	E	0.029	1.069	3.339	4.346	4.596	4.658	4.674
SPBC3B9.13c	rpp102	viable	V	0.185	0.862	2.079	3.112	3.688	4.001	4.229
SPBC3B9.14c	mrpl3	inviable	E	0.003	0.317	1.923	3.295	3.819	3.998	4.063
SPBC3B9.15c	scp1	viable	V	-0.005	-0.0	-0.0	-0.0	-0.0	-0.0	-0.0
SPBC3B9.16c	nup120	condition-dependent	E	0.024	0.275	1.165	2.309	3.111	3.606	4.011
SPBC3B9.17	isa2	inviable	E	0.011	0.203	1.063	2.261	3.107	3.616	4.008
SPBC3B9.19	mge1	inviable	E	0.198	1.409	3.091	3.929	4.202	4.293	4.327
SPBC3B9.21	dcp1	inviable	E	0.021	0.425	1.744	2.914	3.46	3.693	3.809
SPBC3B9.22c	dad4	unknown	Not_determined	0.033	0.136	0.369	0.656	0.893	1.077	1.306
SPBC3D6.02	but2	viable	V	-0.066	-0.033	-0.011	-0.002	-0.0	-0.0	-0.0
SPBC3D6.03c	trz2	inviable	E	0.0	0.0	0.233	1.76	3.129	3.767	4.037
SPBC3D6.04c	mad1	viable	V	0.0	0.0	0.11	0.477	0.675	0.741	0.761
SPBC3D6.05	ptp4	viable	V	0.06	0.335	0.672	0.835	0.888	0.906	0.913
SPBC3D6.06c	prs5	viable	V	0.071	0.488	0.896	1.032	1.063	1.07	1.072
SPBC3D6.07	gpi3	inviable	E	0.085	1.429	3.466	4.255	4.444	4.491	4.503
SPBC3D6.08c	lsm1	viable	V	0.131	0.686	1.812	2.86	3.484	3.839	4.113
SPBC3D6.09	dpb4	viable	V	0.015	0.101	0.185	0.213	0.219	0.221	0.221
SPBC3D6.10	apn2	viable	V	0.074	0.21	0.436	0.667	0.838	0.962	1.11
SPBC3D6.11c	slx8	inviable	E	0.0	0.0	0.035	0.417	1.034	1.504	1.839
SPBC3D6.12	dip2	inviable	E	0.257	1.94	3.662	4.243	4.377	4.41	4.418
SPBC3D6.13c	pdi3	viable	V	0.0	0.009	0.364	0.851	1.019	1.064	1.075
SPBC3D6.15	rps2501	viable	V	0.0	0.0	0.0	0.0	0.004	0.234	0.722
SPBC3D6.16	SPBC3D6.16	unknown	Not_determined	0.139	0.745	1.515	1.908	2.044	2.092	2.112
SPBC3E7.01	fab1	viable	V	0.103	0.353	0.757	1.108	1.322	1.449	1.559
SPBC3E7.02c	hsp16	viable	V	0.0	0.0	0.011	0.248	0.743	1.155	1.451
SPBC3E7.04c	ric8	unknown	Not_determined	0.026	0.21	0.405	0.471	0.486	0.49	0.491
SPBC3E7.05c	mic60	viable	V	0.03	0.207	0.379	0.436	0.45	0.453	0.454
SPBC3E7.06c	fnx2	viable	V	0.023	0.161	0.295	0.34	0.35	0.352	0.353
SPBC3E7.07c	SPBC3E7.07c	viable	V	0.017	0.118	0.217	0.25	0.258	0.259	0.26
SPBC3E7.08c	rad13	viable	V	0.06	0.329	0.665	0.831	0.886	0.905	0.913
SPBC3E7.09	SPBC3E7.09	viable	V	0.0	0.0	0.067	0.572	0.9	1.003	1.031
SPBC3E7.10	fma1	viable	V	0.023	0.12	0.362	0.662	0.896	1.066	1.251
SPBC3E7.11c	SPBC3E7.11c	viable	V	0.017	0.298	0.727	0.894	0.934	0.944	0.946
SPBC3E7.12c	cfh4	viable	V	-0.008	-0.025	-0.052	-0.079	-0.097	-0.109	-0.122
SPBC3E7.13c	syf2	inviable	E	0.216	0.879	1.883	2.615	2.98	3.16	3.277
SPBC3E7.14	smf1	inviable	E	0.183	1.92	4.019	4.769	4.945	4.988	4.999
SPBC3E7.15c	lac1	viable	V	0.011	0.222	1.141	2.321	3.082	3.505	3.798
SPBC3E7.16c	leu3	viable	V	-0.03	-0.015	-0.005	-0.001	-0.0	-0.0	-0.0
SPBC3E7.17	SPBC3E7.17	unknown	Not_determined	-0.026	-0.177	-0.325	-0.374	-0.385	-0.388	-0.388
SPBC3F6.01c	hpp5	viable	V	-0.066	-0.033	-0.011	-0.002	-0.0	-0.0	-0.0
SPBC3F6.02c	erg26	inviable	E	0.11	1.299	3.366	4.446	4.79	4.9	4.938
SPBC3F6.03	trr1	viable	V	0.015	0.56	1.797	2.379	2.531	2.57	2.58
SPBC3F6.04c	nop14	inviable	E	0.304	2.1	3.854	4.436	4.57	4.603	4.611
SPBC3F6.05	rga1	viable	V	0.021	0.271	1.265	2.663	3.712	4.39	4.977
SPBC3H7.01	spo14	inviable	E	0.251	1.766	3.261	3.759	3.874	3.902	3.909
SPBC3H7.02	sul1	viable	V	0.023	0.041	0.07	0.105	0.141	0.18	0.282
SPBC3H7.03c	kgd1	condition-dependent	V	0.0	0.014	0.186	0.666	1.181	1.582	1.976
SPBC3H7.04	SPBC3H7.04	inviable	E	0.022	0.327	1.502	2.981	3.962	4.528	4.948
SPBC3H7.05c	acn1	viable	V	-0.039	-0.267	-0.491	-0.565	-0.582	-0.586	-0.587
SPBC3H7.06c	pof9	viable	V	0.001	0.063	0.215	0.286	0.303	0.308	0.309
SPBC3H7.07c	ser2	viable	V	0.108	0.965	2.511	3.466	3.83	3.967	4.026
SPBC3H7.08c	mra2	viable	V	0.04	0.275	0.505	0.582	0.599	0.603	0.605
SPBC3H7.09	erf2	viable	V	0.001	0.132	0.549	0.764	0.82	0.834	0.837
SPBC3H7.10	elp6	viable	V	0.282	0.818	1.722	2.634	3.294	3.767	4.31
SPBC3H7.11	trm141	viable	V	0.077	0.533	0.979	1.127	1.161	1.169	1.171
SPBC3H7.12	rav2	viable	V	0.01	0.067	0.122	0.141	0.145	0.146	0.146
SPBC3H7.13	csc1	viable	V	0.049	0.123	0.248	0.385	0.496	0.586	0.714
SPBC3H7.14	mug176	viable	V	-0.066	-0.033	-0.011	-0.003	-0.0	-0.0	-0.0
SPBC4.01	dni2	viable	V	-0.005	-0.003	-0.001	-0.0	-0.0	-0.0	-0.0
SPBC4.02c	SPBC4.02c	viable	V	0.06	0.414	0.76	0.874	0.901	0.907	0.909
SPBC4.03c	sfb3	inviable	E	0.047	0.873	2.688	3.73	4.072	4.182	4.22
SPBC4.04c	mcm2	inviable	E	0.147	1.679	3.691	4.456	4.644	4.692	4.704
SPBC4.05	mlo2	viable	V	0.051	0.123	0.243	0.378	0.493	0.591	0.745
SPBC4.06	SPBC4.06	viable	V	-0.074	-0.037	-0.013	-0.003	-0.0	-0.0	-0.0
SPBC4.07c	rpt2	inviable	E	0.298	1.388	2.921	3.869	4.267	4.435	4.521
SPBC405.01	ade1	viable	V	0.039	0.266	0.489	0.562	0.579	0.584	0.585
SPBC405.02c	SPBC405.02c	viable	V	0.066	0.456	0.836	0.963	0.992	0.999	1.001
SPBC405.03c	SPBC405.03c	viable	V	-0.0	-0.002	-0.138	-0.365	-0.449	-0.472	-0.478
SPBC405.04c	ypt7	viable	V	0.197	1.357	2.491	2.867	2.954	2.975	2.981
SPBC405.05	atg16	viable	V	0.072	0.141	0.262	0.423	0.594	0.784	1.308
SPBC405.06	xdj1	viable	V	0.0	0.0	0.092	0.356	0.474	0.508	0.517
SPBC405.07	rpl3602	viable	V	0.179	1.412	2.704	3.144	3.246	3.271	3.277
SPBC409.03	swi5	viable	Not_determined	0.066	0.024	0.005	0.0	0.0	0.0	0.0
SPBC409.04c	mis12	inviable	E	0.16	0.889	2.264	3.393	3.987	4.289	4.488
SPBC409.05	skp1	inviable	E	0.301	2.076	3.81	4.385	4.518	4.551	4.559
SPBC409.06	uch2	viable	V	0.055	0.382	0.702	0.808	0.832	0.838	0.84
SPBC409.07c	wis1	viable	V	0.009	0.081	0.334	0.692	0.979	1.18	1.379
SPBC409.08	SPBC409.08	viable	V	0.014	0.097	0.178	0.205	0.211	0.212	0.213
SPBC409.09c	mis13	inviable	E	0.028	1.034	3.218	4.185	4.425	4.484	4.499
SPBC409.10	ade7	viable	V	0.024	0.119	0.246	0.318	0.345	0.356	0.361
SPBC409.11	meu18	viable	V	-0.027	-0.186	-0.342	-0.393	-0.405	-0.408	-0.409
SPBC409.12c	stn1	inviable	E	0.0	0.005	0.658	2.777	4.074	4.572	4.754
SPBC409.13	rib4	inviable	E	0.227	1.966	3.874	4.532	4.686	4.723	4.733
SPBC409.14c	mrps17	inviable	E	0.0	0.002	0.292	1.39	2.218	2.599	2.769
SPBC409.15	tsr2	inviable	E	0.26	1.633	3.257	3.963	4.171	4.234	4.255
SPBC409.16c	saw1	viable	V	0.0	0.074	0.364	0.525	0.568	0.579	0.581
SPBC409.17c	duc2	viable	V	0.018	0.123	0.226	0.26	0.269	0.271	0.271
SPBC409.18	SPBC409.18	viable	V	0.081	0.209	0.426	0.659	0.844	0.989	1.189
SPBC409.19c	mtx1	viable	V	0.0	0.0	0.0	0.235	1.593	3.073	4.014
SPBC409.20c	shr3	viable	V	0.001	0.128	1.14	2.536	3.319	3.677	3.861
SPBC409.21	sec66	inviable	E	0.159	1.045	2.718	3.981	4.58	4.855	5.012
SPBC409.23	mim2	condition-dependent	Not_determined	0.0	0.069	1.09	2.77	3.701	4.098	4.278
SPBC418.01c	his4	viable	V	-0.003	-0.0	-0.0	-0.0	-0.0	-0.0	-0.0
SPBC418.02	nat1	viable	V	0.023	0.011	0.004	0.001	0.0	0.0	0.0
SPBC428.01c	nup107	inviable	E	0.006	0.252	1.537	2.997	3.76	4.102	4.278
SPBC428.02c	eca39	viable	V	0.078	0.826	2.385	3.448	3.88	4.05	4.127
SPBC428.03c	pho4	viable	V	0.072	0.254	0.546	0.791	0.933	1.015	1.082
SPBC428.04	apq12	viable	V	0.065	0.146	0.281	0.438	0.578	0.703	0.926
SPBC428.05c	arg12	viable	V	0.034	0.231	0.424	0.488	0.503	0.507	0.508
SPBC428.06c	rxt2	viable	V	0.02	0.16	0.684	1.573	2.441	3.177	4.146
SPBC428.07	meu6	viable	V	-0.042	-0.293	-0.537	-0.618	-0.637	-0.641	-0.643
SPBC428.08c	clr4	viable	V	0.003	0.034	0.214	0.641	1.168	1.696	2.54
SPBC428.10	SPBC428.10	viable	V	0.084	0.158	0.279	0.427	0.574	0.725	1.087
SPBC428.11	met17	viable	V	0.0	0.0	0.0	0.043	0.301	0.48	0.539
SPBC428.12c	SPBC428.12c	viable	V	0.023	0.04	0.067	0.1	0.134	0.171	0.272
SPBC428.13c	mob1	inviable	E	0.003	0.532	2.605	3.764	4.069	4.146	4.166
SPBC428.14	mlg1	viable	V	0.0	0.0	0.005	0.536	1.451	1.843	1.956
SPBC428.15	SPBC428.15	viable	V	-0.0	-0.001	-0.122	-0.371	-0.471	-0.498	-0.505
SPBC428.16c	rhb1	condition-dependent	E	0.304	2.1	3.854	4.436	4.57	4.603	4.611
SPBC428.17c	wpl1	viable	V	0.003	0.001	0.0	0.0	0.0	0.0	0.0
SPBC428.18	cdt1	inviable	E	0.286	1.977	3.628	4.176	4.302	4.333	4.341
SPBC428.19c	utp15	condition-dependent	E	0.246	1.854	3.501	4.056	4.185	4.216	4.224
SPBC428.20c	alp6	inviable	E	0.038	0.979	2.72	3.448	3.627	3.671	3.682
SPBC460.01c	SPBC460.01c	unknown	Not_determined	0.023	0.156	0.287	0.33	0.341	0.343	0.344
SPBC460.02c	SPBC460.02c	unknown	Not_determined	0.038	0.263	0.483	0.556	0.572	0.577	0.578
SPBC460.03	vba2	unknown	Not_determined	0.01	0.072	0.213	0.343	0.415	0.453	0.479
SPBC460.04c	SPBC460.04c	viable	Not_determined	0.026	0.107	0.23	0.318	0.361	0.382	0.396
SPBC460.05	SPBC460.05	unknown	Not_determined	0.057	0.122	0.231	0.359	0.477	0.587	0.799
SPBC4B4.01c	ptk1	inviable	E	0.255	1.759	3.228	3.716	3.828	3.856	3.862
SPBC4B4.02c	nca2	viable	V	0.001	0.095	0.478	0.696	0.753	0.768	0.771
SPBC4B4.03	rsc1	viable	V	0.034	0.176	0.499	0.85	1.091	1.247	1.392
SPBC4B4.04	eif21	viable	V	0.108	0.393	0.844	1.215	1.425	1.543	1.635
SPBC4B4.06	vps25	viable	V	0.089	0.614	1.126	1.296	1.336	1.345	1.348
SPBC4B4.07c	usp102	viable	V	0.0	0.009	0.301	1.488	2.926	4.047	5.054
SPBC4B4.08	ght2	viable	V	0.048	0.328	0.602	0.693	0.714	0.719	0.72
SPBC4B4.09	prp39	inviable	E	0.153	1.114	2.538	3.293	3.553	3.642	3.678
SPBC4B4.10c	atg5	viable	V	0.0	0.0	0.0	0.0	0.0	0.0	0.0
SPBC4B4.11	fyv4	viable	V	0.099	0.809	1.564	1.822	1.882	1.897	1.901
SPBC4B4.12c	SPBC4B4.12c	viable	V	-0.055	-0.381	-0.699	-0.804	-0.829	-0.835	-0.836
SPBC4C3.03	thr1	inviable	E	0.165	1.177	2.185	2.521	2.599	2.618	2.623
SPBC4C3.04c	dss4	viable	V	0.063	0.031	0.01	0.002	0.0	0.0	0.0
SPBC4C3.05c	nuc1	inviable	E	0.252	1.88	3.659	4.311	4.474	4.516	4.528
SPBC4C3.06	syp1	viable	V	0.008	0.001	0.0	0.0	0.0	0.0	0.0
SPBC4C3.07	tif306	inviable	E	0.007	0.051	0.093	0.108	0.111	0.112	0.112
SPBC4C3.08	otg2	viable	V	0.0	0.0	0.0	0.0	0.001	0.157	0.692
SPBC4C3.09	otg3	viable	V	0.072	0.151	0.293	0.487	0.698	0.932	1.57
SPBC4C3.10c	pre3	inviable	E	0.236	1.946	3.779	4.408	4.554	4.589	4.598
SPBC4C3.12	sep1	viable	V	0.0	0.003	0.068	0.365	0.84	1.34	2.037
SPBC4F6.04	rpl2502	viable	V	0.16	0.553	1.186	1.73	2.055	2.248	2.41
SPBC4F6.05c	emp46	viable	V	0.012	0.082	0.151	0.173	0.179	0.18	0.18
SPBC4F6.06	kin1	viable	V	0.022	0.173	0.666	1.377	1.974	2.417	2.901
SPBC4F6.07c	mak5	inviable	E	0.135	1.012	2.561	3.571	3.984	4.15	4.229
SPBC4F6.08c	mrpl39	viable	V	0.084	0.765	1.532	1.799	1.861	1.877	1.88
SPBC4F6.09	str1	viable	V	0.0	0.0	0.011	0.326	0.664	0.787	0.821
SPBC4F6.10	vps901	viable	V	0.023	0.111	0.295	0.48	0.599	0.673	0.736
SPBC4F6.11c	asn2	viable	V	0.087	0.547	1.047	1.242	1.295	1.31	1.314
SPBC4F6.12	pxl1	viable	V	0.007	0.116	0.413	0.644	0.744	0.784	0.802
SPBC4F6.13c	erb1	inviable	E	0.15	1.649	3.506	4.176	4.333	4.372	4.382
SPBC4F6.14	nop4	inviable	E	0.203	1.624	3.256	3.871	4.026	4.068	4.079
SPBC4F6.15c	swi10	viable	V	0.018	0.11	0.371	0.716	0.994	1.197	1.419
SPBC4F6.16c	ero11	viable	V	0.0	0.0	0.0	0.0	0.0	0.005	0.964
SPBC4F6.17c	hsp78	inviable	E	0.004	0.12	0.842	2.051	2.983	3.568	4.029
SPBC4F6.18c	arf1	inviable	E	0.288	1.986	3.644	4.195	4.321	4.353	4.36
SPBC530.01	gyp1	viable	V	0.016	0.046	0.117	0.236	0.382	0.558	1.063
SPBC530.02	SPBC530.02	viable	V	0.0	0.0	0.0	0.0	0.0	0.007	1.327
SPBC530.03c	bag102	viable	V	0.0	0.0	0.01	0.135	0.232	0.265	0.274
SPBC530.04	mod5	viable	V	0.112	0.679	1.32	1.589	1.666	1.689	1.696
SPBC530.05	prt1	viable	V	0.039	0.085	0.162	0.252	0.334	0.409	0.548
SPBC530.06c	clu1	viable	V	0.056	0.427	0.92	1.145	1.212	1.233	1.24
SPBC530.07c	SPBC530.07c	viable	V	0.02	0.219	0.466	0.555	0.576	0.582	0.583
SPBC530.08	ntu2	viable	V	0.0	0.001	0.213	0.763	0.999	1.067	1.084
SPBC530.09c	mrl1	viable	V	0.0	0.0	0.001	0.011	0.059	0.178	0.751
SPBC530.10c	anc1	viable	V	0.028	0.331	0.718	0.859	0.892	0.9	0.902
SPBC530.11c	SPBC530.11c	viable	V	0.052	0.198	0.426	0.604	0.7	0.751	0.788
SPBC530.12c	pdf1	inviable	E	0.346	2.387	4.382	5.043	5.196	5.233	5.243
SPBC530.13	lsc1	viable	V	0.0	0.009	0.102	0.334	0.561	0.727	0.878
SPBC530.14c	dsk1	viable	V	0.0	0.006	0.065	0.266	0.577	0.935	1.578
SPBC530.15c	shp2	viable	V	0.013	0.087	0.159	0.183	0.189	0.19	0.19
SPBC530.16	ksh1	inviable	Not_determined	0.257	1.772	3.251	3.742	3.856	3.883	3.89
SPBC543.02c	SPBC543.02c	viable	V	0.066	0.452	0.83	0.956	0.985	0.992	0.993
SPBC543.03c	pku80	viable	V	0.036	0.149	0.318	0.438	0.496	0.523	0.54
SPBC543.04	npr3	condition-dependent	E	0.002	0.178	1.327	2.599	3.197	3.437	3.542
SPBC543.05c	bor1	viable	V	0.053	0.514	1.104	1.337	1.398	1.414	1.418
SPBC543.06c	dbp8	inviable	E	0.186	1.932	4.034	4.784	4.961	5.004	5.015
SPBC543.07	pek1	viable	V	0.003	0.06	0.272	0.493	0.612	0.668	0.7
SPBC543.08	fit1	viable	V	0.002	0.183	0.798	1.143	1.24	1.266	1.273
SPBC543.09	yta12	viable	V	0.164	0.342	0.635	0.984	1.312	1.627	2.264
SPBC543.10	get1	viable	V	-0.024	-0.01	-0.003	-0.0	-0.0	-0.0	-0.0
SPBC557.02c	SPBC557.02c	viable	V	0.143	0.986	1.809	2.082	2.145	2.161	2.165
SPBC557.03c	pim1	inviable	E	0.139	1.431	2.982	3.535	3.664	3.696	3.704
SPBC557.04	ppk29	viable	V	-0.01	-0.021	-0.041	-0.064	-0.084	-0.102	-0.135
SPBC557.05	SPBC557.05	viable	V	0.06	0.416	0.764	0.879	0.906	0.912	0.914
SPBC56F2.01	pof12	viable	V	0.046	0.156	0.334	0.491	0.588	0.648	0.701
SPBC56F2.02	rpl1901	viable	V	0.082	1.195	3.082	3.96	4.209	4.28	4.301
SPBC56F2.03	arp10	viable	V	0.0	0.039	0.217	0.324	0.352	0.36	0.361
SPBC56F2.04	utp20	viable	V	0.157	1.682	3.545	4.213	4.37	4.409	4.418
SPBC56F2.06	mug147	viable	V	0.018	0.124	0.228	0.263	0.271	0.273	0.273
SPBC56F2.07c	SPBC56F2.07c	inviable	E	0.289	1.997	3.664	4.218	4.345	4.377	4.384
SPBC56F2.08c	puf1	viable	V	0.103	0.296	0.619	0.943	1.177	1.345	1.538
SPBC56F2.09c	arg5	viable	V	-0.014	-0.196	-0.446	-0.539	-0.562	-0.567	-0.568
SPBC56F2.10c	alg5	viable	V	0.001	0.155	0.782	1.139	1.234	1.258	1.264
SPBC56F2.11	met6	viable	V	0.167	1.106	2.442	3.148	3.393	3.478	3.513
SPBC56F2.12	ilv5	viable	V	0.03	1.232	3.968	5.202	5.51	5.586	5.606
SPBC56F2.14	mrpl44	viable	V	0.029	0.201	0.368	0.424	0.437	0.44	0.441
SPBC577.02	rpl3801	viable	V	0.144	1.261	2.496	2.924	3.023	3.048	3.054
SPBC577.03c	SPBC577.03c	viable	V	0.045	0.081	0.137	0.208	0.279	0.355	0.555
SPBC577.04	tho5	viable	V	0.004	0.128	0.808	1.8	2.48	2.868	3.141
SPBC577.05c	rec27	viable	V	-0.041	-0.02	-0.007	-0.002	-0.0	-0.0	-0.0
SPBC577.06c	stt4	condition-dependent	V	0.179	1.663	3.354	3.946	4.084	4.118	4.127
SPBC577.07	ubp10	inviable	E	0.008	0.546	2.405	3.551	3.9	4.001	4.032
SPBC577.08c	txl1	viable	V	-0.05	-0.025	-0.008	-0.002	-0.0	-0.0	-0.0
SPBC577.09	ckn1	inviable	E	0.097	0.666	1.223	1.407	1.45	1.46	1.463
SPBC577.11	SPBC577.11	viable	V	-0.015	-0.236	-0.565	-0.691	-0.722	-0.729	-0.731
SPBC577.12	dph6	viable	V	0.0	0.0	0.11	0.471	0.641	0.69	0.703
SPBC577.13	syj2	viable	V	-0.065	-0.032	-0.011	-0.002	-0.0	-0.0	-0.0
SPBC577.14c	spa1	viable	V	0.111	0.281	0.568	0.88	1.133	1.338	1.631
SPBC577.15c	sim3	viable	V	0.0	0.0	0.0	0.011	0.484	1.646	2.584
SPBC582.03	cdc13	inviable	E	0.08	1.053	2.365	2.852	2.968	2.996	3.004
SPBC582.04c	dsh1	viable	V	-0.016	-0.0	-0.0	-0.0	-0.0	-0.0	-0.0
SPBC582.05c	brc1	viable	V	0.065	0.159	0.336	0.566	0.791	1.01	1.451
SPBC582.06c	mcp6	viable	V	0.043	0.136	0.289	0.431	0.524	0.584	0.642
SPBC582.07c	rpn7	inviable	E	0.195	1.344	2.468	2.84	2.926	2.947	2.952
SPBC582.08	alt1	viable	V	0.025	0.175	0.322	0.37	0.381	0.384	0.385
SPBC582.09	pex11	viable	V	0.008	0.0	0.0	0.0	0.0	0.0	0.0
SPBC582.10c	rhp1602	viable	V	-0.04	-0.02	-0.007	-0.001	-0.0	-0.0	-0.0
SPBC609.01	SPBC609.01	inviable	E	0.178	1.23	2.258	2.599	2.678	2.697	2.702
SPBC609.02	ptn1	viable	V	-0.007	-0.12	-0.301	-0.372	-0.389	-0.393	-0.394
SPBC609.03	iqw1	viable	V	0.0	0.025	0.269	0.468	0.526	0.541	0.544
SPBC609.04	caf5	viable	V	0.015	0.104	0.19	0.219	0.225	0.227	0.227
SPBC609.05	pob3	viable	V	0.08	0.291	0.729	1.247	1.664	1.987	2.392
SPBC646.02	cwf11	viable	V	0.041	0.281	0.515	0.593	0.611	0.615	0.616
SPBC646.03	gta1	inviable	E	0.0	0.0	0.076	1.165	2.823	3.903	4.513
SPBC646.04	pla1	inviable	E	0.003	0.504	2.63	3.856	4.182	4.264	4.284
SPBC646.05c	erg9	inviable	E	0.114	1.455	3.241	3.902	4.058	4.097	4.106
SPBC646.06c	agn2	viable	V	0.008	0.0	0.0	0.0	0.0	0.0	0.0
SPBC646.07c	tsc13	inviable	E	0.001	0.418	2.595	3.961	4.332	4.426	4.45
SPBC646.09c	int6	viable	V	0.03	0.243	0.789	1.329	1.646	1.817	1.937
SPBC646.10c	nop56	inviable	E	0.314	1.859	3.74	4.609	4.881	4.968	4.999
SPBC646.11	cct6	inviable	E	0.21	1.498	3.024	3.65	3.822	3.872	3.887
SPBC646.12c	gap1	viable	V	0.033	0.252	0.479	0.556	0.573	0.578	0.579
SPBC646.13	sds23	condition-dependent	V	0.313	2.19	4.098	4.758	4.915	4.955	4.965
SPBC646.14c	orc5	inviable	E	0.094	1.207	3.217	4.28	4.62	4.728	4.765
SPBC646.15c	pex16	viable	V	0.001	0.049	0.183	0.247	0.264	0.268	0.269
SPBC646.16	scl1	inviable	E	0.07	1.071	2.524	3.079	3.211	3.244	3.252
SPBC646.17c	dic1	viable	V	0.017	0.116	0.213	0.245	0.252	0.254	0.254
SPBC649.02	rps1902	viable	V	0.094	0.474	0.983	1.268	1.376	1.418	1.437
SPBC649.03	rhp14	viable	V	0.018	0.064	0.171	0.322	0.468	0.603	0.829
SPBC649.04	uvi15	viable	V	0.08	0.552	1.014	1.167	1.202	1.211	1.213
SPBC649.05	cut12	inviable	E	0.11	1.241	2.961	3.744	3.968	4.033	4.053
SPBC651.01c	nog1	inviable	E	0.269	1.877	3.609	4.25	4.413	4.456	4.468
SPBC651.02	nit1	viable	V	0.0	0.064	0.632	1.072	1.2	1.233	1.241
SPBC651.03c	gyp10	viable	V	0.007	0.092	0.265	0.368	0.404	0.416	0.421
SPBC651.04	SPBC651.04	viable	V	-0.032	-0.016	-0.005	-0.001	-0.0	-0.0	-0.0
SPBC651.05c	dot2	viable	V	-0.003	-0.087	-0.264	-0.342	-0.361	-0.366	-0.367
SPBC651.07	SPBC651.07	viable	V	0.049	0.114	0.236	0.4	0.568	0.742	1.142
SPBC651.08c	rpc1	inviable	E	0.23	1.889	3.664	4.271	4.413	4.447	4.456
SPBC651.09c	prf1	viable	V	0.008	0.138	0.738	1.632	2.307	2.739	3.101
SPBC651.10	nse5	viable	V	0.002	0.044	0.344	1.13	2.122	3.105	4.579
SPBC651.11c	apm3	viable	V	0.044	0.105	0.209	0.325	0.423	0.507	0.637
SPBC651.12c	dbl7	viable	V	0.041	0.282	0.517	0.595	0.613	0.617	0.618
SPBC660.05	wwm3	viable	V	-0.013	-0.035	-0.072	-0.111	-0.142	-0.165	-0.195
SPBC660.06	wwm2	viable	V	0.038	0.066	0.111	0.167	0.224	0.286	0.454
SPBC660.07	ntp1	viable	V	0.098	0.68	1.247	1.436	1.479	1.49	1.492
SPBC660.08	atg38	viable	V	-0.0	-0.0	-0.0	-0.0	-0.0	-0.0	-0.0
SPBC660.09	mug168	viable	V	-0.004	-0.002	-0.001	-0.0	-0.0	-0.0	-0.0
SPBC660.10	gfm2	viable	V	0.0	0.005	0.071	0.257	0.465	0.635	0.812
SPBC660.11	tcg1	viable	V	0.034	0.081	0.177	0.321	0.487	0.677	1.214
SPBC660.12c	egt2	viable	V	0.005	0.196	0.609	0.792	0.837	0.848	0.851
SPBC660.13c	ssb1	inviable	E	0.068	1.293	3.299	4.111	4.311	4.361	4.374
SPBC660.14	mik1	viable	V	0.016	0.094	0.265	0.427	0.524	0.579	0.62
SPBC660.15	msi2	inviable	E	0.001	0.173	1.494	3.038	3.764	4.051	4.174
SPBC660.16	gnd1	inviable	E	0.242	1.913	3.696	4.316	4.462	4.499	4.508
SPBC660.17c	SPBC660.17c	viable	V	0.001	0.0	0.0	0.0	0.0	0.0	0.0
SPBC685.02	exo5	viable	V	0.08	0.482	0.938	1.131	1.186	1.202	1.208
SPBC685.03	SPBC685.03	viable	V	0.0	0.0	0.053	0.731	1.275	1.458	1.507
SPBC685.04c	aps2	viable	V	-0.049	-0.338	-0.62	-0.714	-0.736	-0.741	-0.742
SPBC685.05	gpi15	inviable	E	0.053	0.785	2.056	2.662	2.837	2.888	2.903
SPBC685.07c	rpl2701	viable	V	0.129	1.552	3.707	4.657	4.919	4.993	5.015
SPBC685.08	SPBC685.08	viable	Not_determined	0.077	0.534	0.98	1.128	1.162	1.17	1.172
SPBC685.09	orc2	inviable	E	0.199	1.579	3.029	3.522	3.637	3.665	3.672
SPBC691.01	pfa5	viable	V	0.0	0.0	0.0	0.0	0.096	0.571	1.137
SPBC691.02c	drp1	inviable	E	0.164	1.654	3.418	4.043	4.19	4.226	4.235
SPBC691.03c	apl3	viable	V	0.021	0.143	0.262	0.301	0.31	0.312	0.313
SPBC691.04	mss116	viable	V	0.0	0.001	0.086	0.786	1.933	2.927	3.818
SPBC691.05c	ist2	viable	V	0.069	0.324	0.681	0.902	0.994	1.033	1.053
SPBC6B1.02	ppk30	viable	V	0.0	0.0	0.061	0.264	0.36	0.388	0.395
SPBC6B1.03c	pal2	viable	V	-0.006	-0.0	-0.0	-0.0	-0.0	-0.0	-0.0
SPBC6B1.04	mde4	viable	V	0.031	0.298	1.14	2.163	2.867	3.299	3.657
SPBC6B1.05c	atg7	viable	V	0.055	0.191	0.41	0.597	0.708	0.774	0.829
SPBC6B1.06c	ubp14	viable	V	0.024	0.141	0.412	0.695	0.879	0.991	1.085
SPBC6B1.07	prp1	inviable	E	0.124	1.488	3.437	4.238	4.447	4.503	4.518
SPBC6B1.08c	ofd1	viable	V	0.052	0.122	0.24	0.374	0.488	0.587	0.747
SPBC6B1.09c	nbs1	viable	V	0.001	0.064	0.622	1.752	2.704	3.322	3.817
SPBC6B1.10	prp17	condition-dependent	V	0.081	0.206	0.415	0.643	0.829	0.978	1.193
SPBC6B1.12c	sus1	viable	Not_determined	0.005	0.041	0.183	0.429	0.675	0.887	1.173
SPBC713.02c	ubp15	viable	V	0.0	0.04	0.177	0.249	0.268	0.272	0.274
SPBC713.03	dld2	viable	V	-0.032	-0.22	-0.403	-0.464	-0.478	-0.482	-0.482
SPBC713.04c	pwp2	inviable	E	0.26	1.596	3.338	4.199	4.483	4.579	4.615
SPBC713.05	wdr83	viable	V	0.038	0.1	0.205	0.317	0.405	0.473	0.564
SPBC713.06	adl1	viable	V	-0.018	-0.009	-0.003	-0.001	-0.0	-0.0	-0.0
SPBC713.07c	SPBC713.07c	viable	V	0.033	0.171	0.35	0.444	0.477	0.489	0.493
SPBC713.09	SPBC713.09	viable	V	-0.012	-0.0	-0.0	-0.0	-0.0	-0.0	-0.0
SPBC713.10	tim16	inviable	E	0.178	1.824	3.969	4.815	5.032	5.089	5.105
SPBC713.11c	pmp3	viable	V	0.0	0.0	0.0	0.011	0.251	0.538	0.649
SPBC713.12	erg1	inviable	E	0.14	1.279	2.95	3.744	3.985	4.059	4.084
SPBC725.01	maa1	condition-dependent	V	0.066	0.343	0.703	0.894	0.963	0.989	1.0
SPBC725.02	mpr1	viable	V	0.104	0.251	0.497	0.773	1.007	1.204	1.512
SPBC725.03	SPBC725.03	viable	V	-0.001	-0.0	-0.0	-0.0	-0.0	-0.0	-0.0
SPBC725.04	hac1	viable	V	0.028	0.168	0.328	0.394	0.413	0.419	0.42
SPBC725.05c	npp1	viable	V	0.012	0.04	0.094	0.159	0.213	0.256	0.317
SPBC725.06c	ppk31	viable	V	0.014	0.09	0.171	0.203	0.211	0.214	0.214
SPBC725.07	pex5	viable	V	0.052	0.133	0.27	0.418	0.536	0.631	0.762
SPBC725.08	pir2	inviable	E	0.014	0.68	2.75	4.01	4.403	4.519	4.556
SPBC725.09c	hob3	viable	V	0.029	0.089	0.215	0.375	0.521	0.649	0.852
SPBC725.10	tsp0	condition-dependent	V	-0.007	-0.047	-0.087	-0.1	-0.103	-0.104	-0.104
SPBC725.11c	php2	condition-dependent	V	-0.001	-0.0	-0.0	-0.0	-0.0	-0.0	-0.0
SPBC725.12	nbl1	viable	Not_determined	0.025	0.292	1.059	1.797	2.196	2.393	2.513
SPBC725.13c	psf2	inviable	E	0.228	1.668	3.66	4.634	4.945	5.046	5.083
SPBC725.14	arg6	viable	V	0.029	0.06	0.11	0.171	0.229	0.284	0.402
SPBC725.15	ura5	viable	V	0.05	0.281	0.715	1.065	1.247	1.337	1.396
SPBC725.16	res1	inviable	E	0.164	0.709	1.666	2.485	2.952	3.211	3.408
SPBC725.17c	rrn11	inviable	E	0.011	0.639	2.605	3.753	4.094	4.192	4.22
SPBC776.01	rpl29	viable	V	0.0	0.001	0.159	0.639	0.926	1.035	1.075
SPBC776.02c	dis2	viable	V	0.0	0.0	0.091	0.396	0.541	0.583	0.594
SPBC776.03	hom6	viable	V	0.119	1.559	3.501	4.223	4.394	4.436	4.446
SPBC776.04	sec2302	viable	V	0.001	0.064	0.744	2.168	3.329	4.047	4.574
SPBC776.05	gpc1	viable	V	-0.014	-0.001	-0.0	-0.0	-0.0	-0.0	-0.0
SPBC776.06c	SPBC776.06c	viable	V	0.021	0.238	0.512	0.611	0.634	0.64	0.641
SPBC776.07	mam33	inviable	E	0.019	0.898	3.227	4.418	4.741	4.827	4.85
SPBC776.08c	utp22	inviable	E	0.198	1.555	2.974	3.455	3.567	3.594	3.601
SPBC776.09	ste13	viable	V	0.175	0.557	1.281	2.093	2.735	3.227	3.853
SPBC776.10c	cog6	inviable	E	0.001	0.307	2.227	3.601	4.006	4.116	4.145
SPBC776.12c	hsk1	condition-dependent	E	0.27	1.871	3.44	3.96	4.081	4.11	4.117
SPBC776.13	cnd1	inviable	E	0.121	1.578	3.871	4.893	5.176	5.255	5.279
SPBC776.14	plh1	viable	V	0.001	0.158	0.801	1.166	1.263	1.287	1.293
SPBC776.15c	kgd2	viable	V	0.0	0.001	0.058	0.381	0.934	1.512	2.26
SPBC776.16	mis20	viable	V	0.0	0.032	0.148	0.21	0.226	0.23	0.231
SPBC776.17	rrp7	viable	V	0.263	1.058	2.369	3.441	4.034	4.357	4.596
SPBC776.18c	pmh1	inviable	E	0.0	0.008	0.924	3.007	3.938	4.223	4.305
SPBC800.02	whi5	viable	V	0.056	0.099	0.166	0.25	0.335	0.427	0.679
SPBC800.05c	atb2	viable	V	0.014	0.056	0.145	0.241	0.31	0.357	0.406
SPBC800.06	brx1	inviable	E	0.143	1.417	2.916	3.446	3.571	3.601	3.609
SPBC800.07c	tsf1	viable	V	0.0	0.0	0.0	0.027	1.079	2.677	3.381
SPBC800.08	trm6	viable	V	0.169	0.467	1.011	1.641	2.173	2.617	3.273
SPBC800.09	sum2	viable	V	0.081	0.308	0.78	1.321	1.74	2.049	2.411
SPBC800.10c	ede1	viable	V	0.013	0.241	1.17	2.313	3.032	3.426	3.693
SPBC800.11	SPBC800.11	viable	V	0.009	0.156	0.378	0.464	0.485	0.49	0.491
SPBC800.12c	SPBC800.12c	viable	V	0.037	0.254	0.467	0.537	0.553	0.557	0.558
SPBC800.13	cnp20	inviable	E	0.006	0.167	1.048	2.33	3.209	3.712	4.067
SPBC800.14c	SPBC800.14c	viable	Not_determined	0.022	0.153	0.282	0.324	0.334	0.336	0.337
SPBC83.01	ucp8	viable	V	0.011	0.079	0.144	0.166	0.171	0.172	0.173
SPBC83.03c	tas3	viable	V	0.023	0.04	0.068	0.101	0.136	0.174	0.276
SPBC83.04	apc15	viable	V	0.031	0.214	0.392	0.451	0.465	0.468	0.469
SPBC83.05	yme2	viable	V	-0.0	-0.0	-0.0	-0.0	-0.0	-0.0	-0.0
SPBC83.06c	rtc6	inviable	E	0.0	0.094	1.108	2.553	3.309	3.626	3.769
SPBC83.07	jmj3	inviable	E	0.002	0.088	0.696	1.714	2.464	2.907	3.226
SPBC83.08	rvb2	inviable	E	0.116	1.58	3.741	4.62	4.843	4.902	4.918
SPBC83.09c	lin1	viable	V	0.073	0.128	0.215	0.323	0.434	0.553	0.879
SPBC83.10	emc7	viable	V	0.038	0.105	0.218	0.334	0.419	0.483	0.559
SPBC83.11	pet2	viable	V	0.0	0.019	0.136	0.214	0.235	0.241	0.242
SPBC83.12	SPBC83.12	viable	V	-0.066	-0.455	-0.836	-0.962	-0.991	-0.998	-1.0
SPBC83.13	yhm2	viable	V	0.001	0.135	0.593	0.834	0.897	0.913	0.917
SPBC83.14c	rfc5	inviable	E	0.0	0.222	2.063	3.747	4.337	4.517	4.573
SPBC83.15	wdr74	inviable	E	0.192	1.653	3.306	3.9	4.043	4.079	4.088
SPBC83.16c	SPBC83.16c	viable	V	0.008	0.053	0.096	0.111	0.114	0.115	0.115
SPBC83.18c	fic1	viable	V	0.02	0.472	1.275	1.605	1.685	1.705	1.71
SPBC839.02	aly1	viable	V	0.033	0.063	0.113	0.178	0.246	0.321	0.526
SPBC839.03c	dcn1	viable	V	0.014	0.061	0.193	0.411	0.652	0.897	1.37
SPBC839.05c	rps1701	viable	V	0.127	0.512	1.294	2.137	2.746	3.165	3.603
SPBC839.06	cta3	viable	V	-0.002	-0.0	-0.0	-0.0	-0.0	-0.0	-0.0
SPBC839.07	ibp1	viable	V	0.019	0.133	0.245	0.282	0.29	0.292	0.293
SPBC839.08c	its8	condition-dependent	E	0.101	1.383	3.147	3.807	3.963	4.002	4.011
SPBC839.10	usp107	inviable	E	0.142	0.526	1.278	2.087	2.68	3.098	3.554
SPBC839.11c	hut1	viable	V	0.0	0.002	0.019	0.082	0.189	0.322	0.591
SPBC839.13c	rpl1601	viable	V	0.008	0.056	0.103	0.118	0.122	0.123	0.123
SPBC839.14c	efm4	viable	V	0.023	0.154	0.285	0.33	0.341	0.343	0.344
SPBC839.15c	tef103	viable	V	0.106	0.705	1.318	1.536	1.59	1.604	1.608
SPBC839.16	thf1	viable	V	0.0	0.021	0.262	0.469	0.53	0.546	0.55
SPBC839.17c	fkh1	viable	V	0.028	0.108	0.233	0.33	0.382	0.409	0.429
SPBC839.19	new20	viable	Not_determined	0.005	0.0	0.0	0.0	0.0	0.0	0.0
SPBC839.20	new14	viable	Not_determined	0.0	0.0	0.151	0.681	0.937	1.011	1.031
SPBC887.01	adi1	viable	V	0.011	0.248	0.794	1.099	1.194	1.223	1.233
SPBC887.02	SPBC887.02	viable	V	0.033	0.3	0.688	0.871	0.926	0.943	0.948
SPBC887.03c	noc3	inviable	E	0.318	2.25	4.161	4.797	4.944	4.98	4.989
SPBC887.04c	lub1	viable	V	0.036	0.098	0.203	0.312	0.395	0.458	0.537
SPBC887.05c	cwf29	viable	V	0.142	0.734	1.742	2.493	2.86	3.036	3.143
SPBC887.06c	snx3	viable	V	0.046	0.017	0.003	0.0	0.0	0.0	0.0
SPBC887.07	mrpl38	inviable	E	0.0	0.005	0.902	2.971	3.826	4.065	4.127
SPBC887.08	SPBC887.08	viable	V	0.028	0.392	0.9	1.091	1.136	1.147	1.15
SPBC887.09c	sog2	inviable	E	0.137	0.803	1.947	2.759	3.131	3.297	3.389
SPBC887.10	mcs4	viable	V	0.0	0.0	0.116	0.636	0.913	0.996	1.018
SPBC887.11	pus2	viable	V	0.015	0.059	0.127	0.178	0.204	0.218	0.227
SPBC887.12	SPBC887.12	inviable	E	0.217	1.906	3.774	4.421	4.572	4.609	4.618
SPBC887.13c	cem1	inviable	E	0.0	0.0	0.015	0.501	1.878	3.302	4.55
SPBC887.14c	pfh1	inviable	E	0.185	1.274	2.856	3.699	3.992	4.095	4.136
SPBC887.15c	sur2	viable	V	0.001	0.19	1.063	1.583	1.722	1.757	1.766
SPBC887.16	SPBC887.16	viable	Not_determined	-0.066	-0.033	-0.011	-0.002	-0.0	-0.0	-0.0
SPBC887.17	SPBC887.17	condition-dependent	V	0.067	0.177	0.363	0.559	0.712	0.831	0.987
SPBC887.18c	hfi1	viable	V	0.0	0.013	0.237	0.925	1.656	2.196	2.673
SPBC887.19	rft1	inviable	E	0.117	1.391	3.029	3.627	3.768	3.803	3.811
SPBC887.22	spc1	condition-dependent	Not_determined	0.044	0.303	0.556	0.64	0.659	0.664	0.665
SPBC8D2.01	gsk31	viable	V	0.034	0.235	0.431	0.496	0.511	0.515	0.516
SPBC8D2.03c	hhf2	viable	V	-0.069	-0.034	-0.012	-0.003	-0.0	-0.0	-0.0
SPBC8D2.05c	sfi1	inviable	E	0.159	1.312	2.988	3.813	4.075	4.159	4.189
SPBC8D2.06	irs1	inviable	E	0.284	1.959	3.595	4.137	4.263	4.293	4.301
SPBC8D2.07c	sfc9	inviable	E	0.0	0.002	0.387	2.249	3.756	4.449	4.749
SPBC8D2.09c	msl1	inviable	E	0.082	1.455	3.588	4.422	4.622	4.672	4.684
SPBC8D2.10c	rmt3	viable	V	0.049	0.126	0.256	0.396	0.508	0.597	0.721
SPBC8D2.11	SPBC8D2.11	viable	V	-0.025	-0.011	-0.003	-0.001	-0.0	-0.0	-0.0
SPBC8D2.12c	tac1	viable	V	0.006	0.166	0.481	0.616	0.649	0.658	0.66
SPBC8D2.13	shq1	inviable	E	0.067	1.23	3.378	4.389	4.672	4.751	4.774
SPBC8D2.14c	sed5	inviable	E	0.277	1.915	3.514	4.045	4.167	4.197	4.205
SPBC8D2.15	lip5	inviable	E	0.0	0.001	0.243	1.681	3.13	3.923	4.336
SPBC8D2.16c	SPBC8D2.16c	viable	V	0.059	0.407	0.746	0.859	0.885	0.891	0.893
SPBC8D2.17	gmh4	viable	V	0.0	0.016	0.395	1.575	2.73	3.5	4.081
SPBC8D2.18c	sah1	viable	V	0.331	1.231	2.646	3.779	4.403	4.744	4.998
SPBC8D2.19	mde3	viable	V	-0.015	-0.026	-0.044	-0.066	-0.089	-0.114	-0.181
SPBC8D2.23	new15	viable	Not_determined	-0.031	-0.214	-0.393	-0.453	-0.466	-0.47	-0.471
SPBC8E4.01c	pho84	viable	V	0.012	0.081	0.15	0.172	0.177	0.179	0.179
SPBC8E4.03	agm3	viable	V	0.025	0.105	0.225	0.307	0.346	0.365	0.376
SPBC8E4.04	SPBC8E4.04	viable	V	0.016	0.112	0.206	0.237	0.244	0.246	0.246
SPBC8E4.05c	SPBC8E4.05c	viable	V	0.018	0.031	0.052	0.078	0.105	0.134	0.212
SPBC902.02c	ctf18	viable	V	0.036	0.138	0.361	0.633	0.86	1.038	1.268
SPBC902.03	nem2	viable	V	0.0	0.028	0.355	0.968	1.397	1.626	1.764
SPBC902.04	rmn1	viable	V	0.017	0.041	0.09	0.165	0.251	0.35	0.631
SPBC902.05c	idh2	viable	V	0.094	0.536	1.292	1.834	2.085	2.199	2.264
SPBC902.06	mto2	viable	V	0.022	0.074	0.157	0.233	0.28	0.31	0.337
SPBC947.01	knk1	viable	V	0.0	0.02	0.107	0.158	0.172	0.175	0.176
SPBC947.02	apl2	viable	V	0.0	0.113	1.628	3.498	4.277	4.541	4.632
SPBC947.04	pfl3	viable	V	-0.028	-0.192	-0.352	-0.406	-0.418	-0.421	-0.422
SPBC947.05c	frp2	viable	V	-0.027	-0.013	-0.004	-0.001	-0.0	-0.0	-0.0
SPBC947.06c	SPBC947.06c	viable	V	-0.038	-0.11	-0.23	-0.35	-0.436	-0.498	-0.569
SPBC947.07	rrp1402	inviable	E	0.315	2.175	3.992	4.595	4.734	4.768	4.777
SPBC947.08c	hip4	viable	V	0.123	0.289	0.566	0.882	1.154	1.39	1.776
SPBC947.10	dsc1	viable	V	-0.0	-0.0	-0.0	-0.0	-0.0	-0.0	-0.0
SPBC947.11c	elg1	viable	V	0.024	0.164	0.3	0.346	0.356	0.359	0.359
SPBC947.12	kms2	condition-dependent	E	0.024	0.348	1.507	2.861	3.703	4.166	4.487
SPBC947.13	rba50	viable	V	0.295	1.473	3.052	3.943	4.283	4.414	4.475
SPBC947.14c	cbp6	viable	V	0.064	0.203	0.472	0.782	1.033	1.231	1.492
SPBC947.15c	ndi1	viable	V	0.061	0.149	0.298	0.463	0.601	0.716	0.892
SPBC9B6.04c	tuf1	inviable	E	0.0	0.016	0.974	2.523	3.086	3.239	3.278
SPBC9B6.05c	lsm3	inviable	E	0.175	0.999	2.525	3.728	4.336	4.633	4.819
SPBC9B6.06	mrpl10	inviable	E	0.0	0.033	1.283	3.457	4.419	4.733	4.834
SPBC9B6.07	nop52	viable	V	0.226	1.17	2.401	3.062	3.302	3.39	3.428
SPBC9B6.09c	mdl1	viable	V	0.018	0.008	0.002	0.0	0.0	0.0	0.0
SPBC9B6.10	cdc37	inviable	E	0.0	0.136	2.202	4.2	4.815	4.976	5.017
SPBC9B6.11c	SPBC9B6.11c	viable	V	0.074	0.184	0.396	0.676	0.957	1.238	1.822
SPBP16F5.02	mcs2	inviable	E	0.009	0.356	1.717	2.863	3.334	3.511	3.583
SPBP16F5.03c	tra1	viable	V	0.066	0.189	0.394	0.602	0.753	0.862	0.989
SPBP16F5.04	ubc7	viable	V	0.042	0.073	0.123	0.184	0.247	0.316	0.501
SPBP16F5.05c	yar1	viable	V	0.08	0.571	1.639	2.563	3.051	3.296	3.453
SPBP16F5.06	nop8	inviable	E	0.097	1.208	3.035	3.911	4.17	4.247	4.272
SPBP16F5.07	apm1	condition-dependent	V	0.059	0.735	2.332	3.514	4.017	4.22	4.316
SPBP16F5.08c	fmo1	viable	V	0.032	0.366	0.79	0.944	0.981	0.99	0.992
SPBP18G5.02	pgs1	inviable	E	0.0	0.001	0.469	2.749	4.384	5.04	5.279
SPBP18G5.03	toc1	viable	V	0.04	0.401	0.83	0.982	1.018	1.027	1.029
SPBP19A11.01	gcv3	inviable	E	0.043	0.357	1.252	2.273	2.953	3.364	3.698
SPBP19A11.02c	SPBP19A11.02c	viable	V	-0.034	-0.236	-0.434	-0.499	-0.515	-0.518	-0.519
SPBP19A11.03c	mts4	inviable	E	0.042	0.971	2.808	3.669	3.902	3.966	3.983
SPBP19A11.04c	mor2	inviable	E	0.017	0.853	2.937	3.912	4.157	4.218	4.233
SPBP19A11.06	lid2	inviable	E	0.022	0.347	1.481	2.717	3.431	3.799	4.034
SPBP19A11.07c	hid2	unknown	Not_determined	0.03	0.206	0.379	0.436	0.449	0.453	0.453
SPBP22H7.02c	mrd1	inviable	E	0.309	2.133	3.915	4.506	4.643	4.676	4.685
SPBP22H7.03	sbg1	inviable	E	0.083	1.048	2.946	4.063	4.453	4.587	4.638
SPBP22H7.04	SPBP22H7.04	viable	V	-0.037	-0.093	-0.187	-0.29	-0.374	-0.443	-0.545
SPBP22H7.05c	abo2	viable	V	0.025	0.043	0.073	0.11	0.147	0.188	0.298
SPBP22H7.06	nrk1	viable	V	0.024	0.073	0.198	0.414	0.685	1.016	1.977
SPBP22H7.07	prp5	inviable	E	0.188	2.161	4.656	5.562	5.776	5.828	5.841
SPBP22H7.08	rps1002	viable	V	0.256	1.77	3.248	3.739	3.852	3.88	3.887
SPBP22H7.09c	mis15	inviable	E	0.008	0.272	1.619	3.249	4.172	4.619	4.874
SPBP23A10.02	pkr1	viable	V	0.03	0.122	0.397	0.903	1.533	2.259	4.017
SPBP23A10.03c	sdh7	viable	V	0.064	0.245	0.526	0.743	0.859	0.92	0.963
SPBP23A10.04	apc2	inviable	E	0.092	1.406	3.311	4.037	4.21	4.253	4.264
SPBP23A10.05	ssr4	condition-dependent	V	0.037	0.204	0.669	1.327	1.91	2.379	2.978
SPBP23A10.06	mtm1	inviable	E	0.0	0.017	1.079	3.181	4.123	4.425	4.517
SPBP23A10.07	rpa2	inviable	E	0.161	1.651	3.56	4.296	4.482	4.53	4.543
SPBP23A10.08	alp5	inviable	E	0.002	0.331	1.995	3.13	3.471	3.566	3.593
SPBP23A10.09	psf1	inviable	E	0.119	1.231	2.569	3.046	3.158	3.185	3.192
SPBP23A10.10	ppk32	viable	V	0.074	0.145	0.26	0.401	0.537	0.674	0.981
SPBP23A10.11c	SPBP23A10.11c	viable	Not_determined	0.0	0.056	0.406	0.643	0.708	0.725	0.729
SPBP23A10.12	frg1	viable	V	-0.066	-0.033	-0.011	-0.002	-0.0	-0.0	-0.0
SPBP23A10.13	orc4	inviable	E	0.062	1.179	2.982	3.698	3.87	3.913	3.923
SPBP23A10.14c	ell1	viable	V	0.034	0.236	0.434	0.499	0.514	0.518	0.519
SPBP23A10.15c	qcr1	inviable	E	0.303	2.094	3.844	4.424	4.558	4.591	4.599
SPBP23A10.16	tim18	viable	V	0.055	0.362	0.682	0.799	0.829	0.837	0.839
SPBP23A10.17	SPBP23A10.17	viable	Not_determined	0.0	0.045	0.511	0.898	1.012	1.042	1.049
SPBP26C9.02c	car1	viable	V	-0.001	-0.0	-0.0	-0.0	-0.0	-0.0	-0.0
SPBP26C9.03c	fet4	viable	V	0.0	0.008	0.246	0.551	0.653	0.681	0.687
SPBP35G2.03c	sgo1	viable	V	0.015	0.102	0.187	0.215	0.221	0.223	0.223
SPBP35G2.04c	SPBP35G2.04c	viable	V	-0.066	-0.033	-0.011	-0.002	-0.0	-0.0	-0.0
SPBP35G2.05c	cki2	viable	V	0.033	0.263	0.577	0.723	0.768	0.781	0.786
SPBP35G2.06c	nup131	viable	V	0.053	0.365	0.669	0.77	0.794	0.8	0.801
SPBP35G2.07	ilv1	viable	V	0.112	1.15	2.772	3.564	3.807	3.882	3.908
SPBP35G2.08c	air1	viable	V	0.011	0.182	0.952	2.057	2.865	3.367	3.772
SPBP35G2.09	usp103	inviable	E	0.0	0.003	0.158	0.757	1.358	1.74	1.999
SPBP35G2.10	mit1	viable	V	-0.066	-0.033	-0.011	-0.002	-0.0	-0.0	-0.0
SPBP35G2.11c	nbr1	viable	V	0.08	0.55	1.009	1.161	1.196	1.205	1.207
SPBP35G2.12	ysa1	viable	V	0.001	0.07	0.253	0.341	0.363	0.369	0.37
SPBP35G2.13c	swc2	viable	V	0.008	0.057	0.209	0.429	0.621	0.769	0.945
SPBP35G2.14	puf2	viable	V	0.066	0.27	0.578	0.802	0.914	0.969	1.005
SPBP4G3.02	pho1	viable	V	-0.002	-0.001	-0.0	-0.0	-0.0	-0.0	-0.0
SPBP4G3.03	fub2	viable	V	0.0	0.0	0.023	0.336	0.595	0.682	0.705
SPBP4H10.03	oxa102	viable	V	0.105	0.223	0.419	0.652	0.867	1.069	1.463
SPBP4H10.04	ppb1	viable	V	0.007	0.027	0.092	0.223	0.407	0.645	1.361
SPBP4H10.05c	spe2	viable	V	0.054	0.277	0.692	1.042	1.234	1.336	1.408
SPBP4H10.06c	cut14	inviable	E	0.117	1.478	3.285	3.952	4.11	4.149	4.159
SPBP4H10.07	SPBP4H10.07	viable	V	0.0	0.0	0.0	0.004	0.054	0.256	1.329
SPBP4H10.08	qcr10	viable	V	0.024	0.042	0.071	0.107	0.144	0.183	0.291
SPBP4H10.09	rsv1	viable	V	0.079	0.186	0.389	0.662	0.943	1.234	1.892
SPBP4H10.10	rbd3	viable	V	0.07	0.171	0.341	0.531	0.69	0.823	1.027
SPBP4H10.11c	lcf2	viable	V	0.005	0.043	0.21	0.58	1.054	1.574	2.586
SPBP4H10.12	SPBP4H10.12	viable	V	0.012	0.033	0.069	0.105	0.133	0.153	0.178
SPBP4H10.14c	SPBP4H10.14c	viable	V	0.472	0.467	0.446	0.359	0.142	0.001	0.0
SPBP4H10.15	aco2	inviable	E	0.0	0.01	1.019	3.237	4.218	4.517	4.603
SPBP4H10.16c	SPBP4H10.16c	viable	V	0.001	0.143	0.71	1.03	1.114	1.135	1.141
SPBP4H10.17c	SPBP4H10.17c	viable	V	0.02	0.009	0.003	0.001	0.0	0.0	0.0
SPBP4H10.18c	SPBP4H10.18c	viable	V	0.048	0.33	0.606	0.697	0.718	0.724	0.725
SPBP4H10.19c	SPBP4H10.19c	viable	V	0.035	0.061	0.102	0.153	0.206	0.263	0.417
SPBP4H10.20	nhm1	viable	V	0.003	0.055	0.159	0.213	0.229	0.234	0.236
SPBP4H10.21c	sld5	inviable	E	0.303	2.092	3.839	4.418	4.552	4.585	4.593
SPBP8B7.01c	pop7	inviable	E	0.229	1.881	3.646	4.25	4.391	4.425	4.434
SPBP8B7.02	rng9	viable	V	-0.026	-0.046	-0.077	-0.116	-0.156	-0.198	-0.315
SPBP8B7.03c	rpl402	inviable	E	0.0	0.097	1.219	2.19	2.48	2.555	2.574
SPBP8B7.04	mug45	viable	V	-0.009	-0.004	-0.001	-0.0	-0.0	-0.0	-0.0
SPBP8B7.05c	nce103	condition-dependent	E	0.037	0.201	0.653	1.286	1.843	2.29	2.857
SPBP8B7.06	rpp201	viable	V	0.032	0.787	2.151	2.716	2.853	2.887	2.896
SPBP8B7.07c	set6	viable	V	0.007	0.0	0.0	0.0	0.0	0.0	0.0
SPBP8B7.08c	ppm1	viable	V	-0.002	-0.0	-0.0	-0.0	-0.0	-0.0	-0.0
SPBP8B7.09c	los1	viable	V	0.022	0.11	0.328	0.597	0.809	0.965	1.139
SPBP8B7.10c	utp16	viable	V	0.003	0.078	0.432	0.863	1.116	1.244	1.32
SPBP8B7.11	nxt3	viable	V	0.057	0.31	0.911	1.584	2.058	2.368	2.659
SPBP8B7.12c	fta3	inviable	E	0.093	0.916	1.88	2.22	2.3	2.32	2.325
SPBP8B7.13	vac7	viable	V	0.022	0.152	0.279	0.321	0.331	0.333	0.334
SPBP8B7.14c	dpb2	inviable	E	0.269	1.859	3.412	3.927	4.046	4.075	4.083
SPBP8B7.15c	mpe1	inviable	E	0.245	1.62	3.036	3.545	3.672	3.705	3.714
SPBP8B7.16c	dbp2	inviable	E	0.221	1.628	3.047	3.523	3.633	3.66	3.667
SPBP8B7.17c	thi20	inviable	E	0.172	1.093	2.432	3.171	3.438	3.536	3.577
SPBP8B7.18c	thi201	viable	V	0.04	0.279	0.512	0.59	0.608	0.612	0.613
SPBP8B7.19	spt16	inviable	E	0.032	0.872	3.038	4.339	4.765	4.899	4.944
SPBP8B7.20c	nop2	inviable	E	0.284	1.96	3.596	4.14	4.265	4.296	4.303
SPBP8B7.21	ubp3	viable	V	0.074	0.13	0.218	0.328	0.44	0.561	0.892
SPBP8B7.22	erd2	viable	V	0.0	0.002	0.218	1.55	3.224	4.395	5.228
SPBP8B7.23	rnf10	viable	V	0.008	0.0	0.0	0.0	0.0	0.0	0.0
SPBP8B7.24c	atg8	viable	V	0.0	0.007	0.107	0.299	0.427	0.491	0.526
SPBP8B7.25	cyp4	viable	V	0.196	0.097	0.033	0.007	0.001	0.0	0.0
SPBP8B7.27	mug30	viable	V	0.05	0.381	0.742	0.874	0.906	0.915	0.917
SPBP8B7.28c	stc1	viable	V	0.009	0.0	0.0	0.0	0.0	0.0	0.0
SPBP8B7.29	abz1	inviable	E	0.057	0.134	0.264	0.411	0.538	0.647	0.823
SPBP8B7.30c	thi5	viable	V	0.0	0.0	0.0	0.0	0.089	0.341	0.476
SPBP8B7.31	SPBP8B7.31	viable	V	0.022	0.145	0.271	0.317	0.328	0.331	0.332
SPBP8B7.32	SPBP8B7.32	viable	Not_determined	0.013	0.006	0.002	0.0	0.0	0.0	0.0
SPBPB10D8.01	SPBPB10D8.01	viable	V	0.064	0.112	0.189	0.283	0.38	0.485	0.77
SPBPB10D8.02c	SPBPB10D8.02c	viable	V	0.045	0.17	0.366	0.52	0.603	0.647	0.679
SPBPB21E7.01c	eno102	viable	V	0.07	0.308	0.653	0.883	0.986	1.033	1.059
SPBPB21E7.02c	SPBPB21E7.02c	unknown	Not_determined	0.016	0.113	0.207	0.238	0.245	0.247	0.248
SPBPB21E7.04c	cmt2	viable	V	0.057	0.116	0.217	0.346	0.476	0.611	0.932
SPBPB21E7.05	SPBPB21E7.05	viable	V	0.0	0.0	0.002	0.255	0.754	0.978	1.043
SPBPB21E7.07	aes1	unknown	Not_determined	0.017	0.049	0.124	0.246	0.394	0.572	1.082
SPBPB21E7.09	SPBPB21E7.09	viable	V	0.07	0.319	0.674	0.901	0.999	1.041	1.064
SPBPB21E7.10	SPBPB21E7.10	unknown	Not_determined	0.012	0.257	0.677	0.847	0.888	0.898	0.901
SPBPB21E7.11	SPBPB21E7.11	unknown	Not_determined	0.054	0.121	0.248	0.43	0.633	0.864	1.508
SPBPB2B2.01	nrg1	viable	V	0.059	0.137	0.268	0.417	0.547	0.661	0.85
SPBPB2B2.02	say1	viable	V	0.045	0.109	0.216	0.337	0.437	0.522	0.653
SPBPB2B2.05	SPBPB2B2.05	viable	V	0.001	0.081	0.333	0.463	0.496	0.504	0.507
SPBPB2B2.06c	efn1	viable	V	0.018	0.066	0.184	0.358	0.536	0.707	1.015
SPBPB2B2.07c	SPBPB2B2.07c	viable	V	0.0	0.01	0.53	1.331	1.617	1.695	1.715
SPBPB2B2.08	SPBPB2B2.08	viable	V	-0.033	-0.058	-0.097	-0.146	-0.196	-0.25	-0.397
SPBPB2B2.09c	pan5	viable	V	0.0	0.066	0.579	0.958	1.066	1.094	1.101
SPBPB2B2.10c	gal7	viable	V	0.038	0.208	0.445	0.578	0.629	0.648	0.657
SPBPB2B2.11	tgd1	viable	V	0.048	0.207	0.441	0.598	0.67	0.703	0.723
SPBPB2B2.12c	gal10	viable	V	0.0	0.01	0.18	0.46	0.612	0.675	0.703
SPBPB2B2.13	gal1	viable	V	0.014	0.09	0.256	0.406	0.49	0.535	0.567
SPBPB7E8.01	SPBPB7E8.01	viable	V	0.071	0.442	0.852	1.016	1.062	1.075	1.079
SPBPB7E8.02	SPBPB7E8.02	viable	V	-0.026	-0.171	-0.321	-0.376	-0.389	-0.393	-0.394
SPBPB8B6.02c	SPBPB8B6.02c	unknown	Not_determined	0.043	0.299	0.55	0.633	0.652	0.656	0.657
SPBPB8B6.03	fah1	viable	Not_determined	0.029	0.136	0.359	0.587	0.739	0.836	0.925
SPBPB8B6.04c	grt1	viable	V	0.172	0.301	0.506	0.76	1.02	1.301	2.066
SPBPB8B6.05c	SPBPB8B6.05c	viable	V	-0.027	-0.013	-0.004	-0.001	-0.0	-0.0	-0.0
SPBPB8B6.06c	fex2	viable	Not_determined	-0.003	-0.08	-0.221	-0.28	-0.295	-0.298	-0.299
SPBPJ4664.01	dps1	condition-dependent	V	0.002	0.027	0.197	0.624	1.159	1.692	2.516
SPBPJ4664.02	SPBPJ4664.02	viable	V	-0.017	-0.081	-0.206	-0.317	-0.382	-0.419	-0.447
SPBPJ4664.03	mfm3	viable	V	-0.028	-0.19	-0.349	-0.402	-0.414	-0.417	-0.418
SPBPJ4664.04	cop1	condition-dependent	E	0.234	1.611	2.957	3.404	3.507	3.532	3.539
SPBPJ4664.05	aig1	viable	V	-0.048	-0.024	-0.008	-0.002	-0.0	-0.0	-0.0
SPBPJ4664.06	gpt1	viable	V	0.015	0.088	0.172	0.208	0.218	0.221	0.222
SPCC1020.01c	pma2	viable	V	0.168	1.156	2.122	2.443	2.517	2.535	2.539
SPCC1020.02	spc7	inviable	E	0.036	0.715	2.404	3.503	3.901	4.039	4.091
SPCC1020.03	mmt1	viable	V	0.07	0.398	0.818	1.028	1.099	1.123	1.133
SPCC1020.04c	rpb6	inviable	E	0.21	2.044	4.34	5.222	5.445	5.503	5.518
SPCC1020.05	dcr2	viable	V	0.073	0.506	0.928	1.068	1.1	1.108	1.11
SPCC1020.06c	tal1	viable	V	0.0	0.0	0.002	0.265	0.762	0.982	1.045
SPCC1020.07	SPCC1020.07	viable	V	-0.009	-0.004	-0.001	-0.0	-0.0	-0.0	-0.0
SPCC1020.08	tyw1	viable	V	0.077	0.147	0.265	0.42	0.584	0.764	1.259
SPCC1020.09	gnr1	viable	V	0.024	0.056	0.119	0.211	0.317	0.437	0.776
SPCC1020.10	oca2	viable	V	0.11	0.76	1.394	1.605	1.653	1.665	1.668
SPCC1020.11c	emc6	viable	V	-0.026	-0.013	-0.004	-0.001	-0.0	-0.0	-0.0
SPCC1020.12c	xap5	viable	V	0.054	0.121	0.233	0.363	0.479	0.583	0.768
SPCC1020.13c	SPCC1020.13c	viable	V	0.041	0.105	0.212	0.329	0.422	0.497	0.603
SPCC10H11.01	prp11	inviable	E	0.267	1.887	3.488	4.022	4.145	4.175	4.183
SPCC10H11.02	cwf23	inviable	E	0.278	1.916	3.516	4.047	4.169	4.199	4.207
SPCC1183.01	sec15	inviable	E	0.051	1.173	3.205	4.065	4.28	4.334	4.348
SPCC1183.02	SPCC1183.02	viable	V	0.013	0.086	0.159	0.183	0.188	0.19	0.19
SPCC1183.03c	fxn1	condition-dependent	E	0.0	0.082	1.678	3.379	3.919	4.062	4.098
SPCC1183.04c	pet127	viable	V	0.058	0.151	0.309	0.478	0.61	0.713	0.851
SPCC1183.05c	lig4	viable	V	-0.014	-0.002	-0.0	-0.0	-0.0	-0.0	-0.0
SPCC1183.06	ung1	viable	V	0.065	0.449	0.824	0.949	0.978	0.985	0.986
SPCC1183.07	rrp5	inviable	E	0.202	1.752	3.455	4.043	4.18	4.213	4.222
SPCC1183.08c	rpl101	inviable	E	0.01	0.583	2.073	2.782	2.961	3.005	3.017
SPCC1183.09c	pmp31	viable	V	-0.041	-0.143	-0.307	-0.446	-0.529	-0.577	-0.616
SPCC1183.10	wtf10	viable	V	-0.028	-0.192	-0.352	-0.405	-0.417	-0.42	-0.421
SPCC1183.11	msy1	viable	V	0.064	0.439	0.806	0.928	0.956	0.963	0.964
SPCC1183.12	spo13	unknown	Not_determined	-0.039	-0.27	-0.495	-0.57	-0.587	-0.591	-0.592
SPCC11E10.01	cbl1	viable	V	0.005	0.0	0.0	0.0	0.0	0.0	0.0
SPCC11E10.02c	gpi8	inviable	E	0.127	1.417	3.525	4.573	4.896	4.996	5.03
SPCC11E10.03	jnm1	viable	V	0.0	0.016	0.173	0.299	0.336	0.346	0.348
SPCC11E10.04	ppr6	viable	V	0.071	0.244	0.58	0.953	1.24	1.453	1.709
SPCC11E10.05c	ynd1	viable	V	0.0	0.002	0.049	0.199	0.356	0.466	0.558
SPCC11E10.06c	elp4	viable	V	0.321	0.777	1.542	2.399	3.12	3.728	4.671
SPCC11E10.07c	gcn3	viable	V	0.111	0.874	1.671	1.943	2.005	2.021	2.025
SPCC11E10.08	rik1	viable	V	0.001	0.029	0.212	0.646	1.142	1.591	2.182
SPCC11E10.09c	SPCC11E10.09c	viable	V	0.029	0.142	0.385	0.636	0.802	0.906	0.998
SPCC1223.01	rqt1	viable	V	0.004	0.04	0.171	0.36	0.511	0.616	0.72
SPCC1223.02	nmt1	viable	V	0.012	0.082	0.15	0.173	0.178	0.18	0.18
SPCC1223.03c	gut2	viable	V	-0.007	-0.003	-0.001	-0.0	-0.0	-0.0	-0.0
SPCC1223.04c	set11	viable	V	0.034	0.122	0.3	0.5	0.654	0.768	0.903
SPCC1223.06	tea1	viable	V	0.065	0.221	0.473	0.695	0.831	0.914	0.987
SPCC1223.07c	drs1	viable	V	0.275	1.897	3.481	4.007	4.128	4.158	4.166
SPCC1223.08c	dfr1	inviable	E	0.061	0.124	0.229	0.354	0.473	0.589	0.833
SPCC1223.09	uro1	viable	V	0.013	0.051	0.11	0.153	0.175	0.185	0.192
SPCC1223.10c	eaf1	viable	V	-0.028	-0.195	-0.357	-0.411	-0.424	-0.427	-0.428
SPCC1223.11	ptc2	viable	V	0.075	0.19	0.393	0.631	0.839	1.02	1.315
SPCC1223.12c	meu10	viable	V	0.027	0.185	0.339	0.39	0.402	0.405	0.405
SPCC1223.13	cbf12	viable	V	0.028	0.071	0.144	0.223	0.287	0.34	0.416
SPCC1223.14	aro2	inviable	E	0.143	0.987	1.811	2.084	2.147	2.163	2.166
SPCC1223.15c	spc19	viable	V	0.015	0.052	0.156	0.351	0.609	0.933	1.889
SPCC1235.01	SPCC1235.01	viable	V	0.019	0.133	0.245	0.282	0.29	0.293	0.293
SPCC1235.02	bio2	viable	V	0.084	0.208	0.416	0.646	0.837	0.996	1.233
SPCC1235.03	cue2	viable	V	0.0	0.076	0.451	0.68	0.743	0.758	0.762
SPCC1235.04c	nad1	viable	V	0.127	1.529	3.545	4.38	4.599	4.658	4.675
SPCC1235.05c	fft2	viable	V	0.058	0.365	0.769	0.97	1.037	1.059	1.068
SPCC1235.06	get2	viable	V	-0.006	-0.038	-0.07	-0.081	-0.083	-0.084	-0.084
SPCC1235.07	fta7	inviable	E	0.001	0.158	1.547	3.276	4.109	4.44	4.581
SPCC1235.08c	pdh1	viable	V	0.062	0.428	0.785	0.904	0.931	0.938	0.94
SPCC1235.09	hif2	viable	V	0.028	0.081	0.191	0.342	0.493	0.64	0.924
SPCC1235.10c	sec6	inviable	E	0.045	0.819	2.716	3.971	4.435	4.6	4.664
SPCC1235.11	mpc1	viable	V	0.026	0.183	0.496	0.742	0.863	0.919	0.952
SPCC1235.12c	mug146	viable	V	-0.037	-0.177	-0.369	-0.483	-0.529	-0.547	-0.557
SPCC1235.13	ght6	viable	V	0.006	0.164	0.584	0.847	0.936	0.965	0.975
SPCC1235.14	ght5	viable	V	0.074	0.398	0.929	1.299	1.468	1.544	1.586
SPCC1235.15	dga1	viable	V	-0.028	-0.194	-0.357	-0.412	-0.424	-0.427	-0.428
SPCC1235.16	vma21	condition-dependent	Not_determined	0.012	0.123	0.567	1.298	1.963	2.483	3.078
SPCC1235.17	SPCC1235.17	viable	Not_determined	-0.007	-0.112	-0.352	-0.508	-0.566	-0.587	-0.595
SPCC1235.18	SPCC1235.18	viable	Not_determined	0.018	0.055	0.115	0.174	0.215	0.243	0.273
SPCC1259.01c	rps1802	viable	V	0.204	2.318	4.976	5.939	6.166	6.221	6.235
SPCC1259.02c	erm1	viable	V	0.031	0.214	0.393	0.452	0.466	0.469	0.47
SPCC1259.03	rpa12	viable	V	0.008	0.156	0.762	1.489	1.934	2.171	2.327
SPCC1259.04	iec3	viable	V	0.0	0.006	0.117	0.494	0.957	1.348	1.765
SPCC1259.05c	cox9	viable	V	0.019	0.141	0.409	0.641	0.763	0.824	0.863
SPCC1259.07	rxt3	inviable	E	0.008	0.345	1.728	2.923	3.421	3.608	3.686
SPCC1259.09c	pdx1	viable	V	0.094	0.165	0.277	0.416	0.558	0.711	1.13
SPCC1259.10	pgp1	viable	V	0.058	0.026	0.007	0.001	0.0	0.0	0.0
SPCC1259.11c	gyp2	viable	V	0.0	0.027	0.309	0.541	0.609	0.627	0.632
SPCC1259.12c	gid1	viable	V	-0.026	-0.18	-0.331	-0.381	-0.392	-0.395	-0.396
SPCC1259.13	chk1	viable	V	0.049	0.351	0.651	0.751	0.775	0.78	0.782
SPCC1259.14c	meu27	viable	V	0.0	0.002	0.091	0.403	0.669	0.814	0.895
SPCC1259.15c	ubc11	inviable	E	0.258	1.783	3.272	3.766	3.88	3.908	3.915
SPCC1259.16	SPCC1259.16	viable	Not_determined	0.0	0.0	0.0	0.001	0.208	0.774	1.071
SPCC126.01c	SPCC126.01c	viable	V	0.019	0.132	0.242	0.278	0.287	0.289	0.289
SPCC126.02c	pku70	viable	V	0.013	0.088	0.162	0.186	0.192	0.193	0.194
SPCC126.03	pus1	viable	V	0.011	0.062	0.193	0.36	0.493	0.589	0.695
SPCC126.04c	sgf73	viable	V	0.0	0.0	0.0	0.072	0.368	0.618	0.745
SPCC126.05c	mrpl17	inviable	E	0.0	0.015	1.343	3.806	4.747	5.005	5.072
SPCC126.06	twf1	viable	V	0.0	0.087	0.597	0.933	1.026	1.05	1.056
SPCC126.07c	asr1	viable	V	0.021	0.097	0.205	0.274	0.304	0.318	0.325
SPCC126.08c	SPCC126.08c	viable	V	0.009	0.0	0.0	0.0	0.0	0.0	0.0
SPCC126.09	zip2	viable	V	0.0	0.0	0.0	0.0	0.116	0.831	1.354
SPCC126.10	iah1	viable	V	-0.066	-0.033	-0.011	-0.002	-0.0	-0.0	-0.0
SPCC126.11c	SPCC126.11c	viable	V	0.0	0.004	0.11	0.314	0.431	0.479	0.5
SPCC126.12	SPCC126.12	viable	V	0.065	0.447	0.82	0.943	0.972	0.979	0.981
SPCC126.13c	sap18	viable	V	-0.008	-0.004	-0.001	-0.0	-0.0	-0.0	-0.0
SPCC126.14	prp18	inviable	E	0.083	0.876	2.471	3.517	3.926	4.083	4.151
SPCC1281.01	ags1	inviable	E	0.256	1.764	3.237	3.726	3.838	3.866	3.873
SPCC1281.02c	spf30	inviable	E	0.027	0.534	1.871	2.807	3.166	3.297	3.35
SPCC1281.03c	emc4	viable	V	0.01	0.059	0.223	0.496	0.772	1.02	1.388
SPCC1281.04	akr7	viable	V	-0.017	-0.059	-0.156	-0.295	-0.434	-0.566	-0.801
SPCC1281.05	rsc7	inviable	E	0.007	0.057	0.289	0.82	1.531	2.341	4.028
SPCC1281.06c	ole1	inviable	E	0.03	0.723	1.962	2.473	2.597	2.628	2.636
SPCC1281.07c	gst4	viable	V	-0.008	-0.002	-0.0	-0.0	-0.0	-0.0	-0.0
SPCC1281.08	wtf11	viable	V	-0.031	-0.217	-0.399	-0.459	-0.473	-0.476	-0.477
SPCC132.01c	rqc2	viable	V	0.011	0.171	0.404	0.494	0.515	0.52	0.522
SPCC132.02	hst2	viable	V	0.0	0.003	0.178	0.457	0.559	0.586	0.593
SPCC132.03	SPCC132.03	viable	V	0.018	0.216	0.471	0.565	0.587	0.592	0.594
SPCC132.04c	gdh2	viable	V	-0.053	-0.026	-0.008	-0.002	-0.0	-0.0	-0.0
SPCC1322.01	rpm1	viable	V	0.006	0.045	0.196	0.454	0.707	0.922	1.206
SPCC1322.02	pxd1	viable	V	0.004	0.027	0.125	0.342	0.636	0.982	1.771
SPCC1322.03	trp1322	viable	V	0.025	0.089	0.192	0.277	0.326	0.354	0.376
SPCC1322.04	fyu1	inviable	E	0.212	1.669	3.441	4.159	4.352	4.407	4.423
SPCC1322.05c	lap2	viable	V	-0.0	-0.0	-0.0	-0.006	-0.205	-0.484	-0.599
SPCC1322.06	kap113	viable	V	0.012	0.081	0.149	0.171	0.176	0.178	0.178
SPCC1322.07c	mug150	viable	V	-0.0	-0.0	-0.0	-0.0	-0.001	-0.268	-0.996
SPCC1322.08	srk1	viable	V	0.027	0.184	0.339	0.39	0.401	0.404	0.405
SPCC1322.09	SPCC1322.09	viable	V	-0.032	-0.221	-0.405	-0.466	-0.481	-0.484	-0.485
SPCC1322.10	knh2	viable	V	0.0	0.054	0.371	0.579	0.636	0.651	0.654
SPCC1322.11	rpl2302	inviable	E	0.16	1.104	2.025	2.331	2.402	2.419	2.423
SPCC1322.12c	bub1	viable	V	0.021	0.086	0.25	0.479	0.693	0.88	1.159
SPCC1322.14c	vtc4	viable	V	0.064	0.325	0.671	0.86	0.93	0.957	0.969
SPCC1322.15	rpl3402	viable	V	0.105	0.727	1.335	1.536	1.583	1.594	1.597
SPCC1322.16	phb2	viable	V	0.0	0.001	0.022	0.142	0.342	0.545	0.796
SPCC1393.03	rps1501	viable	V	0.267	1.06	2.294	3.234	3.723	3.975	4.149
SPCC1393.04	fta4	inviable	E	0.0	0.112	1.313	2.759	3.387	3.612	3.696
SPCC1393.05	ers1	viable	V	0.015	0.102	0.186	0.215	0.221	0.223	0.223
SPCC1393.06c	ipi1	inviable	E	0.214	1.856	3.661	4.285	4.43	4.466	4.474
SPCC1393.07c	mug4	viable	V	0.009	0.086	0.177	0.209	0.216	0.218	0.219
SPCC1393.08	fil1	viable	V	0.031	0.015	0.005	0.001	0.0	0.0	0.0
SPCC1393.09c	gir2	viable	V	0.03	0.095	0.201	0.301	0.367	0.411	0.455
SPCC1393.12	SPCC1393.12	viable	V	0.002	0.0	0.0	0.0	0.0	0.0	0.0
SPCC1393.13	duf89	viable	V	0.06	0.417	0.765	0.881	0.908	0.914	0.916
SPCC1393.14	ten1	viable	Not_determined	0.0	0.002	0.285	1.56	2.686	3.269	3.563
SPCC13B11.01	adh1	viable	V	0.196	1.861	3.833	4.549	4.722	4.765	4.777
SPCC13B11.03c	SPCC13B11.03c	viable	V	0.049	0.339	0.621	0.715	0.737	0.742	0.743
SPCC13B11.04c	fmd3	viable	V	-0.033	-0.23	-0.422	-0.486	-0.501	-0.504	-0.505
SPCC1442.01	ste6	viable	V	0.042	0.286	0.526	0.605	0.623	0.628	0.629
SPCC1442.02	glm2	viable	V	-0.052	-0.0	-0.0	-0.0	-0.0	-0.0	-0.0
SPCC1442.03	mme1	viable	V	0.134	0.377	0.785	1.2	1.507	1.731	1.999
SPCC1442.04c	rmr1	viable	V	0.172	0.085	0.029	0.006	0.001	0.0	0.0
SPCC1442.05c	mic26	viable	V	0.028	0.195	0.358	0.413	0.425	0.428	0.429
SPCC1442.06	pre8	inviable	E	0.167	1.642	3.452	4.127	4.292	4.335	4.346
SPCC1442.07c	wss2	viable	V	0.023	0.096	0.243	0.4	0.511	0.587	0.664
SPCC1442.08c	cox12	viable	V	0.03	0.068	0.13	0.202	0.267	0.325	0.43
SPCC1442.09	trp3	inviable	E	0.289	1.991	3.654	4.206	4.333	4.364	4.372
SPCC1442.11c	SPCC1442.11c	viable	V	0.0	0.0	0.14	0.634	0.874	0.944	0.962
SPCC1442.12	pps1	condition-dependent	E	0.098	1.366	3.132	3.796	3.954	3.993	4.003
SPCC1442.14c	hnt1	viable	V	0.013	0.049	0.104	0.148	0.171	0.184	0.193
SPCC1442.16c	zta1	viable	V	-0.009	-0.0	-0.0	-0.0	-0.0	-0.0	-0.0
SPCC1442.17c	ist1	viable	V	0.017	0.119	0.219	0.252	0.26	0.262	0.262
SPCC1442.19	mrp49	unknown	Not_determined	0.0	0.013	0.214	0.758	1.292	1.665	1.98
SPCC1450.02	bdf1	viable	V	0.04	0.109	0.232	0.371	0.485	0.578	0.71
SPCC1450.03	utp502	viable	V	0.079	1.011	2.253	2.713	2.822	2.849	2.855
SPCC1450.04	tef5	inviable	E	0.285	1.969	3.614	4.159	4.285	4.316	4.324
SPCC1450.05c	rox3	viable	V	0.029	0.198	0.364	0.419	0.431	0.434	0.435
SPCC1450.07c	dao1	viable	V	0.05	0.346	0.634	0.73	0.752	0.758	0.759
SPCC1450.08c	wtf16	viable	V	-0.0	-0.0	-0.005	-0.207	-0.449	-0.541	-0.567
SPCC1450.09c	plb5	viable	V	-0.03	-0.149	-0.31	-0.402	-0.437	-0.451	-0.457
SPCC1450.10c	nar1	inviable	E	0.139	1.015	2.395	3.186	3.475	3.581	3.626
SPCC1450.11c	cek1	viable	V	0.026	0.151	0.373	0.539	0.619	0.656	0.678
SPCC1450.12	SPCC1450.12	viable	V	-0.033	-0.103	-0.218	-0.327	-0.399	-0.446	-0.493
SPCC1450.13c	rib5	inviable	E	0.076	1.034	2.788	3.711	4.002	4.094	4.125
SPCC1450.14c	ero12	inviable	E	0.0	0.201	1.939	3.353	3.784	3.901	3.932
SPCC1450.15	SPCC1450.15	inviable	E	0.113	1.566	3.583	4.34	4.52	4.565	4.576
SPCC1450.16c	ptl1	viable	V	0.083	0.169	0.31	0.479	0.641	0.798	1.13
SPCC1494.01	SPCC1494.01	viable	V	0.0	0.0	0.0	0.001	0.115	0.41	0.562
SPCC1494.02c	taf13	inviable	E	0.075	0.5	1.337	1.998	2.324	2.478	2.57
SPCC1494.03	arz1	viable	V	0.007	0.031	0.117	0.304	0.577	0.939	2.045
SPCC1494.04c	tyr1	viable	V	0.293	2.021	3.71	4.27	4.399	4.431	4.439
SPCC1494.05c	ubp12	viable	V	-0.011	-0.004	-0.001	-0.0	-0.0	-0.0	-0.0
SPCC1494.06c	dbp9	inviable	E	0.146	1.666	3.582	4.277	4.44	4.481	4.491
SPCC1494.07	trm732	viable	V	0.012	0.067	0.133	0.164	0.174	0.178	0.179
SPCC1494.08c	SPCC1494.08c	viable	V	0.043	0.297	0.546	0.628	0.647	0.652	0.653
SPCC1494.09c	tfb6	viable	V	0.0	0.0	0.0	0.0	0.0	0.002	1.352
SPCC1494.10	adn3	viable	V	0.066	0.145	0.277	0.431	0.57	0.698	0.932
SPCC1494.11c	Tf2-13	unknown	Not_determined	-0.0	-0.0	-0.0	-0.0	-0.0	-0.012	-0.72
SPCC14G10.01	cab5	inviable	E	0.006	0.636	2.764	3.907	4.21	4.288	4.308
SPCC14G10.02	urb1	inviable	E	0.203	1.327	2.974	3.882	4.209	4.328	4.378
SPCC14G10.03c	ump1	viable	V	0.068	0.49	1.583	2.766	3.535	3.994	4.365
SPCC14G10.04	eap1	viable	V	0.008	0.147	0.639	1.139	1.405	1.532	1.605
SPCC1529.01	SPCC1529.01	viable	V	0.042	0.198	0.415	0.545	0.599	0.621	0.632
SPCC162.01c	snp27	viable	V	0.058	0.401	0.737	0.848	0.874	0.88	0.881
SPCC162.02c	SPCC162.02c	viable	V	0.001	0.096	0.411	0.574	0.617	0.627	0.63
SPCC162.03	SPCC162.03	viable	V	-0.029	-0.198	-0.363	-0.418	-0.43	-0.433	-0.434
SPCC162.05	coq3	condition-dependent	V	0.0	0.0	0.015	0.261	0.944	1.811	2.951
SPCC162.06c	vps60	viable	V	0.002	0.02	0.128	0.404	0.779	1.192	1.963
SPCC162.08c	nup211	inviable	E	0.144	0.938	2.29	3.191	3.575	3.735	3.816
SPCC162.09c	hmg1	condition-dependent	E	0.21	1.67	3.203	3.725	3.846	3.876	3.883
SPCC162.10	ppk33	viable	V	0.039	0.074	0.129	0.196	0.264	0.334	0.504
SPCC162.11c	urk1	viable	V	-0.028	-0.191	-0.351	-0.404	-0.417	-0.42	-0.42
SPCC162.12	tco89	viable	V	0.02	0.136	0.249	0.287	0.295	0.298	0.298
SPCC1620.01c	lsm2	inviable	E	0.105	1.185	2.756	3.435	3.621	3.673	3.688
SPCC1620.03	mug163	viable	V	-0.013	-0.007	-0.002	-0.0	-0.0	-0.0	-0.0
SPCC1620.04c	fzr3	viable	V	0.0	0.0	0.0	0.0	0.0	0.004	1.189
SPCC1620.05	bet4	inviable	E	0.222	1.685	3.188	3.696	3.813	3.842	3.849
SPCC1620.06c	SPCC1620.06c	inviable	E	0.258	1.777	3.262	3.755	3.868	3.896	3.903
SPCC1620.07c	lnp1	viable	V	0.041	0.072	0.122	0.185	0.25	0.32	0.51
SPCC1620.08	lsc2	viable	V	0.001	0.164	0.871	1.283	1.392	1.42	1.427
SPCC1620.09c	tfg1	inviable	E	0.19	0.948	1.964	2.536	2.754	2.838	2.877
SPCC1620.11	nup97	inviable	E	0.214	1.71	3.555	4.31	4.516	4.574	4.591
SPCC1620.12c	SPCC1620.12c	viable	V	0.04	0.092	0.181	0.282	0.369	0.446	0.572
SPCC1620.13	SPCC1620.13	viable	V	-0.066	-0.033	-0.011	-0.002	-0.0	-0.0	-0.0
SPCC1620.14c	snf22	viable	V	0.108	0.338	0.755	1.201	1.537	1.785	2.081
SPCC1672.01	SPCC1672.01	inviable	E	0.01	0.067	0.123	0.141	0.145	0.146	0.147
SPCC1672.02c	sap1	inviable	E	0.185	1.275	2.339	2.693	2.774	2.794	2.799
SPCC1672.03c	gud1	viable	V	-0.066	-0.033	-0.011	-0.002	-0.0	-0.0	-0.0
SPCC1672.04c	cox19	viable	V	0.005	0.029	0.121	0.324	0.599	0.929	1.728
SPCC1672.06c	asp1	viable	V	0.037	0.396	1.359	2.256	2.733	2.968	3.111
SPCC1672.07	utp21	inviable	E	0.117	1.644	3.774	4.574	4.765	4.812	4.823
SPCC1672.08c	tfa2	inviable	E	0.095	0.658	1.207	1.39	1.432	1.442	1.445
SPCC1672.09	SPCC1672.09	viable	V	0.068	0.47	0.862	0.992	1.022	1.03	1.032
SPCC1672.10	mis16	inviable	E	0.0	0.001	0.799	3.493	4.776	5.149	5.245
SPCC1672.11c	SPCC1672.11c	viable	V	0.068	0.188	0.391	0.599	0.754	0.869	1.008
SPCC1672.12c	get4	viable	V	0.062	0.285	0.601	0.797	0.88	0.915	0.933
SPCC1682.01	qcr9	viable	V	0.078	0.16	0.308	0.509	0.728	0.972	1.647
SPCC1682.02c	mcm3	inviable	E	0.121	1.528	3.392	4.081	4.244	4.284	4.294
SPCC1682.03c	mug174	inviable	E	0.007	0.081	0.455	1.204	1.997	2.691	3.604
SPCC1682.04	cdc31	inviable	E	0.091	0.943	2.696	3.884	4.365	4.553	4.638
SPCC1682.05c	srp68	inviable	Not_determined	0.261	1.44	2.899	3.607	3.841	3.921	3.951
SPCC1682.06	SPCC1682.06	viable	V	0.031	0.212	0.388	0.447	0.461	0.464	0.465
SPCC1682.07	ssl1	condition-dependent	E	0.074	0.85	2.396	3.357	3.714	3.842	3.895
SPCC1682.08c	mpf2	viable	V	0.0	0.023	0.17	0.269	0.296	0.303	0.305
SPCC1682.09c	ggc1	inviable	E	0.0	0.0	0.045	1.662	3.609	4.358	4.57
SPCC1682.10	rpn8	inviable	E	0.162	1.639	3.39	4.012	4.158	4.194	4.203
SPCC1682.11c	ctl1	viable	V	0.023	0.16	0.294	0.339	0.349	0.352	0.352
SPCC1682.12c	ubp16	viable	V	0.048	0.234	0.647	1.098	1.415	1.625	1.827
SPCC1682.13	laf2	viable	V	0.035	0.308	0.77	1.038	1.135	1.171	1.185
SPCC1682.15	mug122	viable	V	0.0	0.03	0.189	0.314	0.357	0.371	0.375
SPCC1682.16	rpt4	viable	V	0.145	1.332	2.675	3.144	3.254	3.28	3.287
SPCC16A11.01	sfk1	viable	V	0.036	0.248	0.454	0.523	0.539	0.543	0.544
SPCC16A11.02	utp13	inviable	Not_determined	0.279	1.925	3.533	4.067	4.19	4.22	4.227
SPCC16A11.03c	SPCC16A11.03c	viable	V	0.038	0.186	0.388	0.504	0.549	0.567	0.575
SPCC16A11.04	snx12	viable	V	0.013	0.062	0.13	0.168	0.183	0.189	0.192
SPCC16A11.05c	dim1	inviable	E	0.177	1.762	3.909	4.806	5.048	5.115	5.135
SPCC16A11.06c	gpi10	inviable	E	0.144	1.378	2.805	3.307	3.425	3.453	3.461
SPCC16A11.07	coq10	viable	V	0.001	0.011	0.09	0.291	0.535	0.767	1.09
SPCC16A11.08	atg20	viable	V	-0.0	-0.007	-0.182	-0.394	-0.464	-0.482	-0.487
SPCC16A11.09c	tim23	inviable	E	0.108	1.153	2.689	3.374	3.567	3.622	3.639
SPCC16A11.10c	oca8	viable	V	0.032	0.173	0.35	0.44	0.471	0.482	0.487
SPCC16A11.11	mrpl31	inviable	E	0.008	0.212	1.297	2.837	3.876	4.463	4.872
SPCC16A11.12c	ubp1	viable	V	0.02	0.045	0.088	0.137	0.18	0.219	0.287
SPCC16A11.13	luc7	inviable	E	0.0	0.006	0.606	1.998	2.663	2.88	2.947
SPCC16A11.14	sfh1	inviable	E	0.118	0.63	1.657	2.593	3.139	3.443	3.671
SPCC16A11.15c	SPCC16A11.15c	viable	V	0.102	0.703	1.291	1.486	1.531	1.542	1.545
SPCC16A11.16c	rpn1302	viable	V	-0.029	-0.201	-0.369	-0.425	-0.438	-0.441	-0.442
SPCC16A11.17	mcm4	inviable	E	0.134	1.357	2.811	3.328	3.449	3.479	3.486
SPCC16C4.01	sif2	viable	V	0.058	0.36	0.767	0.976	1.047	1.072	1.081
SPCC16C4.02c	asi1	inviable	E	0.216	1.587	3.454	4.349	4.63	4.72	4.752
SPCC16C4.03	pin1	viable	V	0.0	0.0	0.0	0.012	0.21	0.65	1.148
SPCC16C4.04	pex26	viable	V	0.035	0.017	0.006	0.001	0.0	0.0	0.0
SPCC16C4.05	pop23	inviable	E	0.206	1.421	2.607	3.001	3.092	3.114	3.119
SPCC16C4.06c	pus3	viable	V	0.102	0.245	0.485	0.755	0.982	1.175	1.476
SPCC16C4.07	scw1	viable	V	0.027	0.118	0.355	0.696	1.019	1.302	1.726
SPCC16C4.08c	skb15	inviable	E	0.15	1.402	3.009	3.655	3.825	3.871	3.884
SPCC16C4.09	sts5	viable	V	0.087	0.153	0.256	0.385	0.517	0.659	1.047
SPCC16C4.10	pgl1	viable	V	0.038	0.321	1.177	2.215	2.943	3.402	3.796
SPCC16C4.11	pef1	viable	V	0.26	0.594	1.154	1.797	2.363	2.865	3.726
SPCC16C4.12	naa20	viable	V	0.007	0.129	0.713	1.622	2.334	2.804	3.212
SPCC16C4.14c	sfc4	viable	V	0.005	0.295	1.721	3.087	3.688	3.921	4.021
SPCC16C4.15	rml2	inviable	E	0.005	0.231	1.618	3.505	4.652	5.232	5.576
SPCC16C4.16c	cbc3	viable	Not_determined	-0.031	-0.211	-0.388	-0.446	-0.46	-0.463	-0.464
SPCC16C4.17	mug123	viable	V	0.07	0.029	0.007	0.001	0.0	0.0	0.0
SPCC16C4.18c	taf6	inviable	E	0.006	0.524	2.086	2.873	3.074	3.125	3.137
SPCC16C4.19	rpp21	inviable	E	0.133	1.056	2.026	2.356	2.432	2.451	2.456
SPCC16C4.20c	hap2	viable	V	0.014	0.099	0.181	0.208	0.215	0.216	0.216
SPCC16C4.21	SPCC16C4.21	unknown	Not_determined	0.024	0.166	0.305	0.351	0.361	0.364	0.365
SPCC1739.01	SPCC1739.01	viable	V	0.035	0.087	0.174	0.27	0.35	0.416	0.515
SPCC1739.02c	mrpl22	inviable	E	0.0	0.076	1.213	2.845	3.622	3.914	4.027
SPCC1739.03	hrr1	viable	V	0.03	0.059	0.108	0.173	0.241	0.314	0.509
SPCC1739.04c	dms1	viable	V	0.004	0.0	0.0	0.0	0.0	0.0	0.0
SPCC1739.05	set5	viable	V	-0.035	-0.244	-0.448	-0.515	-0.531	-0.535	-0.536
SPCC1739.06c	met1	viable	V	0.003	0.117	0.371	0.484	0.513	0.52	0.521
SPCC1739.07	cti1	condition-dependent	V	0.001	0.089	0.707	1.527	1.988	2.202	2.315
SPCC1739.08c	SPCC1739.08c	viable	V	0.083	0.179	0.34	0.529	0.702	0.862	1.164
SPCC1739.10	mug33	viable	V	-0.017	-0.143	-0.447	-0.725	-0.874	-0.95	-0.998
SPCC1739.11c	cdc11	inviable	E	0.0	0.176	2.118	3.768	4.257	4.384	4.416
SPCC1739.13	ssa2	condition-dependent	E	0.233	1.607	2.949	3.394	3.497	3.522	3.529
SPCC1739.14	npp106	viable	V	0.1	0.523	1.403	2.248	2.769	3.073	3.317
SPCC1739.15	wtf21	inviable	E	-0.0	-0.0	-0.0	-0.0	-0.0	-0.0	-0.0
SPCC1742.01	gsf2	viable	V	0.011	0.077	0.142	0.163	0.168	0.169	0.17
SPCC1753.01c	ssb2	inviable	E	0.118	0.78	2.039	2.997	3.455	3.667	3.788
SPCC1753.02c	git3	viable	V	0.168	0.653	1.418	2.02	2.344	2.516	2.64
SPCC1753.03c	rec7	viable	V	0.001	0.0	0.0	0.0	0.0	0.0	0.0
SPCC1753.04	tol1	inviable	E	0.265	1.924	3.589	4.146	4.275	4.306	4.314
SPCC1753.05	rsm1	viable	V	0.0	0.03	0.427	1.537	2.712	3.609	4.461
SPCC1795.02c	vcx1	viable	V	0.016	0.108	0.197	0.227	0.234	0.236	0.236
SPCC1795.03	gms1	viable	V	0.108	0.486	1.343	2.35	3.124	3.683	4.301
SPCC1795.04c	pre10	inviable	E	0.238	1.641	3.013	3.468	3.573	3.598	3.605
SPCC1795.05c	ura6	inviable	E	0.228	1.573	2.888	3.324	3.424	3.449	3.455
SPCC1795.06	map2	viable	V	0.002	0.001	0.0	0.0	0.0	0.0	0.0
SPCC1795.08c	vid21	inviable	E	0.027	0.281	1.167	2.335	3.19	3.741	4.222
SPCC1795.09	yps1	viable	V	0.108	0.745	1.367	1.573	1.621	1.632	1.635
SPCC1795.10c	svp26	viable	V	-0.0	-0.003	-0.176	-0.438	-0.532	-0.557	-0.564
SPCC1795.11	sum3	inviable	E	0.273	1.882	3.454	3.976	4.096	4.126	4.133
SPCC1795.12c	SPCC1795.12c	viable	V	0.0	0.036	0.213	0.322	0.351	0.358	0.36
SPCC18.01c	adg3	viable	V	0.065	0.141	0.268	0.417	0.553	0.678	0.913
SPCC18.02	SPCC18.02	viable	V	0.177	0.087	0.03	0.007	0.001	0.0	0.0
SPCC18.03	SPCC18.03	viable	V	-0.013	-0.004	-0.001	-0.0	-0.0	-0.0	-0.0
SPCC18.04	pof6	inviable	E	0.195	1.619	3.318	3.978	4.149	4.195	4.208
SPCC18.05c	rsa4	inviable	E	0.228	1.869	3.619	4.217	4.356	4.39	4.399
SPCC18.06c	caf1	viable	V	0.07	0.369	1.142	2.13	2.926	3.516	4.185
SPCC18.07	rpc53	inviable	E	0.124	1.222	3.083	4.101	4.446	4.563	4.607
SPCC18.08	msk1	inviable	E	0.0	0.0	0.022	1.452	3.515	4.347	4.582
SPCC18.09c	hnt3	viable	V	0.032	0.056	0.097	0.147	0.199	0.255	0.41
SPCC18.10	SPCC18.10	viable	V	-0.011	-0.005	-0.002	-0.0	-0.0	-0.0	-0.0
SPCC18.11c	sdc1	viable	V	0.0	0.0	0.021	0.198	0.588	1.063	1.76
SPCC18.12c	utp23	inviable	E	0.089	1.4	3.325	4.063	4.239	4.283	4.294
SPCC18.13	trm82	viable	V	0.0	0.0	0.021	0.365	0.783	0.987	1.069
SPCC18.14c	rpp0	inviable	E	0.22	1.521	2.792	3.214	3.311	3.335	3.341
SPCC18.15	dph7	viable	V	0.071	0.272	0.584	0.829	0.961	1.031	1.081
SPCC18.16c	fmn1	inviable	E	0.348	2.426	4.469	5.148	5.305	5.343	5.353
SPCC18.17c	SPCC18.17c	viable	V	0.029	0.176	0.593	1.163	1.642	2.007	2.43
SPCC18.18c	fum1	unknown	Not_determined	0.01	0.218	0.584	0.734	0.77	0.779	0.781
SPCC18.19c	ost5	unknown	Not_determined	-0.049	-0.085	-0.143	-0.216	-0.289	-0.369	-0.586
SPCC1827.01c	utp25	inviable	E	0.254	1.752	3.216	3.701	3.813	3.841	3.847
SPCC1827.02c	pcy1	viable	V	0.007	0.049	0.091	0.104	0.108	0.108	0.109
SPCC1827.03c	pcs60	viable	V	0.066	0.452	0.83	0.955	0.984	0.991	0.993
SPCC1827.04	vms1	viable	V	0.029	0.198	0.363	0.418	0.431	0.434	0.434
SPCC1827.05c	SPCC1827.05c	inviable	E	0.237	1.568	3.226	3.975	4.201	4.272	4.296
SPCC1827.06c	hom2	inviable	E	0.064	0.96	2.247	2.736	2.853	2.882	2.889
SPCC1827.07c	spx2	viable	V	0.053	0.1	0.176	0.27	0.362	0.457	0.686
SPCC1827.08c	pof7	viable	V	0.008	0.0	0.0	0.0	0.0	0.0	0.0
SPCC1840.02c	bgs4	condition-dependent	V	0.257	1.771	3.25	3.741	3.855	3.882	3.889
SPCC1840.03	sal3	viable	V	0.194	0.764	1.748	2.613	3.13	3.43	3.676
SPCC1840.04	pca1	viable	V	-0.003	-0.053	-0.259	-0.529	-0.712	-0.819	-0.899
SPCC1840.05c	pgm2	viable	V	0.042	0.074	0.125	0.188	0.252	0.321	0.51
SPCC1840.06	atp5	viable	V	0.073	0.31	0.732	1.101	1.317	1.439	1.536
SPCC1840.07c	SPCC1840.07c	viable	V	0.011	0.076	0.139	0.16	0.165	0.166	0.166
SPCC1840.08c	pdi5	viable	V	-0.066	-0.033	-0.011	-0.002	-0.0	-0.0	-0.0
SPCC1840.09	coq11	viable	V	0.001	0.015	0.115	0.39	0.777	1.206	1.99
SPCC1840.11	csl4	viable	V	0.111	1.047	2.13	2.513	2.603	2.625	2.631
SPCC1840.12	opt3	viable	V	-0.001	-0.0	-0.0	-0.0	-0.0	-0.0	-0.0
SPCC1840.13	SPCC1840.13	unknown	Not_determined	0.015	0.052	0.111	0.162	0.191	0.209	0.223
SPCC188.02	par1	viable	V	0.16	0.307	0.545	0.837	1.123	1.414	2.092
SPCC188.03	cnd3	inviable	E	0.248	1.714	3.147	3.622	3.731	3.758	3.765
SPCC188.04c	spc25	inviable	E	0.078	0.973	2.346	2.951	3.117	3.164	3.178
SPCC188.06c	srp54	inviable	E	0.274	1.888	3.465	3.988	4.109	4.139	4.146
SPCC188.07	ccq1	viable	V	0.139	0.244	0.411	0.617	0.828	1.056	1.677
SPCC188.08c	ubp5	viable	V	0.048	0.144	0.303	0.458	0.567	0.642	0.723
SPCC188.11	prp45	inviable	E	0.089	1.296	3.326	4.26	4.521	4.595	4.617
SPCC188.13c	dcr1	viable	V	0.0	0.005	0.231	0.554	0.666	0.697	0.704
SPCC1884.01	SPCC1884.01	unknown	Not_determined	-0.015	-0.028	-0.049	-0.075	-0.1	-0.127	-0.191
SPCC1884.02	nic1	condition-dependent	V	-0.066	-0.033	-0.011	-0.002	-0.0	-0.0	-0.0
SPCC18B5.01c	bfr1	viable	V	0.042	0.284	0.58	0.71	0.748	0.759	0.763
SPCC18B5.03	wee1	viable	V	0.0	0.0	0.016	0.417	1.14	1.616	1.866
SPCC18B5.04	rsm18	inviable	E	0.0	0.043	1.515	3.578	4.326	4.536	4.592
SPCC18B5.05c	SPCC18B5.05c	viable	V	-0.066	-0.455	-0.836	-0.962	-0.991	-0.998	-1.0
SPCC18B5.06	dom34	viable	V	0.0	0.009	0.261	0.567	0.669	0.696	0.702
SPCC18B5.07c	nup61	viable	V	0.146	0.072	0.024	0.005	0.001	0.0	0.0
SPCC18B5.08c	ism1	inviable	E	0.0	0.015	1.026	2.721	3.346	3.517	3.561
SPCC18B5.09c	thc1	viable	V	-0.0	-0.067	-0.352	-0.518	-0.562	-0.573	-0.576
SPCC18B5.10c	tho3	viable	V	-0.028	-0.194	-0.356	-0.41	-0.422	-0.425	-0.426
SPCC18B5.11c	cds1	viable	V	0.002	0.015	0.07	0.164	0.256	0.331	0.426
SPCC1902.01	gaf1	viable	V	0.003	0.035	0.102	0.148	0.167	0.175	0.178
SPCC1902.02	mug72	viable	V	0.012	0.082	0.15	0.173	0.178	0.179	0.18
SPCC1906.01	mpg1	inviable	E	0.254	1.903	3.583	4.148	4.279	4.311	4.319
SPCC1906.02c	rqt3	viable	V	0.0	0.055	0.299	0.443	0.481	0.491	0.494
SPCC1906.04	wtf20	viable	V	0.0	0.0	0.0	0.0	0.0	0.067	0.989
SPCC191.02c	acs1	viable	V	0.26	1.907	3.606	4.19	4.329	4.363	4.372
SPCC191.04c	SPCC191.04c	unknown	Not_determined	0.027	0.189	0.348	0.4	0.412	0.415	0.416
SPCC191.05c	SPCC191.05c	viable	V	0.043	0.298	0.548	0.63	0.649	0.654	0.655
SPCC191.06	SPCC191.06	viable	V	0.0	0.077	0.393	0.575	0.623	0.635	0.638
SPCC191.09c	gst1	viable	V	-0.054	-0.37	-0.68	-0.782	-0.806	-0.812	-0.813
SPCC191.10	SPCC191.10	viable	V	-0.002	-0.105	-0.364	-0.485	-0.516	-0.523	-0.525
SPCC191.11	inv1	viable	V	-0.008	-0.003	-0.0	-0.0	-0.0	-0.0	-0.0
SPCC1919.01	ckk2	viable	V	0.009	0.0	0.0	0.0	0.0	0.0	0.0
SPCC1919.02	pbn1	inviable	E	0.03	0.863	2.491	3.185	3.355	3.397	3.408
SPCC1919.03c	amk2	viable	V	0.0	0.0	0.002	0.207	0.536	0.674	0.713
SPCC1919.04	SPCC1919.04	unknown	Not_determined	0.077	0.529	0.97	1.117	1.15	1.159	1.161
SPCC1919.05	ski3	viable	V	0.073	0.171	0.335	0.522	0.683	0.822	1.05
SPCC1919.06c	wtf25	unknown	Not_determined	-0.046	-0.023	-0.007	-0.002	-0.0	-0.0	-0.0
SPCC1919.07	SPCC1919.07	viable	V	0.057	0.15	0.308	0.476	0.608	0.711	0.848
SPCC1919.08c	mrpl33	inviable	E	0.0	0.019	1.104	2.822	3.443	3.612	3.655
SPCC1919.09	tif6	viable	V	0.153	1.792	3.882	4.644	4.823	4.868	4.879
SPCC1919.10c	myo52	condition-dependent	V	0.095	0.606	1.771	2.908	3.593	3.98	4.272
SPCC1919.11	mug137	viable	V	-0.066	-0.033	-0.011	-0.002	-0.0	-0.0	-0.0
SPCC1919.12c	erm2	viable	V	-0.017	-0.008	-0.003	-0.001	-0.0	-0.0	-0.0
SPCC1919.13c	bmt5	viable	V	0.001	0.0	0.0	0.0	0.0	0.0	0.0
SPCC1919.14c	bdp1	inviable	E	0.225	1.55	2.846	3.275	3.374	3.399	3.405
SPCC1919.15	brl1	viable	V	0.119	0.424	1.095	1.962	2.733	3.384	4.334
SPCC23B6.01c	osh6	viable	V	-0.012	-0.0	-0.0	-0.0	-0.0	-0.0	-0.0
SPCC23B6.02c	ecm1	viable	V	-0.323	-0.323	-0.323	-0.322	-0.317	-0.296	-0.0
SPCC23B6.03c	tel1	viable	V	0.024	0.09	0.194	0.277	0.323	0.348	0.366
SPCC23B6.04c	pdr16	viable	V	0.006	0.167	0.519	0.696	0.746	0.76	0.764
SPCC23B6.05c	ssb3	viable	V	0.047	0.185	0.492	0.87	1.182	1.425	1.734
SPCC24B10.02c	SPCC24B10.02c	viable	V	0.0	0.001	0.215	0.795	1.048	1.12	1.139
SPCC24B10.03	SPCC24B10.03	viable	V	0.0	0.0	0.0	0.017	0.137	0.38	0.771
SPCC24B10.04	mrpl50	viable	V	0.013	0.405	1.949	3.402	4.08	4.363	4.497
SPCC24B10.05	tim9	inviable	E	0.0	0.007	0.968	3.053	3.895	4.13	4.19
SPCC24B10.06	SPCC24B10.06	viable	V	0.0	0.092	1.558	2.998	3.444	3.561	3.59
SPCC24B10.07	gad8	viable	V	0.212	0.749	1.609	2.333	2.756	3.001	3.199
SPCC24B10.08c	ada2	viable	V	0.032	0.194	0.63	1.173	1.586	1.873	2.165
SPCC24B10.09	rps1702	viable	V	0.17	1.17	2.148	2.472	2.547	2.566	2.57
SPCC24B10.10c	yta4	viable	V	0.052	0.362	0.665	0.765	0.788	0.794	0.796
SPCC24B10.11c	tho7	viable	V	0.018	0.232	1.125	2.488	3.594	4.361	5.09
SPCC24B10.12	cgi121	viable	V	0.365	0.834	1.619	2.523	3.316	4.018	5.221
SPCC24B10.14c	xlf1	viable	V	-0.0	-0.033	-0.247	-0.393	-0.434	-0.445	-0.447
SPCC24B10.15	swt1	viable	V	-0.027	-0.118	-0.28	-0.424	-0.509	-0.558	-0.596
SPCC24B10.17	emp24	viable	V	0.15	0.727	1.782	2.677	3.172	3.438	3.628
SPCC24B10.18	SPCC24B10.18	viable	V	0.022	0.162	0.495	0.811	0.99	1.086	1.152
SPCC24B10.19c	nts1	viable	V	0.021	0.047	0.097	0.169	0.25	0.342	0.599
SPCC24B10.20	SPCC24B10.20	viable	V	0.002	0.055	0.151	0.191	0.201	0.204	0.204
SPCC24B10.21	tpi1	viable	V	0.121	1.339	2.851	3.397	3.525	3.557	3.564
SPCC24B10.22	pog1	viable	V	0.0	0.0	0.109	1.411	2.917	3.683	4.014
SPCC285.03	dbp6	inviable	E	0.175	1.376	2.96	3.667	3.875	3.938	3.958
SPCC285.04	SPCC285.04	viable	V	0.0	0.0	0.0	0.0	0.0	0.0	0.0
SPCC285.05	SPCC285.05	viable	V	0.0	0.0	0.012	0.442	0.944	1.132	1.185
SPCC285.08	ret2	inviable	E	0.341	2.351	4.315	4.966	5.116	5.153	5.162
SPCC285.09c	cgs2	viable	V	0.01	0.003	0.0	0.0	0.0	0.0	0.0
SPCC285.11	dsc5	viable	V	0.034	0.013	0.003	0.0	0.0	0.0	0.0
SPCC285.12	lsm7	inviable	E	0.132	1.525	3.746	4.804	5.117	5.211	5.241
SPCC285.13c	nup60	viable	V	0.04	0.273	0.501	0.577	0.594	0.599	0.6
SPCC285.14	trs130	viable	V	0.001	0.384	2.245	3.379	3.685	3.762	3.782
SPCC285.15c	rps2802	viable	V	0.148	1.022	1.875	2.159	2.224	2.24	2.244
SPCC285.16c	msh6	viable	V	0.01	0.003	0.0	0.0	0.0	0.0	0.0
SPCC285.17	spp27	viable	V	0.026	0.052	0.092	0.142	0.191	0.24	0.351
SPCC290.02	rpc34	inviable	E	0.095	1.502	3.754	4.701	4.946	5.01	5.028
SPCC290.03c	nup186	inviable	E	0.193	1.38	2.92	3.624	3.838	3.904	3.927
SPCC290.04	ams2	viable	Not_determined	0.145	0.837	2.029	2.883	3.278	3.457	3.557
SPCC297.03	ssp1	condition-dependent	V	0.104	0.719	1.319	1.519	1.565	1.576	1.579
SPCC297.04c	set7	viable	V	-0.0	-0.023	-0.244	-0.422	-0.475	-0.488	-0.491
SPCC297.05	SPCC297.05	viable	V	0.002	0.024	0.116	0.278	0.433	0.559	0.713
SPCC297.06c	SPCC297.06c	viable	V	-0.064	-0.443	-0.814	-0.937	-0.965	-0.972	-0.974
SPCC2H8.02	pho843	viable	V	0.0	0.0	0.0	0.0	0.0	0.007	0.833
SPCC2H8.04	lyr2	inviable	E	0.0	0.0	0.021	1.283	3.067	3.781	3.983
SPCC2H8.05c	dbl1	viable	V	0.033	0.226	0.415	0.478	0.492	0.496	0.497
SPCC306.02c	yip3	viable	V	-0.002	-0.064	-0.358	-0.691	-0.87	-0.954	-0.999
SPCC306.03c	cnd2	inviable	E	0.132	1.536	3.405	4.121	4.297	4.342	4.354
SPCC306.04c	set1	viable	V	0.037	0.154	0.426	0.77	1.058	1.284	1.571
SPCC306.05c	ins1	viable	V	-0.316	-0.315	-0.309	-0.283	-0.193	-0.026	-0.0
SPCC306.06c	big1	condition-dependent	E	0.036	0.232	0.765	1.417	1.9	2.227	2.544
SPCC306.07c	SPCC306.07c	viable	V	0.021	0.144	0.264	0.304	0.313	0.316	0.316
SPCC306.08c	mdh1	viable	V	0.025	0.171	0.314	0.362	0.372	0.375	0.376
SPCC306.09c	cap1	viable	V	0.0	0.002	0.239	1.295	2.277	2.818	3.114
SPCC306.11	SPCC306.11	viable	V	-0.001	-0.0	-0.0	-0.0	-0.0	-0.0	-0.0
SPCC31H12.03c	mlo1	viable	V	0.001	0.001	0.002	0.003	0.004	0.005	0.009
SPCC31H12.05c	sds21	viable	V	-0.034	-0.092	-0.189	-0.29	-0.369	-0.428	-0.504
SPCC31H12.06	mug111	viable	V	0.054	0.026	0.009	0.002	0.0	0.0	0.0
SPCC31H12.07	sec231	inviable	E	0.294	2.089	3.868	4.462	4.599	4.633	4.641
SPCC31H12.08c	ccr4	viable	V	0.126	0.375	0.858	1.443	1.952	2.383	3.032
SPCC320.03	rgt1	viable	V	0.073	0.228	0.483	0.724	0.885	0.991	1.097
SPCC320.04c	gem1	viable	V	0.024	0.592	2.338	3.679	4.221	4.425	4.511
SPCC320.05	sul3	viable	V	-0.0	-0.008	-0.233	-0.507	-0.598	-0.622	-0.628
SPCC320.06	SPCC320.06	viable	V	0.028	0.083	0.175	0.265	0.327	0.369	0.415
SPCC320.07c	mde7	viable	V	0.06	0.416	0.763	0.878	0.905	0.911	0.913
SPCC320.08	qtp1	viable	V	-0.052	-0.025	-0.008	-0.002	-0.0	-0.0	-0.0
SPCC320.09	hem15	inviable	E	0.051	0.524	1.712	2.747	3.27	3.515	3.657
SPCC320.10	srp72	inviable	E	0.25	1.777	3.291	3.795	3.912	3.941	3.948
SPCC320.11c	nip7	inviable	E	0.197	1.965	4.324	5.29	5.546	5.616	5.636
SPCC320.14	sry1	viable	V	0.0	0.004	0.098	0.208	0.245	0.254	0.257
SPCC330.01c	rhp16	viable	V	-0.0	-0.0	-0.0	-0.0	-0.0	-0.0	-0.0
SPCC330.02	rhp7	viable	V	0.0	0.005	0.098	0.198	0.23	0.238	0.24
SPCC330.03c	SPCC330.03c	viable	V	-0.066	-0.032	-0.011	-0.002	-0.0	-0.0	-0.0
SPCC330.04c	tdk1	condition-dependent	E	0.078	1.301	3.231	4.015	4.21	4.26	4.273
SPCC330.05c	ura4	viable	Not_determined	0.068	0.185	0.381	0.586	0.743	0.863	1.015
SPCC330.07c	SPCC330.07c	viable	V	0.027	0.186	0.341	0.393	0.405	0.407	0.408
SPCC330.08	alg11	inviable	E	0.305	2.172	4.026	4.644	4.787	4.822	4.831
SPCC330.09	enp2	inviable	E	0.208	1.436	2.636	3.035	3.126	3.149	3.154
SPCC330.10	pcm1	inviable	E	0.064	0.985	2.694	3.562	3.825	3.905	3.93
SPCC330.11	btb1	viable	V	0.061	0.138	0.288	0.506	0.751	1.031	1.815
SPCC330.14c	rpl2402	viable	V	0.042	0.148	0.384	0.694	0.976	1.22	1.591
SPCC330.19c	SPCC330.19c	viable	V	0.009	0.168	0.421	0.521	0.545	0.551	0.553
SPCC330.21	new25	viable	Not_determined	0.0	0.0	0.001	0.534	1.99	2.73	2.952
SPCC338.04	mix23	viable	V	0.011	0.053	0.146	0.245	0.313	0.357	0.399
SPCC338.05c	mms2	viable	V	0.029	0.054	0.095	0.145	0.194	0.246	0.373
SPCC338.06c	hsp20	viable	V	-0.053	-0.366	-0.671	-0.772	-0.796	-0.801	-0.803
SPCC338.07c	naa15	viable	V	0.073	0.391	1.159	2.048	2.697	3.137	3.572
SPCC338.08	ctp1	viable	V	0.007	0.139	0.86	2.074	3.07	3.744	4.342
SPCC338.10c	cox5	viable	V	0.017	0.114	0.21	0.242	0.249	0.251	0.251
SPCC338.11c	efm2	viable	V	0.013	0.088	0.162	0.186	0.192	0.193	0.193
SPCC338.12	pbi2	viable	V	0.017	0.117	0.215	0.247	0.255	0.257	0.257
SPCC338.13	cog4	inviable	E	0.162	1.63	3.369	3.986	4.13	4.166	4.175
SPCC338.15	wbp1	inviable	E	0.211	1.457	2.674	3.078	3.171	3.194	3.2
SPCC338.16	pof3	viable	V	0.108	0.51	1.371	2.287	2.919	3.332	3.724
SPCC338.17c	rad21	inviable	E	0.142	0.979	1.796	2.068	2.13	2.146	2.149
SPCC338.18	SPCC338.18	viable	V	0.0	0.001	0.112	0.387	0.503	0.536	0.545
SPCC364.01	cif1	viable	V	0.054	0.178	0.381	0.564	0.679	0.75	0.816
SPCC364.02c	bis1	viable	V	0.09	0.658	1.231	1.423	1.467	1.478	1.481
SPCC364.03	rpl1702	viable	V	0.14	0.782	1.883	2.679	3.053	3.224	3.323
SPCC364.04c	coy1	viable	V	-0.042	-0.021	-0.007	-0.002	-0.0	-0.0	-0.0
SPCC364.05	vps3	viable	V	0.055	0.107	0.194	0.301	0.407	0.516	0.774
SPCC364.06	nap1	condition-dependent	V	0.016	0.109	0.321	0.525	0.645	0.711	0.759
SPCC364.07	ser3	viable	V	0.169	1.426	2.788	3.256	3.365	3.392	3.398
SPCC417.03	SPCC417.03	unknown	Not_determined	-0.0	-0.0	-0.0	-0.003	-0.251	-0.76	-0.999
SPCC417.05c	cfh2	viable	V	-0.0	-0.078	-0.396	-0.578	-0.627	-0.639	-0.642
SPCC417.06c	mug27	viable	V	0.037	0.254	0.467	0.537	0.553	0.557	0.558
SPCC417.07c	mto1	viable	V	0.02	0.188	0.632	1.071	1.323	1.457	1.547
SPCC417.08	tef3	inviable	E	0.24	1.656	3.038	3.497	3.603	3.629	3.635
SPCC417.09c	sdr1	viable	V	-0.002	-0.001	-0.0	-0.0	-0.0	-0.0	-0.0
SPCC417.10	dal51	viable	V	0.0	0.0	0.0	0.025	0.198	0.327	0.37
SPCC417.11c	SPCC417.11c	viable	V	0.045	0.311	0.571	0.657	0.677	0.681	0.683
SPCC417.12	SPCC417.12	viable	V	0.047	0.114	0.251	0.455	0.69	0.962	1.728
SPCC4B3.01	tum1	unknown	Not_determined	-0.025	-0.17	-0.312	-0.36	-0.37	-0.373	-0.374
SPCC4B3.02c	got1	viable	V	0.0	0.0	0.0	0.0	0.103	1.223	2.259
SPCC4B3.03c	mam301	viable	V	0.042	0.289	0.53	0.61	0.628	0.633	0.634
SPCC4B3.04c	nte1	viable	V	-0.066	-0.033	-0.011	-0.002	-0.0	-0.0	-0.0
SPCC4B3.05c	hem12	viable	V	0.025	0.807	2.977	4.32	4.763	4.902	4.949
SPCC4B3.06c	SPCC4B3.06c	viable	V	-0.036	-0.249	-0.457	-0.526	-0.542	-0.545	-0.546
SPCC4B3.07	nro1	viable	V	0.041	0.143	0.306	0.447	0.531	0.582	0.625
SPCC4B3.08	lsg1	viable	V	0.006	0.037	0.134	0.276	0.401	0.5	0.621
SPCC4B3.09c	mrpl12	inviable	E	0.001	0.163	1.677	3.46	4.255	4.549	4.663
SPCC4B3.10c	ipk1	viable	V	0.001	0.042	0.456	1.326	2.055	2.52	2.879
SPCC4B3.11c	fra3	viable	V	-0.0	-0.0	-0.0	-0.089	-0.401	-0.575	-0.629
SPCC4B3.12	set9	viable	V	-0.0	-0.0	-0.0	-0.0	-0.0	-0.0	-0.0
SPCC4B3.13	SPCC4B3.13	viable	V	0.088	0.608	1.117	1.286	1.325	1.334	1.337
SPCC4B3.14	cwf20	condition-dependent	E	0.001	0.133	1.482	3.301	4.217	4.591	4.754
SPCC4B3.15	mid1	viable	V	0.117	0.21	0.359	0.543	0.729	0.927	1.443
SPCC4B3.16	tip41	viable	V	0.008	0.084	0.326	0.614	0.806	0.92	1.01
SPCC4B3.17	cbp3	viable	V	0.031	0.111	0.28	0.484	0.655	0.79	0.969
SPCC4B3.18	ppc1	inviable	E	0.101	0.618	1.676	2.598	3.102	3.366	3.545
SPCC4B3.20	cmc1	viable	Not_determined	0.071	0.256	0.551	0.796	0.936	1.016	1.08
SPCC4E9.01c	rec11	viable	V	-0.03	-0.206	-0.378	-0.435	-0.449	-0.452	-0.453
SPCC4E9.02	cig1	viable	V	0.0	0.0	0.0	0.0	0.002	0.321	1.159
SPCC4F11.02	ptc1	viable	V	0.002	0.038	0.232	0.53	0.752	0.888	0.996
SPCC4F11.03c	SPCC4F11.03c	viable	V	-0.037	-0.255	-0.469	-0.54	-0.556	-0.56	-0.561
SPCC4F11.04c	imt2	viable	V	-0.317	-0.307	-0.265	-0.133	-0.007	-0.0	-0.0
SPCC4F11.05	SPCC4F11.05	unknown	Not_determined	-0.03	-0.099	-0.21	-0.312	-0.377	-0.418	-0.457
SPCC4G3.02	aph1	viable	V	-0.059	-0.029	-0.01	-0.002	-0.0	-0.0	-0.0
SPCC4G3.03	SPCC4G3.03	viable	V	0.064	0.442	0.811	0.933	0.961	0.968	0.97
SPCC4G3.04c	coq5	condition-dependent	V	0.004	0.056	0.324	0.836	1.344	1.761	2.258
SPCC4G3.05c	mus81	viable	V	0.021	0.285	1.225	2.348	3.069	3.477	3.772
SPCC4G3.07c	phf1	inviable	E	0.181	0.436	0.865	1.346	1.752	2.096	2.634
SPCC4G3.08	psk1	viable	V	0.0	0.043	0.202	0.289	0.311	0.317	0.319
SPCC4G3.09c	gyp3	viable	V	0.089	0.36	0.771	1.07	1.219	1.292	1.34
SPCC4G3.10c	rhp42	viable	V	-0.0	-0.0	-0.002	-0.269	-0.739	-0.942	-1.0
SPCC4G3.11	nur1	viable	V	0.001	0.006	0.038	0.139	0.321	0.596	1.513
SPCC4G3.12c	SPCC4G3.12c	viable	V	0.062	0.178	0.372	0.567	0.709	0.811	0.929
SPCC4G3.14	mdj1	inviable	E	0.01	0.58	2.683	4.139	4.632	4.788	4.84
SPCC4G3.15c	not2	viable	V	0.104	0.253	0.503	0.782	1.016	1.212	1.512
SPCC4G3.16	rib2	inviable	E	0.154	0.682	1.447	1.949	2.173	2.273	2.329
SPCC4G3.17	hdd1	viable	V	0.0	0.0	0.067	0.266	0.355	0.381	0.388
SPCC4G3.18	rix1	inviable	E	0.127	1.342	2.817	3.345	3.47	3.5	3.508
SPCC4G3.19	alp16	viable	V	0.0	0.006	0.478	1.304	1.613	1.697	1.719
SPCC548.04	urm1	unknown	Not_determined	0.057	0.907	2.164	2.648	2.763	2.792	2.799
SPCC548.05c	dbl5	viable	V	0.01	0.072	0.131	0.151	0.156	0.157	0.157
SPCC548.06c	ght8	viable	V	0.0	0.0	0.0	0.001	0.246	1.029	1.468
SPCC548.07c	ght1	viable	V	0.019	0.159	0.31	0.361	0.373	0.376	0.377
SPCC550.01c	coa4	viable	V	0.0	0.13	0.78	1.181	1.289	1.317	1.324
SPCC550.02c	cwf5	inviable	E	0.219	0.829	1.831	2.673	3.157	3.431	3.646
SPCC550.03c	ski2	viable	V	0.004	0.048	0.247	0.598	0.928	1.19	1.492
SPCC550.04c	gpi2	inviable	E	0.245	1.863	3.526	4.087	4.218	4.249	4.257
SPCC550.05	nse1	inviable	E	0.0	0.001	0.432	2.1	3.018	3.316	3.404
SPCC550.07	fah2	viable	V	-0.311	-0.311	-0.31	-0.308	-0.298	-0.25	-0.0
SPCC550.08	SPCC550.08	viable	V	-0.04	-0.085	-0.16	-0.249	-0.331	-0.408	-0.557
SPCC550.10	atd3	viable	V	0.004	0.0	0.0	0.0	0.0	0.0	0.0
SPCC550.11	nmd5	viable	V	0.037	0.065	0.109	0.164	0.22	0.281	0.446
SPCC550.12	arp6	viable	V	0.102	0.203	0.37	0.572	0.766	0.957	1.37
SPCC550.13	dfp1	inviable	E	0.145	1.693	3.668	4.387	4.557	4.599	4.609
SPCC550.14	vgl1	viable	V	-0.025	-0.171	-0.314	-0.362	-0.373	-0.375	-0.376
SPCC550.15c	rei1	viable	V	0.112	0.459	0.982	1.359	1.544	1.635	1.692
SPCC553.01c	dbl2	viable	V	0.02	0.227	0.932	1.809	2.411	2.775	3.067
SPCC553.02	qns1	inviable	E	0.098	1.305	2.941	3.551	3.695	3.731	3.74
SPCC553.03	pex1	viable	V	0.046	0.081	0.136	0.204	0.274	0.35	0.555
SPCC553.04	cyp9	viable	V	0.017	0.086	0.275	0.553	0.812	1.033	1.347
SPCC553.06	swp1	inviable	E	0.17	1.518	3.022	3.544	3.666	3.696	3.704
SPCC553.07c	kpa1	viable	V	0.039	0.254	0.48	0.563	0.585	0.591	0.592
SPCC553.08c	ria1	viable	V	0.195	1.353	3.105	4.083	4.436	4.564	4.617
SPCC553.09c	spb70	inviable	E	0.078	1.319	3.214	3.95	4.127	4.17	4.181
SPCC553.10	knh3	unknown	Not_determined	0.041	0.075	0.131	0.199	0.267	0.338	0.517
SPCC553.11c	toa2	inviable	E	0.002	0.39	2.212	3.307	3.601	3.676	3.694
SPCC553.12c	SPCC553.12c	viable	V	0.0	0.023	0.247	0.623	0.869	0.995	1.07
SPCC569.02c	SPCC569.02c	viable	V	0.055	0.452	0.878	1.023	1.057	1.065	1.067
SPCC569.03	SPCC569.03	viable	V	0.005	0.001	0.0	0.0	0.0	0.0	0.0
SPCC569.05c	SPCC569.05c	viable	V	0.001	0.005	0.032	0.108	0.234	0.404	0.869
SPCC569.06	SPCC569.06	viable	V	0.0	0.003	0.124	0.295	0.354	0.37	0.374
SPCC569.07	SPCC569.07	viable	V	-0.018	-0.072	-0.155	-0.217	-0.25	-0.267	-0.278
SPCC576.01c	xan1	condition-dependent	V	0.006	0.181	0.515	0.657	0.691	0.7	0.702
SPCC576.03c	tpx1	condition-dependent	E	0.033	1.134	3.455	4.473	4.724	4.786	4.802
SPCC576.04	bxi1	viable	V	0.044	0.756	1.853	2.28	2.383	2.408	2.414
SPCC576.05	sac3	inviable	E	0.052	1.04	2.672	3.325	3.483	3.522	3.531
SPCC576.06c	SPCC576.06c	inviable	E	0.0	0.021	1.184	2.999	3.652	3.828	3.874
SPCC576.07	ret3	inviable	E	0.183	1.264	2.321	2.671	2.752	2.772	2.777
SPCC576.08c	rps2	inviable	E	0.193	1.335	2.45	2.82	2.905	2.926	2.931
SPCC576.10c	rpt3	inviable	E	0.132	1.15	2.274	2.663	2.754	2.776	2.782
SPCC576.11	rpl15	viable	V	0.197	0.948	1.981	2.59	2.833	2.931	2.979
SPCC576.12c	mhf2	viable	V	0.088	0.911	1.899	2.25	2.333	2.353	2.358
SPCC576.13	swc5	viable	V	0.117	0.234	0.424	0.655	0.877	1.097	1.578
SPCC576.14	dph5	viable	V	0.092	0.26	0.542	0.829	1.038	1.19	1.37
SPCC576.15c	ksg1	inviable	E	0.086	0.557	1.57	2.476	2.977	3.24	3.419
SPCC576.17c	SPCC576.17c	viable	V	0.021	0.32	0.751	0.915	0.954	0.963	0.966
SPCC576.19c	SPCC576.19c	unknown	Not_determined	0.006	0.002	0.0	0.0	0.0	0.0	0.0
SPCC584.01c	met10	viable	V	0.06	0.127	0.237	0.369	0.491	0.606	0.834
SPCC584.02	cuf2	viable	V	0.0	0.0	0.0	0.143	0.94	1.477	1.652
SPCC584.03c	SPCC584.03c	viable	V	-0.0	-0.0	-0.013	-0.24	-0.444	-0.514	-0.533
SPCC584.04	sup35	inviable	E	0.282	1.946	3.571	4.11	4.235	4.265	4.273
SPCC584.05	sec1	inviable	E	0.028	1.084	3.514	4.642	4.93	5.004	5.023
SPCC584.11c	svf1	viable	V	0.225	0.606	1.261	1.973	2.538	2.982	3.585
SPCC584.12	mug42	viable	V	-0.031	-0.015	-0.005	-0.001	-0.0	-0.0	-0.0
SPCC584.13	SPCC584.13	viable	V	-0.0	-0.0	-0.0	-0.0	-0.0	-0.0	-0.0
SPCC584.14	mug160	inviable	E	0.181	1.657	3.321	3.901	4.037	4.07	4.078
SPCC584.15c	aly3	viable	V	0.009	0.0	0.0	0.0	0.0	0.0	0.0
SPCC584.16c	SPCC584.16c	viable	V	0.003	0.001	0.0	0.0	0.0	0.0	0.0
SPCC594.01	duc1	viable	V	0.005	0.018	0.053	0.118	0.203	0.31	0.623
SPCC594.02c	SPCC594.02c	viable	V	0.133	0.918	1.685	1.94	1.998	2.013	2.016
SPCC594.03	SPCC594.03	unknown	Not_determined	0.104	0.051	0.017	0.004	0.001	0.0	0.0
SPCC594.04c	SPCC594.04c	viable	V	0.306	0.655	1.234	1.919	2.549	3.139	4.277
SPCC594.05c	spf1	viable	V	0.033	0.175	0.506	0.87	1.123	1.288	1.442
SPCC594.06c	vsl1	viable	V	0.108	0.268	0.538	0.836	1.08	1.281	1.577
SPCC594.07c	bqt3	viable	V	0.079	0.543	0.996	1.147	1.181	1.19	1.192
SPCC5E4.03c	taf5	inviable	E	0.017	0.789	2.627	3.471	3.682	3.734	3.747
SPCC5E4.04	cut1	inviable	E	0.035	0.926	3.014	4.144	4.484	4.584	4.615
SPCC5E4.05c	mgl1	viable	V	0.011	0.167	0.39	0.474	0.494	0.499	0.501
SPCC5E4.06	smc6	inviable	E	0.022	0.714	2.679	3.919	4.333	4.465	4.511
SPCC5E4.07	rpl2802	viable	V	0.06	0.709	2.059	2.94	3.28	3.407	3.461
SPCC5E4.10c	SPCC5E4.10c	viable	V	0.023	0.041	0.068	0.103	0.138	0.176	0.279
SPCC61.01c	str2	unknown	E	0.139	0.957	1.756	2.021	2.082	2.097	2.101
SPCC61.02	spt3	viable	V	0.144	0.557	1.197	1.69	1.95	2.087	2.183
SPCC61.03	nnr2	viable	V	0.05	0.093	0.164	0.25	0.336	0.425	0.641
SPCC61.04c	SPCC61.04c	inviable	E	0.284	2.068	3.86	4.46	4.599	4.633	4.642
SPCC61.05	SPCC61.05	viable	V	-0.066	-0.033	-0.011	-0.002	-0.0	-0.0	-0.0
SPCC613.01	SPCC613.01	viable	V	0.032	0.211	0.396	0.463	0.48	0.484	0.486
SPCC613.02	SPCC613.02	viable	V	0.0	0.012	0.267	0.55	0.641	0.665	0.671
SPCC613.04c	rng3	inviable	E	0.01	0.715	2.734	3.73	3.984	4.047	4.063
SPCC613.05c	rpl35	inviable	E	0.168	1.381	2.677	3.121	3.224	3.25	3.256
SPCC613.07	bcd1	viable	V	0.239	0.818	1.805	2.728	3.327	3.709	4.069
SPCC613.08	SPCC613.08	viable	V	0.034	0.764	2.358	3.209	3.467	3.543	3.568
SPCC613.09	sen54	inviable	E	0.221	1.752	3.665	4.464	4.685	4.748	4.767
SPCC613.10	qcr2	viable	V	0.1	0.69	1.266	1.458	1.502	1.513	1.515
SPCC613.11c	meu23	viable	V	0.082	0.771	1.644	1.988	2.077	2.101	2.107
SPCC613.12c	raf1	viable	V	0.0	0.0	0.097	1.088	1.817	2.055	2.119
SPCC622.02	SPCC622.02	viable	Not_determined	0.022	0.155	0.284	0.327	0.337	0.339	0.34
SPCC622.03c	SPCC622.03c	unknown	Not_determined	-0.059	-0.029	-0.01	-0.002	-0.0	-0.0	-0.0
SPCC622.04	SPCC622.04	unknown	Not_determined	-0.0	-0.0	-0.0	-0.0	-0.0	-0.0	-0.0
SPCC622.06c	SPCC622.06c	unknown	Not_determined	-0.335	-0.335	-0.334	-0.332	-0.324	-0.282	-0.0
SPCC622.07	SPCC622.07	unknown	Not_determined	0.003	0.147	0.51	0.681	0.724	0.734	0.737
SPCC622.10c	sec5	inviable	E	0.07	1.069	2.721	3.457	3.657	3.712	3.728
SPCC622.11	lmb1	viable	V	0.02	0.137	0.251	0.289	0.297	0.3	0.3
SPCC622.12c	gdh1	viable	V	0.087	0.602	1.106	1.273	1.311	1.321	1.323
SPCC622.13c	tti1	inviable	E	0.161	1.321	3.029	3.886	4.162	4.253	4.285
SPCC622.14	SPCC622.14	viable	V	-0.027	-0.189	-0.348	-0.4	-0.412	-0.415	-0.416
SPCC622.15c	SPCC622.15c	viable	V	0.059	0.41	0.753	0.867	0.893	0.9	0.901
SPCC622.16c	epe1	viable	V	0.054	0.155	0.35	0.589	0.801	0.986	1.278
SPCC622.17	apn1	viable	V	0.011	0.077	0.141	0.162	0.167	0.168	0.168
SPCC622.19	jmj4	viable	V	0.172	0.085	0.029	0.006	0.001	0.0	0.0
SPCC63.02c	aah3	viable	V	0.0	0.002	0.014	0.052	0.124	0.235	0.609
SPCC63.03	mib1	viable	V	0.016	0.044	0.092	0.141	0.178	0.205	0.239
SPCC63.04	mok14	viable	V	0.0	0.02	0.527	1.129	1.327	1.38	1.393
SPCC63.05	tap42	inviable	E	0.036	1.015	2.911	3.715	3.912	3.961	3.973
SPCC63.06	wdr89	viable	V	0.007	0.04	0.161	0.398	0.68	0.977	1.545
SPCC63.07	thg1	inviable	E	0.227	1.973	3.894	4.558	4.712	4.75	4.76
SPCC63.08c	atg1	viable	V	0.086	0.597	1.095	1.261	1.299	1.308	1.31
SPCC63.10c	sec59	inviable	E	0.0	0.134	1.68	3.016	3.414	3.517	3.543
SPCC63.11	prp28	inviable	E	0.173	1.699	3.483	4.112	4.26	4.296	4.305
SPCC63.12c	pup3	inviable	E	0.068	1.272	3.191	3.949	4.131	4.176	4.187
SPCC63.13	SPCC63.13	viable	V	-0.0	-0.0	-0.018	-0.114	-0.265	-0.411	-0.581
SPCC63.14	eis1	viable	V	0.025	0.195	0.406	0.492	0.516	0.523	0.525
SPCC645.02	gep4	viable	V	0.0	0.0	0.007	0.175	0.797	1.758	3.284
SPCC645.03c	isa1	inviable	E	0.024	0.253	1.103	2.327	3.301	3.975	4.623
SPCC645.04	nse3	inviable	E	0.001	0.218	1.29	1.948	2.125	2.17	2.182
SPCC645.05c	myo2	inviable	E	0.0	0.147	1.845	3.587	4.211	4.399	4.457
SPCC645.06c	rgf3	inviable	E	0.063	0.873	2.476	3.388	3.695	3.797	3.834
SPCC645.07	rgf1	viable	V	0.105	0.663	1.919	3.13	3.852	4.257	4.561
SPCC645.08c	snd1	viable	V	-0.002	-0.0	-0.0	-0.0	-0.0	-0.0	-0.0
SPCC645.09	mrpl37	inviable	E	0.008	0.157	0.883	1.983	2.812	3.337	3.767
SPCC645.10	cca2	inviable	E	0.199	1.622	3.135	3.652	3.772	3.802	3.809
SPCC645.11c	mug117	viable	V	-0.0	-0.0	-0.0	-0.005	-0.231	-0.587	-0.739
SPCC645.12c	SPCC645.12c	viable	V	-0.026	-0.065	-0.132	-0.204	-0.263	-0.311	-0.378
SPCC645.13	bye1	viable	V	0.085	0.588	1.078	1.241	1.279	1.288	1.29
SPCC645.14c	sti1	viable	V	0.002	0.009	0.034	0.087	0.159	0.248	0.476
SPCC663.01c	ekc1	viable	V	0.058	0.765	1.939	2.494	2.654	2.701	2.715
SPCC663.03	pmd1	viable	V	0.052	0.14	0.288	0.443	0.562	0.651	0.765
SPCC663.05c	asf1	inviable	E	0.001	0.28	1.979	3.253	3.652	3.765	3.797
SPCC663.06c	osr1	viable	V	-0.029	-0.134	-0.282	-0.377	-0.419	-0.436	-0.446
SPCC663.08c	SPCC663.08c	viable	V	0.0	0.003	0.308	0.888	1.111	1.172	1.188
SPCC663.09c	SPCC663.09c	viable	V	0.037	0.064	0.108	0.163	0.218	0.278	0.442
SPCC663.10	trm44	viable	V	0.052	0.204	0.488	0.761	0.94	1.052	1.155
SPCC663.12	cid12	viable	V	-0.017	-0.12	-0.22	-0.253	-0.261	-0.263	-0.263
SPCC663.13c	naa50	viable	V	0.01	0.069	0.126	0.145	0.15	0.151	0.151
SPCC663.14c	trp663	viable	V	0.049	0.341	0.627	0.721	0.743	0.749	0.75
SPCC663.15c	SPCC663.15c	viable	V	0.0	0.047	0.237	0.345	0.374	0.381	0.383
SPCC663.17	wtf15	unknown	Not_determined	-0.003	-0.001	-0.0	-0.0	-0.0	-0.0	-0.0
SPCC70.03c	put1	viable	V	0.008	0.089	0.194	0.232	0.241	0.244	0.244
SPCC70.04c	SPCC70.04c	viable	V	-0.066	-0.154	-0.302	-0.47	-0.615	-0.742	-0.951
SPCC70.05c	nnk1	inviable	E	0.173	1.295	2.842	3.59	3.825	3.901	3.928
SPCC70.06	sac32	viable	V	0.024	0.169	0.31	0.357	0.367	0.37	0.371
SPCC70.07c	tmp1	inviable	E	0.027	0.991	3.156	4.151	4.406	4.47	4.487
SPCC70.08c	SPCC70.08c	viable	V	0.043	0.298	0.547	0.629	0.648	0.653	0.654
SPCC70.09c	gsr2	viable	V	0.016	0.072	0.152	0.205	0.229	0.24	0.246
SPCC70.10	SPCC70.10	viable	V	0.007	0.003	0.001	0.0	0.0	0.0	0.0
SPCC736.02	SPCC736.02	viable	V	0.094	0.252	0.524	0.818	1.052	1.235	1.485
SPCC736.03c	msf1	inviable	E	0.0	0.001	0.6	2.986	4.196	4.553	4.646
SPCC736.04c	gma12	viable	V	0.027	0.092	0.221	0.372	0.494	0.588	0.708
SPCC736.05	wtf7	viable	Not_determined	0.089	0.615	1.129	1.3	1.339	1.349	1.351
SPCC736.06	dar2	viable	V	0.12	0.471	1.124	1.759	2.177	2.442	2.689
SPCC736.07c	uri1	viable	V	0.171	0.724	1.762	2.738	3.348	3.717	4.032
SPCC736.08	cbf11	condition-dependent	V	0.04	0.507	1.796	2.943	3.516	3.781	3.928
SPCC736.09c	tfx1	viable	V	0.047	0.324	0.595	0.685	0.705	0.71	0.712
SPCC736.11	ago1	viable	V	0.065	0.126	0.226	0.348	0.466	0.586	0.857
SPCC736.12c	mmi1	inviable	E	0.0	0.049	1.42	3.099	3.656	3.804	3.842
SPCC736.14	dis1	condition-dependent	V	0.069	0.181	0.368	0.569	0.728	0.854	1.025
SPCC736.15	pil1	viable	V	-0.066	-0.033	-0.011	-0.002	-0.0	-0.0	-0.0
SPCC737.02c	qcr7	viable	V	0.014	0.094	0.173	0.199	0.205	0.207	0.207
SPCC737.03c	ima1	viable	V	0.032	0.143	0.355	0.55	0.669	0.738	0.794
SPCC737.04	SPCC737.04	viable	Not_determined	0.041	0.225	0.456	0.571	0.61	0.623	0.629
SPCC737.05	SPCC737.05	viable	V	0.039	0.272	0.499	0.574	0.591	0.596	0.597
SPCC737.06c	gcs2	viable	V	0.0	0.0	0.01	0.153	0.402	0.588	0.712
SPCC737.07c	SPCC737.07c	viable	V	0.019	0.033	0.056	0.084	0.113	0.145	0.23
SPCC737.08	mdn1	inviable	E	0.29	2.005	3.679	4.235	4.363	4.394	4.402
SPCC737.09c	hmt1	viable	V	0.007	0.0	0.0	0.0	0.0	0.0	0.0
SPCC74.01	sly1	inviable	E	0.258	1.78	3.266	3.759	3.873	3.901	3.908
SPCC74.02c	ppn1	viable	V	0.021	0.075	0.22	0.462	0.744	1.053	1.754
SPCC74.03c	ssp2	viable	V	0.074	0.202	0.417	0.641	0.811	0.938	1.098
SPCC74.04	SPCC74.04	viable	V	0.06	0.584	1.315	1.634	1.723	1.748	1.756
SPCC74.06	mak3	viable	V	0.027	0.073	0.149	0.229	0.292	0.341	0.405
SPCC74.09	mug24	viable	V	0.0	0.0	0.017	0.448	0.899	1.063	1.108
SPCC757.02c	SPCC757.02c	viable	V	0.024	0.006	0.001	0.0	0.0	0.0	0.0
SPCC757.03c	hsp3101	viable	V	-0.066	-0.116	-0.194	-0.292	-0.392	-0.499	-0.793
SPCC757.04	SPCC757.04	viable	V	-0.005	-0.0	-0.0	-0.0	-0.0	-0.0	-0.0
SPCC757.05c	SPCC757.05c	viable	V	0.003	0.024	0.044	0.05	0.052	0.052	0.052
SPCC757.06	SPCC757.06	unknown	Not_determined	-0.038	-0.087	-0.17	-0.265	-0.348	-0.421	-0.546
SPCC757.07c	ctt1	viable	V	0.006	0.0	0.0	0.0	0.0	0.0	0.0
SPCC757.08	rrp45	inviable	E	0.062	1.393	3.707	4.65	4.879	4.935	4.949
SPCC757.10	vph2	inviable	E	0.035	0.225	0.812	1.678	2.452	3.071	3.837
SPCC757.11c	SPCC757.11c	viable	V	-0.045	-0.095	-0.177	-0.274	-0.365	-0.452	-0.624
SPCC757.12	aah1	viable	V	-0.0	-0.081	-0.466	-0.698	-0.76	-0.776	-0.78
SPCC757.13	SPCC757.13	viable	V	0.004	0.002	0.001	0.0	0.0	0.0	0.0
SPCC757.15	cox14	unknown	Not_determined	0.055	0.027	0.009	0.002	0.0	0.0	0.0
SPCC777.02	SPCC777.02	viable	V	0.008	0.055	0.101	0.116	0.12	0.121	0.121
SPCC777.03c	SPCC777.03c	viable	V	0.079	0.547	1.004	1.156	1.191	1.199	1.201
SPCC777.04	dip5	viable	V	-0.045	-0.08	-0.134	-0.201	-0.27	-0.344	-0.547
SPCC777.05	gtr2	condition-dependent	E	0.263	1.816	3.332	3.835	3.951	3.98	3.987
SPCC777.06c	SPCC777.06c	viable	V	0.023	0.041	0.069	0.104	0.139	0.177	0.282
SPCC777.07	omh3	viable	V	0.0	0.0	0.102	2.041	3.879	4.534	4.716
SPCC777.08c	bit61	viable	V	0.069	0.147	0.284	0.459	0.635	0.816	1.23
SPCC777.09c	arg1	viable	V	0.058	0.484	0.94	1.097	1.133	1.142	1.144
SPCC777.10c	ubc12	condition-dependent	E	0.012	0.247	1.381	2.974	4.077	4.723	5.199
SPCC777.11	gta3	inviable	E	0.0	0.0	0.186	1.79	3.3	3.978	4.242
SPCC777.12c	SPCC777.12c	viable	V	0.0	0.032	0.356	0.621	0.698	0.718	0.723
SPCC777.13	vps35	viable	V	0.076	0.133	0.223	0.336	0.45	0.574	0.913
SPCC777.14	prp4	inviable	E	0.022	0.557	2.135	3.271	3.705	3.861	3.923
SPCC777.15	dus4	viable	V	0.07	0.464	0.867	1.011	1.047	1.056	1.058
SPCC777.17c	SPCC777.17c	viable	V	0.002	0.126	0.5	0.689	0.737	0.749	0.752
SPCC790.02	pep3	condition-dependent	E	0.018	0.209	0.901	1.795	2.424	2.812	3.128
SPCC790.03	rbd2	condition-dependent	V	0.0	0.0	0.0	0.0	0.064	0.532	0.9
SPCC794.01c	gcd1	viable	V	0.02	0.138	0.253	0.291	0.3	0.302	0.302
SPCC794.03	SPCC794.03	viable	V	0.024	0.093	0.199	0.282	0.327	0.351	0.368
SPCC794.04c	SPCC794.04c	viable	V	0.047	0.338	0.628	0.726	0.748	0.754	0.755
SPCC794.06	SPCC794.06	viable	V	0.046	0.122	0.25	0.386	0.492	0.574	0.682
SPCC794.07	lat1	viable	V	0.0	0.067	0.913	2.434	3.414	3.896	4.16
SPCC794.08	efr3	viable	V	0.103	0.565	1.141	1.426	1.521	1.553	1.566
SPCC794.09c	tef101	viable	V	0.016	0.061	0.197	0.463	0.824	1.284	2.655
SPCC794.10	ugp1	viable	V	-0.003	-0.09	-0.263	-0.338	-0.356	-0.36	-0.361
SPCC794.11c	ent3	viable	V	0.021	0.144	0.264	0.303	0.313	0.315	0.315
SPCC794.12c	mae2	viable	V	-0.033	-0.016	-0.005	-0.001	-0.0	-0.0	-0.0
SPCC794.16	SPCC794.16	unknown	Not_determined	-0.039	-0.093	-0.183	-0.286	-0.372	-0.446	-0.563
SPCC825.01	SPCC825.01	viable	V	0.182	1.585	3.149	3.698	3.827	3.86	3.868
SPCC825.02	gbs1	condition-dependent	V	0.0	0.0	0.0	0.002	0.029	0.123	0.461
SPCC825.03c	psy1	inviable	E	0.196	2.013	4.186	4.96	5.142	5.186	5.197
SPCC825.04c	naa40	viable	V	0.133	0.917	1.683	1.937	1.996	2.01	2.014
SPCC825.05c	pwi1	viable	V	0.005	0.001	0.0	0.0	0.0	0.0	0.0
SPCC830.03	grc3	inviable	E	0.18	1.197	2.709	3.551	3.857	3.968	4.015
SPCC830.04c	mug128	viable	V	0.015	0.216	0.557	0.715	0.759	0.771	0.775
SPCC830.05c	epl1	inviable	E	0.222	1.534	2.816	3.241	3.339	3.363	3.369
SPCC830.06	cnb1	viable	V	0.024	0.202	0.573	0.85	0.976	1.03	1.058
SPCC830.07c	psi1	viable	V	0.053	0.093	0.158	0.237	0.318	0.406	0.641
SPCC830.08c	yop1	viable	V	-0.058	-0.029	-0.01	-0.002	-0.0	-0.0	-0.0
SPCC830.09c	pop5	inviable	E	0.16	1.596	3.288	3.887	4.027	4.062	4.07
SPCC830.10	ham1	viable	V	0.018	0.126	0.231	0.265	0.273	0.275	0.276
SPCC830.11c	fap7	inviable	E	0.256	1.769	3.246	3.736	3.849	3.877	3.884
SPCC895.03c	sua5	inviable	E	0.161	1.242	2.362	2.741	2.829	2.851	2.856
SPCC895.04c	ufe1	inviable	E	0.255	1.761	3.231	3.719	3.832	3.859	3.866
SPCC895.05	for3	condition-dependent	V	0.06	0.517	1.723	2.942	3.664	4.058	4.337
SPCC895.06	elp2	viable	V	0.203	0.879	2.027	2.961	3.47	3.741	3.935
SPCC895.07	alp14	viable	V	0.137	0.367	0.775	1.236	1.618	1.93	2.383
SPCC895.09c	ucp12	viable	V	-0.07	-0.035	-0.012	-0.003	-0.0	-0.0	-0.0
SPCC962.01	tcb1	viable	V	0.004	0.09	0.246	0.31	0.325	0.329	0.33
SPCC962.02c	bir1	inviable	E	0.023	1.004	3.284	4.321	4.58	4.644	4.661
SPCC962.03c	cut15	inviable	E	0.152	1.468	2.998	3.537	3.663	3.694	3.702
SPCC962.04	rps1201	viable	V	0.153	0.331	0.627	0.975	1.293	1.589	2.148
SPCC962.05	ast1	viable	V	0.014	0.007	0.002	0.0	0.0	0.0	0.0
SPCC962.06c	bpb1	inviable	E	0.279	1.923	3.529	4.062	4.185	4.216	4.223
SPCC965.03	vma8	inviable	E	0.083	0.445	1.277	2.182	2.806	3.207	3.578
SPCC965.04c	yme1	viable	V	0.024	0.165	0.302	0.348	0.358	0.361	0.362
SPCC965.05c	thp1	viable	V	-0.027	-0.184	-0.337	-0.388	-0.399	-0.402	-0.403
SPCC965.06	osr2	viable	V	0.018	0.226	0.497	0.596	0.619	0.625	0.627
SPCC965.07c	gst2	viable	V	0.019	0.006	0.001	0.0	0.0	0.0	0.0
SPCC965.08c	alr1	viable	V	-0.049	-0.086	-0.145	-0.218	-0.293	-0.373	-0.593
SPCC965.09	SPCC965.09	viable	V	-0.001	-0.001	-0.0	-0.0	-0.0	-0.0	-0.0
SPCC965.10	SPCC965.10	viable	V	0.06	0.24	0.514	0.717	0.821	0.873	0.908
SPCC965.11c	agp3	viable	V	-0.031	-0.217	-0.398	-0.458	-0.472	-0.475	-0.476
SPCC965.12	dpe2	viable	V	0.0	0.0	0.011	0.155	0.273	0.313	0.323
SPCC965.13	SPCC965.13	viable	V	0.058	0.397	0.729	0.839	0.865	0.871	0.873
SPCC970.01	rad16	viable	V	0.003	0.039	0.192	0.456	0.701	0.893	1.113
SPCC970.02	dcw1	viable	V	0.016	0.113	0.208	0.239	0.247	0.248	0.249
SPCC970.03	cbr1	inviable	E	0.18	1.243	2.281	2.625	2.705	2.724	2.729
SPCC970.04c	mob2	inviable	E	0.098	1.173	3.1	4.139	4.48	4.591	4.631
SPCC970.05	rpl3601	viable	V	0.266	1.592	3.114	3.765	3.955	4.013	4.032
SPCC970.06	erv29	viable	V	0.0	0.001	0.189	0.633	0.818	0.87	0.883
SPCC970.07c	raf2	viable	V	0.0	0.0	0.041	0.399	1.032	1.617	2.182
SPCC970.08	kcs1	inviable	E	0.187	1.389	3.012	3.778	4.014	4.089	4.115
SPCC970.09	sec8	inviable	E	0.034	1.039	3.192	4.192	4.453	4.522	4.54
SPCC970.10c	brl2	viable	V	0.118	0.457	1.215	2.166	2.968	3.609	4.454
SPCC970.11c	wtf9	viable	Not_determined	0.002	0.081	0.25	0.324	0.343	0.347	0.348
SPCC970.12	mis18	inviable	E	0.0	0.009	0.352	1.437	2.358	2.871	3.174
SPCP1E11.02	ppk38	viable	V	-0.43	-0.429	-0.429	-0.427	-0.419	-0.377	-0.0
SPCP1E11.03	mug170	viable	V	0.0	0.011	0.185	0.543	0.788	0.913	0.983
SPCP1E11.04c	pal1	viable	V	-0.029	-0.202	-0.37	-0.426	-0.439	-0.442	-0.443
SPCP1E11.05c	are2	viable	V	0.001	0.036	0.318	1.034	1.865	2.606	3.54
SPCP1E11.06	apl4	viable	V	0.004	0.1	0.539	1.048	1.334	1.474	1.555
SPCP1E11.07c	cwf18	viable	V	0.078	0.137	0.23	0.345	0.463	0.591	0.939
SPCP1E11.08	nsa2	inviable	E	0.33	2.274	4.174	4.805	4.95	4.986	4.995
SPCP1E11.09c	rpp103	viable	V	0.171	0.585	1.341	2.112	2.657	3.031	3.429
SPCP1E11.10	dhm1	viable	V	0.28	1.01	2.319	3.59	4.436	4.984	5.513
SPCP1E11.11	puf6	viable	V	0.06	0.22	0.514	0.806	1.004	1.134	1.262
SPCP20C8.04	new22	unknown	Not_determined	0.011	0.271	0.731	0.92	0.966	0.977	0.98
SPCP25A2.02c	rhp26	viable	V	0.008	0.176	0.456	0.568	0.596	0.602	0.604
SPCP25A2.03	tho1	inviable	E	0.162	1.06	2.56	3.531	3.934	4.099	4.179
SPCP31B10.02	SPCP31B10.02	viable	V	-0.066	-0.032	-0.011	-0.002	-0.0	-0.0	-0.0
SPCP31B10.03c	med31	viable	V	0.015	0.143	0.68	1.639	2.588	3.39	4.42
SPCP31B10.04	psg2	viable	V	0.007	0.0	0.0	0.0	0.0	0.0	0.0
SPCP31B10.05	tdp1	viable	V	0.045	0.079	0.133	0.199	0.267	0.341	0.542
SPCP31B10.06	tcb2	viable	V	0.0	0.05	0.231	0.331	0.357	0.363	0.365
SPCP31B10.07	eft202	viable	V	0.169	1.168	2.144	2.468	2.543	2.561	2.566
SPCP31B10.08c	rpl35A01	inviable	E	0.186	1.284	2.356	2.712	2.794	2.814	2.819
SPCPB16A4.02c	opy1	viable	V	0.047	0.411	0.813	0.952	0.985	0.993	0.995
SPCPB16A4.03c	ade10	viable	V	0.01	0.068	0.125	0.144	0.148	0.149	0.15
SPCPB16A4.06c	SPCPB16A4.06c	viable	V	0.0	0.017	0.54	1.203	1.425	1.484	1.499
SPCPB1C11.01	amt1	viable	V	0.044	0.302	0.554	0.638	0.657	0.662	0.663
SPCPB1C11.02	SPCPB1C11.02	viable	V	0.02	0.137	0.252	0.29	0.299	0.301	0.301
SPCPB1C11.03	SPCPB1C11.03	viable	V	0.052	0.361	0.663	0.763	0.786	0.791	0.793
SPCPJ732.01	vps5	viable	V	0.016	0.279	0.688	0.848	0.886	0.896	0.898
SPCPJ732.02c	xks1	viable	V	0.0	0.0	0.0	0.014	0.372	0.86	1.08
SPCPJ732.03	meu15	viable	V	-0.209	-0.127	-0.056	-0.017	-0.004	-0.0	-0.0
SPMTR.02	mat2-Pi	unknown	Not_determined	0.042	0.288	0.528	0.608	0.627	0.631	0.632
