Systematic ID	Name	FYPOviability	DeletionLibrary_essentiality	A	um	lam	t10	t50	t90	t_window	t_inflection	y_inflection	auc	R2	RMSE	normalized_RMSE	AIC	BIC
SPAC1002.01	mrx11	viable	V	0.364	0.061	0.0	0.364	3.001	7.138	6.773	2.196	0.134	9.294	0.059585	0.563	0.285969	-2.034	-2.196
SPAC1002.02	pom34	viable	V	0.088	0.007	0.742	1.485	6.86	15.294	13.809	5.219	0.032	1.871	0.017488	0.444	0.288983	-5.38	-5.542
SPAC1002.03c	gls2	viable	V	0.913	0.11	4.284	4.789	8.443	14.176	9.387	7.327	0.336	18.23	0.978808	0.058	0.056337	-33.938	-34.1
SPAC1002.04c	taf11	inviable	E	4.764	0.728	2.797	3.197	6.088	10.624	7.427	5.205	1.753	107.017	0.938579	0.494	0.091666	-3.866	-4.028
SPAC1002.05c	jmj2	viable	V	-0.612	-0.041	-0.0	0.917	7.551	17.961	17.044	5.526	-0.225	-12.432	0.783072	0.089	0.144951	-27.891	-28.053
SPAC1002.06c	bqt2	viable	V	0.234	0.039	-0.0	0.364	3.001	7.138	6.773	2.196	0.086	5.982	0.004998	0.314	0.300507	-10.216	-10.378
SPAC1002.07c	SPAC1002.07c	viable	V	2.309	0.072	-0.0	1.957	16.116	38.334	36.377	11.794	0.849	29.585	0.910696	0.158	0.086021	-19.792	-19.955
SPAC1002.08c	mtf1	inviable	E	3.436	0.366	3.06	3.633	7.777	14.28	10.648	6.512	1.264	70.635	0.982344	0.177	0.049415	-18.234	-18.397
SPAC1002.09c	dld1	inviable	E	4.315	0.559	5.058	5.529	8.937	14.285	8.755	7.897	1.587	84.253	0.995633	0.117	0.027804	-24.098	-24.26
SPAC1002.10c	sgt1	inviable	E	4.565	0.717	0.141	0.53	3.342	7.756	7.227	2.484	1.68	114.993	0.989117	0.169	0.035237	-18.87	-19.032
SPAC1002.11	gaa1	inviable	E	4.476	0.75	0.134	0.498	3.135	7.272	6.773	2.33	1.647	113.81	0.985583	0.192	0.04267	-17.121	-17.284
SPAC1002.12c	ssd1	viable	V	0.127	0.021	-0.0	0.364	3.001	7.138	6.773	2.196	0.047	3.256	-0.002101	0.157	0.322744	-19.905	-20.068
SPAC1002.13c	psu1	inviable	E	4.424	0.691	2.741	3.132	5.96	10.397	7.265	5.097	1.627	99.993	0.996017	0.113	0.025452	-24.55	-24.712
SPAC1002.14	itt1	viable	V	1.187	0.199	4.724	5.089	7.725	11.862	6.773	6.92	0.437	24.779	0.685294	0.313	0.182587	-10.264	-10.426
SPAC1002.15c	med6	viable	V	1.823	0.164	2.129	2.808	7.721	15.429	12.621	6.221	0.671	37.343	0.96577	0.128	0.066006	-22.76	-22.922
SPAC1002.16c	tna1	inviable	E	-0.041	0.004	0.0	0.645	5.313	12.636	11.991	3.888	-0.015	-0.003	-0.68431	0.183	0.403633	-17.788	-17.95
SPAC1002.17c	urg2	viable	V	-0.336	-0.04	0.0	0.508	4.183	9.949	9.441	3.061	-0.124	-8.132	0.352633	0.169	0.258469	-18.908	-19.07
SPAC1002.18	urg3	viable	V	0.573	0.018	0.001	1.943	15.992	38.037	36.094	11.703	0.211	7.383	0.834444	0.074	0.12907	-30.533	-30.696
SPAC1002.19	urg1	viable	V	-0.322	-0.033	1.43	2.021	6.293	12.996	10.976	4.989	-0.118	-7.087	0.914394	0.037	0.100242	-40.274	-40.436
SPAC1002.20	SPAC1002.20	viable	V	-0.563	0.018	0.0	1.919	15.797	37.575	35.656	11.56	-0.207	-0.122	-2.416107	0.168	0.618568	-18.952	-19.114
SPAC1006.01	psp3	viable	V	0.775	0.13	-0.0	0.364	3.001	7.138	6.773	2.196	0.285	19.811	0.783721	0.131	0.133334	-22.434	-22.597
SPAC1006.02	asa1	inviable	E	1.735	0.262	0.469	0.873	3.794	8.379	7.506	2.903	0.638	42.897	0.866047	0.249	0.125484	-13.488	-13.65
SPAC1006.03c	red1	viable	V	2.116	0.22	0.418	1.005	5.251	11.913	10.908	3.955	0.778	48.717	0.984467	0.096	0.042525	-26.848	-27.01
SPAC1006.04c	mcp3	viable	V	0.608	0.082	0.995	1.448	4.724	9.864	8.416	3.724	0.224	14.433	0.790726	0.122	0.1566	-23.507	-23.67
SPAC1006.05c	och1	viable	V	3.266	0.512	4.386	4.776	7.59	12.007	7.231	6.731	1.201	68.502	0.970869	0.233	0.067757	-14.389	-14.551
SPAC1006.06	rgf2	viable	V	-0.199	-0.006	0.0	1.956	16.105	38.308	36.352	11.786	-0.073	-2.546	0.18077	0.092	0.344743	-27.344	-27.506
SPAC1006.07	tif1	inviable	E	1.96	0.328	-0.0	0.364	3.001	7.138	6.773	2.196	0.721	50.089	0.770095	0.315	0.151994	-10.162	-10.324
SPAC1006.08	etd1	condition-dependent	E	4.433	0.743	0.445	0.809	3.445	7.582	6.773	2.641	1.631	111.401	0.988935	0.17	0.038256	-18.813	-18.975
SPAC1006.09	win1	viable	V	0.618	0.064	2.903	3.491	7.745	14.42	10.928	6.446	0.227	12.707	0.96362	0.048	0.078456	-36.462	-36.624
SPAC1039.01	SPAC1039.01	viable	V	1.592	0.267	13.219	13.584	16.22	20.357	6.773	15.415	0.586	19.713	0.874227	0.243	0.121787	-13.822	-13.984
SPAC1039.02	efn2	viable	V	0.635	0.106	1.744	2.109	4.745	8.882	6.773	3.94	0.234	15.141	0.641045	0.185	0.189583	-17.607	-17.769
SPAC1039.03	SPAC1039.03	viable	V	0.206	0.035	-0.0	0.364	3.001	7.138	6.773	2.196	0.076	5.273	0.019169	0.4	0.310415	-6.824	-6.986
SPAC1039.04	SPAC1039.04	viable	V	-0.149	0.005	0.0	1.871	15.403	36.637	34.767	11.272	-0.055	-0.032	-0.720591	0.244	0.424271	-13.775	-13.937
SPAC1039.05c	klf1	viable	V	-0.165	0.005	0.0	1.937	15.952	37.943	36.006	11.674	-0.061	-0.036	-0.047309	0.141	0.314925	-21.417	-21.58
SPAC1039.06	SPAC1039.06	viable	V	0.186	0.014	1.085	1.9	7.793	17.04	15.141	5.994	0.069	3.77	0.434245	0.103	0.263974	-25.793	-25.956
SPAC1039.07c	SPAC1039.07c	viable	V	-0.274	0.009	0.0	1.929	15.883	37.78	35.851	11.623	-0.101	-0.06	0.014404	0.122	0.295637	-23.407	-23.569
SPAC1039.08	SPAC1039.08	viable	V	0.427	0.072	-0.0	0.364	3.001	7.138	6.773	2.196	0.157	10.917	0.222065	0.219	0.295128	-15.263	-15.425
SPAC1039.09	isp5	viable	V	0.43	0.072	2.393	2.758	5.394	9.531	6.773	4.589	0.158	9.983	0.599508	0.176	0.197701	-18.341	-18.503
SPAC1039.10	mmf2	viable	V	-0.136	0.023	-0.0	0.364	3.0	7.137	6.772	2.196	-0.05	-0.006	-0.046763	0.312	0.303471	-10.308	-10.47
SPAC1039.11c	gto1	viable	V	-0.411	-0.027	0.0	0.933	7.679	18.266	17.333	5.62	-0.151	-8.294	0.715174	0.079	0.18347	-29.49	-29.653
SPAC105.01c	kha1	viable	V	1.244	0.077	1.867	2.856	10.011	21.238	18.382	7.827	0.458	22.311	0.750559	0.234	0.171499	-14.318	-14.48
SPAC105.03c	dal81	viable	V	0.789	0.132	-0.0	0.364	3.001	7.138	6.773	2.196	0.29	20.169	0.810336	0.128	0.145956	-22.812	-22.974
SPAC1071.01c	pta1	inviable	E	5.041	0.744	0.606	1.02	4.015	8.713	7.693	3.1	1.854	123.509	0.994408	0.138	0.026464	-21.742	-21.905
SPAC1071.02	mms19	viable	V	3.913	0.255	1.236	2.174	8.956	19.599	17.425	6.886	1.439	74.254	0.99722	0.069	0.018096	-31.383	-31.546
SPAC1071.03c	sil1	viable	V	0.409	0.068	-0.0	0.364	3.001	7.138	6.773	2.196	0.15	10.443	0.552481	0.12	0.201142	-23.721	-23.883
SPAC1071.04c	spc2	viable	V	3.267	0.241	8.04	8.869	14.863	24.268	15.399	13.033	1.202	43.597	0.972996	0.19	0.055831	-17.284	-17.446
SPAC1071.05	hpm1	viable	V	0.964	0.162	-0.0	0.364	3.001	7.138	6.773	2.196	0.355	24.643	0.461777	0.325	0.26311	-9.726	-9.889
SPAC1071.06	arp9	viable	V	1.828	0.125	4.062	4.954	11.405	21.528	16.574	9.435	0.672	30.446	0.973511	0.109	0.055526	-25.051	-25.214
SPAC1071.09c	djc9	viable	V	0.857	0.034	5.543	7.096	18.326	35.948	28.852	14.897	0.315	9.174	0.675525	0.181	0.172068	-17.915	-18.077
SPAC1071.10c	pma1	inviable	E	4.337	0.727	0.464	0.829	3.465	7.602	6.773	2.66	1.596	108.923	0.978328	0.235	0.054833	-14.257	-14.42
SPAC1071.11	coq12	condition-dependent	V	1.255	0.157	6.496	6.985	10.517	16.06	9.075	9.439	0.462	22.496	0.887907	0.187	0.115621	-17.467	-17.63
SPAC1071.12c	stp1	viable	V	0.123	-0.004	-0.0	1.943	15.996	38.047	36.104	11.705	0.045	0.027	-0.071661	0.067	0.360946	-31.815	-31.977
SPAC1071.13	SPAC1071.13	unknown	Not_determined	-0.051	0.009	-0.0	0.364	3.001	7.138	6.773	2.196	-0.019	-0.002	-0.000498	0.189	0.351001	-17.336	-17.498
SPAC1093.01	ppr5	viable	V	0.499	0.036	0.0	0.839	6.903	16.42	15.581	5.052	0.184	10.501	0.507823	0.176	0.237895	-18.318	-18.481
SPAC1093.02	pdx3	viable	V	0.79	0.085	0.0	0.564	4.646	11.051	10.487	3.4	0.29	18.663	0.553326	0.253	0.202595	-13.228	-13.39
SPAC1093.03	fig4	viable	V	0.826	0.112	0.09	0.539	3.79	8.892	8.353	2.798	0.304	20.358	0.744724	0.172	0.169521	-18.611	-18.773
SPAC1093.04c	cca1	inviable	E	3.992	0.666	0.362	0.728	3.376	7.53	6.802	2.567	1.469	100.586	0.993236	0.118	0.028437	-23.921	-24.083
SPAC1093.05	hca4	inviable	E	2.902	0.486	-0.0	0.364	3.001	7.138	6.773	2.196	1.068	74.157	0.95974	0.208	0.066088	-16.016	-16.178
SPAC1093.06c	dhc1	viable	V	0.302	0.013	0.0	1.387	11.418	27.157	25.77	8.355	0.111	4.952	0.817443	0.046	0.167882	-37.057	-37.219
SPAC10F6.01c	sir1	viable	V	1.125	0.064	-0.0	1.067	8.789	20.905	19.837	6.431	0.414	21.353	0.901505	0.109	0.101674	-25.07	-25.232
SPAC10F6.02c	prp22	inviable	E	4.019	0.56	0.574	1.012	4.18	9.153	8.141	3.213	1.478	97.655	0.992202	0.129	0.032224	-22.62	-22.782
SPAC10F6.03c	cts1	inviable	E	4.454	0.746	0.157	0.522	3.158	7.295	6.773	2.353	1.639	113.161	0.988673	0.168	0.036185	-18.942	-19.104
SPAC10F6.04	ats1	viable	V	1.359	0.106	2.845	3.628	9.293	18.183	14.555	7.563	0.5	25.568	0.990677	0.048	0.035117	-36.521	-36.683
SPAC10F6.05c	ubc6	viable	V	0.625	-0.02	0.0	1.954	16.086	38.261	36.307	11.771	0.23	0.138	-0.346603	0.132	0.359999	-22.337	-22.499
SPAC10F6.06	vip1	viable	V	0.044	-0.002	1.227	2.58	12.363	27.715	25.135	9.376	0.016	0.011	-0.238464	0.245	0.418085	-13.715	-13.877
SPAC10F6.08c	nht1	viable	V	2.224	0.08	0.82	2.517	14.787	34.042	31.525	11.041	0.818	30.365	0.983511	0.075	0.040382	-30.176	-30.338
SPAC10F6.09c	psm3	condition-dependent	E	4.034	0.608	0.832	1.237	4.166	8.763	7.526	3.272	1.484	98.308	0.995721	0.098	0.023734	-26.509	-26.672
SPAC10F6.10	rio1	inviable	E	4.535	0.76	0.463	0.827	3.463	7.6	6.773	2.659	1.668	113.906	0.997413	0.083	0.018005	-28.769	-28.931
SPAC10F6.11c	atg17	viable	V	0.624	0.104	2.486	2.851	5.487	9.624	6.773	4.682	0.229	14.413	0.303857	0.463	0.320451	-4.789	-4.951
SPAC10F6.12c	mam4	viable	V	0.104	0.017	0.0	0.364	3.001	7.138	6.773	2.196	0.038	2.669	0.072328	0.087	0.339385	-28.205	-28.367
SPAC10F6.13c	caa1	viable	V	4.556	0.413	0.859	1.532	6.399	14.036	12.505	4.913	1.676	99.251	0.992398	0.142	0.032008	-21.36	-21.522
SPAC10F6.14c	SPAC10F6.14c	viable	V	0.18	0.006	0.0	1.957	16.116	38.334	36.376	11.794	0.066	2.312	0.13799	0.134	0.346339	-22.099	-22.261
SPAC10F6.15	SPAC10F6.15	viable	V	-0.005	0.001	-0.0	0.364	2.998	7.13	6.766	2.194	-0.002	-0.0	-0.066524	0.212	0.329148	-15.74	-15.902
SPAC10F6.16	igo1	viable	V	0.832	0.113	15.332	15.783	19.041	24.154	8.371	18.046	0.306	7.895	0.66861	0.209	0.159298	-15.905	-16.068
SPAC10F6.17c	ptc5	viable	V	0.449	0.035	0.0	0.795	6.545	15.567	14.773	4.789	0.165	9.633	0.927344	0.044	0.090519	-37.732	-37.895
SPAC110.01	ppk1	viable	V	-0.412	0.013	0.0	1.953	16.077	38.241	36.288	11.765	-0.151	-0.091	0.016042	0.208	0.356326	-16.001	-16.163
SPAC110.02	pds5	viable	V	0.996	0.044	0.0	1.381	11.368	27.039	25.658	8.319	0.366	16.394	0.973812	0.046	0.049028	-37.186	-37.348
SPAC110.03	cdc42	inviable	E	4.628	0.775	0.266	0.631	3.267	7.404	6.773	2.462	1.703	117.111	0.98167	0.226	0.045866	-14.842	-15.004
SPAC110.04c	pss1	condition-dependent	E	4.015	0.673	-0.0	0.364	3.001	7.138	6.773	2.196	1.477	102.599	0.984267	0.176	0.043401	-18.295	-18.457
SPAC110.06	SPAC110.06	viable	Not_determined	-0.534	-0.089	-0.0	0.364	3.001	7.138	6.773	2.196	-0.196	-13.645	-0.065943	0.351	0.371188	-8.652	-8.814
SPAC1142.01	rqc1	viable	V	-0.317	0.053	18.286	18.651	21.287	25.424	6.773	20.482	-0.117	-4.696	0.080351	0.167	0.328868	-19.024	-19.186
SPAC1142.02c	sgt2	viable	V	0.421	0.07	-0.0	0.364	3.001	7.138	6.773	2.196	0.155	10.751	0.041222	0.304	0.330935	-10.664	-10.827
SPAC1142.03c	swi2	viable	V	-1.0	0.032	0.0	1.884	15.509	36.89	35.006	11.35	-0.368	-0.213	-0.969605	0.298	0.531055	-10.928	-11.09
SPAC1142.04	noc201	inviable	E	4.384	0.734	0.24	0.605	3.241	7.378	6.773	2.436	1.613	111.028	0.993582	0.125	0.027858	-23.078	-23.24
SPAC1142.05	ctr5	viable	V	3.102	0.361	3.065	3.589	7.382	13.333	9.744	6.224	1.141	65.19	0.9542	0.272	0.084024	-12.241	-12.403
SPAC1142.06	get3	viable	V	-1.0	0.034	0.0	1.794	14.772	35.137	33.342	10.81	-0.368	-0.203	-0.990776	0.284	0.604743	-11.612	-11.774
SPAC1142.07c	vps32	viable	V	3.207	0.216	-0.0	0.908	7.478	17.786	16.878	5.472	1.18	65.419	0.943192	0.261	0.07697	-12.784	-12.947
SPAC1142.08	fhl1	viable	V	2.992	0.252	0.352	1.078	6.33	14.572	13.494	4.727	1.101	65.103	0.993831	0.082	0.0273	-29.027	-29.189
SPAC1142.09	SPAC1142.09	unknown	Not_determined	-0.503	-0.084	9.062	9.427	12.063	16.2	6.773	11.258	-0.185	-8.32	0.242502	0.464	0.285207	-4.749	-4.911
SPAC11D3.02c	SPAC11D3.02c	viable	V	1.162	0.195	-0.0	0.364	3.001	7.138	6.773	2.196	0.427	29.695	0.288515	0.527	0.285567	-2.971	-3.133
SPAC11D3.03c	SPAC11D3.03c	viable	V	-0.442	-0.074	1.525	1.89	4.526	8.663	6.773	3.721	-0.162	-10.627	0.508685	0.197	0.243647	-16.719	-16.881
SPAC11D3.04c	SPAC11D3.04c	viable	V	-0.619	0.02	-0.0	1.925	15.846	37.691	35.766	11.596	-0.228	-0.134	-2.089049	0.179	0.595796	-18.106	-18.268
SPAC11D3.05	mfs2	viable	V	0.592	0.035	1.025	2.071	9.642	21.522	19.451	7.331	0.218	10.791	0.514817	0.209	0.222918	-15.909	-16.072
SPAC11D3.06	SPAC11D3.06	viable	V	0.855	0.028	0.0	1.843	15.175	36.094	34.251	11.105	0.315	11.489	0.831876	0.094	0.141288	-27.088	-27.25
SPAC11D3.07c	toe4	viable	V	0.665	0.089	0.0	0.457	3.763	8.952	8.494	2.754	0.244	16.391	0.735105	0.142	0.161507	-21.283	-21.445
SPAC11D3.08c	SPAC11D3.08c	viable	V	-0.405	0.013	0.0	1.939	15.965	37.974	36.035	11.683	-0.149	-0.089	0.011881	0.189	0.275825	-17.308	-17.47
SPAC11D3.09	agm1	viable	V	0.043	-0.002	1.223	2.649	12.964	29.151	26.502	9.815	0.016	0.011	-0.464642	0.172	0.455076	-18.605	-18.767
SPAC11D3.10	SPAC11D3.10	viable	V	0.066	-0.01	-0.0	0.41	3.379	8.037	7.626	2.473	0.024	0.003	-0.453866	0.076	0.359686	-30.032	-30.194
SPAC11D3.11c	SPAC11D3.11c	unknown	Not_determined	3.419	-0.107	0.0	1.957	16.114	38.329	36.372	11.792	1.258	0.755	0.119287	0.258	0.268646	-12.943	-13.106
SPAC11D3.13	hsp3104	viable	V	-0.438	-0.073	-0.0	0.364	3.001	7.138	6.773	2.196	-0.161	-11.195	0.691499	0.082	0.171234	-29.011	-29.173
SPAC11D3.14c	oxp2	viable	V	0.133	0.005	0.0	1.612	13.269	31.562	29.951	9.71	0.049	1.976	-0.00861	0.068	0.322657	-31.685	-31.848
SPAC11D3.15	oxp1	viable	V	-0.008	0.001	0.0	0.378	3.116	7.411	7.033	2.28	-0.003	-0.0	-0.015337	0.101	0.319081	-26.076	-26.239
SPAC11D3.16c	SPAC11D3.16c	viable	V	-0.916	-0.153	8.212	8.576	11.213	15.35	6.773	10.408	-0.337	-15.922	0.953724	0.085	0.078731	-28.507	-28.669
SPAC11D3.17	SPAC11D3.17	viable	V	0.754	0.089	4.067	4.583	8.317	14.175	9.592	7.177	0.277	15.145	0.980834	0.043	0.057516	-38.176	-38.338
SPAC11D3.18c	SPAC11D3.18c	viable	V	0.441	0.074	-0.0	0.364	3.001	7.138	6.773	2.196	0.162	11.281	0.6897	0.1	0.171675	-26.272	-26.434
SPAC11D3.19	SPAC11D3.19	viable	Not_determined	-0.82	0.026	0.0	1.957	16.116	38.334	36.377	11.794	-0.302	-0.181	-1.061701	0.299	0.582218	-10.917	-11.08
SPAC11D3.20	SPAC11D3.20	unknown	Not_determined	0.394	0.066	0.054	0.418	3.055	7.192	6.773	2.25	0.145	10.043	0.356885	0.199	0.23775	-16.603	-16.765
SPAC11E3.01c	swr1	viable	V	1.304	0.09	0.773	1.655	8.033	18.04	16.385	6.086	0.48	25.981	0.991099	0.042	0.033631	-38.312	-38.474
SPAC11E3.02c	ync13	condition-dependent	E	3.496	0.443	4.89	5.372	8.859	14.33	8.958	7.794	1.286	68.478	0.996962	0.077	0.022409	-29.855	-30.017
SPAC11E3.03	csm1	viable	V	2.617	0.392	4.928	5.336	8.283	12.907	7.571	7.383	0.963	53.029	0.97265	0.189	0.061753	-17.318	-17.48
SPAC11E3.04c	ubc13	viable	V	0.623	0.024	0.0	1.556	12.814	30.479	28.923	9.377	0.229	9.472	0.769449	0.073	0.148602	-30.649	-30.811
SPAC11E3.05	sea3	viable	V	3.951	0.354	0.861	1.542	6.468	14.198	12.656	4.965	1.454	85.757	0.992417	0.123	0.031594	-23.374	-23.537
SPAC11E3.06	map1	viable	V	0.494	0.083	-0.0	0.364	3.001	7.138	6.773	2.196	0.182	12.628	0.62909	0.114	0.188473	-24.375	-24.538
SPAC11E3.07	vma4	inviable	E	3.724	0.307	0.042	0.783	6.146	14.562	13.778	4.509	1.37	81.588	0.982611	0.17	0.044128	-18.834	-18.997
SPAC11E3.08c	nse6	viable	V	3.368	0.405	4.998	5.506	9.175	14.932	9.426	8.055	1.239	64.812	0.981002	0.185	0.05716	-17.6	-17.762
SPAC11E3.09	pyp3	viable	V	0.264	0.028	0.0	0.585	4.819	11.463	10.878	3.527	0.097	6.193	0.931995	0.025	0.084362	-45.613	-45.776
SPAC11E3.10	SPAC11E3.10	viable	V	0.921	0.154	-0.0	0.364	3.001	7.138	6.773	2.196	0.339	23.542	0.756411	0.175	0.158899	-18.431	-18.593
SPAC11E3.11c	syt22	viable	V	0.97	0.047	1.123	2.374	11.426	25.628	23.254	8.662	0.357	15.959	0.919451	0.09	0.102707	-27.764	-27.926
SPAC11E3.12	SPAC11E3.12	viable	V	-0.564	-0.095	-0.0	0.364	3.001	7.138	6.773	2.196	-0.208	-14.421	0.280645	0.269	0.247099	-12.391	-12.553
SPAC11E3.13c	gas5	viable	V	0.954	0.16	1.002	1.366	4.003	8.14	6.773	3.198	0.351	23.458	0.73469	0.223	0.17861	-15.003	-15.165
SPAC11E3.14	SPAC11E3.14	viable	V	0.302	0.025	0.001	0.75	6.167	14.669	13.92	4.513	0.111	6.603	0.122419	0.246	0.339671	-13.638	-13.801
SPAC11G7.01	mtl2	viable	V	1.131	0.189	-0.0	0.364	3.001	7.138	6.773	2.196	0.416	28.892	0.860459	0.141	0.119815	-21.459	-21.622
SPAC11G7.02	pub1	viable	V	3.535	0.452	0.35	0.827	4.28	9.697	8.87	3.226	1.3	85.324	0.991064	0.12	0.033485	-23.636	-23.798
SPAC11G7.03	idh1	viable	V	4.249	0.249	2.882	3.926	11.474	23.317	19.392	9.169	1.563	70.144	0.99522	0.096	0.02359	-26.758	-26.92
SPAC11G7.05c	mct1	viable	V	3.871	0.336	8.492	9.196	14.288	22.279	13.083	12.733	1.424	54.074	0.997122	0.073	0.019187	-30.703	-30.866
SPAC11G7.06c	mug132	viable	V	0.432	0.015	0.0	1.737	14.301	34.015	32.278	10.465	0.159	6.07	0.614205	0.097	0.206907	-26.687	-26.849
SPAC11H11.01	sst6	viable	V	0.004	-0.001	0.0	0.364	3.001	7.138	6.774	2.196	0.001	0.0	-0.045565	0.126	0.318775	-23.01	-23.172
SPAC11H11.02c	mug162	viable	V	1.029	0.172	-0.0	0.364	3.001	7.138	6.773	2.196	0.378	26.29	0.465001	0.374	0.292391	-7.759	-7.922
SPAC11H11.03c	SPAC11H11.03c	viable	V	-0.331	0.01	0.0	1.939	15.965	37.974	36.035	11.683	-0.122	-0.072	0.014023	0.179	0.305262	-18.094	-18.257
SPAC11H11.04	mam2	viable	V	0.617	0.103	2.574	2.938	5.574	9.711	6.773	4.77	0.227	14.215	0.533472	0.226	0.238826	-14.796	-14.958
SPAC11H11.05c	fta6	viable	V	0.281	0.047	-0.0	0.364	3.001	7.138	6.773	2.196	0.103	7.185	0.071372	0.169	0.329391	-18.892	-19.054
SPAC11H11.06	arp2	inviable	E	3.007	0.504	0.019	0.383	3.02	7.157	6.773	2.215	1.106	76.778	0.968563	0.19	0.059702	-17.279	-17.441
SPAC1250.01	snf21	inviable	E	4.549	0.476	1.203	1.787	6.01	12.637	10.85	4.721	1.673	101.412	0.994567	0.123	0.027827	-23.291	-23.454
SPAC1250.02	mug95	viable	V	-1.0	0.031	0.0	1.957	16.116	38.334	36.377	11.794	-0.368	-0.221	0.03652	0.249	0.268965	-13.461	-13.623
SPAC1250.03	ubc14	viable	V	0.237	0.04	-0.0	0.364	3.001	7.138	6.773	2.196	0.087	6.048	-0.044989	0.388	0.341792	-7.257	-7.419
SPAC1250.05	rpl3002	viable	V	0.972	0.118	5.914	6.416	10.049	15.75	9.334	8.94	0.358	17.868	0.942406	0.102	0.084521	-25.991	-26.154
SPAC1296.01c	SPAC1296.01c	viable	V	0.526	0.088	7.093	7.457	10.094	14.231	6.773	9.289	0.193	9.725	0.516243	0.303	0.246374	-10.703	-10.865
SPAC1296.02	cox4	viable	V	1.348	0.074	-0.0	1.107	9.112	21.673	20.566	6.668	0.496	25.131	0.913255	0.121	0.08889	-23.529	-23.691
SPAC1296.03c	sxa2	viable	V	-0.907	-0.069	-0.0	0.801	6.596	15.69	14.889	4.827	-0.334	-19.402	0.718299	0.171	0.187102	-18.755	-18.917
SPAC1296.04	mug65	viable	V	-0.003	0.0	0.005	0.887	7.266	17.275	16.388	5.319	-0.001	-0.0	-0.020723	0.211	0.306188	-15.805	-15.968
SPAC1296.05c	lcp1	viable	V	0.063	-0.002	0.0	1.906	15.691	37.322	35.416	11.482	0.023	0.014	-3.044227	0.06	0.631306	-33.394	-33.556
SPAC1296.06	tah18	viable	V	4.774	0.63	1.842	2.305	5.654	10.91	8.605	4.631	1.756	108.924	0.989935	0.185	0.036869	-17.592	-17.754
SPAC12B10.01c	hul6	viable	V	0.34	0.034	0.0	0.611	5.029	11.962	11.351	3.68	0.125	7.889	0.585401	0.11	0.234584	-24.899	-25.062
SPAC12B10.02c	sdg1	condition-dependent	E	0.347	0.058	4.035	4.399	7.036	11.172	6.773	6.231	0.128	7.484	0.204659	0.467	0.249462	-4.66	-4.822
SPAC12B10.03	bun62	viable	V	0.452	0.076	6.948	7.313	9.949	14.086	6.773	9.144	0.166	8.429	0.598707	0.16	0.214292	-19.649	-19.812
SPAC12B10.04	pby1	viable	V	1.212	0.038	0.118	2.068	16.175	38.311	36.243	11.868	0.446	15.472	0.963158	0.06	0.060623	-33.398	-33.56
SPAC12B10.05	icp55	viable	V	0.867	0.108	1.183	1.67	5.199	10.735	9.065	4.122	0.319	20.136	0.695566	0.214	0.163937	-15.578	-15.741
SPAC12B10.06c	sdh5	viable	V	0.232	0.037	0.0	0.385	3.166	7.531	7.146	2.317	0.085	5.883	0.356076	0.12	0.260556	-23.67	-23.832
SPAC12B10.07	acp1	viable	V	0.768	0.129	1.971	2.336	4.972	9.109	6.773	4.167	0.283	18.151	0.868097	0.127	0.132197	-22.856	-23.019
SPAC12B10.08c	til1	inviable	E	3.9	0.43	7.441	7.995	12.002	18.288	10.293	10.779	1.435	63.832	0.989117	0.154	0.04056	-20.198	-20.36
SPAC12B10.09	pet801	viable	V	0.594	0.019	1.25	3.131	16.738	38.09	34.958	12.584	0.219	7.303	0.862679	0.067	0.132694	-31.868	-32.031
SPAC12B10.10	nod1	viable	V	0.6	0.1	0.318	0.683	3.319	7.456	6.773	2.514	0.221	15.149	0.336083	0.327	0.332925	-9.638	-9.8
SPAC12B10.11	exg2	viable	V	0.966	0.04	0.0	1.471	12.11	28.805	27.334	8.862	0.355	15.265	0.843432	0.121	0.144008	-23.538	-23.7
SPAC12B10.12c	rhp41	viable	V	1.254	0.136	5.794	6.356	10.417	16.791	10.435	9.177	0.461	22.489	0.966206	0.098	0.070977	-26.527	-26.689
SPAC12B10.13	gid8	viable	V	-0.416	0.07	17.739	18.103	20.74	24.877	6.773	19.935	-0.153	-5.942	0.42454	0.245	0.245599	-13.671	-13.833
SPAC12B10.14c	tea5	viable	V	1.305	0.219	-0.0	0.364	3.001	7.138	6.773	2.196	0.48	33.345	0.799419	0.198	0.128787	-16.64	-16.803
SPAC12B10.16c	mug157	viable	V	-0.529	-0.038	-0.0	0.845	6.959	16.553	15.707	5.093	-0.195	-11.096	0.36706	0.169	0.301543	-18.926	-19.089
SPAC12G12.01c	sea4	viable	V	-1.0	0.031	0.0	1.957	16.116	38.334	36.377	11.794	-0.368	-0.221	0.045571	0.237	0.343179	-14.127	-14.29
SPAC12G12.02	efg1	inviable	E	4.338	0.727	0.174	0.538	3.175	7.311	6.773	2.37	1.596	110.136	0.99313	0.128	0.028563	-22.797	-22.959
SPAC12G12.03	cip2	viable	V	1.077	0.065	0.0	1.004	8.267	19.663	18.659	6.049	0.396	21.044	0.957276	0.075	0.071784	-30.355	-30.518
SPAC12G12.04	mcp60	inviable	E	4.101	0.687	0.979	1.344	3.98	8.117	6.773	3.175	1.509	100.927	0.993967	0.12	0.028365	-23.712	-23.874
SPAC12G12.05c	taf9	inviable	E	-0.022	0.004	0.0	0.364	3.001	7.138	6.773	2.196	-0.008	-0.001	-0.444786	0.089	0.37374	-27.934	-28.097
SPAC12G12.06c	rcl1	inviable	E	4.367	0.732	0.389	0.753	3.39	7.527	6.773	2.585	1.606	109.977	0.991027	0.149	0.033787	-20.647	-20.809
SPAC12G12.07c	cpn1	viable	V	1.123	0.042	2.198	3.838	15.699	34.312	30.474	12.078	0.413	14.481	0.791321	0.157	0.170467	-19.891	-20.053
SPAC12G12.08	mrpl6	inviable	E	2.328	0.338	2.132	2.553	5.598	10.376	7.823	4.668	0.857	53.381	0.92669	0.256	0.101843	-13.097	-13.259
SPAC12G12.09	eti1	viable	V	0.779	0.111	3.53	3.957	7.044	11.89	7.933	6.102	0.286	16.723	0.917467	0.104	0.09689	-25.679	-25.841
SPAC12G12.10	wdr21	viable	V	1.408	0.236	0.893	1.258	3.894	8.031	6.773	3.089	0.518	34.775	0.494171	0.57	0.256827	-1.878	-2.041
SPAC12G12.11c	miy1	viable	V	-1.0	-0.168	-0.0	0.364	3.001	7.138	6.773	2.196	-0.368	-25.554	0.310537	0.413	0.301381	-6.394	-6.556
SPAC12G12.12	gms2	viable	V	0.34	0.057	1.691	2.056	4.692	8.829	6.773	3.887	0.125	8.118	0.76868	0.08	0.168011	-29.306	-29.468
SPAC12G12.13c	cid14	viable	V	3.924	0.536	0.163	0.61	3.842	8.913	8.302	2.855	1.444	96.577	0.992122	0.124	0.030876	-23.204	-23.366
SPAC12G12.14c	pfs2	inviable	E	3.788	0.615	2.175	2.551	5.272	9.542	6.991	4.441	1.394	88.301	0.976201	0.233	0.057397	-14.409	-14.572
SPAC12G12.15	sif3	viable	V	0.762	0.096	0.0	0.484	3.983	9.474	8.99	2.915	0.28	18.609	0.863378	0.109	0.119512	-24.969	-25.131
SPAC12G12.16c	SPAC12G12.16c	viable	V	3.843	0.294	8.582	9.381	15.163	24.236	14.854	13.398	1.414	50.206	0.998702	0.047	0.012699	-36.849	-37.011
SPAC12G12.17	nce101	unknown	Not_determined	0.262	0.044	-0.0	0.364	3.001	7.138	6.773	2.196	0.096	6.701	0.186836	0.179	0.280015	-18.047	-18.209
SPAC1327.01c	SPAC1327.01c	viable	V	-0.401	-0.067	0.0	0.364	3.001	7.138	6.773	2.196	-0.147	-10.235	0.611276	0.112	0.18796	-24.623	-24.785
SPAC139.01c	mkt1	viable	V	0.203	0.034	-0.0	0.364	3.001	7.138	6.773	2.196	0.075	5.183	0.123466	0.177	0.301156	-18.236	-18.398
SPAC139.02c	oac1	viable	V	-0.367	0.011	0.0	1.957	16.113	38.325	36.368	11.791	-0.135	-0.081	-0.997242	0.272	0.483165	-12.251	-12.413
SPAC139.03	toe2	viable	V	-0.58	-0.064	0.0	0.551	4.54	10.799	10.247	3.322	-0.213	-13.768	0.741462	0.115	0.154016	-24.273	-24.436
SPAC139.04c	fap2	viable	V	0.391	0.066	1.081	1.445	4.082	8.218	6.773	3.277	0.144	9.588	0.117309	0.47	0.291209	-4.57	-4.732
SPAC139.05	ssd2	viable	V	0.41	0.069	-0.0	0.364	3.001	7.138	6.773	2.196	0.151	10.478	0.508297	0.119	0.20075	-23.819	-23.981
SPAC139.06	hat1	viable	V	0.749	0.039	2.665	3.833	12.279	25.533	21.7	9.701	0.276	11.776	0.938538	0.066	0.082513	-32.086	-32.249
SPAC1399.01c	SPAC1399.01c	viable	V	2.444	-0.076	0.0	1.957	16.116	38.334	36.377	11.794	0.899	0.54	0.040821	0.263	0.317181	-12.701	-12.864
SPAC1399.02	SPAC1399.02	viable	V	-0.001	0.0	-0.0	0.363	2.988	7.106	6.743	2.186	-0.001	-0.0	-0.1842	0.202	0.360278	-16.41	-16.572
SPAC1399.03	fur4	viable	V	-0.532	-0.089	5.758	6.122	8.758	12.895	6.773	7.954	-0.196	-10.551	0.850214	0.098	0.135253	-26.511	-26.673
SPAC1399.04c	uck2	viable	V	-0.365	-0.061	0.0	0.364	3.001	7.138	6.773	2.196	-0.134	-9.318	0.633706	0.095	0.187509	-26.889	-27.052
SPAC1399.05c	toe1	viable	V	-0.119	-0.02	-0.0	0.364	3.001	7.138	6.773	2.196	-0.044	-3.04	0.00755	0.14	0.30916	-21.552	-21.714
SPAC13A11.01c	rga8	viable	V	0.783	0.052	8.087	9.004	15.639	26.049	17.045	13.613	0.288	9.857	0.764398	0.162	0.15352	-19.499	-19.661
SPAC13A11.02c	erg11	inviable	E	4.809	0.697	-0.0	0.421	3.47	8.255	7.833	2.54	1.769	120.245	0.969294	0.297	0.056003	-10.994	-11.157
SPAC13A11.03	mcp7	viable	V	0.185	0.031	1.086	1.451	4.087	8.224	6.773	3.282	0.068	4.526	0.100852	0.244	0.296032	-13.735	-13.897
SPAC13A11.04c	ubp8	viable	V	1.259	0.091	7.41	8.256	14.374	23.975	15.72	12.506	0.463	17.38	0.982752	0.057	0.046556	-34.202	-34.364
SPAC13A11.05	ysp2	viable	V	0.363	0.061	4.804	5.168	7.805	11.942	6.773	7.0	0.134	7.549	0.60228	0.145	0.211345	-20.995	-21.158
SPAC13A11.06	pdc202	viable	V	-0.01	0.001	0.0	0.457	3.765	8.956	8.499	2.755	-0.004	-0.001	-0.007851	0.219	0.353116	-15.289	-15.451
SPAC13C5.01c	pre9	viable	V	3.867	0.63	-0.0	0.375	3.088	7.345	6.97	2.26	1.423	98.429	0.979562	0.194	0.047217	-16.93	-17.093
SPAC13C5.02	dre4	viable	V	4.183	0.337	4.184	4.942	10.427	19.034	14.092	8.752	1.539	74.138	0.998399	0.061	0.014855	-33.202	-33.364
SPAC13C5.03	tht1	viable	V	0.218	0.021	0.0	0.64	5.268	12.529	11.89	3.855	0.08	4.99	0.830625	0.032	0.120806	-42.077	-42.239
SPAC13C5.04	SPAC13C5.04	viable	V	0.49	0.026	0.0	1.157	9.529	22.665	21.508	6.973	0.18	8.928	0.491007	0.13	0.225003	-22.533	-22.696
SPAC13C5.05c	SPAC13C5.05c	viable	V	4.383	0.633	2.465	2.888	5.947	10.746	7.858	5.013	1.612	98.938	0.999414	0.043	0.00969	-38.199	-38.361
SPAC13C5.06c	mug121	viable	V	-1.0	-0.168	7.753	8.117	10.754	14.891	6.773	9.949	-0.368	-17.843	0.628277	0.371	0.198696	-7.868	-8.03
SPAC13C5.07	mre11	viable	V	3.849	0.368	3.077	3.715	8.331	15.574	11.859	6.921	1.416	76.71	0.995359	0.099	0.02656	-26.408	-26.571
SPAC13D1.01c	Tf2-7	unknown	Not_determined	-0.065	0.011	0.005	0.37	3.006	7.142	6.773	2.201	-0.024	-0.003	-0.124622	0.609	0.361673	-0.933	-1.096
SPAC13D6.01	pof14	viable	V	0.809	0.136	-0.0	0.364	3.001	7.138	6.773	2.196	0.298	20.67	0.125995	0.374	0.370378	-7.752	-7.914
SPAC13D6.03c	trm9	viable	V	1.331	0.074	1.92	3.014	10.926	23.341	20.327	8.51	0.49	22.618	0.96874	0.079	0.060874	-29.48	-29.642
SPAC13D6.04c	btb3	viable	V	1.679	0.281	-0.0	0.364	3.001	7.138	6.773	2.196	0.618	42.898	0.414578	0.621	0.221649	-0.669	-0.831
SPAC13D6.05	alp11	inviable	E	3.878	0.416	2.472	3.041	7.163	13.63	10.589	5.905	1.426	82.107	0.988459	0.161	0.040631	-19.574	-19.736
SPAC13F5.01c	msh1	viable	V	0.102	0.003	0.0	1.957	16.116	38.334	36.377	11.794	0.038	1.308	0.050493	0.106	0.30848	-25.405	-25.567
SPAC13F5.02c	taf7	inviable	E	5.018	0.841	2.149	2.514	5.15	9.287	6.773	4.345	1.846	117.657	0.995943	0.128	0.025547	-22.77	-22.932
SPAC13F5.03c	gld1	viable	V	0.383	0.012	0.945	2.845	16.586	38.149	35.305	12.391	0.141	4.756	0.204119	0.226	0.30464	-14.837	-15.0
SPAC13F5.04c	vta1	viable	V	1.74	0.292	0.62	0.985	3.621	7.758	6.773	2.816	0.64	43.445	0.522495	0.614	0.242089	-0.83	-0.992
SPAC13F5.05	mpd1	viable	V	1.236	0.207	-0.0	0.364	3.001	7.138	6.773	2.196	0.455	31.584	0.002797	0.805	0.344492	2.971	2.808
SPAC13F5.06c	sec10	inviable	E	4.821	0.769	1.272	1.655	4.423	8.767	7.112	3.578	1.774	116.413	0.994849	0.132	0.026442	-22.375	-22.537
SPAC13F5.07c	hpz2	viable	V	0.829	0.139	1.863	2.228	4.864	9.001	6.773	4.059	0.305	19.668	0.297744	0.574	0.312594	-1.781	-1.944
SPAC13G6.01c	rad8	viable	V	0.356	0.06	-0.0	0.364	3.001	7.138	6.773	2.196	0.131	9.088	0.63168	0.086	0.170274	-28.377	-28.54
SPAC13G6.02c	rps101	viable	V	3.83	0.227	-0.0	1.032	8.498	20.213	19.181	6.219	1.409	73.893	0.985033	0.149	0.039692	-20.612	-20.774
SPAC13G6.03	gpi7	viable	V	-0.384	-0.031	0.0	0.766	6.308	15.005	14.239	4.616	-0.141	-8.344	0.464356	0.151	0.237038	-20.489	-20.652
SPAC13G6.04	tim8	viable	V	1.307	0.055	-0.0	1.44	11.859	28.208	26.767	8.678	0.481	20.939	0.680625	0.226	0.195871	-14.843	-15.005
SPAC13G6.05c	trs33	inviable	E	4.705	0.583	2.879	3.371	6.932	12.521	9.15	5.845	1.731	101.17	0.990397	0.185	0.038241	-17.643	-17.805
SPAC13G6.06c	gcv2	viable	V	-0.787	0.025	0.0	1.957	16.116	38.334	36.377	11.794	-0.29	-0.174	-2.249937	0.18	0.633319	-18.018	-18.18
SPAC13G6.07c	rps601	viable	V	3.49	0.382	0.243	0.801	4.835	11.165	10.364	3.603	1.284	81.91	0.992263	0.109	0.030726	-24.984	-25.146
SPAC13G6.08	fzr2	viable	V	0.026	-0.003	0.0	0.504	4.148	9.866	9.362	3.035	0.009	0.001	-1.273427	0.121	0.504764	-23.609	-23.772
SPAC13G6.09	tsr402	viable	V	4.466	0.375	0.026	0.753	6.013	14.267	13.514	4.407	1.643	98.504	0.968227	0.277	0.060256	-11.948	-12.11
SPAC13G6.10c	asl1	viable	V	1.994	0.113	1.156	2.231	10.007	22.208	19.976	7.633	0.734	35.614	0.883956	0.232	0.117356	-14.425	-14.587
SPAC13G6.11c	erg12	inviable	E	4.029	0.675	0.168	0.532	3.168	7.305	6.773	2.364	1.482	102.312	0.983053	0.188	0.045663	-17.389	-17.551
SPAC13G6.12c	chs1	viable	V	0.468	0.015	1.225	3.108	16.726	38.094	34.987	12.568	0.172	5.756	0.669309	0.103	0.200013	-25.821	-25.984
SPAC13G6.13	SPAC13G6.13	viable	V	0.705	0.118	0.263	0.628	3.264	7.401	6.773	2.459	0.259	17.83	0.398106	0.317	0.251612	-10.071	-10.234
SPAC13G6.14	aps1	viable	V	0.355	0.059	-0.0	0.364	3.001	7.138	6.773	2.196	0.13	9.063	0.275167	0.136	0.28726	-21.885	-22.048
SPAC13G7.01c	erg7	inviable	E	4.635	0.696	0.693	1.1	4.04	8.654	7.554	3.142	1.705	113.506	0.998264	0.071	0.015234	-31.051	-31.213
SPAC13G7.02c	ssa1	viable	V	0.243	0.041	0.0	0.364	3.001	7.138	6.773	2.196	0.089	6.202	0.83468	0.036	0.130148	-40.621	-40.783
SPAC13G7.04c	mac1	viable	V	0.585	0.019	0.894	2.796	16.561	38.159	35.363	12.359	0.215	7.279	0.583343	0.138	0.221802	-21.731	-21.893
SPAC13G7.05	are1	viable	V	0.703	-0.024	-0.0	1.799	14.815	35.238	33.438	10.841	0.258	0.143	-0.0406	0.253	0.32372	-13.269	-13.431
SPAC13G7.06	met16	viable	V	1.138	0.191	-0.0	0.364	3.001	7.138	6.773	2.196	0.419	29.076	0.643986	0.29	0.168805	-11.314	-11.476
SPAC13G7.07	arb2	viable	V	0.599	0.046	-0.0	0.792	6.52	15.508	14.716	4.771	0.22	12.861	0.207121	0.31	0.276221	-10.375	-10.537
SPAC13G7.08c	crb3	inviable	E	4.222	0.561	1.322	1.782	5.106	10.323	8.541	4.091	1.553	98.644	0.989261	0.166	0.039278	-19.138	-19.301
SPAC13G7.09c	SPAC13G7.09c	viable	V	0.377	0.051	0.896	1.348	4.618	9.75	8.402	3.62	0.139	9.003	0.120052	0.383	0.331457	-7.418	-7.58
SPAC13G7.10	teb1	inviable	E	4.017	0.526	0.371	0.837	4.207	9.495	8.658	3.178	1.478	97.333	0.932711	0.387	0.09081	-7.293	-7.455
SPAC13G7.11	mba1	viable	V	0.139	0.023	0.0	0.364	3.001	7.138	6.773	2.196	0.051	3.555	0.141047	0.086	0.346811	-28.29	-28.452
SPAC13G7.12c	eki1	viable	V	1.071	0.179	4.438	4.802	7.439	11.576	6.773	6.634	0.394	22.658	0.74217	0.243	0.207443	-13.823	-13.985
SPAC13G7.13c	msa1	viable	V	0.912	0.153	-0.0	0.364	3.001	7.138	6.773	2.196	0.335	23.298	0.046717	0.667	0.404687	0.337	0.175
SPAC140.01	sdh2	viable	V	0.722	0.121	5.161	5.525	8.162	12.299	6.773	7.357	0.266	14.758	0.253201	0.7	0.311254	1.007	0.844
SPAC140.02	gar2	viable	V	4.616	0.342	1.941	2.765	8.73	18.088	15.323	6.909	1.698	89.186	0.979137	0.233	0.053587	-14.372	-14.534
SPAC140.03	arb1	viable	V	0.733	0.043	2.152	3.192	10.719	22.529	19.336	8.421	0.27	12.624	0.974908	0.041	0.058499	-38.716	-38.878
SPAC140.04	ctr1	viable	V	1.31	0.057	1.757	3.162	13.329	29.282	26.12	10.225	0.482	19.35	0.991905	0.035	0.029639	-40.849	-41.012
SPAC1420.01c	mks1	viable	V	-0.394	-0.012	0.001	1.958	16.117	38.334	36.376	11.795	-0.145	-5.052	0.286632	0.158	0.281447	-19.817	-19.979
SPAC1420.02c	cct5	inviable	E	3.854	0.646	-0.0	0.364	3.001	7.138	6.773	2.196	1.418	98.481	0.96183	0.262	0.063947	-12.752	-12.915
SPAC144.01	SPAC144.01	viable	V	1.345	0.106	0.0	0.771	6.351	15.107	14.336	4.648	0.495	29.148	0.777976	0.244	0.165944	-13.723	-13.886
SPAC144.02	iec1	viable	V	1.834	0.113	2.078	3.066	10.209	21.418	18.352	8.028	0.675	32.544	0.993426	0.05	0.028146	-35.849	-36.012
SPAC144.03	ade2	viable	V	0.789	0.049	7.915	8.9	16.026	27.208	18.308	13.85	0.29	9.645	0.767574	0.157	0.138626	-19.953	-20.115
SPAC144.04c	spe1	viable	V	1.025	0.075	1.399	2.235	8.28	17.767	15.531	6.435	0.377	20.232	0.978263	0.055	0.055008	-34.674	-34.836
SPAC144.05	irc20	viable	V	1.023	0.171	1.618	1.983	4.619	8.756	6.773	3.814	0.376	24.524	0.942071	0.102	0.091428	-25.904	-26.067
SPAC144.06	apl5	viable	V	2.001	0.067	2.097	3.926	17.159	37.924	33.997	13.119	0.736	23.87	0.976542	0.077	0.047984	-29.806	-29.968
SPAC144.07c	gpn2	inviable	E	4.381	0.734	1.026	1.391	4.027	8.164	6.773	3.222	1.612	107.622	0.98127	0.23	0.052385	-14.6	-14.762
SPAC144.08	jac1	condition-dependent	E	4.151	0.47	3.644	4.183	8.086	14.21	10.026	6.895	1.527	84.23	0.992637	0.142	0.035165	-21.369	-21.531
SPAC144.09c	sfc2	inviable	E	4.573	0.508	1.107	1.657	5.632	11.87	10.213	4.418	1.682	103.87	0.96165	0.335	0.072929	-9.309	-9.471
SPAC144.10c	gwt1	inviable	E	4.42	0.66	0.864	1.273	4.232	8.875	7.603	3.329	1.626	107.401	0.999231	0.045	0.010217	-37.275	-37.437
SPAC144.11	rps1102	viable	V	2.74	0.262	0.0	0.639	5.258	12.507	11.869	3.848	1.008	62.811	0.984621	0.119	0.041502	-23.847	-24.009
SPAC144.12	rki1	inviable	E	5.784	0.634	-0.0	0.557	4.588	10.912	10.355	3.357	2.128	137.088	0.974888	0.321	0.054619	-9.894	-10.057
SPAC144.13c	srw1	viable	V	3.289	0.539	0.418	0.791	3.485	7.714	6.923	2.663	1.21	82.477	0.971547	0.203	0.05561	-16.352	-16.514
SPAC144.14	klp8	viable	V	0.233	0.011	0.0	1.301	10.708	25.469	24.168	7.836	0.086	3.98	0.043361	0.162	0.338206	-19.511	-19.674
SPAC144.15c	cog1	inviable	E	4.273	0.713	0.411	0.777	3.422	7.574	6.797	2.615	1.572	107.48	0.994231	0.117	0.027273	-24.048	-24.21
SPAC144.16	cia2	inviable	E	3.87	0.648	0.606	0.971	3.607	7.744	6.773	2.802	1.424	96.646	0.910693	0.446	0.098395	-5.297	-5.459
SPAC144.17c	SPAC144.17c	viable	V	1.149	0.192	5.792	6.156	8.792	12.929	6.773	7.988	0.423	22.748	0.845927	0.211	0.153684	-15.813	-15.975
SPAC144.18	vrg4	inviable	E	5.203	0.621	5.293	5.805	9.503	15.307	9.502	8.374	1.914	98.386	0.965235	0.403	0.068744	-6.72	-6.882
SPAC144.19	prl46	viable	Not_determined	0.946	0.159	-0.0	0.364	3.001	7.138	6.773	2.196	0.348	24.183	0.365407	0.303	0.270319	-10.728	-10.89
SPAC1486.01	sod2	viable	V	0.708	0.119	6.684	7.049	9.685	13.822	6.773	8.88	0.261	13.393	0.636671	0.299	0.21174	-10.894	-11.056
SPAC1486.02c	dsc2	viable	V	1.171	0.196	-0.0	0.364	3.001	7.138	6.773	2.196	0.431	29.936	0.760146	0.223	0.162036	-15.021	-15.183
SPAC1486.03c	ntr1	inviable	E	4.311	0.597	0.331	0.772	3.96	8.964	8.192	2.987	1.586	105.649	0.98926	0.161	0.035443	-19.561	-19.724
SPAC1486.04c	alm1	viable	V	3.646	0.343	3.776	4.426	9.125	16.498	12.072	7.69	1.341	69.74	0.998774	0.048	0.013335	-36.448	-36.61
SPAC1486.05	nup189	inviable	E	3.671	0.568	0.614	1.008	3.862	8.339	7.331	2.99	1.35	90.596	0.99712	0.072	0.019655	-30.84	-31.002
SPAC1486.06	npt1	inviable	E	4.039	0.677	-0.0	0.364	3.001	7.138	6.773	2.196	1.486	103.215	0.941093	0.327	0.080402	-9.636	-9.798
SPAC1486.07c	mrpl19	inviable	E	4.068	0.681	7.112	7.477	10.113	14.25	6.773	9.308	1.497	75.193	0.836903	0.752	0.153765	2.005	1.843
SPAC1486.08	cox16	viable	V	0.771	0.101	1.371	1.839	5.228	10.545	8.706	4.193	0.284	17.916	0.807423	0.146	0.151028	-20.948	-21.111
SPAC1486.09	nob1	inviable	E	2.932	0.491	0.268	0.632	3.269	7.406	6.773	2.464	1.079	74.192	0.976511	0.163	0.054742	-19.366	-19.528
SPAC1486.10	thi1	viable	V	0.439	0.051	0.02	0.55	4.379	10.388	9.838	3.21	0.162	10.516	0.592077	0.136	0.215086	-21.983	-22.145
SPAC1486.11	fmc1	viable	Not_determined	1.091	0.038	0.0	1.765	14.529	34.559	32.794	10.632	0.401	15.159	0.963499	0.054	0.060998	-34.899	-35.061
SPAC14C4.01c	atg43	viable	V	3.368	0.275	9.117	9.865	15.282	23.78	13.915	13.628	1.239	43.688	0.99779	0.054	0.016584	-34.825	-34.987
SPAC14C4.02c	smc5	inviable	E	4.254	0.695	2.62	2.994	5.699	9.942	6.948	4.873	1.565	97.363	0.996084	0.107	0.025223	-25.224	-25.386
SPAC14C4.03	mek1	viable	V	1.065	0.178	2.142	2.507	5.143	9.28	6.773	4.338	0.392	24.981	0.646557	0.349	0.195274	-8.755	-8.917
SPAC14C4.04	SPAC14C4.04	viable	V	-0.683	-0.114	17.865	18.229	20.866	25.002	6.773	20.061	-0.251	-5.301	0.301673	0.385	0.282375	-7.357	-7.52
SPAC14C4.05c	man1	viable	V	-0.004	0.001	0.0	0.364	2.996	7.127	6.763	2.193	-0.002	-0.0	-0.823469	0.116	0.48565	-24.15	-24.312
SPAC14C4.06c	nab2	viable	V	3.49	0.268	2.463	3.259	9.019	18.057	14.798	7.26	1.284	66.56	0.992596	0.108	0.030864	-25.159	-25.322
SPAC14C4.07	SPAC14C4.07	viable	V	-0.269	0.008	0.0	1.946	16.025	38.116	36.17	11.727	-0.099	-0.059	0.021769	0.116	0.30594	-24.127	-24.29
SPAC14C4.08	mug5	viable	V	0.128	0.004	0.0	1.957	16.116	38.334	36.377	11.794	0.047	1.635	0.093697	0.161	0.326368	-19.549	-19.712
SPAC14C4.09	agn1	viable	V	0.115	-0.019	-0.0	0.364	3.001	7.138	6.773	2.196	0.042	0.005	-0.054598	0.288	0.310212	-11.433	-11.595
SPAC14C4.10c	SPAC14C4.10c	viable	V	-0.018	0.002	0.0	0.617	5.078	12.08	11.463	3.716	-0.007	-0.001	-0.11555	0.257	0.356975	-13.04	-13.202
SPAC14C4.11	vtc2	viable	V	0.873	0.077	1.614	2.305	7.306	15.154	12.848	5.78	0.321	18.226	0.971393	0.055	0.065752	-34.58	-34.743
SPAC14C4.12c	laf1	viable	V	0.681	0.114	6.969	7.333	9.97	14.107	6.773	9.165	0.25	12.682	0.806854	0.16	0.154419	-19.645	-19.807
SPAC14C4.13	rad17	viable	V	1.182	0.086	5.673	6.515	12.605	22.161	15.646	10.745	0.435	18.341	0.980529	0.061	0.050484	-33.206	-33.369
SPAC14C4.14	atp1	viable	V	1.79	0.126	0.867	1.736	8.022	17.886	16.15	6.103	0.659	35.711	0.985304	0.076	0.041305	-30.162	-30.324
SPAC14C4.15c	dpp1	viable	V	-1.0	-0.168	-0.0	0.364	3.001	7.138	6.773	2.196	-0.368	-25.554	0.630508	0.282	0.17477	-11.744	-11.906
SPAC14C4.16	dad3	viable	V	1.787	0.117	7.262	8.193	14.928	25.497	17.305	12.872	0.657	23.694	0.989173	0.064	0.03521	-32.505	-32.667
SPAC1527.01	mok11	viable	V	0.284	0.048	-0.0	0.364	3.001	7.138	6.773	2.196	0.104	7.257	0.03414	0.142	0.317141	-21.288	-21.45
SPAC1527.02	sft2	viable	V	2.813	0.319	6.034	6.573	10.474	16.595	10.022	9.283	1.035	50.378	0.962011	0.235	0.072401	-14.265	-14.427
SPAC1527.03	slr1	viable	V	0.468	0.015	1.062	2.955	16.645	38.126	35.171	12.465	0.172	5.794	0.015038	0.929	0.312957	4.976	4.814
SPAC1556.01c	rad50	viable	V	4.215	0.429	2.645	3.245	7.582	14.387	11.142	6.258	1.551	87.342	0.99866	0.059	0.014207	-33.694	-33.856
SPAC1556.02c	sdh1	viable	V	0.112	0.019	-0.0	0.364	3.001	7.138	6.773	2.196	0.041	2.85	0.086872	0.1	0.304979	-26.189	-26.351
SPAC1556.03	azr1	viable	V	-0.673	-0.085	0.0	0.482	3.972	9.448	8.966	2.907	-0.248	-16.43	0.604257	0.181	0.181347	-17.945	-18.107
SPAC1556.04c	cdd1	viable	V	0.188	0.031	2.761	3.126	5.762	9.899	6.773	4.957	0.069	4.289	0.299374	0.173	0.233715	-18.548	-18.71
SPAC1556.05c	cgr1	viable	V	4.771	0.534	0.534	1.079	5.022	11.209	10.131	3.818	1.755	111.235	0.989963	0.173	0.036052	-18.567	-18.729
SPAC1556.06	meu1	viable	V	0.733	0.123	-0.0	0.364	3.001	7.138	6.773	2.196	0.27	18.737	0.709291	0.144	0.157134	-21.122	-21.285
SPAC1556.07	pmm1	inviable	E	2.979	0.499	-0.0	0.364	3.001	7.138	6.773	2.196	1.096	76.123	0.861687	0.358	0.12851	-8.365	-8.527
SPAC1556.08c	cbs2	viable	V	1.331	0.075	1.123	2.206	10.036	22.324	20.118	7.645	0.49	23.727	0.928157	0.119	0.094284	-23.791	-23.954
SPAC1565.01	rcf2	viable	V	0.541	0.036	0.0	0.923	7.599	18.074	17.151	5.561	0.199	10.974	0.950295	0.037	0.073179	-40.256	-40.418
SPAC1565.02c	rga10	viable	V	1.464	0.245	-0.0	0.364	3.001	7.138	6.773	2.196	0.539	37.413	0.306491	0.536	0.240555	-2.738	-2.9
SPAC1565.03	SPAC1565.03	viable	V	0.724	0.121	6.092	6.457	9.093	13.23	6.773	8.288	0.267	14.13	0.592075	0.355	0.238827	-8.512	-8.675
SPAC1565.04c	ste4	viable	V	1.091	0.183	0.58	0.944	3.581	7.718	6.773	2.776	0.401	27.285	0.871532	0.156	0.132681	-19.984	-20.146
SPAC1565.05	utp8	inviable	E	3.903	0.654	-0.0	0.364	3.001	7.138	6.773	2.196	1.436	99.742	0.988404	0.147	0.036524	-20.856	-21.018
SPAC1565.06c	spg1	inviable	E	4.441	0.744	1.754	2.119	4.755	8.892	6.773	3.95	1.634	105.882	0.983162	0.232	0.053351	-14.427	-14.589
SPAC1565.07c	knd1	viable	V	0.725	0.122	2.218	2.582	5.219	9.356	6.773	4.414	0.267	16.956	0.9111	0.095	0.104351	-26.976	-27.138
SPAC1565.08	cdc48	inviable	E	3.973	0.665	0.555	0.92	3.556	7.693	6.773	2.751	1.461	99.412	0.984935	0.178	0.043027	-18.14	-18.302
SPAC15A10.01	atm1	condition-dependent	E	4.395	0.736	6.348	6.712	9.348	13.485	6.773	8.544	1.617	84.589	0.999798	0.027	0.006125	-44.495	-44.657
SPAC15A10.02	taf12	inviable	E	3.652	0.366	0.348	0.957	5.36	12.27	11.313	4.016	1.343	83.558	0.962775	0.252	0.069241	-13.272	-13.434
SPAC15A10.03c	rad54	viable	V	3.421	0.429	1.165	1.652	5.178	10.71	9.058	4.101	1.259	79.547	0.995816	0.083	0.023921	-28.824	-28.986
SPAC15A10.04c	zpr1	inviable	E	3.94	0.66	0.4	0.765	3.401	7.538	6.773	2.596	1.449	99.178	0.993098	0.118	0.029726	-23.914	-24.076
SPAC15A10.05c	mug182	viable	V	0.183	0.031	-0.0	0.364	3.001	7.138	6.773	2.196	0.067	4.681	0.152674	0.1	0.276554	-26.22	-26.383
SPAC15A10.06	nhx1	viable	V	0.863	0.048	0.175	1.276	9.24	21.736	20.461	6.808	0.317	15.997	0.900109	0.094	0.108511	-27.075	-27.237
SPAC15A10.07	SPAC15A10.07	viable	V	0.36	0.021	1.136	2.177	9.709	21.528	19.351	7.41	0.132	6.539	0.645643	0.104	0.198742	-25.749	-25.911
SPAC15A10.08	ain1	viable	V	1.269	0.213	-0.0	0.364	3.001	7.138	6.773	2.196	0.467	32.422	0.198727	0.588	0.286589	-1.426	-1.588
SPAC15A10.09c	pun1	viable	V	0.299	0.05	5.819	6.183	8.82	12.956	6.773	8.015	0.11	5.907	0.654414	0.113	0.202093	-24.554	-24.716
SPAC15A10.10	mde6	viable	V	0.122	0.013	0.0	0.571	4.702	11.183	10.612	3.441	0.045	2.882	0.278244	0.094	0.289881	-27.114	-27.276
SPAC15A10.11	ubr11	viable	V	0.76	0.094	1.827	2.318	5.869	11.44	9.122	4.785	0.279	17.142	0.978294	0.045	0.05444	-37.442	-37.605
SPAC15A10.12c	tca17	inviable	E	4.62	0.657	3.635	4.065	7.171	12.046	7.981	6.223	1.699	98.598	0.997678	0.093	0.019322	-27.255	-27.417
SPAC15A10.13	ppk3	viable	V	0.958	0.16	2.479	2.844	5.48	9.617	6.773	4.675	0.352	22.144	0.677938	0.294	0.189158	-11.141	-11.303
SPAC15A10.15	sgo2	viable	V	2.284	0.125	13.85	14.962	23.004	35.623	20.661	20.549	0.84	14.619	0.77061	0.274	0.153636	-12.113	-12.275
SPAC15A10.16	bud6	viable	V	0.434	0.056	1.171	1.645	5.071	10.446	8.801	4.025	0.16	10.148	0.870649	0.068	0.125362	-31.595	-31.757
SPAC15E1.02c	SPAC15E1.02c	viable	V	0.762	0.128	5.196	5.56	8.197	12.334	6.773	7.392	0.28	15.539	0.62197	0.316	0.223825	-10.116	-10.279
SPAC15E1.04	hal3	viable	V	3.279	0.549	-0.0	0.364	3.001	7.138	6.773	2.196	1.206	83.801	0.958941	0.238	0.069975	-14.077	-14.239
SPAC15E1.05c	ect1	viable	V	-1.0	0.032	1.259	3.139	16.742	38.088	34.948	12.59	-0.368	-0.309	-0.585597	0.298	0.379018	-10.936	-11.098
SPAC15E1.06	vps29	viable	V	1.574	0.098	-0.0	0.976	8.038	19.12	18.144	5.882	0.579	31.144	0.930267	0.136	0.085664	-21.884	-22.046
SPAC15E1.07c	moa1	viable	V	0.854	0.143	2.704	3.069	5.705	9.842	6.773	4.9	0.314	19.554	0.547501	0.371	0.241933	-7.886	-8.048
SPAC15E1.08	naa10	inviable	E	4.173	0.395	4.479	5.123	9.787	17.104	11.981	8.363	1.535	77.083	0.998209	0.067	0.016035	-31.837	-32.0
SPAC15E1.09	grx2	viable	V	-0.039	-0.005	0.0	0.517	4.258	10.127	9.61	3.116	-0.014	-0.934	0.001618	0.367	0.282753	-8.022	-8.184
SPAC15E1.10	fub1	viable	V	-1.0	-0.033	-0.0	1.856	15.285	36.356	34.499	11.185	-0.368	-13.361	0.602969	0.205	0.211198	-16.167	-16.329
SPAC15F9.01c	glm1	viable	V	-0.386	-0.065	0.02	0.385	3.021	7.158	6.773	2.216	-0.142	-9.861	0.078238	0.511	0.273667	-3.394	-3.556
SPAC15F9.02	seh1	viable	V	0.736	0.049	4.82	5.728	12.297	22.605	16.877	10.292	0.271	11.612	0.787512	0.134	0.147094	-22.185	-22.347
SPAC15F9.03c	nxt2	inviable	E	4.574	0.715	0.567	0.957	3.784	8.219	7.261	2.921	1.683	113.25	0.996276	0.102	0.021945	-26.001	-26.163
SPAC16.01	rho2	viable	V	0.648	0.109	2.763	3.127	5.764	9.9	6.773	4.959	0.238	14.802	0.86074	0.113	0.136814	-24.49	-24.653
SPAC16.02c	srp2	inviable	E	3.336	0.363	0.616	1.177	5.232	11.596	10.419	3.994	1.227	77.021	0.991933	0.109	0.031946	-25.087	-25.25
SPAC16.03c	ura2	viable	V	2.456	0.08	0.692	2.568	16.139	37.434	34.866	11.996	0.904	31.281	0.966164	0.113	0.057474	-24.562	-24.724
SPAC16.04	dus3	viable	V	0.657	0.11	1.426	1.791	4.427	8.564	6.773	3.622	0.242	15.889	0.446667	0.307	0.265297	-10.523	-10.685
SPAC16.05c	sfp1	viable	V	2.504	0.194	0.042	0.831	6.539	15.495	14.665	4.796	0.921	53.735	0.970843	0.148	0.059105	-20.781	-20.943
SPAC1610.01	saf5	viable	V	3.785	0.592	7.692	8.082	10.908	15.342	7.26	10.045	1.392	66.825	0.991491	0.144	0.036673	-21.155	-21.317
SPAC1610.02c	mrpl1	viable	V	3.429	0.253	5.783	6.61	12.589	21.972	15.362	10.764	1.262	53.309	0.993982	0.094	0.027973	-27.079	-27.241
SPAC1610.03c	crp79	viable	V	-0.508	-0.055	0.0	0.559	4.606	10.957	10.397	3.371	-0.187	-12.041	0.975044	0.029	0.053059	-43.555	-43.717
SPAC1610.04	mmc1	viable	V	1.242	0.062	0.0	1.228	10.109	24.046	22.818	7.398	0.457	21.917	0.57403	0.33	0.245294	-9.535	-9.697
SPAC1635.01	por1	viable	V	2.401	0.075	-0.0	1.957	16.116	38.334	36.377	11.794	0.883	30.771	0.726525	0.296	0.159243	-11.065	-11.227
SPAC1639.01c	elo1	viable	V	0.475	0.08	-0.0	0.364	3.001	7.138	6.773	2.196	0.175	12.128	0.456841	0.143	0.231837	-21.202	-21.364
SPAC1639.02c	trk2	viable	V	0.136	0.004	0.0	1.957	16.116	38.334	36.377	11.794	0.05	1.743	0.107176	0.139	0.307921	-21.639	-21.801
SPAC167.01	ire1	viable	V	0.218	-0.028	0.0	0.48	3.951	9.398	8.918	2.891	0.08	0.012	-0.050383	0.207	0.353791	-16.053	-16.215
SPAC167.02	ptb1	inviable	E	3.85	0.645	0.208	0.572	3.209	7.346	6.773	2.404	1.416	97.623	0.992924	0.115	0.029235	-24.221	-24.384
SPAC167.03c	snu66	inviable	E	4.359	0.73	-0.0	0.364	3.001	7.138	6.773	2.196	1.604	111.396	0.959652	0.304	0.069938	-10.676	-10.838
SPAC167.04	pam17	viable	V	-0.083	0.003	0.0	1.953	16.077	38.241	36.289	11.765	-0.03	-0.018	-0.007781	0.239	0.298381	-14.055	-14.218
SPAC167.05	dbs2	viable	V	0.832	0.095	5.579	6.113	9.982	16.054	9.94	8.801	0.306	15.304	0.987398	0.038	0.044414	-39.841	-40.003
SPAC167.07c	hul5	viable	V	0.836	0.115	2.317	2.762	5.982	11.033	8.271	4.999	0.307	18.817	0.880038	0.122	0.119587	-23.455	-23.617
SPAC167.08	Tf2-2	unknown	Not_determined	1.755	0.294	-0.0	0.364	3.001	7.138	6.773	2.196	0.646	44.845	0.465273	0.492	0.249562	-3.919	-4.081
SPAC167.09	pga1	unknown	Not_determined	4.746	0.795	1.525	1.89	4.526	8.663	6.773	3.721	1.746	114.239	0.997482	0.092	0.019334	-27.361	-27.523
SPAC1687.01	rpc19	inviable	E	4.522	0.757	-0.0	0.364	3.001	7.138	6.773	2.196	1.663	115.544	0.842438	0.645	0.129197	-0.134	-0.297
SPAC1687.02	rce1	inviable	E	4.514	0.654	5.19	5.611	8.66	13.445	7.833	7.73	1.66	89.658	0.987913	0.214	0.045338	-15.582	-15.744
SPAC1687.03c	rfc4	inviable	E	3.993	0.567	2.561	2.991	6.101	10.982	7.992	5.152	1.469	89.493	0.996848	0.09	0.021801	-27.712	-27.874
SPAC1687.04	mcb1	inviable	E	4.097	0.598	0.282	0.7	3.724	8.47	7.77	2.801	1.507	101.488	0.98802	0.161	0.038105	-19.537	-19.699
SPAC1687.05	pli1	viable	V	2.249	0.149	2.771	3.69	10.335	20.762	17.073	8.306	0.827	39.754	0.989183	0.081	0.037458	-29.112	-29.274
SPAC1687.06c	rpl44	viable	V	0.27	-0.018	0.0	0.925	7.618	18.119	17.194	5.574	0.099	0.028	-0.015668	0.162	0.30419	-19.497	-19.659
SPAC1687.08	SPAC1687.08	viable	V	0.639	0.107	0.124	0.489	3.125	7.262	6.773	2.32	0.235	16.253	0.171202	0.526	0.289574	-2.998	-3.16
SPAC1687.09	irs4	viable	V	1.942	0.061	-0.0	1.957	16.116	38.334	36.377	11.794	0.715	24.892	0.806881	0.214	0.134924	-15.577	-15.739
SPAC1687.10	mcp1	viable	V	0.382	0.031	0.0	0.749	6.167	14.669	13.92	4.513	0.14	8.354	0.823554	0.062	0.154276	-32.994	-33.157
SPAC1687.11	spb1	inviable	E	3.654	0.612	0.135	0.499	3.136	7.273	6.773	2.331	1.344	92.922	0.987131	0.147	0.039578	-20.836	-20.998
SPAC1687.12c	coq4	condition-dependent	V	2.198	0.088	7.061	8.587	19.628	36.952	28.365	16.257	0.809	21.195	0.890516	0.188	0.100828	-17.38	-17.542
SPAC1687.13c	csn5	viable	V	1.512	0.074	-0.0	1.253	10.316	24.537	23.284	7.549	0.556	26.372	0.725468	0.254	0.162212	-13.211	-13.374
SPAC1687.15	gsk3	viable	V	0.693	0.116	0.394	0.758	3.394	7.531	6.773	2.59	0.255	17.443	0.393741	0.336	0.248476	-9.261	-9.423
SPAC1687.16c	erg31	viable	V	0.333	0.056	-0.0	0.364	3.001	7.138	6.773	2.196	0.122	8.503	0.406359	0.124	0.239099	-23.214	-23.376
SPAC1687.17c	SPAC1687.17c	viable	V	0.607	0.102	0.0	0.364	3.001	7.138	6.773	2.196	0.223	15.523	0.310783	0.331	0.295683	-9.472	-9.634
SPAC1687.18c	ssl3	inviable	E	3.659	0.468	2.077	2.554	6.005	11.42	8.866	4.951	1.346	82.146	0.985792	0.17	0.044305	-18.779	-18.941
SPAC1687.19c	qtr1	viable	V	0.433	0.073	-0.0	0.364	3.001	7.138	6.773	2.196	0.159	11.066	-0.045789	0.223	0.319217	-14.98	-15.142
SPAC1687.20c	mis6	inviable	E	3.918	0.639	4.497	4.871	7.578	11.826	6.955	6.752	1.441	82.301	0.99637	0.1	0.02592	-26.233	-26.395
SPAC1687.21	SPAC1687.21	viable	V	1.353	0.071	3.677	4.839	13.248	26.443	21.604	10.681	0.498	20.05	0.893337	0.156	0.100951	-19.968	-20.13
SPAC1687.22c	puf3	viable	V	-0.572	-0.096	3.862	4.226	6.862	10.999	6.773	6.058	-0.21	-12.427	0.838843	0.125	0.141394	-23.161	-23.323
SPAC1687.23c	SPAC1687.23c	viable	V	1.036	0.174	11.53	11.894	14.531	18.668	6.773	13.726	0.381	14.573	0.78549	0.199	0.16385	-16.608	-16.771
SPAC16A10.01	SPAC16A10.01	viable	V	0.011	-0.002	0.0	0.364	3.001	7.138	6.773	2.196	0.004	0.0	-1.734208	0.098	0.520961	-26.528	-26.69
SPAC16A10.02	sub1	viable	V	0.095	-0.006	0.0	1.041	8.571	20.387	19.346	6.272	0.035	0.011	-0.063776	0.293	0.345348	-11.177	-11.339
SPAC16A10.03c	SPAC16A10.03c	viable	V	0.342	0.017	0.0	1.208	9.95	23.667	22.458	7.281	0.126	6.079	0.755442	0.064	0.184018	-32.436	-32.598
SPAC16A10.04	rho4	viable	V	0.516	0.016	0.0	1.957	16.116	38.334	36.377	11.794	0.19	6.615	0.654259	0.105	0.174455	-25.573	-25.736
SPAC16A10.06c	nse2	inviable	E	4.3	0.485	3.633	4.175	8.093	14.242	10.067	6.897	1.582	87.214	0.997158	0.091	0.021384	-27.506	-27.668
SPAC16A10.07c	taz1	viable	V	0.775	0.048	0.0	0.993	8.177	19.449	18.456	5.984	0.285	15.215	0.957208	0.054	0.071152	-34.77	-34.932
SPAC16A10.08c	mug74	unknown	Not_determined	1.0	0.083	0.529	1.269	6.618	15.011	13.742	4.985	0.368	21.468	0.852066	0.146	0.117827	-20.928	-21.09
SPAC16C9.01c	SPAC16C9.01c	viable	V	-0.055	0.009	0.0	0.364	3.001	7.138	6.773	2.196	-0.02	-0.002	-0.575279	0.177	0.433911	-18.274	-18.436
SPAC16C9.02c	mta1	viable	V	2.577	0.231	3.218	3.9	8.836	16.58	12.68	7.329	0.948	49.937	0.962973	0.19	0.076551	-17.279	-17.441
SPAC16C9.03	nmd3	inviable	E	3.96	0.663	-0.0	0.364	3.001	7.138	6.773	2.196	1.457	101.205	0.983548	0.175	0.044235	-18.381	-18.543
SPAC16C9.04c	mot2	viable	V	2.912	0.333	3.883	4.416	8.273	14.325	9.909	7.095	1.071	58.565	0.986593	0.134	0.046038	-22.104	-22.266
SPAC16C9.05	cph1	condition-dependent	V	0.905	0.152	1.105	1.469	4.105	8.242	6.773	3.301	0.333	22.153	0.78412	0.18	0.143968	-17.988	-18.15
SPAC16C9.06c	upf1	viable	V	0.905	0.054	5.124	6.145	13.534	25.128	18.982	11.278	0.333	13.186	0.920928	0.091	0.095125	-27.58	-27.743
SPAC16C9.07	pom2	viable	V	0.688	0.102	0.491	0.902	3.874	8.537	7.636	2.967	0.253	16.944	0.90342	0.084	0.106013	-28.683	-28.846
SPAC16E8.01	shd1	viable	V	0.645	0.108	8.715	9.08	11.716	15.853	6.773	10.911	0.237	10.895	0.527498	0.326	0.198637	-9.702	-9.864
SPAC16E8.04c	aro7	inviable	E	4.558	0.764	0.707	1.071	3.708	7.845	6.773	2.903	1.677	113.387	0.98098	0.234	0.048399	-14.354	-14.516
SPAC16E8.05c	SPAC16E8.05c	viable	V	0.972	0.03	-0.0	1.957	16.116	38.334	36.377	11.794	0.358	12.461	-0.201607	0.6	0.336777	-1.148	-1.311
SPAC16E8.06c	nop12	viable	V	0.842	0.141	2.677	3.041	5.678	9.815	6.773	4.873	0.31	19.295	0.469208	0.383	0.256494	-7.429	-7.591
SPAC16E8.07c	vph1	inviable	E	4.936	0.421	-0.0	0.716	5.898	14.029	13.312	4.316	1.816	109.511	0.973512	0.276	0.054283	-12.005	-12.167
SPAC16E8.08	pos1	viable	V	-0.159	0.005	-0.0	1.946	16.021	38.108	36.162	11.724	-0.058	-0.035	-1.785394	0.231	0.63479	-14.511	-14.673
SPAC16E8.09	scd1	viable	V	1.628	0.096	3.545	4.585	12.107	23.912	19.327	9.811	0.599	25.899	0.994877	0.039	0.024863	-39.442	-39.604
SPAC16E8.10c	rsm7	inviable	E	4.23	0.614	3.559	3.98	7.022	11.796	7.816	6.093	1.556	90.964	0.996408	0.103	0.024394	-25.833	-25.995
SPAC16E8.11c	tfb1	inviable	E	4.465	0.655	1.796	2.212	5.221	9.943	7.732	4.302	1.643	104.079	0.998583	0.065	0.014712	-32.191	-32.354
SPAC16E8.12c	png3	viable	V	0.338	0.057	3.683	4.047	6.684	10.821	6.773	5.879	0.124	7.405	0.881204	0.06	0.136024	-33.328	-33.49
SPAC16E8.13	SPAC16E8.13	viable	V	0.352	0.03	1.256	1.964	7.087	15.126	13.162	5.523	0.129	7.408	0.787341	0.077	0.165064	-29.85	-30.012
SPAC16E8.14c	tae1	viable	V	0.805	0.128	14.838	15.222	17.999	22.356	7.134	17.151	0.296	8.518	0.410612	0.357	0.253327	-8.413	-8.575
SPAC16E8.15	tif45	inviable	E	4.051	0.679	0.11	0.475	3.111	7.248	6.773	2.306	1.49	103.109	0.995017	0.101	0.024829	-26.076	-26.238
SPAC16E8.16	sua7	inviable	E	2.778	0.465	-0.0	0.364	3.001	7.138	6.773	2.196	1.022	70.997	0.833555	0.366	0.136621	-8.071	-8.234
SPAC16E8.17c	sca1	viable	V	0.471	0.079	2.942	3.306	5.942	10.079	6.773	5.138	0.173	10.669	0.160336	0.485	0.287452	-4.124	-4.286
SPAC16E8.18	SPAC16E8.18	viable	V	0.146	0.024	-0.0	0.364	3.001	7.138	6.773	2.196	0.054	3.728	-0.059849	0.127	0.391487	-22.864	-23.027
SPAC16E8.18c	tam5	unknown	Not_determined	0.431	0.072	-0.0	0.364	3.001	7.138	6.773	2.196	0.159	11.026	0.162755	0.218	0.379793	-15.35	-15.512
SPAC1705.02	SPAC1705.02	viable	V	-0.718	-0.12	2.636	3.0	5.637	9.774	6.773	4.832	-0.264	-16.487	0.407932	0.496	0.237017	-3.821	-3.983
SPAC1705.03c	ecm33	viable	V	2.039	0.132	3.788	4.73	11.546	22.241	17.511	9.465	0.75	33.621	0.998897	0.023	0.011799	-46.707	-46.869
SPAC1751.01c	gti1	viable	V	0.014	-0.002	0.0	0.364	3.001	7.138	6.773	2.196	0.005	0.001	-0.650482	0.119	0.412452	-23.826	-23.988
SPAC1751.02c	rsm19	inviable	E	4.617	0.735	4.455	4.839	7.615	11.971	7.132	6.768	1.698	96.753	0.99383	0.149	0.032108	-20.625	-20.787
SPAC1751.03	tif313	inviable	E	2.324	0.376	-0.0	0.377	3.106	7.387	7.01	2.273	0.855	59.114	0.977793	0.121	0.051304	-23.547	-23.709
SPAC1751.04	loc1	viable	V	0.262	0.012	0.0	1.33	10.954	26.056	24.725	8.016	0.096	4.411	0.322372	0.084	0.313768	-28.662	-28.824
SPAC1782.01	ecm29	viable	V	0.377	-0.012	0.0	1.95	16.057	38.193	36.243	11.751	0.139	0.083	-0.08341	0.154	0.339989	-20.19	-20.352
SPAC1782.02c	SPAC1782.02c	viable	V	0.584	0.098	6.694	7.059	9.695	13.832	6.773	8.89	0.215	11.032	0.473224	0.308	0.23681	-10.472	-10.635
SPAC1782.03	saf3	inviable	E	4.969	0.708	0.485	0.914	4.014	8.879	7.966	3.068	1.828	121.615	0.988751	0.192	0.036722	-17.07	-17.233
SPAC1782.04	cox24	viable	V	0.358	0.014	0.001	1.542	12.696	30.199	28.656	9.291	0.132	5.481	0.206833	0.241	0.280851	-13.939	-14.102
SPAC1782.05	ypa2	viable	V	3.694	0.27	3.754	4.588	10.622	20.092	15.504	8.78	1.359	64.508	0.999607	0.026	0.007189	-45.086	-45.248
SPAC1782.06c	phb1	viable	V	0.492	0.044	0.0	0.684	5.627	13.384	12.701	4.118	0.181	11.073	0.81979	0.077	0.148858	-29.93	-30.092
SPAC1782.07	qcr8	viable	V	1.78	0.068	0.0	1.605	13.215	31.432	29.827	9.67	0.655	26.493	0.96996	0.085	0.054055	-28.569	-28.732
SPAC1782.08c	rex3	viable	V	-0.064	0.003	0.0	1.328	10.934	26.007	24.679	8.001	-0.023	-0.01	-0.310557	0.136	0.388745	-21.925	-22.087
SPAC1782.09c	clp1	viable	V	-1.0	0.031	-0.0	1.957	16.116	38.334	36.377	11.794	-0.368	-0.221	-2.064203	0.29	0.489533	-11.316	-11.478
SPAC1782.11	met14	viable	V	0.787	0.132	-0.0	0.364	3.001	7.138	6.773	2.196	0.29	20.122	0.77701	0.138	0.153628	-21.731	-21.894
SPAC1782.12c	SPAC1782.12c	viable	V	0.881	0.148	11.011	11.375	14.012	18.148	6.773	13.207	0.324	12.849	0.863916	0.14	0.128602	-21.559	-21.722
SPAC1783.01	SPAC1783.01	viable	V	-0.925	-0.108	3.95	4.474	8.263	14.209	9.735	7.106	-0.34	-18.617	0.593671	0.387	0.212127	-7.301	-7.463
SPAC1783.02c	vps66	viable	V	3.739	0.202	2.319	3.449	11.617	24.435	20.986	9.123	1.376	61.084	0.995567	0.079	0.02244	-29.538	-29.7
SPAC1783.03	fta2	inviable	E	4.313	0.439	2.744	3.343	7.681	14.488	11.145	6.357	1.587	88.941	0.997765	0.078	0.018228	-29.64	-29.802
SPAC1783.04c	hst4	viable	V	3.381	0.291	1.839	2.548	7.675	15.72	13.172	6.11	1.244	69.279	0.990499	0.119	0.036252	-23.803	-23.965
SPAC1783.05	hrp1	viable	V	0.941	0.042	4.696	6.076	16.058	31.722	25.646	13.011	0.346	11.663	0.631813	0.237	0.193019	-14.154	-14.316
SPAC1783.06c	atg12	viable	V	-0.008	0.001	-0.0	0.66	5.435	12.928	12.268	3.978	-0.003	-0.001	-0.003711	0.089	0.317686	-27.825	-27.988
SPAC1783.07c	pap1	viable	V	2.195	-0.068	0.0	1.957	16.116	38.334	36.376	11.794	0.808	0.485	0.031806	0.337	0.361931	-9.214	-9.376
SPAC1786.01c	ptl2	viable	V	-0.455	-0.076	2.169	2.533	5.169	9.306	6.773	4.365	-0.168	-10.667	0.542763	0.213	0.211172	-15.66	-15.822
SPAC1786.02	plb2	viable	V	1.622	0.272	-0.0	0.364	3.001	7.138	6.773	2.196	0.597	41.437	0.203493	0.646	0.380688	-0.109	-0.271
SPAC1786.04	SPAC1786.04	viable	V	2.799	0.093	1.849	3.694	17.036	37.972	34.279	12.963	1.03	33.682	0.711505	0.437	0.172818	-5.577	-5.739
SPAC17A2.01	bsu1	viable	V	0.227	0.038	0.0	0.365	3.001	7.138	6.773	2.196	0.083	5.797	0.329471	0.095	0.274003	-26.902	-27.065
SPAC17A2.02c	tlc4	viable	V	0.574	-0.026	-0.0	1.368	11.263	26.789	25.421	8.242	0.211	0.089	-0.531347	0.224	0.414954	-14.915	-15.077
SPAC17A2.03c	vma6	inviable	E	3.901	0.366	0.656	1.308	6.018	13.41	12.102	4.58	1.435	86.529	0.987837	0.154	0.039822	-20.207	-20.369
SPAC17A2.04c	cns1	inviable	E	4.59	0.617	0.213	0.668	3.956	9.115	8.447	2.952	1.689	112.401	0.980661	0.229	0.048137	-14.646	-14.808
SPAC17A2.05	osm1	viable	V	-0.344	-0.058	1.196	1.56	4.197	8.333	6.773	3.392	-0.127	-8.401	0.457537	0.133	0.224195	-22.202	-22.364
SPAC17A2.06c	vps8	viable	V	0.427	0.071	1.695	2.06	4.696	8.833	6.773	3.891	0.157	10.199	0.824657	0.086	0.150898	-28.395	-28.557
SPAC17A2.07c	SPAC17A2.07c	viable	V	0.2	0.029	0.0	0.428	3.521	8.376	7.948	2.577	0.074	4.997	0.036299	0.329	0.291706	-9.549	-9.712
SPAC17A2.08c	ntr2	condition-dependent	E	4.073	0.526	0.6	1.072	4.49	9.853	8.781	3.446	1.498	97.524	0.995288	0.102	0.024105	-25.924	-26.087
SPAC17A2.09c	csx1	viable	V	0.412	0.069	4.439	4.804	7.44	11.577	6.773	6.635	0.152	8.72	0.755801	0.121	0.162398	-23.607	-23.769
SPAC17A2.10c	SPAC17A2.10c	viable	V	0.257	0.009	0.0	1.817	14.956	35.573	33.757	10.945	0.095	3.491	0.035293	0.196	0.292315	-16.847	-17.009
SPAC17A2.12	rrp1	viable	V	0.235	-0.017	0.0	0.864	7.116	16.925	16.061	5.207	0.086	0.023	-0.450933	0.151	0.371137	-20.496	-20.658
SPAC17A2.13c	rad25	viable	V	0.048	-0.005	0.0	0.565	4.651	11.063	10.499	3.404	0.018	0.003	-0.339683	0.149	0.354678	-20.657	-20.819
SPAC17A2.14	mnr2	viable	V	0.725	0.122	-0.0	0.364	3.001	7.138	6.773	2.196	0.267	18.537	0.428183	0.277	0.225865	-11.965	-12.128
SPAC17A5.01	pex6	viable	V	-0.666	0.021	-0.0	1.957	16.116	38.334	36.377	11.794	-0.245	-0.147	-1.535236	0.148	0.617837	-20.78	-20.942
SPAC17A5.02c	dbr1	viable	V	3.668	0.203	3.205	4.308	12.29	24.816	20.507	9.853	1.35	57.657	0.991128	0.111	0.032392	-24.721	-24.883
SPAC17A5.04c	mde10	viable	V	1.258	0.211	-0.0	0.364	3.001	7.138	6.773	2.196	0.463	32.143	0.287822	0.736	0.272112	1.705	1.542
SPAC17A5.05c	SPAC17A5.05c	viable	V	1.702	0.054	0.507	2.434	16.369	38.235	35.801	12.115	0.626	21.452	0.676551	0.276	0.175379	-12.047	-12.21
SPAC17A5.06	ptr8	inviable	E	3.745	0.611	-0.0	0.374	3.08	7.326	6.952	2.254	1.378	95.343	0.979473	0.188	0.048541	-17.38	-17.543
SPAC17A5.07c	ulp2	condition-dependent	V	3.7	0.305	2.251	2.993	8.359	16.778	13.785	6.721	1.361	73.187	0.990072	0.132	0.036948	-22.305	-22.467
SPAC17A5.08	erp2	viable	V	0.005	-0.001	1.133	1.65	5.388	11.254	9.604	4.247	0.002	0.001	-0.113671	0.137	0.334544	-21.846	-22.009
SPAC17A5.09c	glc8	viable	V	-0.005	0.001	0.0	0.364	3.0	7.136	6.772	2.196	-0.002	-0.0	-0.56793	0.145	0.51261	-21.077	-21.239
SPAC17A5.11	rec12	viable	V	-0.699	-0.117	-0.0	0.364	3.001	7.138	6.773	2.196	-0.257	-17.864	0.096648	0.344	0.351534	-8.948	-9.11
SPAC17A5.12	ucp7	inviable	E	4.824	0.746	0.723	1.118	3.973	8.454	7.336	3.101	1.775	118.53	0.990447	0.174	0.034437	-18.459	-18.621
SPAC17A5.13	fol2	inviable	E	4.748	0.647	0.42	0.868	4.107	9.189	8.321	3.118	1.747	115.646	0.992762	0.146	0.030219	-20.93	-21.093
SPAC17A5.14	exo2	viable	V	4.191	0.346	0.827	1.567	6.923	15.327	13.76	5.288	1.542	88.746	0.992852	0.124	0.030508	-23.171	-23.334
SPAC17A5.15c	gus1	inviable	E	4.369	0.732	-0.0	0.364	3.001	7.138	6.773	2.196	1.607	111.634	0.985405	0.182	0.041359	-17.867	-18.029
SPAC17A5.16	hid1	viable	V	1.289	0.096	0.0	0.817	6.725	15.996	15.179	4.921	0.474	27.375	0.989312	0.045	0.035078	-37.381	-37.543
SPAC17A5.18c	rec25	viable	V	-0.413	-0.048	0.0	0.53	4.365	10.383	9.853	3.194	-0.152	-9.889	0.423797	0.184	0.267118	-17.737	-17.899
SPAC17A5.19	SPAC17A5.19	viable	Not_determined	0.06	0.008	0.0	0.466	3.839	9.131	8.665	2.809	0.022	1.471	0.021732	0.276	0.333256	-12.026	-12.188
SPAC17C9.01c	nuc2	inviable	E	3.709	0.572	0.382	0.779	3.644	8.14	7.361	2.769	1.364	92.302	0.986761	0.155	0.040093	-20.133	-20.296
SPAC17C9.02c	lys7	condition-dependent	V	0.432	0.026	0.0	1.023	8.422	20.033	19.01	6.164	0.159	8.375	0.557149	0.131	0.211656	-22.454	-22.616
SPAC17C9.03	tif471	inviable	E	2.964	0.496	-0.0	0.364	3.001	7.138	6.773	2.196	1.09	75.735	0.977949	0.155	0.052136	-20.063	-20.225
SPAC17C9.05c	pmc3	viable	V	1.693	0.236	0.934	1.372	4.539	9.508	8.136	3.572	0.623	40.554	0.9946	0.047	0.027165	-36.954	-37.116
SPAC17C9.06	sam50	inviable	E	3.708	0.534	1.854	2.277	5.341	10.149	7.872	4.406	1.364	85.944	0.98518	0.176	0.046747	-18.348	-18.51
SPAC17C9.07	alg8	viable	V	0.756	0.076	10.095	10.703	15.1	21.999	11.296	13.757	0.278	10.016	0.890934	0.108	0.11146	-25.216	-25.378
SPAC17C9.08	pnu1	viable	V	0.83	0.094	-0.0	0.539	4.441	10.564	10.025	3.25	0.305	19.807	0.93246	0.074	0.088019	-30.364	-30.526
SPAC17C9.09c	tim13	viable	V	1.44	0.241	0.508	0.873	3.509	7.646	6.773	2.704	0.53	36.103	0.335316	0.799	0.288837	2.857	2.695
SPAC17C9.10	stm1	viable	V	1.485	0.249	-0.0	0.364	3.001	7.138	6.773	2.196	0.546	37.954	0.845468	0.2	0.118239	-16.561	-16.723
SPAC17C9.11c	SPAC17C9.11c	viable	V	-0.153	-0.007	0.0	1.271	10.469	24.9	23.629	7.661	-0.056	-2.65	0.186758	0.148	0.272811	-20.709	-20.871
SPAC17C9.12	scs22	viable	V	0.389	0.032	3.483	4.218	9.535	17.878	13.66	7.911	0.143	7.253	0.742787	0.097	0.158793	-26.682	-26.845
SPAC17C9.13c	cut8	condition-dependent	V	4.406	0.467	0.629	1.204	5.367	11.9	10.696	4.096	1.621	101.04	0.99013	0.159	0.034993	-19.774	-19.936
SPAC17C9.14	pex19	viable	V	0.218	0.037	0.0	0.364	3.001	7.138	6.773	2.196	0.08	5.571	0.784654	0.04	0.150351	-39.172	-39.335
SPAC17C9.16c	mfs1	viable	V	-0.923	-0.155	-0.0	0.364	3.001	7.138	6.773	2.196	-0.34	-23.596	0.778211	0.157	0.155829	-19.901	-20.063
SPAC17D4.01	pex7	viable	V	1.166	0.051	-0.0	1.406	11.577	27.536	26.13	8.472	0.429	18.969	0.62962	0.225	0.209865	-14.911	-15.073
SPAC17D4.02	cdc45	inviable	E	5.071	0.839	0.408	0.777	3.446	7.633	6.855	2.631	1.865	127.404	0.994909	0.13	0.024738	-22.524	-22.686
SPAC17D4.03c	cis4	viable	V	0.645	0.108	1.751	2.116	4.752	8.889	6.773	3.947	0.237	15.374	0.823672	0.127	0.156201	-22.943	-23.105
SPAC17D4.04	trm401	viable	V	0.727	0.122	10.224	10.589	13.225	17.362	6.773	12.42	0.267	11.177	0.927633	0.077	0.104491	-29.912	-30.075
SPAC17G6.03	efn3	viable	V	0.955	0.063	-0.0	0.924	7.605	18.09	17.166	5.566	0.351	19.349	0.785936	0.135	0.139231	-22.058	-22.22
SPAC17G6.04c	cpp1	viable	V	4.309	0.72	6.277	6.642	9.284	13.429	6.787	8.478	1.585	83.212	0.999117	0.055	0.012796	-34.496	-34.658
SPAC17G6.05c	bro1	viable	V	1.265	0.212	3.502	3.866	6.503	10.639	6.773	5.698	0.465	27.939	0.435894	0.611	0.286865	-0.897	-1.059
SPAC17G6.08	pep7	viable	V	-0.043	0.007	0.0	0.364	3.001	7.138	6.773	2.196	-0.016	-0.002	-0.071079	0.107	0.319036	-25.347	-25.509
SPAC17G6.09	sec62	inviable	E	4.576	0.767	-0.0	0.364	3.001	7.138	6.773	2.196	1.683	116.938	0.970111	0.275	0.06268	-12.075	-12.237
SPAC17G6.10	ssr1	inviable	E	3.766	0.356	3.167	3.813	8.49	15.828	12.015	7.062	1.385	74.414	0.993607	0.113	0.031255	-24.507	-24.67
SPAC17G6.11c	ghs2	inviable	E	3.688	0.506	0.131	0.576	3.794	8.843	8.267	2.812	1.357	90.929	0.989474	0.135	0.035849	-22.082	-22.245
SPAC17G6.12	cul1	inviable	E	3.701	0.431	1.216	1.741	5.537	11.494	9.753	4.378	1.362	84.552	0.990484	0.136	0.035503	-21.948	-22.111
SPAC17G6.13	slt1	viable	V	-1.0	-0.077	-0.0	0.789	6.497	15.454	14.665	4.755	-0.368	-21.499	0.206603	0.576	0.301008	-1.735	-1.897
SPAC17G6.14c	uap56	inviable	E	4.447	0.589	0.402	0.863	4.197	9.43	8.567	3.179	1.636	107.821	0.975251	0.256	0.052684	-13.1	-13.262
SPAC17G6.15c	fsf1	viable	V	-1.0	-0.033	2.201	4.024	17.211	37.903	33.879	13.185	-0.368	-11.882	0.440372	0.318	0.254647	-10.06	-10.222
SPAC17G6.16c	ysh1	inviable	E	4.652	0.656	0.499	0.932	4.064	8.978	8.045	3.108	1.711	113.609	0.995655	0.112	0.023273	-24.709	-24.872
SPAC17G6.17	pof8	viable	V	1.342	0.225	-0.0	0.364	3.001	7.138	6.773	2.196	0.494	34.284	0.745228	0.237	0.150304	-14.154	-14.316
SPAC17G8.01c	trl1	inviable	E	4.005	0.671	0.52	0.885	3.521	7.658	6.773	2.716	1.473	100.368	0.998336	0.059	0.014638	-33.552	-33.714
SPAC17G8.02	urh2	inviable	E	0.187	0.031	1.368	1.733	4.369	8.506	6.773	3.564	0.069	4.527	0.264022	0.169	0.263753	-18.863	-19.025
SPAC17G8.03c	bur6	inviable	E	4.01	0.332	3.714	4.453	9.795	18.178	13.725	8.164	1.475	73.653	0.981318	0.205	0.049849	-16.188	-16.35
SPAC17G8.04c	arc5	inviable	E	4.649	0.779	0.071	0.435	3.072	7.209	6.773	2.267	1.71	118.489	0.991697	0.15	0.031627	-20.588	-20.751
SPAC17G8.05	med20	viable	V	2.714	0.177	4.237	5.172	11.936	22.55	17.379	9.871	0.998	43.742	0.999177	0.027	0.010171	-44.702	-44.864
SPAC17G8.06c	ilv3	viable	V	4.801	0.625	0.784	1.253	4.648	9.975	8.722	3.612	1.766	114.248	0.99428	0.134	0.027706	-22.16	-22.323
SPAC17G8.08c	gdt2	viable	V	-0.007	0.001	0.0	0.384	3.163	7.523	7.139	2.315	-0.003	-0.0	-2.107457	0.145	0.507067	-21.032	-21.195
SPAC17G8.09	shg1	viable	V	0.893	0.15	11.274	11.638	14.274	18.411	6.773	13.47	0.329	12.795	0.517829	0.389	0.262157	-7.226	-7.389
SPAC17G8.10c	dma1	viable	V	2.087	0.35	1.641	2.006	4.642	8.779	6.773	3.837	0.768	49.999	0.903455	0.267	0.10907	-12.51	-12.672
SPAC17G8.11c	imt3	viable	V	1.371	0.059	8.761	10.184	20.473	36.619	26.436	17.332	0.504	12.105	0.891664	0.132	0.097233	-22.314	-22.476
SPAC17G8.12	sec3	condition-dependent	E	3.559	0.386	1.279	1.842	5.917	12.311	10.469	4.673	1.309	79.789	0.981354	0.182	0.050501	-17.864	-18.026
SPAC17G8.13c	mst2	viable	V	0.989	0.039	-0.0	1.565	12.887	30.652	29.087	9.43	0.364	14.988	0.901638	0.082	0.093826	-29.014	-29.176
SPAC17G8.14c	pck1	viable	V	0.702	0.022	0.0	1.957	16.116	38.334	36.377	11.794	0.258	8.994	0.70923	0.119	0.176592	-23.777	-23.94
SPAC17G8.15	wip1	condition-dependent	Not_determined	4.231	0.709	4.119	4.483	7.12	11.256	6.773	6.315	1.556	90.859	0.991468	0.163	0.03783	-19.428	-19.59
SPAC17H9.01	cid16	viable	V	0.59	0.046	1.215	2.006	7.721	16.689	14.683	5.976	0.217	12.0	0.910906	0.068	0.108731	-31.555	-31.717
SPAC17H9.02	mtl1	inviable	E	3.846	0.402	3.908	4.493	8.718	15.348	10.855	7.428	1.415	75.416	0.981488	0.201	0.053629	-16.496	-16.658
SPAC17H9.03c	rdl1	viable	V	1.37	0.182	15.74	16.198	19.517	24.724	8.525	18.504	0.504	12.36	0.944408	0.116	0.071566	-24.14	-24.302
SPAC17H9.04c	dri1	viable	V	1.013	0.17	0.032	0.397	3.033	7.17	6.773	2.228	0.373	25.85	0.666258	0.257	0.193145	-13.007	-13.169
SPAC17H9.05	ebp2	inviable	E	3.559	0.392	0.329	0.883	4.895	11.19	10.306	3.67	1.309	83.351	0.989292	0.132	0.037032	-22.304	-22.466
SPAC17H9.06c	SPAC17H9.06c	viable	V	0.2	0.034	0.0	0.364	3.001	7.138	6.773	2.196	0.074	5.114	0.287142	0.078	0.268201	-29.658	-29.821
SPAC17H9.07	srp21	inviable	E	3.586	0.56	2.704	3.095	5.926	10.367	7.272	5.061	1.319	81.185	0.981497	0.196	0.053231	-16.823	-16.985
SPAC17H9.08	leu5	viable	V	3.029	0.205	3.639	4.542	11.075	21.325	16.782	9.08	1.114	51.397	0.989854	0.107	0.036572	-25.268	-25.431
SPAC17H9.09c	ras1	viable	V	1.224	0.038	-0.0	1.957	16.116	38.334	36.377	11.794	0.45	15.682	0.531887	0.257	0.224779	-13.014	-13.176
SPAC17H9.10c	ddb1	viable	V	3.881	0.298	-0.0	0.795	6.549	15.577	14.782	4.793	1.428	83.218	0.983779	0.164	0.041622	-19.269	-19.431
SPAC17H9.12c	cyc2	viable	V	1.121	0.077	2.362	3.249	9.669	19.744	16.495	7.709	0.412	20.558	0.85188	0.171	0.137776	-18.716	-18.878
SPAC17H9.13c	pro2	viable	V	1.513	0.132	10.114	10.811	15.857	23.774	12.962	14.316	0.557	18.828	0.841602	0.251	0.13057	-13.362	-13.524
SPAC17H9.14c	pdi2	viable	V	-0.172	-0.005	0.0	1.957	16.116	38.334	36.377	11.794	-0.063	-2.209	0.195368	0.139	0.283304	-21.644	-21.806
SPAC17H9.17c	mdm10	inviable	E	4.526	0.517	2.381	2.915	6.78	12.844	9.928	5.6	1.665	97.775	0.992738	0.148	0.03346	-20.745	-20.907
SPAC17H9.18c	SPAC17H9.18c	viable	Not_determined	1.155	0.193	-0.0	0.364	3.001	7.138	6.773	2.196	0.425	29.507	0.532862	0.335	0.207201	-9.326	-9.488
SPAC17H9.19c	cdt2	viable	V	4.126	0.432	-0.0	0.583	4.802	11.421	10.838	3.514	1.518	96.762	0.922997	0.395	0.09508	-7.019	-7.181
SPAC17H9.20	psc3	inviable	E	5.044	0.657	1.281	1.75	5.139	10.457	8.707	4.104	1.856	117.618	0.993713	0.151	0.030233	-20.499	-20.661
SPAC1805.01c	ppk6	viable	V	0.712	0.113	0.002	0.386	3.163	7.52	7.134	2.315	0.262	18.056	0.975862	0.04	0.052068	-39.16	-39.322
SPAC1805.02c	etf2	viable	V	-0.82	-0.026	0.0	1.958	16.117	38.334	36.377	11.794	-0.302	-10.505	0.37141	0.278	0.256011	-11.908	-12.07
SPAC1805.03c	trm13	viable	V	-0.002	0.0	0.002	0.785	6.452	15.343	14.558	4.722	-0.001	-0.0	-0.097951	0.143	0.360022	-21.271	-21.433
SPAC1805.04	nup132	viable	V	1.087	0.106	1.718	2.345	6.882	14.001	11.656	5.497	0.4	23.237	0.949008	0.095	0.078291	-26.936	-27.098
SPAC1805.05	cki3	viable	V	-0.418	0.07	18.587	18.952	21.588	25.725	6.773	20.783	-0.154	-6.321	0.407267	0.275	0.241911	-12.071	-12.233
SPAC1805.06c	hem2	viable	V	3.952	0.634	2.032	2.412	5.164	9.481	7.068	4.324	1.454	92.523	0.992453	0.136	0.032685	-21.894	-22.057
SPAC1805.07c	dad2	viable	V	1.22	0.112	1.21	1.873	6.666	14.187	12.314	5.202	0.449	26.274	0.992497	0.039	0.032065	-39.387	-39.55
SPAC1805.08	dlc1	viable	V	-0.139	0.004	0.0	1.957	16.112	38.323	36.366	11.79	-0.051	-0.031	-0.646276	0.243	0.469192	-13.83	-13.993
SPAC1805.09c	fmt1	viable	V	0.578	0.097	-0.0	0.364	3.001	7.138	6.773	2.196	0.213	14.764	0.523151	0.164	0.255752	-19.294	-19.456
SPAC1805.10	ccz1	viable	V	0.749	0.06	1.2	1.968	7.524	16.242	14.274	5.828	0.276	15.408	0.874282	0.104	0.138056	-25.637	-25.8
SPAC1805.11c	rps2602	viable	V	3.349	0.561	-0.0	0.364	3.001	7.138	6.773	2.196	1.232	85.574	0.855134	0.422	0.125296	-6.07	-6.233
SPAC1805.12c	ubi2	viable	V	2.791	0.175	1.559	2.531	9.569	20.613	18.081	7.421	1.027	51.253	0.966464	0.172	0.065656	-18.658	-18.82
SPAC1805.13	rpl14	viable	V	2.795	0.436	0.472	0.864	3.698	8.145	7.281	2.833	1.028	69.434	0.988922	0.107	0.037404	-25.297	-25.459
SPAC1805.14	SPAC1805.14	viable	V	1.101	0.103	5.724	6.376	11.092	18.493	12.117	9.653	0.405	18.895	0.977504	0.063	0.059657	-32.613	-32.775
SPAC1805.15c	pub2	viable	V	1.266	0.212	-0.0	0.364	3.001	7.138	6.773	2.196	0.466	32.353	0.937083	0.111	0.083276	-24.764	-24.926
SPAC1805.16c	SPAC1805.16c	viable	V	-0.593	-0.053	4.007	4.694	9.663	17.462	12.768	8.146	-0.218	-10.999	0.579351	0.235	0.202295	-14.295	-14.457
SPAC1805.17	crm1	inviable	E	4.657	0.78	0.264	0.628	3.265	7.402	6.773	2.46	1.713	117.85	0.989242	0.173	0.035395	-18.587	-18.75
SPAC1805.18	pop6	unknown	Not_determined	2.645	0.443	1.636	2.001	4.637	8.774	6.773	3.832	0.973	63.381	0.99479	0.075	0.027172	-30.301	-30.463
SPAC1834.01	erf1	inviable	E	4.214	0.706	-0.0	0.364	3.001	7.138	6.773	2.196	1.55	107.678	0.847301	0.568	0.125847	-1.929	-2.092
SPAC1834.02	aro1	inviable	E	4.15	0.695	-0.0	0.364	3.001	7.138	6.773	2.196	1.527	106.058	0.978455	0.209	0.049813	-15.938	-16.101
SPAC1834.04	hht1	viable	V	1.001	0.069	0.0	0.881	7.256	17.259	16.378	5.31	0.368	20.661	0.438084	0.363	0.234227	-8.194	-8.356
SPAC1834.05	alg9	viable	V	1.951	0.198	5.287	5.888	10.234	17.054	11.167	8.907	0.718	35.264	0.985849	0.092	0.045769	-27.376	-27.539
SPAC1834.06c	pmo25	inviable	E	4.576	0.767	1.611	1.975	4.612	8.749	6.773	3.807	1.684	109.757	0.995087	0.125	0.02742	-23.145	-23.307
SPAC1834.07	klp3	viable	V	0.523	0.088	-0.0	0.364	3.001	7.138	6.773	2.196	0.192	13.366	0.764992	0.094	0.14329	-27.167	-27.329
SPAC1834.08	mak1	viable	V	1.071	0.068	1.204	2.16	9.08	19.938	17.778	6.968	0.394	20.184	0.981095	0.051	0.047523	-35.6	-35.762
SPAC1834.09	whr1	viable	V	0.116	-0.019	0.0	0.364	3.001	7.138	6.773	2.196	0.043	0.005	-0.319162	0.146	0.429192	-20.945	-21.108
SPAC1834.10c	SPAC1834.10c	viable	V	2.572	0.431	-0.0	0.364	3.001	7.138	6.773	2.196	0.946	65.731	0.904153	0.275	0.096609	-12.057	-12.219
SPAC1834.11c	sec18	inviable	E	4.372	0.732	-0.0	0.364	3.001	7.138	6.773	2.196	1.608	111.711	0.950917	0.323	0.074905	-9.838	-10.0
SPAC1834.13	SPAC1834.13	viable	Not_determined	0.396	0.066	-0.0	0.364	3.001	7.138	6.773	2.196	0.146	10.126	0.028624	0.361	0.297541	-8.256	-8.418
SPAC1851.02	slc1	viable	V	1.589	0.113	6.857	7.716	13.932	23.685	15.969	12.034	0.585	22.61	0.963814	0.106	0.065019	-25.397	-25.559
SPAC1851.03	ckb1	condition-dependent	V	2.992	0.293	4.751	5.376	9.893	16.981	11.605	8.514	1.101	55.019	0.967587	0.205	0.070724	-16.175	-16.337
SPAC1851.04c	ric1	viable	V	4.151	0.406	2.829	3.453	7.965	15.046	11.593	6.587	1.527	84.314	0.996888	0.088	0.021825	-27.981	-28.143
SPAC186.01	pfl9	viable	V	2.382	0.106	1.408	2.781	12.717	28.307	25.526	9.684	0.876	36.428	0.872147	0.268	0.121021	-12.419	-12.581
SPAC186.02c	SPAC186.02c	viable	V	-0.706	-0.118	4.748	5.112	7.749	11.886	6.773	6.944	-0.26	-14.726	0.570556	0.256	0.210701	-13.064	-13.227
SPAC186.03	SPAC186.03	viable	V	0.235	0.039	-0.0	0.364	3.001	7.138	6.773	2.196	0.086	6.003	-0.047694	0.631	0.374691	-0.438	-0.601
SPAC186.04c	SPAC186.04c	unknown	Not_determined	1.082	0.089	-0.0	0.746	6.142	14.608	13.862	4.494	0.398	23.696	0.256333	0.542	0.265393	-2.563	-2.725
SPAC186.05c	gdt1	viable	V	1.286	0.216	1.269	1.633	4.27	8.407	6.773	3.465	0.473	31.29	0.290627	0.657	0.330792	0.125	-0.037
SPAC186.07c	SPAC186.07c	viable	V	0.452	0.076	1.477	1.841	4.478	8.615	6.773	3.673	0.166	10.909	0.100134	0.622	0.348498	-0.638	-0.8
SPAC186.08c	ldh1	viable	V	1.576	0.264	-0.0	0.364	3.001	7.138	6.773	2.196	0.58	40.273	0.611311	0.399	0.19657	-6.855	-7.017
SPAC186.09	pdc102	viable	V	0.817	0.137	-0.0	0.364	3.001	7.138	6.773	2.196	0.301	20.884	0.066258	0.76	0.309015	2.155	1.993
SPAC18B11.02c	pus9	viable	V	0.449	0.075	-0.0	0.364	3.001	7.138	6.773	2.196	0.165	11.472	0.392867	0.152	0.242061	-20.351	-20.513
SPAC18B11.03c	SPAC18B11.03c	viable	V	0.838	0.098	-0.0	0.523	4.309	10.25	9.727	3.153	0.308	20.131	0.761523	0.159	0.139906	-19.774	-19.937
SPAC18B11.04	ncs1	viable	V	0.545	0.091	-0.0	0.364	3.001	7.138	6.773	2.196	0.2	13.926	0.725939	0.105	0.158462	-25.587	-25.75
SPAC18B11.05	gpi18	inviable	E	4.04	0.677	1.778	2.142	4.779	8.916	6.773	3.974	1.486	96.216	0.989274	0.165	0.039538	-19.239	-19.402
SPAC18B11.06	lcp5	inviable	E	2.537	0.425	0.401	0.765	3.402	7.539	6.773	2.597	0.933	63.866	0.788759	0.481	0.169218	-4.244	-4.406
SPAC18B11.07c	rhp6	viable	V	4.072	0.351	0.015	0.722	5.84	13.871	13.149	4.278	1.498	90.631	0.988081	0.154	0.037546	-20.207	-20.369
SPAC18B11.08c	pat10	viable	V	-1.0	0.031	0.0	1.957	16.116	38.334	36.377	11.794	-0.368	-0.221	-1.652408	0.254	0.556018	-13.18	-13.343
SPAC18B11.09c	SPAC18B11.09c	viable	V	-1.0	0.031	0.251	2.193	16.241	38.285	36.092	11.952	-0.368	-0.236	-0.768681	0.192	0.486061	-17.104	-17.266
SPAC18B11.10	tup11	viable	V	1.319	0.067	-0.0	1.207	9.935	23.631	22.424	7.27	0.485	23.497	0.757774	0.21	0.153813	-15.842	-16.004
SPAC18B11.11	SPAC18B11.11	condition-dependent	E	2.646	0.172	2.654	3.596	10.409	21.1	17.504	8.329	0.973	46.535	0.998678	0.033	0.012788	-41.76	-41.923
SPAC18G6.01c	aim18	viable	V	-0.109	-0.003	0.0	1.956	16.107	38.312	36.355	11.787	-0.04	-1.399	0.039587	0.213	0.420053	-15.68	-15.843
SPAC18G6.02c	chp1	viable	V	0.833	0.14	11.55	11.915	14.551	18.688	6.773	13.746	0.306	11.703	0.949618	0.075	0.083848	-30.302	-30.465
SPAC18G6.03	ypt3	inviable	E	4.625	0.775	-0.0	0.364	3.001	7.138	6.773	2.196	1.702	118.2	0.974257	0.251	0.054351	-13.328	-13.491
SPAC18G6.04c	shm2	viable	V	0.079	0.002	0.0	1.957	16.116	38.334	36.377	11.794	0.029	1.008	0.003956	0.353	0.296148	-8.589	-8.752
SPAC18G6.05c	gcn1	viable	V	1.284	0.062	2.084	3.344	12.46	26.765	23.421	9.677	0.472	19.939	0.981402	0.055	0.046705	-34.554	-34.716
SPAC18G6.07c	mra1	inviable	E	5.504	0.913	0.688	1.056	3.719	7.898	6.842	2.906	2.025	136.839	0.948621	0.47	0.07719	-4.565	-4.728
SPAC18G6.10	lem2	viable	V	2.719	0.16	4.76	5.799	13.314	25.107	19.309	11.02	1.0	40.151	0.993392	0.072	0.028176	-30.865	-31.027
SPAC18G6.11c	rrn3	inviable	E	3.956	0.663	0.087	0.451	3.088	7.225	6.773	2.283	1.455	100.777	0.983883	0.178	0.042803	-18.145	-18.308
SPAC18G6.12c	SPAC18G6.12c	viable	V	-0.805	-0.061	-0.0	0.8	6.587	15.668	14.868	4.82	-0.296	-17.231	0.623096	0.191	0.197564	-17.188	-17.35
SPAC18G6.13	SPAC18G6.13	viable	V	2.49	0.202	7.864	8.616	14.054	22.588	13.972	12.394	0.916	35.262	0.996687	0.052	0.020469	-35.51	-35.672
SPAC18G6.15	mal3	viable	V	-0.468	0.078	24.645	25.009	27.646	31.783	6.773	26.841	-0.172	-9.911	0.259598	0.47	0.302918	-4.567	-4.729
SPAC1952.01	gab1	inviable	E	4.494	0.673	0.426	0.834	3.783	8.41	7.576	2.882	1.653	111.169	0.99484	0.117	0.025793	-24.072	-24.235
SPAC1952.02	tma23	viable	V	3.903	0.247	0.466	1.429	8.397	19.33	17.901	6.269	1.436	75.998	0.930903	0.351	0.093281	-8.653	-8.815
SPAC1952.03	otu2	viable	V	1.196	0.2	4.644	5.009	7.645	11.782	6.773	6.84	0.44	25.064	0.804026	0.288	0.152691	-11.421	-11.583
SPAC1952.04c	SPAC1952.04c	unknown	Not_determined	0.156	-0.005	0.0	1.743	14.35	34.132	32.389	10.501	0.057	0.031	-0.23163	0.135	0.391082	-22.083	-22.246
SPAC1952.05	gcn5	viable	V	2.126	0.195	2.06	2.726	7.548	15.114	12.387	6.076	0.782	43.95	0.994102	0.06	0.028759	-33.329	-33.492
SPAC1952.06c	SPAC1952.06c	viable	V	0.546	0.092	5.589	5.953	8.59	12.727	6.773	7.785	0.201	10.933	0.701097	0.193	0.22037	-17.044	-17.206
SPAC1952.07	rad1	viable	V	1.028	0.072	2.984	3.86	10.196	20.139	16.278	8.262	0.378	18.342	0.955649	0.078	0.080088	-29.728	-29.89
SPAC1952.08c	SPAC1952.08c	viable	V	-1.0	-0.032	-0.0	1.884	15.514	36.902	35.018	11.353	-0.368	-13.207	0.182972	0.304	0.312046	-10.688	-10.85
SPAC1952.09c	ach1	viable	V	0.427	0.072	-0.0	0.364	3.001	7.138	6.773	2.196	0.157	10.912	0.446409	0.164	0.253933	-19.307	-19.469
SPAC1952.10c	SPAC1952.10c	viable	V	0.838	0.14	2.189	2.554	5.19	9.327	6.773	4.385	0.308	19.621	0.824224	0.164	0.143601	-19.311	-19.473
SPAC1952.11c	ure2	condition-dependent	V	1.458	0.238	0.797	1.171	3.872	8.112	6.941	3.048	0.536	36.009	0.708029	0.343	0.172177	-8.96	-9.122
SPAC1952.12c	csn71	viable	V	2.089	0.263	0.0	0.485	3.995	9.501	9.016	2.923	0.768	50.957	0.356385	0.834	0.29929	3.451	3.288
SPAC1952.13	ned1	inviable	E	5.378	0.688	0.911	1.388	4.84	10.256	8.868	3.786	1.978	126.916	0.986825	0.23	0.040569	-14.589	-14.751
SPAC1952.14c	mrpl25	inviable	E	4.327	0.538	4.049	4.54	8.095	13.673	9.133	7.01	1.592	88.017	0.992131	0.157	0.035233	-19.956	-20.118
SPAC1952.15c	rec24	viable	V	0.41	-0.013	-0.0	1.955	16.098	38.291	36.336	11.781	0.151	0.09	-0.18797	0.185	0.379742	-17.6	-17.762
SPAC1952.16	rga9	viable	V	0.276	0.024	1.224	1.94	7.118	15.243	13.303	5.537	0.101	5.794	0.658326	0.091	0.206865	-27.49	-27.652
SPAC1952.17c	tbc13	viable	V	0.744	0.047	1.116	2.082	9.066	20.026	17.945	6.934	0.274	14.02	0.88301	0.095	0.132917	-27.028	-27.19
SPAC19A8.01c	sec73	viable	V	1.449	0.243	17.17	17.535	20.171	24.308	6.773	19.366	0.533	12.25	0.923349	0.142	0.092411	-21.369	-21.531
SPAC19A8.02	ltc2	viable	V	-0.113	0.004	0.0	1.946	16.021	38.107	36.161	11.724	-0.041	-0.025	-0.013761	0.193	0.28004	-17.035	-17.197
SPAC19A8.03	ymr1	viable	V	0.277	0.046	2.145	2.51	5.146	9.283	6.773	4.341	0.102	6.484	0.445899	0.148	0.216388	-20.767	-20.929
SPAC19A8.04	erg5	viable	V	0.683	0.105	9.567	9.964	12.838	17.347	7.383	11.961	0.251	10.73	0.811466	0.125	0.153412	-23.16	-23.323
SPAC19A8.05c	sst4	viable	V	0.652	0.109	4.842	5.206	7.843	11.98	6.773	7.038	0.24	13.536	0.182318	1.004	0.316814	6.06	5.898
SPAC19A8.06	pbr1	inviable	E	5.501	0.816	0.498	0.91	3.886	8.557	7.647	2.978	2.024	135.494	0.842815	0.815	0.14014	3.135	2.972
SPAC19A8.07c	imp4	inviable	E	5.329	0.655	-0.0	0.497	4.09	9.728	9.231	2.993	1.961	129.415	0.983106	0.243	0.043054	-13.806	-13.968
SPAC19A8.08	upf2	viable	V	1.13	0.073	0.0	0.939	7.734	18.397	17.458	5.66	0.416	22.734	0.978707	0.055	0.047924	-34.675	-34.837
SPAC19A8.09	yos1	inviable	E	5.132	0.86	-0.0	0.364	3.001	7.138	6.773	2.196	1.888	131.15	0.924233	0.503	0.093843	-3.626	-3.788
SPAC19A8.10	rfp1	viable	V	0.733	0.123	9.695	10.059	12.695	16.832	6.773	11.891	0.27	11.659	0.8308	0.127	0.140949	-22.937	-23.099
SPAC19A8.11c	irc6	viable	V	3.399	0.227	2.5	3.416	10.039	20.432	17.016	8.017	1.251	61.067	0.997271	0.061	0.01839	-33.233	-33.395
SPAC19A8.12	dcp2	inviable	E	3.298	0.392	0.088	0.602	4.318	10.149	9.548	3.183	1.213	79.265	0.989733	0.119	0.034784	-23.855	-24.017
SPAC19A8.13	usp101	inviable	E	3.059	0.512	2.849	3.214	5.85	9.987	6.773	5.045	1.125	69.575	0.989355	0.131	0.044246	-22.497	-22.659
SPAC19A8.14	pth2	viable	V	-0.14	0.004	0.0	1.946	16.02	38.104	36.158	11.723	-0.052	-0.031	-0.000541	0.294	0.293382	-11.126	-11.288
SPAC19A8.15	trp2	inviable	E	4.346	0.728	-0.0	0.364	3.001	7.138	6.773	2.196	1.599	111.06	0.970543	0.255	0.057086	-13.14	-13.302
SPAC19A8.16	prl65	viable	Not_determined	0.292	0.049	0.0	0.364	3.001	7.138	6.773	2.196	0.108	7.471	0.698016	0.064	0.172724	-32.467	-32.629
SPAC19B12.01	ceo5	inviable	E	4.236	0.71	0.037	0.401	3.037	7.174	6.773	2.233	1.558	108.101	0.984471	0.187	0.042272	-17.485	-17.647
SPAC19B12.02c	gas1	condition-dependent	E	4.249	0.515	0.142	0.645	4.288	10.005	9.36	3.176	1.563	102.335	0.95875	0.313	0.070022	-10.277	-10.44
SPAC19B12.03	bgs3	inviable	E	4.123	0.628	-0.0	0.401	3.301	7.851	7.45	2.415	1.517	103.909	0.981542	0.196	0.046124	-16.797	-16.959
SPAC19B12.04	rps3001	viable	V	4.84	0.169	3.444	5.191	17.829	37.66	32.469	13.971	1.781	54.827	0.979114	0.175	0.046023	-18.418	-18.58
SPAC19B12.05c	fcp1	inviable	E	3.503	0.587	1.297	1.662	4.298	8.435	6.773	3.493	1.289	85.1	0.996976	0.074	0.021091	-30.478	-30.64
SPAC19B12.06c	rbd4	viable	V	0.379	0.029	0.935	1.746	7.607	16.805	15.059	5.818	0.14	7.749	0.170842	0.29	0.309543	-11.313	-11.476
SPAC19B12.07c	SPAC19B12.07c	viable	V	-0.411	-0.069	-0.0	0.364	3.001	7.138	6.773	2.196	-0.151	-10.501	0.244421	0.23	0.292759	-14.587	-14.749
SPAC19B12.08	atg4	viable	V	0.443	0.074	0.0	0.364	3.001	7.138	6.773	2.196	0.163	11.332	0.829049	0.073	0.134375	-30.7	-30.863
SPAC19B12.09	srp14	unknown	Not_determined	4.909	0.507	2.772	3.363	7.637	14.343	10.98	6.332	1.806	101.495	0.984265	0.235	0.049013	-14.303	-14.465
SPAC19B12.10	sst2	viable	V	0.535	0.056	0.0	0.583	4.798	11.412	10.829	3.511	0.197	12.558	0.967925	0.035	0.061078	-41.132	-41.294
SPAC19D5.01	pyp2	viable	V	0.759	0.024	-0.0	1.957	16.116	38.334	36.377	11.794	0.279	9.73	0.277775	0.239	0.30233	-14.065	-14.227
SPAC19D5.03	cid1	viable	V	-0.577	-0.087	0.0	0.403	3.316	7.888	7.486	2.427	-0.212	-14.521	0.624971	0.16	0.204527	-19.661	-19.824
SPAC19D5.04	ptr1	inviable	E	4.182	0.688	0.316	0.687	3.374	7.589	6.902	2.553	1.539	105.352	0.994835	0.108	0.025181	-25.205	-25.367
SPAC19D5.05c	imp3	inviable	E	2.017	0.338	-0.0	0.364	3.001	7.138	6.773	2.196	0.742	51.538	0.96638	0.127	0.065954	-22.865	-23.027
SPAC19D5.06c	din1	viable	V	0.212	0.036	3.166	3.53	6.167	10.304	6.773	5.362	0.078	4.766	0.081057	0.372	0.340111	-7.854	-8.016
SPAC19D5.07	uga1	viable	V	-0.006	0.001	0.0	0.364	3.001	7.138	6.773	2.196	-0.002	-0.0	-0.474529	0.142	0.375739	-21.324	-21.486
SPAC19D5.09c	Tf2-8	unknown	Not_determined	0.337	-0.057	12.622	12.987	15.623	19.76	6.773	14.818	0.124	3.096	0.085465	0.682	0.334718	0.645	0.483
SPAC19D5.11c	ctf8	viable	V	0.433	0.073	5.71	6.074	8.711	12.848	6.773	7.906	0.159	8.608	0.694721	0.148	0.196313	-20.709	-20.871
SPAC19E9.01c	nup40	viable	V	1.145	0.192	-0.0	0.364	3.001	7.138	6.773	2.196	0.421	29.266	0.633869	0.283	0.197782	-11.691	-11.853
SPAC19E9.02	fin1	viable	V	1.3	0.044	0.026	1.846	15.014	35.677	33.831	10.994	0.478	17.608	0.929007	0.094	0.085827	-27.144	-27.306
SPAC19E9.03	pas1	viable	V	1.266	0.14	1.179	1.732	5.735	12.015	10.283	4.513	0.466	28.615	0.592357	0.385	0.190771	-7.357	-7.519
SPAC19G12.01c	cut20	inviable	E	4.068	0.682	0.949	1.314	3.95	8.087	6.773	3.145	1.497	100.243	0.992245	0.135	0.032904	-22.061	-22.224
SPAC19G12.02c	pms1	viable	V	0.162	0.026	0.0	0.379	3.124	7.431	7.052	2.286	0.06	4.117	0.354842	0.08	0.288443	-29.429	-29.591
SPAC19G12.03	cda1	viable	V	-0.585	-0.098	-0.0	0.364	3.001	7.138	6.773	2.196	-0.215	-14.947	0.778491	0.106	0.145655	-25.416	-25.578
SPAC19G12.04	dal1	viable	V	-0.6	-0.1	0.0	0.364	3.001	7.138	6.773	2.196	-0.221	-15.326	0.893346	0.07	0.106464	-31.176	-31.339
SPAC19G12.05	mce1	viable	V	0.652	0.109	11.542	11.907	14.543	18.68	6.773	13.738	0.24	9.16	0.332596	0.395	0.233632	-6.993	-7.156
SPAC19G12.07c	rsd1	inviable	E	3.234	0.248	1.542	2.337	8.094	17.128	14.79	6.337	1.19	64.592	0.972545	0.193	0.058565	-17.033	-17.195
SPAC19G12.08	scs7	viable	V	3.064	0.26	2.177	2.896	8.095	16.255	13.359	6.508	1.127	61.476	0.995443	0.076	0.024368	-30.029	-30.191
SPAC19G12.09	SPAC19G12.09	viable	V	-0.03	0.005	0.0	0.364	3.001	7.138	6.773	2.196	-0.011	-0.001	-0.030546	0.047	0.345789	-36.902	-37.064
SPAC19G12.10c	cpy1	viable	V	0.378	0.063	-0.0	0.364	3.001	7.138	6.773	2.196	0.139	9.655	-0.148973	0.269	0.358006	-12.371	-12.533
SPAC19G12.11	coq9	condition-dependent	V	2.394	0.153	7.079	8.038	14.971	25.849	17.811	12.854	0.881	31.643	0.978268	0.115	0.051142	-24.259	-24.421
SPAC19G12.12	dlp1	condition-dependent	V	2.141	0.25	8.063	8.587	12.375	18.318	9.732	11.218	0.788	34.328	0.993501	0.067	0.030564	-31.895	-32.057
SPAC19G12.13c	poz1	viable	V	0.525	0.021	1.233	2.739	13.636	30.735	27.995	10.309	0.193	7.62	0.792015	0.088	0.153938	-28.042	-28.204
SPAC19G12.14	its3	inviable	E	4.718	0.79	0.082	0.447	3.083	7.22	6.773	2.278	1.736	120.193	0.981361	0.229	0.046704	-14.614	-14.777
SPAC19G12.15c	tpp1	viable	V	1.207	0.181	7.081	7.488	10.432	15.053	7.565	9.533	0.444	21.857	0.979501	0.07	0.056532	-31.266	-31.429
SPAC19G12.16c	adg2	viable	V	-0.004	0.001	0.0	0.364	2.997	7.129	6.765	2.194	-0.001	-0.0	-0.020213	0.232	0.295326	-14.429	-14.591
SPAC19G12.17	erh1	viable	Not_determined	1.674	0.053	0.327	2.264	16.279	38.27	36.006	12.0	0.616	21.225	0.480212	0.386	0.26669	-7.321	-7.483
SPAC1A6.01c	rqt4	viable	V	2.043	0.069	2.463	4.27	17.341	37.852	33.582	13.351	0.751	24.034	0.94221	0.126	0.07522	-23.01	-23.172
SPAC1A6.03c	plb3	viable	V	0.854	0.091	2.321	2.895	7.047	13.562	10.667	5.78	0.314	18.176	0.735056	0.207	0.172884	-16.054	-16.217
SPAC1A6.04c	plb1	viable	V	0.653	0.02	-0.0	1.957	16.116	38.334	36.377	11.794	0.24	8.364	0.408593	0.181	0.263229	-17.922	-18.084
SPAC1A6.05c	ptl3	viable	V	-0.266	0.045	21.719	22.084	24.72	28.857	6.773	23.915	-0.098	-4.851	-0.765819	0.206	0.491179	-16.132	-16.294
SPAC1A6.06c	meu31	viable	V	3.63	-0.113	0.0	1.957	16.116	38.334	36.377	11.794	1.335	0.802	0.110894	0.287	0.301015	-11.453	-11.615
SPAC1A6.08c	mug125	viable	V	1.115	0.187	0.484	0.848	3.484	7.621	6.773	2.68	0.41	27.991	0.819043	0.192	0.129471	-17.094	-17.256
SPAC1A6.09c	lag1	viable	V	-0.144	-0.009	-0.0	0.94	7.74	18.41	17.47	5.664	-0.053	-2.905	0.172623	0.103	0.277098	-25.849	-26.011
SPAC1A6.10	tcd1	viable	V	1.676	0.281	-0.0	0.364	3.001	7.138	6.773	2.196	0.617	42.826	0.591459	0.454	0.207539	-5.065	-5.227
SPAC1A6.11	SPAC1A6.11	unknown	Not_determined	-0.906	0.029	0.0	1.935	15.935	37.903	35.967	11.661	-0.333	-0.198	-1.04539	0.267	0.56074	-12.462	-12.625
SPAC1B1.01	deb1	inviable	E	4.201	0.513	-0.0	0.5	4.117	9.794	9.293	3.013	1.545	101.874	0.957478	0.305	0.069803	-10.638	-10.801
SPAC1B1.02c	SPAC1B1.02c	viable	V	0.487	0.082	0.0	0.364	3.001	7.138	6.773	2.196	0.179	12.442	0.487124	0.175	0.240111	-18.379	-18.541
SPAC1B1.03c	kap95	inviable	E	3.999	0.67	-0.0	0.364	3.001	7.138	6.773	2.196	1.471	102.203	0.933694	0.339	0.086456	-9.127	-9.289
SPAC1B1.04c	pan3	viable	V	1.465	0.092	0.0	0.972	8.003	19.035	18.063	5.856	0.539	29.037	0.969025	0.086	0.059059	-28.388	-28.55
SPAC1B2.02c	ugo1	viable	V	3.805	0.156	4.27	5.755	16.497	33.352	27.597	13.217	1.4	46.109	0.998445	0.041	0.012885	-38.57	-38.732
SPAC1B2.03c	elo2	condition-dependent	V	4.552	0.763	1.325	1.69	4.326	8.463	6.773	3.521	1.675	110.465	0.993041	0.147	0.03315	-20.869	-21.032
SPAC1B2.04	cox6	viable	V	1.288	0.216	3.322	3.686	6.322	10.459	6.773	5.518	0.474	28.693	0.910444	0.169	0.115837	-18.851	-19.013
SPAC1B2.05	mcm5	inviable	E	4.452	0.722	1.037	1.413	4.138	8.414	7.001	3.306	1.638	108.782	0.970872	0.288	0.058964	-11.443	-11.605
SPAC1B3.01c	SPAC1B3.01c	viable	V	1.869	0.098	-0.0	1.168	9.614	22.867	21.7	7.035	0.688	33.898	0.62512	0.39	0.19032	-7.197	-7.36
SPAC1B3.02c	SPAC1B3.02c	viable	V	0.49	0.082	7.76	8.124	10.761	14.898	6.773	9.956	0.18	8.743	0.228288	0.505	0.251466	-3.573	-3.736
SPAC1B3.03c	wis2	condition-dependent	V	1.844	0.174	0.504	1.151	5.832	13.177	12.027	4.403	0.678	41.237	0.979427	0.096	0.051601	-26.864	-27.026
SPAC1B3.04c	guf1	viable	V	1.08	0.053	-0.0	1.238	10.189	24.236	22.998	7.456	0.397	18.977	0.652598	0.21	0.198836	-15.864	-16.027
SPAC1B3.05	not3	viable	V	1.093	0.095	1.368	2.069	7.139	15.094	13.025	5.591	0.402	22.977	0.840561	0.175	0.127087	-18.412	-18.574
SPAC1B3.06c	SPAC1B3.06c	viable	V	0.845	0.142	1.473	1.837	4.473	8.61	6.773	3.669	0.311	20.375	0.291831	0.566	0.26757	-1.977	-2.139
SPAC1B3.07c	vps28	viable	V	0.792	0.133	-0.0	0.364	3.001	7.138	6.773	2.196	0.291	20.235	0.345436	0.276	0.243355	-12.012	-12.175
SPAC1B3.08	SPAC1B3.08	viable	V	-0.035	0.006	0.0	0.364	3.001	7.138	6.773	2.196	-0.013	-0.001	-0.026805	0.172	0.293376	-18.674	-18.836
SPAC1B3.09c	noc202	inviable	E	4.168	0.698	-0.0	0.364	3.001	7.138	6.773	2.196	1.533	106.505	0.989692	0.148	0.03547	-20.719	-20.882
SPAC1B3.10c	hrd302	viable	V	-0.014	0.002	-0.0	0.411	3.387	8.056	7.645	2.479	-0.005	-0.001	-0.11215	0.141	0.340962	-21.444	-21.606
SPAC1B3.11c	ypt4	viable	V	0.913	0.044	1.845	3.121	12.353	26.839	23.718	9.534	0.336	14.27	0.821517	0.134	0.165458	-22.171	-22.334
SPAC1B3.13	nan1	inviable	E	4.32	0.724	0.91	1.274	3.911	8.048	6.773	3.106	1.589	106.615	0.997872	0.074	0.017059	-30.4	-30.562
SPAC1B3.14	vma3	condition-dependent	E	4.74	0.498	0.283	0.864	5.066	11.661	10.797	3.783	1.744	110.019	0.976083	0.262	0.054933	-12.759	-12.921
SPAC1B3.15c	SPAC1B3.15c	viable	V	-0.276	0.03	0.0	0.556	4.578	10.889	10.333	3.35	-0.101	-0.017	-0.739944	0.238	0.521076	-14.12	-14.282
SPAC1B3.16c	vht1	condition-dependent	V	2.403	0.222	1.391	2.051	6.826	14.318	12.267	5.368	0.884	51.386	0.812613	0.411	0.132385	-6.433	-6.595
SPAC1B3.17	clr2	viable	V	0.659	0.11	-0.0	0.364	3.001	7.138	6.773	2.196	0.242	16.843	0.055338	0.941	0.310793	5.15	4.988
SPAC1B3.18c	mrps18	inviable	E	4.746	0.795	4.473	4.837	7.473	11.61	6.773	6.669	1.746	100.258	0.965957	0.376	0.075794	-7.694	-7.856
SPAC1B3.20	SPAC1B3.20	viable	V	0.176	0.03	0.24	0.605	3.241	7.378	6.773	2.436	0.065	4.465	0.038734	0.433	0.353558	-5.726	-5.888
SPAC1B9.02c	sck1	viable	V	0.129	0.016	0.0	0.49	4.031	9.588	9.098	2.95	0.048	3.15	0.581109	0.047	0.215085	-36.904	-37.066
SPAC1B9.03c	SPAC1B9.03c	inviable	E	3.605	0.604	0.626	0.99	3.627	7.764	6.773	2.822	1.326	89.97	0.994604	0.097	0.026301	-26.636	-26.798
SPAC1D4.01	tls1	viable	V	1.295	0.072	1.849	2.955	10.956	23.511	20.556	8.513	0.477	21.969	0.993254	0.035	0.027999	-40.879	-41.041
SPAC1D4.02c	grh1	viable	V	0.412	0.069	1.585	1.949	4.586	8.723	6.773	3.781	0.152	9.9	0.176236	0.392	0.284525	-7.108	-7.271
SPAC1D4.03c	aut12	viable	V	0.845	0.058	0.562	1.457	7.934	18.096	16.639	5.957	0.311	16.895	0.966324	0.055	0.064831	-34.678	-34.84
SPAC1D4.04	cct2	inviable	E	4.314	0.723	0.349	0.714	3.35	7.487	6.773	2.545	1.587	108.82	0.984632	0.194	0.043716	-16.977	-17.139
SPAC1D4.05c	erd101	viable	V	0.643	0.108	-0.0	0.364	3.001	7.138	6.773	2.196	0.237	16.438	0.70457	0.128	0.18414	-22.742	-22.905
SPAC1D4.06c	csk1	viable	V	2.033	0.188	7.857	8.518	13.3	20.803	12.285	11.84	0.748	30.434	0.995375	0.052	0.02486	-35.443	-35.605
SPAC1D4.08	pis1	inviable	E	4.894	0.806	0.582	0.953	3.633	7.839	6.886	2.815	1.8	122.053	0.998234	0.075	0.015147	-30.288	-30.45
SPAC1D4.09c	rtf2	viable	V	1.12	0.045	0.005	1.537	12.617	30.003	28.466	9.234	0.412	17.214	0.886431	0.117	0.115797	-24.085	-24.247
SPAC1D4.10	trz1	inviable	E	3.417	0.572	0.16	0.524	3.161	7.298	6.773	2.356	1.257	86.814	0.992128	0.108	0.031094	-25.196	-25.359
SPAC1D4.11c	lkh1	viable	V	0.855	0.077	-0.0	0.674	5.55	13.202	12.528	4.062	0.314	19.303	0.78608	0.146	0.135692	-20.912	-21.074
SPAC1D4.12	rad15	inviable	E	4.4	0.67	1.3	1.7	4.599	9.148	7.447	3.714	1.619	105.358	0.998941	0.054	0.012242	-34.753	-34.915
SPAC1D4.13	byr1	viable	V	0.819	0.137	-0.0	0.364	3.001	7.138	6.773	2.196	0.301	20.919	0.19961	0.346	0.252959	-8.867	-9.029
SPAC1D4.14	tho2	inviable	E	3.876	0.576	0.118	0.529	3.502	8.168	7.639	2.594	1.426	96.896	0.99227	0.121	0.030429	-23.583	-23.746
SPAC1F12.02c	tma19	viable	V	1.726	0.061	-0.0	1.73	14.242	33.877	32.147	10.422	0.635	24.332	0.871	0.165	0.112337	-19.223	-19.386
SPAC1F12.05	any2	viable	V	0.466	0.078	-0.0	0.364	3.001	7.138	6.773	2.196	0.172	11.921	0.483708	0.126	0.216123	-22.953	-23.115
SPAC1F12.06c	SPAC1F12.06c	viable	V	0.409	0.068	-0.0	0.364	3.001	7.138	6.773	2.196	0.15	10.448	0.332041	0.126	0.255446	-22.951	-23.113
SPAC1F12.08	cab4	inviable	E	4.111	0.689	2.216	2.58	5.216	9.353	6.773	4.412	1.512	96.116	0.992713	0.141	0.03327	-21.38	-21.542
SPAC1F12.09	gpi17	inviable	E	4.512	0.756	1.267	1.632	4.268	8.405	6.773	3.463	1.66	109.755	0.992743	0.147	0.031468	-20.871	-21.033
SPAC1F12.10c	SPAC1F12.10c	viable	V	0.722	0.091	-0.0	0.487	4.008	9.533	9.046	2.933	0.266	17.602	0.886196	0.085	0.109301	-28.506	-28.668
SPAC1F3.01	rrp6	viable	E	2.954	0.495	1.276	1.641	4.277	8.414	6.773	3.472	1.087	71.829	0.992337	0.099	0.032704	-26.318	-26.48
SPAC1F3.02c	mkh1	viable	Not_determined	0.578	0.091	0.0	0.389	3.207	7.628	7.238	2.347	0.213	14.628	0.776493	0.106	0.145477	-25.356	-25.518
SPAC1F3.03	sro7	viable	V	1.267	0.062	0.327	1.58	10.642	24.863	23.283	7.876	0.466	21.729	0.992776	0.033	0.027998	-41.576	-41.739
SPAC1F3.04c	tsr3	viable	Not_determined	3.82	0.485	1.164	1.645	5.125	10.585	8.94	4.062	1.405	89.07	0.994902	0.103	0.02647	-25.881	-26.043
SPAC1F3.05	gga21	viable	V	-0.237	0.007	0.0	1.95	16.055	38.188	36.238	11.749	-0.087	-0.052	-0.004189	0.22	0.28964	-15.208	-15.37
SPAC1F3.06c	spo15	viable	V	0.314	0.046	1.147	1.567	4.609	9.383	7.815	3.68	0.115	7.496	0.693657	0.088	0.200861	-28.03	-28.192
SPAC1F3.07c	rsc58	viable	V	3.277	0.373	3.903	4.44	8.319	14.406	9.967	7.135	1.206	65.752	0.994903	0.093	0.028241	-27.223	-27.385
SPAC1F3.08c	SPAC1F3.08c	unknown	Not_determined	-0.41	-0.033	1.268	2.026	7.509	16.114	14.088	5.835	-0.151	-8.439	0.837397	0.07	0.157706	-31.225	-31.388
SPAC1F3.09	mug161	viable	V	0.369	0.04	0.0	0.568	4.674	11.117	10.549	3.42	0.136	8.702	0.756382	0.065	0.141346	-32.294	-32.456
SPAC1F3.10c	oct1	viable	V	4.397	0.593	5.188	5.64	8.914	14.051	8.411	7.915	1.618	86.055	0.997798	0.085	0.019557	-28.57	-28.732
SPAC1F5.02	pdi1	inviable	E	3.956	0.6	4.549	4.951	7.863	12.431	7.48	6.974	1.455	81.83	0.996594	0.097	0.023801	-26.613	-26.775
SPAC1F5.03c	SPAC1F5.03c	viable	V	0.74	0.031	0.0	1.45	11.94	28.4	26.95	8.738	0.272	11.801	0.58652	0.155	0.205915	-20.133	-20.295
SPAC1F5.04c	cdc12	inviable	E	3.771	0.622	3.12	3.491	6.169	10.372	6.881	5.352	1.387	84.534	0.998603	0.058	0.015441	-33.919	-34.081
SPAC1F5.05c	mso1	condition-dependent	V	2.163	0.227	-0.0	0.581	4.786	11.384	10.803	3.502	0.796	50.763	0.73392	0.392	0.171189	-7.116	-7.278
SPAC1F5.06	lsh1	inviable	E	4.234	0.574	1.112	1.562	4.822	9.936	8.374	3.827	1.558	100.166	0.997742	0.075	0.017617	-30.179	-30.342
SPAC1F5.07c	hem14	viable	V	1.105	0.036	1.007	2.903	16.617	38.137	35.235	12.43	0.407	13.702	0.547286	0.237	0.239453	-14.166	-14.329
SPAC1F5.08c	yam8	viable	V	-0.008	0.001	-0.0	0.363	2.989	7.11	6.747	2.187	-0.003	-0.0	-0.917225	0.095	0.50696	-26.984	-27.146
SPAC1F5.09c	shk2	viable	V	0.747	0.125	-0.0	0.364	3.001	7.138	6.773	2.196	0.275	19.1	0.67416	0.17	0.162258	-18.844	-19.006
SPAC1F5.10	fal1	viable	V	3.852	0.521	0.35	0.801	4.064	9.185	8.384	3.068	1.417	93.959	0.980951	0.193	0.047675	-17.032	-17.194
SPAC1F5.11c	tra2	inviable	E	4.34	0.441	2.767	3.368	7.712	14.53	11.162	6.386	1.597	89.362	0.990561	0.159	0.037966	-19.707	-19.869
SPAC1F7.01c	spt6	viable	V	3.406	0.314	0.688	1.351	6.144	13.666	12.315	4.681	1.253	75.09	0.99529	0.083	0.024463	-28.803	-28.965
SPAC1F7.02c	has1	inviable	E	3.829	0.641	-0.0	0.364	3.001	7.138	6.773	2.196	1.409	97.849	0.981845	0.177	0.046537	-18.226	-18.388
SPAC1F7.03	pkd2	inviable	E	4.321	0.724	0.146	0.51	3.146	7.283	6.773	2.342	1.59	109.841	0.980979	0.213	0.048678	-15.624	-15.786
SPAC1F7.04	rho1	condition-dependent	V	1.98	0.332	-0.0	0.364	3.001	7.138	6.773	2.196	0.728	50.589	0.660024	0.371	0.204033	-7.884	-8.047
SPAC1F7.05	cdc22	inviable	E	4.411	0.739	-0.0	0.364	3.001	7.138	6.773	2.196	1.623	112.711	0.972163	0.257	0.055984	-13.029	-13.192
SPAC1F7.06	hsp3105	viable	V	0.803	0.031	1.1	2.689	14.182	32.218	29.529	10.674	0.295	11.32	0.419522	0.258	0.273078	-12.994	-13.156
SPAC1F7.08	fio1	viable	V	-0.623	-0.104	3.17	3.534	6.17	10.307	6.773	5.366	-0.229	-13.977	0.697453	0.183	0.176659	-17.747	-17.91
SPAC1F7.09c	dal2	viable	V	0.674	0.021	-0.0	1.957	16.116	38.334	36.377	11.794	0.248	8.64	0.605022	0.112	0.195002	-24.658	-24.82
SPAC1F7.10	SPAC1F7.10	viable	V	0.902	0.125	0.864	1.306	4.501	9.514	8.209	3.525	0.332	21.645	0.901726	0.112	0.110347	-24.691	-24.853
SPAC1F7.11c	SPAC1F7.11c	viable	V	1.173	0.048	0.0	1.5	12.352	29.38	27.88	9.039	0.432	18.295	0.904069	0.103	0.101833	-25.829	-25.991
SPAC1F7.12	yak3	viable	V	0.334	0.029	1.175	1.869	6.89	14.768	12.899	5.357	0.123	7.108	0.565454	0.122	0.248203	-23.467	-23.63
SPAC1F7.13c	rpl801	viable	V	2.889	0.484	-0.0	0.364	3.001	7.138	6.773	2.196	1.063	73.833	0.981235	0.137	0.045119	-21.78	-21.942
SPAC1F7.14c	dmo2	condition-dependent	Not_determined	0.845	0.047	1.118	2.206	10.072	22.415	20.209	7.67	0.311	15.034	0.820036	0.133	0.156164	-22.255	-22.417
SPAC1F8.01	ght3	viable	V	0.554	0.093	2.534	2.898	5.535	9.672	6.773	4.73	0.204	12.785	0.56609	0.245	0.22043	-13.697	-13.859
SPAC1F8.02c	shu1	viable	V	0.934	0.07	0.031	0.843	6.72	15.942	15.098	4.926	0.344	19.855	0.955178	0.07	0.077132	-31.284	-31.447
SPAC1F8.03c	str3	viable	V	0.578	0.097	0.001	0.366	3.002	7.139	6.773	2.197	0.213	14.78	0.785752	0.11	0.146251	-24.923	-25.085
SPAC1F8.04c	hhy1	viable	V	0.918	0.111	1.587	2.094	5.758	11.507	9.414	4.639	0.338	20.785	0.658592	0.254	0.195471	-13.18	-13.342
SPAC1F8.05	isp3	condition-dependent	V	-1.0	-0.168	-0.0	0.364	3.001	7.138	6.773	2.196	-0.368	-25.554	0.639635	0.249	0.195339	-13.439	-13.601
SPAC1F8.06	pfl8	viable	V	0.452	0.076	6.283	6.647	9.283	13.42	6.773	8.479	0.166	8.739	0.851868	0.087	0.132706	-28.177	-28.339
SPAC1F8.07c	pdc101	inviable	E	3.997	0.67	0.463	0.827	3.463	7.6	6.773	2.659	1.47	100.378	0.984923	0.179	0.042024	-18.103	-18.265
SPAC1F8.08	SPAC1F8.08	viable	V	1.517	0.254	1.4	1.765	4.401	8.538	6.773	3.596	0.558	36.7	0.803255	0.289	0.144271	-11.394	-11.556
SPAC20G4.01	caf16	viable	V	0.177	0.03	-0.0	0.364	3.001	7.138	6.773	2.196	0.065	4.53	0.146837	0.11	0.320399	-24.956	-25.118
SPAC20G4.02c	fus1	viable	V	-0.117	0.02	0.0	0.364	3.0	7.137	6.772	2.196	-0.043	-0.005	-0.004377	0.122	0.308727	-23.494	-23.656
SPAC20G4.03c	hri1	viable	V	1.304	0.058	0.593	1.959	11.845	27.357	25.397	8.827	0.48	20.936	0.550924	0.343	0.232068	-8.999	-9.162
SPAC20G4.04c	hus1	viable	V	1.279	0.061	2.732	4.02	13.337	27.957	23.938	10.492	0.47	18.855	0.993444	0.032	0.027365	-42.241	-42.403
SPAC20G4.05c	fmp40	viable	V	-1.0	0.031	0.31	2.249	16.271	38.274	36.025	11.99	-0.368	-0.24	-0.198919	0.346	0.388414	-8.84	-9.002
SPAC20G4.06c	adf1	inviable	E	4.634	0.776	0.069	0.433	3.069	7.206	6.773	2.265	1.705	118.131	0.958541	0.34	0.070255	-9.099	-9.261
SPAC20G4.07c	erg4	viable	V	1.014	0.17	7.508	7.873	10.509	14.646	6.773	9.704	0.373	18.345	0.981663	0.06	0.053679	-33.485	-33.648
SPAC20G4.08	pdc1	viable	V	0.551	0.049	0.0	0.686	5.647	13.432	12.746	4.133	0.203	12.393	0.761705	0.099	0.153628	-26.386	-26.548
SPAC20G4.09	SPAC20G4.09	unknown	Not_determined	0.061	-0.002	-0.0	1.957	16.116	38.334	36.377	11.794	0.022	0.013	-0.096455	0.073	0.31059	-30.704	-30.866
SPAC20G8.01	cdc17	inviable	E	4.401	0.737	0.134	0.499	3.135	7.272	6.773	2.33	1.619	111.915	0.992492	0.135	0.030448	-22.021	-22.184
SPAC20G8.02	SPAC20G8.02	viable	V	0.055	0.004	0.0	0.866	7.134	16.97	16.103	5.221	0.02	1.141	0.007719	0.208	0.31023	-15.972	-16.134
SPAC20G8.03	itr2	inviable	E	4.275	0.524	0.244	0.742	4.343	9.995	9.253	3.244	1.573	102.774	0.968114	0.275	0.063674	-12.083	-12.245
SPAC20G8.04c	cir2	viable	V	0.112	0.019	0.0	0.364	3.001	7.138	6.773	2.196	0.041	2.868	0.254322	0.072	0.329687	-30.925	-31.087
SPAC20G8.05c	cdc15	condition-dependent	E	3.773	0.632	2.969	3.333	5.969	10.106	6.773	5.165	1.388	85.367	0.996225	0.097	0.025231	-26.686	-26.848
SPAC20G8.06	not1	inviable	E	3.666	0.385	0.778	1.359	5.563	12.158	10.799	4.279	1.348	83.333	0.997099	0.072	0.019515	-30.902	-31.064
SPAC20G8.07c	erg2	viable	V	2.236	0.352	0.827	1.214	4.017	8.415	7.201	3.162	0.823	54.869	0.961899	0.165	0.066427	-19.231	-19.393
SPAC20G8.08c	fft1	viable	V	0.689	0.115	2.572	2.937	5.573	9.71	6.773	4.768	0.254	15.868	0.584694	0.265	0.204763	-12.594	-12.757
SPAC20G8.09c	nat10	condition-dependent	V	4.333	0.651	0.538	0.945	3.884	8.497	7.553	2.987	1.594	106.772	0.992703	0.135	0.030084	-22.033	-22.195
SPAC20G8.10c	atg6	viable	V	1.133	-0.045	-0.0	1.547	12.735	30.292	28.745	9.32	0.417	0.198	-0.016896	0.34	0.350804	-9.092	-9.254
SPAC20H4.01	utp5	inviable	E	4.544	0.761	0.125	0.49	3.126	7.263	6.773	2.321	1.672	115.583	0.988922	0.17	0.037453	-18.786	-18.948
SPAC20H4.02	dsc3	viable	V	-0.449	-0.053	0.0	0.513	4.227	10.054	9.54	3.093	-0.165	-10.841	0.841522	0.072	0.134971	-30.873	-31.036
SPAC20H4.03c	tfs1	viable	V	0.95	0.062	6.8	7.728	14.442	24.978	17.25	12.393	0.349	13.027	0.973681	0.053	0.05592	-35.195	-35.358
SPAC20H4.04	fml2	viable	V	0.931	0.156	2.233	2.598	5.234	9.371	6.773	4.429	0.343	21.761	0.69612	0.254	0.192252	-13.198	-13.361
SPAC20H4.05c	mde1	viable	V	-1.0	0.031	0.128	2.077	16.18	38.309	36.232	11.874	-0.368	-0.229	0.005819	0.321	0.303811	-9.89	-10.052
SPAC20H4.06c	gpl1	viable	V	0.964	0.062	0.246	1.188	8.005	18.702	17.514	5.924	0.355	19.14	0.714625	0.205	0.182307	-16.168	-16.33
SPAC20H4.07	rad57	viable	V	3.661	0.26	1.595	2.456	8.686	18.461	16.005	6.784	1.347	70.734	0.981156	0.176	0.047206	-18.357	-18.519
SPAC20H4.08	whi2	viable	V	0.772	0.129	-0.0	0.364	3.001	7.138	6.773	2.196	0.284	19.738	0.879467	0.099	0.118649	-26.4	-26.563
SPAC20H4.09	gih35	viable	V	1.167	0.196	0.877	1.241	3.878	8.015	6.773	3.073	0.429	28.849	0.906981	0.14	0.10614	-21.504	-21.667
SPAC20H4.10	ufd2	viable	V	1.012	0.06	-0.0	1.031	8.489	20.192	19.161	6.212	0.372	19.539	0.84153	0.121	0.11621	-23.57	-23.733
SPAC20H4.11c	rho5	viable	V	0.387	0.065	2.775	3.139	5.776	9.913	6.773	4.971	0.142	8.838	0.790322	0.095	0.144494	-26.922	-27.084
SPAC212.04c	SPAC212.04c	viable	V	0.95	0.159	-0.0	0.364	3.001	7.138	6.773	2.196	0.349	24.269	-0.059102	0.484	0.341004	-4.153	-4.315
SPAC212.08c	SPAC212.08c	viable	V	2.119	0.146	0.697	1.586	8.017	18.109	16.523	6.054	0.78	42.226	0.828404	0.33	0.161552	-9.533	-9.695
SPAC212.12	SPAC212.12	unknown	Not_determined	1.059	0.177	5.599	5.964	8.6	12.737	6.773	7.795	0.39	21.184	0.620652	0.319	0.198885	-9.995	-10.158
SPAC21E11.04	aca1	viable	V	0.404	0.068	-0.0	0.364	3.001	7.138	6.773	2.196	0.148	10.315	0.205522	0.253	0.33676	-13.265	-13.427
SPAC21E11.05c	cyp8	viable	V	0.604	0.04	-0.0	0.927	7.629	18.147	17.22	5.583	0.222	12.213	0.549891	0.149	0.244256	-20.654	-20.816
SPAC21E11.06	tif224	inviable	E	4.342	0.727	0.293	0.657	3.294	7.431	6.773	2.489	1.597	109.755	0.986108	0.184	0.039888	-17.678	-17.84
SPAC21E11.07	iba57	inviable	E	4.783	0.612	6.572	7.05	10.503	15.922	8.872	9.449	1.76	85.87	0.993761	0.15	0.031942	-20.557	-20.719
SPAC21E11.08	lcb2	inviable	E	4.41	0.739	-0.0	0.364	3.001	7.138	6.773	2.196	1.622	112.685	0.967506	0.281	0.058723	-11.766	-11.928
SPAC222.03c	tim10	inviable	E	5.393	0.903	4.55	4.914	7.55	11.687	6.773	6.746	1.984	113.496	0.997605	0.11	0.02049	-24.856	-25.018
SPAC222.04c	ies6	condition-dependent	V	4.869	0.417	4.724	5.437	10.591	18.677	13.241	9.017	1.791	85.706	0.988658	0.189	0.040191	-17.347	-17.509
SPAC222.05c	mss1	viable	V	1.084	0.05	0.0	1.336	11.003	26.173	24.836	8.052	0.399	18.195	0.947404	0.072	0.072699	-30.77	-30.932
SPAC222.06	mak16	inviable	E	4.981	0.834	0.046	0.41	3.047	7.184	6.773	2.242	1.833	127.078	0.966028	0.329	0.060478	-9.584	-9.747
SPAC222.07c	hri2	viable	V	-0.234	0.007	0.0	1.929	15.881	37.775	35.846	11.622	-0.086	-0.051	-0.001707	0.298	0.320458	-10.948	-11.11
SPAC222.08c	sno1	viable	V	4.046	0.266	1.544	2.472	9.183	19.713	17.241	7.134	1.488	75.96	0.983748	0.176	0.045142	-18.343	-18.505
SPAC222.09	seb1	inviable	E	4.394	0.736	0.405	0.769	3.405	7.542	6.773	2.601	1.617	110.608	0.992481	0.138	0.031079	-21.706	-21.868
SPAC222.10c	byr4	inviable	E	4.309	0.722	0.719	1.084	3.72	7.857	6.773	2.915	1.585	107.137	0.986796	0.183	0.041109	-17.768	-17.93
SPAC222.11	hem13	inviable	E	4.891	0.687	3.196	3.631	6.775	11.707	8.076	5.815	1.799	106.303	0.982008	0.269	0.053077	-12.402	-12.565
SPAC222.12c	atp2	viable	V	2.127	0.154	0.0	0.843	6.942	16.511	15.668	5.08	0.782	44.652	0.941404	0.177	0.081107	-18.212	-18.375
SPAC222.13c	SPAC222.13c	viable	V	0.217	0.018	0.0	0.72	5.927	14.099	13.379	4.338	0.08	4.803	0.585712	0.053	0.19503	-35.215	-35.377
SPAC222.14c	sey1	viable	V	2.068	0.111	0.682	1.815	10.011	22.873	21.058	7.509	0.761	36.832	0.990243	0.064	0.032708	-32.389	-32.552
SPAC222.15	meu13	viable	V	0.426	0.071	-0.0	0.364	3.001	7.138	6.773	2.196	0.157	10.877	0.612281	0.11	0.171442	-24.915	-25.078
SPAC222.16c	csn3	viable	V	0.365	0.021	0.0	1.075	8.848	21.046	19.971	6.475	0.134	6.901	0.422416	0.14	0.279555	-21.52	-21.682
SPAC222.17	SPAC222.17	viable	Not_determined	-0.236	0.008	-0.0	1.841	15.158	36.055	34.214	11.093	-0.087	-0.049	0.00366	0.169	0.309808	-18.929	-19.091
SPAC222.18	SPAC222.18	unknown	Not_determined	-0.76	0.024	0.0	1.958	16.117	38.334	36.377	11.794	-0.28	-0.168	0.00981	0.21	0.302971	-15.852	-16.014
SPAC222.19	lam3	viable	Not_determined	-0.442	0.074	9.142	9.506	12.143	16.28	6.773	11.338	-0.163	-2.552	0.367104	0.291	0.243654	-11.262	-11.425
SPAC227.01c	erd1	viable	V	4.809	0.498	5.178	5.767	10.031	16.722	10.954	8.729	1.769	87.965	0.981701	0.263	0.052684	-12.673	-12.836
SPAC227.02c	rrp15	inviable	E	5.532	0.759	0.358	0.803	4.021	9.069	8.266	3.038	2.035	135.211	0.98308	0.26	0.047963	-12.861	-13.023
SPAC227.05	pfd4	viable	V	2.671	0.164	1.532	2.526	9.718	21.002	18.476	7.522	0.983	48.624	0.984099	0.111	0.044018	-24.713	-24.875
SPAC227.07c	pab1	viable	V	3.123	0.211	-0.0	0.902	7.424	17.658	16.756	5.433	1.149	63.888	0.973681	0.167	0.054873	-19.091	-19.253
SPAC227.08c	yth1	inviable	E	3.889	0.652	1.508	1.872	4.508	8.645	6.773	3.704	1.431	93.678	0.966676	0.283	0.070485	-11.648	-11.81
SPAC227.09	fol3	inviable	E	4.845	0.596	1.512	2.008	5.596	11.226	9.218	4.501	1.782	110.599	0.983948	0.236	0.04499	-14.241	-14.403
SPAC227.10	pfd2	viable	V	-1.0	0.032	1.064	2.956	16.646	38.126	35.17	12.466	-0.368	-0.293	-2.39446	0.293	0.659529	-11.163	-11.325
SPAC227.11c	yos9	viable	V	0.938	0.157	-0.0	0.364	3.001	7.138	6.773	2.196	0.345	23.973	0.904211	0.102	0.098135	-25.964	-26.126
SPAC227.12	rna4	inviable	E	4.366	0.731	0.999	1.363	4.0	8.137	6.773	3.195	1.606	107.36	0.994853	0.118	0.026445	-23.976	-24.138
SPAC227.13c	isu1	viable	V	5.221	0.875	-0.0	0.364	3.001	7.138	6.773	2.196	1.921	133.425	0.928691	0.499	0.084957	-3.74	-3.903
SPAC227.14	yfh7	viable	V	-1.0	0.031	-0.0	1.957	16.116	38.334	36.377	11.794	-0.368	-0.221	-2.071619	0.222	0.636921	-15.093	-15.256
SPAC227.15	reg1	viable	V	0.929	0.052	0.0	1.087	8.951	21.29	20.203	6.55	0.342	17.471	0.901155	0.098	0.105992	-26.558	-26.721
SPAC227.16c	psf3	inviable	E	5.473	0.807	0.778	1.192	4.188	8.889	7.697	3.273	2.014	133.181	0.998096	0.088	0.01587	-28.006	-28.168
SPAC227.17c	SPAC227.17c	viable	V	1.616	0.089	4.575	5.687	13.732	26.356	20.669	11.276	0.595	23.229	0.986743	0.061	0.039624	-33.115	-33.278
SPAC227.18	lys3	viable	V	0.531	0.024	-0.0	1.348	11.097	26.394	25.046	8.12	0.195	8.865	0.332887	0.142	0.304492	-21.308	-21.47
SPAC227.19c	pig25	unknown	Not_determined	4.962	0.831	0.438	0.802	3.438	7.575	6.773	2.634	1.826	124.744	0.986697	0.208	0.038766	-16.013	-16.175
SPAC22A12.01c	pso2	viable	V	0.789	0.045	-0.0	1.082	8.911	21.196	20.114	6.521	0.29	14.878	0.895111	0.076	0.098358	-30.145	-30.308
SPAC22A12.02c	mug103	viable	V	0.407	0.034	4.471	5.191	10.4	18.574	13.383	8.81	0.15	7.232	0.824255	0.085	0.143619	-28.461	-28.623
SPAC22A12.03c	csn4	viable	V	0.134	0.022	-0.0	0.364	3.001	7.138	6.773	2.196	0.049	3.428	-0.001338	0.108	0.328378	-25.154	-25.316
SPAC22A12.04c	rps2201	viable	V	3.652	0.487	0.757	1.215	4.527	9.726	8.511	3.516	1.343	87.399	0.984681	0.168	0.042828	-18.983	-19.145
SPAC22A12.05	rpc11	inviable	E	5.311	0.89	0.617	0.982	3.618	7.755	6.773	2.813	1.954	132.578	0.90035	0.649	0.120629	-0.048	-0.21
SPAC22A12.06c	fsh2	viable	V	0.645	0.087	-0.0	0.454	3.74	8.895	8.441	2.737	0.237	15.929	0.614297	0.173	0.200642	-18.566	-18.729
SPAC22A12.07c	ogm1	viable	V	0.977	0.164	2.91	3.275	5.911	10.048	6.773	5.106	0.359	22.153	0.933105	0.113	0.101389	-24.494	-24.656
SPAC22A12.08c	crd1	inviable	E	4.512	0.56	5.458	5.951	9.51	15.094	9.144	8.423	1.66	85.403	0.999279	0.049	0.011061	-36.125	-36.288
SPAC22A12.09c	sap114	inviable	E	4.701	0.787	0.181	0.545	3.182	7.319	6.773	2.377	1.729	119.324	0.965894	0.313	0.062053	-10.262	-10.424
SPAC22A12.10	ept1	viable	V	1.747	0.117	4.356	5.266	11.844	22.167	16.901	9.836	0.643	28.331	0.994358	0.046	0.026252	-36.975	-37.137
SPAC22A12.11	dak1	viable	V	-0.468	-0.078	1.98	2.344	4.981	9.118	6.773	4.176	-0.172	-11.055	0.29271	0.392	0.25283	-7.115	-7.277
SPAC22A12.12c	rrp40	inviable	E	3.251	0.412	0.164	0.646	4.13	9.596	8.951	3.066	1.196	78.907	0.9884	0.125	0.036431	-23.08	-23.242
SPAC22A12.14c	SPAC22A12.14c	viable	V	0.618	0.104	9.135	9.5	12.136	16.273	6.773	11.331	0.228	10.18	0.803045	0.144	0.157287	-21.155	-21.317
SPAC22A12.15c	bip1	inviable	E	4.339	0.727	0.005	0.369	3.006	7.143	6.773	2.201	1.596	110.855	0.972721	0.255	0.056096	-13.149	-13.311
SPAC22A12.16	acl2	viable	V	0.664	0.111	-0.0	0.364	3.001	7.138	6.773	2.196	0.244	16.963	0.696899	0.148	0.178572	-20.71	-20.873
SPAC22A12.17c	SPAC22A12.17c	viable	V	-0.397	-0.012	0.0	1.953	16.081	38.249	36.296	11.768	-0.146	-5.102	0.554548	0.105	0.218736	-25.613	-25.775
SPAC22E12.01	pet3	viable	V	1.332	0.223	5.671	6.035	8.672	12.809	6.773	7.867	0.49	26.542	0.587889	0.424	0.205708	-6.0	-6.162
SPAC22E12.02	SPAC22E12.02	inviable	E	4.923	0.665	1.906	2.358	5.626	10.755	8.397	4.629	1.811	112.539	0.995507	0.128	0.025688	-22.785	-22.948
SPAC22E12.03c	sdj1	viable	V	1.745	0.064	0.0	1.671	13.755	32.718	31.047	10.066	0.642	25.243	0.70984	0.305	0.173048	-10.612	-10.775
SPAC22E12.04	ccs1	viable	V	3.41	0.293	3.997	4.708	9.854	17.929	13.221	8.283	1.254	62.52	0.991435	0.117	0.034959	-24.008	-24.17
SPAC22E12.06c	gmh3	viable	V	0.016	-0.001	0.0	1.06	8.726	20.756	19.696	6.386	0.006	0.002	-0.015051	0.728	0.294153	1.551	1.388
SPAC22E12.08	rrn10	inviable	E	1.873	0.172	2.113	2.776	7.572	15.099	12.323	6.108	0.689	38.684	0.991502	0.065	0.03523	-32.229	-32.392
SPAC22E12.09c	krp1	inviable	E	5.042	0.665	3.441	3.904	7.252	12.506	8.602	6.23	1.855	106.994	0.999786	0.03	0.005979	-43.067	-43.23
SPAC22E12.10c	etp1	inviable	E	4.893	0.681	2.652	3.09	6.263	11.241	8.15	5.294	1.8	108.824	0.998411	0.078	0.015858	-29.731	-29.893
SPAC22E12.11c	set3	viable	V	1.028	0.074	0.213	1.058	7.169	16.759	15.701	5.303	0.378	21.371	0.965356	0.067	0.066167	-31.837	-32.0
SPAC22E12.13c	rlp24	inviable	E	4.963	0.638	0.656	1.13	4.565	9.954	8.824	3.516	1.826	118.464	0.976905	0.278	0.052885	-11.924	-12.086
SPAC22E12.14c	sck2	viable	V	0.953	0.16	0.615	0.98	3.616	7.753	6.773	2.811	0.351	23.798	0.651967	0.263	0.204778	-12.68	-12.842
SPAC22E12.16c	pik1	inviable	E	4.162	0.697	-0.0	0.364	3.001	7.138	6.773	2.196	1.531	106.347	0.990518	0.141	0.034278	-21.434	-21.597
SPAC22E12.17c	glo3	inviable	E	4.234	0.709	0.117	0.481	3.118	7.254	6.773	2.313	1.558	107.73	0.979172	0.218	0.049531	-15.317	-15.479
SPAC22E12.18	SPAC22E12.18	viable	V	3.977	0.368	-0.0	0.659	5.426	12.906	12.247	3.971	1.463	90.386	0.972344	0.231	0.056937	-14.494	-14.657
SPAC22E12.19	snt1	viable	V	1.407	0.067	0.658	1.947	11.267	25.893	23.946	8.422	0.518	23.33	0.948209	0.099	0.076588	-26.416	-26.579
SPAC22F3.02	atf31	viable	V	-0.384	-0.064	0.674	1.038	3.675	7.812	6.773	2.87	-0.141	-9.569	0.205074	0.319	0.336096	-9.998	-10.16
SPAC22F3.03c	rdh54	viable	V	1.442	0.061	0.0	1.438	11.842	28.167	26.729	8.666	0.53	23.116	0.856238	0.167	0.129006	-19.051	-19.214
SPAC22F3.04	mug62	viable	V	0.559	0.094	2.152	2.517	5.153	9.29	6.773	4.348	0.206	13.111	0.643435	0.181	0.195809	-17.935	-18.098
SPAC22F3.05c	alp41	inviable	E	4.238	0.433	0.964	1.562	5.884	12.666	11.104	4.564	1.559	94.925	0.996859	0.087	0.020293	-28.219	-28.381
SPAC22F3.06c	lon1	viable	V	0.896	0.064	0.0	0.849	6.99	16.627	15.778	5.115	0.33	18.769	0.980882	0.043	0.046166	-38.088	-38.25
SPAC22F3.07c	atp20	viable	V	1.159	0.064	-0.0	1.104	9.093	21.628	20.524	6.654	0.426	21.629	0.765248	0.189	0.169639	-17.338	-17.501
SPAC22F3.08c	rok1	viable	V	3.543	0.246	1.239	2.118	8.475	18.449	16.332	6.534	1.303	69.096	0.994262	0.092	0.025933	-27.366	-27.529
SPAC22F3.09c	res2	viable	V	1.092	0.096	1.957	2.655	7.7	15.616	12.961	6.159	0.402	22.367	0.974175	0.066	0.057757	-32.148	-32.311
SPAC22F3.10c	gcs1	condition-dependent	V	2.146	0.096	-0.0	1.362	11.211	26.665	25.304	8.204	0.789	35.62	0.972129	0.103	0.051766	-25.821	-25.983
SPAC22F3.11c	snu23	viable	V	4.647	0.778	0.475	0.84	3.476	7.613	6.773	2.671	1.709	116.649	0.992822	0.143	0.030328	-21.265	-21.427
SPAC22F3.12c	rgs1	viable	V	0.846	0.057	2.95	3.852	10.373	20.607	16.755	8.382	0.311	14.931	0.858938	0.122	0.135882	-23.497	-23.659
SPAC22F3.13	tsc1	viable	V	2.295	0.15	0.0	0.931	7.669	18.241	17.31	5.612	0.844	46.33	0.982282	0.101	0.043728	-26.138	-26.3
SPAC22F3.15	aim41	unknown	Not_determined	0.835	0.063	0.0	0.814	6.701	15.939	15.125	4.904	0.307	17.758	0.816217	0.132	0.137153	-22.341	-22.503
SPAC22F8.02c	pvg5	viable	V	0.929	0.139	6.529	6.939	9.9	14.546	7.607	8.996	0.342	17.325	0.903581	0.14	0.113425	-21.574	-21.737
SPAC22F8.03c	SPAC22F8.03c	viable	V	0.748	0.061	-0.0	0.753	6.202	14.752	13.998	4.538	0.275	16.341	0.223682	0.424	0.264942	-6.007	-6.169
SPAC22F8.04	pet1	viable	V	0.297	0.05	-0.0	0.364	3.001	7.138	6.773	2.196	0.109	7.596	-0.125677	0.387	0.317507	-7.278	-7.44
SPAC22F8.05	SPAC22F8.05	viable	V	0.43	0.072	5.423	5.788	8.424	12.561	6.773	7.619	0.158	8.672	0.53098	0.188	0.225389	-17.383	-17.546
SPAC22F8.06	pam1	inviable	E	4.541	0.756	0.759	1.125	3.779	7.942	6.817	2.969	1.671	112.643	0.983769	0.215	0.04414	-15.539	-15.702
SPAC22F8.07c	rtf1	viable	V	0.747	0.107	1.055	1.482	4.572	9.421	7.939	3.629	0.275	17.877	0.65709	0.202	0.195151	-16.408	-16.57
SPAC22F8.08	sec24	inviable	E	3.57	0.598	-0.0	0.364	3.001	7.138	6.773	2.196	1.313	91.221	0.976074	0.189	0.051304	-17.309	-17.471
SPAC22F8.09	rrp16	viable	V	3.414	0.183	0.524	1.661	9.881	22.781	21.12	7.372	1.256	61.193	0.957871	0.228	0.067057	-14.727	-14.889
SPAC22F8.10c	sap145	inviable	E	2.011	0.101	0.255	1.477	10.314	24.181	22.704	7.616	0.74	35.127	0.659782	0.435	0.235222	-5.664	-5.826
SPAC22F8.11	plc1	condition-dependent	V	4.258	0.521	0.418	0.917	4.53	10.199	9.281	3.427	1.566	101.598	0.992738	0.131	0.030051	-22.46	-22.622
SPAC22F8.12c	shf1	viable	V	0.28	-0.009	0.0	1.925	15.849	37.698	35.773	11.598	0.103	0.061	-0.184027	0.142	0.340961	-21.343	-21.505
SPAC22G7.01c	fra1	viable	V	0.506	0.085	-0.0	0.364	3.001	7.138	6.773	2.196	0.186	12.937	-0.012849	0.437	0.343618	-5.598	-5.76
SPAC22G7.02	kap111	condition-dependent	V	0.517	0.07	3.015	3.468	6.744	11.887	8.419	5.744	0.19	11.231	0.76065	0.128	0.157726	-22.824	-22.986
SPAC22G7.03	SPAC22G7.03	viable	V	0.535	0.067	0.0	0.489	4.029	9.584	9.094	2.949	0.197	13.035	0.826841	0.082	0.122401	-28.93	-29.092
SPAC22G7.04	pan2	viable	V	1.74	0.076	0.786	2.185	12.307	28.189	26.004	9.216	0.64	27.232	0.99387	0.04	0.0252	-39.014	-39.177
SPAC22G7.05	kri1	viable	V	3.813	0.639	-0.0	0.364	3.001	7.138	6.773	2.196	1.403	97.445	0.983901	0.167	0.043498	-19.065	-19.227
SPAC22G7.06c	ura1	viable	V	2.08	0.18	-0.0	0.707	5.823	13.851	13.144	4.261	0.765	46.318	0.974736	0.112	0.050743	-24.6	-24.762
SPAC22G7.07c	ime4	viable	V	0.392	0.066	5.447	5.812	8.448	12.585	6.773	7.643	0.144	7.895	0.831021	0.089	0.158894	-27.946	-28.108
SPAC22G7.08	ppk8	viable	V	0.258	0.01	0.0	1.617	13.315	31.672	30.054	9.744	0.095	3.814	0.487181	0.082	0.228323	-28.942	-29.104
SPAC22G7.09c	nup45	inviable	E	3.805	0.473	0.455	0.947	4.503	10.082	9.136	3.417	1.4	90.953	0.99526	0.095	0.024627	-26.989	-27.151
SPAC22G7.10	iss1	inviable	E	4.358	0.604	0.9	1.341	4.53	9.533	8.192	3.556	1.603	104.41	0.991245	0.152	0.034074	-20.386	-20.549
SPAC22H10.02	SPAC22H10.02	viable	V	-0.236	0.007	-0.0	1.948	16.042	38.158	36.209	11.74	-0.087	-0.052	0.006317	0.35	0.327327	-8.714	-8.876
SPAC22H10.03c	kap114	viable	V	0.95	0.059	0.051	1.04	8.196	19.424	18.383	6.011	0.349	18.642	0.971166	0.054	0.058607	-34.748	-34.91
SPAC22H10.04	ppa3	viable	V	1.043	0.063	0.981	1.989	9.285	20.734	18.745	7.058	0.384	19.395	0.366462	0.437	0.261837	-5.581	-5.743
SPAC22H10.05c	SPAC22H10.05c	inviable	E	5.146	0.86	0.828	1.193	3.834	7.979	6.786	3.028	1.893	127.373	0.994624	0.14	0.026692	-21.563	-21.726
SPAC22H10.06c	SPAC22H10.06c	unknown	Not_determined	-0.022	0.003	0.0	0.386	3.176	7.555	7.17	2.324	-0.008	-0.001	-1.545428	0.134	0.579393	-22.156	-22.318
SPAC22H10.07	scd2	viable	V	0.861	0.044	0.0	1.184	9.748	23.186	22.002	7.133	0.317	15.491	0.789919	0.136	0.149651	-21.974	-22.137
SPAC22H10.08	SPAC22H10.08	viable	V	0.217	0.036	1.141	1.505	4.142	8.279	6.773	3.337	0.08	5.31	0.52601	0.099	0.237354	-26.347	-26.509
SPAC22H10.09	cbp8	viable	V	1.046	0.074	1.95	2.815	9.07	18.886	16.071	7.161	0.385	19.812	0.995407	0.025	0.024697	-45.552	-45.714
SPAC22H10.10	alp21	inviable	E	4.204	0.64	0.413	0.814	3.715	8.268	7.454	2.829	1.547	104.312	0.995867	0.098	0.022787	-26.57	-26.733
SPAC22H10.11c	crf1	viable	V	3.614	0.324	0.119	0.799	5.72	13.442	12.642	4.218	1.329	81.001	0.966838	0.231	0.062779	-14.54	-14.702
SPAC22H10.12c	gdi1	inviable	E	5.302	0.843	0.458	0.842	3.619	7.976	7.134	2.771	1.951	132.195	0.997103	0.103	0.019217	-25.79	-25.953
SPAC22H12.01c	mug35	viable	V	0.48	0.08	5.254	5.619	8.255	12.392	6.773	7.45	0.176	9.757	0.680187	0.148	0.207804	-20.732	-20.894
SPAC22H12.02	tfg3	viable	V	1.631	0.133	5.715	6.462	11.863	20.339	13.877	10.214	0.6	26.612	0.984815	0.073	0.046635	-30.565	-30.727
SPAC22H12.03	pah2	viable	V	0.966	0.162	-0.0	0.364	3.001	7.138	6.773	2.196	0.355	24.69	0.910305	0.1	0.09817	-26.259	-26.421
SPAC22H12.04c	rps102	viable	V	5.062	0.646	-0.0	0.479	3.94	9.372	8.893	2.883	1.862	123.813	0.985003	0.218	0.04217	-15.311	-15.473
SPAC22H12.05c	fsc1	viable	V	0.805	0.072	3.893	4.578	9.534	17.31	12.733	8.021	0.296	15.029	0.880847	0.117	0.133934	-24.015	-24.177
SPAC23A1.02c	ted1	viable	V	-0.685	-0.115	-0.0	0.364	3.001	7.138	6.773	2.196	-0.252	-17.511	0.452195	0.248	0.235684	-13.524	-13.686
SPAC23A1.03	apt1	viable	V	1.606	0.151	4.433	5.082	9.778	17.146	12.063	8.344	0.591	29.671	0.988061	0.069	0.04271	-31.523	-31.685
SPAC23A1.04c	mnl1	viable	V	-0.061	0.007	0.0	0.539	4.436	10.552	10.013	3.246	-0.022	-0.004	-0.01645	0.172	0.312024	-18.675	-18.837
SPAC23A1.05	tsc3	inviable	E	4.544	0.761	0.368	0.733	3.369	7.506	6.773	2.564	1.672	114.543	0.99398	0.127	0.027555	-22.89	-23.052
SPAC23A1.06c	cmk2	viable	V	0.168	0.028	-0.0	0.364	3.001	7.138	6.773	2.196	0.062	4.282	0.023945	0.218	0.379852	-15.323	-15.486
SPAC23A1.07	rnf170	viable	V	0.24	0.04	0.0	0.364	3.001	7.138	6.773	2.196	0.088	6.141	0.032846	0.432	0.317213	-5.749	-5.911
SPAC23A1.08c	rpl3401	inviable	E	2.725	0.456	-0.0	0.364	3.001	7.138	6.773	2.196	1.002	69.629	0.985266	0.114	0.04253	-24.352	-24.514
SPAC23A1.10	tef102	viable	Not_determined	2.281	-0.071	0.0	1.958	16.117	38.334	36.377	11.794	0.839	0.504	0.047752	0.285	0.360555	-11.564	-11.726
SPAC23A1.12c	frs1	inviable	E	4.643	0.778	-0.0	0.364	3.001	7.138	6.773	2.196	1.708	118.652	0.957213	0.328	0.069673	-9.597	-9.759
SPAC23A1.14c	SPAC23A1.14c	viable	V	-1.0	0.031	0.0	1.957	16.116	38.334	36.377	11.794	-0.368	-0.221	-0.789036	0.239	0.456006	-14.041	-14.203
SPAC23A1.15c	sec20	viable	V	5.651	0.947	0.47	0.835	3.471	7.608	6.773	2.666	2.079	141.886	0.943137	0.501	0.078973	-3.665	-3.827
SPAC23A1.17	bbc1	viable	V	0.122	0.02	-0.0	0.364	3.001	7.138	6.773	2.196	0.045	3.107	-0.013903	0.092	0.380677	-27.385	-27.547
SPAC23A1.18c	mrp51	inviable	E	3.676	0.366	4.02	4.632	9.063	16.016	11.384	7.711	1.352	70.684	0.98392	0.184	0.04764	-17.73	-17.892
SPAC23A1.19c	hrq1	condition-dependent	E	1.125	0.089	3.273	4.044	9.616	18.361	14.317	7.915	0.414	20.822	0.992328	0.037	0.032571	-40.341	-40.504
SPAC23A1.20	new11	unknown	Not_determined	1.726	0.289	17.809	18.174	20.81	24.947	6.773	20.005	0.635	13.499	0.871877	0.21	0.108288	-15.88	-16.042
SPAC23C11.01	ice2	viable	V	0.16	0.027	-0.0	0.364	3.001	7.138	6.773	2.196	0.059	4.084	-0.055917	0.13	0.361527	-22.586	-22.748
SPAC23C11.03	mpp10	inviable	E	4.564	0.764	0.211	0.576	3.212	7.349	6.773	2.407	1.679	115.711	0.958901	0.338	0.070312	-9.183	-9.346
SPAC23C11.04c	pnk1	viable	V	1.059	0.067	0.928	1.885	8.814	19.686	17.801	6.699	0.389	20.209	0.957082	0.078	0.074099	-29.777	-29.939
SPAC23C11.05	ipp1	inviable	E	4.373	0.733	-0.0	0.364	3.001	7.138	6.773	2.196	1.609	111.737	0.759302	0.715	0.165883	1.296	1.134
SPAC23C11.06c	SPAC23C11.06c	viable	V	0.124	0.021	0.0	0.364	3.001	7.138	6.773	2.196	0.046	3.173	0.142598	0.078	0.296815	-29.65	-29.813
SPAC23C11.07	SPAC23C11.07	viable	V	0.583	0.098	-0.0	0.364	3.001	7.138	6.773	2.196	0.215	14.91	0.386244	0.217	0.224903	-15.402	-15.565
SPAC23C11.08	php3	viable	V	1.763	0.295	-0.0	0.364	3.001	7.138	6.773	2.196	0.649	45.062	0.681134	0.389	0.178031	-7.231	-7.394
SPAC23C11.09	ala1	inviable	E	3.876	0.649	-0.0	0.364	3.001	7.138	6.773	2.196	1.426	99.043	0.958476	0.266	0.068269	-12.541	-12.703
SPAC23C11.10	mpn1	viable	V	1.363	0.058	2.851	4.285	14.659	30.937	26.652	11.492	0.501	18.58	0.972401	0.066	0.056021	-31.948	-32.111
SPAC23C11.11	cka1	inviable	E	4.859	0.454	2.222	2.875	7.598	15.008	12.133	6.156	1.788	100.284	0.982311	0.242	0.048398	-13.867	-14.029
SPAC23C11.13c	hpt1	viable	V	3.739	0.438	0.458	0.979	4.752	10.671	9.692	3.6	1.376	88.286	0.993955	0.105	0.027583	-25.53	-25.692
SPAC23C11.14	zhf1	viable	V	2.213	0.135	3.616	4.62	11.88	23.273	18.654	9.664	0.814	35.721	0.971225	0.128	0.059926	-22.813	-22.975
SPAC23C11.15	pst2	condition-dependent	V	2.897	0.182	1.507	2.477	9.496	20.509	18.032	7.353	1.066	53.401	0.993796	0.077	0.027297	-29.984	-30.146
SPAC23C11.16	plo1	condition-dependent	E	4.191	0.643	0.527	0.925	3.803	8.318	7.393	2.924	1.542	103.662	0.98388	0.194	0.045312	-16.93	-17.093
SPAC23C11.17	mdm38	inviable	E	4.071	0.682	0.283	0.647	3.284	7.421	6.773	2.479	1.498	102.948	0.993751	0.116	0.027938	-24.216	-24.378
SPAC23C4.02	crn1	viable	V	0.224	0.037	-0.0	0.364	3.001	7.138	6.773	2.196	0.082	5.712	-0.016939	0.266	0.321132	-12.545	-12.707
SPAC23C4.03	hrk1	viable	V	-0.096	0.003	0.0	1.951	16.063	38.208	36.257	11.755	-0.035	-0.021	-0.094795	0.173	0.311906	-18.554	-18.716
SPAC23C4.05c	les1	viable	V	0.446	0.014	0.0	1.957	16.116	38.334	36.377	11.794	0.164	5.711	0.819998	0.058	0.141639	-33.879	-34.041
SPAC23C4.06c	efm6	viable	V	0.367	0.061	0.0	0.365	3.001	7.138	6.773	2.196	0.135	9.375	0.587737	0.112	0.217593	-24.615	-24.777
SPAC23C4.07	tht2	viable	V	0.372	-0.013	0.0	1.805	14.86	35.346	33.541	10.875	0.137	0.076	-0.455376	0.184	0.433009	-17.697	-17.86
SPAC23C4.08	rho3	condition-dependent	V	0.93	0.04	-0.0	1.412	11.627	27.656	26.244	8.509	0.342	15.086	0.785947	0.13	0.146076	-22.562	-22.725
SPAC23C4.09c	SPAC23C4.09c	viable	V	0.482	0.081	8.23	8.595	11.231	15.368	6.773	10.426	0.177	8.375	0.549026	0.238	0.254464	-14.086	-14.249
SPAC23C4.10	sec2	inviable	E	3.929	0.558	0.049	0.478	3.588	8.467	7.989	2.639	1.445	97.756	0.982232	0.186	0.046976	-17.578	-17.74
SPAC23C4.11	atp18	viable	V	1.945	0.1	0.0	1.185	9.757	23.208	22.023	7.14	0.716	34.999	0.816429	0.269	0.141894	-12.359	-12.521
SPAC23C4.12	hhp2	viable	V	0.869	0.105	0.0	0.503	4.14	9.848	9.345	3.03	0.32	21.042	0.976587	0.048	0.05085	-36.556	-36.718
SPAC23C4.13	bet1	inviable	E	5.356	0.897	-0.0	0.364	3.001	7.138	6.773	2.196	1.97	136.859	0.965644	0.35	0.062923	-8.683	-8.846
SPAC23C4.14	alg1	inviable	E	4.416	0.74	1.439	1.803	4.44	8.577	6.773	3.635	1.625	106.675	0.996688	0.098	0.02272	-26.456	-26.618
SPAC23C4.15	rpb5	inviable	E	4.033	0.676	0.092	0.457	3.093	7.23	6.773	2.288	1.484	102.713	0.965599	0.27	0.064421	-12.331	-12.494
SPAC23C4.16c	atg15	viable	V	0.182	0.024	0.0	0.462	3.801	9.041	8.579	2.782	0.067	4.479	0.027597	0.33	0.344337	-9.541	-9.703
SPAC23C4.17	trm402	viable	V	0.131	-0.022	0.0	0.364	3.001	7.138	6.773	2.196	0.048	0.005	-0.151672	0.141	0.31176	-21.403	-21.566
SPAC23C4.18c	rad4	inviable	E	4.703	0.788	-0.0	0.364	3.001	7.138	6.773	2.196	1.73	120.171	0.969803	0.279	0.056918	-11.891	-12.053
SPAC23C4.19	spt5	inviable	E	3.206	0.508	0.389	0.774	3.563	7.94	7.166	2.712	1.179	80.095	0.988759	0.123	0.036096	-23.345	-23.507
SPAC23D3.01	pdp3	viable	V	0.984	0.165	0.0	0.364	3.001	7.138	6.773	2.196	0.362	25.14	0.737447	0.206	0.154342	-16.136	-16.298
SPAC23D3.02	rfc2	inviable	E	4.391	0.736	3.547	3.911	6.548	10.685	6.773	5.743	1.615	96.81	0.996188	0.113	0.025604	-24.498	-24.66
SPAC23D3.03c	SPAC23D3.03c	viable	V	-0.375	-0.043	0.0	0.528	4.345	10.336	9.808	3.18	-0.138	-8.999	0.350481	0.154	0.237657	-20.169	-20.332
SPAC23D3.04c	gpd2	viable	V	0.295	0.049	-0.0	0.364	3.001	7.138	6.773	2.196	0.108	7.528	0.008427	0.203	0.359072	-16.332	-16.495
SPAC23D3.06c	nup146	inviable	E	4.082	0.684	-0.0	0.364	3.001	7.138	6.773	2.196	1.502	104.313	0.98121	0.193	0.047392	-17.036	-17.198
SPAC23D3.07	pup1	inviable	E	4.871	0.812	0.678	1.044	3.692	7.846	6.802	2.884	1.792	121.229	0.996853	0.1	0.020565	-26.226	-26.389
SPAC23D3.08	usp108	inviable	E	2.291	0.27	1.775	2.293	6.037	11.912	9.62	4.894	0.843	51.235	0.997933	0.04	0.017403	-39.086	-39.248
SPAC23D3.09	arp42	viable	V	3.498	0.277	2.92	3.692	9.271	18.026	14.334	7.568	1.287	65.94	0.995487	0.085	0.024893	-28.53	-28.693
SPAC23D3.10c	eng2	viable	V	0.229	0.038	1.981	2.346	4.982	9.119	6.773	4.177	0.084	5.403	0.241117	0.241	0.275189	-13.902	-14.064
SPAC23D3.11	ayr1	viable	V	0.481	0.081	-0.0	0.364	3.001	7.138	6.773	2.196	0.177	12.297	0.045757	0.453	0.363997	-5.092	-5.254
SPAC23D3.12	pho842	viable	V	0.828	0.115	-0.0	0.44	3.626	8.624	8.183	2.653	0.305	20.552	0.850341	0.113	0.115142	-24.545	-24.707
SPAC23D3.13c	SPAC23D3.13c	viable	V	0.652	0.032	0.0	1.262	10.389	24.71	23.448	7.602	0.24	11.329	0.922137	0.053	0.088383	-35.001	-35.163
SPAC23D3.14c	aah2	viable	Not_determined	0.918	0.035	6.01	7.601	19.105	37.158	29.557	15.593	0.338	9.31	0.430769	0.268	0.229867	-12.457	-12.62
SPAC23D3.16	lam4	viable	Not_determined	3.892	0.541	0.929	1.368	4.542	9.524	8.156	3.573	1.432	93.195	0.975853	0.227	0.054766	-14.735	-14.897
SPAC23E2.01	fep1	viable	V	0.934	0.114	0.423	0.922	4.53	10.193	9.271	3.429	0.344	22.283	0.89198	0.119	0.106076	-23.761	-23.924
SPAC23E2.02	lsd2	inviable	E	3.672	0.423	2.931	3.462	7.3	13.322	9.861	6.128	1.351	77.43	0.993203	0.117	0.032392	-23.98	-24.142
SPAC23E2.03c	sms1	viable	V	0.797	0.133	1.843	2.208	4.844	8.981	6.773	4.039	0.293	18.919	0.576269	0.286	0.231449	-11.51	-11.672
SPAC23G3.01	rpb2	inviable	E	4.439	0.744	0.121	0.486	3.122	7.259	6.773	2.317	1.633	112.93	0.9882	0.171	0.037498	-18.717	-18.879
SPAC23G3.02c	sib1	viable	V	0.416	0.028	0.0	0.907	7.461	17.747	16.84	5.46	0.153	8.499	0.908792	0.046	0.109574	-37.002	-37.164
SPAC23G3.03	sib2	viable	V	-0.509	0.016	0.0	1.904	15.678	37.292	35.388	11.473	-0.187	-0.109	-3.334632	0.225	0.685007	-14.86	-15.023
SPAC23G3.04	ies4	viable	V	-0.049	0.008	0.0	0.364	3.001	7.138	6.773	2.196	-0.018	-0.002	-0.00061	0.204	0.322663	-16.282	-16.445
SPAC23G3.05c	SPAC23G3.05c	viable	V	-0.404	-0.068	0.745	1.11	3.746	7.883	6.773	2.941	-0.149	-10.035	0.821241	0.075	0.143326	-30.298	-30.46
SPAC23G3.06	nop58	inviable	E	4.4	0.737	-0.0	0.364	3.001	7.138	6.773	2.196	1.619	112.432	0.983979	0.196	0.042887	-16.837	-16.999
SPAC23G3.07c	snf30	viable	V	0.882	0.148	-0.0	0.364	3.001	7.138	6.773	2.196	0.324	22.53	0.481601	0.266	0.207151	-12.562	-12.725
SPAC23G3.08c	ubp7	viable	V	0.566	0.054	1.248	1.888	6.518	13.782	11.894	5.104	0.208	12.302	0.856783	0.092	0.142788	-27.432	-27.594
SPAC23G3.09	taf4	inviable	E	2.816	0.45	2.777	3.158	5.92	10.253	7.095	5.077	1.036	63.785	0.986975	0.132	0.043725	-22.367	-22.53
SPAC23G3.10c	ssr3	condition-dependent	V	4.586	0.367	3.218	3.981	9.5	18.162	14.181	7.815	1.687	85.438	0.994491	0.124	0.027849	-23.267	-23.43
SPAC23G3.11	rpn6	inviable	E	4.057	0.68	0.026	0.39	3.027	7.164	6.773	2.222	1.492	103.567	0.990169	0.142	0.033514	-21.37	-21.533
SPAC23G3.12c	htr12	viable	V	0.873	0.09	0.269	0.859	5.123	11.815	10.956	3.821	0.321	20.191	0.738949	0.187	0.150394	-17.478	-17.64
SPAC23H3.02c	ini1	inviable	E	3.049	0.511	-0.0	0.364	3.001	7.138	6.773	2.196	1.122	77.915	0.864786	0.42	0.133413	-6.15	-6.312
SPAC23H3.03c	npr2	viable	V	5.602	0.649	4.402	4.93	8.743	14.726	9.796	7.579	2.061	110.082	0.99486	0.159	0.029083	-19.77	-19.932
SPAC23H3.04	SPAC23H3.04	viable	V	0.713	0.047	1.216	2.135	8.784	19.218	17.083	6.754	0.262	13.657	0.701604	0.17	0.223947	-18.791	-18.953
SPAC23H3.05c	swd1	viable	V	1.96	0.328	12.557	12.922	15.558	19.695	6.773	14.753	0.721	25.564	0.726207	0.465	0.179905	-4.724	-4.886
SPAC23H3.06	apl6	viable	V	1.185	0.134	0.318	0.857	4.757	10.875	10.018	3.566	0.436	27.93	0.993096	0.036	0.029852	-40.667	-40.83
SPAC23H3.08c	bub3	viable	V	0.192	0.032	-0.0	0.364	3.001	7.138	6.773	2.196	0.071	4.91	0.142521	0.132	0.331105	-22.373	-22.535
SPAC23H3.09c	gly1	viable	V	5.45	0.328	-0.0	1.013	8.342	19.843	18.829	6.105	2.005	106.044	0.985193	0.21	0.038959	-15.819	-15.981
SPAC23H3.10	ssr2	inviable	E	3.622	0.394	1.772	2.333	6.391	12.757	10.424	5.152	1.333	79.517	0.995695	0.09	0.02502	-27.645	-27.808
SPAC23H3.11c	max1	viable	V	0.602	0.101	0.0	0.364	3.001	7.138	6.773	2.196	0.221	15.377	0.650947	0.158	0.188116	-19.847	-20.01
SPAC23H3.12c	SPAC23H3.12c	viable	V	0.794	0.133	-0.0	0.364	3.001	7.138	6.773	2.196	0.292	20.278	0.479056	0.283	0.229904	-11.66	-11.823
SPAC23H3.13c	gpa2	viable	V	3.053	0.163	0.519	1.666	9.961	22.977	21.311	7.429	1.123	54.473	0.985199	0.118	0.039332	-23.948	-24.11
SPAC23H3.14	avl9	viable	V	-1.0	0.031	0.0	1.957	16.115	38.331	36.374	11.793	-0.368	-0.221	-0.998264	0.223	0.421292	-14.99	-15.153
SPAC23H4.01c	osh3	viable	V	2.703	0.13	8.531	9.802	18.995	33.42	23.618	16.189	0.994	26.526	0.945435	0.186	0.078272	-17.55	-17.712
SPAC23H4.02	ppk9	viable	V	0.159	0.027	2.095	2.459	5.096	9.233	6.773	4.291	0.058	3.725	0.165613	0.202	0.347447	-16.378	-16.54
SPAC23H4.03c	erv25	inviable	E	3.629	0.608	-0.0	0.364	3.001	7.138	6.773	2.196	1.335	92.744	0.800441	0.601	0.150681	-1.127	-1.289
SPAC23H4.04	slm3	inviable	E	4.48	0.538	6.296	6.805	10.484	16.257	9.452	9.361	1.648	80.348	0.998132	0.077	0.017109	-29.947	-30.109
SPAC23H4.06	gln1	inviable	E	4.629	0.775	-0.0	0.364	3.001	7.138	6.773	2.196	1.703	118.295	0.904105	0.486	0.096908	-4.105	-4.267
SPAC23H4.07c	srp102	inviable	E	3.916	0.656	0.017	0.381	3.018	7.155	6.773	2.213	1.441	100.011	0.981402	0.189	0.047416	-17.289	-17.451
SPAC23H4.08	iwr1	viable	V	1.369	0.229	4.908	5.273	7.909	12.046	6.773	7.104	0.504	28.324	0.959281	0.114	0.07571	-24.372	-24.534
SPAC23H4.09	cdb4	viable	V	1.694	0.073	3.02	4.44	14.709	30.822	26.382	11.574	0.623	23.011	0.924024	0.136	0.093669	-21.892	-22.054
SPAC23H4.10c	thi4	viable	V	0.144	0.024	0.0	0.365	3.001	7.138	6.773	2.196	0.053	3.681	0.051497	0.239	0.306574	-14.013	-14.175
SPAC23H4.11c	cnl2	inviable	E	3.929	0.574	3.666	4.084	7.107	11.851	7.767	6.184	1.445	84.168	0.995972	0.105	0.025637	-25.593	-25.755
SPAC23H4.12	alp13	condition-dependent	V	2.645	0.128	0.0	1.263	10.399	24.736	23.473	7.61	0.973	45.922	0.976601	0.123	0.048844	-23.378	-23.54
SPAC23H4.13c	SPAC23H4.13c	unknown	Not_determined	0.035	0.006	-0.0	0.364	3.001	7.138	6.773	2.196	0.013	0.892	-0.063241	0.359	0.313258	-8.355	-8.517
SPAC23H4.14	vam6	viable	V	4.404	0.373	3.615	4.336	9.549	17.728	13.392	7.957	1.62	82.03	0.99718	0.086	0.019752	-28.399	-28.561
SPAC23H4.15	tsr1	inviable	E	4.79	0.745	0.283	0.676	3.515	7.97	7.294	2.648	1.762	119.838	0.992362	0.15	0.03072	-20.551	-20.713
SPAC23H4.16c	not11	viable	V	0.735	0.123	5.13	5.494	8.131	12.268	6.773	7.326	0.27	15.035	0.712602	0.244	0.194022	-13.755	-13.917
SPAC23H4.17c	srb10	viable	V	0.512	0.018	-0.0	1.745	14.365	34.168	32.424	10.512	0.188	7.167	0.821294	0.067	0.144161	-31.866	-32.028
SPAC23H4.18c	rbx1	inviable	E	4.831	0.514	0.596	1.171	5.325	11.843	10.673	4.057	1.777	110.985	0.994936	0.124	0.025394	-23.213	-23.376
SPAC23H4.21	SPAC23H4.21	unknown	Not_determined	-0.145	0.005	0.0	1.937	15.949	37.936	35.999	11.671	-0.053	-0.032	0.011496	0.067	0.289052	-31.891	-32.053
SPAC24B11.05	SPAC24B11.05	viable	V	0.008	-0.001	0.0	0.364	3.001	7.138	6.773	2.196	0.003	0.0	-3.687494	0.102	0.735812	-25.921	-26.083
SPAC24B11.06c	sty1	viable	V	1.498	0.104	4.591	5.467	11.803	21.745	16.278	9.869	0.551	24.386	0.99228	0.048	0.030661	-36.624	-36.786
SPAC24B11.07c	SPAC24B11.07c	viable	V	1.921	0.322	-0.0	0.364	3.001	7.138	6.773	2.196	0.707	49.084	0.047744	0.78	0.291089	2.529	2.367
SPAC24B11.09	mpc2	viable	V	2.446	0.229	-0.0	0.653	5.38	12.796	12.142	3.937	0.9	55.723	0.869425	0.293	0.116977	-11.185	-11.347
SPAC24B11.10c	cfh1	viable	V	1.038	0.119	1.971	2.505	6.369	12.434	9.929	5.19	0.382	22.85	0.72907	0.23	0.18081	-14.587	-14.749
SPAC24B11.11c	sid2	inviable	E	4.616	0.742	2.117	2.497	5.246	9.559	7.062	4.406	1.698	107.684	0.996035	0.115	0.02411	-24.229	-24.391
SPAC24B11.12c	dnf2	viable	V	1.07	0.118	0.194	0.746	4.739	11.005	10.259	3.52	0.394	25.224	0.991073	0.036	0.034307	-40.398	-40.56
SPAC24B11.13	hem3	viable	V	5.23	0.653	1.04	1.528	5.064	10.612	9.084	3.985	1.924	122.182	0.989128	0.205	0.037219	-16.199	-16.361
SPAC24B11.14	SPAC24B11.14	unknown	Not_determined	0.402	0.038	0.0	0.638	5.256	12.503	11.865	3.847	0.148	9.205	0.210813	0.271	0.27439	-12.288	-12.45
SPAC24C9.03	mvd1	inviable	E	3.285	0.55	-0.0	0.364	3.001	7.138	6.773	2.196	1.208	83.94	0.965626	0.209	0.066445	-15.922	-16.085
SPAC24C9.04	med9	inviable	E	1.04	0.139	7.606	8.065	11.381	16.585	8.52	10.369	0.383	17.783	0.973202	0.073	0.061892	-30.66	-30.822
SPAC24C9.06c	aco1	inviable	E	4.045	0.488	1.232	1.738	5.399	11.143	9.405	4.281	1.488	93.074	0.997937	0.069	0.01682	-31.459	-31.621
SPAC24C9.07c	bgs2	viable	V	0.344	0.058	0.0	0.364	3.001	7.138	6.773	2.196	0.126	8.78	0.685659	0.083	0.181739	-28.805	-28.967
SPAC24C9.08	cps1	viable	V	0.757	0.127	4.317	4.682	7.318	11.455	6.773	6.513	0.278	16.099	0.818981	0.166	0.169842	-19.175	-19.337
SPAC24C9.09	SPAC24C9.09	inviable	E	4.308	0.694	4.834	5.213	7.956	12.261	7.047	7.119	1.585	88.838	0.996043	0.113	0.02609	-24.558	-24.72
SPAC24C9.10c	mrp4	inviable	E	4.27	0.337	1.05	1.824	7.428	16.222	14.398	5.717	1.571	88.146	0.809841	0.72	0.17131	1.398	1.236
SPAC24C9.11	sgd1	inviable	E	4.672	0.783	0.791	1.156	3.792	7.929	6.773	2.987	1.719	115.837	0.996271	0.106	0.021795	-25.486	-25.648
SPAC24C9.12c	shm1	viable	V	0.565	0.029	0.0	1.208	9.945	23.655	22.447	7.278	0.208	10.067	0.742232	0.101	0.190605	-26.12	-26.283
SPAC24C9.14	otu1	viable	V	0.107	-0.011	0.0	0.59	4.86	11.559	10.969	3.556	0.04	0.007	-0.272781	0.165	0.404975	-19.24	-19.402
SPAC24C9.15c	spn5	viable	V	-0.492	-0.055	0.0	0.548	4.51	10.726	10.179	3.3	-0.181	-11.713	0.972714	0.029	0.055653	-43.785	-43.948
SPAC24C9.16c	cox8	viable	V	2.041	0.089	9.127	10.527	20.655	36.548	26.021	17.563	0.751	17.664	0.785727	0.26	0.144776	-12.858	-13.02
SPAC24H6.01c	gup1	inviable	E	4.532	0.586	1.794	2.266	5.681	11.04	8.773	4.639	1.667	103.224	0.996271	0.107	0.023099	-25.284	-25.446
SPAC24H6.02c	zim17	viable	V	0.494	0.029	1.449	2.504	10.133	22.106	19.602	7.804	0.182	8.77	0.155064	0.411	0.300945	-6.445	-6.607
SPAC24H6.03	cul3	viable	V	0.397	0.054	0.0	0.448	3.691	8.78	8.332	2.701	0.146	9.823	0.837133	0.063	0.129232	-32.604	-32.767
SPAC24H6.04	hxk1	viable	V	2.063	0.09	9.044	10.449	20.614	36.564	26.115	17.511	0.759	17.94	0.877779	0.182	0.108898	-17.863	-18.026
SPAC24H6.05	cdc25	inviable	E	3.887	0.506	0.118	0.588	3.983	9.31	8.722	2.946	1.43	94.976	0.989653	0.141	0.034792	-21.459	-21.622
SPAC24H6.06	sld3	inviable	E	3.803	0.637	-0.0	0.364	3.001	7.138	6.773	2.196	1.399	97.18	0.983244	0.17	0.043599	-18.844	-19.006
SPAC24H6.08	SPAC24H6.08	viable	V	0.642	0.108	1.485	1.85	4.486	8.623	6.773	3.681	0.236	15.475	0.315831	0.4	0.27034	-6.843	-7.006
SPAC24H6.09	gef1	viable	V	0.41	0.069	-0.0	0.364	3.001	7.138	6.773	2.196	0.151	10.471	0.691238	0.086	0.169739	-28.311	-28.473
SPAC24H6.10c	aro4	viable	V	-0.996	-0.167	5.107	5.471	8.108	12.245	6.773	7.303	-0.366	-20.399	0.489872	0.42	0.259765	-6.161	-6.323
SPAC24H6.11c	vsb1	viable	V	-0.389	-0.065	0.0	0.364	3.001	7.138	6.773	2.196	-0.143	-9.936	0.779845	0.071	0.159463	-31.039	-31.201
SPAC24H6.12c	uba3	inviable	E	4.364	0.659	4.029	4.433	7.356	11.944	7.511	6.464	1.605	92.467	0.986694	0.207	0.046902	-16.052	-16.214
SPAC24H6.13	SPAC24H6.13	viable	V	1.179	0.04	2.296	4.113	17.258	37.885	33.772	13.245	0.434	13.957	0.980108	0.043	0.043828	-38.053	-38.215
SPAC25A8.01c	fft3	condition-dependent	V	2.297	0.196	4.215	4.93	10.103	18.221	13.291	8.524	0.845	41.537	0.96106	0.167	0.075126	-19.037	-19.2
SPAC25A8.02	atg14	viable	V	1.942	0.31	0.145	0.528	3.3	7.648	7.12	2.454	0.715	49.022	0.817568	0.323	0.133518	-9.817	-9.979
SPAC25A8.03c	SPAC25A8.03c	viable	V	0.192	0.032	2.176	2.54	5.177	9.314	6.773	4.372	0.071	4.508	0.331554	0.151	0.233715	-20.49	-20.652
SPAC25B8.02	sds3	inviable	E	3.676	0.269	2.157	2.991	9.017	18.474	15.483	7.177	1.352	69.962	0.998876	0.043	0.011945	-37.915	-38.078
SPAC25B8.03	psd2	viable	V	0.642	0.108	0.0	0.364	3.001	7.138	6.773	2.196	0.236	16.414	0.651162	0.169	0.193802	-18.923	-19.085
SPAC25B8.04c	mss51	viable	V	0.931	0.156	0.922	1.287	3.923	8.06	6.773	3.118	0.343	22.967	0.840854	0.154	0.135181	-20.194	-20.356
SPAC25B8.05	deg1	viable	V	2.611	0.15	0.0	1.065	8.767	20.854	19.789	6.416	0.961	49.624	0.971501	0.14	0.054577	-21.499	-21.662
SPAC25B8.06c	dia4	condition-dependent	E	3.544	0.369	3.019	3.606	7.849	14.508	10.902	6.554	1.304	72.556	0.974121	0.225	0.059125	-14.885	-15.047
SPAC25B8.07c	rcf1	viable	V	-1.0	-0.168	17.265	17.63	20.266	24.403	6.773	19.461	-0.368	-8.358	0.668291	0.284	0.177538	-11.611	-11.773
SPAC25B8.08	SPAC25B8.08	viable	V	0.355	0.059	0.812	1.177	3.813	7.95	6.773	3.008	0.13	8.784	0.641979	0.11	0.224697	-24.946	-25.108
SPAC25B8.09	SPAC25B8.09	viable	V	-0.544	0.017	0.0	1.957	16.116	38.334	36.377	11.794	-0.2	-0.12	-0.004194	0.209	0.307733	-15.919	-16.081
SPAC25B8.10	SPAC25B8.10	viable	V	-0.844	-0.141	2.691	3.056	5.692	9.829	6.773	4.887	-0.311	-19.337	0.596356	0.335	0.209705	-9.297	-9.46
SPAC25B8.11	SPAC25B8.11	viable	V	0.03	-0.002	1.218	2.25	9.716	21.43	19.18	7.437	0.011	0.007	-0.528375	0.203	0.413979	-16.334	-16.496
SPAC25B8.12c	SPAC25B8.12c	viable	Not_determined	5.1	0.388	0.736	1.538	7.341	16.447	14.909	5.569	1.876	105.5	0.924467	0.496	0.103926	-3.81	-3.972
SPAC25B8.13c	isp7	viable	V	0.395	0.066	0.616	0.98	3.617	7.754	6.773	2.812	0.145	9.863	0.715599	0.099	0.214383	-26.34	-26.503
SPAC25B8.14	mal2	inviable	E	4.664	0.504	2.618	3.183	7.274	13.692	10.508	6.025	1.716	98.267	0.984022	0.226	0.050673	-14.846	-15.008
SPAC25B8.15c	tyw3	viable	V	2.494	0.212	0.849	1.566	6.751	14.887	13.322	5.168	0.917	53.31	0.818594	0.412	0.146884	-6.429	-6.591
SPAC25B8.16	pop100	inviable	E	4.653	0.672	0.265	0.688	3.747	8.549	7.861	2.813	1.712	115.113	0.966962	0.306	0.063075	-10.568	-10.73
SPAC25B8.17	ypf1	viable	V	0.584	0.098	-0.0	0.364	3.001	7.138	6.773	2.196	0.215	14.926	0.053141	0.675	0.324712	0.492	0.33
SPAC25B8.19c	loz1	viable	V	1.775	0.297	5.585	5.95	8.586	12.723	6.773	7.781	0.653	35.524	0.760378	0.409	0.172404	-6.53	-6.693
SPAC25B8.20	smp1	viable	Not_determined	1.525	0.256	-0.0	0.364	3.001	7.138	6.773	2.196	0.561	38.982	-0.002609	1.048	0.393647	6.66	6.498
SPAC25G10.02	cce1	viable	V	0.502	0.016	1.145	3.032	16.685	38.11	35.078	12.517	0.185	6.19	0.437921	0.17	0.233614	-18.802	-18.964
SPAC25G10.03	zip1	condition-dependent	V	3.999	0.387	-0.0	0.63	5.191	12.346	11.716	3.798	1.471	91.986	0.918086	0.404	0.088379	-6.696	-6.858
SPAC25G10.04c	rec10	viable	V	-0.053	0.009	-0.0	0.364	3.001	7.137	6.773	2.196	-0.02	-0.002	-0.04908	0.08	0.310677	-29.333	-29.495
SPAC25G10.05c	his1	viable	V	0.468	0.026	0.0	1.111	9.148	21.759	20.648	6.695	0.172	8.71	0.917299	0.043	0.097794	-38.138	-38.3
SPAC25G10.06	rps2801	viable	V	4.784	0.471	-0.0	0.62	5.104	12.141	11.521	3.735	1.76	110.522	0.984399	0.207	0.043092	-16.058	-16.22
SPAC25G10.07c	cut7	condition-dependent	E	3.537	0.569	0.299	0.678	3.423	7.729	7.051	2.585	1.301	88.872	0.980286	0.179	0.048684	-18.096	-18.258
SPAC25G10.08	tif302	inviable	E	4.284	0.718	-0.0	0.364	3.001	7.138	6.773	2.196	1.576	109.477	0.943715	0.34	0.076201	-9.103	-9.265
SPAC25G10.09c	pan1	viable	V	3.975	0.546	0.859	1.304	4.521	9.57	8.265	3.539	1.462	95.245	0.996968	0.081	0.020292	-29.178	-29.341
SPAC25H1.02	jmj1	viable	V	0.8	0.134	-0.0	0.364	3.001	7.138	6.773	2.196	0.294	20.455	0.459079	0.24	0.245918	-13.993	-14.155
SPAC25H1.04	mug105	viable	V	0.183	-0.028	0.0	0.393	3.238	7.701	7.308	2.369	0.067	0.008	-0.623464	0.319	0.438638	-10.001	-10.163
SPAC25H1.05	meu29	viable	V	2.301	0.173	0.797	1.611	7.498	16.736	15.124	5.701	0.846	47.215	0.922382	0.229	0.095056	-14.614	-14.776
SPAC25H1.06	pcf3	viable	V	1.123	0.188	1.541	1.905	4.542	8.679	6.773	3.737	0.413	27.002	0.620427	0.371	0.206701	-7.888	-8.051
SPAC25H1.07	emc1	viable	V	1.512	0.059	6.383	7.951	19.291	37.085	29.134	15.829	0.556	15.068	0.941416	0.094	0.077049	-27.08	-27.242
SPAC25H1.08c	sqt1	inviable	E	2.838	0.475	1.419	1.783	4.419	8.556	6.773	3.615	1.044	68.598	0.711409	0.668	0.182217	0.352	0.189
SPAC25H1.09	mde5	viable	V	0.8	-0.028	0.0	1.771	14.585	34.692	32.921	10.673	0.294	0.16	-8.7e-05	0.444	0.322166	-5.369	-5.531
SPAC25H1.10c	atp19	viable	Not_determined	1.475	0.247	-0.0	0.364	3.001	7.138	6.773	2.196	0.542	37.682	0.318711	0.714	0.256464	1.289	1.126
SPAC26A3.01	sxa1	viable	V	0.663	0.111	3.032	3.396	6.033	10.17	6.773	5.228	0.244	14.967	0.526837	0.242	0.255044	-13.847	-14.009
SPAC26A3.02	myh1	viable	V	0.934	0.157	4.168	4.533	7.169	11.306	6.773	6.364	0.344	20.018	0.97219	0.066	0.068781	-32.003	-32.166
SPAC26A3.03c	rmi1	inviable	E	3.091	0.518	2.439	2.804	5.44	9.577	6.773	4.635	1.137	71.584	0.976386	0.2	0.061681	-16.508	-16.671
SPAC26A3.05	chc1	inviable	E	3.434	0.575	0.142	0.506	3.143	7.279	6.773	2.338	1.263	87.295	0.990579	0.119	0.03368	-23.838	-24.0
SPAC26A3.06	bud23	viable	V	1.547	0.087	1.472	2.562	10.444	22.813	20.251	8.038	0.569	26.989	0.577348	0.459	0.232188	-4.901	-5.063
SPAC26A3.09c	rga2	viable	V	0.567	0.095	3.888	4.253	6.889	11.026	6.773	6.084	0.208	12.299	0.835701	0.112	0.163692	-24.695	-24.857
SPAC26A3.10	cnt6	viable	V	-1.0	0.031	0.0	1.957	16.116	38.334	36.377	11.794	-0.368	-0.221	-0.770833	0.158	0.406034	-19.837	-19.999
SPAC26A3.11	SPAC26A3.11	viable	V	0.235	0.039	0.0	0.364	3.001	7.138	6.773	2.196	0.087	6.017	0.194202	0.201	0.338513	-16.481	-16.643
SPAC26A3.12c	dhp1	inviable	E	3.702	0.62	-0.0	0.364	3.001	7.138	6.773	2.196	1.362	94.61	0.989748	0.13	0.035074	-22.557	-22.719
SPAC26A3.14c	atg44	viable	V	1.381	0.043	-0.0	1.957	16.116	38.334	36.377	11.794	0.508	17.691	0.19874	0.505	0.319454	-3.563	-3.725
SPAC26A3.15c	nsp1	inviable	E	3.238	0.542	-0.0	0.364	3.001	7.138	6.773	2.196	1.191	82.742	0.937225	0.269	0.083144	-12.371	-12.533
SPAC26A3.16	dsk2	viable	V	0.078	-0.004	0.0	1.323	10.894	25.912	24.589	7.972	0.029	0.012	-1.088572	0.162	0.545595	-19.479	-19.641
SPAC26A3.17c	rmt2	viable	V	0.925	0.08	0.0	0.71	5.842	13.896	13.186	4.275	0.34	20.586	0.680579	0.216	0.175957	-15.461	-15.624
SPAC26F1.01	sec74	viable	V	-1.0	0.034	2.281	4.099	17.251	37.888	33.789	13.236	-0.368	-0.403	-0.934119	0.379	0.500959	-7.593	-7.756
SPAC26F1.02	pnn1	viable	V	0.917	0.154	-0.0	0.364	3.001	7.138	6.773	2.196	0.337	23.43	0.528877	0.214	0.215115	-15.568	-15.731
SPAC26F1.03	pda1	inviable	E	4.911	0.364	0.765	1.589	7.551	16.906	15.317	5.731	1.807	100.455	0.984539	0.21	0.043992	-15.868	-16.031
SPAC26F1.04c	etr1	viable	V	3.884	0.495	11.684	12.163	15.632	21.075	8.912	14.573	1.429	49.864	0.997576	0.068	0.017361	-31.585	-31.747
SPAC26F1.05	mug106	viable	V	0.619	0.104	-0.0	0.364	3.001	7.138	6.773	2.196	0.228	15.823	0.277844	0.353	0.333476	-8.559	-8.721
SPAC26F1.06	gpm1	inviable	E	5.341	0.895	-0.0	0.364	3.001	7.138	6.773	2.196	1.965	136.474	0.980191	0.262	0.0485	-12.736	-12.899
SPAC26F1.07	SPAC26F1.07	viable	V	0.327	0.055	1.091	1.455	4.091	8.228	6.773	3.287	0.12	8.022	0.460941	0.13	0.268838	-22.579	-22.742
SPAC26F1.08c	SPAC26F1.08c	viable	V	0.566	0.069	0.0	0.501	4.126	9.815	9.314	3.02	0.208	13.722	0.583363	0.165	0.212547	-19.267	-19.429
SPAC26F1.09	gyp51	viable	V	0.942	0.057	0.0	1.005	8.268	19.665	18.66	6.05	0.346	18.396	0.892741	0.108	0.118411	-25.099	-25.261
SPAC26F1.10c	pyp1	viable	V	2.148	0.102	-0.0	1.285	10.581	25.167	23.882	7.743	0.79	36.922	0.921327	0.168	0.081975	-19.01	-19.172
SPAC26F1.11	SPAC26F1.11	unknown	Not_determined	0.506	0.085	0.587	0.951	3.587	7.724	6.773	2.783	0.186	12.656	0.163841	0.435	0.313982	-5.638	-5.8
SPAC26F1.12c	hgh1	viable	V	0.744	0.034	0.0	1.347	11.087	26.371	25.024	8.114	0.274	12.431	0.982264	0.03	0.0457	-42.89	-43.052
SPAC26F1.13c	lrs1	inviable	E	3.967	0.665	-0.0	0.364	3.001	7.138	6.773	2.196	1.459	101.368	0.929435	0.369	0.087269	-7.939	-8.101
SPAC26F1.14c	aif1	viable	V	1.726	0.205	1.017	1.532	5.257	11.103	9.571	4.12	0.635	39.92	0.625872	0.473	0.240951	-4.489	-4.651
SPAC26H5.02c	mgs1	viable	V	0.505	0.021	0.0	1.442	11.87	28.233	26.791	8.686	0.186	8.078	0.606245	0.136	0.209174	-21.957	-22.119
SPAC26H5.03	pcf2	viable	V	0.798	0.025	-0.0	1.957	16.116	38.334	36.377	11.794	0.293	10.222	0.712398	0.112	0.15657	-24.617	-24.779
SPAC26H5.04	gid5	viable	V	1.308	0.155	1.732	2.246	5.966	11.803	9.557	4.83	0.481	29.356	0.859301	0.209	0.147876	-15.89	-16.052
SPAC26H5.05	mga2	viable	V	3.297	0.237	1.839	2.69	8.841	18.495	15.805	6.963	1.213	63.253	0.985998	0.135	0.043029	-22.019	-22.181
SPAC26H5.06	pot1	condition-dependent	E	4.086	0.418	3.83	4.426	8.742	15.514	11.088	7.425	1.503	79.949	0.997855	0.073	0.018199	-30.601	-30.763
SPAC26H5.07c	SPAC26H5.07c	viable	V	0.308	0.01	0.0	1.957	16.116	38.334	36.377	11.794	0.113	3.95	0.095522	0.119	0.333976	-23.813	-23.975
SPAC26H5.09c	SPAC26H5.09c	viable	V	0.817	0.137	-0.0	0.364	3.001	7.138	6.773	2.196	0.3	20.871	0.575718	0.186	0.200945	-17.542	-17.705
SPAC26H5.10c	tif51	viable	V	0.13	-0.019	-0.0	0.427	3.519	8.371	7.943	2.575	0.048	0.006	-0.010008	0.288	0.345831	-11.44	-11.602
SPAC26H5.11	mug56	viable	V	0.571	0.081	0.977	1.409	4.531	9.43	8.022	3.578	0.21	13.694	0.834068	0.101	0.139987	-26.165	-26.327
SPAC26H5.12	rpo41	inviable	E	4.302	0.67	1.748	2.14	4.978	9.43	7.29	4.111	1.583	101.459	0.997077	0.091	0.020728	-27.554	-27.716
SPAC26H5.13c	kei1	inviable	E	3.613	0.605	-0.0	0.364	3.001	7.138	6.773	2.196	1.329	92.328	0.802231	0.52	0.151497	-3.148	-3.311
SPAC27D7.02c	grp1	viable	V	0.788	0.132	6.13	6.495	9.131	13.268	6.773	8.326	0.29	15.337	0.858601	0.13	0.146567	-22.578	-22.741
SPAC27D7.03c	mei2	viable	V	-0.832	-0.139	2.223	2.588	5.226	9.367	6.779	4.421	-0.306	-19.433	0.942118	0.085	0.085746	-28.473	-28.636
SPAC27D7.04	omt2	viable	V	0.683	0.114	3.224	3.589	6.225	10.362	6.773	5.42	0.251	15.282	0.589829	0.254	0.222593	-13.199	-13.362
SPAC27D7.05c	apc14	viable	V	0.218	0.036	0.0	0.364	3.001	7.138	6.773	2.196	0.08	5.562	0.093935	0.25	0.309239	-13.433	-13.595
SPAC27D7.06	etf1	viable	V	-0.079	0.013	0.0	0.364	3.001	7.138	6.773	2.196	-0.029	-0.003	-0.005136	0.91	0.315259	4.682	4.52
SPAC27D7.08c	mtl16	viable	V	1.248	0.064	5.419	6.613	15.249	28.799	22.187	12.612	0.459	16.23	0.962427	0.079	0.06637	-29.587	-29.749
SPAC27D7.11c	SPAC27D7.11c	viable	V	0.431	0.044	1.219	1.823	6.194	13.053	11.23	4.859	0.159	9.525	0.674028	0.118	0.207547	-23.957	-24.119
SPAC27D7.12c	but1	viable	V	0.382	0.028	0.0	0.839	6.907	16.428	15.59	5.054	0.14	8.028	0.621222	0.107	0.215088	-25.274	-25.436
SPAC27D7.13c	ssm4	viable	V	-0.118	0.004	0.0	1.934	15.924	37.878	35.944	11.653	-0.043	-0.026	-0.07881	0.106	0.370921	-25.458	-25.621
SPAC27D7.14c	tpr1	viable	V	3.903	0.326	1.425	2.155	7.437	15.724	13.569	5.824	1.436	80.77	0.991105	0.132	0.034649	-22.374	-22.536
SPAC27E2.01	SPAC27E2.01	viable	V	0.276	0.013	0.0	1.331	10.958	26.065	24.734	8.019	0.101	4.639	0.597075	0.062	0.253172	-33.037	-33.2
SPAC27E2.02	yih1	viable	V	0.364	0.061	-0.0	0.364	3.001	7.138	6.773	2.196	0.134	9.293	0.488641	0.11	0.235832	-24.885	-25.047
SPAC27E2.03c	ola1	viable	V	3.017	0.216	-0.0	0.854	7.035	16.733	15.878	5.148	1.11	63.038	0.880297	0.348	0.116973	-8.778	-8.94
SPAC27E2.04c	mug155	unknown	Not_determined	-0.059	0.003	0.0	1.167	9.608	22.853	21.686	7.031	-0.022	-0.008	-0.694774	0.079	0.459961	-29.516	-29.679
SPAC27E2.05	cdc1	inviable	E	4.265	0.715	0.478	0.843	3.479	7.616	6.773	2.674	1.569	107.055	0.993738	0.122	0.027937	-23.407	-23.569
SPAC27E2.06c	msm1	inviable	E	4.468	0.749	6.277	6.642	9.278	13.415	6.773	8.473	1.644	86.321	0.997815	0.091	0.019951	-27.628	-27.79
SPAC27E2.07	pvg2	viable	V	0.107	-0.018	0.0	0.364	3.001	7.138	6.773	2.196	0.039	0.004	-0.135417	0.155	0.365371	-20.108	-20.27
SPAC27E2.08	Tf2-6	unknown	Not_determined	-0.482	-0.081	-0.0	0.364	3.001	7.138	6.773	2.196	-0.177	-12.32	-0.175737	0.384	0.334673	-7.392	-7.554
SPAC27E2.09	mak2	viable	V	0.379	-0.012	0.0	1.913	15.752	37.468	35.555	11.527	0.139	0.082	0.006356	0.205	0.314325	-16.212	-16.374
SPAC27E2.10c	rfc3	inviable	E	3.87	0.525	2.807	3.257	6.514	11.625	8.368	5.52	1.424	85.03	0.988204	0.166	0.042596	-19.13	-19.293
SPAC27E2.12	SPAC27E2.12	viable	Not_determined	-0.101	-0.015	0.0	0.405	3.336	7.934	7.529	2.441	-0.037	-2.548	0.159193	0.095	0.273977	-26.984	-27.147
SPAC27E2.14	SPAC27E2.14	unknown	Not_determined	-0.005	0.001	-0.0	0.484	3.984	9.475	8.991	2.915	-0.002	-0.0	-1.959297	0.11	0.615959	-24.869	-25.031
SPAC27F1.02c	cdc8	inviable	E	4.429	0.433	1.424	2.049	6.566	13.655	11.606	5.187	1.629	96.067	0.995676	0.108	0.024327	-25.186	-25.348
SPAC27F1.04c	nuf2	inviable	E	3.346	0.561	0.929	1.294	3.93	8.067	6.773	3.125	1.231	82.513	0.992427	0.109	0.032381	-25.018	-25.18
SPAC27F1.05c	SPAC27F1.05c	viable	V	0.454	0.076	0.0	0.364	3.001	7.138	6.773	2.196	0.167	11.608	0.867677	0.063	0.123687	-32.742	-32.904
SPAC27F1.06c	ani2	viable	V	1.221	0.204	10.114	10.478	13.115	17.251	6.773	12.31	0.449	18.897	0.569389	0.472	0.21282	-4.516	-4.678
SPAC27F1.07	ost1	inviable	E	5.092	0.84	1.117	1.488	4.166	8.369	6.881	3.348	1.873	124.334	0.988544	0.207	0.038502	-16.07	-16.232
SPAC27F1.08	pdt1	viable	V	0.877	0.034	6.002	7.593	19.101	37.159	29.566	15.588	0.322	8.89	0.769519	0.13	0.164342	-22.564	-22.726
SPAC27F1.09c	prp10	inviable	E	4.222	0.707	-0.0	0.364	3.001	7.138	6.773	2.196	1.553	107.89	0.975407	0.225	0.054134	-14.905	-15.067
SPAC27F1.10	SPAC27F1.10	viable	V	1.355	0.227	1.781	2.146	4.782	8.919	6.773	3.977	0.499	32.276	0.613081	0.441	0.208567	-5.452	-5.614
SPAC29A4.02c	SPAC29A4.02c	viable	V	0.289	0.048	3.055	3.42	6.056	10.193	6.773	5.251	0.106	6.522	0.481259	0.17	0.208921	-18.785	-18.947
SPAC29A4.03c	mrps9	inviable	E	3.796	0.481	3.657	4.139	7.626	13.098	8.959	6.562	1.397	79.048	0.991767	0.136	0.035632	-21.887	-22.049
SPAC29A4.04c	cbf5	inviable	E	5.069	0.849	0.464	0.829	3.465	7.602	6.773	2.66	1.865	127.292	0.907695	0.577	0.099373	-1.695	-1.857
SPAC29A4.06c	SPAC29A4.06c	inviable	E	3.789	0.547	0.087	0.509	3.567	8.364	7.855	2.633	1.394	94.406	0.950118	0.307	0.075853	-10.516	-10.679
SPAC29A4.07	srb6	inviable	E	4.235	0.586	3.484	3.925	7.114	12.118	8.193	6.141	1.558	90.559	0.998221	0.073	0.017344	-30.612	-30.774
SPAC29A4.08c	prp19	inviable	E	4.504	0.755	0.885	1.249	3.886	8.023	6.773	3.081	1.657	111.261	0.998439	0.066	0.014372	-32.027	-32.189
SPAC29A4.09	rrp17	viable	V	3.421	0.378	2.466	3.018	7.017	13.293	10.274	5.797	1.259	73.008	0.880923	0.471	0.119339	-4.547	-4.709
SPAC29A4.10	rrn5	inviable	E	3.296	0.402	0.555	1.056	4.681	10.368	9.311	3.574	1.213	78.168	0.994644	0.088	0.026563	-28.051	-28.213
SPAC29A4.11	rga3	viable	V	-0.703	0.022	0.0	1.935	15.932	37.896	35.961	11.659	-0.258	-0.153	-3.065605	0.198	0.632564	-16.673	-16.836
SPAC29A4.12c	mug108	viable	V	-0.376	0.063	10.764	11.128	13.764	17.901	6.773	12.96	-0.138	-2.762	0.183303	0.327	0.296746	-9.649	-9.811
SPAC29A4.14c	pex3	viable	V	0.62	0.104	-0.0	0.364	3.001	7.138	6.773	2.196	0.228	15.835	0.168271	0.325	0.32199	-9.754	-9.916
SPAC29A4.15	srs1	inviable	E	3.891	0.652	-0.0	0.364	3.001	7.138	6.773	2.196	1.431	99.436	0.987226	0.152	0.040145	-20.36	-20.523
SPAC29A4.16	hal4	condition-dependent	V	1.766	0.141	0.0	0.765	6.301	14.988	14.223	4.611	0.65	38.371	0.950678	0.134	0.078111	-22.159	-22.322
SPAC29A4.17c	fun14	viable	V	2.118	-0.066	0.0	1.957	16.116	38.334	36.377	11.794	0.779	0.468	-0.280539	0.335	0.338325	-9.313	-9.475
SPAC29A4.18	prw1	condition-dependent	V	4.792	0.317	3.378	4.3	10.971	21.438	17.138	8.934	1.763	81.748	0.995409	0.111	0.024066	-24.815	-24.978
SPAC29A4.19c	cta5	viable	V	-0.007	0.001	0.0	0.687	5.656	13.454	12.767	4.139	-0.003	-0.001	-0.000472	0.115	0.314077	-24.324	-24.486
SPAC29A4.20	elp3	viable	V	4.252	0.374	0.276	0.969	5.986	13.858	12.889	4.454	1.564	94.146	0.993052	0.124	0.028745	-23.26	-23.422
SPAC29A4.23	SPAC29A4.23	unknown	Not_determined	0.26	0.03	0.0	0.533	4.393	10.448	9.915	3.214	0.096	6.214	0.555944	0.089	0.224741	-27.798	-27.96
SPAC29B12.01	ino80	inviable	E	3.738	0.403	1.086	1.653	5.753	12.186	10.533	4.501	1.375	84.368	0.995373	0.094	0.025463	-27.166	-27.328
SPAC29B12.02c	set2	viable	V	1.711	0.108	0.217	1.184	8.184	19.167	17.983	6.047	0.63	33.652	0.960996	0.113	0.069279	-24.483	-24.645
SPAC29B12.03	spd1	viable	V	0.179	0.008	0.0	1.335	10.992	26.145	24.81	8.044	0.066	3.006	0.650918	0.04	0.251183	-39.174	-39.337
SPAC29B12.04	snz1	viable	V	5.011	0.399	0.972	1.74	7.291	16.003	14.263	5.596	1.843	104.142	0.977678	0.262	0.053016	-12.751	-12.914
SPAC29B12.05c	mtq1	viable	V	0.288	0.011	0.0	1.579	13.002	30.925	29.346	9.514	0.106	4.336	0.672569	0.07	0.214949	-31.301	-31.463
SPAC29B12.06c	rcd1	viable	V	0.997	0.131	6.224	6.688	10.04	15.3	8.612	9.017	0.367	18.384	0.996873	0.023	0.023732	-46.699	-46.861
SPAC29B12.07	sec16	inviable	E	3.77	0.632	0.27	0.635	3.271	7.408	6.773	2.466	1.387	95.388	0.990827	0.13	0.032932	-22.607	-22.77
SPAC29B12.08	clr5	viable	V	0.7	0.117	7.245	7.609	10.246	14.383	6.773	9.441	0.257	12.838	0.678948	0.238	0.184008	-14.08	-14.242
SPAC29B12.10c	pgt1	viable	V	-0.058	0.003	0.0	1.334	10.986	26.131	24.797	8.039	-0.021	-0.009	-0.007545	0.069	0.286732	-31.527	-31.689
SPAC29B12.11c	SPAC29B12.11c	viable	V	0.001	-0.0	0.0	0.364	2.995	7.124	6.76	2.192	0.001	0.0	-1.829355	0.129	0.561694	-22.712	-22.874
SPAC29B12.12	hot13	viable	V	-0.647	0.037	0.0	1.072	8.827	20.996	19.924	6.46	-0.238	-0.078	-0.9472	0.243	0.541785	-13.791	-13.953
SPAC29B12.14c	SPAC29B12.14c	viable	V	-0.003	0.0	0.0	0.541	4.452	10.59	10.049	3.258	-0.001	-0.0	-0.000747	0.079	0.314238	-29.559	-29.721
SPAC29E6.01	pof11	viable	V	0.206	0.035	0.526	0.89	3.526	7.663	6.773	2.722	0.076	5.168	0.153084	0.232	0.268061	-14.446	-14.608
SPAC29E6.02	prp3	inviable	E	3.992	0.669	0.157	0.521	3.158	7.295	6.773	2.353	1.469	101.423	0.992599	0.122	0.029924	-23.435	-23.597
SPAC29E6.03c	uso1	inviable	E	4.256	0.713	0.056	0.421	3.057	7.194	6.773	2.252	1.566	108.526	0.989094	0.157	0.036723	-19.902	-20.065
SPAC29E6.04	nnf1	inviable	E	4.813	0.758	2.172	2.559	5.364	9.764	7.205	4.508	1.771	111.673	0.995121	0.133	0.027287	-22.221	-22.383
SPAC29E6.05c	mxr1	viable	V	-1.0	-0.168	-0.0	0.364	3.001	7.138	6.773	2.196	-0.368	-25.554	0.307796	0.457	0.259106	-4.969	-5.131
SPAC29E6.06c	SPAC29E6.06c	inviable	E	4.69	0.786	-0.0	0.364	3.001	7.138	6.773	2.196	1.726	119.862	0.981889	0.218	0.046258	-15.34	-15.502
SPAC29E6.07	SPAC29E6.07	viable	V	1.113	0.186	-0.0	0.364	3.001	7.138	6.773	2.196	0.409	28.441	0.26324	0.522	0.309677	-3.09	-3.252
SPAC29E6.08	tbp1	inviable	E	4.502	0.754	-0.0	0.364	3.001	7.138	6.773	2.196	1.656	115.05	0.958514	0.317	0.070502	-10.079	-10.241
SPAC29E6.09	SPAC29E6.09	viable	V	0.063	-0.008	-0.0	0.464	3.821	9.088	8.624	2.796	0.023	0.003	-0.016515	0.159	0.344346	-19.767	-19.929
SPAC29E6.10c	nst1	viable	V	1.994	0.126	-0.0	0.969	7.982	18.987	18.018	5.842	0.734	39.578	0.979527	0.092	0.047304	-27.431	-27.594
SPAC2C4.03c	smd2	inviable	E	2.902	0.486	-0.0	0.364	3.001	7.138	6.773	2.196	1.068	74.168	0.924683	0.28	0.095062	-11.819	-11.981
SPAC2C4.04c	aim29	inviable	E	4.665	0.532	1.39	1.926	5.799	11.877	9.951	4.617	1.716	105.292	0.994976	0.124	0.027323	-23.235	-23.397
SPAC2C4.05	cor1	viable	V	0.696	0.117	-0.0	0.364	3.001	7.138	6.773	2.196	0.256	17.798	0.00663	0.479	0.335605	-4.298	-4.46
SPAC2C4.06c	rcm1	viable	V	1.451	0.045	-0.0	1.957	16.116	38.334	36.377	11.794	0.534	18.591	0.835865	0.137	0.117154	-21.846	-22.008
SPAC2C4.07c	dis32	viable	V	-0.265	-0.008	0.0	1.957	16.116	38.334	36.377	11.794	-0.097	-3.396	0.32232	0.119	0.309125	-23.763	-23.925
SPAC2C4.08	SPAC2C4.08	viable	V	1.576	0.264	-0.0	0.364	3.001	7.138	6.773	2.196	0.58	40.274	0.593175	0.406	0.20058	-6.634	-6.797
SPAC2C4.09	SPAC2C4.09	viable	V	-0.323	0.01	-0.0	1.931	15.899	37.817	35.886	11.635	-0.119	-0.07	0.004906	0.175	0.332322	-18.364	-18.527
SPAC2C4.10c	csc4	viable	V	1.043	0.033	0.0	1.957	16.116	38.334	36.377	11.794	0.384	13.368	0.205223	0.408	0.298107	-6.547	-6.709
SPAC2C4.11c	pno1	inviable	E	4.233	0.709	-0.0	0.364	3.001	7.138	6.773	2.196	1.557	108.167	0.940885	0.345	0.083061	-8.887	-9.05
SPAC2C4.12c	tpt1	inviable	E	4.549	0.7	0.267	0.664	3.534	8.037	7.373	2.658	1.674	113.698	0.967852	0.295	0.061767	-11.071	-11.233
SPAC2C4.14c	ppk11	viable	V	1.255	0.21	12.317	12.681	15.318	19.455	6.773	14.513	0.462	16.667	0.572966	0.422	0.22165	-6.07	-6.233
SPAC2C4.15c	ubx2	viable	V	0.663	0.111	10.934	11.298	13.935	18.072	6.773	13.13	0.244	9.723	0.692067	0.168	0.174355	-18.967	-19.129
SPAC2C4.16c	rps801	viable	V	2.861	0.479	0.323	0.688	3.324	7.461	6.773	2.519	1.053	72.247	0.985293	0.125	0.043107	-23.101	-23.264
SPAC2C4.17c	msy2	viable	V	0.485	0.081	9.016	9.381	12.017	16.154	6.773	11.212	0.178	8.042	0.552735	0.222	0.226488	-15.059	-15.222
SPAC2E12.02	hsf1	inviable	E	4.041	0.677	0.012	0.377	3.013	7.15	6.773	2.208	1.487	103.214	0.990087	0.142	0.03423	-21.352	-21.514
SPAC2E12.03c	SPAC2E12.03c	viable	V	1.318	0.1	6.536	7.337	13.134	22.229	14.892	11.364	0.485	19.814	0.713697	0.332	0.191769	-9.455	-9.617
SPAC2E12.05	wtf1	unknown	Not_determined	0.728	0.106	0.901	1.322	4.367	9.146	7.825	3.437	0.268	17.587	0.622979	0.213	0.22572	-15.66	-15.822
SPAC2E1P3.01	SPAC2E1P3.01	viable	V	1.112	-0.035	-0.0	1.957	16.116	38.334	36.377	11.794	0.409	0.246	0.037497	0.143	0.302078	-21.24	-21.403
SPAC2E1P3.02c	amt3	viable	V	-0.573	0.018	-0.0	1.929	15.887	37.788	35.858	11.626	-0.211	-0.125	-3.319044	0.157	0.669716	-19.947	-20.109
SPAC2E1P3.04	cao1	viable	V	-0.5	-0.084	-0.0	0.364	3.001	7.138	6.773	2.196	-0.184	-12.784	0.717379	0.088	0.159627	-27.957	-28.119
SPAC2E1P5.01c	mns1	viable	V	0.723	0.121	3.876	4.24	6.877	11.014	6.773	6.072	0.266	15.699	0.879222	0.123	0.124219	-23.355	-23.517
SPAC2E1P5.03	erj5	viable	V	-0.025	0.002	0.0	0.687	5.659	13.46	12.772	4.141	-0.009	-0.002	-0.198059	0.113	0.320534	-24.586	-24.749
SPAC2E1P5.04c	cwg2	inviable	E	3.756	0.629	1.477	1.842	4.478	8.615	6.773	3.673	1.382	90.582	0.982465	0.195	0.050492	-16.879	-17.042
SPAC2E1P5.05	rrp9	inviable	E	4.895	0.811	0.509	0.877	3.543	7.725	6.848	2.729	1.801	122.518	0.997276	0.093	0.018495	-27.309	-27.471
SPAC2F3.01	imt1	viable	V	0.373	0.059	0.0	0.389	3.202	7.617	7.228	2.344	0.137	9.446	0.338856	0.184	0.268119	-17.725	-17.888
SPAC2F3.02	sec67	viable	V	1.187	0.085	-0.0	0.848	6.982	16.606	15.758	5.109	0.437	24.864	0.947541	0.089	0.072093	-27.908	-28.07
SPAC2F3.03c	rpa49	inviable	E	4.431	0.622	1.318	1.753	4.9	9.839	8.086	3.94	1.63	104.569	0.998601	0.063	0.014132	-32.698	-32.861
SPAC2F3.04c	rim1	inviable	E	4.013	0.328	6.746	7.493	12.9	21.385	13.891	11.25	1.476	61.389	0.995426	0.096	0.024337	-26.771	-26.933
SPAC2F3.05c	SPAC2F3.05c	viable	V	-0.057	0.002	0.0	1.42	11.691	27.808	26.388	8.555	-0.021	-0.009	-0.076853	0.189	0.294394	-17.302	-17.465
SPAC2F3.06c	kap104	condition-dependent	E	4.227	0.417	0.409	1.028	5.501	12.52	11.493	4.135	1.555	96.077	0.981558	0.204	0.049257	-16.247	-16.409
SPAC2F3.07c	SPAC2F3.07c	viable	V	-0.41	-0.069	-0.0	0.364	3.001	7.138	6.773	2.196	-0.151	-10.48	-0.221209	0.334	0.360469	-9.361	-9.524
SPAC2F3.08	sut1	viable	V	-0.339	0.011	0.0	1.937	15.947	37.932	35.995	11.67	-0.125	-0.074	-2.295301	0.274	0.586436	-12.132	-12.294
SPAC2F3.09	hem1	condition-dependent	E	4.63	0.738	1.356	1.739	4.51	8.859	7.12	3.664	1.703	111.394	0.977843	0.264	0.054937	-12.623	-12.786
SPAC2F3.10	vps54	inviable	E	4.557	0.665	3.091	3.509	6.534	11.282	7.773	5.611	1.676	100.229	0.998747	0.065	0.014337	-32.202	-32.364
SPAC2F3.11	ppx1	viable	V	0.915	0.153	7.614	7.979	10.615	14.752	6.773	9.81	0.337	16.458	0.96126	0.083	0.078567	-28.784	-28.947
SPAC2F3.12c	plp1	viable	V	0.269	0.045	-0.0	0.364	3.001	7.138	6.773	2.196	0.099	6.878	-0.023488	0.342	0.329472	-9.035	-9.197
SPAC2F3.13c	qtr2	viable	V	1.666	0.084	0.94	2.155	10.939	24.724	22.57	8.257	0.613	28.175	0.982178	0.071	0.044233	-31.102	-31.265
SPAC2F3.14c	saf2	inviable	E	5.636	0.728	0.402	0.875	4.296	9.663	8.788	3.251	2.073	135.999	0.964987	0.387	0.064355	-7.275	-7.438
SPAC2F3.15	lsk1	viable	V	1.044	0.072	0.01	0.89	7.255	17.243	16.352	5.312	0.384	21.55	0.953416	0.078	0.076335	-29.671	-29.833
SPAC2F3.16	SPAC2F3.16	viable	V	1.68	0.194	-0.0	0.528	4.35	10.348	9.819	3.183	0.618	40.287	0.681195	0.378	0.178926	-7.617	-7.78
SPAC2F3.17c	lsm6	inviable	E	4.268	0.715	0.732	1.097	3.733	7.87	6.773	2.928	1.57	106.063	0.988266	0.172	0.039381	-18.636	-18.798
SPAC2F3.18c	SPAC2F3.18c	viable	V	0.129	-0.022	-0.0	0.364	3.001	7.138	6.773	2.196	0.047	0.005	-0.163147	0.111	0.333221	-24.78	-24.942
SPAC2F7.02c	psr1	viable	V	0.775	0.13	0.532	0.897	3.533	7.67	6.773	2.728	0.285	19.407	0.661611	0.203	0.172403	-16.306	-16.468
SPAC2F7.03c	pom1	viable	V	1.468	0.069	0.0	1.293	10.647	25.325	24.032	7.791	0.54	25.14	0.954519	0.093	0.06667	-27.191	-27.354
SPAC2F7.04	med1	viable	V	1.172	0.06	-0.0	1.189	9.793	23.293	22.103	7.166	0.431	21.053	0.889732	0.118	0.1014	-23.964	-24.126
SPAC2F7.05c	tif5	inviable	E	4.056	0.679	-0.0	0.364	3.001	7.138	6.773	2.196	1.492	103.64	0.971957	0.234	0.055991	-14.345	-14.507
SPAC2F7.06c	pol4	viable	V	-0.006	0.001	-0.0	0.364	2.997	7.128	6.764	2.193	-0.002	-0.0	-0.006084	0.288	0.353478	-11.406	-11.568
SPAC2F7.07c	cph2	viable	V	2.513	0.174	1.701	2.582	8.954	18.952	16.371	7.008	0.924	47.847	0.981022	0.121	0.049005	-23.546	-23.708
SPAC2F7.08c	snf5	viable	V	1.421	0.049	0.0	1.758	14.472	34.422	32.665	10.59	0.523	19.796	0.980114	0.053	0.043902	-35.116	-35.278
SPAC2F7.09c	gep3	viable	V	1.008	0.067	0.0	0.919	7.563	17.988	17.07	5.534	0.371	20.471	0.946074	0.079	0.076334	-29.59	-29.752
SPAC2F7.10	akr1	viable	V	0.455	0.047	0.0	0.588	4.838	11.508	10.921	3.541	0.168	10.659	0.864557	0.06	0.121367	-33.313	-33.476
SPAC2F7.11	nrd1	viable	V	0.492	0.082	4.94	5.304	7.941	12.078	6.773	7.136	0.181	10.168	0.661417	0.18	0.206623	-18.026	-18.188
SPAC2F7.13c	wrs1	inviable	E	3.994	0.669	-0.0	0.364	3.001	7.138	6.773	2.196	1.469	102.055	0.945047	0.331	0.074465	-9.479	-9.641
SPAC2F7.15	rsm24	inviable	E	4.166	0.412	1.794	2.412	6.882	13.896	11.484	5.517	1.533	89.113	0.981478	0.21	0.052364	-15.861	-16.023
SPAC2F7.16c	pld1	viable	Not_determined	0.001	0.0	0.005	0.374	3.048	7.243	6.869	2.232	0.001	0.035	-0.031632	0.089	0.312126	-27.875	-28.037
SPAC2F7.17	mrf1	viable	V	1.128	0.104	1.914	2.577	7.376	14.907	12.33	5.911	0.415	23.52	0.923368	0.121	0.099526	-23.53	-23.693
SPAC2G11.02	urb2	inviable	E	4.161	0.6	0.681	1.105	4.17	8.98	7.875	3.235	1.531	101.255	0.998505	0.059	0.014133	-33.612	-33.774
SPAC2G11.03c	vps45	viable	V	2.768	0.364	4.808	5.272	8.633	13.906	8.633	7.607	1.018	54.91	0.997609	0.055	0.020275	-34.568	-34.73
SPAC2G11.04	rbm17	viable	V	0.808	0.032	-0.0	1.542	12.693	30.192	28.65	9.289	0.297	12.371	0.848789	0.087	0.123267	-28.241	-28.404
SPAC2G11.05c	alx1	viable	V	-0.063	0.011	0.0	0.364	3.001	7.138	6.773	2.196	-0.023	-0.003	-0.000291	0.228	0.33929	-14.718	-14.881
SPAC2G11.06	vps4	viable	V	4.235	0.326	1.393	2.187	7.925	16.93	14.744	6.173	1.558	85.294	0.993451	0.121	0.028578	-23.558	-23.72
SPAC2G11.07c	ptc3	viable	V	0.894	0.138	14.524	14.92	17.785	22.28	7.36	16.91	0.329	9.639	0.883503	0.12	0.102627	-23.687	-23.849
SPAC2G11.09	SPAC2G11.09	viable	V	0.793	-0.025	-0.0	1.925	15.852	37.705	35.78	11.6	0.292	0.172	-0.011237	0.159	0.348325	-19.758	-19.921
SPAC2G11.10c	uba42	viable	V	2.295	0.181	1.351	2.123	7.711	16.479	14.356	6.005	0.844	46.746	0.993995	0.063	0.028171	-32.632	-32.794
SPAC2G11.11c	prh1	inviable	E	4.09	0.685	0.574	0.939	3.575	7.712	6.773	2.77	1.505	102.273	0.99286	0.126	0.030599	-22.952	-23.115
SPAC2G11.12	rqh1	viable	V	3.515	0.209	1.448	2.475	9.903	21.56	19.086	7.636	1.293	63.259	0.968091	0.212	0.062009	-15.728	-15.89
SPAC2G11.13	atg22	viable	V	0.65	0.109	-0.0	0.364	3.001	7.138	6.773	2.196	0.239	16.615	0.55055	0.166	0.20468	-19.124	-19.286
SPAC2G11.14	taf1	inviable	E	3.766	0.502	1.034	1.492	4.809	10.014	8.522	3.797	1.386	89.103	0.993769	0.112	0.028672	-24.675	-24.838
SPAC2G11.15c	tgs1	viable	Not_determined	2.732	0.212	5.909	6.697	12.399	21.346	14.649	10.658	1.005	43.054	0.992127	0.086	0.032465	-28.364	-28.526
SPAC2H10.01	SPAC2H10.01	viable	V	0.134	0.015	0.0	0.548	4.513	10.734	10.185	3.303	0.049	3.195	0.255075	0.107	0.299789	-25.247	-25.409
SPAC2H10.02c	nas2	viable	V	0.251	0.015	0.001	1.058	8.705	20.706	19.648	6.371	0.093	4.796	0.436695	0.1	0.240708	-26.184	-26.346
SPAC2H10.04	SPAC2H10.04	unknown	Not_determined	0.0	-0.0	0.0	0.324	2.669	6.348	6.024	1.953	0.0	0.0	-0.037525	0.422	0.316701	-6.073	-6.235
SPAC30.01c	sec72	viable	V	0.875	0.115	0.0	0.464	3.817	9.079	8.616	2.793	0.322	21.529	0.823937	0.144	0.148498	-21.098	-21.26
SPAC30.02c	kti12	viable	V	4.056	0.309	0.044	0.845	6.643	15.74	14.894	4.873	1.492	86.57	0.992139	0.122	0.029812	-23.436	-23.599
SPAC30.03c	tsn1	viable	V	0.853	0.143	-0.0	0.364	3.001	7.138	6.773	2.196	0.314	21.8	0.806339	0.135	0.130494	-22.042	-22.204
SPAC30.04c	abc4	viable	V	0.374	0.063	2.665	3.03	5.666	9.803	6.773	4.861	0.138	8.585	0.851134	0.074	0.13782	-30.476	-30.638
SPAC30C2.02	mmd1	viable	V	2.395	0.245	-0.0	0.596	4.91	11.68	11.083	3.593	0.881	55.874	0.953838	0.18	0.073717	-17.977	-18.14
SPAC30C2.03	SPAC30C2.03	inviable	E	3.285	0.451	4.799	5.244	8.458	13.502	8.258	7.477	1.209	65.826	0.99271	0.115	0.03403	-24.327	-24.489
SPAC30C2.04	asc1	viable	V	3.564	0.219	0.138	1.132	8.316	19.591	18.459	6.123	1.311	69.523	0.984886	0.143	0.040051	-21.234	-21.397
SPAC30C2.05	erv14	viable	V	-0.079	0.01	0.0	0.477	3.928	9.342	8.865	2.874	-0.029	-0.004	-0.247058	0.133	0.416264	-22.222	-22.384
SPAC30C2.06c	dml1	viable	V	4.946	0.686	1.019	1.46	4.644	9.64	8.181	3.672	1.82	117.954	0.937968	0.47	0.090962	-4.57	-4.733
SPAC30C2.07	fnp1	viable	V	-0.55	-0.042	2.536	3.329	9.064	18.063	14.734	7.313	-0.202	-10.46	0.890477	0.077	0.115588	-29.857	-30.019
SPAC30C2.08	SPAC30C2.08	viable	V	1.323	0.074	14.224	15.313	23.19	35.55	20.237	20.785	0.487	8.231	0.910639	0.105	0.095847	-25.598	-25.76
SPAC30D11.01c	gto2	viable	V	1.411	0.122	1.433	2.141	7.256	15.282	13.141	5.694	0.519	29.484	0.687929	0.352	0.226246	-8.634	-8.796
SPAC30D11.02c	SPAC30D11.02c	viable	V	0.376	0.05	0.0	0.462	3.805	9.051	8.589	2.785	0.138	9.244	0.560386	0.127	0.219335	-22.89	-23.053
SPAC30D11.03	ddx27	inviable	E	4.789	0.67	0.278	0.714	3.87	8.823	8.109	2.907	1.762	117.806	0.993355	0.14	0.029009	-21.517	-21.679
SPAC30D11.04c	nup124	viable	V	1.177	0.078	0.117	1.035	7.674	18.092	17.057	5.647	0.433	23.776	0.919182	0.118	0.100224	-23.911	-24.074
SPAC30D11.05	aps3	viable	V	0.938	0.075	-0.0	0.759	6.253	14.872	14.113	4.576	0.345	20.432	0.767572	0.165	0.146674	-19.187	-19.35
SPAC30D11.06c	hfl1	viable	V	1.121	0.188	16.823	17.188	19.824	23.961	6.773	19.019	0.412	9.86	0.716703	0.245	0.164658	-13.709	-13.871
SPAC30D11.07	nth1	viable	V	0.61	0.042	0.703	1.586	7.974	17.997	16.412	6.023	0.225	12.192	0.949515	0.052	0.080477	-35.394	-35.557
SPAC30D11.08c	phf2	inviable	E	3.987	0.668	4.041	4.406	7.042	11.179	6.773	6.237	1.467	85.931	0.965655	0.3	0.07169	-10.854	-11.017
SPAC30D11.09	cwf19	viable	V	1.85	0.077	1.426	2.884	13.432	29.985	27.101	10.212	0.681	27.173	0.993292	0.044	0.026382	-37.812	-37.975
SPAC30D11.10	rad52	viable	V	3.685	0.381	1.352	1.943	6.214	12.915	10.972	4.91	1.356	81.396	0.998552	0.052	0.014212	-35.421	-35.583
SPAC30D11.11	izh3	viable	V	0.338	0.057	0.0	0.365	3.001	7.138	6.773	2.196	0.124	8.647	0.834916	0.053	0.131942	-35.079	-35.241
SPAC30D11.13	hus5	condition-dependent	V	3.986	0.477	3.726	4.236	7.928	13.72	9.483	6.801	1.466	81.656	0.998068	0.07	0.017614	-31.307	-31.47
SPAC30D11.14c	SPAC30D11.14c	viable	V	0.724	0.051	1.121	1.992	8.29	18.174	16.182	6.368	0.266	14.254	0.897264	0.087	0.106772	-28.2	-28.362
SPAC31A2.02	trm112	viable	V	4.634	0.377	2.385	3.135	8.563	17.079	13.943	6.906	1.705	90.683	0.999617	0.033	0.007119	-41.817	-41.98
SPAC31A2.03	mrp11	inviable	E	3.852	0.497	4.311	4.785	8.21	13.585	8.8	7.164	1.417	77.996	0.994096	0.121	0.03102	-23.538	-23.7
SPAC31A2.04c	pre1	inviable	E	3.462	0.58	0.476	0.84	3.477	7.614	6.773	2.672	1.274	86.912	0.997401	0.064	0.018544	-32.522	-32.684
SPAC31A2.05c	mis4	inviable	E	4.188	0.509	1.487	1.989	5.62	11.317	9.328	4.512	1.541	95.478	0.997994	0.071	0.01705	-31.031	-31.194
SPAC31A2.06	atp25	viable	V	2.042	0.13	1.087	2.045	8.975	19.848	17.803	6.859	0.751	38.665	0.994254	0.052	0.025794	-35.433	-35.595
SPAC31A2.07c	dbp10	inviable	E	4.363	0.731	0.257	0.621	3.258	7.395	6.773	2.453	1.605	110.444	0.990454	0.153	0.035106	-20.274	-20.436
SPAC31A2.08	mrp20	inviable	E	3.907	0.655	3.594	3.958	6.595	10.732	6.773	5.79	1.437	85.97	0.935744	0.419	0.105	-6.191	-6.353
SPAC31A2.09c	apm4	viable	V	0.48	0.08	8.269	8.633	11.27	15.406	6.773	10.465	0.177	8.314	0.507016	0.21	0.231091	-15.845	-16.007
SPAC31A2.10	SPAC31A2.10	viable	V	0.39	0.039	0.0	0.61	5.025	11.953	11.343	3.677	0.144	9.056	0.699643	0.087	0.160835	-28.262	-28.424
SPAC31A2.11c	cuf1	viable	V	1.505	0.108	0.114	0.963	7.102	16.735	15.772	5.228	0.554	31.364	0.985967	0.061	0.03965	-33.188	-33.35
SPAC31A2.12	rod1	viable	V	0.667	0.112	9.757	10.122	12.758	16.895	6.773	11.953	0.245	10.564	0.723004	0.198	0.170059	-16.664	-16.827
SPAC31A2.13c	sft1	viable	V	3.879	0.65	-0.0	0.364	3.001	7.138	6.773	2.196	1.427	99.137	0.98196	0.184	0.046206	-17.679	-17.841
SPAC31A2.14	bun107	viable	V	0.094	-0.005	0.0	1.173	9.662	22.982	21.808	7.071	0.034	0.012	-0.010492	0.105	0.334392	-25.509	-25.671
SPAC31A2.15c	dcc1	viable	V	1.315	0.072	3.262	4.384	12.505	25.247	20.862	10.026	0.484	20.396	0.994558	0.032	0.025587	-42.173	-42.335
SPAC31A2.16	gef2	viable	V	0.442	0.037	1.269	2.0	7.286	15.58	13.581	5.672	0.163	9.217	0.754895	0.098	0.193683	-26.519	-26.681
SPAC31F12.01	zds1	viable	V	0.688	0.06	5.779	6.482	11.567	19.546	13.064	10.014	0.253	11.461	0.928406	0.077	0.094852	-29.909	-30.071
SPAC31G5.01	sap49	inviable	E	4.321	0.724	0.455	0.819	3.455	7.592	6.773	2.651	1.59	108.548	0.906221	0.51	0.114149	-3.417	-3.579
SPAC31G5.02	rot1	inviable	E	4.233	0.689	0.849	1.225	3.94	8.2	6.976	3.111	1.557	104.282	0.992526	0.136	0.030626	-21.93	-22.093
SPAC31G5.03	rps1101	viable	V	5.45	0.725	0.142	0.601	3.921	9.132	8.531	2.907	2.005	133.58	0.97471	0.31	0.054716	-10.383	-10.546
SPAC31G5.04	lys12	viable	V	0.247	0.041	-0.0	0.364	3.001	7.138	6.773	2.196	0.091	6.317	0.098905	0.194	0.304041	-16.982	-17.144
SPAC31G5.05c	rpe1	inviable	E	3.466	0.581	1.793	2.157	4.794	8.931	6.773	3.989	1.275	82.501	0.992063	0.122	0.033473	-23.451	-23.613
SPAC31G5.06	rrg8	inviable	E	4.817	0.807	7.487	7.852	10.488	14.625	6.773	9.683	1.772	87.224	0.995015	0.142	0.030258	-21.363	-21.525
SPAC31G5.07	dni1	viable	V	0.229	0.038	-0.0	0.364	3.001	7.138	6.773	2.196	0.084	5.849	-0.190588	0.185	0.370983	-17.643	-17.805
SPAC31G5.08	hem4	inviable	E	4.567	0.501	2.118	2.675	6.697	13.01	10.335	5.469	1.68	98.898	0.99027	0.172	0.037916	-18.67	-18.832
SPAC31G5.09c	spk1	viable	V	0.356	0.06	0.76	1.124	3.761	7.897	6.773	2.956	0.131	8.835	0.391176	0.182	0.29832	-17.877	-18.04
SPAC31G5.10	eta2	viable	V	0.65	0.023	0.0	1.738	14.306	34.028	32.29	10.469	0.239	9.131	0.851627	0.073	0.139444	-30.656	-30.818
SPAC31G5.11	pac2	viable	V	1.909	0.23	1.635	2.141	5.8	11.542	9.401	4.683	0.702	43.162	0.992454	0.063	0.032833	-32.645	-32.807
SPAC31G5.12c	maf1	viable	V	1.451	0.243	-0.0	0.364	3.001	7.138	6.773	2.196	0.534	37.079	0.897981	0.16	0.09899	-19.642	-19.804
SPAC31G5.13	rpn11	inviable	E	4.082	0.684	0.0	0.364	3.001	7.138	6.773	2.196	1.502	104.309	0.989701	0.146	0.035454	-20.972	-21.134
SPAC31G5.14	gcv1	viable	V	-1.0	0.031	0.0	1.957	16.116	38.334	36.377	11.794	-0.368	-0.221	-1.946595	0.24	0.65841	-13.999	-14.162
SPAC31G5.15	psd3	viable	V	1.058	0.177	7.485	7.85	10.486	14.623	6.773	9.681	0.389	19.162	0.645893	0.38	0.203429	-7.531	-7.693
SPAC31G5.16c	dpm1	inviable	E	6.684	1.12	0.674	1.038	3.674	7.811	6.773	2.869	2.459	166.487	0.967666	0.449	0.063125	-5.226	-5.388
SPAC31G5.17c	rps1001	viable	V	3.984	0.267	-0.0	0.911	7.498	17.835	16.924	5.487	1.466	81.181	0.98666	0.151	0.038173	-20.458	-20.621
SPAC31G5.18c	sde2	viable	V	2.076	-0.08	0.0	1.586	13.056	31.056	29.47	9.554	0.764	0.372	0.007282	0.645	0.330443	-0.146	-0.308
SPAC31G5.19	abo1	viable	V	3.45	0.434	0.001	0.487	4.0	9.512	9.025	2.927	1.269	84.133	0.975392	0.193	0.051849	-17.025	-17.187
SPAC31G5.21	SPAC31G5.21	viable	V	0.6	0.1	-0.0	0.364	3.001	7.138	6.773	2.196	0.221	15.33	-0.172743	0.692	0.360726	0.843	0.681
SPAC323.01c	pos5	condition-dependent	V	3.326	0.345	3.179	3.767	8.019	14.692	10.926	6.721	1.224	67.52	0.970198	0.225	0.066322	-14.906	-15.068
SPAC323.02c	pup2	inviable	E	4.525	0.758	0.239	0.604	3.24	7.377	6.773	2.435	1.665	114.622	0.991592	0.149	0.032628	-20.692	-20.854
SPAC323.03c	pex8	viable	V	0.078	0.002	0.0	1.957	16.116	38.334	36.377	11.794	0.029	0.996	-0.006798	0.397	0.326287	-6.93	-7.093
SPAC323.04	SPAC323.04	viable	V	0.245	0.041	-0.0	0.364	3.001	7.138	6.773	2.196	0.09	6.256	0.113365	0.132	0.292472	-22.297	-22.46
SPAC323.05c	mtq2	viable	V	4.147	0.399	2.952	3.588	8.183	15.394	11.807	6.78	1.526	83.263	0.998318	0.064	0.015533	-32.417	-32.579
SPAC323.06c	uba5	inviable	E	4.71	0.554	4.593	5.111	8.865	14.754	9.643	7.719	1.733	92.036	0.994475	0.139	0.030383	-21.647	-21.809
SPAC323.07c	SPAC323.07c	viable	V	1.137	0.081	2.347	3.208	9.439	19.216	16.008	7.537	0.418	21.145	0.795662	0.21	0.167983	-15.839	-16.002
SPAC323.08	rmp1	condition-dependent	E	4.668	0.674	-0.0	0.423	3.484	8.288	7.865	2.55	1.717	116.659	0.955032	0.345	0.072063	-8.892	-9.054
SPAC328.01c	msn5	viable	V	0.872	0.051	0.0	1.041	8.571	20.385	19.344	6.272	0.321	16.756	0.820916	0.129	0.154886	-22.686	-22.848
SPAC328.02	dbl4	viable	V	3.799	0.406	1.082	1.654	5.788	12.274	10.62	4.526	1.398	85.603	0.993848	0.11	0.028881	-24.953	-25.115
SPAC328.03	tps1	viable	V	0.567	0.092	0.0	0.376	3.099	7.372	6.995	2.268	0.209	14.422	0.683306	0.134	0.168831	-22.133	-22.296
SPAC328.04	spg4	viable	V	0.895	0.15	5.324	5.688	8.324	12.461	6.773	7.52	0.329	18.137	0.822963	0.192	0.162163	-17.127	-17.29
SPAC328.05	hrb1	viable	V	1.636	0.146	2.454	3.139	8.098	15.88	12.741	6.584	0.602	32.881	0.855759	0.257	0.133591	-13.042	-13.204
SPAC328.06	ubp2	viable	V	-0.283	0.009	-0.0	1.93	15.895	37.807	35.876	11.631	-0.104	-0.062	0.019185	0.084	0.329638	-28.613	-28.775
SPAC328.07c	bsd1	viable	V	-0.635	-0.106	4.356	4.72	7.357	11.494	6.773	6.552	-0.234	-13.49	0.66991	0.212	0.205178	-15.72	-15.882
SPAC328.09	odc1	viable	V	0.479	0.061	0.0	0.476	3.917	9.316	8.84	2.866	0.176	11.729	0.799121	0.086	0.142872	-28.323	-28.485
SPAC328.10c	rps502	viable	V	2.787	0.179	0.298	1.246	8.107	18.874	17.627	6.013	1.025	55.072	0.902921	0.303	0.10266	-10.7	-10.862
SPAC32A11.01	mug8	viable	V	0.917	0.154	0.301	0.666	3.302	7.439	6.773	2.497	0.337	23.16	0.8594	0.135	0.119394	-22.043	-22.206
SPAC32A11.02c	SPAC32A11.02c	viable	V	0.457	0.036	4.069	4.834	10.369	19.054	14.22	8.679	0.168	8.114	0.666937	0.146	0.178529	-20.935	-21.097
SPAC32A11.03c	phx1	viable	V	0.765	0.128	1.45	1.814	4.45	8.587	6.773	3.646	0.281	18.461	0.511389	0.297	0.246544	-10.992	-11.155
SPAC32A11.04c	tif212	inviable	E	3.981	0.667	-0.0	0.364	3.001	7.138	6.773	2.196	1.465	101.731	0.980378	0.192	0.047787	-17.086	-17.248
SPAC343.01c	erg8	inviable	E	3.99	0.668	0.933	1.297	3.934	8.071	6.773	3.129	1.468	98.372	0.992614	0.128	0.031881	-22.731	-22.893
SPAC343.02	img1	inviable	E	3.245	0.395	2.034	2.536	6.164	11.858	9.323	5.057	1.194	72.23	0.960955	0.247	0.075529	-13.6	-13.762
SPAC343.04c	gid7	viable	V	0.41	0.03	0.0	0.845	6.958	16.55	15.705	5.092	0.151	8.603	0.546026	0.125	0.22127	-23.061	-23.223
SPAC343.05	vma1	condition-dependent	E	3.197	0.336	-0.0	0.582	4.79	11.394	10.812	3.505	1.176	75.024	0.937697	0.284	0.079654	-11.605	-11.767
SPAC343.06c	pls1	viable	V	-0.765	0.024	0.001	1.955	16.095	38.282	36.327	11.778	-0.281	-0.169	0.005102	0.191	0.400766	-17.165	-17.327
SPAC343.07	mug28	viable	V	0.252	-0.008	0.0	1.943	15.998	38.053	36.11	11.707	0.093	0.055	-0.147114	0.098	0.313381	-26.506	-26.669
SPAC343.08c	mrp17	inviable	E	1.576	0.264	5.009	5.374	8.01	12.147	6.773	7.205	0.58	32.448	0.656833	0.591	0.200431	-1.352	-1.514
SPAC343.09	ubx3	viable	V	1.909	0.32	1.236	1.601	4.237	8.374	6.773	3.432	0.702	46.497	0.670921	0.547	0.229636	-2.452	-2.615
SPAC343.10	met11	viable	V	0.085	-0.004	0.0	1.409	11.603	27.599	26.19	8.491	0.031	0.013	-0.407922	0.166	0.476832	-19.106	-19.268
SPAC343.11c	msc1	viable	V	1.546	0.058	0.0	1.631	13.427	31.937	30.306	9.826	0.569	22.754	0.974105	0.066	0.048979	-32.048	-32.211
SPAC343.12	rds1	viable	V	-0.123	-0.021	0.0	0.365	3.001	7.137	6.773	2.196	-0.045	-3.15	0.024506	0.118	0.322962	-23.933	-24.095
SPAC343.13	gta2	inviable	E	4.51	0.665	6.54	6.954	9.95	14.651	7.697	9.035	1.659	83.806	0.998601	0.071	0.015831	-31.119	-31.281
SPAC343.14c	tif222	inviable	E	4.503	0.754	-0.0	0.364	3.001	7.138	6.773	2.196	1.656	115.061	0.987217	0.178	0.038757	-18.126	-18.289
SPAC343.15	tit1	viable	V	2.093	0.096	1.725	3.052	12.651	27.713	24.66	9.72	0.77	32.131	0.98721	0.072	0.036924	-30.892	-31.055
SPAC343.16	lys2	viable	V	1.005	0.168	0.127	0.491	3.128	7.265	6.773	2.323	0.37	25.562	0.898566	0.121	0.099026	-23.566	-23.729
SPAC343.17c	wdr70	condition-dependent	E	3.488	0.243	2.067	2.944	9.285	19.236	16.292	7.349	1.283	65.321	0.985579	0.148	0.041633	-20.767	-20.929
SPAC343.18	rfp2	viable	V	0.791	0.133	-0.0	0.364	3.001	7.138	6.773	2.196	0.291	20.215	0.086246	0.574	0.3226	-1.782	-1.944
SPAC343.19	lsb6	viable	V	1.725	0.289	13.337	13.702	16.338	20.475	6.773	15.533	0.635	21.151	0.437824	0.807	0.227851	3.003	2.84
SPAC343.21	SPAC343.21	viable	Not_determined	0.222	0.037	0.0	0.365	3.001	7.138	6.773	2.196	0.082	5.672	0.593116	0.051	0.187919	-35.735	-35.897
SPAC3A11.02	cps3	viable	V	0.756	0.127	9.391	9.756	12.392	16.529	6.773	11.587	0.278	12.25	0.834488	0.122	0.143327	-23.472	-23.634
SPAC3A11.03	efm3	viable	V	-0.017	0.003	0.0	0.375	3.089	7.348	6.973	2.261	-0.006	-0.001	-0.268706	0.247	0.328604	-13.59	-13.752
SPAC3A11.04	sei1	viable	V	1.798	0.301	2.839	3.203	5.84	9.977	6.773	5.035	0.662	40.926	0.825218	0.329	0.151756	-9.557	-9.719
SPAC3A11.05c	kms1	viable	V	-0.027	0.003	0.0	0.519	4.27	10.158	9.639	3.125	-0.01	-0.002	-0.196649	0.245	0.338894	-13.67	-13.833
SPAC3A11.06	mvp1	viable	V	0.643	0.051	0.0	0.777	6.395	15.212	14.435	4.68	0.237	13.902	0.972065	0.038	0.056247	-39.671	-39.833
SPAC3A11.07	nde1	viable	V	0.825	0.084	-0.0	0.599	4.932	11.731	11.132	3.609	0.303	19.216	0.817015	0.133	0.134299	-22.22	-22.382
SPAC3A11.08	cul4	condition-dependent	E	4.177	0.368	1.018	1.712	6.73	14.603	12.891	5.198	1.537	89.52	0.986973	0.171	0.042303	-18.761	-18.923
SPAC3A11.09	sod22	viable	V	-0.917	0.029	-0.0	1.957	16.116	38.334	36.376	11.794	-0.338	-0.203	-1.966325	0.276	0.645454	-12.043	-12.205
SPAC3A11.10c	dpe1	viable	V	0.814	0.113	3.277	3.717	6.902	11.9	8.183	5.93	0.299	17.58	0.811213	0.175	0.147179	-18.402	-18.564
SPAC3A11.11c	SPAC3A11.11c	viable	V	-0.268	0.045	21.013	21.378	24.014	28.151	6.773	23.209	-0.099	-4.71	-0.784113	0.271	0.465913	-12.295	-12.457
SPAC3A11.12c	rpt5	inviable	E	3.278	0.549	-0.0	0.364	3.001	7.138	6.773	2.196	1.206	83.778	0.970153	0.194	0.059659	-16.962	-17.124
SPAC3A11.13	pfd6	viable	V	2.393	0.148	2.974	3.958	11.081	22.257	18.299	8.906	0.88	40.477	0.999211	0.023	0.009781	-46.994	-47.156
SPAC3A11.14c	pkl1	viable	V	0.737	0.036	0.0	1.263	10.398	24.733	23.47	7.61	0.271	12.792	0.977809	0.034	0.050276	-41.533	-41.695
SPAC3A12.02	ceo2	inviable	E	3.99	0.461	6.601	7.13	10.954	16.956	9.826	9.787	1.468	69.587	0.980793	0.217	0.056177	-15.4	-15.562
SPAC3A12.03c	meu34	viable	V	0.83	0.139	-0.0	0.364	3.001	7.138	6.773	2.196	0.305	21.203	0.345069	0.403	0.315817	-6.713	-6.875
SPAC3A12.04c	rpp1	inviable	E	4.253	0.712	0.586	0.95	3.587	7.724	6.773	2.782	1.565	106.301	0.966343	0.289	0.059845	-11.394	-11.556
SPAC3A12.05c	taf2	inviable	E	4.442	0.735	1.76	2.129	4.8	8.99	6.86	3.984	1.634	105.679	0.99675	0.099	0.021657	-26.32	-26.482
SPAC3A12.06c	SPAC3A12.06c	viable	V	-0.677	-0.021	0.0	1.957	16.114	38.328	36.37	11.792	-0.249	-8.678	0.778153	0.086	0.170546	-28.272	-28.434
SPAC3A12.07	rpb11	inviable	E	5.543	0.695	0.362	0.85	4.373	9.902	9.053	3.297	2.039	133.215	0.951107	0.45	0.07994	-5.187	-5.349
SPAC3A12.08	SPAC3A12.08	viable	V	1.275	0.214	-0.0	0.364	3.001	7.138	6.773	2.196	0.469	32.585	0.835884	0.197	0.120117	-16.71	-16.872
SPAC3A12.09c	ure4	viable	V	-0.074	-0.012	0.0	0.364	3.001	7.138	6.773	2.196	-0.027	-1.891	-0.023801	0.114	0.298584	-24.358	-24.52
SPAC3A12.10	rpl2001	viable	V	3.725	0.624	0.887	1.251	3.887	8.024	6.773	3.083	1.37	92.018	0.952566	0.312	0.074303	-10.32	-10.482
SPAC3A12.11c	cwf2	inviable	E	2.745	0.46	-0.0	0.364	3.001	7.138	6.773	2.196	1.01	70.148	0.932109	0.245	0.082747	-13.7	-13.862
SPAC3A12.12	atp11	viable	V	1.219	0.051	0.003	1.458	11.983	28.499	27.041	8.77	0.449	19.401	0.976343	0.055	0.05007	-34.574	-34.736
SPAC3A12.13c	tif310	viable	V	3.261	0.35	-0.0	0.569	4.684	11.142	10.573	3.428	1.2	76.92	0.95988	0.228	0.063062	-14.711	-14.874
SPAC3A12.14	cam1	inviable	E	3.982	0.667	1.163	1.528	4.164	8.301	6.773	3.359	1.465	97.283	0.990054	0.152	0.038189	-20.41	-20.572
SPAC3A12.15	vps53	inviable	E	4.462	0.5	2.99	3.536	7.48	13.669	10.133	6.276	1.642	93.214	0.998147	0.076	0.016959	-30.064	-30.226
SPAC3A12.16c	tim17	inviable	E	4.334	0.498	0.046	0.578	4.422	10.454	9.876	3.248	1.594	103.612	0.982709	0.202	0.04421	-16.372	-16.534
SPAC3A12.17c	cys12	viable	V	1.476	0.089	-0.0	1.015	8.359	19.881	18.866	6.117	0.543	28.693	0.808073	0.216	0.135588	-15.429	-15.591
SPAC3A12.18	zwf1	condition-dependent	E	3.943	0.661	0.382	0.746	3.382	7.519	6.773	2.578	1.45	99.33	0.980138	0.203	0.047776	-16.357	-16.519
SPAC3C7.01c	sac12	viable	V	0.672	0.113	1.608	1.972	4.609	8.745	6.773	3.804	0.247	16.13	0.636193	0.211	0.196626	-15.797	-15.959
SPAC3C7.02c	pil2	viable	V	0.62	0.104	-0.0	0.364	3.001	7.138	6.773	2.196	0.228	15.854	0.29936	0.283	0.283725	-11.679	-11.841
SPAC3C7.03c	rad55	viable	V	4.302	0.26	1.487	2.499	9.818	21.302	18.803	7.583	1.583	77.837	0.99744	0.072	0.017204	-30.919	-31.081
SPAC3C7.04	SPAC3C7.04	viable	V	2.139	0.208	3.303	3.931	8.47	15.592	11.661	7.084	0.787	42.349	0.942912	0.194	0.094517	-16.949	-17.111
SPAC3C7.05c	mug191	viable	V	1.781	0.077	-0.0	1.409	11.599	27.588	26.179	8.488	0.655	28.933	0.618601	0.35	0.210188	-8.716	-8.878
SPAC3C7.06c	pit1	viable	V	0.641	0.107	-0.0	0.364	3.001	7.138	6.773	2.196	0.236	16.368	0.298471	0.314	0.297182	-10.198	-10.361
SPAC3C7.07c	ate1	viable	V	0.857	0.144	-0.0	0.364	3.001	7.138	6.773	2.196	0.315	21.902	0.792423	0.139	0.132722	-21.63	-21.792
SPAC3C7.08c	elf1	viable	V	4.185	0.37	0.587	1.277	6.268	14.1	12.824	4.744	1.539	91.567	0.976334	0.231	0.052311	-14.511	-14.674
SPAC3C7.09	set8	viable	V	0.122	-0.018	0.0	0.415	3.417	8.127	7.712	2.5	0.045	0.006	-0.21792	0.103	0.334214	-25.831	-25.993
SPAC3C7.10	pex13	viable	V	0.317	0.053	0.0	0.365	3.001	7.138	6.773	2.196	0.116	8.091	0.84614	0.051	0.132497	-35.733	-35.895
SPAC3C7.11c	cnx1	inviable	E	5.136	0.86	4.7	5.064	7.701	11.837	6.773	6.896	1.89	107.331	0.999258	0.06	0.011737	-33.345	-33.507
SPAC3C7.12	tip1	viable	V	1.389	0.172	0.0	0.493	4.061	9.66	9.167	2.972	0.511	33.763	0.593001	0.401	0.196038	-6.776	-6.938
SPAC3C7.13c	SPAC3C7.13c	viable	V	-0.253	0.008	0.0	1.954	16.086	38.262	36.308	11.772	-0.093	-0.056	0.036434	0.079	0.306852	-29.507	-29.669
SPAC3C7.14c	obr1	viable	V	1.221	0.064	11.546	12.716	21.174	34.447	21.732	18.592	0.449	9.658	0.555884	0.336	0.21309	-9.25	-9.412
SPAC3F10.02c	trk1	viable	V	1.996	0.079	2.4	3.942	15.092	32.587	28.646	11.688	0.734	26.592	0.915126	0.169	0.096714	-18.861	-19.024
SPAC3F10.03	grs1	inviable	E	3.864	0.647	-0.0	0.364	3.001	7.138	6.773	2.196	1.422	98.749	0.980659	0.19	0.048543	-17.247	-17.409
SPAC3F10.04	gsa1	condition-dependent	V	0.791	0.05	6.133	7.103	14.124	25.14	18.036	11.981	0.291	11.082	0.919355	0.086	0.092502	-28.389	-28.551
SPAC3F10.05c	mug113	viable	V	0.081	-0.014	0.0	0.366	3.01	7.161	6.795	2.203	0.03	0.003	-0.068525	0.425	0.374503	-5.965	-6.127
SPAC3F10.06c	rit1	viable	V	0.776	0.083	6.599	7.167	11.277	17.726	10.559	10.022	0.285	13.243	0.937926	0.084	0.085057	-28.742	-28.904
SPAC3F10.07c	erf4	viable	Not_determined	0.618	0.021	1.2	2.999	16.017	36.443	33.444	12.043	0.227	7.884	0.753447	0.1	0.18496	-26.176	-26.338
SPAC3F10.08c	faf1	inviable	E	4.965	0.809	0.342	0.717	3.427	7.679	6.962	2.6	1.827	124.792	0.986651	0.207	0.040869	-16.078	-16.24
SPAC3F10.09	his6	viable	V	0.343	0.057	4.425	4.789	7.426	11.563	6.773	6.621	0.126	7.261	0.08898	0.462	0.267943	-4.805	-4.967
SPAC3F10.10c	map3	viable	V	1.335	0.224	0.894	1.259	3.895	8.032	6.773	3.09	0.491	32.962	0.797557	0.253	0.140173	-13.233	-13.395
SPAC3F10.11c	abc2	viable	V	0.661	0.105	-0.0	0.386	3.179	7.561	7.175	2.326	0.243	16.754	0.859755	0.093	0.116445	-27.281	-27.444
SPAC3F10.12c	SPAC3F10.12c	viable	V	-0.412	-0.069	0.349	0.713	3.35	7.487	6.773	2.545	-0.151	-10.385	0.594721	0.13	0.219281	-22.607	-22.769
SPAC3F10.13	ucp6	viable	V	0.654	0.087	-0.0	0.459	3.778	8.986	8.527	2.765	0.241	16.116	0.320235	0.301	0.288053	-10.822	-10.984
SPAC3F10.16c	SPAC3F10.16c	viable	V	3.763	0.63	0.096	0.46	3.097	7.234	6.773	2.292	1.384	95.833	0.991284	0.124	0.032027	-23.216	-23.379
SPAC3F10.17	ltv1	viable	V	4.785	0.547	-0.0	0.534	4.4	10.465	9.93	3.22	1.76	114.455	0.969677	0.291	0.056814	-11.304	-11.466
SPAC3F10.19	spd2	viable	Not_determined	1.151	0.041	0.0	1.73	14.247	33.887	32.156	10.425	0.423	16.224	0.737101	0.165	0.17788	-19.249	-19.412
SPAC3G6.01	hrp3	viable	V	2.35	0.141	1.747	2.768	10.149	21.731	18.963	7.896	0.865	41.765	0.996574	0.046	0.019873	-37.197	-37.359
SPAC3G6.02	dss1	condition-dependent	V	2.491	0.417	0.214	0.579	3.215	7.352	6.773	2.41	0.916	63.156	0.969187	0.159	0.062412	-19.786	-19.948
SPAC3G6.03c	ifs1	viable	V	0.105	-0.007	-0.0	0.91	7.496	17.83	16.92	5.486	0.039	0.011	-0.068401	0.083	0.307544	-28.839	-29.001
SPAC3G6.04	rnp24	viable	V	-0.26	0.008	0.0	1.938	15.954	37.948	36.01	11.675	-0.096	-0.057	0.00078	0.137	0.324545	-21.833	-21.995
SPAC3G6.05	SPAC3G6.05	viable	V	-0.138	-0.023	0.0	0.364	3.001	7.138	6.773	2.196	-0.051	-3.538	0.333889	0.073	0.312034	-30.579	-30.742
SPAC3G6.06c	rad2	viable	V	1.389	0.087	3.389	4.361	11.39	22.419	18.059	9.244	0.511	23.098	0.988932	0.05	0.037248	-36.049	-36.211
SPAC3G6.07	SPAC3G6.07	unknown	Not_determined	-0.291	0.049	14.764	15.129	17.765	21.902	6.773	16.96	-0.107	-3.289	0.254341	0.252	0.263464	-13.289	-13.451
SPAC3G6.09c	tps2	viable	V	0.398	0.067	-0.0	0.364	3.001	7.138	6.773	2.196	0.146	10.166	0.06308	0.505	0.309769	-3.558	-3.721
SPAC3G6.10c	vps51	inviable	E	3.094	0.35	3.598	4.138	8.045	14.176	10.039	6.852	1.138	62.908	0.971594	0.217	0.062741	-15.385	-15.547
SPAC3G6.11	chl1	viable	V	1.732	0.057	1.485	3.352	16.855	38.044	34.692	12.732	0.637	21.117	0.898607	0.142	0.093482	-21.318	-21.48
SPAC3G6.13c	rpl4101	viable	V	0.056	-0.002	0.0	1.719	14.156	33.672	31.953	10.36	0.021	0.011	-0.111988	0.271	0.346936	-12.299	-12.461
SPAC3G9.01	nsk1	viable	V	1.417	0.047	2.138	3.965	17.18	37.916	33.951	13.146	0.521	16.881	0.794469	0.18	0.152537	-17.984	-18.146
SPAC3G9.02	oar2	viable	V	3.96	0.403	9.052	9.653	13.997	20.815	11.162	12.671	1.457	56.786	0.986899	0.167	0.042462	-19.039	-19.201
SPAC3G9.03	rpl2301	viable	V	3.222	0.127	-0.0	1.55	12.766	30.364	28.814	9.342	1.185	49.128	0.92551	0.237	0.082059	-14.127	-14.29
SPAC3G9.04	ssu72	viable	V	1.954	0.08	4.267	5.755	16.515	33.4	27.645	13.23	0.719	23.654	0.997234	0.029	0.017351	-43.738	-43.9
SPAC3G9.05	spa2	viable	V	0.135	0.021	1.094	1.478	4.261	8.628	7.149	3.412	0.049	3.269	0.205245	0.142	0.28336	-21.359	-21.521
SPAC3G9.06	frs2	inviable	E	4.218	0.707	-0.0	0.364	3.001	7.138	6.773	2.196	1.552	107.792	0.974057	0.234	0.056103	-14.337	-14.499
SPAC3G9.07c	hos2	viable	V	0.571	0.048	0.0	0.718	5.915	14.069	13.351	4.328	0.21	12.646	0.879142	0.072	0.123079	-30.907	-31.069
SPAC3G9.08	png1	condition-dependent	V	4.134	0.132	-0.0	1.906	15.696	37.334	35.428	11.486	1.521	54.096	0.951689	0.214	0.064491	-15.59	-15.753
SPAC3G9.09c	tif211	inviable	E	3.565	0.597	0.193	0.558	3.194	7.331	6.773	2.389	1.311	90.443	0.995408	0.086	0.024518	-28.35	-28.512
SPAC3G9.10c	rrp41	inviable	E	2.82	0.472	0.934	1.298	3.934	8.071	6.773	3.13	1.037	69.523	0.942896	0.263	0.091434	-12.725	-12.887
SPAC3G9.11c	pdc201	viable	V	0.524	0.088	-0.0	0.364	3.001	7.138	6.773	2.196	0.193	13.388	0.670166	0.112	0.169045	-24.598	-24.76
SPAC3G9.12	peg1	inviable	E	3.927	0.586	0.775	1.184	4.143	8.785	7.6	3.24	1.445	95.752	0.998397	0.058	0.014649	-33.86	-34.022
SPAC3G9.13c	msw1	inviable	E	3.664	0.572	6.49	6.881	9.71	14.149	7.267	8.846	1.348	69.086	0.989405	0.155	0.042331	-20.13	-20.292
SPAC3G9.14	sak1	inviable	E	3.177	0.532	0.332	0.697	3.333	7.471	6.774	2.528	1.169	80.198	0.996376	0.069	0.021336	-31.526	-31.689
SPAC3G9.15c	fcf2	inviable	E	4.714	0.483	-0.0	0.596	4.905	11.667	11.071	3.589	1.734	109.998	0.806097	0.689	0.137933	0.787	0.625
SPAC3G9.16c	bet5	inviable	E	5.631	0.942	2.243	2.608	5.247	9.388	6.78	4.441	2.072	131.489	0.989989	0.225	0.039753	-14.9	-15.063
SPAC3G9.17	ppt2	viable	Not_determined	4.865	0.437	6.274	6.954	11.873	19.591	12.637	10.371	1.79	79.617	0.993283	0.145	0.030452	-21.075	-21.237
SPAC3H1.01c	orc3	inviable	E	4.112	0.648	1.248	1.636	4.44	8.841	7.205	3.584	1.513	99.195	0.997132	0.084	0.020012	-28.756	-28.918
SPAC3H1.02c	sdd3	viable	V	0.473	0.047	0.0	0.618	5.082	12.088	11.47	3.719	0.174	10.94	0.88769	0.059	0.112582	-33.678	-33.841
SPAC3H1.03	mug151	viable	V	0.2	0.01	-0.0	1.191	9.809	23.33	22.139	7.178	0.074	3.595	0.797572	0.028	0.150159	-44.093	-44.255
SPAC3H1.04c	mdm31	viable	V	2.37	0.092	1.065	2.643	14.058	31.972	29.329	10.573	0.872	33.632	0.987001	0.074	0.035936	-30.358	-30.521
SPAC3H1.05	ste24	viable	V	0.793	0.133	2.156	2.521	5.157	9.294	6.773	4.352	0.292	18.592	0.724333	0.205	0.18297	-16.204	-16.366
SPAC3H1.06c	SPAC3H1.06c	viable	V	0.745	0.023	0.0	1.957	16.111	38.322	36.365	11.79	0.274	9.546	0.314855	0.198	0.281596	-16.656	-16.818
SPAC3H1.07	aru1	viable	V	0.726	0.122	1.547	1.912	4.548	8.685	6.773	3.743	0.267	17.458	0.876585	0.11	0.120073	-24.949	-25.112
SPAC3H1.08c	SPAC3H1.08c	viable	V	0.655	0.11	4.354	4.719	7.355	11.492	6.773	6.55	0.241	13.918	0.831356	0.119	0.168807	-23.78	-23.942
SPAC3H1.09c	avt3	viable	V	1.512	0.253	2.954	3.319	5.955	10.092	6.773	5.15	0.556	34.234	0.913409	0.201	0.113989	-16.481	-16.643
SPAC3H1.10	pcs2	viable	V	-0.32	0.01	-0.0	1.928	15.878	37.766	35.838	11.619	-0.118	-0.07	-0.00181	0.219	0.295384	-15.288	-15.45
SPAC3H1.11	hsr1	viable	V	-1.0	0.031	0.157	2.105	16.194	38.304	36.199	11.893	-0.368	-0.23	-1.814343	0.215	0.583318	-15.542	-15.704
SPAC3H1.12c	snt2	viable	V	0.995	0.054	0.0	1.132	9.319	22.166	21.034	6.82	0.366	18.34	0.92243	0.089	0.098071	-27.829	-27.991
SPAC3H1.13	ppk13	viable	V	1.213	0.041	2.739	4.53	17.479	37.798	33.269	13.525	0.446	14.123	0.733807	0.193	0.155821	-17.026	-17.189
SPAC3H5.06c	pol1	inviable	E	3.848	0.645	-0.0	0.364	3.001	7.138	6.773	2.196	1.416	98.336	0.976099	0.202	0.052192	-16.383	-16.545
SPAC3H5.07	rpl702	viable	V	4.044	0.312	0.112	0.905	6.637	15.632	14.727	4.887	1.488	86.402	0.973333	0.226	0.055391	-14.821	-14.984
SPAC3H5.08c	wdr44	viable	V	0.323	0.021	1.31	2.247	9.024	19.659	17.412	6.955	0.119	6.113	0.183629	0.303	0.278697	-10.732	-10.894
SPAC3H5.09c	hob2	viable	V	0.535	0.09	0.0	0.364	3.001	7.138	6.773	2.196	0.197	13.681	0.686134	0.127	0.176075	-22.857	-23.019
SPAC3H8.02	csr102	viable	V	-0.464	-0.078	-0.0	0.364	3.001	7.138	6.773	2.196	-0.171	-11.856	0.212587	0.192	0.315422	-17.074	-17.236
SPAC3H8.03	img2	viable	V	0.582	0.049	7.042	7.773	13.064	21.367	13.594	11.449	0.214	8.82	0.782489	0.113	0.162914	-24.517	-24.68
SPAC3H8.04	SPAC3H8.04	viable	V	0.58	0.097	2.89	3.254	5.89	10.027	6.773	5.085	0.213	13.177	0.50926	0.312	0.223481	-10.317	-10.48
SPAC3H8.05c	mms1	viable	V	3.762	0.396	6.397	6.977	11.173	17.758	10.782	9.892	1.384	64.565	0.996475	0.087	0.022979	-28.157	-28.319
SPAC3H8.06	aur1	inviable	E	4.545	0.678	-0.0	0.409	3.37	8.015	7.606	2.466	1.672	114.192	0.920506	0.454	0.091669	-5.068	-5.231
SPAC3H8.07c	pfd3	viable	V	2.652	0.444	3.276	3.641	6.277	10.414	6.773	5.472	0.976	59.189	0.9107	0.332	0.115295	-9.444	-9.607
SPAC3H8.08c	SPAC3H8.08c	viable	V	0.264	0.044	3.69	4.054	6.691	10.828	6.773	5.886	0.097	5.784	0.581997	0.129	0.220805	-22.653	-22.815
SPAC3H8.09c	nab3	viable	V	0.278	0.047	1.17	1.534	4.17	8.307	6.773	3.366	0.102	6.79	0.323605	0.176	0.278097	-18.319	-18.481
SPAC3H8.10	spo20	condition-dependent	V	4.202	0.482	0.55	1.081	4.929	10.965	9.884	3.754	1.546	98.443	0.993934	0.119	0.027525	-23.792	-23.955
SPAC458.02c	SPAC458.02c	viable	V	0.679	0.114	-0.0	0.364	3.001	7.138	6.773	2.196	0.25	17.357	0.548158	0.177	0.190399	-18.207	-18.369
SPAC458.03	tel2	inviable	E	4.274	0.703	1.08	1.451	4.137	8.352	6.901	3.317	1.572	104.469	0.998502	0.062	0.014535	-32.904	-33.066
SPAC458.04c	dli1	viable	V	1.313	0.22	0.858	1.222	3.858	7.995	6.773	3.054	0.483	32.463	0.661775	0.351	0.19896	-8.659	-8.821
SPAC458.05	pik3	viable	V	2.696	0.153	6.034	7.107	14.873	27.058	19.951	12.502	0.992	35.887	0.985804	0.105	0.040845	-25.508	-25.67
SPAC458.06	atg1803	viable	V	-0.17	0.005	0.0	1.949	16.048	38.172	36.223	11.744	-0.063	-0.037	0.011009	0.063	0.298015	-32.798	-32.96
SPAC458.07	tfa1	inviable	E	3.866	0.521	1.04	1.493	4.772	9.917	8.424	3.771	1.422	91.624	0.98772	0.162	0.040679	-19.501	-19.663
SPAC4A8.02c	SPAC4A8.02c	viable	V	-0.121	-0.02	0.0	0.364	3.001	7.138	6.773	2.196	-0.044	-3.082	0.024183	0.182	0.299522	-17.844	-18.006
SPAC4A8.03c	ptc4	condition-dependent	V	1.749	0.117	0.456	1.367	7.961	18.308	16.94	5.948	0.644	34.894	0.935976	0.153	0.085816	-20.297	-20.46
SPAC4A8.04	isp6	viable	V	3.13	0.524	-0.0	0.364	3.001	7.138	6.773	2.196	1.151	79.979	0.878184	0.37	0.104578	-7.908	-8.07
SPAC4A8.05c	myp2	condition-dependent	V	0.642	0.024	0.0	1.608	13.243	31.499	29.891	9.691	0.236	9.545	0.888491	0.064	0.108407	-32.493	-32.655
SPAC4A8.06c	SPAC4A8.06c	viable	V	0.931	0.156	11.052	11.417	14.053	18.19	6.773	13.248	0.343	13.548	0.933769	0.09	0.09428	-27.735	-27.897
SPAC4A8.07c	lcb4	viable	V	0.549	0.08	1.741	2.159	5.182	9.927	7.768	4.259	0.202	12.807	0.948202	0.051	0.081875	-35.527	-35.689
SPAC4A8.08c	vrs2	inviable	E	4.193	0.684	4.896	5.27	7.976	12.223	6.953	7.15	1.543	86.417	0.996727	0.1	0.02381	-26.179	-26.342
SPAC4A8.09c	cwf21	viable	V	0.89	0.082	1.711	2.371	7.14	14.623	12.253	5.684	0.327	18.765	0.96374	0.064	0.06744	-32.425	-32.587
SPAC4A8.10	rog1	viable	V	0.943	0.087	0.0	0.66	5.431	12.918	12.258	3.974	0.347	21.43	0.947023	0.075	0.072603	-30.21	-30.372
SPAC4A8.11c	fas2	inviable	E	4.211	0.705	0.0	0.364	3.001	7.138	6.773	2.196	1.549	107.604	0.991241	0.138	0.032049	-21.71	-21.873
SPAC4A8.12c	sds22	inviable	E	4.002	0.581	1.534	1.955	4.995	9.766	7.811	4.067	1.472	94.164	0.998299	0.064	0.015499	-32.588	-32.75
SPAC4A8.13c	pts1	inviable	E	4.343	0.716	-0.0	0.37	3.048	7.25	6.88	2.231	1.598	110.736	0.966962	0.279	0.060458	-11.892	-12.055
SPAC4A8.14	SPAC4A8.14	viable	V	0.715	0.023	-0.0	1.893	15.585	37.071	35.178	11.405	0.263	9.412	0.659084	0.116	0.209758	-24.108	-24.27
SPAC4A8.15c	cdc3	inviable	E	4.161	0.571	1.282	1.727	4.946	9.997	8.27	3.963	1.531	97.951	0.955391	0.341	0.077352	-9.079	-9.242
SPAC4A8.16c	tif303	inviable	E	4.222	0.707	-0.0	0.364	3.001	7.138	6.773	2.196	1.553	107.88	0.987935	0.162	0.037184	-19.517	-19.679
SPAC4C5.01	pud1	viable	V	1.378	0.231	-0.0	0.364	3.001	7.138	6.773	2.196	0.507	35.217	0.412981	0.556	0.27084	-2.21	-2.372
SPAC4C5.02c	ryh1	condition-dependent	V	4.78	0.547	1.999	2.533	6.393	12.45	9.917	5.214	1.758	105.094	0.980018	0.26	0.051603	-12.849	-13.011
SPAC4C5.03	SPAC4C5.03	viable	V	1.141	0.176	0.726	1.121	3.981	8.467	7.346	3.108	0.42	28.02	0.87278	0.16	0.111943	-19.62	-19.782
SPAC4C5.04	rad31	viable	V	4.189	0.429	4.522	5.119	9.437	16.212	11.092	8.119	1.541	79.066	0.990993	0.152	0.037645	-20.401	-20.563
SPAC4D7.01c	sec71	viable	V	0.323	0.054	5.94	6.304	8.941	13.078	6.773	8.136	0.119	6.34	0.557706	0.161	0.220188	-19.534	-19.697
SPAC4D7.02c	pgc1	viable	V	0.3	0.05	3.345	3.71	6.346	10.483	6.773	5.541	0.11	6.673	0.348308	0.244	0.264909	-13.765	-13.927
SPAC4D7.03	pop2	viable	V	0.332	0.037	0.0	0.547	4.5	10.703	10.157	3.293	0.122	7.903	0.858342	0.049	0.122641	-36.172	-36.334
SPAC4D7.04c	rer2	inviable	E	4.327	0.58	1.031	1.487	4.78	9.948	8.462	3.775	1.592	102.504	0.987514	0.181	0.041196	-17.922	-18.084
SPAC4D7.05	sum1	inviable	E	3.259	0.546	-0.0	0.364	3.001	7.138	6.773	2.196	1.199	83.276	0.94707	0.249	0.079148	-13.469	-13.631
SPAC4D7.06c	met8	viable	V	0.383	0.064	-0.0	0.364	3.001	7.138	6.773	2.196	0.141	9.794	-0.198943	0.393	0.322413	-7.063	-7.225
SPAC4D7.07c	csi2	viable	V	1.075	0.18	-0.0	0.364	3.001	7.138	6.773	2.196	0.395	27.462	0.384526	0.321	0.233352	-9.894	-10.056
SPAC4D7.08c	ade4	viable	Not_determined	0.784	0.075	0.0	0.635	5.224	12.426	11.792	3.823	0.288	18.001	0.89008	0.1	0.113544	-26.168	-26.33
SPAC4D7.09	tif223	inviable	E	4.219	0.621	0.634	1.049	4.049	8.757	7.708	3.133	1.552	103.214	0.996594	0.09	0.020769	-27.674	-27.836
SPAC4D7.10c	spt20	viable	V	1.025	0.143	6.537	6.974	10.133	15.09	8.116	9.169	0.377	18.841	0.842425	0.18	0.136449	-18.009	-18.171
SPAC4D7.11	dsc4	viable	V	0.323	0.054	1.181	1.546	4.182	8.319	6.773	3.377	0.119	7.891	0.512071	0.131	0.245357	-22.506	-22.668
SPAC4D7.12c	fet5	inviable	E	4.775	0.8	0.541	0.906	3.542	7.679	6.773	2.737	1.757	119.562	0.997575	0.086	0.017978	-28.42	-28.582
SPAC4D7.13	prp40	inviable	E	4.936	0.724	5.277	5.693	8.706	13.433	7.74	7.786	1.816	97.848	0.996367	0.124	0.025223	-23.214	-23.376
SPAC4D7.15	gem6	unknown	Not_determined	5.27	0.883	4.268	4.633	7.269	11.406	6.773	6.464	1.939	112.396	0.996389	0.134	0.025423	-22.125	-22.287
SPAC4F10.02	ape4	viable	V	-0.265	-0.008	0.414	2.346	16.322	38.253	35.907	12.055	-0.097	-3.345	0.17553	0.212	0.253109	-15.693	-15.855
SPAC4F10.03c	trm7	inviable	E	5.067	0.513	-0.0	0.603	4.962	11.803	11.201	3.631	1.864	117.898	0.944989	0.415	0.073573	-6.324	-6.487
SPAC4F10.04	ypa1	viable	V	1.849	0.094	4.312	5.516	14.228	27.898	22.382	11.568	0.68	25.756	0.984721	0.073	0.042342	-30.716	-30.878
SPAC4F10.05c	lip2	viable	V	4.509	0.667	9.558	9.971	12.958	17.644	7.673	12.046	1.659	70.252	0.996803	0.101	0.02231	-26.137	-26.3
SPAC4F10.06	bud22	viable	V	4.442	0.555	0.229	0.718	4.251	9.795	9.077	3.172	1.634	107.262	0.992968	0.133	0.029187	-22.228	-22.39
SPAC4F10.07c	atg13	viable	V	0.299	0.009	0.0	1.957	16.116	38.334	36.377	11.794	0.11	3.825	0.458481	0.089	0.252141	-27.946	-28.109
SPAC4F10.08	mug126	viable	V	0.52	0.087	-0.0	0.364	3.001	7.138	6.773	2.196	0.191	13.298	0.406937	0.195	0.273434	-16.909	-17.071
SPAC4F10.09c	noc1	inviable	E	4.95	0.818	0.157	0.526	3.199	7.392	6.865	2.383	1.821	125.532	0.981608	0.239	0.047281	-14.041	-14.203
SPAC4F10.10c	mnn9	condition-dependent	E	3.591	0.602	-0.0	0.364	3.001	7.138	6.773	2.196	1.321	91.774	0.880795	0.445	0.122061	-5.338	-5.501
SPAC4F10.11	spn1	viable	V	0.619	0.048	0.0	0.793	6.532	15.536	14.742	4.78	0.228	13.285	0.721842	0.131	0.181717	-22.473	-22.636
SPAC4F10.12	fta1	inviable	E	3.653	0.406	3.286	3.836	7.814	14.056	10.219	6.6	1.344	75.077	0.991001	0.14	0.035868	-21.494	-21.656
SPAC4F10.13c	mpd2	viable	V	1.311	0.092	1.22	2.089	8.38	18.252	16.162	6.46	0.482	25.705	0.990248	0.045	0.035796	-37.439	-37.601
SPAC4F10.14c	btf3	viable	V	2.853	0.185	0.0	0.944	7.769	18.48	17.536	5.685	1.05	57.289	0.835395	0.406	0.12475	-6.609	-6.771
SPAC4F10.15c	wsp1	condition-dependent	V	1.439	0.079	0.0	1.109	9.131	21.72	20.611	6.682	0.529	26.807	0.983241	0.059	0.043104	-33.58	-33.742
SPAC4F10.16c	SPAC4F10.16c	viable	V	-0.1	-0.017	-0.0	0.364	3.001	7.138	6.773	2.196	-0.037	-2.549	0.010189	0.148	0.308565	-20.708	-20.87
SPAC4F10.17	SPAC4F10.17	viable	V	-0.514	-0.086	-0.0	0.364	3.001	7.138	6.773	2.196	-0.189	-13.128	0.404688	0.149	0.231339	-20.677	-20.839
SPAC4F10.18	nup37	viable	V	0.466	0.052	-0.0	0.55	4.532	10.78	10.23	3.317	0.171	11.075	0.180964	0.275	0.343863	-12.069	-12.231
SPAC4F10.19c	hit1	viable	V	1.856	0.293	6.19	6.577	9.375	13.765	7.188	8.521	0.683	35.62	0.964593	0.163	0.075327	-19.357	-19.519
SPAC4F10.20	grx1	viable	V	-0.085	-0.014	-0.0	0.364	3.001	7.138	6.773	2.196	-0.031	-2.162	-0.053598	0.28	0.372019	-11.815	-11.977
SPAC4F8.01	did4	viable	V	0.958	0.161	4.268	4.632	7.269	11.406	6.773	6.464	0.353	20.437	0.979408	0.056	0.056378	-34.245	-34.408
SPAC4F8.02c	mrpl40	inviable	E	4.007	0.547	2.592	3.04	6.275	11.351	8.312	5.287	1.474	89.014	0.986994	0.18	0.044872	-17.974	-18.136
SPAC4F8.03	sdo1	viable	V	4.88	0.591	1.745	2.249	5.896	11.62	9.371	4.783	1.795	109.89	0.997719	0.089	0.018486	-27.895	-28.058
SPAC4F8.04	rpf1	inviable	E	4.786	0.802	-0.0	0.364	3.001	7.138	6.773	2.196	1.761	122.299	0.877892	0.589	0.118837	-1.412	-1.574
SPAC4F8.05c	mrpl28	inviable	E	4.131	0.692	4.252	4.616	7.253	11.39	6.773	6.448	1.52	88.172	0.978417	0.251	0.058656	-13.337	-13.499
SPAC4F8.06	mrps12	inviable	E	4.236	0.71	3.782	4.146	6.783	10.92	6.773	5.978	1.558	92.393	0.925241	0.49	0.112732	-3.992	-4.154
SPAC4F8.07c	hxk2	condition-dependent	E	3.78	0.633	0.51	0.874	3.511	7.647	6.773	2.706	1.391	94.76	0.986688	0.159	0.039653	-19.743	-19.905
SPAC4F8.08	mug114	viable	V	0.96	0.088	3.836	4.499	9.298	16.829	12.33	7.833	0.353	18.171	0.873153	0.152	0.122871	-20.409	-20.571
SPAC4F8.10c	stg1	viable	V	0.218	0.036	-0.0	0.364	3.001	7.138	6.773	2.196	0.08	5.567	0.726623	0.038	0.162524	-39.891	-40.054
SPAC4F8.11	sea2	viable	V	0.256	0.008	0.0	1.957	16.116	38.334	36.377	11.794	0.094	3.279	0.146743	0.205	0.319002	-16.2	-16.362
SPAC4F8.12c	spp42	inviable	E	4.313	0.723	-0.0	0.364	3.001	7.138	6.773	2.196	1.587	110.214	0.989728	0.153	0.035518	-20.278	-20.44
SPAC4F8.13c	rng2	inviable	E	4.285	0.649	2.41	2.812	5.727	10.299	7.487	4.837	1.576	97.793	0.998774	0.06	0.013963	-33.408	-33.57
SPAC4F8.14c	hcs1	inviable	E	3.863	0.647	0.693	1.058	3.694	7.831	6.773	2.889	1.421	96.156	0.980191	0.203	0.051294	-16.319	-16.481
SPAC4F8.15	itr1	viable	V	0.226	0.038	-0.0	0.364	3.001	7.138	6.773	2.196	0.083	5.774	0.387352	0.091	0.222517	-27.521	-27.683
SPAC4G8.02c	sss1	inviable	E	3.775	0.509	0.326	0.779	4.055	9.195	8.416	3.055	1.389	92.097	0.974987	0.217	0.053714	-15.414	-15.576
SPAC4G8.03c	puf5	viable	V	0.949	0.159	-0.0	0.364	3.001	7.138	6.773	2.196	0.349	24.246	0.844876	0.132	0.130211	-22.346	-22.508
SPAC4G8.04	SPAC4G8.04	viable	V	0.076	-0.011	0.0	0.434	3.574	8.5	8.066	2.615	0.028	0.004	-0.075204	0.249	0.294328	-13.481	-13.643
SPAC4G8.05	ppk14	viable	V	-0.333	-0.056	0.0	0.364	3.001	7.138	6.773	2.196	-0.123	-8.51	0.578987	0.103	0.259643	-25.847	-26.009
SPAC4G8.06c	trm12	viable	V	0.598	0.079	0.0	0.461	3.793	9.022	8.561	2.776	0.22	14.721	0.552073	0.199	0.226322	-16.575	-16.737
SPAC4G8.07c	trm2	viable	V	0.793	0.044	0.0	1.101	9.067	21.567	20.465	6.635	0.292	14.827	0.98511	0.031	0.040264	-42.65	-42.812
SPAC4G8.08	mrs4	viable	V	0.863	0.028	1.143	3.03	16.685	38.111	35.08	12.516	0.318	10.651	0.756292	0.127	0.174861	-22.876	-23.039
SPAC4G8.09	SPAC4G8.09	inviable	E	3.767	0.539	3.013	3.439	6.523	11.363	7.924	5.582	1.386	82.847	0.975538	0.233	0.062036	-14.379	-14.541
SPAC4G8.10	gos1	viable	V	4.274	0.652	0.556	0.957	3.854	8.4	7.443	2.969	1.572	105.485	0.984825	0.193	0.041801	-17.031	-17.193
SPAC4G8.11c	atp10	viable	V	1.319	0.077	0.83	1.879	9.468	21.375	19.496	7.151	0.485	24.24	0.975248	0.069	0.055282	-31.5	-31.663
SPAC4G8.12c	smp3	inviable	E	3.901	0.653	1.236	1.6	4.237	8.374	6.773	3.432	1.435	95.004	0.997981	0.067	0.017144	-31.922	-32.085
SPAC4G8.13c	prz1	viable	V	0.053	-0.002	0.0	1.794	14.772	35.137	33.343	10.81	0.02	0.011	-0.028298	0.113	0.308364	-24.542	-24.705
SPAC4G9.02	rnh201	viable	V	-0.984	-0.165	-0.0	0.364	3.001	7.138	6.773	2.196	-0.362	-25.15	0.275003	0.397	0.254213	-6.931	-7.093
SPAC4G9.04c	pcf11	inviable	E	3.892	0.652	0.24	0.605	3.241	7.378	6.773	2.436	1.432	98.583	0.993694	0.11	0.027363	-24.846	-25.008
SPAC4G9.05	mpf1	viable	V	1.055	0.132	0.0	0.487	4.01	9.537	9.05	2.934	0.388	25.719	0.988527	0.04	0.037115	-39.061	-39.223
SPAC4G9.07	mug133	viable	V	0.227	0.038	0.0	0.364	3.001	7.138	6.773	2.196	0.084	5.811	0.173803	0.188	0.35461	-17.376	-17.538
SPAC4G9.08c	rpc2	inviable	E	4.204	0.704	0.239	0.604	3.24	7.377	6.773	2.435	1.547	106.488	0.994375	0.113	0.026508	-24.557	-24.72
SPAC4G9.09c	arg11	viable	V	1.204	0.109	0.63	1.304	6.178	13.828	12.524	4.69	0.443	26.485	0.946916	0.103	0.077393	-25.842	-26.004
SPAC4G9.10	arg3	viable	V	1.147	0.04	3.395	5.145	17.805	37.67	32.525	13.94	0.422	13.024	0.862339	0.116	0.118264	-24.099	-24.262
SPAC4G9.11c	cmb1	viable	V	-0.336	0.056	16.055	16.42	19.056	23.193	6.773	18.251	-0.123	-4.227	0.062281	0.334	0.326877	-9.363	-9.526
SPAC4G9.12	idn1	viable	V	0.513	0.036	0.0	0.865	7.12	16.936	16.072	5.211	0.189	10.664	0.126591	0.341	0.291002	-9.072	-9.234
SPAC4G9.13c	vps26	viable	V	1.109	0.035	0.0	1.957	16.116	38.334	36.377	11.794	0.408	14.207	0.908777	0.084	0.090665	-28.609	-28.771
SPAC4G9.14	sym1	viable	V	0.344	0.058	0.803	1.168	3.804	7.941	6.773	2.999	0.127	8.525	0.538764	0.131	0.238712	-22.45	-22.612
SPAC4G9.15	ifa38	viable	V	4.852	0.813	1.45	1.814	4.45	8.587	6.773	3.646	1.785	117.157	0.995383	0.127	0.026312	-22.903	-23.066
SPAC4G9.16c	rpl901	viable	V	4.319	0.318	-0.0	0.829	6.827	16.24	15.41	4.996	1.589	91.251	0.935608	0.362	0.084517	-8.233	-8.395
SPAC4G9.17c	mrp5	inviable	E	4.205	0.602	3.593	4.02	7.108	11.952	7.932	6.165	1.547	90.029	0.987772	0.193	0.043313	-17.043	-17.206
SPAC4G9.19	SPAC4G9.19	viable	V	-0.521	-0.087	5.94	6.305	8.941	13.078	6.773	8.136	-0.192	-10.243	0.841309	0.116	0.136285	-24.161	-24.323
SPAC4G9.20c	ymc1	viable	V	0.644	0.047	0.0	0.835	6.872	16.346	15.511	5.029	0.237	13.562	0.83383	0.094	0.136421	-27.083	-27.245
SPAC4G9.22	SPAC4G9.22	unknown	Not_determined	0.415	0.07	-0.0	0.364	3.001	7.138	6.773	2.196	0.153	10.612	0.163642	0.205	0.356325	-16.194	-16.356
SPAC4H3.01	SPAC4H3.01	viable	V	-0.66	-0.11	1.139	1.503	4.14	8.277	6.773	3.335	-0.243	-16.129	0.741615	0.156	0.196701	-19.977	-20.139
SPAC4H3.03c	SPAC4H3.03c	viable	V	-0.493	-0.083	1.679	2.043	4.68	8.817	6.773	3.875	-0.181	-11.79	0.434132	0.246	0.257109	-13.646	-13.808
SPAC4H3.04c	SPAC4H3.04c	viable	V	-0.385	-0.064	-0.0	0.364	3.001	7.138	6.773	2.196	-0.142	-9.833	0.778226	0.064	0.141547	-32.396	-32.558
SPAC4H3.05	srs2	viable	V	0.932	0.056	1.567	2.575	9.864	21.302	18.727	7.639	0.343	16.827	0.969599	0.056	0.062321	-34.316	-34.478
SPAC4H3.06	rss1	viable	V	0.224	0.038	-0.0	0.364	3.001	7.138	6.773	2.196	0.082	5.721	-0.158944	0.401	0.334874	-6.799	-6.961
SPAC4H3.07c	rdl2	viable	V	-1.0	0.031	0.0	1.957	16.116	38.334	36.377	11.794	-0.368	-0.221	0.048081	0.263	0.279147	-12.716	-12.878
SPAC4H3.08	fox2	inviable	E	1.517	0.254	-0.0	0.364	3.001	7.138	6.773	2.196	0.558	38.757	0.573085	0.422	0.183065	-6.068	-6.23
SPAC4H3.09	SPAC4H3.09	inviable	E	2.957	0.495	2.375	2.739	5.375	9.512	6.773	4.571	1.088	68.661	0.980282	0.173	0.056307	-18.578	-18.741
SPAC4H3.11c	ppc89	inviable	E	4.096	0.686	0.877	1.241	3.877	8.014	6.773	3.073	1.507	101.219	0.98346	0.198	0.047061	-16.674	-16.836
SPAC4H3.13	pcc1	viable	V	5.18	0.659	0.66	1.14	4.609	10.054	8.914	3.55	1.905	123.374	0.919951	0.556	0.093785	-2.226	-2.388
SPAC4H3.14c	rng8	viable	V	0.308	0.052	-0.0	0.364	3.001	7.138	6.773	2.196	0.113	7.866	0.255367	0.123	0.304566	-23.298	-23.461
SPAC4H3.16	SPAC4H3.16	unknown	Not_determined	-0.058	0.01	0.0	0.364	3.001	7.138	6.773	2.196	-0.021	-0.002	-0.170858	0.152	0.359039	-20.386	-20.548
SPAC513.01c	eft201	viable	V	0.576	0.021	-0.0	1.695	13.958	33.2	31.505	10.214	0.212	8.242	0.742833	0.077	0.163644	-29.911	-30.073
SPAC513.02	SPAC513.02	viable	V	-0.272	0.046	13.204	13.568	16.205	20.342	6.773	15.4	-0.1	-2.654	-0.653199	0.184	0.477625	-17.708	-17.87
SPAC513.03	mfm2	viable	V	-0.279	0.047	16.311	16.675	19.312	23.448	6.773	18.507	-0.103	-3.591	-0.031897	0.333	0.353609	-9.39	-9.553
SPAC513.04	SPAC513.04	viable	V	-0.801	0.026	-0.0	1.902	15.658	37.243	35.341	11.458	-0.295	-0.172	-3.457412	0.181	0.72284	-17.896	-18.058
SPAC513.05	ams1	viable	V	0.521	0.087	-0.0	0.364	3.001	7.138	6.773	2.196	0.192	13.31	0.577605	0.146	0.176109	-20.956	-21.118
SPAC513.06c	dhd1	viable	V	0.185	0.006	1.203	3.087	16.715	38.099	35.012	12.554	0.068	2.283	0.049168	0.317	0.306344	-10.068	-10.23
SPAC513.07	SPAC513.07	viable	V	2.617	-0.084	0.0	1.892	15.576	37.049	35.157	11.398	0.963	0.559	0.006349	0.524	0.316855	-3.046	-3.208
SPAC521.02	wss1	viable	V	-1.0	0.031	0.0	1.957	16.116	38.334	36.377	11.794	-0.368	-0.221	-0.961631	0.177	0.467002	-18.28	-18.442
SPAC521.03	SPAC521.03	viable	V	1.556	0.261	-0.0	0.364	3.001	7.138	6.773	2.196	0.572	39.755	0.708758	0.298	0.154583	-10.955	-11.117
SPAC521.04c	sst1	viable	V	0.808	0.135	0.831	1.195	3.832	7.968	6.773	3.027	0.297	20.014	0.937902	0.079	0.093509	-29.501	-29.663
SPAC56E4.02c	alg13	inviable	E	1.459	0.244	-0.0	0.364	3.001	7.138	6.773	2.196	0.537	37.275	0.14348	0.855	0.359133	3.808	3.646
SPAC56E4.03	SPAC56E4.03	viable	V	2.25	0.132	1.182	2.226	9.773	21.616	19.391	7.469	0.828	40.729	0.997187	0.039	0.017798	-39.421	-39.583
SPAC56E4.04c	cut6	inviable	E	4.28	0.717	0.363	0.728	3.364	7.501	6.773	2.559	1.575	107.907	0.997405	0.078	0.018365	-29.633	-29.795
SPAC56E4.05	snd2	inviable	E	5.234	0.732	2.415	2.852	6.007	10.959	8.108	5.044	1.925	117.75	0.97338	0.339	0.059455	-9.146	-9.309
SPAC56E4.06c	ggt2	viable	V	0.821	0.138	-0.0	0.364	3.001	7.138	6.773	2.196	0.302	20.977	0.766886	0.155	0.15098	-20.109	-20.271
SPAC56E4.07	SPAC56E4.07	viable	V	-1.0	0.031	0.0	1.957	16.116	38.334	36.377	11.794	-0.368	-0.221	-1.122557	0.17	0.473381	-18.773	-18.935
SPAC56F8.02	cmr2	viable	V	1.913	0.321	-0.0	0.364	3.001	7.138	6.773	2.196	0.704	48.891	0.890434	0.209	0.102896	-15.917	-16.079
SPAC56F8.03	tif52	inviable	E	3.885	0.651	0.059	0.424	3.06	7.197	6.773	2.255	1.429	99.074	0.989068	0.143	0.036646	-21.204	-21.366
SPAC56F8.04c	ppt1	condition-dependent	V	2.641	0.172	6.646	7.583	14.355	24.983	17.4	12.288	0.972	36.445	0.99318	0.072	0.028853	-30.855	-31.017
SPAC56F8.05c	mug64	viable	V	0.905	0.034	0.0	1.646	13.551	32.233	30.587	9.917	0.333	13.237	0.763409	0.139	0.165265	-21.644	-21.806
SPAC56F8.06c	alg10	viable	V	2.861	-0.089	-0.0	1.957	16.116	38.334	36.377	11.794	1.052	0.632	0.028055	0.471	0.336594	-4.534	-4.696
SPAC56F8.07	ema19	inviable	Not_determined	0.347	0.058	0.0	0.364	3.001	7.138	6.773	2.196	0.128	8.857	0.816912	0.052	0.12872	-35.356	-35.518
SPAC56F8.08	mud1	viable	V	-0.631	-0.106	5.493	5.857	8.493	12.63	6.773	7.689	-0.232	-12.682	0.220143	0.744	0.279242	1.858	1.696
SPAC56F8.09	rrp8	viable	V	1.12	0.083	1.592	2.421	8.416	17.825	15.404	6.586	0.412	21.979	0.986441	0.047	0.043298	-36.852	-37.014
SPAC56F8.10	met9	inviable	E	4.084	0.601	0.303	0.719	3.722	8.434	7.715	2.805	1.503	101.21	0.993453	0.119	0.028569	-23.846	-24.008
SPAC56F8.11	spc3	inviable	E	4.104	0.688	0.198	0.562	3.199	7.336	6.773	2.394	1.51	104.117	0.993306	0.12	0.028928	-23.711	-23.874
SPAC56F8.12	SPAC56F8.12	viable	V	1.49	0.25	-0.0	0.364	3.001	7.138	6.773	2.196	0.548	38.088	0.485379	0.356	0.228249	-8.475	-8.637
SPAC56F8.13	SPAC56F8.13	unknown	Not_determined	0.308	0.052	0.829	1.193	3.83	7.967	6.773	3.025	0.113	7.616	0.046122	0.514	0.288844	-3.306	-3.468
SPAC56F8.14c	mug115	viable	V	0.577	0.087	0.0	0.406	3.339	7.943	7.537	2.444	0.212	14.504	0.921814	0.058	0.092	-33.761	-33.924
SPAC56F8.15	SPAC56F8.15	unknown	Not_determined	0.605	0.101	-0.0	0.364	3.001	7.138	6.773	2.196	0.222	15.45	0.528109	0.163	0.231625	-19.371	-19.533
SPAC56F8.16	esc1	viable	V	-1.0	0.031	0.0	1.957	16.116	38.334	36.377	11.794	-0.368	-0.221	0.062956	0.196	0.32433	-16.822	-16.985
SPAC57A10.02	cdr2	viable	V	1.539	0.101	4.261	5.19	11.911	22.458	17.268	9.859	0.566	24.849	0.954587	0.113	0.07716	-24.473	-24.635
SPAC57A10.03	cyp1	viable	V	-0.375	-0.046	0.0	0.503	4.143	9.854	9.351	3.032	-0.138	-9.093	0.946483	0.031	0.074326	-42.568	-42.731
SPAC57A10.04	mug10	viable	V	0.549	0.039	0.0	0.861	7.084	16.849	15.988	5.184	0.202	11.443	0.667404	0.109	0.207823	-25.016	-25.178
SPAC57A10.05c	pof1	inviable	E	3.248	0.544	-0.0	0.364	3.001	7.138	6.773	2.196	1.195	83.002	0.948891	0.246	0.075254	-13.659	-13.822
SPAC57A10.06	mug15	viable	V	0.0	-0.0	-0.0	0.373	3.075	7.313	6.94	2.25	0.0	0.0	-0.083863	0.175	0.316907	-18.432	-18.595
SPAC57A10.07	SPAC57A10.07	viable	V	0.692	0.028	1.117	2.607	13.384	30.296	27.689	10.094	0.254	10.189	0.413275	0.237	0.265257	-14.132	-14.294
SPAC57A10.08c	SPAC57A10.08c	viable	V	1.006	-0.034	0.0	1.813	14.929	35.509	33.696	10.925	0.37	0.206	0.008053	0.334	0.327024	-9.343	-9.506
SPAC57A10.09c	nhp6	viable	V	0.669	0.112	0.526	0.89	3.527	7.664	6.773	2.722	0.246	16.749	0.666487	0.176	0.192778	-18.337	-18.499
SPAC57A10.10c	sla1	viable	V	1.415	0.149	4.574	5.153	9.342	15.916	10.762	8.064	0.521	26.873	0.980797	0.078	0.05591	-29.796	-29.958
SPAC57A10.11c	mia40	inviable	E	-0.034	0.006	0.0	0.368	3.027	7.2	6.832	2.215	-0.012	-0.001	-0.289356	0.157	0.364403	-19.884	-20.046
SPAC57A10.12c	ura3	viable	V	1.241	0.208	2.309	2.674	5.31	9.447	6.773	4.505	0.457	28.898	0.911901	0.169	0.113169	-18.912	-19.074
SPAC57A10.14	sgf11	viable	V	0.648	0.109	1.325	1.689	4.326	8.463	6.773	3.521	0.238	15.729	0.181867	0.57	0.296551	-1.87	-2.033
SPAC57A7.04c	pabp	viable	V	4.58	0.548	0.241	0.751	4.439	10.226	9.475	3.313	1.685	109.59	0.994707	0.119	0.025711	-23.802	-23.964
SPAC57A7.05	SPAC57A7.05	viable	V	0.533	0.04	-0.0	0.809	6.658	15.836	15.028	4.872	0.196	11.358	0.719827	0.099	0.171465	-26.338	-26.5
SPAC57A7.06	utp14	inviable	E	4.62	0.71	0.052	0.45	3.325	7.837	7.387	2.447	1.699	116.357	0.983275	0.211	0.045629	-15.768	-15.93
SPAC57A7.07c	SPAC57A7.07c	viable	V	-0.703	0.023	0.0	1.853	15.256	36.288	34.435	11.164	-0.259	-0.147	-0.632335	0.299	0.447155	-10.916	-11.079
SPAC57A7.08	pzh1	viable	V	0.898	0.044	8.927	10.164	19.112	33.152	22.988	16.38	0.331	8.694	0.847302	0.11	0.112429	-24.879	-25.041
SPAC57A7.10c	sec21	inviable	E	3.925	0.658	-0.0	0.364	3.001	7.138	6.773	2.196	1.444	100.311	0.987535	0.152	0.038528	-20.339	-20.502
SPAC57A7.11	mip1	inviable	E	4.529	0.759	-0.0	0.364	3.001	7.138	6.773	2.196	1.666	115.746	0.98826	0.17	0.036766	-18.783	-18.945
SPAC57A7.12	ssz1	viable	V	3.227	0.355	1.628	2.183	6.2	12.503	10.32	4.974	1.187	71.478	0.952128	0.272	0.08183	-12.227	-12.389
SPAC57A7.13	rbm10	viable	V	1.369	0.229	-0.0	0.364	3.001	7.138	6.773	2.196	0.504	34.979	0.440389	0.518	0.237508	-3.196	-3.358
SPAC57A7.15c	pex22	viable	Not_determined	2.058	0.345	10.395	10.76	13.396	17.533	6.773	12.591	0.757	31.286	0.974314	0.136	0.065253	-21.973	-22.135
SPAC589.02c	med13	viable	V	1.353	0.062	10.217	11.551	21.197	36.334	24.784	18.252	0.498	11.008	0.809659	0.146	0.135777	-20.929	-21.091
SPAC589.03c	noc12	viable	V	0.518	0.027	0.0	1.169	9.623	22.889	21.72	7.042	0.191	9.396	0.889462	0.051	0.118283	-35.539	-35.701
SPAC589.04	mtx2	inviable	E	4.464	0.633	1.886	2.316	5.432	10.32	8.004	4.48	1.642	103.03	0.99918	0.05	0.011094	-35.943	-36.105
SPAC589.05c	qng1	viable	V	2.563	0.429	1.656	2.021	4.657	8.794	6.773	3.852	0.943	61.361	0.910345	0.33	0.127062	-9.517	-9.679
SPAC589.06c	snd302	viable	V	1.725	0.251	3.866	4.286	7.32	12.08	7.794	6.393	0.635	36.589	0.849025	0.322	0.130524	-9.876	-10.038
SPAC589.07c	atg1801	viable	V	0.717	0.12	-0.0	0.364	3.001	7.138	6.773	2.196	0.264	18.33	0.04107	0.402	0.39138	-6.746	-6.909
SPAC589.08c	dam1	viable	V	-0.049	0.008	-0.0	0.364	3.0	7.135	6.77	2.195	-0.018	-0.002	-0.041821	0.114	0.340044	-24.371	-24.533
SPAC589.09	csr101	viable	V	1.124	0.188	-0.0	0.364	3.001	7.138	6.773	2.196	0.413	28.72	0.307867	0.571	0.262124	-1.854	-2.016
SPAC589.11	pth4	viable	V	1.028	0.172	-0.0	0.364	3.001	7.138	6.773	2.196	0.378	26.271	0.270929	0.612	0.283458	-0.881	-1.043
SPAC589.12	cwh43	viable	V	3.956	0.549	2.06	2.5	5.684	10.678	8.178	4.712	1.455	90.267	0.999884	0.017	0.004247	-51.292	-51.454
SPAC5D6.01	rps2202	viable	V	1.039	0.16	0.0	0.397	3.268	7.774	7.377	2.392	0.382	26.221	0.825023	0.169	0.128707	-18.869	-19.032
SPAC5D6.02c	mug165	viable	V	-0.521	-0.087	-0.0	0.364	3.001	7.138	6.773	2.196	-0.192	-13.306	0.47328	0.177	0.206587	-18.272	-18.434
SPAC5D6.04	SPAC5D6.04	viable	V	1.632	0.057	-0.0	1.741	14.336	34.099	32.358	10.491	0.6	22.892	0.619655	0.246	0.181829	-13.623	-13.785
SPAC5D6.05	med18	viable	V	4.013	0.261	3.139	4.077	10.867	21.521	17.443	8.794	1.476	68.811	0.986683	0.16	0.040191	-19.691	-19.854
SPAC5D6.06c	alg14	viable	V	4.601	0.761	0.747	1.116	3.787	7.979	6.863	2.972	1.693	114.068	0.983331	0.221	0.044003	-15.158	-15.32
SPAC5D6.07c	pxa1	viable	V	-0.701	0.022	0.0	1.938	15.954	37.947	36.01	11.675	-0.258	-0.153	-2.909132	0.231	0.573426	-14.544	-14.706
SPAC5D6.09c	mug86	viable	V	-0.561	-0.094	1.018	1.383	4.019	8.156	6.773	3.214	-0.207	-13.793	0.532176	0.212	0.284024	-15.705	-15.868
SPAC5D6.12	mtf2	viable	V	2.045	0.073	3.975	5.689	18.093	37.556	31.867	14.306	0.752	22.668	0.776371	0.279	0.147381	-11.85	-12.012
SPAC5D6.13	gpp74	viable	V	0.912	0.038	2.759	4.239	14.944	31.743	27.504	11.676	0.336	12.235	0.835769	0.123	0.135876	-23.388	-23.55
SPAC5H10.01	dgc1	viable	V	0.373	0.056	6.998	7.408	10.372	15.023	7.614	9.467	0.137	6.781	0.56447	0.183	0.214838	-17.805	-17.968
SPAC5H10.02c	hsp3102	viable	V	0.633	0.033	0.0	1.159	9.542	22.695	21.536	6.982	0.233	11.534	0.640472	0.131	0.187193	-22.452	-22.614
SPAC5H10.03	SPAC5H10.03	viable	V	0.841	0.141	-0.0	0.364	3.001	7.138	6.773	2.196	0.309	21.496	0.189399	0.41	0.327519	-6.481	-6.643
SPAC5H10.04	SPAC5H10.04	viable	V	-0.599	0.019	0.0	1.947	16.027	38.122	36.175	11.728	-0.22	-0.132	0.02199	0.224	0.327595	-14.961	-15.124
SPAC5H10.05c	SPAC5H10.05c	viable	V	0.244	0.02	0.0	0.757	6.23	14.819	14.062	4.559	0.09	5.32	0.624477	0.054	0.214872	-34.769	-34.931
SPAC5H10.06c	adh4	viable	V	0.364	0.061	0.0	0.364	3.001	7.138	6.773	2.196	0.134	9.298	0.614807	0.1	0.213568	-26.243	-26.405
SPAC5H10.07	SPAC5H10.07	viable	V	0.872	-0.028	0.0	1.916	15.779	37.532	35.616	11.547	0.321	0.189	0.002699	0.357	0.311816	-8.407	-8.569
SPAC5H10.08c	pan6	viable	V	-0.711	-0.119	-0.0	0.364	3.001	7.138	6.773	2.196	-0.261	-18.157	0.463366	0.224	0.24688	-14.951	-15.113
SPAC5H10.09c	ecm31	viable	V	-1.0	-0.055	-0.0	1.105	9.096	21.636	20.531	6.656	-0.368	-18.664	0.734638	0.166	0.148284	-19.134	-19.296
SPAC5H10.10	SPAC5H10.10	viable	V	-0.418	-0.07	-0.0	0.364	3.001	7.138	6.773	2.196	-0.154	-10.681	0.349775	0.14	0.248643	-21.552	-21.714
SPAC5H10.11	gmh1	viable	V	0.143	0.024	0.0	0.364	3.001	7.138	6.773	2.196	0.052	3.645	0.028274	0.359	0.325094	-8.333	-8.495
SPAC5H10.12c	otg1	viable	V	-1.0	0.031	0.0	1.957	16.116	38.334	36.377	11.794	-0.368	-0.221	-0.654531	0.158	0.419834	-19.808	-19.97
SPAC5H10.13c	gmh2	viable	V	1.986	0.333	4.395	4.759	7.396	11.533	6.773	6.591	0.731	42.107	0.498356	0.827	0.296774	3.338	3.175
SPAC607.02c	SPAC607.02c	viable	V	4.518	0.462	0.24	0.837	5.157	11.935	11.098	3.838	1.662	104.347	0.903578	0.526	0.095771	-2.982	-3.145
SPAC607.04	arg82	inviable	E	4.519	0.45	1.17	1.783	6.218	13.177	11.394	4.864	1.662	99.64	0.969366	0.295	0.060109	-11.099	-11.261
SPAC607.05	rpn9	inviable	E	2.89	0.484	0.791	1.155	3.791	7.928	6.773	2.987	1.063	71.654	0.990136	0.106	0.035798	-25.369	-25.531
SPAC607.06c	SPAC607.06c	viable	V	0.901	0.082	1.334	2.008	6.883	14.534	12.526	5.395	0.331	19.203	0.971472	0.057	0.063029	-33.988	-34.15
SPAC607.08c	mil1	viable	V	-0.493	-0.032	0.0	0.93	7.661	18.223	17.292	5.606	-0.181	-9.956	0.808822	0.085	0.147028	-28.49	-28.652
SPAC607.09c	btn1	viable	V	0.163	-0.006	0.0	1.793	14.762	35.114	33.321	10.803	0.06	0.033	-0.331847	0.08	0.367906	-29.389	-29.551
SPAC607.10	spo3	viable	V	-0.676	0.021	-0.0	1.948	16.038	38.147	36.2	11.736	-0.249	-0.149	-1.555353	0.179	0.541761	-18.102	-18.265
SPAC630.03	arp3	inviable	E	5.008	0.839	0.047	0.411	3.048	7.185	6.773	2.243	1.842	127.754	0.990244	0.174	0.033511	-18.445	-18.607
SPAC630.05	gyp7	viable	V	1.127	0.098	0.274	0.975	6.043	13.997	13.023	4.496	0.415	24.874	0.848975	0.163	0.133111	-19.357	-19.519
SPAC630.06c	SPAC630.06c	viable	V	0.888	0.028	0.0	1.957	16.116	38.334	36.377	11.794	0.327	11.38	0.747544	0.124	0.156248	-23.2	-23.362
SPAC630.07c	SPAC630.07c	viable	V	0.592	0.019	1.288	3.167	16.757	38.082	34.916	12.608	0.218	7.27	0.616042	0.138	0.21505	-21.764	-21.927
SPAC630.08c	erg25	inviable	E	5.151	0.863	0.32	0.684	3.32	7.457	6.773	2.516	1.895	130.085	0.981044	0.257	0.047367	-13.008	-13.17
SPAC630.09c	mug58	viable	V	0.688	0.054	-0.0	0.784	6.455	15.354	14.57	4.724	0.253	14.826	0.805873	0.107	0.140497	-25.318	-25.48
SPAC630.10	bmt2	viable	V	0.443	0.07	0.0	0.387	3.184	7.574	7.187	2.33	0.163	11.226	0.388392	0.204	0.231166	-16.247	-16.409
SPAC630.11	vps55	viable	V	0.32	0.054	0.0	0.364	3.001	7.138	6.773	2.196	0.118	8.168	0.504973	0.123	0.230576	-23.323	-23.486
SPAC630.12	ted2	inviable	E	3.933	0.659	0.95	1.314	3.951	8.088	6.773	3.146	1.447	96.895	0.992453	0.129	0.03199	-22.718	-22.881
SPAC630.13c	tsc2	viable	V	2.683	0.146	2.891	4.012	12.121	24.846	20.834	9.646	0.987	42.576	0.995518	0.058	0.022896	-33.863	-34.026
SPAC630.14c	tup12	viable	V	1.99	0.113	4.247	5.323	13.106	25.318	19.995	10.73	0.732	29.776	0.981557	0.087	0.047201	-28.187	-28.35
SPAC630.15	mug177	viable	V	0.234	0.009	0.0	1.546	12.728	30.275	28.729	9.314	0.086	3.582	0.543349	0.057	0.238735	-34.209	-34.372
SPAC631.01c	acp2	viable	V	0.478	-0.016	0.0	1.877	15.456	36.763	34.886	11.311	0.176	0.101	-0.174702	0.198	0.354773	-16.701	-16.863
SPAC631.02	bdf2	viable	V	2.231	0.296	0.113	0.574	3.906	9.134	8.56	2.888	0.821	54.715	0.960578	0.16	0.069776	-19.699	-19.862
SPAC637.03	SPAC637.03	viable	V	-0.791	0.133	-0.0	0.364	3.001	7.138	6.773	2.196	-0.291	-0.033	-0.453256	0.481	0.373612	-4.24	-4.403
SPAC637.04	ypp1	inviable	E	4.491	0.752	1.037	1.402	4.038	8.175	6.773	3.233	1.652	110.255	0.994415	0.126	0.027167	-22.952	-23.115
SPAC637.05c	vma2	inviable	E	2.45	0.302	0.984	1.479	5.063	10.686	9.206	3.969	0.901	57.213	0.816998	0.425	0.137012	-5.992	-6.155
SPAC637.06	gmh5	viable	V	3.799	0.25	4.664	5.59	12.289	22.8	17.21	10.244	1.398	59.962	0.961659	0.269	0.066387	-12.362	-12.524
SPAC637.07	moe1	viable	V	2.441	0.297	0.977	1.478	5.105	10.795	9.318	3.997	0.898	56.887	0.996773	0.051	0.020716	-35.527	-35.689
SPAC637.08	nbp35	inviable	E	4.836	0.81	0.176	0.54	3.177	7.314	6.773	2.372	1.779	122.777	0.994841	0.124	0.025549	-23.278	-23.44
SPAC637.09	rex1	viable	V	3.919	0.303	3.283	4.074	9.795	18.771	14.697	8.048	1.442	71.774	0.99949	0.032	0.008257	-42.151	-42.313
SPAC637.10c	rpn10	viable	V	1.781	0.099	0.763	1.858	9.781	22.213	20.355	7.362	0.655	32.157	0.929755	0.158	0.093118	-19.863	-20.026
SPAC637.11	rpm2	viable	V	1.07	0.071	0.334	1.258	7.94	18.425	17.167	5.9	0.394	21.341	0.947009	0.087	0.077492	-28.157	-28.319
SPAC637.12c	mst1	inviable	E	3.891	0.432	1.681	2.231	6.212	12.457	10.226	4.996	1.432	86.171	0.993172	0.121	0.030787	-23.515	-23.677
SPAC637.13c	slm1	viable	V	0.44	0.074	-0.0	0.364	3.001	7.138	6.773	2.196	0.162	11.253	-0.166547	0.465	0.369363	-4.73	-4.893
SPAC644.04	pct1	inviable	E	4.16	0.518	3.181	3.672	7.221	12.79	9.118	6.137	1.53	88.253	0.99119	0.156	0.035942	-20.018	-20.18
SPAC644.05c	dut1	inviable	E	5.02	0.841	-0.0	0.364	3.001	7.138	6.773	2.196	1.847	128.287	0.971953	0.294	0.05657	-11.15	-11.312
SPAC644.06c	cdr1	viable	V	1.263	0.212	0.402	0.767	3.403	7.54	6.773	2.598	0.465	31.793	0.563358	0.404	0.206308	-6.698	-6.86
SPAC644.07	bcs1	viable	V	1.647	0.058	0.0	1.74	14.32	34.06	32.321	10.479	0.606	23.128	0.96515	0.08	0.058224	-29.289	-29.451
SPAC644.08	utr4	viable	V	-0.549	-0.03	13.598	14.725	22.878	35.673	20.948	20.389	-0.202	-3.578	0.121635	0.418	0.329673	-6.2	-6.362
SPAC644.09	SPAC644.09	viable	V	1.606	0.092	2.414	3.484	11.229	23.38	19.896	8.864	0.591	26.853	0.892456	0.177	0.119991	-18.206	-18.368
SPAC644.10	med11	inviable	E	1.904	0.15	-0.0	0.777	6.396	15.212	14.436	4.68	0.7	41.148	0.80896	0.278	0.153103	-11.905	-12.067
SPAC644.11c	pkp1	viable	V	0.502	0.084	-0.0	0.364	3.001	7.138	6.773	2.196	0.185	12.821	0.562661	0.153	0.212641	-20.254	-20.416
SPAC644.12	cdc5	inviable	E	3.443	0.577	0.28	0.645	3.281	7.418	6.773	2.476	1.267	87.085	0.85822	0.507	0.136742	-3.508	-3.671
SPAC644.13c	SPAC644.13c	viable	V	0.986	-0.032	0.0	1.91	15.73	37.415	35.505	11.511	0.363	0.213	-0.053482	0.198	0.358207	-16.692	-16.854
SPAC644.15	rpp101	viable	V	2.699	0.13	0.0	1.263	10.399	24.734	23.471	7.61	0.993	46.866	0.987228	0.092	0.035893	-27.416	-27.578
SPAC644.16	rna15	inviable	E	5.003	0.692	2.58	3.022	6.217	11.231	8.209	5.242	1.841	111.477	0.994625	0.146	0.028076	-20.909	-21.071
SPAC644.17c	mrpl9	inviable	E	5.405	0.459	3.369	4.088	9.292	17.458	13.37	7.704	1.988	102.063	0.982755	0.26	0.04838	-12.865	-13.027
SPAC644.18c	bet3	inviable	E	5.377	0.901	1.737	2.101	4.737	8.874	6.773	3.933	1.978	128.274	0.996698	0.122	0.022321	-23.495	-23.658
SPAC652.01	SPAC652.01	viable	V	0.501	0.084	12.223	12.587	15.223	19.36	6.773	14.419	0.184	6.703	0.77829	0.106	0.173899	-25.479	-25.641
SPAC664.01c	swi6	viable	V	0.856	0.143	5.549	5.913	8.55	12.687	6.773	7.745	0.315	17.16	0.805295	0.198	0.165159	-16.648	-16.81
SPAC664.02c	arp8	viable	V	3.371	0.17	3.086	4.293	13.028	26.734	22.441	10.361	1.24	50.631	0.988346	0.112	0.036234	-24.682	-24.844
SPAC664.03	paf1	viable	V	2.252	0.135	1.473	2.492	9.865	21.435	18.943	7.614	0.828	40.62	0.976322	0.118	0.052778	-23.968	-24.13
SPAC664.04c	rps1602	viable	V	2.744	0.358	-0.0	0.468	3.85	9.157	8.689	2.817	1.009	67.393	0.805535	0.448	0.151634	-5.253	-5.416
SPAC664.06	rlp7	inviable	E	4.139	0.555	-0.0	0.455	3.749	8.918	8.463	2.744	1.522	102.141	0.980442	0.204	0.04656	-16.256	-16.418
SPAC664.07c	rad9	viable	V	1.473	0.108	5.1	5.931	11.939	21.367	15.436	10.105	0.542	23.827	0.981437	0.074	0.047993	-30.451	-30.613
SPAC664.08c	bfr2	inviable	E	4.695	0.548	0.055	0.578	4.363	10.302	9.724	3.208	1.727	112.58	0.986427	0.193	0.040251	-16.999	-17.161
SPAC664.09	ggt1	inviable	E	-0.479	-0.067	0.0	0.437	3.598	8.558	8.121	2.633	-0.176	-11.918	0.257637	0.286	0.358187	-11.533	-11.695
SPAC664.10	klp2	viable	V	0.73	0.122	-0.0	0.364	3.001	7.138	6.773	2.196	0.269	18.667	0.409063	0.282	0.255402	-11.711	-11.873
SPAC664.11	ssc1	inviable	E	4.18	0.7	0.185	0.55	3.186	7.323	6.773	2.381	1.538	106.077	0.992969	0.125	0.028932	-23.133	-23.295
SPAC664.14	amt2	viable	V	0.448	0.075	3.202	3.566	6.203	10.34	6.773	5.398	0.165	10.042	0.202319	0.493	0.284911	-3.912	-4.075
SPAC664.15	mdv1	viable	V	-0.58	-0.097	-0.0	0.364	3.001	7.138	6.773	2.196	-0.214	-14.831	0.376381	0.235	0.233987	-14.265	-14.427
SPAC683.03	SPAC683.03	viable	V	-0.45	-0.075	-0.0	0.364	3.001	7.138	6.773	2.196	-0.165	-11.488	0.64994	0.107	0.184641	-25.229	-25.391
SPAC688.02c	mis14	inviable	E	3.96	0.455	1.989	2.521	6.366	12.401	9.881	5.192	1.457	87.194	0.997409	0.077	0.019596	-29.904	-30.066
SPAC688.04c	gst3	viable	V	0.493	0.033	0.0	0.917	7.552	17.963	17.046	5.527	0.181	10.015	0.615513	0.121	0.199609	-23.618	-23.78
SPAC688.06c	slx4	viable	V	0.42	0.07	1.097	1.465	4.129	8.31	6.845	3.316	0.154	10.269	0.819048	0.079	0.137756	-29.572	-29.735
SPAC688.07c	rng10	viable	V	1.491	0.189	5.174	5.655	9.138	14.603	8.948	8.075	0.549	28.802	0.974885	0.102	0.058819	-25.944	-26.106
SPAC688.08	srb8	viable	Not_determined	-0.079	-0.008	0.0	0.57	4.691	11.158	10.588	3.433	-0.029	-1.867	-0.050861	0.114	0.414144	-24.415	-24.578
SPAC688.09	rim2	inviable	E	2.527	0.423	1.65	2.014	4.65	8.787	6.773	3.846	0.93	60.517	0.995932	0.063	0.025138	-32.756	-32.918
SPAC688.10	rev3	viable	V	-0.034	0.001	0.0	1.949	16.05	38.175	36.226	11.745	-0.013	-0.008	-0.428201	0.113	0.373887	-24.536	-24.698
SPAC688.11	end4	condition-dependent	E	3.361	0.439	1.459	1.927	5.305	10.607	8.68	4.274	1.236	77.82	0.986763	0.148	0.042354	-20.737	-20.899
SPAC688.12c	SPAC688.12c	viable	V	1.391	0.233	-0.0	0.364	3.001	7.138	6.773	2.196	0.512	35.544	0.130185	0.562	0.28924	-2.061	-2.223
SPAC688.13	scn3	viable	V	0.233	-0.012	0.0	1.207	9.937	23.637	22.43	7.272	0.086	0.032	-0.52529	0.217	0.485623	-15.385	-15.548
SPAC688.14	set13	viable	V	-0.304	-0.051	0.0	0.364	3.001	7.137	6.773	2.196	-0.112	-7.762	0.061485	0.363	0.315318	-8.19	-8.352
SPAC688.16	SPAC688.16	viable	Not_determined	-0.849	0.027	0.0	1.933	15.915	37.856	35.923	11.647	-0.312	-0.185	-0.823679	0.31	0.503588	-10.41	-10.572
SPAC694.02	SPAC694.02	viable	V	1.694	0.091	0.0	1.143	9.411	22.386	21.243	6.887	0.623	31.075	0.975964	0.082	0.049968	-29.066	-29.228
SPAC694.03	SPAC694.03	viable	V	-0.575	-0.019	1.034	2.928	16.63	38.132	35.204	12.447	-0.211	-7.117	0.426293	0.17	0.286991	-18.816	-18.978
SPAC694.04c	SPAC694.04c	viable	V	3.021	0.175	2.036	3.091	10.723	22.7	19.609	8.393	1.111	51.98	0.972117	0.166	0.058592	-19.117	-19.279
SPAC694.05c	rps2502	viable	V	1.095	0.043	0.467	2.027	13.311	31.017	28.99	9.866	0.403	16.213	0.910714	0.097	0.1027	-26.611	-26.773
SPAC694.06c	mrc1	viable	V	0.989	0.053	0.0	1.148	9.448	22.474	21.326	6.914	0.364	18.096	0.918078	0.089	0.092104	-27.872	-28.034
SPAC6B12.02c	mus7	viable	V	3.774	0.29	2.252	3.045	8.787	17.796	14.75	7.034	1.389	72.849	0.99944	0.032	0.00856	-42.276	-42.438
SPAC6B12.03c	bit2	viable	V	0.285	0.048	-0.0	0.364	3.001	7.138	6.773	2.196	0.105	7.276	0.018993	0.299	0.301336	-10.906	-11.068
SPAC6B12.04c	SPAC6B12.04c	viable	V	0.592	0.099	-0.0	0.364	3.001	7.138	6.773	2.196	0.218	15.13	0.720221	0.117	0.162445	-24.062	-24.225
SPAC6B12.05c	ies2	viable	V	0.556	0.022	0.0	1.577	12.987	30.89	29.313	9.504	0.205	8.379	0.914267	0.05	0.099581	-35.804	-35.967
SPAC6B12.06c	rrg9	viable	V	-1.0	0.039	6.737	8.283	19.467	37.016	28.733	16.052	-0.368	-1.225	-0.231636	0.271	0.357151	-12.275	-12.437
SPAC6B12.07c	pqr1	viable	V	1.216	0.102	-0.0	0.731	6.019	14.317	13.586	4.405	0.447	26.813	0.970096	0.071	0.056784	-30.934	-31.097
SPAC6B12.08	epr1	viable	V	0.753	0.079	-0.0	0.581	4.782	11.373	10.793	3.499	0.277	17.669	0.760798	0.137	0.153467	-21.871	-22.034
SPAC6B12.09	trm10	viable	V	-1.0	0.031	0.0	1.957	16.116	38.334	36.377	11.794	-0.368	-0.221	-2.090364	0.254	0.635298	-13.179	-13.342
SPAC6B12.10c	spp1	inviable	E	4.592	0.769	0.486	0.85	3.487	7.624	6.773	2.682	1.689	115.212	0.996939	0.092	0.019821	-27.381	-27.544
SPAC6B12.11	drc1	inviable	E	4.335	0.726	-0.0	0.364	3.001	7.138	6.773	2.196	1.595	110.771	0.962708	0.286	0.064548	-11.508	-11.671
SPAC6B12.12	tom70	viable	V	3.065	0.21	5.636	6.526	12.963	23.063	16.538	10.997	1.128	46.435	0.987522	0.116	0.039875	-24.14	-24.302
SPAC6B12.13	SPAC6B12.13	inviable	E	4.5	0.715	0.461	0.846	3.627	7.991	7.145	2.778	1.655	112.149	0.99315	0.135	0.030321	-22.052	-22.214
SPAC6B12.14c	SPAC6B12.14c	viable	V	1.277	0.07	-0.0	1.11	9.141	21.743	20.633	6.689	0.47	23.777	0.902841	0.129	0.098953	-22.711	-22.873
SPAC6B12.15	cpc2	viable	V	1.814	0.304	2.872	3.237	5.873	10.01	6.773	5.068	0.667	41.223	0.923779	0.228	0.104762	-14.674	-14.837
SPAC6B12.16	meu26	viable	V	0.426	0.071	1.924	2.289	4.925	9.062	6.773	4.12	0.157	10.085	0.363866	0.27	0.263998	-12.327	-12.489
SPAC6B12.18	gon7	condition-dependent	Not_determined	5.408	0.379	1.024	1.895	8.194	18.077	16.182	6.271	1.989	106.975	0.992251	0.163	0.03064	-19.396	-19.558
SPAC6C3.02c	mix17	viable	V	-0.011	0.0	-0.0	1.825	15.025	35.738	33.913	10.995	-0.004	-0.002	-0.044903	0.433	0.284068	-5.702	-5.865
SPAC6C3.04	cit1	viable	V	2.253	0.17	1.651	2.46	8.311	17.491	15.032	6.524	0.829	44.484	0.997995	0.036	0.016015	-40.733	-40.895
SPAC6C3.05	meu43	viable	V	1.245	0.071	0.488	1.565	9.355	21.579	20.014	6.977	0.458	22.984	0.856359	0.163	0.136914	-19.367	-19.529
SPAC6C3.06c	neo1	viable	V	0.229	0.038	-0.0	0.364	3.001	7.138	6.773	2.196	0.084	5.853	0.426711	0.083	0.229389	-28.877	-29.039
SPAC6C3.07	mug68	viable	V	0.763	0.128	-0.0	0.364	3.001	7.138	6.773	2.196	0.281	19.498	0.881172	0.097	0.116873	-26.713	-26.875
SPAC6C3.08	nas6	viable	V	0.668	0.059	0.0	0.689	5.67	13.486	12.797	4.149	0.246	14.992	0.97598	0.037	0.053298	-40.16	-40.322
SPAC6C3.09	rpp40	inviable	E	1.381	0.231	-0.0	0.364	3.001	7.138	6.773	2.196	0.508	35.297	0.735032	0.239	0.155317	-14.027	-14.189
SPAC6F12.02	rst2	viable	V	0.202	-0.007	1.214	3.097	16.716	38.087	34.99	12.558	0.074	0.062	-0.000337	0.687	0.28931	0.746	0.584
SPAC6F12.03c	fsv1	viable	V	0.75	0.126	-0.0	0.364	3.001	7.138	6.773	2.196	0.276	19.16	0.481654	0.232	0.209964	-14.428	-14.591
SPAC6F12.04	tvp15	viable	V	0.404	0.068	-0.0	0.364	3.001	7.138	6.773	2.196	0.149	10.33	0.379018	0.145	0.268711	-20.998	-21.161
SPAC6F12.05c	tnr3	inviable	E	4.721	0.699	0.519	0.931	3.914	8.595	7.664	3.003	1.737	116.129	0.996485	0.102	0.021039	-25.988	-26.151
SPAC6F12.06	rdi1	viable	V	-0.003	0.0	0.0	1.349	11.106	26.416	25.067	8.127	-0.001	-0.0	-0.054904	0.139	0.293816	-21.628	-21.791
SPAC6F12.07	tom20	inviable	E	4.118	0.632	4.53	4.928	7.808	12.326	7.397	6.929	1.515	85.437	0.998374	0.07	0.017114	-31.196	-31.358
SPAC6F12.08c	exo8	inviable	E	3.336	0.559	1.22	1.584	4.221	8.358	6.773	3.416	1.227	81.314	0.997956	0.057	0.016759	-34.041	-34.203
SPAC6F12.09	rdp1	viable	V	0.772	0.065	2.188	2.916	8.182	16.446	13.531	6.574	0.284	15.407	0.903866	0.093	0.122977	-27.312	-27.475
SPAC6F12.10c	ade3	viable	V	0.237	0.04	-0.0	0.364	3.001	7.138	6.773	2.196	0.087	6.06	0.079114	0.147	0.310908	-20.807	-20.97
SPAC6F12.11c	sfc1	inviable	E	3.413	0.26	3.032	3.835	9.639	18.747	14.912	7.867	1.256	62.998	0.994256	0.093	0.027355	-27.214	-27.377
SPAC6F12.12	par2	viable	V	-0.43	-0.069	0.0	0.383	3.151	7.496	7.113	2.306	-0.158	-10.904	0.733521	0.092	0.147181	-27.428	-27.59
SPAC6F12.13c	fps1	inviable	E	4.389	0.636	0.898	1.32	4.369	9.153	7.833	3.438	1.615	105.966	0.996122	0.102	0.022829	-26.009	-26.172
SPAC6F12.14	cut23	inviable	E	4.579	0.75	0.793	1.166	3.863	8.096	6.93	3.04	1.685	113.17	0.9929	0.143	0.029847	-21.258	-21.421
SPAC6F12.15c	cut9	inviable	E	4.647	0.592	0.881	1.36	4.826	10.264	8.904	3.768	1.71	109.714	0.996728	0.098	0.020775	-26.449	-26.611
SPAC6F12.16c	mtr4	inviable	E	3.988	0.668	-0.0	0.364	3.001	7.138	6.773	2.196	1.467	101.906	0.990784	0.134	0.033799	-22.137	-22.3
SPAC6F12.17	rna14	inviable	E	3.957	0.663	0.35	0.715	3.351	7.488	6.773	2.546	1.456	99.794	0.997051	0.077	0.019482	-29.869	-30.031
SPAC6F6.01	cch1	viable	V	0.583	0.047	0.0	0.761	6.266	14.903	14.142	4.585	0.215	12.695	0.88738	0.07	0.120587	-31.242	-31.404
SPAC6F6.02c	pof5	viable	V	-0.334	0.056	13.402	13.766	16.402	20.539	6.773	15.598	-0.123	-3.321	0.290387	0.314	0.271731	-10.224	-10.386
SPAC6F6.03c	nog2	viable	V	3.74	0.627	0.11	0.474	3.11	7.247	6.773	2.306	1.376	95.196	0.992826	0.112	0.029427	-24.624	-24.786
SPAC6F6.04c	SPAC6F6.04c	viable	V	0.44	0.043	-0.0	0.626	5.156	12.265	11.639	3.773	0.162	10.137	0.2524	0.196	0.286629	-16.791	-16.953
SPAC6F6.05	ost2	inviable	E	4.85	0.802	1.202	1.571	4.243	8.435	6.863	3.427	1.784	118.067	0.985685	0.22	0.045077	-15.171	-15.333
SPAC6F6.06c	rax2	viable	V	0.667	0.076	4.201	4.734	8.587	14.634	9.901	7.411	0.245	13.198	0.869691	0.11	0.131589	-24.901	-25.063
SPAC6F6.07c	rps13	inviable	E	3.713	0.622	-0.0	0.364	3.001	7.138	6.773	2.196	1.366	94.89	0.958754	0.262	0.071096	-12.775	-12.937
SPAC6F6.08c	cdc16	inviable	E	4.687	0.752	0.899	1.279	4.03	8.347	7.068	3.19	1.724	115.006	0.992799	0.148	0.031592	-20.75	-20.912
SPAC6F6.09	eaf6	viable	V	0.851	0.143	7.267	7.631	10.268	14.405	6.773	9.463	0.313	15.593	0.807115	0.191	0.1454	-17.151	-17.314
SPAC6F6.10c	arc2	inviable	E	3.968	0.665	-0.0	0.364	3.001	7.138	6.773	2.196	1.46	101.409	0.76018	0.642	0.158385	-0.199	-0.361
SPAC6F6.11c	SPAC6F6.11c	viable	V	-0.061	0.004	0.0	0.974	8.023	19.083	18.108	5.871	-0.022	-0.007	-0.122181	0.151	0.323065	-20.479	-20.641
SPAC6F6.12	atg24	viable	V	0.627	0.066	0.0	0.58	4.774	11.354	10.775	3.493	0.231	14.723	0.300767	0.328	0.262008	-9.616	-9.778
SPAC6F6.13c	SPAC6F6.13c	viable	V	1.306	0.219	1.104	1.468	4.105	8.242	6.773	3.3	0.481	31.989	0.580293	0.438	0.218159	-5.548	-5.711
SPAC6F6.15	ypt5	condition-dependent	E	4.268	0.377	0.406	1.098	6.103	13.957	12.859	4.575	1.57	94.041	0.985516	0.18	0.043239	-18.017	-18.179
SPAC6F6.16c	tpz1	inviable	E	4.436	0.437	3.255	3.876	8.364	15.408	11.532	6.994	1.632	88.358	0.991604	0.155	0.036331	-20.112	-20.274
SPAC6F6.17	rif1	viable	V	0.751	0.093	0.0	0.491	4.039	9.607	9.117	2.956	0.276	18.271	0.93621	0.07	0.085807	-31.157	-31.32
SPAC6F6.19	SPAC6F6.19	unknown	Not_determined	0.353	0.059	-0.0	0.364	3.001	7.138	6.773	2.196	0.13	9.016	0.040059	0.373	0.322694	-7.817	-7.98
SPAC6G10.02c	tea3	viable	V	0.693	0.033	0.0	1.279	10.527	25.039	23.76	7.703	0.255	11.95	0.842136	0.087	0.142706	-28.201	-28.363
SPAC6G10.03c	SPAC6G10.03c	viable	V	0.317	0.053	2.918	3.283	5.919	10.056	6.773	5.114	0.117	7.182	0.367638	0.223	0.277285	-15.012	-15.174
SPAC6G10.04c	pre5	inviable	E	5.648	0.946	-0.0	0.364	3.001	7.138	6.773	2.196	2.078	144.327	0.900692	0.64	0.11005	-0.245	-0.407
SPAC6G10.05c	trs120	inviable	E	3.962	0.609	1.444	1.841	4.716	9.228	7.387	3.838	1.458	94.441	0.995904	0.097	0.02484	-26.652	-26.814
SPAC6G10.06	tda3	viable	V	0.39	0.018	0.0	1.294	10.658	25.35	24.056	7.799	0.143	6.676	0.669132	0.08	0.187578	-29.409	-29.571
SPAC6G10.07	cbc1	inviable	E	5.097	0.745	1.63	2.047	5.068	9.809	7.761	4.146	1.875	119.561	0.98179	0.266	0.051169	-12.519	-12.682
SPAC6G10.08	idp1	viable	V	0.818	0.137	11.91	12.275	14.911	19.048	6.773	14.106	0.301	11.203	0.66766	0.252	0.21499	-13.298	-13.461
SPAC6G10.09	gls1	condition-dependent	E	4.298	0.663	4.411	4.806	7.668	12.159	7.352	6.794	1.581	89.778	0.99415	0.137	0.031663	-21.805	-21.968
SPAC6G10.10c	SPAC6G10.10c	viable	V	0.388	-0.012	-0.0	1.957	16.116	38.334	36.377	11.794	0.143	0.086	-0.035333	0.11	0.371856	-24.94	-25.103
SPAC6G10.11c	ubi3	viable	V	1.837	0.164	-0.0	0.686	5.645	13.427	12.741	4.131	0.676	41.299	0.945966	0.151	0.073107	-20.45	-20.612
SPAC6G10.12c	ace2	viable	V	1.434	0.15	2.528	3.113	7.347	13.99	10.876	6.054	0.527	30.071	0.980127	0.079	0.051866	-29.593	-29.755
SPAC6G9.01c	SPAC6G9.01c	viable	V	-0.4	-0.037	0.0	0.657	5.412	12.873	12.216	3.961	-0.147	-9.098	0.572658	0.124	0.219496	-23.273	-23.435
SPAC6G9.02c	nop9	inviable	E	4.233	0.709	0.129	0.494	3.13	7.267	6.773	2.325	1.557	107.646	0.99417	0.114	0.026353	-24.356	-24.519
SPAC6G9.03c	rtt106	viable	V	0.247	0.041	-0.0	0.364	3.001	7.138	6.773	2.196	0.091	6.313	0.141836	0.201	0.314782	-16.43	-16.593
SPAC6G9.04	spo7	viable	V	0.689	0.037	1.351	2.482	10.663	23.499	21.017	8.165	0.253	11.858	0.866428	0.092	0.137973	-27.441	-27.604
SPAC6G9.05	pcd1	viable	V	0.955	0.071	0.0	0.823	6.777	16.12	15.296	4.959	0.351	20.236	0.914224	0.099	0.107139	-26.423	-26.585
SPAC6G9.06c	pcp1	inviable	E	4.439	0.636	0.531	0.957	4.039	8.875	7.919	3.098	1.633	108.561	0.993207	0.133	0.029916	-22.227	-22.389
SPAC6G9.07c	arc4	inviable	E	4.279	0.717	-0.0	0.364	3.001	7.138	6.773	2.196	1.574	109.343	0.981033	0.207	0.046578	-16.079	-16.242
SPAC6G9.08	ubp6	viable	V	-0.1	0.003	0.0	1.954	16.088	38.267	36.313	11.773	-0.037	-0.022	-0.061975	0.052	0.394094	-35.386	-35.548
SPAC6G9.09c	rpl2401	viable	V	1.13	0.112	0.135	0.751	5.202	12.188	11.437	3.843	0.416	26.022	0.92699	0.112	0.096277	-24.605	-24.768
SPAC6G9.10c	sen1	viable	V	1.968	0.158	1.622	2.382	7.875	16.496	14.114	6.198	0.724	39.809	0.996131	0.044	0.02229	-37.624	-37.786
SPAC6G9.11	syb1	inviable	E	5.299	0.888	0.018	0.383	3.019	7.156	6.773	2.214	1.95	135.332	0.981613	0.253	0.045352	-13.215	-13.377
SPAC6G9.12	cfr1	viable	V	0.809	0.136	1.997	2.362	4.998	9.135	6.773	4.193	0.298	19.1	0.816772	0.156	0.1612	-19.992	-20.155
SPAC6G9.13c	bqt1	viable	V	0.303	0.037	0.0	0.495	4.078	9.699	9.203	2.984	0.111	7.351	0.193465	0.225	0.286128	-14.854	-15.016
SPAC6G9.14	puf4	viable	V	1.262	0.157	-0.0	0.491	4.046	9.624	9.133	2.961	0.464	30.719	0.827105	0.197	0.131175	-16.761	-16.923
SPAC6G9.15c	ebp1	viable	V	-0.294	0.049	15.173	15.537	18.174	22.311	6.773	17.369	-0.108	-3.447	0.339096	0.155	0.254637	-20.14	-20.302
SPAC6G9.16c	xrc4	viable	V	0.646	-0.02	0.0	1.925	15.852	37.705	35.779	11.6	0.238	0.14	-0.090545	0.203	0.32939	-16.353	-16.515
SPAC732.01	vma11	inviable	E	4.002	0.443	-0.0	0.551	4.54	10.798	10.247	3.322	1.472	95.091	0.983626	0.179	0.043509	-18.123	-18.285
SPAC732.02c	fpb26	viable	V	0.471	0.079	0.0	0.364	3.001	7.138	6.773	2.196	0.173	12.032	0.896451	0.054	0.105693	-34.751	-34.914
SPAC767.01c	vps1	viable	V	0.733	0.123	3.534	3.898	6.534	10.671	6.773	5.73	0.27	16.17	0.628318	0.211	0.223289	-15.812	-15.974
SPAC7D4.02c	sfp47	viable	V	0.25	0.014	0.0	1.094	9.005	21.418	20.324	6.589	0.092	4.681	0.292111	0.08	0.319334	-29.333	-29.496
SPAC7D4.03c	ahk1	viable	V	0.491	0.026	0.0	1.165	9.595	22.823	21.657	7.022	0.181	8.911	0.790029	0.088	0.171172	-28.056	-28.218
SPAC7D4.04	atg11	viable	V	0.701	0.037	1.142	2.303	10.703	23.885	21.582	8.139	0.258	12.022	0.7407	0.138	0.187088	-21.758	-21.92
SPAC7D4.05	SPAC7D4.05	viable	V	0.294	0.049	-0.0	0.364	3.001	7.138	6.773	2.196	0.108	7.522	0.175047	0.187	0.287911	-17.484	-17.646
SPAC7D4.06c	alg3	viable	V	3.342	0.251	3.967	4.78	10.662	19.891	15.111	8.866	1.229	58.289	0.99237	0.103	0.031344	-25.755	-25.917
SPAC7D4.07c	trx1	condition-dependent	V	2.199	0.142	1.674	2.621	9.471	20.22	17.599	7.379	0.809	40.644	0.982955	0.097	0.046414	-26.689	-26.851
SPAC7D4.09c	dfg10	inviable	E	4.867	0.727	3.414	3.822	6.778	11.417	7.595	5.876	1.791	105.92	0.998189	0.087	0.017402	-28.238	-28.4
SPAC7D4.10	vma13	inviable	E	2.948	0.219	0.87	1.691	7.627	16.943	15.252	5.815	1.084	60.093	0.987288	0.115	0.040145	-24.263	-24.425
SPAC7D4.11c	sec39	inviable	E	3.94	0.66	0.159	0.523	3.16	7.297	6.773	2.355	1.45	100.104	0.995213	0.097	0.024319	-26.724	-26.887
SPAC7D4.12c	SPAC7D4.12c	viable	V	-0.433	0.014	-0.0	1.953	16.081	38.251	36.298	11.768	-0.159	-0.095	0.004012	0.217	0.308214	-15.411	-15.573
SPAC7D4.13c	SPAC7D4.13c	viable	V	0.621	0.104	1.51	1.875	4.511	8.648	6.773	3.706	0.229	14.963	0.920912	0.073	0.097221	-30.64	-30.802
SPAC7D4.14c	iss10	viable	V	0.834	0.031	0.0	1.643	13.527	32.175	30.532	9.899	0.307	12.214	0.544079	0.18	0.261306	-18.024	-18.187
SPAC7D4.15c	ost4	inviable	E	2.128	0.357	-0.0	0.364	3.001	7.138	6.773	2.196	0.783	54.386	0.961878	0.142	0.069796	-21.351	-21.513
SPAC806.02c	SPAC806.02c	inviable	E	3.649	0.474	-0.0	0.47	3.867	9.197	8.727	2.83	1.343	89.568	0.964558	0.238	0.061909	-14.084	-14.246
SPAC806.04c	duf8901	viable	V	0.159	0.014	0.0	0.7	5.765	13.712	13.012	4.219	0.059	3.562	0.084669	0.222	0.317792	-15.042	-15.205
SPAC806.05	lyr3	inviable	E	4.19	0.497	3.726	4.241	7.967	13.814	9.572	6.83	1.541	85.637	0.934655	0.445	0.103794	-5.337	-5.499
SPAC806.06c	SPAC806.06c	condition-dependent	E	4.41	0.505	-0.0	0.533	4.386	10.433	9.901	3.21	1.622	105.553	0.981878	0.209	0.047728	-15.89	-16.053
SPAC806.07	ndk1	viable	V	1.153	0.193	1.876	2.24	4.877	9.014	6.773	4.072	0.424	27.355	0.765152	0.265	0.164609	-12.574	-12.736
SPAC806.08c	mod21	viable	V	0.557	0.093	0.832	1.197	3.833	7.97	6.773	3.028	0.205	13.777	0.842232	0.093	0.139806	-27.236	-27.398
SPAC806.11	SPAC806.11	unknown	Not_determined	0.462	0.077	-0.0	0.364	3.001	7.138	6.773	2.196	0.17	11.794	0.07575	0.436	0.294717	-5.635	-5.797
SPAC821.03c	slf1	viable	V	1.124	0.188	0.008	0.372	3.009	7.146	6.773	2.204	0.414	28.721	0.734105	0.244	0.166196	-13.731	-13.893
SPAC821.04c	cid13	viable	V	0.376	0.028	1.074	1.884	7.747	16.946	15.062	5.957	0.138	7.627	0.407531	0.165	0.269259	-19.221	-19.383
SPAC821.05	tif308	viable	V	2.229	0.373	0.704	1.068	3.705	7.842	6.773	2.9	0.82	55.469	0.676084	0.556	0.195085	-2.213	-2.375
SPAC821.06	spn2	viable	V	2.302	0.386	0.778	1.142	3.779	7.916	6.773	2.974	0.847	57.106	0.920475	0.253	0.099886	-13.268	-13.43
SPAC821.07c	moc3	viable	V	0.728	0.036	0.0	1.237	10.18	24.215	22.978	7.45	0.268	12.791	0.688688	0.147	0.221603	-20.808	-20.97
SPAC821.08c	slp1	inviable	E	3.913	0.655	-0.0	0.364	3.001	7.138	6.773	2.196	1.439	99.982	0.957229	0.279	0.070576	-11.848	-12.01
SPAC821.09	eng1	viable	V	-0.202	0.032	0.0	0.391	3.221	7.661	7.269	2.357	-0.074	-0.009	-0.002235	0.109	0.356437	-25.067	-25.229
SPAC821.10c	sod1	condition-dependent	V	2.965	0.497	5.347	5.712	8.348	12.485	6.773	7.543	1.091	60.036	0.989751	0.13	0.042449	-22.534	-22.696
SPAC821.11	pro1	viable	V	-0.118	0.004	0.0	1.937	15.949	37.937	36.0	11.672	-0.043	-0.026	-0.043492	0.171	0.32246	-18.733	-18.895
SPAC821.12	orb6	inviable	E	4.586	0.719	1.541	1.93	4.746	9.164	7.233	3.886	1.687	109.224	0.995063	0.124	0.026579	-23.211	-23.373
SPAC821.13c	dnf1	viable	V	0.975	0.163	5.092	5.456	8.092	12.229	6.773	7.288	0.359	19.985	0.780452	0.21	0.161672	-15.848	-16.011
SPAC823.03	ppk15	viable	V	0.405	0.068	2.638	3.003	5.639	9.776	6.773	4.834	0.149	9.291	0.655655	0.134	0.187929	-22.179	-22.341
SPAC823.04	rrp36	inviable	E	4.612	0.517	0.334	0.879	4.821	11.008	10.129	3.617	1.697	108.412	0.981587	0.226	0.04786	-14.836	-14.998
SPAC823.05c	tlg2	viable	V	2.095	0.26	5.117	5.608	9.162	14.738	9.13	8.077	0.771	40.388	0.928197	0.226	0.099308	-14.813	-14.976
SPAC823.06	taf3	inviable	E	-0.531	0.089	8.584	8.948	11.584	15.721	6.773	10.78	-0.195	-2.781	0.145217	0.394	0.269698	-7.029	-7.191
SPAC823.07	pga3	inviable	E	3.912	0.558	0.917	1.345	4.439	9.295	7.95	3.495	1.439	94.14	0.987178	0.165	0.040503	-19.187	-19.349
SPAC823.08c	rrp3	inviable	E	4.939	0.827	-0.0	0.364	3.001	7.138	6.773	2.196	1.817	126.221	0.966619	0.313	0.061445	-10.281	-10.443
SPAC823.09c	SPAC823.09c	viable	V	0.515	0.086	2.035	2.4	5.036	9.173	6.773	4.231	0.19	12.137	0.354927	0.322	0.293298	-9.876	-10.038
SPAC823.10c	hem25	viable	V	2.363	0.175	5.407	6.231	12.194	21.551	15.32	10.374	0.869	37.649	0.991248	0.08	0.03262	-29.294	-29.457
SPAC823.11	sgp1	condition-dependent	E	-0.013	0.002	0.0	0.364	3.001	7.138	6.773	2.196	-0.005	-0.001	-0.283298	0.138	0.359626	-21.754	-21.916
SPAC823.12	vps11	condition-dependent	E	3.59	0.349	4.139	4.767	9.306	16.43	11.663	7.921	1.321	68.104	0.992283	0.119	0.034023	-23.819	-23.982
SPAC823.13c	she9	viable	V	-0.103	0.003	0.0	1.938	15.954	37.948	36.01	11.675	-0.038	-0.023	-0.166227	0.124	0.346176	-23.193	-23.356
SPAC823.14	ptf1	viable	V	0.387	0.065	2.672	3.036	5.673	9.81	6.773	4.868	0.142	8.866	0.672833	0.128	0.19177	-22.832	-22.994
SPAC823.15	ppa1	viable	V	-0.351	0.059	9.585	9.949	12.586	16.723	6.773	11.781	-0.129	-2.174	-0.209427	0.409	0.366538	-6.515	-6.677
SPAC823.16c	atg1802	viable	V	-0.789	-0.132	-0.0	0.364	3.001	7.138	6.773	2.196	-0.29	-20.165	0.378215	0.269	0.256152	-12.398	-12.56
SPAC824.02	bst1	viable	V	4.093	0.304	2.221	3.044	8.997	18.338	15.294	7.179	1.506	78.023	0.996823	0.081	0.020165	-29.179	-29.341
SPAC824.03c	SPAC824.03c	viable	V	-0.704	0.022	0.0	1.939	15.964	37.972	36.034	11.683	-0.259	-0.154	-0.288401	0.239	0.328771	-14.018	-14.18
SPAC824.04	swd22	viable	V	1.968	0.134	4.995	5.891	12.379	22.558	16.667	10.398	0.724	30.921	0.97374	0.111	0.059004	-24.747	-24.909
SPAC824.05	vps16	condition-dependent	V	3.874	0.336	2.411	3.116	8.214	16.214	13.099	6.657	1.425	77.351	0.996995	0.078	0.020426	-29.772	-29.935
SPAC824.07	glo2	viable	V	1.289	0.216	-0.0	0.364	3.001	7.138	6.773	2.196	0.474	32.946	0.512319	0.43	0.205493	-5.806	-5.968
SPAC824.08	gda1	viable	V	0.114	0.019	-0.0	0.364	3.001	7.138	6.773	2.196	0.042	2.907	-0.058666	0.769	0.355141	2.321	2.158
SPAC824.09c	age1	viable	V	0.919	0.033	0.0	1.723	14.182	33.734	32.012	10.379	0.338	12.991	0.818691	0.112	0.147607	-24.627	-24.789
SPAC869.01	SPAC869.01	viable	V	1.322	0.221	-0.0	0.364	3.001	7.138	6.773	2.196	0.486	33.775	0.731654	0.252	0.148424	-13.271	-13.433
SPAC869.02c	yhb1	viable	V	0.776	0.029	5.453	7.078	18.828	37.267	30.189	15.241	0.286	8.073	0.885393	0.073	0.104579	-30.623	-30.785
SPAC869.03c	SPAC869.03c	viable	V	1.06	0.164	0.826	1.221	4.079	8.564	7.343	3.206	0.39	25.931	0.662717	0.283	0.181076	-11.662	-11.825
SPAC869.04	SPAC869.04	viable	V	0.742	0.087	2.959	3.477	7.223	13.101	9.625	6.079	0.273	15.718	0.701745	0.22	0.195096	-15.169	-15.331
SPAC869.05c	sul2	viable	V	0.825	0.138	4.492	4.856	7.493	11.63	6.773	6.688	0.304	17.42	0.914055	0.098	0.107746	-26.497	-26.659
SPAC869.06c	hry1	viable	V	0.738	0.078	-0.0	0.58	4.775	11.357	10.777	3.494	0.272	17.339	0.645734	0.188	0.188484	-17.362	-17.525
SPAC869.07c	mel1	viable	V	0.868	0.145	8.078	8.442	11.079	15.216	6.773	10.274	0.319	15.214	0.891614	0.143	0.119829	-21.245	-21.407
SPAC869.08	pcm2	viable	V	0.552	0.084	-0.0	0.399	3.285	7.814	7.415	2.404	0.203	13.924	0.322243	0.264	0.31444	-12.672	-12.834
SPAC869.09	SPAC869.09	viable	V	-0.814	-0.136	-0.0	0.364	3.001	7.138	6.773	2.196	-0.299	-20.795	0.282287	0.444	0.295551	-5.379	-5.541
SPAC869.10c	put4	viable	V	-0.603	-0.065	-0.0	0.571	4.699	11.177	10.606	3.439	-0.222	-14.215	0.609107	0.151	0.211476	-20.448	-20.61
SPAC869.11	cat1	viable	V	0.834	0.068	0.379	1.126	6.529	15.007	13.882	4.879	0.307	17.964	0.984647	0.037	0.04488	-40.112	-40.274
SPAC890.02c	alp7	viable	V	1.502	0.209	5.424	5.862	9.032	14.005	8.143	8.064	0.553	29.248	0.992152	0.055	0.035987	-34.655	-34.817
SPAC890.03	ppk16	viable	V	-0.55	-0.092	-0.0	0.364	3.001	7.138	6.773	2.196	-0.203	-14.068	0.321352	0.185	0.257303	-17.624	-17.786
SPAC890.04c	ytm1	inviable	E	4.511	0.72	0.079	0.462	3.23	7.573	7.111	2.385	1.66	114.161	0.976144	0.248	0.051173	-13.545	-13.707
SPAC890.05	pxr1	viable	V	-0.454	0.076	18.087	18.452	21.088	25.225	6.773	20.283	-0.167	-6.642	0.252963	0.45	0.294829	-5.164	-5.326
SPAC890.06	nup155	condition-dependent	V	4.537	0.76	-0.0	0.364	3.001	7.138	6.773	2.196	1.669	115.943	0.984621	0.196	0.042534	-16.815	-16.977
SPAC890.07c	rmt1	viable	V	1.025	0.074	0.0	0.841	6.928	16.479	15.638	5.07	0.377	21.541	0.844607	0.146	0.142507	-20.931	-21.094
SPAC8C9.03	cgs1	viable	V	1.256	0.21	-0.0	0.364	3.001	7.138	6.773	2.196	0.462	32.101	0.904668	0.137	0.097099	-21.878	-22.04
SPAC8C9.04	SPAC8C9.04	viable	V	-0.29	0.049	16.48	16.844	19.481	23.617	6.773	18.676	-0.107	-3.78	-0.155493	0.33	0.365653	-9.513	-9.676
SPAC8C9.05	dtd1	viable	V	1.033	0.173	11.779	12.144	14.78	18.917	6.773	13.975	0.38	14.28	0.895433	0.125	0.111572	-23.104	-23.266
SPAC8C9.06c	ppr4	viable	V	1.175	0.116	0.0	0.619	5.098	12.126	11.507	3.731	0.432	27.153	0.988115	0.045	0.037558	-37.278	-37.44
SPAC8C9.07	fyv7	viable	V	5.277	0.884	-0.0	0.364	3.001	7.138	6.773	2.196	1.941	134.85	0.870275	0.649	0.120294	-0.061	-0.223
SPAC8C9.08	rps5	viable	V	4.071	0.402	-0.0	0.619	5.096	12.122	11.503	3.73	1.498	94.082	0.970782	0.24	0.058485	-13.975	-14.137
SPAC8C9.09c	mug129	viable	V	-0.901	-0.151	0.729	1.093	3.73	7.867	6.773	2.925	-0.332	-22.407	0.367563	0.464	0.316267	-4.742	-4.904
SPAC8C9.10c	rrp14	viable	V	2.963	0.496	2.146	2.511	5.147	9.284	6.773	4.342	1.09	69.486	0.988908	0.126	0.039953	-22.982	-23.144
SPAC8C9.11	fra2	viable	V	0.681	0.114	6.249	6.614	9.25	13.387	6.773	8.445	0.251	13.178	0.443525	0.386	0.220983	-7.333	-7.495
SPAC8C9.12c	mrs3	viable	V	0.752	0.058	15.172	15.968	21.724	30.757	14.789	19.967	0.277	5.278	0.773996	0.123	0.143816	-23.326	-23.488
SPAC8C9.14	prr1	viable	V	0.75	0.079	-0.0	0.582	4.792	11.399	10.817	3.507	0.276	17.607	0.810356	0.125	0.129034	-23.123	-23.285
SPAC8C9.15c	tif225	inviable	E	3.944	0.661	-0.0	0.364	3.001	7.138	6.773	2.196	1.451	100.784	0.913433	0.388	0.09166	-7.258	-7.42
SPAC8C9.16c	oxr1	viable	V	-0.796	-0.133	5.492	5.857	8.493	12.63	6.773	7.688	-0.293	-16.009	0.748943	0.207	0.197102	-16.04	-16.202
SPAC8C9.19	emr1	viable	V	5.179	0.589	7.595	8.132	12.015	18.107	9.976	10.829	1.905	84.801	0.957569	0.404	0.082464	-6.678	-6.84
SPAC8E11.01c	inv2	viable	V	0.618	0.103	-0.0	0.364	3.001	7.138	6.773	2.196	0.227	15.78	0.756216	0.12	0.154496	-23.679	-23.841
SPAC8E11.03c	dmc1	viable	V	0.278	0.009	0.0	1.957	16.115	38.331	36.374	11.793	0.102	3.56	0.074891	0.157	0.366221	-19.944	-20.106
SPAC8E11.04c	pah1	viable	V	0.212	0.019	1.086	1.755	6.597	14.193	12.438	5.119	0.078	4.585	0.206783	0.194	0.278208	-16.945	-17.107
SPAC8E11.05c	SPAC8E11.05c	viable	V	0.358	0.06	0.0	0.364	3.001	7.138	6.773	2.196	0.132	9.141	0.30085	0.189	0.317553	-17.328	-17.491
SPAC8E11.06	SPAC8E11.06	viable	V	-0.765	-0.024	-0.0	1.957	16.116	38.334	36.377	11.794	-0.281	-9.805	0.529141	0.157	0.245033	-19.915	-20.077
SPAC8E11.07c	alp31	viable	V	2.81	0.185	4.504	5.432	12.149	22.688	17.256	10.098	1.034	44.719	0.995682	0.063	0.023392	-32.732	-32.894
SPAC8E11.08c	SPAC8E11.08c	unknown	Not_determined	-1.0	0.031	-0.0	1.957	16.116	38.334	36.377	11.794	-0.368	-0.221	-2.710395	0.229	0.654187	-14.639	-14.801
SPAC8E11.10	SPAC8E11.10	viable	V	0.145	0.024	0.0	0.364	3.001	7.138	6.773	2.196	0.053	3.711	0.232956	0.082	0.255299	-28.936	-29.098
SPAC8E11.12	SPAC8E11.12	viable	Not_determined	0.502	0.084	1.756	2.12	4.757	8.894	6.773	3.952	0.185	11.976	0.308341	0.376	0.260593	-7.693	-7.855
SPAC8F11.02c	dph3	viable	V	2.549	0.427	-0.0	0.364	3.001	7.138	6.773	2.196	0.938	65.146	0.457136	0.693	0.254223	0.866	0.704
SPAC8F11.03	msh3	viable	V	1.197	0.078	0.697	1.632	8.4	19.02	17.388	6.334	0.44	23.337	0.970097	0.071	0.061984	-31.012	-31.174
SPAC8F11.04	SPAC8F11.04	inviable	E	4.474	0.749	0.276	0.641	3.277	7.414	6.773	2.472	1.646	113.153	0.988884	0.169	0.037032	-18.868	-19.03
SPAC8F11.05c	mug130	viable	V	2.749	-0.086	0.0	1.952	16.069	38.222	36.27	11.759	1.011	0.606	0.025145	0.483	0.327054	-4.177	-4.339
SPAC8F11.06	brr6	inviable	E	4.426	0.741	0.158	0.522	3.159	7.295	6.773	2.354	1.628	112.435	0.978127	0.234	0.049487	-14.341	-14.504
SPAC8F11.07c	cdc24	inviable	E	4.015	0.577	1.057	1.482	4.553	9.373	7.891	3.616	1.477	96.184	0.998225	0.063	0.015463	-32.61	-32.772
SPAC8F11.08c	SPAC8F11.08c	viable	V	1.521	0.084	-0.0	1.104	9.093	21.629	20.525	6.654	0.56	28.39	0.960575	0.093	0.061784	-27.19	-27.352
SPAC8F11.09c	efm7	viable	V	-0.4	-0.067	-0.0	0.364	3.001	7.138	6.773	2.196	-0.147	-10.216	0.485067	0.13	0.258076	-22.556	-22.718
SPAC8F11.10c	pvg1	viable	V	-1.0	0.031	0.0	1.957	16.113	38.327	36.37	11.792	-0.368	-0.221	0.045894	0.254	0.330014	-13.198	-13.36
SPAC9.02c	SPAC9.02c	viable	V	0.348	0.011	0.0	1.957	16.116	38.332	36.375	11.793	0.128	4.464	0.026936	0.349	0.333291	-8.726	-8.888
SPAC9.03c	brr2	inviable	E	4.152	0.696	0.073	0.437	3.074	7.21	6.773	2.269	1.527	105.816	0.989553	0.15	0.035526	-20.531	-20.693
SPAC9.04	Tf2-1	unknown	Not_determined	0.738	0.057	-0.0	0.791	6.517	15.5	14.709	4.769	0.272	15.855	0.024858	0.502	0.320967	-3.657	-3.82
SPAC9.05	fml1	viable	V	0.993	0.166	3.109	3.474	6.11	10.247	6.773	5.305	0.365	22.325	0.962982	0.086	0.073043	-28.328	-28.491
SPAC9.06c	mta3	viable	V	-1.0	0.032	0.358	2.294	16.295	38.264	35.971	12.02	-0.368	-0.243	-1.589962	0.239	0.608726	-14.06	-14.223
SPAC9.07c	SPAC9.07c	viable	V	0.112	-0.019	0.0	0.366	3.015	7.172	6.806	2.207	0.041	0.005	-0.024488	0.14	0.308634	-21.544	-21.707
SPAC9.08c	SPAC9.08c	viable	V	0.28	0.047	-0.0	0.364	3.001	7.138	6.773	2.196	0.103	7.161	0.270119	0.145	0.295238	-21.038	-21.2
SPAC9.09	met26	viable	Not_determined	3.122	0.523	-0.0	0.364	3.001	7.138	6.773	2.196	1.148	79.776	0.910965	0.317	0.101956	-10.098	-10.261
SPAC9.10	thi9	viable	V	0.658	0.11	-0.0	0.364	3.001	7.138	6.773	2.196	0.242	16.803	0.729452	0.138	0.180613	-21.71	-21.872
SPAC9.11	SPAC9.11	viable	V	0.425	0.052	0.0	0.496	4.084	9.714	9.218	2.989	0.156	10.328	0.605209	0.124	0.200108	-23.172	-23.334
SPAC9.12c	atp12	viable	V	1.754	0.22	4.958	5.446	8.972	14.505	9.059	7.895	0.645	34.142	0.997146	0.038	0.021912	-39.857	-40.019
SPAC9.13c	cwf16	viable	V	4.726	0.626	-0.0	0.461	3.797	9.031	8.57	2.779	1.738	116.366	0.974321	0.266	0.054553	-12.542	-12.705
SPAC922.03	SPAC922.03	viable	V	0.158	0.026	2.398	2.763	5.399	9.536	6.773	4.594	0.058	3.657	0.222511	0.192	0.266754	-17.099	-17.261
SPAC922.04	SPAC922.04	viable	V	-0.469	-0.079	-0.0	0.364	3.001	7.138	6.773	2.196	-0.173	-11.985	0.225484	0.2	0.319275	-16.542	-16.704
SPAC922.05c	SPAC922.05c	viable	V	1.175	0.037	-0.0	1.957	16.116	38.334	36.377	11.794	0.432	15.052	0.862005	0.11	0.117281	-24.946	-25.108
SPAC922.06	SPAC922.06	viable	V	0.737	0.123	0.0	0.364	3.001	7.138	6.773	2.196	0.271	18.822	0.664823	0.18	0.166748	-17.974	-18.137
SPAC922.07c	atd2	viable	V	0.584	0.074	0.0	0.484	3.983	9.473	8.99	2.915	0.215	14.265	0.257999	0.359	0.301688	-8.342	-8.504
SPAC922.09	SPAC922.09	unknown	Not_determined	-0.971	0.03	-0.0	1.957	16.116	38.334	36.377	11.794	-0.357	-0.215	-3.99834	0.11	0.707539	-24.854	-25.016
SPAC926.02	SPAC926.02	viable	V	0.142	-0.022	-0.0	0.386	3.181	7.567	7.181	2.328	0.052	0.006	-0.036447	0.3	0.335581	-10.855	-11.017
SPAC926.03	rlc1	condition-dependent	V	1.254	0.085	11.221	12.119	18.621	28.823	16.704	16.636	0.461	12.322	0.734779	0.241	0.158714	-13.944	-14.106
SPAC926.04c	hsp90	inviable	E	4.226	0.708	-0.0	0.364	3.001	7.138	6.773	2.196	1.555	107.985	0.988733	0.157	0.035736	-19.893	-20.056
SPAC926.06c	SPAC926.06c	viable	V	0.186	0.031	0.0	0.364	3.001	7.138	6.773	2.196	0.068	4.757	0.183294	0.144	0.293627	-21.143	-21.305
SPAC926.07c	dlc2	viable	V	0.368	0.062	4.896	5.26	7.896	12.033	6.773	7.092	0.135	7.609	0.785838	0.094	0.182326	-27.172	-27.334
SPAC926.08c	rpf2	inviable	E	4.535	0.716	0.0	0.386	3.182	7.568	7.182	2.328	1.668	114.923	0.983396	0.206	0.043946	-16.135	-16.297
SPAC926.09c	fas1	viable	V	2.909	0.487	-0.0	0.364	3.001	7.138	6.773	2.196	1.07	74.342	0.966499	0.179	0.062428	-18.101	-18.264
SPAC959.02	sec17	inviable	E	3.379	0.566	-0.0	0.364	3.001	7.138	6.773	2.196	1.243	86.341	0.958012	0.231	0.07035	-14.522	-14.684
SPAC959.03c	utp7	inviable	E	4.557	0.714	0.523	0.913	3.731	8.153	7.24	2.87	1.677	113.093	0.9962	0.102	0.021689	-25.935	-26.097
SPAC959.04c	omh6	viable	V	3.774	0.514	5.888	6.336	9.58	14.67	8.334	8.59	1.388	71.362	0.970293	0.278	0.06746	-11.912	-12.074
SPAC959.05c	pdi4	viable	V	0.708	0.119	7.621	7.986	10.622	14.759	6.773	9.817	0.26	12.718	0.296741	0.646	0.237052	-0.118	-0.28
SPAC959.06c	SPAC959.06c	viable	V	0.211	0.02	0.0	0.644	5.299	12.604	11.96	3.878	0.078	4.826	0.150115	0.188	0.306128	-17.378	-17.541
SPAC959.07	rps403	viable	V	2.026	0.106	6.233	7.404	15.871	29.158	21.755	13.286	0.745	25.19	0.982016	0.087	0.044807	-28.256	-28.418
SPAC959.08	rpl2102	viable	V	4.43	0.452	1.006	1.604	5.932	12.724	11.121	4.611	1.63	99.005	0.992283	0.143	0.032068	-21.255	-21.417
SPAC959.09c	apc5	inviable	E	4.417	0.725	1.266	1.638	4.328	8.549	6.911	3.507	1.625	107.137	0.996119	0.105	0.023389	-25.604	-25.766
SPAC959.10	sen15	inviable	E	4.59	0.769	1.226	1.59	4.227	8.364	6.773	3.422	1.689	111.839	0.980976	0.245	0.0537	-13.677	-13.839
SPAC959.11	SPAC959.11	unknown	Not_determined	1.119	0.187	-0.0	0.364	3.001	7.138	6.773	2.196	0.412	28.586	0.618094	0.227	0.19536	-14.735	-14.897
SPAC977.03	SPAC977.03	viable	V	0.52	0.087	4.57	4.935	7.571	11.708	6.773	6.766	0.191	10.94	0.881106	0.078	0.155134	-29.709	-29.871
SPAC977.10	nhe1	viable	V	0.708	0.043	0.0	1.0	8.232	19.58	18.58	6.024	0.26	13.855	0.986046	0.028	0.041403	-43.94	-44.102
SPAC977.11	fex1	viable	V	-0.724	-0.121	-0.0	0.364	3.001	7.138	6.773	2.196	-0.266	-18.49	0.528855	0.19	0.196301	-17.249	-17.411
SPAC977.12	SPAC977.12	viable	V	0.126	-0.004	0.0	1.925	15.851	37.704	35.779	11.6	0.046	0.027	-0.374646	0.115	0.422695	-24.231	-24.394
SPAC977.14c	SPAC977.14c	viable	V	-1.0	0.031	0.122	2.072	16.177	38.31	36.238	11.871	-0.368	-0.228	-0.648391	0.307	0.415628	-10.526	-10.688
SPAC977.15	SPAC977.15	viable	V	0.602	0.033	0.0	1.128	9.289	22.095	20.967	6.798	0.221	11.113	0.766057	0.096	0.164963	-26.831	-26.993
SPAC977.16c	dak2	viable	V	1.063	0.178	-0.0	0.364	3.001	7.138	6.773	2.196	0.391	27.172	0.926939	0.099	0.087795	-26.447	-26.609
SPAC977.17	SPAC977.17	viable	V	3.102	0.142	-0.0	1.334	10.984	26.127	24.793	8.038	1.141	52.137	0.644984	0.624	0.224198	-0.594	-0.756
SPAC977.18	SPAC977.18	unknown	Not_determined	0.338	0.057	-0.0	0.364	3.001	7.138	6.773	2.196	0.124	8.626	0.342716	0.138	0.322327	-21.764	-21.926
SPAC9E9.01	SPAC9E9.01	unknown	Not_determined	-0.018	0.003	0.0	0.364	3.001	7.138	6.773	2.196	-0.007	-0.001	-0.009994	0.34	0.319049	-9.086	-9.248
SPAC9E9.02	SPAC9E9.02	unknown	Not_determined	0.629	0.105	-0.0	0.364	3.001	7.138	6.773	2.196	0.231	16.078	0.541924	0.177	0.206565	-18.224	-18.386
SPAC9E9.03	leu2	viable	V	1.044	0.139	2.957	3.417	6.74	11.955	8.538	5.726	0.384	22.703	0.960819	0.085	0.076115	-28.483	-28.645
SPAC9E9.04	SPAC9E9.04	viable	V	0.605	0.101	-0.0	0.364	3.001	7.138	6.773	2.196	0.223	15.462	0.071874	0.655	0.318604	0.077	-0.085
SPAC9E9.05	sor1	viable	V	0.384	0.047	1.165	1.661	5.248	10.876	9.216	4.153	0.141	8.907	0.691877	0.103	0.198674	-25.861	-26.024
SPAC9E9.06c	SPAC9E9.06c	inviable	E	4.893	0.82	-0.0	0.364	3.001	7.138	6.773	2.196	1.8	125.028	0.982961	0.222	0.043603	-15.1	-15.262
SPAC9E9.07c	ypt2	inviable	E	4.0	0.67	-0.0	0.364	3.001	7.138	6.773	2.196	1.472	102.218	0.959685	0.273	0.071602	-12.171	-12.334
SPAC9E9.08	rad26	viable	V	1.387	0.072	1.105	2.284	10.814	24.199	21.914	8.21	0.51	23.64	0.994158	0.034	0.025466	-41.372	-41.535
SPAC9E9.09c	atd1	viable	V	0.938	0.079	0.076	0.803	6.058	14.304	13.501	4.454	0.345	20.648	0.95161	0.074	0.079501	-30.434	-30.596
SPAC9E9.10c	cbh1	viable	V	1.132	0.058	3.895	5.093	13.756	27.35	22.257	11.111	0.416	16.247	0.947702	0.085	0.078494	-28.484	-28.646
SPAC9E9.11	plr1	viable	V	0.202	0.034	-0.0	0.364	3.001	7.138	6.773	2.196	0.074	5.155	0.045296	0.115	0.30505	-24.316	-24.479
SPAC9E9.12c	abc1	viable	V	0.592	0.099	-0.0	0.364	3.001	7.138	6.773	2.196	0.218	15.123	0.495249	0.18	0.1961	-17.99	-18.153
SPAC9E9.13	wos2	viable	V	0.313	0.02	0.0	0.966	7.957	18.927	17.96	5.823	0.115	6.219	0.393327	0.145	0.244952	-21.057	-21.219
SPAC9E9.14	vps24	viable	V	1.541	0.123	3.268	4.034	9.574	18.266	14.232	7.883	0.567	28.593	0.989509	0.058	0.038774	-33.842	-34.004
SPAC9E9.15	SPAC9E9.15	viable	V	0.377	0.012	-0.0	1.957	16.116	38.334	36.377	11.794	0.139	4.829	0.274867	0.152	0.28117	-20.39	-20.552
SPAC9E9.17c	SPAC9E9.17c	unknown	Not_determined	-0.707	-0.118	-0.0	0.364	3.001	7.138	6.773	2.196	-0.26	-18.063	0.770907	0.129	0.144372	-22.633	-22.795
SPAC9G1.02	wis4	viable	V	0.98	0.067	0.0	0.897	7.385	17.566	16.669	5.404	0.361	20.094	0.962933	0.062	0.064568	-32.888	-33.051
SPAC9G1.04	oxa101	viable	V	-0.009	0.0	-0.0	1.422	11.71	27.853	26.43	8.569	-0.003	-0.001	-0.002344	0.107	0.3408	-25.332	-25.494
SPAC9G1.05	aip1	viable	V	-0.248	-0.042	1.843	2.207	4.844	8.98	6.773	4.039	-0.091	-5.887	0.219897	0.201	0.30829	-16.462	-16.624
SPAC9G1.06c	cyk3	viable	V	0.706	0.022	0.012	1.969	16.122	38.332	36.363	11.802	0.26	9.047	0.819471	0.09	0.13086	-27.666	-27.828
SPAC9G1.07	SPAC9G1.07	viable	V	1.052	0.131	0.942	1.433	4.98	10.547	9.114	3.897	0.387	24.667	0.947306	0.092	0.07896	-27.333	-27.496
SPAC9G1.08c	phi1	viable	V	3.473	0.442	2.075	2.555	6.028	11.477	8.922	4.967	1.278	77.87	0.974191	0.219	0.059893	-15.241	-15.403
SPAC9G1.09	sid1	inviable	E	3.52	0.59	2.739	3.103	5.74	9.877	6.773	4.935	1.295	80.465	0.990659	0.141	0.038428	-21.404	-21.566
SPAC9G1.10c	inp53	viable	V	0.352	0.03	0.0	0.708	5.83	13.868	13.16	4.267	0.129	7.832	0.726695	0.066	0.169463	-32.106	-32.268
SPAC9G1.11c	spn4	viable	V	0.926	0.14	0.531	0.936	3.868	8.469	7.533	2.973	0.341	22.842	0.956691	0.073	0.068477	-30.682	-30.844
SPAC9G1.12	trm61	viable	V	0.482	0.07	4.209	4.631	7.68	12.464	7.833	6.749	0.177	10.053	0.154545	0.615	0.299162	-0.804	-0.966
SPAC9G1.13c	swc4	inviable	E	4.051	0.679	3.541	3.906	6.542	10.679	6.773	5.737	1.49	89.346	0.99411	0.129	0.032213	-22.663	-22.825
SPAC9G1.14	SPAC9G1.14	unknown	Not_determined	-1.0	0.031	0.0	1.957	16.116	38.334	36.377	11.794	-0.368	-0.221	-0.199046	0.418	0.335653	-6.227	-6.389
SPACUNK12.02c	cmk1	viable	V	-0.536	0.017	0.0	1.954	16.092	38.275	36.321	11.776	-0.197	-0.118	-2.662244	0.272	0.592288	-12.235	-12.397
SPACUNK4.06c	rpb7	inviable	E	5.307	0.888	0.51	0.875	3.514	7.655	6.781	2.708	1.952	133.012	0.990328	0.19	0.033786	-17.267	-17.429
SPACUNK4.07c	cta4	viable	Not_determined	3.685	0.333	4.494	5.171	10.065	17.745	12.575	8.571	1.356	66.922	0.996987	0.075	0.020669	-30.235	-30.398
SPACUNK4.08	dpp2	viable	V	0.212	0.022	0.0	0.591	4.863	11.568	10.977	3.559	0.078	4.957	0.513045	0.087	0.239363	-28.165	-28.328
SPACUNK4.09	SPACUNK4.09	viable	V	-0.076	-0.013	0.0	0.364	3.001	7.138	6.773	2.196	-0.028	-1.945	-0.023278	0.18	0.372925	-17.998	-18.16
SPACUNK4.10	gor1	viable	V	0.473	0.079	1.721	2.086	4.722	8.859	6.773	3.917	0.174	11.289	0.277036	0.327	0.272784	-9.646	-9.808
SPACUNK4.11c	mpp6	viable	V	2.974	0.127	8.579	10.012	20.382	36.655	26.643	17.217	1.094	26.516	0.794123	0.365	0.145591	-8.099	-8.261
SPACUNK4.12c	iph1	viable	V	0.954	0.03	0.0	1.957	16.116	38.334	36.377	11.794	0.351	12.228	0.633067	0.166	0.18256	-19.161	-19.323
SPACUNK4.13c	ola2	viable	V	0.258	0.043	-0.0	0.364	3.001	7.138	6.773	2.196	0.095	6.59	0.162864	0.186	0.32132	-17.569	-17.731
SPACUNK4.14	mdb1	viable	V	1.612	0.27	-0.0	0.364	3.001	7.138	6.773	2.196	0.593	41.205	0.774902	0.278	0.162516	-11.91	-12.073
SPACUNK4.16c	tps3	viable	V	0.576	0.018	0.0	1.957	16.116	38.334	36.377	11.794	0.212	7.382	0.190498	0.289	0.301729	-11.376	-11.538
SPACUNK4.17	SPACUNK4.17	viable	V	-0.446	-0.075	1.464	1.828	4.465	8.601	6.773	3.66	-0.164	-10.755	0.807893	0.09	0.157986	-27.728	-27.89
SPACUNK4.19	mug153	viable	V	0.097	-0.016	0.0	0.364	3.001	7.137	6.773	2.196	0.036	0.004	-0.159677	0.062	0.301782	-33.028	-33.19
SPAP11E10.01	SPAP11E10.01	viable	V	-0.043	0.007	0.0	0.364	3.001	7.138	6.773	2.196	-0.016	-0.002	-0.006297	0.09	0.314404	-27.773	-27.935
SPAP11E10.02c	mam3	viable	V	0.997	0.167	-0.0	0.364	3.001	7.138	6.773	2.196	0.367	25.469	0.915278	0.103	0.093146	-25.794	-25.957
SPAP14E8.02	tos4	viable	V	0.309	0.052	-0.0	0.364	3.001	7.138	6.773	2.196	0.113	7.884	0.24952	0.182	0.275836	-17.891	-18.053
SPAP14E8.03	bos1	inviable	E	3.533	0.563	0.72	1.103	3.876	8.228	7.125	3.03	1.3	87.201	0.983079	0.171	0.046232	-18.739	-18.902
SPAP14E8.04	oma1	viable	V	2.269	0.099	9.136	10.536	20.66	36.546	26.01	17.569	0.835	19.626	0.551565	0.502	0.241589	-3.654	-3.817
SPAP14E8.05c	SPAP14E8.05c	viable	V	1.56	0.261	1.858	2.223	4.859	8.996	6.773	4.054	0.574	37.041	0.877191	0.248	0.144038	-13.519	-13.681
SPAP19A11.05c	mrp7	inviable	E	2.897	0.377	1.54	2.01	5.409	10.742	8.731	4.371	1.066	66.784	0.9676	0.2	0.071747	-16.545	-16.707
SPAP27G11.02	mgr3	viable	V	1.08	0.181	-0.0	0.364	3.001	7.138	6.773	2.196	0.397	27.588	0.696613	0.218	0.165874	-15.339	-15.501
SPAP27G11.03	cdc123	inviable	E	5.04	0.844	0.503	0.867	3.504	7.641	6.773	2.699	1.854	126.374	0.996666	0.106	0.021132	-25.435	-25.597
SPAP27G11.04c	tad3	inviable	E	4.364	0.731	1.436	1.8	4.437	8.574	6.773	3.632	1.605	105.416	0.931291	0.459	0.101159	-4.909	-5.072
SPAP27G11.05c	vps41	viable	V	3.079	0.215	3.917	4.793	11.129	21.072	16.279	9.195	1.133	52.141	0.99908	0.033	0.010909	-41.907	-42.069
SPAP27G11.06c	vas2	viable	V	1.903	0.181	0.033	0.674	5.312	12.59	11.916	3.896	0.7	43.515	0.985542	0.081	0.040649	-29.219	-29.382
SPAP27G11.07c	bud32	condition-dependent	E	5.08	0.851	0.904	1.268	3.905	8.042	6.773	3.1	1.869	125.397	0.932548	0.514	0.096911	-3.322	-3.485
SPAP27G11.08c	meu32	viable	V	0.465	0.061	0.0	0.464	3.82	9.087	8.623	2.796	0.171	11.433	0.891617	0.055	0.096093	-34.688	-34.851
SPAP27G11.09c	rib1	inviable	E	4.088	0.685	-0.0	0.364	3.001	7.138	6.773	2.196	1.504	104.475	0.890634	0.461	0.107735	-4.838	-5.0
SPAP27G11.10c	nup184	viable	V	4.006	0.577	0.351	0.775	3.844	8.659	7.884	2.907	1.474	98.743	0.994144	0.11	0.027267	-24.85	-25.013
SPAP27G11.11c	SPAP27G11.11c	unknown	Not_determined	0.057	-0.003	0.0	1.386	11.409	27.138	25.752	8.349	0.021	0.009	-0.014293	0.152	0.296766	-20.407	-20.569
SPAP27G11.12	hid3	viable	V	0.944	0.151	2.016	2.398	5.165	9.507	7.108	4.32	0.347	22.099	0.858866	0.149	0.130149	-20.651	-20.814
SPAP27G11.13c	nop10	inviable	E	5.006	0.839	1.437	1.802	4.438	8.575	6.773	3.633	1.841	120.918	0.920518	0.561	0.100727	-2.084	-2.246
SPAP27G11.14c	SPAP27G11.14c	viable	V	1.408	0.074	3.118	4.274	12.638	25.763	21.488	10.085	0.518	21.659	0.978054	0.068	0.051823	-31.723	-31.885
SPAP27G11.15	slx1	viable	V	0.268	0.029	0.0	0.56	4.615	10.976	10.416	3.377	0.099	6.346	0.493637	0.106	0.237469	-25.432	-25.594
SPAP27G11.16	SPAP27G11.16	viable	V	0.47	0.079	-0.0	0.364	3.001	7.138	6.773	2.196	0.173	12.015	0.347874	0.164	0.244424	-19.289	-19.451
SPAP32A8.02	SPAP32A8.02	viable	V	0.824	0.03	0.0	1.66	13.67	32.515	30.854	10.003	0.303	11.965	0.439262	0.233	0.251151	-14.39	-14.552
SPAP32A8.03c	bop1	viable	V	-0.716	-0.09	0.0	0.486	4.001	9.518	9.032	2.928	-0.263	-17.455	0.899286	0.082	0.102289	-29.008	-29.171
SPAP4C9.02	emc5	viable	Not_determined	0.615	0.103	0.195	0.559	3.196	7.333	6.773	2.391	0.226	15.604	0.745015	0.133	0.181696	-22.205	-22.368
SPAP7G5.02c	gua2	inviable	E	4.232	0.709	0.132	0.497	3.133	7.27	6.773	2.328	1.557	107.625	0.972141	0.253	0.055838	-13.244	-13.406
SPAP7G5.03	prm1	viable	V	-0.288	0.009	0.0	1.95	16.057	38.193	36.243	11.75	-0.106	-0.063	0.001678	0.331	0.322787	-9.485	-9.647
SPAP7G5.04c	lys1	viable	V	0.265	-0.016	0.0	0.981	8.079	19.217	18.235	5.912	0.097	0.029	-0.348138	0.174	0.356864	-18.499	-18.661
SPAP7G5.06	per1	viable	V	1.18	0.076	-0.0	0.953	7.845	18.66	17.707	5.741	0.434	23.593	0.829598	0.15	0.116222	-20.566	-20.729
SPAP8A3.02c	ofd2	viable	V	-0.933	0.029	-0.0	1.957	16.116	38.334	36.377	11.794	-0.343	-0.206	-0.312243	0.218	0.36459	-15.301	-15.463
SPAP8A3.03	zip3	viable	V	0.582	0.098	2.225	2.59	5.226	9.363	6.773	4.421	0.214	13.608	0.416609	0.307	0.247141	-10.546	-10.709
SPAP8A3.05	ski7	viable	V	0.832	0.139	1.583	1.947	4.584	8.721	6.773	3.779	0.306	19.984	0.675815	0.249	0.210381	-13.471	-13.633
SPAP8A3.07c	aro3	viable	V	3.885	0.494	0.954	1.435	4.907	10.357	8.922	3.847	1.429	91.396	0.899378	0.479	0.103008	-4.296	-4.458
SPAP8A3.08	cdc4	inviable	E	5.092	0.853	2.23	2.595	5.231	9.368	6.773	4.426	1.873	118.969	0.980089	0.292	0.056089	-11.25	-11.412
SPAP8A3.09c	paa1	inviable	E	3.32	0.556	0.736	1.1	3.736	7.873	6.773	2.932	1.221	82.489	0.997847	0.057	0.016734	-34.181	-34.344
SPAP8A3.10	ups1	inviable	E	4.096	0.678	1.581	1.95	4.619	8.807	6.857	3.804	1.507	98.174	0.98535	0.193	0.04602	-17.067	-17.229
SPAP8A3.11c	mtg2	inviable	E	5.312	0.632	7.352	7.866	11.58	17.408	9.542	10.446	1.954	89.436	0.994196	0.156	0.029852	-20.016	-20.178
SPAP8A3.12c	tpp2	viable	V	0.016	-0.002	-0.0	0.529	4.354	10.357	9.828	3.186	0.006	0.001	-0.767658	0.102	0.466387	-26.004	-26.166
SPAP8A3.13c	gid10	viable	V	0.446	0.017	0.0	1.602	13.189	31.372	29.77	9.652	0.164	6.649	0.164759	0.155	0.34082	-20.094	-20.256
SPAP8A3.14c	sls1	viable	V	1.285	0.061	0.119	1.403	10.696	25.277	23.874	7.859	0.473	21.955	0.983924	0.05	0.041263	-35.834	-35.996
SPAPB15E9.01c	pfl2	viable	Not_determined	-0.736	-0.081	0.0	0.553	4.556	10.838	10.284	3.334	-0.271	-17.478	0.9009	0.085	0.099644	-28.43	-28.593
SPAPB15E9.02c	SPAPB15E9.02c	unknown	Not_determined	0.071	-0.01	0.0	0.437	3.595	8.551	8.114	2.631	0.026	0.004	-0.213619	0.091	0.357121	-27.546	-27.709
SPAPB15E9.06	SPAPB15E9.06	unknown	Not_determined	0.096	-0.016	0.0	0.364	3.001	7.137	6.773	2.196	0.035	0.004	-0.036263	0.303	0.343637	-10.728	-10.89
SPAPB17E12.03	pex12	viable	V	0.647	0.108	0.636	1.0	3.637	7.774	6.773	2.832	0.238	16.147	0.897703	0.082	0.106473	-29.035	-29.198
SPAPB17E12.04c	csn2	viable	V	2.833	0.177	4.419	5.394	12.449	23.518	18.124	10.295	1.042	44.219	0.890666	0.359	0.103278	-8.326	-8.488
SPAPB17E12.05	rpl3703	viable	V	3.32	0.265	-0.0	0.766	6.311	15.011	14.244	4.618	1.222	72.092	0.943505	0.26	0.07583	-12.846	-13.008
SPAPB17E12.06	sos7	unknown	Not_determined	4.23	0.632	1.397	1.806	4.764	9.406	7.6	3.861	1.556	100.549	0.999213	0.045	0.010733	-37.322	-37.484
SPAPB17E12.07c	sen2	inviable	E	4.671	0.782	0.284	0.649	3.285	7.422	6.773	2.48	1.718	118.099	0.995913	0.107	0.022819	-25.307	-25.47
SPAPB17E12.08	eos1	viable	V	0.995	0.059	1.937	2.966	10.404	22.076	19.11	8.133	0.366	17.439	0.977377	0.052	0.054045	-35.394	-35.556
SPAPB17E12.09	SPAPB17E12.09	inviable	E	0.766	0.12	-0.0	0.391	3.218	7.654	7.263	2.355	0.282	19.391	0.345409	0.354	0.256609	-8.534	-8.696
SPAPB17E12.10c	mrm202	inviable	E	3.989	0.581	8.34	8.759	11.791	16.549	7.79	10.866	1.468	66.769	0.987891	0.177	0.042463	-18.217	-18.379
SPAPB17E12.11	ost3	inviable	E	4.22	0.647	1.07	1.468	4.351	8.874	7.406	3.471	1.552	102.103	0.999118	0.047	0.011211	-36.797	-36.96
SPAPB17E12.14c	SPAPB17E12.14c	viable	V	-1.0	-0.041	2.497	3.98	14.711	31.548	27.568	11.435	-0.368	-13.612	0.500529	0.349	0.211688	-8.743	-8.905
SPAPB18E9.01	trm5	viable	V	4.566	0.464	0.761	1.362	5.708	12.529	11.168	4.381	1.68	103.005	0.995253	0.114	0.025099	-24.445	-24.608
SPAPB18E9.02c	ppk18	viable	Not_determined	-0.527	0.016	-0.0	1.957	16.116	38.334	36.377	11.794	-0.194	-0.116	-1.584806	0.223	0.578819	-14.982	-15.144
SPAPB18E9.04c	SPAPB18E9.04c	viable	V	0.982	0.164	-0.0	0.364	3.001	7.138	6.773	2.196	0.361	25.086	0.240631	0.509	0.2772	-3.464	-3.626
SPAPB1A10.02	scm3	inviable	E	3.685	0.617	4.149	4.514	7.15	11.287	6.773	6.345	1.355	79.021	0.997721	0.073	0.019733	-30.617	-30.78
SPAPB1A10.03	nxt1	viable	V	1.068	0.179	-0.0	0.364	3.001	7.138	6.773	2.196	0.393	27.302	0.863808	0.146	0.120011	-20.945	-21.107
SPAPB1A10.04c	cwp1	inviable	E	4.427	0.742	2.128	2.492	5.129	9.266	6.773	4.324	1.629	103.884	0.994735	0.128	0.028449	-22.784	-22.946
SPAPB1A10.05	SPAPB1A10.05	viable	V	0.235	0.039	0.0	0.364	3.001	7.138	6.773	2.196	0.087	6.016	0.31375	0.128	0.254942	-22.754	-22.917
SPAPB1A10.06c	dhx37	inviable	E	4.293	0.719	-0.0	0.364	3.001	7.138	6.773	2.196	1.579	109.702	0.985507	0.178	0.041661	-18.156	-18.318
SPAPB1A10.07c	SPAPB1A10.07c	viable	V	0.615	0.103	-0.0	0.364	3.001	7.138	6.773	2.196	0.226	15.718	0.093729	0.341	0.343304	-9.052	-9.214
SPAPB1A10.08	SPAPB1A10.08	viable	V	0.876	0.079	-0.0	0.677	5.571	13.252	12.575	4.077	0.322	19.755	0.773242	0.14	0.142663	-21.502	-21.664
SPAPB1A10.09	ase1	viable	V	2.05	0.133	3.334	4.274	11.073	21.743	17.469	8.998	0.754	34.735	0.991431	0.067	0.032362	-31.94	-32.102
SPAPB1A10.10c	ypt71	viable	V	1.741	0.292	11.072	11.436	14.073	18.21	6.773	13.268	0.641	25.289	0.896788	0.216	0.12386	-15.486	-15.648
SPAPB1A10.11c	mse1	inviable	E	4.366	0.515	4.678	5.196	8.94	14.815	9.619	7.797	1.606	84.99	0.998987	0.056	0.013026	-34.312	-34.474
SPAPB1A10.12c	alo1	viable	V	0.411	0.069	-0.0	0.364	3.001	7.138	6.773	2.196	0.151	10.501	0.211673	0.254	0.263028	-13.167	-13.329
SPAPB1A10.13	SPAPB1A10.13	viable	V	0.521	0.087	-0.0	0.364	3.001	7.138	6.773	2.196	0.192	13.31	0.332345	0.229	0.243651	-14.664	-14.827
SPAPB1A10.15	arv1	viable	V	1.1	0.041	-0.0	1.648	13.567	32.269	30.622	9.928	0.405	16.069	0.898773	0.091	0.095614	-27.568	-27.73
SPAPB1A10.16	dpc13	viable	Not_determined	-0.502	-0.034	0.0	0.915	7.534	17.921	17.006	5.513	-0.185	-10.217	0.635361	0.118	0.20381	-23.943	-24.105
SPAPB1A11.01	mfc1	viable	V	0.643	-0.02	-0.0	1.957	16.112	38.324	36.367	11.791	0.236	0.142	0.029589	0.151	0.318489	-20.44	-20.603
SPAPB1A11.02	SPAPB1A11.02	viable	V	-0.407	-0.068	0.0	0.364	3.001	7.138	6.773	2.196	-0.15	-10.408	0.783873	0.075	0.135819	-30.193	-30.355
SPAPB1A11.03	SPAPB1A11.03	viable	V	1.538	0.258	-0.0	0.364	3.001	7.138	6.773	2.196	0.566	39.315	0.968203	0.096	0.064346	-26.873	-27.035
SPAPB1A11.04c	mca1	viable	V	3.995	0.431	0.347	0.913	5.003	11.42	10.507	3.754	1.47	93.079	0.987042	0.163	0.040127	-19.431	-19.593
SPAPB1E7.01c	SPAPB1E7.01c	inviable	E	3.859	0.321	4.212	4.946	10.254	18.582	13.636	8.633	1.42	69.148	0.874302	0.523	0.122097	-3.083	-3.245
SPAPB1E7.02c	mcl1	condition-dependent	V	4.059	0.435	2.304	2.874	6.997	13.467	10.593	5.738	1.493	86.625	0.961207	0.309	0.072975	-10.43	-10.592
SPAPB1E7.03	rpc82	inviable	E	4.427	0.742	0.018	0.383	3.019	7.156	6.773	2.214	1.629	113.055	0.971999	0.264	0.057819	-12.651	-12.814
SPAPB1E7.04c	cts2	viable	V	0.299	0.05	3.719	4.083	6.72	10.857	6.773	5.915	0.11	6.532	0.3919	0.201	0.253688	-16.433	-16.595
SPAPB1E7.05	gde1	viable	V	0.413	0.013	1.167	3.053	16.696	38.105	35.052	12.531	0.152	5.088	0.544059	0.124	0.203214	-23.206	-23.368
SPAPB1E7.06c	eme1	viable	V	4.156	0.366	2.415	3.108	8.122	15.989	12.88	6.591	1.529	83.406	0.99475	0.111	0.027026	-24.738	-24.9
SPAPB1E7.07	glt1	viable	V	-0.263	0.009	0.0	1.827	15.044	35.784	33.957	11.009	-0.097	-0.054	-1.572547	0.271	0.537623	-12.281	-12.443
SPAPB1E7.08c	SPAPB1E7.08c	viable	V	0.748	0.125	-0.0	0.364	3.001	7.138	6.773	2.196	0.275	19.115	0.712091	0.151	0.161823	-20.453	-20.616
SPAPB1E7.09	ogm2	condition-dependent	V	4.491	0.752	0.615	0.98	3.616	7.753	6.773	2.811	1.652	112.122	0.994379	0.124	0.027012	-23.263	-23.425
SPAPB1E7.10	rpc17	inviable	E	3.71	0.518	0.279	0.717	3.88	8.844	8.127	2.914	1.365	91.234	0.992909	0.112	0.029941	-24.63	-24.792
SPAPB1E7.11c	mpa1	viable	V	1.708	0.073	5.305	6.729	17.028	33.189	26.46	13.884	0.628	19.842	0.971049	0.086	0.054307	-28.353	-28.515
SPAPB1E7.12	rps602	viable	V	4.123	0.691	1.079	1.443	4.08	8.217	6.773	3.275	1.517	101.062	0.997127	0.083	0.02064	-28.784	-28.946
SPAPB1E7.14	iec5	unknown	Not_determined	0.348	0.03	0.0	0.713	5.874	13.972	13.258	4.299	0.128	7.738	0.741492	0.06	0.174637	-33.493	-33.655
SPAPB21F2.02	dop1	viable	V	0.611	0.05	0.399	1.141	6.511	14.937	13.796	4.872	0.225	13.18	0.779462	0.119	0.1455	-23.747	-23.91
SPAPB24D3.01	toe3	viable	V	-0.275	0.009	-0.0	1.934	15.927	37.884	35.95	11.655	-0.101	-0.06	0.009389	0.197	0.319241	-16.746	-16.908
SPAPB24D3.02c	SPAPB24D3.02c	viable	V	-0.528	-0.089	6.328	6.693	9.329	13.466	6.773	8.524	-0.194	-10.182	0.549646	0.207	0.219545	-16.034	-16.196
SPAPB24D3.03	agm2	viable	V	-1.0	0.031	-0.0	1.957	16.116	38.334	36.377	11.794	-0.368	-0.221	-0.086441	0.269	0.304848	-12.389	-12.551
SPAPB24D3.04c	mag1	viable	V	-0.649	-0.109	-0.0	0.364	3.001	7.138	6.773	2.196	-0.239	-16.577	0.458022	0.192	0.216475	-17.134	-17.297
SPAPB24D3.06c	SPAPB24D3.06c	inviable	E	0.355	0.059	-0.0	0.364	3.001	7.138	6.773	2.196	0.131	9.068	0.634329	0.09	0.17921	-27.717	-27.879
SPAPB24D3.07c	SPAPB24D3.07c	viable	V	0.36	0.06	1.35	1.715	4.351	8.488	6.773	3.546	0.132	8.731	0.539388	0.15	0.219183	-20.526	-20.688
SPAPB24D3.08c	SPAPB24D3.08c	viable	V	0.49	0.082	7.261	7.626	10.262	14.399	6.773	9.457	0.18	8.984	0.464349	0.248	0.228324	-13.51	-13.672
SPAPB24D3.09c	pdr1	viable	V	0.912	0.037	0.0	1.516	12.486	29.699	28.182	9.137	0.336	14.122	0.947694	0.062	0.075996	-32.823	-32.986
SPAPB24D3.10c	agl1	viable	V	0.052	-0.009	0.0	0.364	3.001	7.137	6.773	2.196	0.019	0.002	-0.607715	0.208	0.452082	-16.016	-16.179
SPAPB2B4.01c	gpi12	inviable	E	2.832	0.474	1.763	2.128	4.764	8.901	6.773	3.959	1.042	67.499	0.967275	0.208	0.069987	-16.002	-16.164
SPAPB2B4.02	grx5	condition-dependent	V	2.926	0.2	6.516	7.407	13.856	23.974	16.567	11.887	1.076	41.808	0.997412	0.051	0.017942	-35.661	-35.823
SPAPB2B4.03	cig2	viable	V	0.641	0.05	-0.0	0.784	6.456	15.355	14.571	4.724	0.236	13.806	0.837268	0.082	0.124023	-29.082	-29.244
SPAPB2B4.04c	pmc1	viable	V	0.618	0.037	-0.0	1.02	8.399	19.979	18.959	6.147	0.227	11.977	0.834827	0.078	0.12653	-29.793	-29.956
SPAPB2B4.05	vma5	inviable	E	4.025	0.25	0.457	1.44	8.549	19.706	18.266	6.379	1.481	77.708	0.983344	0.171	0.04371	-18.758	-18.92
SPAPB2B4.06	SPAPB2B4.06	viable	V	0.746	0.105	0.0	0.434	3.57	8.492	8.058	2.613	0.274	18.56	0.553269	0.237	0.222722	-14.17	-14.333
SPAPB2B4.07	SPAPB2B4.07	viable	V	0.734	0.123	2.592	2.957	5.593	9.73	6.773	4.788	0.27	16.895	0.728044	0.219	0.169489	-15.263	-15.425
SPAPB2C8.01	pfl10	viable	V	-0.668	-0.112	1.049	1.413	4.049	8.186	6.773	3.245	-0.246	-16.389	0.422364	0.32	0.273384	-9.946	-10.109
SPAPB8E5.03	mae1	viable	V	0.601	0.101	-0.0	0.364	3.001	7.138	6.773	2.196	0.221	15.367	0.562985	0.177	0.192115	-18.232	-18.394
SPAPB8E5.04c	npc2	viable	V	-0.415	-0.07	-0.0	0.364	3.001	7.138	6.773	2.196	-0.153	-10.61	0.424074	0.136	0.278911	-21.949	-22.111
SPAPB8E5.05	mfm1	viable	V	-0.691	-0.116	0.507	0.872	3.508	7.645	6.773	2.703	-0.254	-17.33	0.645463	0.192	0.179101	-17.13	-17.292
SPAPB8E5.07c	rrp12	inviable	E	4.091	0.685	0.066	0.431	3.067	7.204	6.773	2.262	1.505	104.278	0.992831	0.122	0.029449	-23.455	-23.617
SPAPB8E5.08	SPAPB8E5.08	viable	V	0.0	-0.0	1.218	1.7	5.184	10.651	8.951	4.12	0.0	0.0	-0.112607	0.442	0.347921	-5.435	-5.597
SPAPB8E5.09	rvb1	inviable	E	3.845	0.644	0.456	0.821	3.457	7.594	6.773	2.652	1.415	96.598	0.989326	0.145	0.036831	-21.059	-21.221
SPAPB8E5.10	min8	viable	V	0.536	0.017	0.0	1.957	16.116	38.334	36.377	11.794	0.197	6.873	0.770858	0.081	0.155721	-29.245	-29.407
SPAPJ691.02	moh1	viable	V	0.315	0.053	-0.0	0.364	3.001	7.138	6.773	2.196	0.116	8.048	0.53598	0.076	0.220976	-30.035	-30.197
SPAPJ691.03	mic10	viable	V	0.208	0.035	-0.0	0.364	3.001	7.138	6.773	2.196	0.077	5.32	0.468385	0.07	0.246709	-31.316	-31.478
SPAPJ695.01c	SPAPJ695.01c	viable	V	0.578	0.055	2.144	2.781	7.393	14.629	11.848	5.985	0.213	12.065	0.96752	0.043	0.067773	-38.151	-38.313
SPAPJ695.02	SPAPJ695.02	viable	Not_determined	1.727	0.189	2.683	3.239	7.265	13.582	10.343	6.036	0.635	36.426	0.879231	0.246	0.122957	-13.646	-13.808
SPAPJ696.01c	vps17	viable	V	-0.005	0.001	0.0	0.364	3.001	7.138	6.773	2.196	-0.002	-0.0	-0.159519	0.203	0.36503	-16.352	-16.514
SPAPJ696.02	lsb4	viable	V	-0.427	-0.072	-0.0	0.364	3.001	7.138	6.773	2.196	-0.157	-10.921	0.239447	0.223	0.334192	-14.993	-15.155
SPAPJ698.03c	prp12	inviable	E	4.235	0.709	0.288	0.653	3.289	7.426	6.773	2.484	1.558	107.07	0.98287	0.2	0.045501	-16.55	-16.712
SPAPJ760.02c	abp1	viable	V	0.111	-0.007	0.0	1.016	8.362	19.89	18.874	6.119	0.041	0.013	-0.053864	0.088	0.318631	-28.035	-28.197
SPAPYUG7.02c	sin1	viable	V	2.117	0.129	0.0	1.0	8.236	19.59	18.59	6.027	0.779	41.425	0.962376	0.135	0.066115	-22.013	-22.176
SPAPYUG7.03c	mid2	viable	V	1.465	0.245	2.137	2.502	5.138	9.275	6.773	4.333	0.539	34.372	0.830116	0.273	0.142083	-12.164	-12.327
SPAPYUG7.04c	rpb9	viable	V	0.507	0.064	-0.0	0.481	3.964	9.428	8.947	2.901	0.187	12.391	0.715255	0.103	0.185849	-25.853	-26.015
SPAPYUG7.05	pro3	inviable	E	4.3	0.72	-0.0	0.364	3.001	7.138	6.773	2.196	1.582	109.894	0.972296	0.252	0.060897	-13.31	-13.473
SPAPYUG7.06	sdu1	viable	V	-0.204	-0.034	0.0	0.364	3.001	7.138	6.773	2.196	-0.075	-5.21	0.075205	0.256	0.283978	-13.052	-13.215
SPAPYUK71.03c	tcb3	viable	V	0.262	0.044	3.32	3.685	6.321	10.458	6.773	5.516	0.096	5.831	0.570291	0.114	0.241339	-24.383	-24.545
SPBC106.01	mph1	viable	V	1.402	0.094	2.975	3.885	10.464	20.788	16.903	8.455	0.516	24.616	0.986672	0.058	0.040877	-33.861	-34.024
SPBC106.02c	srx1	viable	V	-0.347	0.058	16.604	16.968	19.605	23.742	6.773	18.8	-0.128	-4.566	0.054635	0.212	0.325717	-15.714	-15.876
SPBC106.03	SPBC106.03	viable	V	1.582	0.265	-0.0	0.364	3.001	7.138	6.773	2.196	0.582	40.438	0.287744	0.529	0.243662	-2.902	-3.064
SPBC106.04	ada1	viable	V	2.07	0.117	0.22	1.304	9.142	21.442	20.138	6.749	0.761	38.59	0.993653	0.053	0.026028	-35.216	-35.378
SPBC106.05c	tim11	viable	V	0.488	0.082	2.242	2.606	5.243	9.38	6.773	4.438	0.179	11.393	0.472722	0.241	0.24501	-13.916	-14.078
SPBC106.06	cct4	inviable	E	3.149	0.527	-0.0	0.364	3.001	7.138	6.773	2.196	1.158	80.46	0.966756	0.198	0.059836	-16.694	-16.857
SPBC106.07c	nat2	viable	V	3.826	0.641	-0.0	0.364	3.001	7.138	6.773	2.196	1.407	97.758	0.864579	0.522	0.128503	-3.098	-3.261
SPBC106.08c	mug2	viable	V	-1.0	-0.049	-0.0	1.247	10.267	24.421	23.174	7.513	-0.368	-17.489	0.429384	0.384	0.32877	-7.411	-7.574
SPBC106.09	cut4	inviable	E	4.247	0.65	1.164	1.563	4.448	8.976	7.413	3.567	1.562	102.355	0.996562	0.094	0.022026	-27.111	-27.273
SPBC106.10	pka1	viable	V	2.952	0.224	-0.0	0.806	6.64	15.793	14.987	4.859	1.086	62.99	0.967693	0.179	0.057491	-18.047	-18.209
SPBC106.11c	plg7	viable	V	1.974	0.253	15.518	15.995	19.447	24.863	8.868	18.393	0.726	17.915	0.830697	0.301	0.123606	-10.787	-10.949
SPBC106.12c	tho4	viable	V	0.557	0.028	5.961	7.166	15.884	29.565	22.399	13.223	0.205	6.929	0.260085	0.372	0.273614	-7.85	-8.012
SPBC106.13	gid9	viable	V	0.14	0.004	0.0	1.957	16.116	38.334	36.377	11.794	0.052	1.797	0.035494	0.176	0.324439	-18.283	-18.445
SPBC106.14c	sda1	inviable	E	4.387	0.735	-0.0	0.364	3.001	7.138	6.773	2.196	1.614	112.099	0.970787	0.264	0.056549	-12.656	-12.818
SPBC106.15	idi1	inviable	E	3.702	0.62	-0.0	0.364	3.001	7.138	6.773	2.196	1.362	94.611	0.977928	0.193	0.049626	-17.024	-17.186
SPBC106.16	pre6	viable	V	4.049	0.47	-0.0	0.526	4.333	10.305	9.779	3.171	1.49	97.173	0.968086	0.253	0.057931	-13.216	-13.379
SPBC106.17c	cys2	viable	V	1.315	0.095	-0.0	0.847	6.978	16.597	15.749	5.106	0.484	27.55	0.914339	0.133	0.100776	-22.273	-22.435
SPBC106.18	rpl2501	inviable	E	2.801	0.469	-0.0	0.364	3.001	7.138	6.773	2.196	1.03	71.567	0.942741	0.228	0.08034	-14.712	-14.875
SPBC106.19	ppr10	viable	V	1.233	0.075	1.575	2.575	9.807	21.155	18.58	7.599	0.453	22.326	0.985329	0.051	0.04324	-35.764	-35.926
SPBC106.20	exo70	condition-dependent	V	1.723	0.095	0.909	2.015	10.02	22.579	20.564	7.576	0.634	30.702	0.988137	0.06	0.03673	-33.341	-33.503
SPBC1105.01	SPBC1105.01	viable	V	0.768	0.027	1.273	3.028	15.723	35.644	32.616	11.847	0.283	9.959	0.949915	0.05	0.074407	-35.815	-35.978
SPBC1105.02c	lys4	viable	V	2.779	-0.087	0.0	1.957	16.116	38.334	36.377	11.794	1.023	0.614	0.023351	0.355	0.296975	-8.515	-8.677
SPBC1105.03c	mrpl16	inviable	E	3.613	0.605	3.547	3.911	6.548	10.685	6.773	5.743	1.329	79.663	0.929536	0.403	0.108624	-6.739	-6.901
SPBC1105.04c	cbp1	viable	V	2.32	0.228	2.719	3.341	7.838	14.895	11.554	6.465	0.853	47.416	0.957905	0.186	0.074632	-17.527	-17.689
SPBC1105.05	exg1	viable	V	-0.381	-0.064	0.0	0.364	3.001	7.138	6.773	2.196	-0.14	-9.724	0.236819	0.239	0.282348	-14.062	-14.225
SPBC1105.06	pmc4	inviable	E	5.032	0.392	3.689	4.473	10.144	19.043	14.571	8.413	1.851	90.456	0.987857	0.202	0.041126	-16.386	-16.549
SPBC1105.07c	pci2	inviable	E	4.167	0.495	1.799	2.313	6.028	11.857	9.545	4.894	1.533	93.238	0.997946	0.072	0.017608	-30.838	-31.001
SPBC1105.08	emp70	viable	V	0.51	0.017	1.245	3.126	16.735	38.091	34.964	12.581	0.188	6.267	0.702204	0.099	0.191146	-26.321	-26.483
SPBC1105.09	ubc15	viable	V	1.441	0.051	3.912	5.63	18.062	37.569	31.938	14.267	0.53	16.019	0.87508	0.135	0.111657	-22.059	-22.221
SPBC1105.10	rav1	viable	V	1.147	0.169	4.502	4.917	7.912	12.613	7.697	6.998	0.422	23.646	0.930395	0.137	0.091135	-21.813	-21.975
SPBC1105.11c	hht3	viable	V	0.298	0.05	-0.0	0.364	3.001	7.138	6.773	2.196	0.11	7.624	0.128588	0.128	0.278066	-22.729	-22.891
SPBC1105.12	hhf3	viable	V	0.153	0.026	-0.0	0.364	3.001	7.138	6.773	2.196	0.056	3.913	-0.06441	0.184	0.349451	-17.714	-17.876
SPBC1105.13c	SPBC1105.13c	viable	V	0.137	-0.007	0.0	1.154	9.5	22.597	21.443	6.952	0.05	0.018	-0.053496	0.368	0.324718	-7.999	-8.161
SPBC1105.14	rsv2	viable	V	0.913	0.153	-0.0	0.364	3.001	7.138	6.773	2.196	0.336	23.332	0.630798	0.221	0.171145	-15.127	-15.289
SPBC1105.15c	htd2	viable	V	4.065	0.587	8.315	8.737	11.795	16.592	7.854	10.861	1.495	68.01	0.986891	0.187	0.047818	-17.501	-17.663
SPBC1105.16c	rpr2	inviable	E	5.151	0.803	1.18	1.572	4.406	8.854	7.282	3.541	1.895	124.392	0.93394	0.515	0.085975	-3.288	-3.45
SPBC1105.17	cnp1	inviable	E	3.654	0.416	3.004	3.54	7.416	13.498	9.958	6.233	1.344	76.602	0.992672	0.123	0.033048	-23.387	-23.549
SPBC1105.19	tam12	unknown	Not_determined	-0.287	0.048	9.59	9.955	12.591	16.728	6.773	11.786	-0.106	-1.781	0.066727	0.234	0.310875	-14.329	-14.491
SPBC115.01c	rrp46	inviable	E	4.919	0.824	0.266	0.631	3.267	7.404	6.773	2.462	1.809	124.453	0.986107	0.208	0.039494	-15.971	-16.134
SPBC115.02c	afg1	viable	V	1.232	0.206	-0.0	0.364	3.001	7.138	6.773	2.196	0.453	31.479	0.262442	0.581	0.308368	-1.603	-1.765
SPBC115.03	SPBC115.03	viable	V	1.227	0.205	-0.0	0.364	3.001	7.138	6.773	2.196	0.451	31.345	0.609326	0.299	0.202265	-10.886	-11.048
SPBC119.01	rpn3	inviable	E	3.128	0.456	0.13	0.549	3.582	8.34	7.791	2.656	1.151	77.906	0.984215	0.14	0.042841	-21.525	-21.687
SPBC119.02	ubc4	inviable	E	4.234	0.552	0.318	0.786	4.172	9.484	8.698	3.138	1.558	102.72	0.99011	0.151	0.036045	-20.437	-20.6
SPBC119.03	cmt1	viable	V	-1.0	-0.054	-0.0	1.133	9.332	22.196	21.063	6.829	-0.368	-18.421	0.592817	0.23	0.231963	-14.597	-14.759
SPBC119.05c	lsb1	viable	V	-0.332	0.056	21.349	21.714	24.35	28.487	6.773	23.545	-0.122	-5.931	0.172647	0.272	0.305264	-12.212	-12.374
SPBC119.06	sco1	viable	V	1.105	0.082	0.842	1.66	7.579	16.868	15.208	5.772	0.406	22.58	0.754329	0.222	0.184065	-15.061	-15.223
SPBC119.07	vps15	viable	V	2.097	0.134	4.445	5.4	12.31	23.152	17.752	10.2	0.771	33.022	0.992544	0.062	0.030821	-32.961	-33.123
SPBC119.08	pmk1	viable	V	0.6	0.033	0.0	1.106	9.101	21.646	20.541	6.66	0.221	11.202	0.887745	0.067	0.114966	-31.91	-32.072
SPBC119.10	asn1	viable	Not_determined	3.718	0.623	-0.0	0.364	3.001	7.138	6.773	2.196	1.368	95.011	0.955649	0.276	0.068527	-12.001	-12.163
SPBC119.11c	pac1	inviable	E	0.834	0.14	-0.0	0.364	3.001	7.138	6.773	2.196	0.307	21.308	0.540289	0.227	0.204802	-14.764	-14.926
SPBC119.12	rud3	viable	V	-0.388	0.065	12.252	12.616	15.253	19.39	6.773	14.448	-0.143	-3.419	0.376809	0.311	0.255033	-10.334	-10.496
SPBC119.13c	prp31	inviable	E	4.475	0.75	-0.0	0.364	3.001	7.138	6.773	2.196	1.646	114.362	0.982947	0.203	0.04472	-16.313	-16.475
SPBC119.14	rti1	viable	V	1.426	0.239	2.077	2.441	5.078	9.215	6.773	4.273	0.525	33.532	0.85337	0.249	0.140677	-13.456	-13.619
SPBC119.15	npa3	inviable	E	4.501	0.754	0.43	0.794	3.431	7.568	6.773	2.626	1.656	113.188	0.991093	0.154	0.033069	-20.188	-20.35
SPBC119.16c	den11	viable	V	-0.7	-0.06	-0.0	0.714	5.877	13.978	13.265	4.301	-0.257	-15.539	0.736151	0.127	0.147173	-22.905	-23.067
SPBC119.17	cym1	condition-dependent	E	4.158	0.687	1.603	1.972	4.646	8.842	6.87	3.83	1.53	99.561	0.999627	0.031	0.007439	-42.573	-42.736
SPBC119.18	mdm35	inviable	E	3.782	0.634	3.287	3.651	6.288	10.425	6.773	5.483	1.391	84.372	0.965289	0.294	0.077973	-11.148	-11.31
SPBC1198.01	fmd2	viable	V	-0.982	0.031	0.0	1.957	16.116	38.334	36.377	11.794	-0.361	-0.217	-1.578645	0.23	0.591507	-14.57	-14.732
SPBC1198.02	dea2	inviable	E	0.768	0.091	1.493	2.009	5.742	11.599	9.591	4.602	0.283	17.408	0.825115	0.135	0.134456	-22.077	-22.24
SPBC1198.03c	SPBC1198.03c	viable	V	0.038	-0.002	0.0	1.541	12.69	30.184	28.643	9.286	0.014	0.007	-0.323514	0.162	0.367465	-19.446	-19.608
SPBC1198.04c	zas1	inviable	E	4.607	0.51	3.586	4.137	8.124	14.379	10.241	6.907	1.695	93.251	0.997065	0.097	0.021657	-26.622	-26.784
SPBC1198.05	guk1	inviable	E	4.387	0.735	0.091	0.455	3.092	7.229	6.773	2.287	1.614	111.742	0.991252	0.145	0.033503	-20.992	-21.154
SPBC1198.06c	dfg501	viable	V	0.911	0.14	-0.0	0.396	3.263	7.762	7.365	2.388	0.335	23.004	0.707369	0.204	0.174251	-16.276	-16.438
SPBC1198.07c	dfg502	viable	V	0.548	0.052	3.515	4.164	8.856	16.22	12.057	7.424	0.202	10.623	0.842137	0.1	0.126078	-26.169	-26.331
SPBC1198.08	dug1	viable	V	0.901	0.122	0.0	0.449	3.699	8.799	8.35	2.707	0.331	22.278	0.893029	0.11	0.107211	-24.902	-25.064
SPBC1198.09	pex4	viable	V	1.078	0.181	-0.0	0.364	3.001	7.138	6.773	2.196	0.397	27.55	0.293728	0.443	0.299575	-5.406	-5.568
SPBC1198.10c	slm5	inviable	E	4.132	0.526	3.023	3.502	6.974	12.421	8.919	5.914	1.52	88.736	0.988523	0.175	0.042739	-18.438	-18.6
SPBC1198.11c	reb1	viable	V	0.617	0.023	1.508	3.137	14.923	33.418	30.281	11.325	0.227	8.342	0.830861	0.085	0.137153	-28.528	-28.691
SPBC1198.12	mfr1	viable	V	0.772	0.129	-0.0	0.364	3.001	7.138	6.773	2.196	0.284	19.732	0.224358	0.465	0.276901	-4.714	-4.876
SPBC1198.13c	tfg2	inviable	E	4.808	0.651	1.203	1.654	4.916	10.034	8.38	3.92	1.769	113.284	0.998661	0.066	0.013724	-32.007	-32.169
SPBC1198.14c	fbp1	viable	V	-1.0	0.031	0.153	2.101	16.192	38.304	36.204	11.89	-0.368	-0.23	0.028862	0.316	0.364043	-10.113	-10.275
SPBC11B10.01	alg2	inviable	E	3.976	0.666	0.177	0.542	3.178	7.315	6.773	2.373	1.463	100.93	0.987737	0.158	0.039427	-19.869	-20.031
SPBC11B10.03	cog8	inviable	E	4.042	0.677	0.883	1.247	3.884	8.021	6.773	3.079	1.487	99.856	0.966619	0.282	0.067936	-11.729	-11.891
SPBC11B10.04c	mrps28	inviable	E	4.033	0.634	3.721	4.11	6.922	11.333	7.223	6.063	1.484	87.297	0.993144	0.138	0.03268	-21.756	-21.918
SPBC11B10.05c	rsp1	viable	V	0.562	0.055	3.852	4.473	8.965	16.014	11.541	7.594	0.207	10.847	0.943492	0.058	0.088033	-33.774	-33.937
SPBC11B10.06	sws1	viable	V	0.441	0.074	-0.0	0.364	3.001	7.138	6.773	2.196	0.162	11.27	-0.055021	0.621	0.315053	-0.678	-0.84
SPBC11B10.07c	ivn1	viable	V	1.177	0.197	-0.0	0.364	3.001	7.138	6.773	2.196	0.433	30.086	0.499024	0.295	0.221309	-11.08	-11.242
SPBC11B10.08	wwm1	viable	V	0.047	-0.008	0.0	0.364	3.001	7.138	6.773	2.196	0.017	0.002	-0.035685	0.269	0.317754	-12.359	-12.521
SPBC11B10.09	cdc2	inviable	E	2.143	0.359	-0.0	0.364	3.001	7.138	6.773	2.196	0.788	54.757	0.595918	0.446	0.219353	-5.313	-5.475
SPBC11C11.01	SPBC11C11.01	viable	V	0.906	0.152	-0.0	0.364	3.001	7.138	6.773	2.196	0.333	23.146	0.867886	0.12	0.114047	-23.726	-23.889
SPBC11C11.02	imp2	viable	V	4.905	0.37	4.378	5.188	11.045	20.236	15.048	9.257	1.804	83.72	0.995757	0.116	0.023485	-24.17	-24.333
SPBC11C11.03	ndc80	inviable	E	3.99	0.585	1.56	1.976	4.987	9.713	7.737	4.068	1.468	93.937	0.997116	0.083	0.020169	-28.883	-29.045
SPBC11C11.04c	alp1	inviable	E	3.921	0.657	0.441	0.806	3.442	7.579	6.773	2.637	1.443	98.561	0.994571	0.105	0.026283	-25.585	-25.747
SPBC11C11.05	knh1	inviable	E	5.366	0.642	0.847	1.357	5.049	10.842	9.485	3.922	1.974	125.257	0.99394	0.153	0.028584	-20.237	-20.399
SPBC11C11.07	rpl1801	viable	V	4.522	0.392	-0.0	0.704	5.795	13.784	13.08	4.241	1.663	100.849	0.956594	0.318	0.068891	-10.04	-10.202
SPBC11C11.08	srp1	viable	V	0.419	0.07	5.025	5.39	8.026	12.163	6.773	7.221	0.154	8.616	0.769741	0.126	0.172569	-22.965	-23.127
SPBC11C11.09c	rpl502	viable	V	2.912	0.277	-0.0	0.642	5.289	12.581	11.938	3.871	1.071	66.658	0.956577	0.213	0.069856	-15.679	-15.841
SPBC11C11.10	pus4	viable	V	0.531	0.05	0.0	0.647	5.325	12.666	12.019	3.897	0.195	12.129	0.797693	0.088	0.153531	-27.957	-28.119
SPBC11C11.11c	irc3	viable	V	0.426	0.071	1.322	1.687	4.323	8.46	6.773	3.518	0.157	10.338	0.77791	0.096	0.177407	-26.785	-26.947
SPBC11G11.01	fis1	viable	V	0.094	-0.012	0.0	0.476	3.915	9.312	8.837	2.865	0.035	0.005	-0.029656	0.093	0.349228	-27.321	-27.483
SPBC11G11.02c	end3	viable	V	0.228	0.038	0.105	0.469	3.106	7.243	6.773	2.301	0.084	5.809	0.283067	0.153	0.322159	-20.31	-20.472
SPBC11G11.03	mrt4	viable	V	1.299	0.218	13.686	14.05	16.687	20.824	6.773	15.882	0.478	15.473	0.539639	0.437	0.204713	-5.581	-5.743
SPBC11G11.04	trs20	inviable	E	4.015	0.635	1.586	1.972	4.766	9.15	7.178	3.913	1.477	95.567	0.997907	0.071	0.017211	-31.022	-31.184
SPBC11G11.05	rpa34	viable	V	4.437	0.138	-0.0	1.957	16.116	38.334	36.377	11.794	1.632	56.86	0.90176	0.331	0.090891	-9.466	-9.629
SPBC11G11.06c	sme1	inviable	E	5.034	0.843	-0.0	0.364	3.001	7.138	6.773	2.196	1.852	128.631	0.878719	0.634	0.104235	-0.376	-0.538
SPBC11G11.07	mtr10	inviable	E	4.068	0.347	0.888	1.604	6.781	14.905	13.301	5.201	1.496	86.841	0.987976	0.158	0.039228	-19.838	-20.001
SPBC1215.01	shy1	viable	V	0.689	0.046	2.625	3.544	10.192	20.623	17.078	8.162	0.253	12.273	0.893685	0.089	0.110322	-27.811	-27.973
SPBC1215.02c	naa25	condition-dependent	E	3.898	0.425	5.191	5.751	9.8	16.153	10.402	8.564	1.434	72.336	0.991846	0.137	0.036577	-21.823	-21.985
SPBC1271.01c	pof13	viable	V	1.103	0.185	2.581	2.946	5.582	9.719	6.773	4.777	0.406	25.384	0.503109	0.538	0.228007	-2.676	-2.838
SPBC1271.02	stt3	inviable	E	4.381	0.734	0.495	0.859	3.496	7.633	6.773	2.691	1.612	109.899	0.997219	0.084	0.018944	-28.706	-28.868
SPBC1271.03c	SPBC1271.03c	viable	V	0.938	0.147	0.329	0.719	3.542	7.97	7.251	2.68	0.345	23.447	0.82774	0.155	0.125101	-20.112	-20.274
SPBC1271.04c	dys1	inviable	E	3.977	0.547	0.422	0.866	4.078	9.118	8.252	3.098	1.463	96.992	0.973247	0.237	0.059793	-14.162	-14.324
SPBC1271.05c	SPBC1271.05c	viable	V	0.585	0.098	-0.0	0.364	3.001	7.138	6.773	2.196	0.215	14.956	0.515986	0.153	0.200504	-20.284	-20.446
SPBC1271.06c	mug96	viable	V	1.711	0.069	7.168	8.687	19.681	36.931	28.244	16.325	0.629	16.404	0.629472	0.336	0.190662	-9.263	-9.426
SPBC1271.07c	SPBC1271.07c	viable	V	0.366	-0.012	0.0	1.838	15.133	35.995	34.157	11.074	0.135	0.076	-0.132792	0.285	0.39315	-11.553	-11.715
SPBC1271.08c	SPBC1271.08c	viable	V	0.012	-0.0	0.0	1.509	12.422	29.546	28.037	9.09	0.004	0.002	-1.557894	0.108	0.484191	-25.099	-25.262
SPBC1271.09	tgp1	viable	V	0.115	-0.019	0.0	0.364	3.001	7.137	6.773	2.196	0.042	0.005	-0.09109	0.203	0.331389	-16.291	-16.453
SPBC1271.10c	SPBC1271.10c	viable	V	0.261	0.022	0.0	0.71	5.848	13.91	13.2	4.28	0.096	5.812	0.76539	0.054	0.165293	-34.979	-35.141
SPBC1271.11	pet802	viable	V	-1.0	0.031	0.159	2.107	16.196	38.303	36.196	11.894	-0.368	-0.231	-1.259875	0.23	0.544991	-14.576	-14.739
SPBC1271.12	osh41	viable	V	0.764	0.056	1.141	1.972	7.98	17.409	15.437	6.146	0.281	15.313	0.872267	0.104	0.116083	-25.748	-25.911
SPBC1271.13	mrpl8	inviable	E	3.9	0.653	4.555	4.92	7.556	11.693	6.773	6.751	1.435	82.063	0.995044	0.116	0.030119	-24.142	-24.304
SPBC1271.14	aga1	viable	V	-0.447	-0.075	-0.0	0.364	3.001	7.138	6.773	2.196	-0.164	-11.419	0.006216	0.237	0.36248	-14.131	-14.293
SPBC1271.15c	mti2	viable	V	4.252	0.422	7.723	8.338	12.788	19.772	11.434	11.43	1.564	65.993	0.988797	0.166	0.040072	-19.159	-19.322
SPBC1289.01c	chr4	viable	V	0.337	0.056	2.972	3.336	5.973	10.11	6.773	5.168	0.124	7.622	0.489003	0.198	0.234203	-16.647	-16.809
SPBC1289.02c	uap2	inviable	E	4.475	0.613	1.993	2.439	5.665	10.727	8.288	4.68	1.646	102.148	0.995154	0.121	0.027031	-23.531	-23.693
SPBC1289.03c	spi1	inviable	E	4.379	0.734	-0.0	0.364	3.001	7.138	6.773	2.196	1.611	111.914	0.991729	0.139	0.031934	-21.641	-21.803
SPBC1289.04c	pob1	inviable	E	4.667	0.68	1.064	1.483	4.516	9.275	7.791	3.59	1.717	112.022	0.997622	0.085	0.018213	-28.436	-28.599
SPBC1289.06c	ppr8	viable	V	1.501	0.062	0.342	1.818	12.489	29.235	27.417	9.231	0.552	23.24	0.969492	0.077	0.056786	-29.947	-30.109
SPBC1289.07c	rpc40	inviable	E	4.303	0.715	0.406	0.774	3.43	7.598	6.825	2.619	1.583	108.182	0.996913	0.086	0.019672	-28.341	-28.503
SPBC1289.08	uap1	viable	V	4.33	0.725	1.117	1.482	4.118	8.255	6.773	3.313	1.593	105.962	0.9968	0.093	0.020985	-27.324	-27.487
SPBC1289.09	tim21	viable	V	-1.0	0.031	0.012	1.969	16.122	38.332	36.363	11.801	-0.368	-0.222	-2.047926	0.253	0.58789	-13.253	-13.415
SPBC1289.10c	adn2	viable	V	0.738	0.063	1.168	1.889	7.106	15.291	13.402	5.513	0.272	15.525	0.977073	0.042	0.058361	-38.278	-38.44
SPBC1289.11	spf38	viable	V	-0.123	-0.021	0.0	0.364	3.001	7.138	6.773	2.196	-0.045	-3.136	-0.05682	0.114	0.38191	-24.425	-24.588
SPBC1289.12	usp109	inviable	E	4.054	0.679	1.681	2.046	4.682	8.819	6.773	3.877	1.491	96.939	0.991841	0.145	0.03559	-21.021	-21.183
SPBC1289.13c	gmh6	viable	V	1.112	0.186	8.86	9.225	11.861	15.998	6.773	11.056	0.409	18.604	0.77318	0.279	0.165372	-11.889	-12.051
SPBC1289.14	SPBC1289.14	viable	V	1.449	0.243	-0.0	0.364	3.001	7.138	6.773	2.196	0.533	37.033	0.74083	0.276	0.167777	-11.998	-12.16
SPBC1289.15	pfl5	viable	V	-0.512	-0.086	-0.0	0.364	3.001	7.138	6.773	2.196	-0.188	-13.079	0.640802	0.104	0.176321	-25.659	-25.822
SPBC1289.16c	cao2	viable	V	0.342	0.057	-0.0	0.364	3.001	7.138	6.773	2.196	0.126	8.737	0.030341	0.341	0.324892	-9.043	-9.206
SPBC1289.17	Tf2-11	unknown	Not_determined	-0.043	0.001	0.0	1.955	16.096	38.285	36.33	11.779	-0.016	-0.009	-0.706182	0.092	0.40018	-27.336	-27.499
SPBC12C2.01c	SPBC12C2.01c	viable	V	0.389	0.044	6.276	6.818	10.742	16.898	10.079	9.544	0.143	6.859	0.731053	0.105	0.174853	-25.565	-25.727
SPBC12C2.02c	ste20	viable	V	2.831	0.217	-0.0	0.797	6.563	15.612	14.815	4.803	1.042	60.66	0.98719	0.108	0.037764	-25.129	-25.291
SPBC12C2.03c	SPBC12C2.03c	viable	V	0.459	0.02	0.0	1.377	11.336	26.963	25.586	8.295	0.169	7.57	0.880562	0.05	0.112773	-36.079	-36.241
SPBC12C2.04	SPBC12C2.04	viable	V	1.284	0.215	9.694	10.058	12.695	16.832	6.773	11.89	0.472	20.424	0.953033	0.108	0.085552	-25.152	-25.314
SPBC12C2.05c	bzz1	condition-dependent	V	-0.173	0.007	0.0	1.428	11.76	27.972	26.544	8.606	-0.064	-0.028	-0.012521	0.09	0.340395	-27.679	-27.842
SPBC12C2.06	dbp5	inviable	E	3.883	0.651	-0.0	0.364	3.001	7.138	6.773	2.196	1.429	99.235	0.888828	0.458	0.111882	-4.945	-5.107
SPBC12C2.07c	srm1	viable	V	1.136	0.089	0.0	0.782	6.439	15.316	14.534	4.712	0.418	24.504	0.976084	0.061	0.051357	-33.189	-33.351
SPBC12C2.08	dnm1	viable	V	0.732	0.075	0.0	0.598	4.926	11.716	11.118	3.605	0.269	17.052	0.89117	0.09	0.112632	-27.695	-27.857
SPBC12C2.09c	izh2	viable	V	-0.593	-0.045	0.0	0.797	6.559	15.602	14.805	4.8	-0.218	-12.699	0.644516	0.147	0.242286	-20.859	-21.021
SPBC12C2.10c	pst1	inviable	E	4.144	0.447	0.007	0.573	4.667	11.09	10.517	3.417	1.525	97.857	0.986271	0.171	0.041017	-18.749	-18.911
SPBC12C2.11	gfa1	inviable	E	4.573	0.766	0.096	0.46	3.097	7.234	6.773	2.292	1.682	116.453	0.992374	0.141	0.030254	-21.416	-21.578
SPBC12C2.12c	glo1	viable	V	0.778	0.047	-0.0	1.016	8.362	19.891	18.875	6.12	0.286	15.124	0.812808	0.12	0.150474	-23.675	-23.837
SPBC12C2.13c	fnx1	viable	V	-0.097	0.004	0.0	1.313	10.811	25.715	24.402	7.911	-0.036	-0.014	-0.339776	0.346	0.373269	-8.842	-9.005
SPBC12D12.01	sad1	inviable	E	4.513	0.685	1.346	1.748	4.659	9.227	7.479	3.77	1.66	107.795	0.998947	0.056	0.01219	-34.403	-34.565
SPBC12D12.02c	cdm1	viable	V	-0.348	0.058	10.525	10.89	13.526	17.663	6.773	12.721	-0.128	-2.474	-0.013835	0.326	0.313966	-9.683	-9.845
SPBC12D12.03	cct1	inviable	E	3.695	0.619	0.51	0.874	3.511	7.648	6.773	2.706	1.359	92.639	0.987902	0.148	0.037073	-20.731	-20.893
SPBC12D12.04c	pck2	viable	V	1.317	0.13	3.01	3.627	8.087	15.086	11.46	6.725	0.484	26.593	0.974954	0.081	0.060368	-29.247	-29.409
SPBC12D12.05c	SPBC12D12.05c	viable	V	0.744	0.023	-0.0	1.957	16.116	38.334	36.377	11.794	0.274	9.533	0.383338	0.197	0.300463	-16.736	-16.899
SPBC12D12.06	srb11	viable	V	1.036	0.174	5.209	5.573	8.209	12.346	6.773	7.405	0.381	21.121	0.893816	0.156	0.133909	-20.046	-20.209
SPBC12D12.07c	trx2	viable	V	0.632	0.106	7.705	8.07	10.706	14.843	6.773	9.901	0.233	11.314	0.907314	0.096	0.110121	-26.772	-26.934
SPBC12D12.08c	ned8	inviable	E	1.82	0.305	-0.0	0.364	3.001	7.138	6.773	2.196	0.67	46.515	0.550846	0.444	0.244426	-5.355	-5.518
SPBC12D12.09	rev7	viable	V	1.121	0.188	0.967	1.332	3.968	8.105	6.773	3.163	0.413	27.61	0.354422	0.619	0.29893	-0.713	-0.875
SPBC1306.01c	gfm1	inviable	E	4.885	0.544	4.211	4.759	8.726	14.95	10.191	7.515	1.797	95.955	0.997112	0.105	0.021118	-25.505	-25.668
SPBC1306.02	trm734	viable	V	4.798	0.4	0.951	1.683	6.974	15.277	13.595	5.359	1.765	101.433	0.998323	0.07	0.014463	-31.308	-31.47
SPBC1347.01c	rev1	viable	V	0.396	0.032	1.39	2.135	7.524	15.981	13.846	5.879	0.146	8.158	0.726238	0.103	0.174781	-25.877	-26.04
SPBC1347.02	ani1	viable	V	1.798	0.185	2.645	3.238	7.525	14.253	11.015	6.216	0.662	37.382	0.892183	0.238	0.124028	-14.074	-14.237
SPBC1347.03	meu14	viable	V	-0.297	-0.05	7.832	8.197	10.833	14.97	6.773	10.028	-0.109	-5.283	0.595939	0.116	0.216239	-24.118	-24.28
SPBC1347.04	tim54	inviable	E	4.559	0.488	2.282	2.852	6.974	13.442	10.59	5.716	1.677	97.386	0.995801	0.113	0.024642	-24.536	-24.699
SPBC1347.05c	scj1	inviable	E	4.425	0.741	2.343	2.708	5.344	9.481	6.773	4.539	1.628	102.888	0.984551	0.221	0.050406	-15.136	-15.298
SPBC1347.06c	cki1	viable	V	0.158	0.007	-0.0	1.328	10.936	26.013	24.685	8.003	0.058	2.667	0.190997	0.135	0.285328	-22.068	-22.231
SPBC1347.07	rex2	viable	V	0.54	0.07	2.473	2.942	6.333	11.653	8.711	5.298	0.198	11.941	0.91409	0.071	0.100729	-31.009	-31.171
SPBC1347.08c	rnh202	viable	V	0.466	0.078	0.0	0.364	3.001	7.138	6.773	2.196	0.171	11.902	0.763271	0.09	0.150382	-27.699	-27.861
SPBC1347.09	SPBC1347.09	viable	V	-1.0	0.031	0.237	2.18	16.234	38.288	36.108	11.944	-0.368	-0.235	-2.353046	0.307	0.509808	-10.537	-10.699
SPBC1347.10	cdc23	inviable	E	5.324	0.595	-0.0	0.546	4.498	10.699	10.153	3.292	1.959	126.757	0.921408	0.532	0.086469	-2.839	-3.001
SPBC1347.11	sro1	viable	V	0.383	0.015	0.001	1.556	12.806	30.459	28.903	9.372	0.141	5.824	0.918026	0.031	0.095	-42.476	-42.638
SPBC1347.12	arp1	viable	V	1.9	0.318	-0.0	0.364	3.001	7.138	6.773	2.196	0.699	48.549	0.839569	0.265	0.115318	-12.617	-12.779
SPBC1347.13c	mrm1	viable	V	0.89	0.149	-0.0	0.364	3.001	7.138	6.773	2.196	0.327	22.745	0.924949	0.085	0.086433	-28.461	-28.623
SPBC1347.14c	SPBC1347.14c	unknown	Not_determined	0.664	0.111	-0.0	0.364	3.001	7.138	6.773	2.196	0.244	16.971	0.317232	0.26	0.26768	-12.835	-12.997
SPBC13A2.01c	cbc2	inviable	E	4.845	0.218	1.062	2.421	12.252	27.678	25.257	9.25	1.782	76.067	0.993151	0.118	0.026439	-23.869	-24.031
SPBC13A2.02	nup82	condition-dependent	V	3.823	0.641	-0.0	0.364	3.001	7.138	6.773	2.196	1.407	97.704	0.98173	0.179	0.04654	-18.104	-18.266
SPBC13A2.03	bbl1	inviable	E	4.149	0.695	0.458	0.823	3.459	7.596	6.773	2.654	1.526	104.227	0.992127	0.134	0.032094	-22.126	-22.288
SPBC13A2.04c	ptr2	viable	V	0.337	0.044	0.0	0.464	3.818	9.082	8.618	2.794	0.124	8.3	0.966413	0.022	0.060879	-47.218	-47.38
SPBC13E7.01	cwf22	inviable	E	4.273	0.716	-0.0	0.364	3.001	7.138	6.773	2.196	1.572	109.194	0.985073	0.181	0.042467	-17.904	-18.066
SPBC13E7.02	cwf24	inviable	E	3.871	0.436	-0.0	0.542	4.46	10.608	10.067	3.264	1.424	92.332	0.975747	0.214	0.052382	-15.617	-15.779
SPBC13E7.03c	vts1	viable	V	0.246	0.016	0.0	0.938	7.725	18.375	17.437	5.653	0.091	4.953	0.4547	0.11	0.230944	-24.881	-25.044
SPBC13E7.04	atp16	viable	V	2.126	0.356	0.596	0.961	3.597	7.734	6.773	2.792	0.782	53.109	0.608338	0.649	0.203193	-0.061	-0.224
SPBC13E7.05	gpi14	inviable	E	3.93	0.641	0.886	1.26	3.967	8.215	6.955	3.141	1.446	96.72	0.997644	0.071	0.017663	-31.041	-31.203
SPBC13E7.06	msd1	viable	V	0.648	0.109	1.742	2.107	4.743	8.88	6.773	3.938	0.238	15.453	0.768595	0.154	0.174379	-20.193	-20.356
SPBC13E7.07	SPBC13E7.07	viable	V	-0.089	-0.015	-0.0	0.364	3.001	7.138	6.773	2.196	-0.033	-2.265	-0.109873	0.243	0.383405	-13.823	-13.986
SPBC13E7.08c	leo1	viable	V	0.44	0.074	0.0	0.364	3.001	7.138	6.773	2.196	0.162	11.243	0.542698	0.142	0.220273	-21.341	-21.504
SPBC13E7.09	vrp1	viable	V	-0.007	0.001	0.0	0.364	2.995	7.125	6.761	2.192	-0.003	-0.0	-0.216853	0.167	0.321487	-19.042	-19.204
SPBC13E7.10c	brf1	inviable	E	4.643	0.778	-0.0	0.364	3.001	7.138	6.773	2.196	1.708	118.657	0.985388	0.195	0.041455	-16.913	-17.075
SPBC13E7.11	rbd1	viable	V	0.554	0.017	0.0	1.957	16.114	38.329	36.372	11.792	0.204	7.105	0.611142	0.117	0.211606	-24.061	-24.224
SPBC13G1.01c	nam9	inviable	E	4.324	0.724	3.845	4.21	6.846	10.983	6.773	6.041	1.591	94.046	0.980415	0.255	0.05951	-13.154	-13.316
SPBC13G1.02	mpg2	viable	V	-1.0	0.031	0.164	2.111	16.198	38.302	36.191	11.897	-0.368	-0.231	-2.497411	0.261	0.71927	-12.8	-12.962
SPBC13G1.03c	pex14	viable	V	-0.586	0.019	-0.0	1.926	15.861	37.726	35.8	11.607	-0.216	-0.127	0.016795	0.252	0.320588	-13.28	-13.442
SPBC13G1.04c	abh1	viable	V	-0.306	-0.051	0.096	0.461	3.097	7.234	6.773	2.292	-0.113	-7.796	0.217496	0.225	0.299684	-14.879	-15.042
SPBC13G1.05	emp65	inviable	E	1.794	0.144	1.729	2.492	8.012	16.673	14.181	6.327	0.66	36.04	0.993788	0.051	0.029311	-35.679	-35.841
SPBC13G1.06c	isd11	inviable	E	4.596	0.615	1.846	2.302	5.602	10.781	8.478	4.595	1.691	105.133	0.99676	0.101	0.021615	-26.051	-26.213
SPBC13G1.07	swf1	inviable	E	4.063	0.588	5.266	5.688	8.737	13.522	7.834	7.806	1.495	80.394	0.965134	0.323	0.077662	-9.842	-10.004
SPBC13G1.08c	ash2	viable	V	1.923	0.212	8.711	9.264	13.264	19.541	10.276	12.043	0.707	29.058	0.992946	0.061	0.030942	-33.216	-33.379
SPBC13G1.09	enp1	inviable	E	3.812	0.639	-0.0	0.364	3.001	7.138	6.773	2.196	1.403	97.424	0.929303	0.349	0.090968	-8.718	-8.88
SPBC13G1.10c	rqt2	viable	V	2.016	0.105	0.753	1.921	10.365	23.616	21.695	7.787	0.742	35.205	0.994614	0.046	0.024207	-36.978	-37.14
SPBC13G1.11	ykt6	inviable	E	5.769	0.966	-0.0	0.364	3.001	7.138	6.773	2.196	2.122	147.427	0.88641	0.708	0.102547	1.165	1.003
SPBC13G1.12	did2	viable	V	0.468	0.037	1.363	2.136	7.725	16.496	14.36	6.019	0.172	9.536	0.943551	0.045	0.087856	-37.421	-37.583
SPBC13G1.13	tfb2	viable	V	4.598	0.77	1.041	1.406	4.042	8.179	6.773	3.237	1.691	112.868	0.98794	0.191	0.038575	-17.198	-17.36
SPBC13G1.14c	rns1	viable	V	-0.132	0.02	0.0	0.411	3.384	8.05	7.639	2.477	-0.048	-0.006	-0.000166	0.424	0.372147	-6.029	-6.191
SPBC13G1.15c	SPBC13G1.15c	unknown	Not_determined	-0.519	-0.087	-0.0	0.364	3.001	7.138	6.773	2.196	-0.191	-13.264	0.686848	0.117	0.16025	-24.059	-24.222
SPBC146.01	med15	inviable	E	3.591	0.244	0.312	1.21	7.705	17.896	16.687	5.722	1.321	72.551	0.986262	0.141	0.039579	-21.416	-21.578
SPBC146.02	SPBC146.02	viable	V	0.316	-0.012	0.0	1.622	13.356	31.769	30.147	9.774	0.116	0.058	-0.246521	0.233	0.32756	-14.381	-14.543
SPBC146.03c	cut3	inviable	E	4.317	0.716	0.582	0.95	3.611	7.787	6.837	2.799	1.588	107.776	0.997571	0.077	0.017911	-29.814	-29.976
SPBC146.04	erv2	viable	V	1.85	0.292	0.0	0.387	3.182	7.57	7.183	2.329	0.68	46.872	0.835724	0.287	0.11852	-11.479	-11.641
SPBC146.05c	cwf25	inviable	E	3.66	0.613	-0.0	0.364	3.001	7.138	6.773	2.196	1.347	93.534	0.887104	0.403	0.110419	-6.719	-6.881
SPBC146.06c	fan1	viable	V	0.102	-0.003	-0.0	1.86	15.314	36.427	34.567	11.207	0.038	0.021	-0.025614	0.134	0.310168	-22.14	-22.302
SPBC146.07	prp2	inviable	E	4.2	0.491	1.106	1.629	5.409	11.342	9.713	4.255	1.545	96.498	0.984352	0.195	0.047507	-16.872	-17.034
SPBC146.08c	tif1102	viable	V	4.248	0.712	0.802	1.167	3.803	7.94	6.773	2.998	1.563	105.286	0.991084	0.149	0.03436	-20.697	-20.859
SPBC146.09c	lsd1	viable	V	4.804	0.41	4.744	5.46	10.637	18.761	13.301	9.056	1.767	84.34	0.999438	0.043	0.008916	-38.211	-38.373
SPBC146.10	mug57	viable	V	-0.002	0.0	0.003	0.519	4.253	10.111	9.593	3.113	-0.001	-0.0	-0.090747	0.186	0.343605	-17.531	-17.693
SPBC146.11c	mug97	viable	V	0.213	-0.012	0.0	1.084	8.928	21.237	20.153	6.534	0.078	0.026	0.003546	0.204	0.353042	-16.251	-16.413
SPBC146.12	coq6	condition-dependent	V	2.034	0.087	0.0	1.431	11.779	28.017	26.587	8.62	0.748	32.721	0.94498	0.137	0.074562	-21.839	-22.002
SPBC146.13c	myo1	condition-dependent	V	4.228	0.431	1.663	2.263	6.6	13.407	11.144	5.276	1.556	91.727	0.994627	0.116	0.027622	-24.19	-24.352
SPBC146.14c	sec26	inviable	E	3.084	0.517	-0.0	0.364	3.001	7.138	6.773	2.196	1.134	78.799	0.968981	0.185	0.058364	-17.601	-17.763
SPBC14C8.01c	cut2	inviable	E	4.545	0.411	1.485	2.16	7.039	14.696	12.536	5.549	1.672	96.161	0.988845	0.176	0.037339	-18.321	-18.483
SPBC14C8.02	tim44	inviable	E	4.426	0.728	0.343	0.714	3.401	7.617	6.902	2.581	1.628	111.377	0.996042	0.1	0.022122	-26.253	-26.415
SPBC14C8.03	fma2	viable	V	0.667	0.034	0.0	1.2	9.88	23.499	22.299	7.23	0.245	11.924	0.823616	0.105	0.133483	-25.511	-25.673
SPBC14C8.04	ilv6	viable	V	0.63	0.08	-0.0	0.48	3.951	9.398	8.918	2.891	0.232	15.404	0.887414	0.076	0.114389	-30.045	-30.207
SPBC14C8.05c	meu17	viable	V	-0.792	-0.052	-0.0	0.93	7.661	18.222	17.292	5.606	-0.291	-15.996	0.357637	0.253	0.322272	-13.242	-13.404
SPBC14C8.06	arc1	inviable	E	2.403	0.157	-0.0	0.932	7.67	18.243	17.311	5.613	0.884	48.507	0.905321	0.254	0.100393	-13.164	-13.326
SPBC14C8.07c	cdc18	inviable	E	4.44	0.744	-0.0	0.364	3.001	7.138	6.773	2.196	1.633	113.454	0.958004	0.314	0.065371	-10.23	-10.392
SPBC14C8.09c	dbl3	viable	V	0.259	0.043	-0.0	0.364	3.001	7.138	6.773	2.196	0.095	6.606	0.397562	0.089	0.218075	-27.803	-27.965
SPBC14C8.10	mrpl24	inviable	E	4.706	0.788	5.539	5.904	8.54	12.677	6.773	7.735	1.731	94.391	0.9229	0.562	0.110684	-2.058	-2.22
SPBC14C8.11c	SPBC14C8.11c	viable	V	0.191	0.021	0.0	0.548	4.513	10.735	10.187	3.303	0.07	4.555	0.18389	0.143	0.277792	-21.25	-21.412
SPBC14C8.12	rpb8	inviable	E	4.003	0.671	-0.0	0.364	3.001	7.138	6.773	2.196	1.472	102.283	0.9508	0.313	0.076439	-10.254	-10.416
SPBC14C8.13	srr1	viable	V	2.994	0.096	0.383	2.289	16.075	37.708	35.419	11.866	1.101	38.342	0.95821	0.152	0.063659	-20.338	-20.5
SPBC14C8.14c	pol5	inviable	E	4.332	0.681	0.672	1.061	3.869	8.275	7.215	3.012	1.594	106.92	0.996837	0.089	0.020227	-27.811	-27.973
SPBC14C8.15	SPBC14C8.15	viable	V	0.304	0.051	-0.0	0.364	3.001	7.138	6.773	2.196	0.112	7.777	-0.082631	0.217	0.355045	-15.371	-15.534
SPBC14C8.16c	bot1	condition-dependent	V	3.774	0.389	4.599	5.191	9.473	16.193	11.002	8.166	1.388	71.119	0.989372	0.149	0.040742	-20.616	-20.778
SPBC14C8.17c	spt8	viable	V	3.598	0.223	3.89	4.876	12.008	23.199	18.323	9.83	1.324	57.664	0.988112	0.131	0.038589	-22.442	-22.605
SPBC14C8.19	tam10	viable	Not_determined	0.176	0.021	0.0	0.508	4.185	9.955	9.446	3.063	0.065	4.252	0.187762	0.099	0.314842	-26.352	-26.514
SPBC14F5.01	SPBC14F5.01	unknown	Not_determined	-0.933	-0.029	-0.0	1.957	16.116	38.334	36.377	11.794	-0.343	-11.951	0.209504	0.207	0.288799	-16.046	-16.208
SPBC14F5.02	trs65	inviable	E	3.551	0.402	2.786	3.325	7.227	13.349	10.024	6.036	1.306	75.104	0.99744	0.071	0.02027	-31.106	-31.269
SPBC14F5.03c	kap123	viable	V	3.792	0.184	-0.0	1.259	10.365	24.655	23.396	7.585	1.395	65.957	0.959609	0.221	0.061803	-15.114	-15.277
SPBC14F5.04c	pgk1	inviable	E	5.4	0.905	0.525	0.889	3.526	7.663	6.773	2.721	1.986	135.284	0.982723	0.26	0.045402	-12.875	-13.037
SPBC14F5.05c	sam1	inviable	E	3.574	0.461	-0.0	0.473	3.898	9.271	8.797	2.852	1.315	87.6	0.950835	0.282	0.070505	-11.7	-11.862
SPBC14F5.06	rli1	inviable	E	3.98	0.667	-0.0	0.364	3.001	7.138	6.773	2.196	1.464	101.71	0.976317	0.209	0.051995	-15.942	-16.105
SPBC14F5.07	doa10	viable	V	0.154	0.026	-0.0	0.364	3.001	7.138	6.773	2.196	0.057	3.935	0.042	0.194	0.299975	-16.974	-17.136
SPBC14F5.08	med7	inviable	E	4.487	0.441	3.318	3.939	8.431	15.481	11.542	7.06	1.651	89.058	0.991969	0.153	0.034703	-20.288	-20.451
SPBC14F5.09c	ade8	viable	V	1.746	0.126	1.727	2.572	8.682	18.27	15.699	6.817	0.642	33.767	0.991411	0.057	0.032967	-33.985	-34.147
SPBC14F5.10c	SPBC14F5.10c	viable	V	0.572	0.096	-0.0	0.364	3.001	7.138	6.773	2.196	0.21	14.62	0.030376	0.379	0.337614	-7.59	-7.753
SPBC14F5.11c	snx41	viable	V	0.718	0.068	1.206	1.855	6.55	13.918	12.064	5.117	0.264	15.558	0.61719	0.215	0.236968	-15.493	-15.656
SPBC14F5.12c	cbh2	viable	V	0.636	0.107	-0.0	0.364	3.001	7.138	6.773	2.196	0.234	16.249	0.209776	0.24	0.289496	-13.963	-14.125
SPBC14F5.13c	pho8	viable	V	-0.498	-0.083	0.563	0.927	3.564	7.701	6.773	2.759	-0.183	-12.447	0.463896	0.202	0.27158	-16.37	-16.532
SPBC1539.01c	mrpl15	inviable	E	4.271	0.588	2.193	2.637	5.845	10.879	8.242	4.865	1.571	96.75	0.993517	0.137	0.032347	-21.866	-22.029
SPBC1539.02	SPBC1539.02	viable	V	1.202	0.038	-0.0	1.957	16.116	38.334	36.377	11.794	0.442	15.407	0.634337	0.168	0.175128	-18.934	-19.096
SPBC1539.03c	arg41	viable	V	-1.0	-0.168	12.302	12.666	15.303	19.44	6.773	14.498	-0.368	-13.296	0.421864	0.498	0.291085	-3.759	-3.921
SPBC1539.04	tts1	viable	V	0.126	0.021	0.0	0.364	3.001	7.138	6.773	2.196	0.047	3.23	0.220931	0.094	0.280974	-27.084	-27.246
SPBC1539.05	cog3	inviable	E	4.576	0.48	0.34	0.923	5.136	11.747	10.824	3.849	1.683	105.885	0.995138	0.114	0.024742	-24.44	-24.602
SPBC1539.06	acb1	viable	V	4.642	0.317	1.795	2.69	9.166	19.328	16.637	7.189	1.708	87.376	0.997259	0.083	0.018413	-28.766	-28.929
SPBC1539.07c	fmd1	viable	V	0.924	0.155	-0.0	0.364	3.001	7.138	6.773	2.196	0.34	23.619	0.384138	0.41	0.299604	-6.467	-6.629
SPBC1539.08	arf6	viable	V	0.958	0.088	2.754	3.422	8.251	15.828	12.407	6.777	0.353	19.141	0.976679	0.057	0.060381	-34.121	-34.283
SPBC1539.09c	trp1	inviable	E	4.233	0.709	-0.0	0.364	3.001	7.138	6.773	2.196	1.557	108.159	0.988174	0.16	0.036569	-19.638	-19.8
SPBC1539.10	nop16	viable	V	2.839	0.198	1.766	2.64	8.962	18.884	16.244	7.032	1.044	54.058	0.990971	0.093	0.033696	-27.308	-27.47
SPBC15C4.01c	oca3	viable	V	0.699	0.059	7.662	8.389	13.653	21.913	13.524	12.046	0.257	10.187	0.948892	0.059	0.080595	-33.682	-33.844
SPBC15C4.02	cqd2	viable	V	1.019	0.051	2.251	3.472	12.3	26.153	22.681	9.605	0.375	15.98	0.979991	0.046	0.049456	-37.004	-37.167
SPBC15C4.03	mrs6	inviable	E	4.606	0.689	0.127	0.535	3.489	8.124	7.588	2.587	1.694	115.215	0.986541	0.19	0.038993	-17.232	-17.394
SPBC15C4.04c	SPBC15C4.04c	viable	V	0.916	0.029	0.197	2.143	16.215	38.296	36.153	11.919	0.337	11.666	0.566222	0.201	0.211566	-16.478	-16.64
SPBC15C4.05	dhx29	viable	V	1.399	0.208	0.349	0.759	3.726	8.381	7.622	2.82	0.515	34.666	0.986007	0.06	0.041142	-33.343	-33.506
SPBC15C4.06c	rnf181	viable	V	2.029	0.34	0.617	0.982	3.618	7.755	6.773	2.813	0.746	50.655	0.938674	0.191	0.081719	-17.19	-17.353
SPBC15D4.01c	klp9	viable	V	-0.166	0.005	0.0	1.94	15.97	37.987	36.047	11.687	-0.061	-0.036	0.001253	0.196	0.293803	-16.817	-16.98
SPBC15D4.02	gsf1	viable	V	1.364	0.228	-0.0	0.364	3.001	7.138	6.773	2.196	0.502	34.845	0.827304	0.204	0.123502	-16.236	-16.399
SPBC15D4.03	slm9	condition-dependent	V	2.393	0.125	1.543	2.708	11.138	24.365	21.657	8.564	0.88	40.105	0.987078	0.086	0.038327	-28.403	-28.565
SPBC15D4.04	alg7	inviable	E	4.772	0.799	0.163	0.528	3.164	7.301	6.773	2.359	1.756	121.218	0.991433	0.157	0.032167	-19.9	-20.063
SPBC15D4.05	zng1	viable	V	0.287	0.043	0.0	0.407	3.349	7.965	7.558	2.45	0.106	7.214	0.879603	0.038	0.109915	-39.69	-39.853
SPBC15D4.06	naa30	viable	V	-0.019	0.003	-0.0	0.364	2.997	7.13	6.766	2.193	-0.007	-0.001	-0.225893	0.106	0.366326	-25.486	-25.649
SPBC15D4.07c	atg9	viable	V	0.095	-0.015	0.0	0.378	3.113	7.404	7.026	2.278	0.035	0.004	-0.00255	0.62	0.314722	-0.692	-0.855
SPBC15D4.08c	SPBC15D4.08c	unknown	Not_determined	0.218	0.026	0.001	0.517	4.248	10.104	9.588	3.109	0.08	5.253	0.621331	0.073	0.21997	-30.594	-30.757
SPBC15D4.09c	met3	viable	V	1.387	0.232	0.157	0.521	3.158	7.295	6.773	2.353	0.51	35.229	0.829262	0.223	0.138679	-14.982	-15.145
SPBC15D4.10c	amo1	viable	V	4.155	0.593	0.439	0.867	3.959	8.811	7.945	3.015	1.528	101.925	0.980213	0.213	0.047826	-15.665	-15.827
SPBC15D4.11c	mam3302	inviable	E	4.021	0.403	1.0	1.609	6.02	12.941	11.332	4.674	1.479	89.458	0.994633	0.108	0.026775	-25.196	-25.358
SPBC15D4.13c	SPBC15D4.13c	viable	V	0.069	-0.007	0.0	0.56	4.613	10.973	10.412	3.376	0.025	0.004	-0.005954	0.25	0.296458	-13.396	-13.559
SPBC15D4.14	taf51	inviable	E	3.041	0.389	2.324	2.802	6.254	11.672	8.871	5.2	1.119	67.498	0.984305	0.153	0.047834	-20.272	-20.434
SPBC15D4.15	pho2	viable	V	0.712	0.088	5.882	6.375	9.942	15.54	9.165	8.853	0.262	13.172	0.832774	0.143	0.135737	-21.196	-21.358
SPBC1604.01	egt1	viable	V	0.098	-0.016	0.0	0.364	3.001	7.138	6.773	2.196	0.036	0.004	-0.125086	0.154	0.391941	-20.153	-20.315
SPBC1604.02c	ppr1	viable	V	1.44	0.086	0.0	1.028	8.461	20.124	19.097	6.191	0.53	27.836	0.966467	0.086	0.0588	-28.296	-28.458
SPBC1604.03c	SPBC1604.03c	viable	V	0.82	0.137	-0.0	0.364	3.001	7.138	6.773	2.196	0.302	20.958	0.57109	0.234	0.241454	-14.35	-14.513
SPBC1604.04	SPBC1604.04	viable	V	-0.0	0.0	0.004	0.738	6.041	14.364	13.627	4.422	-0.0	-0.0	-0.006141	0.115	0.291693	-24.253	-24.415
SPBC1604.05	pgi1	inviable	E	4.268	0.677	0.136	0.521	3.307	7.678	7.156	2.457	1.57	107.684	0.987912	0.167	0.038412	-19.097	-19.26
SPBC1604.06c	noc4	inviable	E	4.515	0.689	-0.0	0.4	3.296	7.84	7.439	2.412	1.661	113.817	0.975807	0.247	0.053839	-13.564	-13.726
SPBC1604.07	atp4	viable	V	1.57	0.154	0.305	0.926	5.419	12.468	11.541	4.047	0.578	35.805	0.856238	0.227	0.134702	-14.736	-14.898
SPBC1604.08c	imp1	condition-dependent	V	4.249	0.308	1.317	2.159	8.251	17.809	15.65	6.391	1.563	83.981	0.991385	0.136	0.032989	-21.913	-22.075
SPBC1604.09c	rex4	viable	V	1.172	0.196	5.017	5.382	8.018	12.155	6.773	7.213	0.431	24.121	0.900902	0.149	0.110285	-20.664	-20.826
SPBC1604.10	srb7	inviable	E	4.015	0.374	3.163	3.818	8.557	15.995	12.177	7.11	1.477	79.033	0.986495	0.183	0.042152	-17.813	-17.975
SPBC1604.12	SPBC1604.12	viable	V	-0.535	-0.09	-0.0	0.364	3.001	7.138	6.773	2.196	-0.197	-13.683	0.743039	0.097	0.166282	-26.719	-26.881
SPBC1604.13c	mrpl32	inviable	E	5.633	0.395	4.059	4.93	11.228	21.11	16.18	9.305	2.072	94.885	0.992927	0.164	0.029802	-19.346	-19.508
SPBC1604.14c	shk1	inviable	E	3.568	0.598	1.765	2.129	4.766	8.903	6.773	3.961	1.313	85.028	0.97746	0.211	0.056745	-15.78	-15.943
SPBC1604.15	gpi16	inviable	E	5.17	0.866	0.899	1.263	3.899	8.036	6.773	3.095	1.902	127.646	0.987026	0.221	0.041007	-15.143	-15.305
SPBC1604.16c	SPBC1604.16c	viable	V	0.383	0.037	-0.0	0.639	5.265	12.524	11.884	3.853	0.141	8.775	0.051581	0.399	0.318367	-6.877	-7.04
SPBC1604.17c	tti2	inviable	E	4.804	0.805	2.114	2.479	5.115	9.252	6.773	4.31	1.767	112.804	0.989336	0.199	0.041651	-16.578	-16.741
SPBC1604.18c	cmp7	viable	V	0.92	0.044	0.0	1.273	10.481	24.928	23.655	7.67	0.338	15.892	0.819692	0.131	0.149687	-22.442	-22.605
SPBC1604.19c	trs8501	viable	V	1.115	0.084	-0.0	0.806	6.635	15.781	14.975	4.855	0.41	23.79	0.49931	0.303	0.234296	-10.697	-10.86
SPBC1604.20c	tea2	viable	V	1.075	0.076	1.16	2.018	8.225	17.965	15.947	6.33	0.395	21.248	0.982105	0.051	0.048465	-35.774	-35.936
SPBC1604.21c	uba1	inviable	E	3.896	0.551	0.105	0.536	3.656	8.552	8.016	2.703	1.433	96.673	0.990294	0.136	0.033487	-21.898	-22.06
SPBC1604.25	pet117	viable	Not_determined	1.029	0.072	2.889	3.763	10.082	19.998	16.235	8.153	0.379	18.478	0.973684	0.06	0.058846	-33.437	-33.6
SPBC1652.01	stb3	viable	V	-0.219	0.008	0.0	1.696	13.963	33.213	31.517	10.218	-0.081	-0.042	-1.352783	0.235	0.493344	-14.255	-14.417
SPBC1652.02	SPBC1652.02	viable	V	3.245	0.544	-0.0	0.364	3.001	7.138	6.773	2.196	1.194	82.927	0.981063	0.156	0.046297	-19.992	-20.154
SPBC1677.02	dpm3	inviable	E	4.13	0.692	0.534	0.898	3.535	7.671	6.773	2.73	1.519	103.44	0.989019	0.158	0.036928	-19.824	-19.987
SPBC1677.03c	tda1	inviable	E	4.907	0.704	0.662	1.087	4.166	8.997	7.909	3.226	1.805	119.419	0.997699	0.086	0.01738	-28.281	-28.443
SPBC1683.01	pho841	viable	V	1.263	0.042	2.195	4.019	17.208	37.905	33.886	13.181	0.465	15.016	0.367744	0.419	0.341873	-6.162	-6.325
SPBC1683.02	dea3	viable	V	0.71	0.047	0.0	0.93	7.653	18.204	17.274	5.6	0.261	14.343	0.782271	0.128	0.177976	-22.784	-22.946
SPBC1683.03c	amf1	viable	V	0.29	-0.009	0.0	1.897	15.618	37.148	35.252	11.429	0.107	0.062	-0.07634	0.205	0.337277	-16.205	-16.367
SPBC1683.04	ghf3	viable	V	0.528	0.088	0.0	0.365	3.001	7.138	6.773	2.196	0.194	13.486	0.835807	0.082	0.137337	-28.969	-29.132
SPBC1683.05	thi7	viable	V	0.477	0.015	0.0	1.958	16.116	38.332	36.374	11.793	0.175	6.107	0.688367	0.059	0.173885	-33.553	-33.716
SPBC1683.06c	urh1	viable	V	0.823	0.138	-0.0	0.364	3.001	7.138	6.773	2.196	0.303	21.028	0.692239	0.174	0.163595	-18.516	-18.678
SPBC1683.07	mal1	viable	V	-0.883	0.028	-0.0	1.957	16.116	38.334	36.377	11.794	-0.325	-0.195	-2.391603	0.243	0.645393	-13.825	-13.987
SPBC1683.08	ght4	viable	V	-0.707	-0.118	0.947	1.312	3.948	8.085	6.773	3.143	-0.26	-17.422	0.867736	0.106	0.121521	-25.393	-25.555
SPBC1683.09c	frp1	viable	V	0.317	0.053	0.312	0.677	3.313	7.45	6.773	2.508	0.117	8.009	0.397392	0.156	0.256433	-20.042	-20.204
SPBC1683.10c	pcl1	viable	V	-0.087	-0.015	0.0	0.364	3.001	7.138	6.773	2.196	-0.032	-2.224	-0.0053	0.178	0.305254	-18.191	-18.353
SPBC1683.11c	icl1	viable	V	-0.266	0.008	-0.0	1.924	15.845	37.688	35.764	11.595	-0.098	-0.058	-0.010051	0.277	0.282744	-11.968	-12.13
SPBC1683.12	SPBC1683.12	viable	V	0.282	0.025	0.001	0.7	5.757	13.693	12.994	4.213	0.104	6.292	0.588217	0.092	0.252116	-27.439	-27.601
SPBC1683.13c	cha4	viable	V	0.334	0.056	3.098	3.463	6.099	10.236	6.773	5.294	0.123	7.517	0.55014	0.158	0.196839	-19.809	-19.972
SPBC1685.01	pmp1	viable	V	0.946	0.03	0.0	1.957	16.116	38.334	36.377	11.794	0.348	12.128	0.664609	0.16	0.18226	-19.67	-19.832
SPBC1685.02c	rps1202	viable	V	1.428	0.104	1.991	2.832	8.916	18.464	15.632	7.059	0.525	27.308	0.905058	0.166	0.108973	-19.144	-19.306
SPBC1685.03	sec11	inviable	E	4.11	0.689	-0.0	0.364	3.001	7.138	6.773	2.196	1.512	105.038	0.959698	0.289	0.065961	-11.389	-11.552
SPBC1685.04	SPBC1685.04	viable	V	-0.549	-0.092	-0.0	0.364	3.001	7.138	6.773	2.196	-0.202	-14.034	0.291761	0.231	0.249152	-14.532	-14.694
SPBC1685.05	htr11	viable	V	1.435	0.046	0.87	2.775	16.549	38.164	35.389	12.344	0.528	17.868	0.766845	0.198	0.165321	-16.646	-16.808
SPBC1685.06	cid11	viable	V	0.199	0.033	0.0	0.364	3.001	7.138	6.773	2.196	0.073	5.075	0.304247	0.099	0.292213	-26.368	-26.531
SPBC1685.07c	avt5	viable	V	0.411	0.069	-0.0	0.364	3.001	7.138	6.773	2.196	0.151	10.503	-0.165454	0.524	0.418763	-3.051	-3.213
SPBC1685.08	cti6	viable	V	0.955	0.066	0.0	0.884	7.278	17.312	16.428	5.326	0.351	19.692	0.933229	0.082	0.088103	-28.98	-29.143
SPBC1685.09	rps29	viable	V	3.265	0.547	-0.0	0.364	3.001	7.138	6.773	2.196	1.201	83.426	0.983545	0.145	0.044871	-21.054	-21.216
SPBC1685.11	rlp1	viable	V	0.072	-0.012	-0.0	0.376	3.097	7.366	6.99	2.266	0.027	0.003	-0.130857	0.109	0.312341	-24.989	-25.151
SPBC1685.14c	vid27	viable	V	0.766	0.128	-0.0	0.364	3.001	7.138	6.773	2.196	0.282	19.563	0.698469	0.165	0.160881	-19.247	-19.41
SPBC1685.15c	klp6	viable	V	0.649	0.026	0.0	1.525	12.555	29.862	28.337	9.187	0.239	10.01	0.681468	0.122	0.209259	-23.429	-23.591
SPBC1685.16	vma9	inviable	E	4.21	0.405	0.548	1.183	5.773	12.974	11.792	4.371	1.549	94.489	0.989181	0.158	0.035906	-19.846	-20.008
SPBC1685.17	SPBC1685.17	unknown	Not_determined	-0.185	0.006	0.0	1.747	14.383	34.212	32.465	10.526	-0.068	-0.036	0.004079	0.103	0.322501	-25.795	-25.957
SPBC16A3.01	spn3	viable	V	0.812	0.136	6.043	6.407	9.043	13.18	6.773	8.239	0.299	15.876	0.849781	0.164	0.134643	-19.334	-19.496
SPBC16A3.02c	SPBC16A3.02c	viable	V	1.069	0.179	-0.0	0.364	3.001	7.138	6.773	2.196	0.393	27.323	0.634323	0.252	0.172473	-13.278	-13.441
SPBC16A3.03c	ppr7	viable	V	1.595	0.091	-0.0	1.071	8.818	20.973	19.902	6.453	0.587	30.225	0.852971	0.194	0.113735	-16.989	-17.151
SPBC16A3.05c	rae1	condition-dependent	E	5.305	0.889	0.409	0.774	3.41	7.547	6.773	2.605	1.952	133.506	0.996711	0.11	0.020242	-24.951	-25.113
SPBC16A3.06	tad1	viable	V	1.082	0.16	0.0	0.413	3.402	8.093	7.679	2.49	0.398	27.137	0.964598	0.072	0.064095	-30.765	-30.927
SPBC16A3.07c	nrm1	viable	V	1.652	0.13	2.936	3.71	9.308	18.093	14.382	7.599	0.608	31.07	0.984118	0.076	0.048109	-30.005	-30.168
SPBC16A3.08c	oga1	viable	V	0.842	0.07	1.107	1.839	7.131	15.436	13.597	5.516	0.31	17.668	0.973827	0.051	0.0605	-35.646	-35.808
SPBC16A3.09c	ufd1	inviable	E	3.81	0.515	1.09	1.542	4.81	9.938	8.395	3.812	1.402	90.175	0.996402	0.086	0.02191	-28.356	-28.518
SPBC16A3.10	ale1	viable	V	0.752	0.05	-0.0	0.926	7.626	18.138	17.212	5.58	0.277	15.218	0.651412	0.154	0.185465	-20.163	-20.326
SPBC16A3.11	eso1	inviable	E	3.247	0.329	0.511	1.115	5.478	12.326	11.211	4.146	1.194	73.955	0.979229	0.169	0.049664	-18.902	-19.064
SPBC16A3.12c	SPBC16A3.12c	viable	V	0.619	0.104	1.917	2.282	4.918	9.055	6.773	4.113	0.228	14.654	0.564627	0.229	0.233678	-14.608	-14.77
SPBC16A3.13	meu7	viable	V	-0.673	-0.113	-0.0	0.364	3.001	7.138	6.773	2.196	-0.248	-17.203	0.894502	0.077	0.096539	-29.853	-30.016
SPBC16A3.15c	nda2	inviable	E	2.889	0.484	-0.0	0.364	3.001	7.138	6.773	2.196	1.063	73.827	0.914139	0.286	0.099611	-11.53	-11.693
SPBC16A3.16	coa5	viable	V	0.554	0.029	0.0	1.184	9.748	23.185	22.002	7.133	0.204	9.97	0.898542	0.057	0.107419	-34.043	-34.206
SPBC16A3.17c	SPBC16A3.17c	viable	V	0.356	0.06	1.364	1.729	4.365	8.502	6.773	3.56	0.131	8.632	0.764739	0.084	0.176395	-28.742	-28.904
SPBC16A3.18	cip1	viable	V	1.121	0.073	3.609	4.545	11.314	21.936	17.391	9.248	0.412	18.745	0.965393	0.075	0.067903	-30.22	-30.382
SPBC16A3.19	eaf7	viable	V	0.933	0.063	4.553	5.452	11.954	22.157	16.705	9.969	0.343	15.038	0.813587	0.156	0.164522	-19.984	-20.146
SPBC16C6.01c	SPBC16C6.01c	viable	V	0.381	0.058	0.0	0.403	3.318	7.891	7.488	2.428	0.14	9.591	0.753103	0.078	0.149772	-29.655	-29.818
SPBC16C6.02c	vps1302	viable	V	1.348	0.048	0.807	2.509	14.821	34.139	31.63	11.062	0.496	18.375	0.984734	0.046	0.039535	-37.211	-37.373
SPBC16C6.03c	rsa1	viable	V	1.957	0.11	0.0	1.084	8.924	21.226	20.142	6.53	0.72	36.879	0.909908	0.193	0.104034	-17.062	-17.225
SPBC16C6.04	dbl6	viable	V	1.063	0.178	-0.0	0.364	3.001	7.138	6.773	2.196	0.391	27.155	0.400771	0.333	0.220477	-9.389	-9.551
SPBC16C6.05	tma22	viable	V	2.169	0.145	1.837	2.749	9.35	19.706	16.957	7.335	0.798	40.413	0.996081	0.047	0.022059	-36.923	-37.085
SPBC16C6.06	vps10	viable	V	1.306	0.096	-0.0	0.835	6.871	16.344	15.51	5.028	0.481	27.531	0.783429	0.194	0.144777	-16.979	-17.142
SPBC16C6.07c	rpt1	inviable	E	2.879	0.482	-0.0	0.364	3.001	7.138	6.773	2.196	1.059	73.571	0.880343	0.335	0.11733	-9.302	-9.464
SPBC16C6.08c	qcr6	viable	V	1.824	0.062	2.69	4.483	17.454	37.808	33.325	13.494	0.671	21.281	0.7428	0.256	0.159491	-13.094	-13.257
SPBC16C6.09	ogm4	viable	V	4.455	0.594	5.408	5.865	9.175	14.368	8.503	8.165	1.639	85.999	0.997855	0.085	0.019513	-28.547	-28.71
SPBC16C6.10	chp2	viable	V	-0.505	-0.025	0.0	1.252	10.308	24.52	23.268	7.544	-0.186	-8.819	0.559742	0.147	0.274914	-20.835	-20.997
SPBC16C6.12c	las1	inviable	E	3.993	0.521	0.626	1.094	4.478	9.789	8.695	3.445	1.469	95.701	0.992648	0.125	0.030405	-23.062	-23.224
SPBC16C6.13c	sec27	inviable	E	4.099	0.687	-0.0	0.364	3.001	7.138	6.773	2.196	1.508	104.752	0.984238	0.179	0.043567	-18.098	-18.26
SPBC16C6.14	spo2	viable	Not_determined	0.139	0.023	-0.0	0.364	3.001	7.138	6.773	2.196	0.051	3.563	-0.137956	0.179	0.329022	-18.086	-18.248
SPBC16D10.01c	acl4	viable	V	3.157	0.215	-0.0	0.897	7.384	17.563	16.666	5.403	1.161	64.733	0.987434	0.117	0.036786	-24.05	-24.212
SPBC16D10.02	trm11	viable	V	2.212	0.116	0.077	1.237	9.63	22.8	21.563	7.068	0.814	40.102	0.989137	0.072	0.033833	-30.83	-30.992
SPBC16D10.03	kae1	viable	V	4.628	0.564	0.442	0.942	4.566	10.252	9.309	3.46	1.703	110.273	0.992678	0.143	0.030995	-21.204	-21.366
SPBC16D10.04c	dna2	inviable	E	4.337	0.641	1.085	1.498	4.485	9.171	7.673	3.573	1.595	104.265	0.999044	0.05	0.011511	-35.83	-35.992
SPBC16D10.05	mok13	viable	V	-0.136	0.004	0.0	1.943	16.001	38.06	36.117	11.709	-0.05	-0.03	-0.014245	0.082	0.331478	-29.036	-29.198
SPBC16D10.06	zrt1	viable	V	3.151	0.184	1.375	2.418	9.964	21.806	19.387	7.661	1.159	56.48	0.995734	0.067	0.021949	-31.772	-31.935
SPBC16D10.07c	sir2	viable	V	-0.544	0.017	0.0	1.929	15.88	37.771	35.842	11.62	-0.2	-0.118	-0.801936	0.382	0.448456	-7.486	-7.648
SPBC16D10.08c	hsp104	viable	V	-0.433	0.013	-0.0	1.957	16.116	38.334	36.377	11.794	-0.159	-0.096	-0.755227	0.284	0.443801	-11.599	-11.762
SPBC16D10.09	pcn1	inviable	E	3.041	0.509	-0.0	0.364	3.001	7.138	6.773	2.196	1.119	77.714	0.87437	0.379	0.110396	-7.575	-7.738
SPBC16D10.10	tad2	inviable	E	2.961	0.342	2.308	2.837	6.661	12.663	9.826	5.494	1.089	64.335	0.986371	0.134	0.043361	-22.172	-22.334
SPBC16D10.11c	rps1801	viable	V	2.589	0.2	0.286	1.075	6.787	15.751	14.675	5.044	0.952	54.955	0.954103	0.194	0.074759	-16.942	-17.105
SPBC16E9.01c	php4	viable	V	0.367	0.062	-0.0	0.364	3.001	7.138	6.773	2.196	0.135	9.384	0.143808	0.266	0.35485	-12.514	-12.676
SPBC16E9.02c	SPBC16E9.02c	viable	V	0.583	-0.023	-0.0	1.52	12.515	29.769	28.249	9.159	0.215	0.1	-0.015784	0.29	0.413628	-11.313	-11.475
SPBC16E9.03c	coa1	viable	V	0.975	0.1	6.019	6.613	10.907	17.644	11.031	9.596	0.359	16.974	0.895558	0.144	0.123231	-21.174	-21.336
SPBC16E9.06c	uvi31	viable	V	0.406	-0.014	-0.0	1.8	14.818	35.245	33.446	10.844	0.149	0.082	-0.551559	0.294	0.387631	-11.128	-11.291
SPBC16E9.07	mug100	viable	V	0.265	0.044	0.0	0.364	3.001	7.138	6.773	2.196	0.097	6.772	0.310462	0.143	0.281196	-21.189	-21.351
SPBC16E9.08	mcp4	viable	V	-0.644	0.02	0.0	1.933	15.913	37.851	35.919	11.645	-0.237	-0.141	-4.363166	0.288	0.730709	-11.432	-11.594
SPBC16E9.09c	erp5	viable	V	3.695	0.324	-0.0	0.697	5.739	13.65	12.953	4.2	1.359	82.66	0.906928	0.402	0.103054	-6.761	-6.924
SPBC16E9.10c	rix7	inviable	E	3.997	0.67	-0.0	0.364	3.001	7.138	6.773	2.196	1.47	102.133	0.947121	0.318	0.075785	-10.027	-10.189
SPBC16E9.11c	pub3	viable	V	0.318	-0.01	0.0	1.943	15.996	38.048	36.105	11.706	0.117	0.07	-0.030008	0.14	0.336117	-21.543	-21.705
SPBC16E9.12c	pab2	viable	V	2.358	0.143	-0.0	1.006	8.28	19.694	18.688	6.059	0.867	46.036	0.931766	0.2	0.081586	-16.546	-16.708
SPBC16E9.13	ksp1	viable	V	-0.022	0.001	0.0	1.087	8.952	21.294	20.207	6.551	-0.008	-0.003	-0.250097	0.143	0.38157	-21.257	-21.42
SPBC16E9.14c	zrg17	viable	V	0.777	-0.029	-0.0	1.637	13.479	32.06	30.423	9.864	0.286	0.144	-0.331152	0.261	0.345495	-12.795	-12.957
SPBC16E9.15	SPBC16E9.15	viable	V	2.201	-0.069	0.0	1.957	16.116	38.334	36.377	11.794	0.81	0.486	-0.129098	0.291	0.319498	-11.279	-11.441
SPBC16E9.16c	lsd90	viable	V	-0.806	-0.135	-0.0	0.364	3.001	7.138	6.773	2.196	-0.296	-20.59	0.109281	0.385	0.323025	-7.35	-7.512
SPBC16E9.17c	rem1	viable	V	1.441	0.241	1.605	1.97	4.606	8.743	6.773	3.801	0.53	34.572	0.381968	0.649	0.272497	-0.056	-0.219
SPBC16E9.18	psd1	viable	V	1.668	0.168	5.488	6.093	10.468	17.333	11.241	9.132	0.614	29.754	0.767206	0.411	0.150133	-6.451	-6.613
SPBC16E9.19	pac3	viable	V	0.079	0.002	-0.0	1.932	15.906	37.835	35.903	11.64	0.029	1.024	0.051218	0.17	0.291251	-18.8	-18.962
SPBC16G5.02c	rbk1	viable	V	0.02	-0.003	0.0	0.364	3.001	7.138	6.773	2.196	0.007	0.001	-0.37572	0.175	0.393771	-18.383	-18.546
SPBC16G5.03	mrz1	viable	V	1.157	0.194	5.076	5.44	8.077	12.214	6.773	7.272	0.426	23.738	0.386473	0.666	0.337832	0.314	0.152
SPBC16G5.04	mrpl23	inviable	E	6.029	1.01	4.471	4.835	7.472	11.609	6.773	6.667	2.218	127.357	0.968849	0.463	0.076382	-4.773	-4.935
SPBC16G5.05c	scs2	viable	V	0.519	0.038	0.0	0.841	6.928	16.478	15.637	5.07	0.191	10.913	0.636535	0.142	0.247429	-21.3	-21.463
SPBC16G5.07c	SPBC16G5.07c	viable	V	1.001	0.168	0.0	0.365	3.001	7.138	6.773	2.196	0.368	25.571	0.768625	0.193	0.161302	-17.037	-17.199
SPBC16G5.08	trp4	inviable	E	4.61	0.772	-0.0	0.364	3.001	7.138	6.773	2.196	1.696	117.802	0.975315	0.252	0.055105	-13.321	-13.484
SPBC16G5.09	kex1	viable	V	0.35	0.059	0.068	0.432	3.069	7.206	6.773	2.264	0.129	8.928	0.577604	0.114	0.216817	-24.343	-24.505
SPBC16G5.10	rrp42	inviable	E	3.976	0.666	0.319	0.683	3.32	7.456	6.773	2.515	1.463	100.399	0.983614	0.183	0.043468	-17.759	-17.921
SPBC16G5.11c	bag101	viable	V	0.142	-0.022	-0.0	0.39	3.211	7.637	7.247	2.35	0.052	0.006	-0.261469	0.098	0.416976	-26.58	-26.743
SPBC16G5.12c	top3	inviable	E	3.857	0.49	2.684	3.165	6.643	12.101	8.936	5.581	1.419	84.1	0.98719	0.171	0.044963	-18.748	-18.91
SPBC16G5.13	ptf2	viable	V	0.607	0.038	0.0	0.967	7.959	18.93	17.963	5.824	0.223	12.052	0.882271	0.064	0.100308	-32.419	-32.582
SPBC16G5.14c	rps3	inviable	E	2.319	0.388	-0.0	0.364	3.001	7.138	6.773	2.196	0.853	59.251	0.943028	0.185	0.08408	-17.625	-17.788
SPBC16G5.15c	fkh2	viable	V	3.44	0.374	2.627	3.189	7.25	13.624	10.435	6.01	1.266	72.585	0.995269	0.091	0.026511	-27.518	-27.68
SPBC16G5.16	ntu1	viable	V	0.243	0.041	0.0	0.364	3.001	7.138	6.773	2.196	0.089	6.202	0.423172	0.101	0.283971	-26.084	-26.246
SPBC16G5.17	SPBC16G5.17	viable	V	-0.794	-0.085	0.0	0.571	4.701	11.181	10.61	3.44	-0.292	-18.721	0.887287	0.1	0.114185	-26.264	-26.427
SPBC16G5.18	erg24	inviable	E	4.451	0.362	1.437	2.189	7.622	16.149	13.961	5.964	1.637	91.178	0.982729	0.213	0.045628	-15.678	-15.84
SPBC16G5.19	SPBC16G5.19	viable	Not_determined	1.697	0.284	-0.0	0.364	3.001	7.138	6.773	2.196	0.624	43.363	0.712627	0.31	0.168812	-10.407	-10.569
SPBC16H5.02	pfk1	condition-dependent	E	4.528	0.759	-0.0	0.364	3.001	7.138	6.773	2.196	1.666	115.71	0.986954	0.181	0.038866	-17.954	-18.116
SPBC16H5.03c	uba2	viable	V	4.15	0.357	3.734	4.444	9.579	17.637	13.193	8.012	1.527	77.227	0.998344	0.063	0.015127	-32.714	-32.876
SPBC16H5.04	snd301	viable	V	-0.023	0.004	-0.0	0.364	2.999	7.133	6.769	2.195	-0.008	-0.001	-0.045483	0.269	0.353721	-12.373	-12.535
SPBC16H5.05c	cyp7	viable	V	-1.0	0.031	0.246	2.189	16.239	38.286	36.097	11.95	-0.368	-0.236	-0.194869	0.3	0.315894	-10.836	-10.999
SPBC16H5.06	rip1	viable	V	2.868	0.141	0.012	1.253	10.229	24.314	23.061	7.489	1.055	50.275	0.773921	0.472	0.170256	-4.522	-4.685
SPBC16H5.07c	ppa2	viable	V	1.505	0.075	3.327	4.548	13.381	27.242	22.694	10.685	0.554	22.129	0.985419	0.058	0.040625	-33.801	-33.963
SPBC16H5.08c	SPBC16H5.08c	viable	V	3.285	0.225	0.592	1.482	7.923	18.03	16.548	5.957	1.209	65.741	0.989271	0.116	0.034819	-24.156	-24.319
SPBC16H5.09c	omh2	viable	V	0.318	0.053	5.464	5.829	8.465	12.602	6.773	7.66	0.117	6.403	0.378955	0.236	0.265291	-14.193	-14.355
SPBC16H5.10c	prp43	inviable	E	4.176	0.572	0.451	0.897	4.123	9.186	8.289	3.138	1.536	101.663	0.995372	0.103	0.024416	-25.844	-26.007
SPBC16H5.11c	skb1	viable	V	1.22	0.071	-0.0	1.046	8.615	20.49	19.444	6.304	0.449	23.39	0.771969	0.199	0.165422	-16.602	-16.764
SPBC16H5.12c	SPBC16H5.12c	viable	V	0.32	0.038	1.192	1.7	5.371	11.131	9.431	4.25	0.118	7.365	0.524184	0.126	0.219207	-22.947	-23.109
SPBC16H5.13	wdr7	viable	V	1.027	0.172	0.332	0.696	3.333	7.47	6.773	2.528	0.378	25.934	0.916375	0.112	0.097448	-24.617	-24.779
SPBC16H5.14c	SPBC16H5.14c	unknown	Not_determined	2.8	0.469	10.339	10.704	13.34	17.477	6.773	12.535	1.03	42.724	0.943534	0.255	0.091802	-13.114	-13.277
SPBC16H5.15	gem8	inviable	E	4.175	0.577	1.907	2.349	5.544	10.559	8.21	4.569	1.536	95.83	0.991726	0.147	0.03477	-20.795	-20.958
SPBC1703.01c	pop4	inviable	E	4.293	0.719	0.446	0.81	3.447	7.583	6.773	2.642	1.579	107.887	0.990121	0.155	0.034448	-20.134	-20.296
SPBC1703.02	rsc9	inviable	E	4.393	0.518	3.45	3.968	7.713	13.589	9.621	6.569	1.616	90.889	0.994801	0.124	0.028629	-23.203	-23.365
SPBC1703.03c	syo2	viable	V	2.321	0.152	1.294	2.225	8.956	19.519	17.294	6.901	0.854	44.07	0.973123	0.131	0.055605	-22.408	-22.57
SPBC1703.04	mlh1	viable	V	0.664	0.111	0.0	0.364	3.001	7.138	6.773	2.196	0.244	16.965	0.752344	0.137	0.148832	-21.852	-22.014
SPBC1703.05	rio2	inviable	E	2.782	0.454	0.076	0.45	3.153	7.395	6.945	2.328	1.023	70.637	0.985065	0.12	0.042121	-23.659	-23.821
SPBC1703.06	pof10	viable	V	0.818	0.079	0.0	0.631	5.193	12.351	11.72	3.8	0.301	18.807	0.421164	0.327	0.275256	-9.649	-9.811
SPBC1703.07	acl1	viable	V	1.359	0.102	-0.0	0.81	6.672	15.87	15.06	4.883	0.5	28.957	0.693973	0.268	0.160087	-12.435	-12.598
SPBC1703.08c	fau1	viable	V	0.177	0.023	0.0	0.47	3.873	9.213	8.742	2.834	0.065	4.344	0.495182	0.065	0.254833	-32.162	-32.324
SPBC1703.09	SPBC1703.09	viable	V	-0.006	0.001	0.0	0.364	3.001	7.138	6.773	2.196	-0.002	-0.0	-0.085843	0.29	0.343544	-11.349	-11.511
SPBC1703.10	ypt1	inviable	E	3.867	0.648	-0.0	0.364	3.001	7.138	6.773	2.196	1.423	98.824	0.910006	0.384	0.09885	-7.384	-7.546
SPBC1703.11	opa3	viable	V	0.1	0.017	-0.0	0.364	3.001	7.138	6.773	2.196	0.037	2.545	0.05409	0.092	0.377854	-27.374	-27.536
SPBC1703.12	ubp9	viable	V	0.281	0.047	3.927	4.292	6.928	11.065	6.773	6.123	0.103	6.079	0.122909	0.34	0.312634	-9.123	-9.285
SPBC1703.14c	top1	viable	V	1.188	0.084	2.058	2.924	9.186	19.013	16.089	7.274	0.437	22.376	0.997108	0.023	0.019491	-47.088	-47.25
SPBC1703.15c	vps33	condition-dependent	V	4.009	0.468	3.844	4.367	8.15	14.085	9.718	6.995	1.475	81.168	0.996117	0.099	0.024438	-26.412	-26.574
SPBC1706.01	tea4	viable	V	1.287	0.216	9.176	9.541	12.177	16.314	6.773	11.372	0.474	21.136	0.96825	0.097	0.069667	-26.636	-26.798
SPBC1706.03	fzo1	viable	V	2.246	0.147	4.462	5.395	12.144	22.736	17.341	10.084	0.826	35.757	0.995777	0.051	0.02313	-35.771	-35.933
SPBC1709.01	chs2	viable	V	0.477	0.08	-0.0	0.364	3.001	7.138	6.773	2.196	0.176	12.194	0.551929	0.118	0.187997	-23.956	-24.119
SPBC1709.02c	vrs1	inviable	E	4.011	0.672	-0.0	0.364	3.001	7.138	6.773	2.196	1.476	102.498	0.964136	0.256	0.063879	-13.078	-13.24
SPBC1709.03	vps3844	viable	V	2.744	0.242	2.896	3.589	8.604	16.474	12.885	7.073	1.009	53.755	0.992613	0.087	0.032332	-28.242	-28.404
SPBC1709.04c	cyp3	viable	V	0.635	0.048	0.0	0.808	6.656	15.831	15.023	4.871	0.234	13.533	0.454309	0.22	0.25712	-15.175	-15.338
SPBC1709.05	sks2	viable	V	3.067	0.361	0.197	0.716	4.471	10.364	9.647	3.325	1.128	73.25	0.985535	0.132	0.042739	-22.352	-22.514
SPBC1709.06	dus2	viable	V	0.442	0.017	0.0	1.566	12.891	30.663	29.098	9.434	0.163	6.693	0.785931	0.054	0.139261	-34.927	-35.089
SPBC1709.07	erg27	inviable	E	4.357	0.73	1.44	1.805	4.441	8.578	6.773	3.636	1.603	105.227	0.981097	0.236	0.053274	-14.227	-14.389
SPBC1709.08	cft1	inviable	E	4.706	0.685	0.987	1.406	4.439	9.199	7.793	3.513	1.731	113.312	0.996598	0.102	0.02164	-25.892	-26.055
SPBC1709.09	rrf1	viable	V	1.11	0.145	8.178	8.645	12.02	17.316	8.671	10.99	0.408	18.256	0.960914	0.09	0.074777	-27.718	-27.88
SPBC1709.10c	atx1	viable	V	0.327	0.055	4.78	5.145	7.781	11.918	6.773	6.976	0.12	6.796	0.655179	0.126	0.229544	-22.948	-23.11
SPBC1709.11c	png2	viable	V	0.442	0.074	0.447	0.812	3.448	7.585	6.773	2.643	0.163	11.106	0.385076	0.221	0.316766	-15.108	-15.27
SPBC1709.12	rid1	viable	V	-0.626	-0.055	-0.0	0.693	5.703	13.565	12.873	4.174	-0.23	-14.017	0.630753	0.132	0.180683	-22.379	-22.542
SPBC1709.13c	set10	viable	V	0.17	0.029	-0.0	0.364	3.001	7.138	6.773	2.196	0.063	4.356	0.01924	0.163	0.310661	-19.361	-19.523
SPBC1709.14	ngl1	viable	V	0.785	0.131	1.233	1.597	4.234	8.37	6.773	3.429	0.289	19.112	0.31589	0.448	0.275752	-5.238	-5.401
SPBC1709.15c	cft2	inviable	E	4.17	0.699	1.004	1.369	4.005	8.142	6.773	3.2	1.534	102.517	0.980787	0.219	0.048831	-15.236	-15.398
SPBC1709.16c	SPBC1709.16c	viable	V	0.485	0.081	-0.0	0.364	3.001	7.138	6.773	2.196	0.179	12.4	0.874064	0.058	0.113196	-33.873	-34.035
SPBC1709.17	met7	inviable	E	4.299	0.621	0.743	1.166	4.222	9.018	7.852	3.289	1.582	104.412	0.99526	0.109	0.024462	-25.011	-25.173
SPBC1709.18	tif452	viable	V	0.742	0.124	-0.0	0.364	3.001	7.138	6.773	2.196	0.273	18.962	0.804749	0.111	0.139239	-24.761	-24.923
SPBC1709.19c	nfu1	unknown	Not_determined	-0.066	0.002	0.0	1.952	16.073	38.23	36.278	11.762	-0.024	-0.014	-0.113423	0.218	0.362023	-15.33	-15.492
SPBC1709.20	pop8	inviable	E	3.444	0.577	0.751	1.116	3.752	7.889	6.773	2.947	1.267	85.518	0.980129	0.183	0.054897	-17.803	-17.966
SPBC1711.03	emc3	viable	V	1.728	0.076	9.424	10.806	20.803	36.49	25.684	17.751	0.636	14.707	0.961514	0.091	0.062168	-27.554	-27.717
SPBC1711.04	mtd1	viable	V	-1.0	0.032	0.568	2.491	16.399	38.223	35.733	12.153	-0.368	-0.257	-0.593756	0.317	0.431881	-10.103	-10.265
SPBC1711.05	srp40	viable	V	2.263	0.151	3.44	4.356	10.979	21.372	17.016	8.957	0.833	38.596	0.957639	0.169	0.071879	-18.885	-19.047
SPBC1711.07	rrb1	inviable	E	3.906	0.654	0.386	0.751	3.387	7.524	6.773	2.582	1.437	98.387	0.994923	0.1	0.025142	-26.188	-26.351
SPBC1711.08	aha1	viable	V	2.045	0.343	0.467	0.831	3.467	7.604	6.773	2.663	0.752	51.358	0.882572	0.275	0.123842	-12.052	-12.214
SPBC1711.09c	SPBC1711.09c	viable	V	0.781	0.131	-0.0	0.364	3.001	7.138	6.773	2.196	0.287	19.946	0.423497	0.215	0.223483	-15.491	-15.653
SPBC1711.10c	npl4	inviable	E	4.471	0.443	2.621	3.238	7.7	14.702	11.464	6.337	1.645	92.017	0.987682	0.191	0.040951	-17.162	-17.324
SPBC1711.11	atg2402	viable	V	1.766	0.296	-0.0	0.364	3.001	7.138	6.773	2.196	0.65	45.125	0.847007	0.252	0.115441	-13.309	-13.471
SPBC1711.12	ppp16	viable	V	-0.928	-0.112	8.165	8.669	12.313	18.032	9.363	11.201	-0.341	-14.948	0.889812	0.131	0.116328	-22.507	-22.669
SPBC1711.13	his2	viable	V	0.675	0.113	-0.0	0.364	3.001	7.138	6.773	2.196	0.248	17.252	0.385095	0.273	0.244458	-12.198	-12.36
SPBC1711.14	rec15	viable	V	0.533	0.017	0.0	1.957	16.116	38.334	36.377	11.794	0.196	6.836	0.213312	0.277	0.304337	-11.99	-12.153
SPBC1711.15c	SPBC1711.15c	viable	V	0.393	-0.012	-0.0	1.944	16.006	38.072	36.128	11.713	0.144	0.086	-0.157413	0.149	0.320729	-20.64	-20.803
SPBC1711.16	pwp1	inviable	E	4.103	0.687	-0.0	0.364	3.001	7.138	6.773	2.196	1.51	104.859	0.860147	0.508	0.126493	-3.489	-3.651
SPBC1711.17	prp16	inviable	E	4.632	0.404	0.168	0.868	5.93	13.874	13.007	4.385	1.704	102.745	0.977719	0.242	0.051305	-13.848	-14.01
SPBC1718.01	pop1	viable	V	1.218	0.096	0.065	0.837	6.419	15.178	14.341	4.715	0.448	26.308	0.994103	0.032	0.026332	-41.985	-42.147
SPBC1718.02	hop1	viable	V	0.119	-0.02	0.0	0.364	3.001	7.138	6.773	2.196	0.044	0.005	-0.369992	0.128	0.410564	-22.815	-22.977
SPBC1718.03	ker1	viable	V	4.149	0.33	1.448	2.215	7.762	16.467	14.251	6.069	1.526	84.345	0.994731	0.107	0.026465	-25.317	-25.479
SPBC1718.04	sct1	inviable	E	4.504	0.641	0.376	0.805	3.909	8.78	7.975	2.961	1.657	110.703	0.994658	0.119	0.026211	-23.823	-23.985
SPBC1718.05	trs31	inviable	E	3.993	0.641	1.592	1.973	4.725	9.045	7.072	3.885	1.469	95.24	0.98832	0.168	0.039594	-18.993	-19.155
SPBC1718.06	msp1	condition-dependent	V	2.134	0.12	3.247	4.331	12.171	24.474	20.144	9.778	0.785	33.787	0.99733	0.036	0.017706	-40.623	-40.786
SPBC1718.07c	zfs1	viable	V	-0.266	0.045	10.943	11.307	13.944	18.081	6.773	13.139	-0.098	-2.004	0.206132	0.311	0.300503	-10.337	-10.499
SPBC1734.01c	esf1	inviable	E	4.197	0.703	0.156	0.52	3.156	7.293	6.773	2.352	1.544	106.641	0.995134	0.104	0.024685	-25.694	-25.856
SPBC1734.02c	cdc27	inviable	E	4.206	0.487	0.293	0.821	4.636	10.623	9.803	3.471	1.547	99.724	0.981376	0.206	0.04796	-16.096	-16.259
SPBC1734.03	fol1	inviable	E	4.282	0.674	0.873	1.26	4.064	8.465	7.204	3.208	1.575	104.868	0.996207	0.098	0.022247	-26.513	-26.675
SPBC1734.04	anp1	viable	V	2.865	0.48	-0.0	0.364	3.001	7.138	6.773	2.196	1.054	73.207	0.860513	0.391	0.129885	-7.139	-7.301
SPBC1734.05c	spf31	viable	V	1.055	0.063	-0.0	1.015	8.359	19.883	18.867	6.117	0.388	20.518	0.798763	0.154	0.133665	-20.156	-20.319
SPBC1734.06	rhp18	viable	V	0.577	0.097	2.141	2.505	5.142	9.279	6.773	4.337	0.212	13.542	0.893127	0.083	0.121896	-28.925	-29.088
SPBC1734.07c	trs8502	viable	V	0.62	0.104	0.504	0.869	3.505	7.642	6.773	2.7	0.228	15.543	0.609355	0.192	0.216735	-17.117	-17.28
SPBC1734.08	hse1	viable	V	0.643	0.057	-0.0	0.685	5.641	13.418	12.733	4.128	0.237	14.453	0.812983	0.096	0.138995	-26.862	-27.024
SPBC1734.09	yea4	viable	V	0.537	0.09	0.0	0.365	3.001	7.138	6.773	2.196	0.198	13.724	0.362833	0.264	0.340723	-12.624	-12.786
SPBC1734.10c	ipa1	inviable	E	4.282	0.717	1.3	1.665	4.301	8.438	6.773	3.496	1.575	104.011	0.998732	0.058	0.01363	-33.794	-33.957
SPBC1734.11	mas5	condition-dependent	V	3.815	0.471	-0.0	0.495	4.075	9.692	9.197	2.982	1.404	92.716	0.984558	0.167	0.042392	-19.051	-19.213
SPBC1734.12c	alg12	viable	V	2.007	0.182	7.285	7.959	12.837	20.492	12.532	11.348	0.738	30.941	0.992076	0.067	0.031751	-31.778	-31.94
SPBC1734.13	atp3	viable	V	2.422	0.406	1.818	2.182	4.819	8.955	6.773	4.014	0.891	57.595	0.963623	0.189	0.074848	-17.352	-17.515
SPBC1734.14c	suc1	inviable	E	4.176	0.653	1.237	1.628	4.453	8.886	7.258	3.591	1.536	100.664	0.998163	0.068	0.015965	-31.67	-31.832
SPBC1734.15	rsc4	viable	V	1.139	0.052	0.017	1.358	11.06	26.284	24.925	8.098	0.419	19.062	0.930271	0.096	0.090004	-26.868	-27.031
SPBC1734.16c	pst3	inviable	E	4.545	0.461	2.149	2.752	7.11	13.948	11.196	5.779	1.672	96.297	0.997098	0.093	0.020813	-27.313	-27.475
SPBC1773.01	csc3	viable	V	-0.154	0.005	0.0	1.827	15.042	35.779	33.952	11.008	-0.057	-0.032	-0.97086	0.268	0.444393	-12.436	-12.599
SPBC1773.02c	bcp1	viable	V	-0.7	-0.117	0.623	0.988	3.624	7.761	6.773	2.819	-0.258	-17.477	0.448129	0.305	0.329403	-10.638	-10.8
SPBC1773.03c	SPBC1773.03c	viable	V	0.121	0.02	0.0	0.364	3.001	7.138	6.773	2.196	0.045	3.096	0.245805	0.09	0.321457	-27.66	-27.822
SPBC1773.04	SPBC1773.04	viable	V	0.846	0.142	-0.0	0.364	3.001	7.138	6.773	2.196	0.311	21.616	0.843805	0.12	0.126103	-23.722	-23.884
SPBC1773.05c	tms1	viable	V	0.183	0.012	0.0	0.945	7.776	18.496	17.552	5.691	0.067	3.679	0.013426	0.321	0.29194	-9.89	-10.052
SPBC1773.06c	adh8	viable	V	-0.189	0.03	0.0	0.378	3.115	7.408	7.03	2.279	-0.069	-0.008	-0.094304	0.458	0.321977	-4.927	-5.089
SPBC1773.07c	sbp1	inviable	E	4.77	0.799	0.174	0.538	3.174	7.311	6.773	2.37	1.755	121.119	0.983002	0.222	0.043616	-15.046	-15.208
SPBC1773.08c	omh4	viable	V	-0.113	0.004	-0.0	1.95	16.057	38.193	36.243	11.75	-0.042	-0.025	-0.184911	0.145	0.424717	-21.01	-21.172
SPBC1773.09c	mug184	viable	V	-0.444	-0.066	0.0	0.408	3.36	7.991	7.583	2.459	-0.163	-11.17	0.7531	0.083	0.16346	-28.866	-29.028
SPBC1773.10c	nrs1	inviable	E	3.926	0.658	-0.0	0.364	3.001	7.138	6.773	2.196	1.444	100.338	0.979262	0.194	0.048083	-16.968	-17.13
SPBC1773.11c	mug89	inviable	E	4.208	0.705	0.0	0.365	3.001	7.138	6.773	2.196	1.548	107.53	0.987242	0.167	0.038849	-19.069	-19.231
SPBC1773.12	SPBC1773.12	viable	V	1.775	0.082	1.18	2.494	12.002	26.922	24.428	9.1	0.653	28.277	0.863928	0.209	0.126701	-15.895	-16.057
SPBC1773.13	SPBC1773.13	viable	V	0.559	0.094	1.254	1.619	4.255	8.392	6.773	3.45	0.206	13.612	0.831341	0.102	0.151158	-26.017	-26.179
SPBC1773.14	arg7	viable	V	0.57	0.028	0.0	1.26	10.376	24.679	23.419	7.593	0.21	9.916	0.799698	0.076	0.149603	-30.051	-30.213
SPBC1773.15	dal52	viable	V	-0.428	-0.072	-0.0	0.364	3.001	7.138	6.773	2.196	-0.157	-10.932	0.668571	0.104	0.17911	-25.655	-25.817
SPBC1773.16c	SPBC1773.16c	viable	V	0.17	0.028	2.896	3.26	5.897	10.034	6.773	5.092	0.062	3.853	0.378733	0.138	0.221508	-21.705	-21.867
SPBC1773.17c	gor2	viable	V	1.763	0.295	-0.0	0.364	3.001	7.138	6.773	2.196	0.649	45.058	0.69685	0.384	0.189231	-7.388	-7.55
SPBC1778.01c	zuo1	viable	V	2.87	0.365	0.626	1.106	4.578	10.027	8.922	3.518	1.056	68.455	0.949437	0.241	0.081964	-13.909	-14.071
SPBC1778.02	rap1	viable	V	1.103	0.185	0.011	0.376	3.012	7.149	6.773	2.207	0.406	28.178	0.879309	0.145	0.11025	-21.015	-21.177
SPBC1778.03c	SPBC1778.03c	viable	V	0.641	0.107	-0.0	0.364	3.001	7.138	6.773	2.196	0.236	16.384	0.429335	0.205	0.229657	-16.165	-16.327
SPBC1778.04	spo6	viable	V	1.229	0.039	0.648	2.566	16.439	38.207	35.641	12.204	0.452	15.426	0.679435	0.21	0.196276	-15.822	-15.984
SPBC1778.05c	lam2	viable	V	5.017	0.781	0.559	0.952	3.788	8.24	7.288	2.922	1.846	124.19	0.991772	0.166	0.032037	-19.142	-19.305
SPBC1778.06c	fim1	condition-dependent	V	1.013	0.04	1.199	2.758	14.04	31.742	28.983	10.596	0.373	14.393	0.932732	0.08	0.087449	-29.342	-29.504
SPBC1778.07	SPBC1778.07	viable	V	0.532	0.089	0.805	1.169	3.806	7.943	6.773	3.001	0.196	13.19	0.340497	0.293	0.340415	-11.165	-11.328
SPBC1778.08c	arc3	inviable	E	4.343	0.728	0.54	0.904	3.54	7.677	6.773	2.736	1.598	108.746	0.9735	0.262	0.060273	-12.742	-12.904
SPBC1778.09	SPBC1778.09	viable	V	1.477	0.107	-0.0	0.846	6.967	16.57	15.724	5.098	0.543	30.962	0.711294	0.267	0.158266	-12.471	-12.633
SPBC1778.10c	pdk1	viable	V	1.53	0.111	5.423	6.267	12.368	21.941	15.674	10.505	0.563	24.101	0.978039	0.082	0.051972	-28.959	-29.122
SPBC17A3.01c	tim50	inviable	E	4.757	0.797	1.105	1.47	4.106	8.243	6.773	3.301	1.75	116.487	0.981844	0.244	0.047646	-13.776	-13.938
SPBC17A3.02	aim19	viable	V	-0.354	0.011	-0.0	1.957	16.116	38.334	36.377	11.794	-0.13	-0.078	-0.428947	0.303	0.481971	-10.731	-10.893
SPBC17A3.03c	siw14	viable	V	0.785	0.131	0.992	1.357	3.993	8.13	6.773	3.188	0.289	19.308	0.563434	0.276	0.258664	-12.023	-12.186
SPBC17A3.04c	rar1	inviable	E	4.66	0.781	-0.0	0.364	3.001	7.138	6.773	2.196	1.714	119.084	0.978599	0.236	0.049755	-14.207	-14.369
SPBC17A3.05c	SPBC17A3.05c	viable	V	4.735	0.451	1.507	2.148	6.785	14.062	11.914	5.369	1.742	101.595	0.992481	0.151	0.031749	-20.476	-20.638
SPBC17A3.06	SPBC17A3.06	viable	V	2.892	0.177	0.665	1.664	8.891	20.231	18.566	6.685	1.064	54.863	0.988363	0.103	0.035849	-25.882	-26.044
SPBC17A3.07	pgr1	condition-dependent	E	4.401	0.655	1.97	2.381	5.35	10.008	7.628	4.443	1.619	102.06	0.978249	0.254	0.056695	-13.161	-13.324
SPBC17A3.08	SPBC17A3.08	viable	V	0.176	0.01	0.0	1.069	8.8	20.931	19.862	6.439	0.065	3.347	0.249464	0.119	0.289331	-23.743	-23.905
SPBC17A3.09c	aim22	viable	V	3.999	0.425	7.767	8.341	12.493	19.007	10.666	11.225	1.471	63.414	0.999705	0.026	0.006585	-44.967	-45.129
SPBC17A3.10	pas4	viable	V	0.498	0.083	0.0	0.364	3.001	7.138	6.773	2.196	0.183	12.735	0.474012	0.185	0.206108	-17.633	-17.795
SPBC17D1.01	spp41	inviable	E	4.068	0.35	0.02	0.729	5.857	13.904	13.175	4.291	1.497	90.458	0.984284	0.177	0.041319	-18.225	-18.388
SPBC17D1.02	dph2	viable	V	2.212	0.134	-0.0	1.007	8.294	19.728	18.721	6.069	0.814	43.151	0.90833	0.21	0.099065	-15.881	-16.043
SPBC17D1.03c	rrp43	inviable	E	3.97	0.487	0.386	0.884	4.484	10.133	9.249	3.385	1.46	94.912	0.992589	0.123	0.03067	-23.336	-23.498
SPBC17D1.05	rhs1	viable	V	0.648	0.05	0.0	0.798	6.574	15.637	14.838	4.811	0.238	13.876	0.843168	0.094	0.138472	-27.161	-27.323
SPBC17D1.06	dbp3	viable	V	1.007	0.057	1.893	2.978	10.832	23.155	20.176	8.434	0.37	17.206	0.975315	0.054	0.054478	-34.81	-34.972
SPBC17D1.07c	npg1	viable	V	0.413	0.043	0.0	0.582	4.795	11.404	10.822	3.509	0.152	9.701	0.710385	0.096	0.188341	-26.855	-27.017
SPBC17D11.01	nep1	viable	V	1.016	0.17	-0.0	0.364	3.001	7.138	6.773	2.196	0.374	25.954	0.495455	0.349	0.214418	-8.752	-8.914
SPBC17D11.02c	hrd1	viable	V	-0.369	0.012	0.0	1.957	16.116	38.334	36.377	11.794	-0.136	-0.082	-0.036622	0.193	0.356525	-17.04	-17.202
SPBC17D11.03c	pxp2	viable	V	0.398	0.052	0.0	0.467	3.844	9.143	8.676	2.813	0.147	9.784	0.907646	0.044	0.096154	-37.718	-37.88
SPBC17D11.04c	nto1	viable	V	0.897	0.089	0.0	0.613	5.045	11.999	11.387	3.692	0.33	20.775	0.915248	0.092	0.094734	-27.391	-27.553
SPBC17D11.05	tif301	inviable	E	3.787	0.634	-0.0	0.364	3.001	7.138	6.773	2.196	1.393	96.785	0.965521	0.238	0.062331	-14.116	-14.279
SPBC17D11.06	spp2	inviable	E	3.872	0.649	0.031	0.395	3.032	7.169	6.773	2.227	1.424	98.824	0.981904	0.184	0.045482	-17.722	-17.884
SPBC17D11.07c	rpn2	inviable	E	3.007	0.504	-0.0	0.364	3.001	7.138	6.773	2.196	1.106	76.837	0.933897	0.256	0.086458	-13.1	-13.262
SPBC17D11.08	dca7	viable	V	-0.777	-0.099	0.0	0.479	3.94	9.372	8.894	2.883	-0.286	-18.993	0.50575	0.271	0.218457	-12.262	-12.424
SPBC17F3.01c	rga5	viable	V	0.226	0.038	-0.0	0.364	3.001	7.138	6.773	2.196	0.083	5.776	-0.001396	0.185	0.320035	-17.601	-17.763
SPBC17F3.02	nak1	inviable	E	4.123	0.612	0.663	1.075	4.051	8.721	7.646	3.142	1.517	100.882	0.993178	0.125	0.029026	-23.078	-23.24
SPBC17G9.02c	cdc73	viable	V	3.869	0.304	1.947	2.725	8.349	17.175	14.451	6.632	1.423	76.392	0.994694	0.1	0.02642	-26.199	-26.362
SPBC17G9.03c	krs1	inviable	E	4.406	0.738	0.166	0.53	3.167	7.304	6.773	2.362	1.621	111.907	0.954601	0.343	0.071437	-8.999	-9.161
SPBC17G9.04c	nup85	inviable	E	4.601	0.565	0.705	1.203	4.8	10.446	9.243	3.702	1.693	108.614	0.994453	0.125	0.02735	-23.065	-23.227
SPBC17G9.05	rct1	inviable	V	3.106	0.257	2.306	3.045	8.391	16.781	13.736	6.759	1.143	61.348	0.94788	0.266	0.089587	-12.526	-12.689
SPBC17G9.06c	sib3	viable	Not_determined	0.051	-0.009	0.0	0.364	3.001	7.138	6.773	2.196	0.019	0.002	-0.003523	0.228	0.302732	-14.719	-14.881
SPBC17G9.08c	cnt5	viable	V	1.162	0.142	0.0	0.5	4.116	9.79	9.29	3.012	0.427	28.174	0.930936	0.111	0.08763	-24.838	-25.0
SPBC17G9.09	tif213	viable	V	2.016	0.338	0.692	1.056	3.693	7.83	6.773	2.888	0.742	50.174	0.95701	0.16	0.082708	-19.696	-19.858
SPBC17G9.10	rpl1102	viable	V	4.214	0.677	0.283	0.664	3.415	7.731	7.067	2.575	1.55	105.916	0.938031	0.385	0.086734	-7.347	-7.509
SPBC17G9.11c	pyr1	inviable	E	4.516	0.757	0.067	0.431	3.068	7.205	6.773	2.263	1.661	115.127	0.991097	0.15	0.033149	-20.547	-20.71
SPBC17G9.12c	SPBC17G9.12c	viable	V	0.466	0.078	1.702	2.067	4.703	8.84	6.773	3.898	0.171	11.131	0.746298	0.117	0.16582	-24.05	-24.212
SPBC17G9.13c	cup1	inviable	E	2.574	0.244	0.947	1.591	6.251	13.562	11.971	4.828	0.947	56.542	0.982085	0.125	0.050078	-23.158	-23.32
SPBC1815.01	eno101	viable	V	4.98	0.834	-0.0	0.364	3.001	7.138	6.773	2.196	1.832	127.263	0.979401	0.245	0.047954	-13.691	-13.854
SPBC1826.01c	mot1	inviable	E	3.859	0.646	0.463	0.827	3.464	7.601	6.773	2.659	1.419	96.904	0.997115	0.075	0.019028	-30.284	-30.446
SPBC1861.01c	cnp3	viable	V	4.435	0.329	2.667	3.489	9.438	18.772	15.283	7.622	1.631	82.633	0.992378	0.137	0.031982	-21.828	-21.99
SPBC1861.02	abp2	viable	V	0.402	0.067	3.697	4.061	6.698	10.835	6.773	5.893	0.148	8.793	0.585888	0.149	0.254197	-20.609	-20.772
SPBC1861.03	naa35	viable	V	0.928	0.029	0.0	1.957	16.116	38.334	36.377	11.794	0.341	11.895	0.86393	0.091	0.113641	-27.605	-27.767
SPBC1861.04c	prp24	inviable	E	3.934	0.615	0.719	1.11	3.936	8.371	7.261	3.073	1.447	96.843	0.99764	0.07	0.01763	-31.168	-31.33
SPBC1861.05	SPBC1861.05	condition-dependent	V	4.288	0.718	4.625	4.99	7.626	11.763	6.773	6.821	1.577	89.912	0.997789	0.085	0.020004	-28.436	-28.598
SPBC1861.06c	mug131	viable	V	1.094	-0.035	0.0	1.916	15.776	37.524	35.608	11.545	0.403	0.237	0.005206	0.339	0.284579	-9.159	-9.321
SPBC1861.07	elc1	viable	V	0.291	0.049	-0.0	0.364	3.001	7.138	6.773	2.196	0.107	7.428	0.407073	0.084	0.226601	-28.628	-28.79
SPBC1861.08c	lea1	inviable	E	3.672	0.377	0.177	0.771	5.071	11.819	11.048	3.759	1.351	85.113	0.98491	0.159	0.0439	-19.712	-19.875
SPBC1861.09	ppk22	viable	V	0.181	0.02	1.105	1.652	5.61	11.822	10.17	4.402	0.066	4.106	0.315055	0.132	0.262946	-22.377	-22.54
SPBC18A7.01	xpa1	viable	V	0.623	-0.104	7.173	7.538	10.174	14.311	6.773	9.369	0.229	2.45	0.235982	0.491	0.263008	-3.957	-4.12
SPBC18A7.02c	SPBC18A7.02c	viable	V	0.356	-0.012	0.0	1.765	14.533	34.568	32.803	10.635	0.131	0.071	-0.486967	0.211	0.380853	-15.808	-15.971
SPBC18E5.02c	lcb1	inviable	E	4.081	0.684	0.566	0.931	3.567	7.704	6.773	2.762	1.501	102.087	0.998516	0.057	0.01386	-34.057	-34.219
SPBC18E5.03c	sim4	inviable	E	4.559	0.764	4.169	4.534	7.17	11.307	6.773	6.365	1.677	97.691	0.998195	0.083	0.01768	-28.906	-29.068
SPBC18E5.05c	elp5	viable	V	3.585	0.349	0.802	1.43	5.967	13.088	11.658	4.582	1.319	79.83	0.963167	0.249	0.071682	-13.471	-13.633
SPBC18E5.07	aim21	viable	V	0.394	0.066	6.168	6.532	9.168	13.305	6.773	8.364	0.145	7.655	0.406787	0.225	0.239502	-14.89	-15.052
SPBC18E5.09c	SPBC18E5.09c	viable	V	1.027	0.172	0.027	0.392	3.028	7.165	6.773	2.223	0.378	26.23	0.439509	0.408	0.21654	-6.56	-6.722
SPBC18E5.10	SPBC18E5.10	viable	V	0.484	0.081	-0.0	0.364	3.001	7.138	6.773	2.196	0.178	12.375	0.094671	0.314	0.288653	-10.227	-10.39
SPBC18E5.11c	edc3	viable	V	0.804	0.054	0.0	0.905	7.455	17.732	16.826	5.455	0.296	16.426	0.987297	0.03	0.037085	-42.987	-43.15
SPBC18E5.12c	mas2	inviable	E	4.25	0.712	0.316	0.68	3.317	7.454	6.773	2.512	1.564	107.344	0.989941	0.154	0.035699	-20.197	-20.359
SPBC18E5.13	mti3	viable	V	-0.943	-0.158	0.558	0.922	3.559	7.696	6.773	2.754	-0.347	-23.596	0.819669	0.166	0.152716	-19.102	-19.264
SPBC18E5.14c	SPBC18E5.14c	viable	V	1.68	0.282	-0.0	0.364	3.001	7.138	6.773	2.196	0.618	42.944	0.710734	0.293	0.176406	-11.203	-11.365
SPBC18H10.02	lcf1	viable	V	0.817	0.095	0.015	0.538	4.324	10.263	9.725	3.168	0.301	19.631	0.799614	0.145	0.149686	-21.044	-21.207
SPBC18H10.03	tif307	inviable	E	4.026	0.674	-0.0	0.364	3.001	7.138	6.773	2.196	1.481	102.888	0.968529	0.247	0.064069	-13.578	-13.74
SPBC18H10.04c	sce3	viable	V	1.382	0.232	3.379	3.743	6.38	10.516	6.773	5.575	0.508	30.703	0.865936	0.223	0.134603	-14.98	-15.143
SPBC18H10.05	SPBC18H10.05	viable	V	-0.0	-0.0	-0.0	0.753	6.204	14.757	14.003	4.54	-0.0	-0.0	-0.002277	0.093	0.320377	-27.266	-27.428
SPBC18H10.06c	swd2	viable	V	1.926	0.167	0.212	0.917	6.011	14.006	13.09	4.456	0.708	42.562	0.971	0.115	0.061836	-24.3	-24.463
SPBC18H10.07	wbp4	viable	V	2.078	0.086	-0.0	1.481	12.197	29.012	27.531	8.926	0.765	32.68	0.978613	0.085	0.044656	-28.566	-28.728
SPBC18H10.08c	ubp4	viable	V	0.975	0.163	-0.0	0.364	3.001	7.138	6.773	2.196	0.359	24.907	0.558469	0.295	0.194601	-11.081	-11.243
SPBC18H10.09	SPBC18H10.09	viable	V	-0.027	0.002	0.0	0.978	8.054	19.156	18.178	5.894	-0.01	-0.003	-0.168564	0.215	0.373543	-15.534	-15.696
SPBC18H10.10c	saf4	viable	V	-1.0	-0.06	-0.0	1.025	8.436	20.067	19.042	6.174	-0.368	-19.357	0.714802	0.231	0.157286	-14.531	-14.693
SPBC18H10.11c	ppr2	viable	V	0.982	0.081	3.852	4.591	9.94	18.333	13.742	8.307	0.361	17.902	0.938749	0.093	0.092382	-27.276	-27.438
SPBC18H10.12c	rpl701	inviable	E	4.192	0.702	0.297	0.661	3.298	7.435	6.773	2.493	1.542	105.946	0.995888	0.096	0.023235	-26.78	-26.942
SPBC18H10.13	rps1402	viable	V	1.043	0.175	3.068	3.433	6.069	10.206	6.773	5.264	0.384	23.485	0.885754	0.174	0.120379	-18.447	-18.61
SPBC18H10.14	rps1601	condition-dependent	E	4.378	0.662	-0.0	0.404	3.324	7.906	7.502	2.432	1.61	110.215	0.974338	0.248	0.054223	-13.538	-13.7
SPBC18H10.15	cdk11	viable	V	1.43	0.133	1.92	2.578	7.339	14.81	12.232	5.886	0.526	29.872	0.943913	0.131	0.088224	-22.492	-22.655
SPBC18H10.16	vhc1	viable	V	0.502	0.032	0.0	0.967	7.961	18.935	17.968	5.826	0.185	9.983	0.81152	0.088	0.162975	-28.103	-28.265
SPBC18H10.17c	mhr1	inviable	E	4.785	0.802	4.896	5.26	7.896	12.033	6.773	7.092	1.76	99.057	0.963297	0.399	0.075026	-6.879	-7.042
SPBC18H10.18c	SPBC18H10.18c	viable	V	-0.879	-0.147	2.94	3.304	5.941	10.077	6.773	5.136	-0.323	-19.912	0.697999	0.297	0.182085	-10.997	-11.16
SPBC18H10.19	vps38	viable	V	0.303	0.051	-0.0	0.364	3.001	7.138	6.773	2.196	0.111	7.735	0.529049	0.1	0.233586	-26.174	-26.337
SPBC18H10.20c	any1	viable	V	4.945	0.37	0.336	1.151	7.046	16.297	15.146	5.246	1.819	103.576	0.988267	0.183	0.037749	-17.775	-17.937
SPBC1921.02	rad60	inviable	E	4.525	0.566	1.92	2.408	5.94	11.483	9.075	4.862	1.665	101.791	0.999544	0.037	0.008294	-39.997	-40.16
SPBC1921.03c	mex67	viable	V	2.74	0.237	-0.0	0.704	5.8	13.796	13.092	4.245	1.008	61.095	0.972596	0.157	0.054345	-19.965	-20.127
SPBC1921.04c	SPBC1921.04c	viable	V	0.351	0.02	0.0	1.086	8.938	21.26	20.174	6.541	0.129	6.613	0.870391	0.046	0.11791	-37.148	-37.31
SPBC1921.05	ape2	viable	V	0.679	0.108	0.811	1.197	3.984	8.357	7.16	3.133	0.25	16.69	0.975526	0.041	0.054435	-38.834	-38.996
SPBC1921.06c	pvg3	viable	V	0.707	0.119	11.818	12.183	14.819	18.956	6.773	14.014	0.26	9.748	0.958461	0.06	0.0741	-33.487	-33.649
SPBC1921.07c	sgf29	viable	V	0.98	0.06	1.668	2.664	9.872	21.183	18.518	7.672	0.36	17.689	0.992822	0.029	0.030018	-43.699	-43.861
SPBC19C2.01	cdc28	inviable	E	4.129	0.692	0.697	1.062	3.698	7.835	6.773	2.893	1.519	102.762	0.988289	0.165	0.037665	-19.25	-19.412
SPBC19C2.02	pmt1	viable	V	-1.0	0.031	-0.0	1.957	16.116	38.334	36.377	11.794	-0.368	-0.221	-2.690469	0.141	0.517612	-21.395	-21.558
SPBC19C2.03	rpc10	inviable	E	4.92	0.824	0.327	0.692	3.328	7.465	6.773	2.523	1.81	124.193	0.978842	0.261	0.05295	-12.829	-12.991
SPBC19C2.04c	ubp11	viable	V	0.287	0.048	0.0	0.364	3.001	7.138	6.773	2.196	0.105	7.323	0.304333	0.143	0.286166	-21.221	-21.383
SPBC19C2.05	pat1	inviable	E	3.126	0.364	0.124	0.648	4.44	10.389	9.741	3.282	1.15	74.733	0.971808	0.188	0.057987	-17.429	-17.591
SPBC19C2.06c	mug124	viable	V															
SPBC19C2.07	fba1	inviable	E	4.867	0.815	-0.0	0.364	3.001	7.138	6.773	2.196	1.791	124.385	0.982229	0.224	0.045845	-14.946	-15.108
SPBC19C2.08	prp38	inviable	E	5.061	0.848	0.622	0.987	3.623	7.76	6.773	2.818	1.862	126.321	0.958639	0.39	0.079288	-7.196	-7.358
SPBC19C2.09	sre1	viable	V	0.902	-0.029	0.0	1.902	15.656	37.24	35.338	11.457	0.332	0.194	0.042746	0.212	0.280607	-15.689	-15.851
SPBC19C2.10	SPBC19C2.10	viable	V	0.444	0.074	-0.0	0.364	3.001	7.138	6.773	2.196	0.163	11.341	0.144308	0.207	0.330522	-16.057	-16.219
SPBC19C2.11c	mdm34	inviable	E	3.407	0.339	1.04	1.653	6.085	13.039	11.387	4.732	1.253	75.555	0.99803	0.055	0.015964	-34.522	-34.684
SPBC19C2.12	mrpl51	inviable	E	3.627	0.493	3.152	3.601	6.848	11.944	8.343	5.857	1.334	78.494	0.989128	0.151	0.039873	-20.426	-20.588
SPBC19C2.13c	ctu2	viable	V	2.162	0.14	1.444	2.386	9.204	19.901	17.514	7.122	0.795	40.513	0.969421	0.129	0.06138	-22.682	-22.845
SPBC19C2.14	smd3	viable	Not_determined	3.91	0.655	-0.0	0.364	3.001	7.138	6.773	2.196	1.438	99.905	0.982923	0.175	0.044386	-18.39	-18.552
SPBC19C2.15c	phs1	inviable	E	4.308	0.722	1.997	2.361	4.998	9.134	6.773	4.193	1.585	101.668	0.98302	0.227	0.051757	-14.778	-14.94
SPBC19C7.01	mni1	viable	V	1.376	0.043	-0.0	1.957	16.116	38.334	36.377	11.794	0.506	17.637	0.781711	0.159	0.133455	-19.749	-19.911
SPBC19C7.02	ubr1	viable	V	2.707	0.171	-0.0	0.966	7.957	18.927	17.96	5.823	0.996	53.788	0.983413	0.114	0.041464	-24.439	-24.602
SPBC19C7.03	cyr1	viable	V	3.62	0.213	1.059	2.099	9.622	21.427	19.327	7.326	1.332	66.055	0.994579	0.087	0.024561	-28.242	-28.404
SPBC19C7.06	prs1	inviable	E	4.302	0.721	-0.0	0.364	3.001	7.138	6.773	2.196	1.583	109.93	0.984183	0.187	0.042612	-17.474	-17.637
SPBC19C7.07c	sen34	inviable	E	5.1	0.701	0.613	1.057	4.272	9.317	8.26	3.291	1.876	123.442	0.985365	0.226	0.042736	-14.814	-14.976
SPBC19C7.08c	ppm2	viable	V	0.767	0.129	-0.0	0.364	3.001	7.138	6.773	2.196	0.282	19.609	0.785881	0.135	0.159045	-22.015	-22.178
SPBC19C7.09c	uve1	viable	V	0.217	0.028	0.0	0.47	3.869	9.203	8.733	2.832	0.08	5.337	0.411739	0.112	0.252496	-24.699	-24.862
SPBC19C7.10	bqt4	viable	V	0.52	0.087	3.789	4.153	6.789	10.926	6.773	5.985	0.191	11.338	0.521855	0.264	0.219061	-12.624	-12.786
SPBC19C7.11	SPBC19C7.11	viable	V	1.019	0.088	-0.0	0.709	5.838	13.885	13.176	4.272	0.375	22.667	0.51452	0.296	0.24585	-11.067	-11.229
SPBC19C7.12c	omh1	viable	V	-0.006	0.001	-0.0	0.364	2.993	7.12	6.757	2.191	-0.002	-0.0	-0.284841	0.152	0.33045	-20.374	-20.536
SPBC19F5.01c	puc1	viable	V	0.676	0.113	-0.0	0.364	3.001	7.138	6.773	2.196	0.249	17.274	0.202275	0.322	0.274826	-9.849	-10.011
SPBC19F5.02c	utp4	inviable	E	4.379	0.734	0.219	0.583	3.22	7.357	6.773	2.415	1.611	111.011	0.950234	0.359	0.074228	-8.346	-8.509
SPBC19F5.03	sac11	inviable	E	4.43	0.742	0.817	1.182	3.818	7.955	6.773	3.013	1.63	109.735	0.99763	0.08	0.018013	-29.389	-29.552
SPBC19F5.04	hom3	inviable	E	3.837	0.591	-0.0	0.396	3.261	7.757	7.361	2.387	1.412	96.888	0.963362	0.259	0.063837	-12.931	-13.093
SPBC19F5.05c	ppp1	inviable	E	4.407	0.691	0.252	0.641	3.459	7.88	7.239	2.599	1.621	110.51	0.990627	0.153	0.033743	-20.314	-20.477
SPBC19F8.01c	spn7	viable	V	0.125	0.021	-0.0	0.364	3.001	7.138	6.773	2.196	0.046	3.183	0.011169	0.2	0.287292	-16.515	-16.677
SPBC19F8.03c	yap18	viable	V	0.209	0.035	0.0	0.364	3.001	7.138	6.773	2.196	0.077	5.33	0.154219	0.188	0.282608	-17.424	-17.587
SPBC19F8.04c	lcl3	viable	V	1.23	0.206	-0.0	0.364	3.001	7.138	6.773	2.196	0.453	31.439	0.619183	0.317	0.192001	-10.076	-10.238
SPBC19F8.05	mrps26	inviable	E	3.229	0.541	4.734	5.099	7.735	11.872	6.773	6.93	1.188	67.355	0.952352	0.288	0.080833	-11.415	-11.577
SPBC19F8.06c	meu22	viable	V	0.003	-0.001	0.0	0.364	3.001	7.138	6.774	2.196	0.001	0.0	-0.05829	0.128	0.3187	-22.733	-22.895
SPBC19F8.07	mcs6	inviable	E	3.947	0.639	2.921	3.298	6.028	10.311	7.012	5.195	1.452	89.011	0.983337	0.21	0.049834	-15.836	-15.998
SPBC19F8.08	rps401	viable	V	3.955	0.253	-0.0	0.956	7.868	18.715	17.759	5.758	1.455	78.985	0.966863	0.23	0.05701	-14.553	-14.715
SPBC19G7.01c	msh2	viable	V	1.49	0.075	3.251	4.461	13.217	26.956	22.495	10.544	0.548	22.131	0.982506	0.063	0.044894	-32.788	-32.95
SPBC19G7.02	abz2	viable	V	1.136	0.059	0.0	1.183	9.741	23.169	21.986	7.128	0.418	20.458	0.963384	0.066	0.05972	-32.106	-32.268
SPBC19G7.03c	rps3002	viable	V	1.697	0.284	1.882	2.246	4.883	9.02	6.773	4.078	0.624	40.234	0.82055	0.333	0.148609	-9.412	-9.574
SPBC19G7.04	SPBC19G7.04	viable	V	0.631	0.106	-0.0	0.364	3.001	7.138	6.773	2.196	0.232	16.119	0.447853	0.22	0.219535	-15.199	-15.362
SPBC19G7.05c	bgs1	inviable	E	4.584	0.626	1.122	1.569	4.804	9.88	8.311	3.816	1.686	108.543	0.995108	0.121	0.026241	-23.592	-23.754
SPBC19G7.06	mbx1	viable	V	1.922	0.322	-0.0	0.364	3.001	7.138	6.773	2.196	0.707	49.126	0.738543	0.355	0.173768	-8.499	-8.661
SPBC19G7.07c	ppr3	viable	V	4.474	0.462	4.709	5.301	9.581	16.298	10.997	8.275	1.646	83.832	0.995167	0.119	0.02723	-23.802	-23.964
SPBC19G7.08c	art1	viable	V	0.484	0.016	1.228	3.11	16.727	38.094	34.984	12.57	0.178	5.951	0.652473	0.111	0.217123	-24.809	-24.971
SPBC19G7.09	ulp1	viable	V	4.291	0.35	3.151	3.899	9.313	17.808	13.909	7.66	1.579	80.813	0.995849	0.1	0.023711	-26.241	-26.403
SPBC19G7.10c	pdc2	viable	V	2.75	0.266	1.518	2.15	6.72	13.891	11.741	5.325	1.012	59.21	0.996951	0.056	0.020626	-34.328	-34.49
SPBC19G7.13	tbf1	inviable	E	4.352	0.418	-0.0	0.636	5.234	12.448	11.813	3.83	1.601	99.898	0.859133	0.564	0.127863	-2.027	-2.19
SPBC19G7.14c	cog5	inviable	E	3.889	0.549	1.721	2.154	5.283	10.194	8.04	4.328	1.431	90.312	0.997987	0.068	0.017212	-31.695	-31.857
SPBC19G7.15	nup44	inviable	E	4.963	0.447	0.414	1.092	5.994	13.686	12.594	4.497	1.826	109.994	0.992168	0.155	0.031628	-20.143	-20.305
SPBC19G7.16	iws1	viable	V	4.209	0.276	1.936	2.866	9.592	20.148	17.283	7.539	1.548	77.354	0.993987	0.111	0.027066	-24.817	-24.979
SPBC19G7.17	ssh1	viable	V	3.055	0.173	2.832	3.91	11.706	23.941	20.031	9.326	1.124	49.72	0.996042	0.063	0.021601	-32.784	-32.946
SPBC19G7.18c	SPBC19G7.18c	viable	V	0.274	-0.009	0.0	1.844	15.18	36.107	34.263	11.108	0.101	0.057	-0.125253	0.164	0.366508	-19.325	-19.487
SPBC19G7.19	tom5	unknown	Not_determined	0.498	0.083	5.603	5.967	8.604	12.741	6.773	7.799	0.183	9.95	0.414464	0.325	0.260008	-9.723	-9.886
SPBC1A4.01	apc10	inviable	E	3.825	0.503	2.35	2.815	6.176	11.451	8.636	5.15	1.407	85.263	0.986876	0.175	0.045413	-18.44	-18.602
SPBC1A4.02c	leu1	viable	V	2.241	0.375	-0.0	0.364	3.001	7.138	6.773	2.196	0.825	57.277	0.790303	0.39	0.158885	-7.175	-7.337
SPBC1A4.03c	top2	inviable	E	4.253	0.614	0.75	1.173	4.232	9.033	7.86	3.298	1.565	103.25	0.99835	0.064	0.014843	-32.558	-32.721
SPBC1A4.04	SPBC1A4.04	viable	V	-0.358	-0.06	-0.0	0.364	3.001	7.138	6.773	2.196	-0.132	-9.155	0.03388	0.347	0.313706	-8.82	-8.982
SPBC1A4.05	blt1	viable	V	1.911	0.194	2.344	2.945	7.295	14.121	11.176	5.967	0.703	40.142	0.955487	0.159	0.080937	-19.712	-19.874
SPBC1A4.06c	tam41	inviable	E	3.276	0.417	5.041	5.521	8.988	14.428	8.907	7.929	1.205	63.774	0.995918	0.084	0.026061	-28.652	-28.814
SPBC1A4.07c	sof1	inviable	E	4.274	0.716	-0.0	0.364	3.001	7.138	6.773	2.196	1.572	109.219	0.962629	0.281	0.065023	-11.773	-11.936
SPBC1A4.08c	cct3	inviable	E	4.147	0.695	-0.0	0.364	3.001	7.138	6.773	2.196	1.525	105.962	0.974991	0.231	0.053206	-14.491	-14.653
SPBC1A4.09	pus7	viable	V	4.124	0.312	3.743	4.55	10.387	19.546	14.996	8.605	1.517	73.063	0.99451	0.109	0.027096	-24.973	-25.136
SPBC1A4.10c	med14	inviable	E	3.301	0.297	2.994	3.673	8.585	16.293	12.62	7.086	1.214	64.784	0.996935	0.068	0.020798	-31.667	-31.83
SPBC1A4.11c	SPBC1A4.11c	inviable	E	5.242	0.719	1.746	2.191	5.411	10.463	8.272	4.428	1.928	120.991	0.997529	0.1	0.019567	-26.175	-26.337
SPBC1D7.01	pfd1	viable	V	-0.975	-0.163	-0.0	0.364	3.001	7.138	6.773	2.196	-0.359	-24.91	0.235309	0.304	0.260123	-10.654	-10.817
SPBC1D7.02c	scr1	viable	Not_determined	1.687	0.117	-0.0	0.883	7.272	17.297	16.413	5.321	0.621	34.808	0.818066	0.241	0.141469	-13.934	-14.096
SPBC1D7.03	clg1	viable	V	1.656	0.277	-0.0	0.364	3.001	7.138	6.773	2.196	0.609	42.31	0.311241	0.665	0.251695	0.288	0.126
SPBC1D7.04	mlo3	viable	V	5.974	0.595	6.51	7.123	11.558	18.517	11.394	10.204	2.198	100.031	0.965421	0.427	0.074436	-5.922	-6.084
SPBC1D7.05	byr2	viable	V	0.209	0.035	-0.0	0.364	3.001	7.138	6.773	2.196	0.077	5.338	0.003898	0.143	0.372964	-21.207	-21.37
SPBC1E8.02	SPBC1E8.02	viable	V	-0.403	-0.068	-0.0	0.364	3.001	7.138	6.773	2.196	-0.148	-10.309	0.573997	0.113	0.201861	-24.545	-24.707
SPBC1E8.03c	SPBC1E8.03c	viable	V	0.358	-0.012	0.0	1.824	15.019	35.724	33.899	10.991	0.132	0.074	-0.276302	0.299	0.384505	-10.896	-11.058
SPBC1E8.04	Tf2-10	unknown	Not_determined	-1.0	-0.168	-0.0	0.364	3.001	7.138	6.773	2.196	-0.368	-25.554	-0.008199	0.721	0.350526	1.421	1.259
SPBC20F10.01	gar1	inviable	E	3.458	0.579	0.465	0.83	3.466	7.603	6.773	2.661	1.272	86.832	0.986659	0.145	0.041177	-21.016	-21.178
SPBC20F10.02c	SPBC20F10.02c	viable	V	-0.317	0.01	0.0	1.918	15.795	37.57	35.652	11.559	-0.117	-0.069	-1.054553	0.177	0.523926	-18.277	-18.439
SPBC20F10.03	SPBC20F10.03	viable	V	-0.284	-0.009	-0.0	1.957	16.116	38.334	36.377	11.794	-0.105	-3.642	0.024906	0.512	0.320255	-3.37	-3.532
SPBC20F10.04c	nse4	inviable	E	4.074	0.558	2.556	3.002	6.225	11.284	8.282	5.241	1.499	90.719	0.980605	0.225	0.052186	-14.908	-15.07
SPBC20F10.05	nrl1	viable	V	2.049	0.336	1.786	2.159	4.854	9.083	6.924	4.031	0.754	48.63	0.985663	0.097	0.044829	-26.629	-26.791
SPBC20F10.06	mad2	viable	V	-1.0	0.036	4.386	6.076	18.298	37.476	31.4	14.567	-0.368	-0.691	0.106695	0.26	0.275196	-12.841	-13.003
SPBC20F10.07	ltc1	viable	V	0.061	-0.005	0.0	0.747	6.154	14.637	13.889	4.503	0.022	0.005	-0.146353	0.129	0.385238	-22.707	-22.869
SPBC20F10.08c	rtp1	inviable	E	4.518	0.54	0.53	1.041	4.736	10.535	9.494	3.608	1.662	106.824	0.986042	0.195	0.040568	-16.918	-17.08
SPBC20F10.10	psl1	viable	V	0.597	0.1	0.939	1.303	3.94	8.077	6.773	3.135	0.22	14.72	0.63585	0.175	0.198268	-18.412	-18.574
SPBC21.01	mis17	inviable	E	4.409	0.739	4.608	4.973	7.609	11.746	6.773	6.804	1.622	92.527	0.979963	0.271	0.056555	-12.267	-12.429
SPBC21.02	rtc5	viable	V	-0.295	0.049	14.482	14.846	17.482	21.619	6.773	16.678	-0.109	-3.256	0.249699	0.362	0.259039	-8.21	-8.373
SPBC21.03c	SPBC21.03c	viable	V	0.914	0.031	0.729	2.51	15.395	35.614	33.104	11.461	0.336	12.099	0.475557	0.272	0.263191	-12.247	-12.41
SPBC21.04	med8	inviable	E	4.272	0.358	1.352	2.08	7.345	15.605	13.525	5.737	1.572	88.805	0.990393	0.15	0.035098	-20.562	-20.725
SPBC21.05c	ral2	viable	V	0.284	0.037	0.0	0.475	3.91	9.299	8.824	2.861	0.105	6.96	0.182959	0.173	0.2923	-18.535	-18.698
SPBC21.06c	cdc7	inviable	E	4.317	0.62	2.087	2.512	5.586	10.409	7.897	4.647	1.588	99.003	0.998618	0.063	0.014444	-32.684	-32.847
SPBC21.07c	ppk24	viable	V	1.037	0.174	-0.0	0.364	3.001	7.138	6.773	2.196	0.381	26.496	0.528359	0.329	0.222255	-9.557	-9.719
SPBC211.01	rsm10	inviable	E	5.282	0.676	3.138	3.614	7.064	12.477	8.862	6.011	1.943	112.993	0.996273	0.129	0.024142	-22.654	-22.816
SPBC211.02c	cwf3	inviable	E	3.15	0.446	0.777	1.208	4.326	9.218	8.01	3.374	1.159	76.144	0.988048	0.127	0.041248	-22.844	-23.007
SPBC211.03c	gea1	inviable	E	3.834	0.642	-0.0	0.364	3.001	7.138	6.773	2.196	1.41	97.976	0.973336	0.212	0.055633	-15.697	-15.859
SPBC211.04c	mcm6	inviable	E	3.852	0.586	0.059	0.461	3.366	7.924	7.463	2.479	1.417	96.859	0.956525	0.288	0.070424	-11.419	-11.581
SPBC211.06	gfh1	viable	V	0.659	0.089	-0.0	0.452	3.721	8.85	8.398	2.723	0.242	16.284	0.972883	0.038	0.054071	-39.738	-39.9
SPBC211.08c	mtr3	inviable	E	1.867	0.22	-0.0	0.517	4.257	10.126	9.609	3.115	0.687	44.96	0.904785	0.204	0.112114	-16.267	-16.429
SPBC215.01	gyp4	viable	V	0.51	0.056	0.001	0.552	4.542	10.803	10.251	3.324	0.188	12.118	0.705424	0.121	0.167047	-23.594	-23.756
SPBC215.02	pfd5	viable	V	2.883	0.343	6.498	7.011	10.718	16.536	9.525	9.586	1.061	51.015	0.903414	0.399	0.11624	-6.857	-7.019
SPBC215.03c	csn1	viable	V	4.037	0.207	0.777	1.965	10.562	24.052	22.087	7.937	1.485	69.712	0.994012	0.097	0.025056	-26.715	-26.877
SPBC215.04	git11	viable	V	0.659	0.11	0.317	0.681	3.317	7.454	6.773	2.513	0.242	16.646	0.409808	0.294	0.298606	-11.161	-11.323
SPBC215.05	gpd1	viable	V	0.783	0.131	0.567	0.931	3.568	7.705	6.773	2.763	0.288	19.597	0.826109	0.133	0.13413	-22.195	-22.358
SPBC215.06c	SPBC215.06c	viable	V	0.082	-0.004	0.0	1.316	10.836	25.773	24.457	7.929	0.03	0.012	-0.53646	0.132	0.385712	-22.4	-22.562
SPBC215.07c	pdp2	viable	V	0.64	0.107	-0.0	0.364	3.001	7.138	6.773	2.196	0.235	16.355	0.779775	0.109	0.142038	-25.037	-25.199
SPBC215.08c	arg4	viable	V	0.627	0.026	0.0	1.474	12.133	28.86	27.386	8.879	0.231	9.897	0.680592	0.11	0.191501	-24.863	-25.025
SPBC215.09c	erg10	inviable	E	5.373	0.9	0.655	1.019	3.656	7.793	6.773	2.851	1.977	133.937	0.983543	0.254	0.044665	-13.168	-13.33
SPBC215.10	odr1	viable	V	1.14	0.178	-0.0	0.391	3.219	7.657	7.266	2.356	0.419	28.841	0.829753	0.172	0.13136	-18.658	-18.821
SPBC215.11c	SPBC215.11c	viable	V	0.413	0.015	0.0	1.709	14.07	33.466	31.757	10.296	0.152	5.868	0.209792	0.172	0.256936	-18.674	-18.836
SPBC215.12	cwf10	inviable	E	4.06	0.68	0.06	0.425	3.061	7.198	6.773	2.256	1.493	103.511	0.990975	0.136	0.032545	-21.928	-22.09
SPBC215.13	mtl3	viable	V	1.244	0.208	1.718	2.083	4.719	8.856	6.773	3.914	0.458	29.713	0.67205	0.375	0.204181	-7.713	-7.876
SPBC215.14c	vps20	viable	V	0.925	0.155	0.609	0.974	3.61	7.747	6.773	2.805	0.34	23.093	0.371457	0.465	0.282298	-4.722	-4.884
SPBC215.15	sec13	condition-dependent	Not_determined	5.621	0.929	0.822	1.191	3.863	8.055	6.864	3.047	2.068	138.95	0.95787	0.437	0.071998	-5.6	-5.763
SPBC216.01c	psy2	viable	V	1.269	0.145	0.0	0.535	4.408	10.485	9.949	3.226	0.467	30.345	0.97868	0.066	0.049602	-31.965	-32.128
SPBC216.02	num1	viable	V	0.195	0.031	0.0	0.385	3.168	7.536	7.151	2.319	0.072	4.954	0.896535	0.026	0.099181	-45.318	-45.481
SPBC216.04c	mxr2	viable	V	0.477	0.03	-0.0	0.985	8.108	19.286	18.301	5.933	0.176	9.404	0.424721	0.122	0.261084	-23.431	-23.593
SPBC216.05	rad3	viable	V	1.386	0.1	3.765	4.611	10.727	20.325	15.714	8.86	0.51	24.044	0.998886	0.017	0.012257	-51.359	-51.522
SPBC216.06c	swi1	viable	V	1.89	0.116	1.116	2.107	9.277	20.527	18.42	7.088	0.695	35.182	0.995939	0.04	0.021613	-38.964	-39.126
SPBC216.07c	tor2	inviable	E	4.303	0.721	-0.0	0.364	3.001	7.138	6.773	2.196	1.583	109.969	0.989988	0.15	0.034472	-20.574	-20.736
SPBC21B10.02	SPBC21B10.02	viable	V	0.2	0.034	-0.0	0.364	3.001	7.138	6.773	2.196	0.074	5.122	0.762422	0.037	0.140664	-40.318	-40.481
SPBC21B10.03c	ath1	viable	V	1.471	0.103	1.185	2.059	8.376	18.288	16.229	6.447	0.541	28.832	0.958488	0.106	0.07109	-25.393	-25.555
SPBC21B10.05c	wat1	viable	V	3.881	0.216	-0.0	1.097	9.035	21.49	20.393	6.612	1.428	72.687	0.939731	0.285	0.074572	-11.555	-11.717
SPBC21B10.06c	inp2	viable	V	0.022	-0.002	0.0	0.567	4.665	11.095	10.529	3.414	0.008	0.001	-0.455537	0.15	0.421534	-20.593	-20.755
SPBC21B10.07	crr1	viable	V	0.568	0.058	0.0	0.603	4.968	11.817	11.214	3.636	0.209	13.22	0.425524	0.221	0.256107	-15.165	-15.328
SPBC21B10.08c	SPBC21B10.08c	viable	V	0.489	0.082	-0.0	0.364	3.001	7.138	6.773	2.196	0.18	12.507	0.516718	0.158	0.221228	-19.797	-19.959
SPBC21B10.09	SPBC21B10.09	viable	V	-0.283	0.009	-0.0	1.925	15.849	37.699	35.774	11.598	-0.104	-0.062	0.004963	0.166	0.291072	-19.148	-19.311
SPBC21B10.10	rps402	viable	V	2.306	0.386	0.609	0.973	3.61	7.746	6.773	2.805	0.848	57.591	0.964108	0.163	0.065717	-19.398	-19.56
SPBC21B10.11	dpm2	inviable	E	4.927	0.69	0.158	0.595	3.751	8.703	8.108	2.787	1.813	121.772	0.950928	0.397	0.072968	-6.946	-7.108
SPBC21B10.12	rec6	viable	V	-0.341	-0.046	0.0	0.45	3.703	8.808	8.358	2.71	-0.126	-8.438	0.627915	0.097	0.185442	-26.691	-26.854
SPBC21B10.13c	yox1	viable	V	1.279	0.047	0.0	1.647	13.556	32.244	30.597	9.92	0.471	18.7	0.883607	0.124	0.11056	-23.207	-23.369
SPBC21B10.14	kgd4	viable	Not_determined	-1.0	0.047	5.163	6.455	15.801	30.468	24.013	12.948	-0.368	-0.904	0.097449	0.336	0.27824	-9.276	-9.438
SPBC21B10.15	SPBC21B10.15	viable	Not_determined	0.89	0.079	3.635	4.324	9.306	17.123	12.8	7.785	0.327	16.822	0.993968	0.027	0.030761	-44.82	-44.983
SPBC21C3.01c	vps1301	viable	V	0.735	0.037	-0.0	1.202	9.898	23.543	22.341	7.243	0.27	13.119	0.875841	0.083	0.1147	-28.915	-29.077
SPBC21C3.02c	dep1	viable	V	3.079	0.192	-0.0	0.979	8.058	19.166	18.187	5.897	1.133	60.845	0.947512	0.233	0.075487	-14.397	-14.559
SPBC21C3.03	cqd1	viable	V	0.095	-0.013	0.0	0.431	3.553	8.45	8.019	2.6	0.035	0.005	-0.872875	0.259	0.513632	-12.92	-13.082
SPBC21C3.04c	mrx14	inviable	E	3.486	0.584	3.863	4.228	6.864	11.001	6.773	6.059	1.282	75.757	0.96958	0.264	0.066971	-12.645	-12.808
SPBC21C3.05	sap62	inviable	E	4.45	0.745	0.473	0.837	3.474	7.611	6.773	2.669	1.637	111.718	0.981218	0.224	0.04751	-14.963	-15.125
SPBC21C3.06	SPBC21C3.06	viable	V	3.823	-0.119	0.0	1.957	16.116	38.334	36.376	11.794	1.406	0.845	0.134441	0.271	0.282182	-12.299	-12.461
SPBC21C3.07c	trm140	viable	V	1.738	0.054	-0.0	1.957	16.116	38.334	36.377	11.794	0.639	22.275	0.56252	0.299	0.193645	-10.903	-11.065
SPBC21C3.08c	car2	viable	V	1.383	0.093	-0.0	0.904	7.444	17.707	16.803	5.448	0.509	28.255	0.928787	0.123	0.089374	-23.34	-23.503
SPBC21C3.09c	oaa1	viable	V	0.271	0.045	-0.0	0.364	3.001	7.138	6.773	2.196	0.1	6.927	0.156293	0.211	0.328879	-15.773	-15.936
SPBC21C3.10c	rib7	inviable	E	5.539	0.748	3.354	3.806	7.077	12.209	8.403	6.078	2.038	118.59	0.999255	0.061	0.011113	-33.075	-33.238
SPBC21C3.11	ubx4	viable	V	2.93	-0.091	0.0	1.957	16.116	38.334	36.377	11.794	1.078	0.647	0.055818	0.339	0.319946	-9.139	-9.301
SPBC21C3.12c	SPBC21C3.12c	viable	V	1.372	0.08	0.0	1.043	8.589	20.43	19.387	6.286	0.505	26.333	0.754726	0.241	0.172278	-13.9	-14.063
SPBC21C3.13	rps1901	viable	V	4.643	0.778	0.586	0.95	3.587	7.724	6.773	2.782	1.708	116.043	0.990347	0.167	0.03459	-19.025	-19.187
SPBC21C3.14c	SPBC21C3.14c	viable	V	0.564	0.071	-0.0	0.488	4.02	9.561	9.073	2.942	0.208	13.749	0.630701	0.137	0.17224	-21.871	-22.033
SPBC21C3.15c	SPBC21C3.15c	viable	V	-0.712	-0.119	-0.0	0.364	3.001	7.138	6.773	2.196	-0.262	-18.189	0.016494	0.492	0.397731	-3.941	-4.104
SPBC21C3.16c	spt4	viable	V	1.294	0.217	1.705	2.07	4.706	8.843	6.773	3.901	0.476	30.921	0.779362	0.278	0.160959	-11.931	-12.093
SPBC21C3.17c	psg1	viable	V	0.45	0.014	0.0	1.957	16.116	38.334	36.377	11.794	0.166	5.768	0.60336	0.105	0.185193	-25.503	-25.666
SPBC21C3.18	spo4	viable	V	0.4	0.012	0.0	1.957	16.115	38.331	36.374	11.793	0.147	5.121	0.273783	0.118	0.307285	-23.883	-24.045
SPBC21C3.19	rtc3	viable	V	-0.623	-0.104	-0.0	0.364	3.001	7.138	6.773	2.196	-0.229	-15.93	0.630595	0.152	0.198316	-20.346	-20.508
SPBC21C3.20c	git1	viable	V	3.119	0.224	2.79	3.639	9.781	19.418	15.779	7.906	1.148	57.002	0.998194	0.046	0.015309	-36.963	-37.125
SPBC21D10.05c	ucp3	inviable	E	3.943	0.646	0.158	0.531	3.226	7.454	6.923	2.403	1.451	99.87	0.971961	0.236	0.054701	-14.187	-14.349
SPBC21D10.06c	map4	viable	Not_determined	-0.683	-0.03	0.545	1.93	11.946	27.663	25.733	8.888	-0.251	-10.894	0.352384	0.268	0.328709	-12.457	-12.62
SPBC21D10.07	cmc2	viable	V	0.623	0.104	0.438	0.802	3.439	7.576	6.773	2.634	0.229	15.674	0.770332	0.126	0.145093	-23.04	-23.202
SPBC21D10.08c	SPBC21D10.08c	viable	V	-0.252	0.042	12.309	12.674	15.31	19.447	6.773	14.505	-0.093	-2.238	0.054953	0.138	0.322125	-21.773	-21.935
SPBC21D10.09c	rkr1	viable	V	1.156	0.124	-0.0	0.571	4.701	11.181	10.61	3.44	0.425	27.258	0.927304	0.108	0.084037	-25.171	-25.333
SPBC21D10.10	bdc1	viable	V	1.423	0.238	5.189	5.554	8.19	12.327	6.773	7.385	0.524	29.044	0.489798	0.601	0.24721	-1.135	-1.297
SPBC21D10.11c	nfs1	viable	V	4.376	0.733	0.117	0.481	3.117	7.254	6.773	2.313	1.61	111.339	0.992423	0.135	0.029703	-22.047	-22.209
SPBC21D10.12	hob1	viable	V	1.114	0.187	-0.0	0.364	3.001	7.138	6.773	2.196	0.41	28.474	0.719571	0.212	0.150918	-15.704	-15.866
SPBC21H7.02	taf10	inviable	E	4.244	0.493	0.859	1.385	5.187	11.154	9.769	4.026	1.561	98.387	0.992391	0.136	0.032009	-21.891	-22.054
SPBC21H7.03c	SPBC21H7.03c	viable	V	-0.339	-0.057	0.0	0.364	3.001	7.138	6.773	2.196	-0.125	-8.67	0.668979	0.085	0.193396	-28.592	-28.754
SPBC21H7.04	dbp7	viable	V	3.66	0.348	0.258	0.901	5.547	12.839	11.938	4.129	1.347	82.89	0.98295	0.168	0.046187	-18.955	-19.118
SPBC21H7.05	sfc6	inviable	E	4.736	0.441	3.235	3.891	8.635	16.08	12.189	7.187	1.742	92.855	0.995289	0.121	0.025951	-23.534	-23.696
SPBC21H7.06c	opi10	viable	V	-0.528	-0.088	-0.0	0.364	3.001	7.138	6.773	2.196	-0.194	-13.484	0.675253	0.112	0.184123	-24.679	-24.842
SPBC21H7.07c	his5	viable	V	0.046	-0.002	0.0	1.82	14.987	35.648	33.827	10.967	0.017	0.009	-0.078865	0.243	0.326537	-13.828	-13.99
SPBC23E6.01c	cxr1	viable	V	3.453	-0.108	0.0	1.957	16.116	38.334	36.377	11.794	1.27	0.763	0.010984	0.484	0.301117	-4.162	-4.325
SPBC23E6.02	rrp2	viable	V	-0.256	-0.043	0.0	0.364	3.001	7.138	6.773	2.196	-0.094	-6.531	0.55859	0.085	0.229757	-28.51	-28.672
SPBC23E6.03c	nta1	viable	V	-1.0	0.031	-0.0	1.957	16.116	38.334	36.377	11.794	-0.368	-0.221	-0.513519	0.269	0.362468	-12.404	-12.566
SPBC23E6.04c	utp10	inviable	E	4.596	0.77	0.407	0.771	3.408	7.545	6.773	2.603	1.691	115.684	0.995882	0.106	0.022662	-25.374	-25.536
SPBC23E6.05	arx1	viable	V	0.303	0.029	-0.0	0.628	5.173	12.304	11.676	3.786	0.111	6.969	0.333981	0.112	0.282064	-24.652	-24.814
SPBC23E6.06c	rib3	inviable	E	4.651	0.779	0.045	0.41	3.046	7.183	6.773	2.241	1.711	118.648	0.986345	0.193	0.040119	-17.065	-17.227
SPBC23E6.07c	rfc1	inviable	E	4.059	0.527	2.297	2.768	6.172	11.514	8.746	5.133	1.493	90.463	0.998344	0.065	0.016121	-32.348	-32.51
SPBC23E6.08	rgp1	viable	V	3.704	0.467	5.19	5.674	9.175	14.668	8.994	8.106	1.363	71.378	0.981941	0.197	0.052243	-16.773	-16.935
SPBC23E6.09	ssn6	condition-dependent	V	2.948	0.301	0.99	1.588	5.908	12.688	11.1	4.589	1.085	65.965	0.986789	0.124	0.040714	-23.237	-23.399
SPBC23E6.10c	mri1	viable	V	1.555	0.051	1.851	3.695	17.037	37.972	34.277	12.964	0.572	18.714	0.570133	0.318	0.200164	-10.037	-10.199
SPBC23G7.04c	nif1	viable	V	1.631	0.273	1.236	1.6	4.236	8.373	6.773	3.432	0.6	39.725	0.794012	0.314	0.153234	-10.204	-10.367
SPBC23G7.05	sui1	inviable	E	4.633	0.776	0.114	0.479	3.115	7.252	6.773	2.31	1.704	117.885	0.990389	0.161	0.033954	-19.583	-19.745
SPBC23G7.06c	nvj2	viable	V	0.638	0.107	-0.0	0.364	3.001	7.138	6.773	2.196	0.235	16.295	0.777599	0.098	0.14685	-26.505	-26.668
SPBC23G7.07c	cms1	viable	V	0.868	0.145	-0.0	0.364	3.001	7.138	6.773	2.196	0.319	22.185	0.555245	0.254	0.196246	-13.178	-13.341
SPBC23G7.08c	rga7	viable	V	3.507	0.298	4.059	4.777	9.97	18.119	13.342	8.385	1.29	63.88	0.996758	0.075	0.021193	-30.343	-30.505
SPBC23G7.10c	SPBC23G7.10c	viable	V	0.365	0.061	-0.0	0.364	3.001	7.138	6.773	2.196	0.134	9.326	0.073325	0.461	0.344209	-4.834	-4.996
SPBC23G7.11	mag2	viable	V	1.713	0.287	-0.0	0.364	3.001	7.138	6.773	2.196	0.63	43.774	0.538836	0.549	0.196963	-2.407	-2.569
SPBC23G7.12c	rpt6	condition-dependent	V	1.296	0.217	-0.0	0.364	3.001	7.138	6.773	2.196	0.477	33.122	0.781576	0.207	0.145596	-16.028	-16.191
SPBC23G7.13c	SPBC23G7.13c	viable	V	-0.675	-0.113	0.0	0.364	3.001	7.138	6.773	2.196	-0.248	-17.259	0.869725	0.092	0.110241	-27.429	-27.592
SPBC23G7.14	SPBC23G7.14	viable	V	-0.526	-0.088	-0.0	0.364	3.001	7.138	6.773	2.196	-0.193	-13.438	0.218086	0.201	0.298831	-16.475	-16.638
SPBC23G7.15c	rpp202	viable	V	-0.083	0.003	0.0	1.916	15.773	37.517	35.601	11.542	-0.031	-0.018	-0.090663	0.231	0.357229	-14.507	-14.669
SPBC23G7.16	ctr6	viable	V	1.746	0.292	-0.0	0.364	3.001	7.138	6.773	2.196	0.642	44.616	0.754356	0.297	0.150972	-10.977	-11.139
SPBC244.01c	sid4	inviable	E	4.579	0.767	2.782	3.147	5.783	9.92	6.773	4.978	1.684	104.457	0.990721	0.181	0.038062	-17.895	-18.058
SPBC244.02c	utp6	inviable	E	3.831	0.547	-0.0	0.427	3.519	8.369	7.942	2.575	1.409	95.585	0.979412	0.193	0.047875	-17.025	-17.187
SPBC24C6.02	spb4	inviable	E	4.738	0.794	-0.0	0.364	3.001	7.138	6.773	2.196	1.743	121.081	0.963515	0.31	0.065683	-10.407	-10.57
SPBC24C6.03	SPBC24C6.03	inviable	E	3.751	0.628	5.109	5.473	8.11	12.247	6.773	7.305	1.38	76.846	0.961971	0.314	0.07418	-10.207	-10.369
SPBC24C6.04	put2	viable	V	2.914	0.238	2.24	2.987	8.389	16.866	13.879	6.74	1.072	57.524	0.986778	0.121	0.042866	-23.537	-23.699
SPBC24C6.05	sec28	viable	V	0.737	0.123	8.118	8.482	11.119	15.256	6.773	10.314	0.271	12.88	0.907937	0.099	0.108099	-26.359	-26.521
SPBC24C6.06	gpa1	viable	V	1.547	-0.061	0.0	1.547	12.737	30.296	28.749	9.321	0.569	0.27	-0.680881	0.467	0.42046	-4.656	-4.818
SPBC24C6.07	cdc14	inviable	E	4.403	0.614	2.14	2.578	5.747	10.719	8.141	4.78	1.62	100.193	0.995702	0.114	0.025015	-24.375	-24.537
SPBC24C6.08c	bhd1	viable	V	0.347	-0.011	-0.0	1.957	16.116	38.334	36.377	11.794	0.128	0.077	-0.033723	0.152	0.337179	-20.368	-20.53
SPBC24C6.09c	SPBC24C6.09c	viable	V	0.317	0.053	0.157	0.522	3.158	7.295	6.773	2.353	0.117	8.06	0.47968	0.128	0.25086	-22.732	-22.894
SPBC24C6.10c	dip1	viable	V	0.769	0.129	1.926	2.29	4.927	9.064	6.773	4.122	0.283	18.196	0.297699	0.465	0.285719	-4.707	-4.869
SPBC24C6.13	coa6	viable	Not_determined	1.214	0.203	0.25	0.615	3.251	7.388	6.773	2.446	0.447	30.743	0.783614	0.234	0.164932	-14.312	-14.474
SPBC25B2.01	hbs1	viable	V	1.251	0.042	2.221	4.043	17.221	37.9	33.857	13.198	0.46	14.859	0.808085	0.162	0.132749	-19.475	-19.637
SPBC25B2.02c	mam1	viable	V	0.764	0.082	0.0	0.567	4.672	11.114	10.546	3.419	0.281	18.032	0.7329	0.161	0.177561	-19.58	-19.742
SPBC25B2.03	SPBC25B2.03	viable	V	0.715	0.023	-0.0	1.926	15.854	37.71	35.784	11.602	0.263	9.283	0.661365	0.127	0.194251	-22.843	-23.005
SPBC25B2.04c	mtg1	viable	V	0.564	0.03	0.0	1.165	9.591	22.814	21.649	7.019	0.208	10.245	0.935491	0.048	0.091416	-36.648	-36.81
SPBC25B2.05	mis3	inviable	E	3.526	0.574	0.293	0.668	3.383	7.642	6.974	2.554	1.297	88.756	0.989228	0.131	0.035455	-22.421	-22.583
SPBC25B2.06c	btb2	viable	V	0.605	0.101	2.426	2.791	5.427	9.564	6.773	4.622	0.223	14.019	0.828831	0.123	0.138622	-23.311	-23.474
SPBC25B2.07c	mmb1	viable	V	0.637	0.107	-0.0	0.364	3.001	7.138	6.773	2.196	0.234	16.283	-0.193166	0.601	0.364466	-1.128	-1.29
SPBC25B2.08	SPBC25B2.08	viable	V	0.221	0.037	0.0	0.364	3.001	7.138	6.773	2.196	0.081	5.652	0.47944	0.08	0.226348	-29.378	-29.54
SPBC25B2.09c	msr1	inviable	E	4.597	0.77	-0.0	0.364	3.001	7.138	6.773	2.196	1.691	117.478	0.988326	0.174	0.037014	-18.487	-18.65
SPBC25B2.10	SPBC25B2.10	viable	V	1.354	0.112	-0.0	0.741	6.098	14.505	13.765	4.463	0.498	29.728	0.903639	0.15	0.098326	-20.601	-20.764
SPBC25B2.11	pof2	viable	V	0.673	0.113	0.0	0.365	3.001	7.138	6.773	2.196	0.248	17.207	0.730849	0.147	0.17686	-20.879	-21.041
SPBC25D12.02c	dnt1	viable	V	2.838	0.167	1.394	2.434	9.957	21.762	19.329	7.66	1.044	50.907	0.991332	0.087	0.031404	-28.233	-28.396
SPBC25D12.03c	mcm7	inviable	E	4.606	0.772	-0.0	0.364	3.001	7.138	6.773	2.196	1.695	117.713	0.981986	0.215	0.046422	-15.506	-15.668
SPBC25D12.04	suc22	inviable	E	4.74	0.794	0.215	0.58	3.216	7.353	6.773	2.411	1.744	120.168	0.987832	0.186	0.038266	-17.516	-17.678
SPBC25D12.05	trm1	viable	V	1.137	0.19	2.325	2.689	5.325	9.462	6.773	4.521	0.418	26.453	0.797662	0.223	0.15326	-15.018	-15.181
SPBC25D12.06	mrh5	viable	V	1.237	0.062	1.655	2.865	11.622	25.362	22.497	8.949	0.455	20.163	0.974438	0.064	0.054337	-32.447	-32.609
SPBC25H2.02	trs1	inviable	E	4.722	0.791	-0.0	0.364	3.001	7.138	6.773	2.196	1.737	120.673	0.979688	0.236	0.04778	-14.196	-14.358
SPBC25H2.03	vac14	viable	V	0.326	0.036	0.0	0.555	4.573	10.877	10.321	3.346	0.12	7.734	0.735325	0.076	0.175899	-30.048	-30.21
SPBC25H2.05	egd2	viable	V	-0.408	-0.068	3.738	4.103	6.739	10.876	6.773	5.934	-0.15	-8.924	0.317304	0.31	0.280929	-10.377	-10.54
SPBC25H2.06c	hrf1	inviable	E	4.988	0.836	-0.0	0.364	3.001	7.138	6.773	2.196	1.835	127.467	0.992289	0.154	0.030934	-20.204	-20.366
SPBC25H2.07	tif11	inviable	E	4.399	0.737	-0.0	0.364	3.001	7.138	6.773	2.196	1.618	112.415	0.985133	0.188	0.041278	-17.409	-17.572
SPBC25H2.08c	mrs2	viable	V	1.751	0.064	2.983	4.653	16.727	35.673	31.02	13.04	0.644	21.191	0.928042	0.133	0.087245	-22.294	-22.456
SPBC25H2.09	mic19	viable	V	0.495	0.016	1.179	3.065	16.703	38.103	35.039	12.539	0.182	6.103	0.854028	0.062	0.122754	-32.875	-33.038
SPBC25H2.10c	tan1	viable	V	0.094	-0.016	-0.0	0.364	3.001	7.138	6.773	2.196	0.035	0.004	-0.004345	0.167	0.310461	-19.08	-19.243
SPBC25H2.11c	spt7	viable	V	2.552	0.268	6.238	6.819	11.021	17.615	10.796	9.738	0.939	44.183	0.995485	0.066	0.026261	-32.144	-32.306
SPBC25H2.12c	cct7	inviable	E	3.637	0.609	-0.0	0.364	3.001	7.138	6.773	2.196	1.338	92.938	0.97026	0.215	0.055593	-15.499	-15.662
SPBC25H2.13c	cdc20	inviable	E	4.115	0.689	-0.0	0.364	3.001	7.138	6.773	2.196	1.514	105.161	0.992185	0.127	0.03062	-22.879	-23.041
SPBC25H2.14	mug16	viable	V	0.911	0.11	-0.0	0.504	4.15	9.871	9.367	3.037	0.335	22.057	0.794032	0.152	0.161558	-20.372	-20.534
SPBC25H2.15	tsr401	viable	V	4.407	0.344	-0.0	0.782	6.435	15.306	14.524	4.709	1.621	95.06	0.927721	0.416	0.093198	-6.265	-6.428
SPBC25H2.16c	gga22	viable	V	0.907	0.108	0.0	0.515	4.242	10.09	9.575	3.104	0.334	21.869	0.621554	0.249	0.184574	-13.465	-13.627
SPBC25H2.18	cox20	viable	Not_determined	1.672	0.054	0.998	2.894	16.613	38.139	35.245	12.425	0.615	20.739	0.858938	0.172	0.123893	-18.647	-18.809
SPBC26H8.01	thi2	viable	V	0.353	0.059	0.0	0.364	3.001	7.138	6.773	2.196	0.13	9.03	0.16023	0.271	0.280205	-12.267	-12.429
SPBC26H8.02c	sec9	inviable	E	4.427	0.34	1.268	2.064	7.82	16.853	14.789	6.063	1.629	89.587	0.983459	0.202	0.045583	-16.404	-16.566
SPBC26H8.03	cho2	viable	V	1.05	0.176	0.41	0.775	3.411	7.548	6.773	2.606	0.386	26.425	0.256209	0.768	0.283054	2.308	2.146
SPBC26H8.04c	iml1	viable	V	4.039	0.399	1.337	1.955	6.426	13.442	11.487	5.061	1.486	88.198	0.99643	0.089	0.022088	-27.883	-28.045
SPBC26H8.05c	pph3	viable	V	-1.0	-0.041	0.0	1.494	12.297	29.251	27.757	8.999	-0.368	-15.64	0.703977	0.201	0.167374	-16.438	-16.6
SPBC26H8.06	grx4	condition-dependent	E	5.159	0.661	0.803	1.28	4.726	10.135	8.855	3.674	1.898	122.311	0.994052	0.147	0.02848	-20.89	-21.052
SPBC26H8.07c	nda3	inviable	E	3.988	0.664	-0.0	0.366	3.017	7.176	6.81	2.208	1.467	101.83	0.979375	0.201	0.048863	-16.43	-16.592
SPBC26H8.08c	grn1	viable	V	4.681	0.658	0.157	0.591	3.731	8.66	8.069	2.773	1.722	115.782	0.983445	0.215	0.044064	-15.497	-15.66
SPBC26H8.09c	snf59	viable	V	0.385	0.065	5.312	5.676	8.312	12.449	6.773	7.508	0.142	7.816	0.551646	0.175	0.211234	-18.409	-18.572
SPBC26H8.10	dis3	inviable	E	4.01	0.672	-0.0	0.364	3.001	7.138	6.773	2.196	1.475	102.473	0.981522	0.19	0.046178	-17.215	-17.377
SPBC26H8.11c	the4	viable	V	0.589	0.083	-0.0	0.435	3.585	8.527	8.092	2.623	0.217	14.648	0.456876	0.211	0.241389	-15.8	-15.963
SPBC26H8.14c	cox17	viable	V	1.024	0.073	1.967	2.82	8.99	18.671	15.851	7.106	0.377	19.489	0.940867	0.095	0.081823	-26.955	-27.117
SPBC26H8.16	sdh8	viable	Not_determined	0.299	0.05	0.0	0.364	3.001	7.138	6.773	2.196	0.11	7.633	0.436425	0.114	0.224897	-24.454	-24.617
SPBC27.01c	pga2	inviable	E	3.934	0.659	0.068	0.432	3.069	7.206	6.773	2.264	1.447	100.285	0.93436	0.369	0.085264	-7.953	-8.116
SPBC27.03	meu25	viable	V	0.221	0.037	-0.0	0.364	3.001	7.138	6.773	2.196	0.081	5.659	0.235336	0.125	0.259434	-23.165	-23.327
SPBC27.04	uds1	viable	V	-1.0	0.031	0.0	1.957	16.116	38.334	36.377	11.794	-0.368	-0.221	-0.658233	0.238	0.443682	-14.082	-14.244
SPBC27.05	SPBC27.05	unknown	Not_determined	0.621	0.104	0.059	0.423	3.059	7.196	6.773	2.255	0.228	15.835	0.256619	0.394	0.301013	-7.039	-7.201
SPBC27.06c	mgr2	viable	V	5.096	0.534	1.221	1.804	6.02	12.635	10.831	4.733	1.875	113.562	0.987245	0.214	0.03999	-15.599	-15.761
SPBC27.08c	sua1	viable	V	1.155	0.193	0.802	1.167	3.803	7.94	6.773	2.998	0.425	28.614	0.747758	0.261	0.18436	-12.822	-12.984
SPBC27B12.01c	mmm1	inviable	E	3.508	0.588	1.926	2.291	4.927	9.064	6.773	4.122	1.29	83.02	0.996172	0.087	0.024321	-28.241	-28.403
SPBC27B12.02	mis19	inviable	E	4.424	0.499	6.524	7.066	10.983	17.13	10.064	9.787	1.627	76.961	0.993357	0.141	0.032554	-21.42	-21.583
SPBC27B12.03c	erg32	viable	V	0.317	0.053	0.0	0.364	3.001	7.138	6.773	2.196	0.117	8.103	0.734686	0.063	0.148565	-32.707	-32.869
SPBC27B12.04c	csc2	viable	V	0.71	0.119	-0.0	0.364	3.001	7.138	6.773	2.196	0.261	18.138	0.458327	0.235	0.23856	-14.304	-14.466
SPBC27B12.05	crt10	viable	V	0.124	-0.021	-0.0	0.364	3.001	7.138	6.773	2.196	0.045	0.005	-0.026462	0.19	0.326992	-17.276	-17.438
SPBC27B12.06	gpi13	inviable	E	4.307	0.722	1.606	1.97	4.606	8.743	6.773	3.802	1.585	103.324	0.998475	0.065	0.015005	-32.206	-32.368
SPBC27B12.07	SPBC27B12.07	viable	V	0.684	0.078	1.085	1.619	5.489	11.56	9.94	4.307	0.252	15.642	0.887481	0.093	0.110116	-27.262	-27.424
SPBC27B12.08	sip1	viable	V	4.15	0.466	1.263	1.806	5.735	11.901	10.095	4.536	1.527	93.893	0.993591	0.124	0.030329	-23.281	-23.443
SPBC27B12.09c	flx1	viable	V	4.059	0.417	2.864	3.459	7.757	14.502	11.044	6.445	1.493	83.427	0.995289	0.106	0.026577	-25.443	-25.605
SPBC27B12.10c	tom7	viable	V	1.139	0.15	3.711	4.175	7.532	12.798	8.623	6.507	0.419	23.847	0.960919	0.097	0.07627	-26.638	-26.801
SPBC27B12.11c	pho7	viable	V	1.722	0.111	0.089	1.033	7.855	18.561	17.528	5.772	0.633	34.435	0.981578	0.078	0.046418	-29.718	-29.88
SPBC27B12.13	tom40	inviable	E	3.687	0.618	-0.0	0.364	3.001	7.138	6.773	2.196	1.356	94.222	0.931718	0.328	0.08115	-9.596	-9.758
SPBC27B12.14	cbp4	viable	Not_determined	0.692	0.022	0.0	1.957	16.116	38.334	36.377	11.794	0.255	8.869	0.863813	0.072	0.122767	-30.775	-30.937
SPBC28E12.02	SPBC28E12.02	viable	V	0.381	0.064	-0.0	0.364	3.001	7.138	6.773	2.196	0.14	9.73	0.170988	0.218	0.310497	-15.348	-15.51
SPBC28E12.03	rga4	viable	V	0.708	0.119	0.442	0.807	3.443	7.58	6.773	2.638	0.26	17.784	0.88453	0.094	0.107787	-27.088	-27.25
SPBC28E12.04	cbp7	viable	V	1.006	0.114	0.3	0.838	4.725	10.825	9.987	3.538	0.37	23.742	0.924644	0.103	0.10205	-25.854	-26.017
SPBC28E12.05	esf2	inviable	E	4.384	0.734	0.416	0.78	3.417	7.554	6.773	2.612	1.613	110.288	0.9628	0.31	0.06412	-10.378	-10.541
SPBC28E12.06c	lvs1	viable	V	1.09	0.183	0.074	0.439	3.075	7.212	6.773	2.27	0.401	27.788	0.96713	0.072	0.061923	-30.929	-31.091
SPBC28F2.02	mep33	viable	V	0.426	0.071	0.0	0.365	3.001	7.138	6.773	2.196	0.157	10.897	0.153784	0.376	0.319171	-7.683	-7.845
SPBC28F2.04c	cwf7	inviable	E	2.898	0.485	-0.0	0.364	3.001	7.138	6.773	2.196	1.066	74.055	0.972149	0.17	0.060997	-18.817	-18.98
SPBC28F2.05c	SPBC28F2.05c	viable	V	0.156	0.026	0.0	0.364	3.001	7.138	6.773	2.196	0.057	3.983	0.034638	0.235	0.295443	-14.299	-14.462
SPBC28F2.06c	mdm12	inviable	E	3.179	0.533	1.936	2.301	4.937	9.074	6.773	4.132	1.169	75.205	0.974871	0.2	0.060715	-16.499	-16.661
SPBC28F2.07	sfr1	viable	V	0.903	0.029	0.0	1.921	15.819	37.626	35.705	11.576	0.332	11.743	0.895461	0.07	0.097725	-31.235	-31.398
SPBC28F2.08c	hrd3	viable	V	0.315	0.053	-0.0	0.364	3.001	7.138	6.773	2.196	0.116	8.049	0.634464	0.072	0.163246	-30.742	-30.904
SPBC28F2.09	toa1	inviable	E	4.219	0.706	1.047	1.412	4.05	8.189	6.777	3.244	1.552	103.532	0.997768	0.075	0.017618	-30.32	-30.482
SPBC28F2.10c	ngg1	viable	V	2.266	0.139	0.965	1.959	9.146	20.423	18.465	6.952	0.834	42.471	0.983986	0.096	0.042171	-26.767	-26.93
SPBC28F2.11	hmo1	viable	V	0.383	0.064	-0.0	0.364	3.001	7.138	6.773	2.196	0.141	9.789	0.196489	0.17	0.321753	-18.843	-19.006
SPBC28F2.12	rpb1	inviable	E	4.687	0.785	0.398	0.763	3.399	7.536	6.773	2.594	1.724	118.004	0.995228	0.117	0.0245	-24.072	-24.234
SPBC29A10.01	ccr1	viable	V	3.226	0.156	0.191	1.457	10.615	24.986	23.528	7.82	1.187	55.39	0.979971	0.14	0.045026	-21.563	-21.725
SPBC29A10.02	spo5	viable	V	1.118	0.187	-0.0	0.364	3.001	7.138	6.773	2.196	0.411	28.561	0.451833	0.347	0.237795	-8.801	-8.963
SPBC29A10.03c	pcf1	viable	V	0.529	0.029	0.049	1.149	9.102	21.583	20.434	6.674	0.195	9.872	0.773974	0.102	0.169471	-26.026	-26.188
SPBC29A10.04	psm1	inviable	E	4.047	0.596	0.941	1.356	4.354	9.058	7.703	3.438	1.489	97.818	0.998621	0.056	0.013811	-34.36	-34.522
SPBC29A10.05	exo1	viable	V	1.372	0.097	1.23	2.091	8.325	18.106	16.014	6.422	0.505	26.986	0.991278	0.045	0.033713	-37.561	-37.723
SPBC29A10.06c	ely5	viable	V	0.31	0.052	4.996	5.361	7.997	12.134	6.773	7.192	0.114	6.387	0.45393	0.187	0.26795	-17.451	-17.613
SPBC29A10.07	pom152	viable	V	0.497	0.03	0.0	1.001	8.245	19.611	18.61	6.034	0.183	9.731	0.806017	0.073	0.131638	-30.707	-30.869
SPBC29A10.08	gas2	viable	V	-0.314	0.053	15.91	16.275	18.911	23.048	6.773	18.106	-0.116	-3.91	0.279492	0.158	0.283421	-19.844	-20.006
SPBC29A10.09c	tri1	viable	V	0.807	0.063	-0.0	0.778	6.403	15.229	14.452	4.685	0.297	17.434	0.766398	0.133	0.164713	-22.234	-22.397
SPBC29A10.10c	dbl8	viable	V	0.888	0.055	3.029	4.021	11.202	22.47	18.449	9.01	0.327	14.912	0.991748	0.028	0.033081	-43.883	-44.046
SPBC29A10.11c	muk1	viable	V	1.199	0.201	-0.0	0.364	3.001	7.138	6.773	2.196	0.441	30.645	0.286225	0.424	0.284099	-6.007	-6.169
SPBC29A10.12	oxs1	viable	V	0.112	0.019	0.0	0.364	3.001	7.138	6.773	2.196	0.041	2.856	0.078117	0.151	0.292771	-20.46	-20.622
SPBC29A10.13	atp7	viable	V	2.405	0.159	0.088	1.014	7.706	18.209	17.195	5.663	0.885	48.496	0.816496	0.378	0.139617	-7.638	-7.8
SPBC29A10.14	rec8	viable	V	0.993	0.148	7.423	7.833	10.795	15.444	7.611	9.891	0.365	17.621	0.94408	0.108	0.085818	-25.209	-25.371
SPBC29A10.15	orc1	inviable	E	3.526	0.272	-0.0	0.793	6.527	15.526	14.733	4.777	1.297	75.694	0.921265	0.344	0.097567	-8.923	-9.085
SPBC29A10.16c	cyb502	viable	V	4.504	0.575	3.376	3.854	7.313	12.74	8.886	6.257	1.657	95.208	0.999235	0.05	0.011345	-35.842	-36.005
SPBC29A10.17	lam1	viable	Not_determined	3.62	0.531	0.671	1.087	4.1	8.826	7.739	3.18	1.332	88.389	0.996884	0.074	0.020095	-30.419	-30.582
SPBC29A3.01	ccc2	viable	V	0.682	0.114	7.056	7.42	10.057	14.194	6.773	9.252	0.251	12.643	0.59439	0.297	0.196622	-10.973	-11.136
SPBC29A3.02c	his7	viable	V	0.436	0.025	0.0	1.05	8.647	20.568	19.518	6.328	0.16	8.334	0.870172	0.049	0.108634	-36.318	-36.481
SPBC29A3.03c	gid2	viable	V	0.313	0.052	6.205	6.57	9.206	13.343	6.773	8.401	0.115	6.073	0.119918	0.461	0.282817	-4.85	-5.012
SPBC29A3.04	rpl8	inviable	E	2.392	0.401	0.244	0.609	3.245	7.382	6.773	2.44	0.88	60.568	0.969093	0.154	0.066737	-20.225	-20.387
SPBC29A3.05	vps71	viable	V	1.557	0.109	4.625	5.497	11.81	21.716	16.219	9.883	0.573	25.347	0.915006	0.172	0.102563	-18.669	-18.831
SPBC29A3.06	utp18	inviable	E	4.23	0.706	0.33	0.696	3.344	7.498	6.802	2.536	1.556	106.722	0.974118	0.247	0.052275	-13.589	-13.751
SPBC29A3.07c	sap14	viable	V	1.944	0.064	1.68	3.535	16.952	38.005	34.471	12.856	0.715	23.543	0.720008	0.3	0.180065	-10.873	-11.035
SPBC29A3.08	pof4	viable	V	0.881	0.099	6.341	6.882	10.798	16.943	10.062	9.603	0.324	15.487	0.744436	0.184	0.169769	-17.684	-17.847
SPBC29A3.09c	gcn20	viable	V	0.918	0.057	7.251	8.24	15.39	26.609	18.369	13.207	0.338	11.766	0.863789	0.134	0.121716	-22.1	-22.262
SPBC29A3.10c	atp14	viable	V	3.995	0.669	-0.0	0.364	3.001	7.138	6.773	2.196	1.47	102.098	0.968978	0.244	0.063674	-13.767	-13.929
SPBC29A3.11c	ort1	viable	V	0.698	0.117	1.007	1.372	4.008	8.145	6.773	3.203	0.257	17.17	0.647115	0.21	0.202641	-15.88	-16.043
SPBC29A3.12	rps902	viable	V	4.541	0.405	0.733	1.417	6.367	14.135	12.718	4.856	1.67	98.962	0.885895	0.568	0.109308	-1.92	-2.082
SPBC29A3.13	pdp1	viable	V	0.753	0.041	2.564	3.674	11.703	24.302	20.628	9.252	0.277	12.244	0.481478	0.277	0.259027	-11.977	-12.14
SPBC29A3.14c	trt1	viable	V	0.564	0.094	1.991	2.356	4.992	9.129	6.773	4.187	0.207	13.307	0.93851	0.06	0.093755	-33.475	-33.637
SPBC29A3.15c	rsm23	inviable	E	4.688	0.585	3.66	4.149	7.688	13.242	9.092	6.608	1.725	97.284	0.995222	0.129	0.027823	-22.64	-22.802
SPBC29A3.16	rrs1	inviable	E	4.832	0.538	0.538	1.086	5.055	11.283	10.197	3.844	1.778	112.464	0.955142	0.375	0.071083	-7.744	-7.906
SPBC29A3.17	gef3	viable	V	0.196	0.033	2.672	3.037	5.673	9.81	6.773	4.868	0.072	4.484	0.273885	0.207	0.267619	-16.059	-16.222
SPBC29A3.18	cyt1	viable	V	1.339	0.096	0.73	1.583	7.752	17.432	15.849	5.868	0.493	27.087	0.968053	0.084	0.060789	-28.615	-28.777
SPBC29A3.21	SPBC29A3.21	viable	V	-1.0	0.031	0.0	1.957	16.115	38.33	36.373	11.793	-0.368	-0.221	-1.22036	0.32	0.600932	-9.965	-10.128
SPBC29B5.01	atf1	viable	V	2.198	0.276	-0.0	0.486	4.003	9.522	9.036	2.929	0.809	53.603	0.796632	0.35	0.148623	-8.691	-8.854
SPBC29B5.02c	isp4	viable	V	0.119	-0.02	-0.0	0.364	3.001	7.138	6.773	2.196	0.044	0.005	-0.014151	0.423	0.308474	-6.048	-6.21
SPBC29B5.04c	app1	viable	V	1.206	0.048	0.91	2.458	13.657	31.229	28.771	10.238	0.444	17.504	0.983665	0.045	0.041516	-37.479	-37.641
SPBC2A9.02	SPBC2A9.02	viable	V	1.165	0.195	-0.0	0.364	3.001	7.138	6.773	2.196	0.428	29.76	0.175277	0.565	0.347085	-1.983	-2.145
SPBC2A9.03	SPBC2A9.03	viable	V	0.142	0.024	0.0	0.364	3.001	7.138	6.773	2.196	0.052	3.629	0.050278	0.219	0.300347	-15.284	-15.446
SPBC2A9.04c	san1	viable	V	0.447	0.075	7.52	7.884	10.521	14.658	6.773	9.716	0.164	8.079	0.798566	0.119	0.160875	-23.833	-23.995
SPBC2A9.05c	tvp23	viable	V	0.787	0.028	0.0	1.732	14.261	33.921	32.189	10.436	0.289	11.081	0.641956	0.153	0.22709	-20.298	-20.46
SPBC2A9.06c	nus1	condition-dependent	V	4.727	0.709	1.057	1.465	4.41	9.032	7.567	3.511	1.739	114.043	0.993855	0.139	0.029072	-21.624	-21.786
SPBC2A9.07c	hpz1	viable	V	0.29	0.049	-0.0	0.364	3.001	7.138	6.773	2.196	0.107	7.404	0.007702	0.339	0.309536	-9.147	-9.309
SPBC2A9.08c	sec22	inviable	E	3.756	0.629	0.575	0.939	3.576	7.713	6.773	2.771	1.382	93.921	0.944648	0.331	0.080062	-9.463	-9.625
SPBC2A9.09	plp2	inviable	E	3.708	0.256	2.712	3.596	9.987	20.015	16.419	8.036	1.364	66.903	0.995508	0.088	0.023715	-28.089	-28.251
SPBC2A9.10	bmc1	viable	E	0.517	0.087	0.19	0.555	3.191	7.328	6.773	2.386	0.19	13.113	0.641306	0.143	0.200721	-21.237	-21.4
SPBC2A9.11c	iss9	viable	V	0.88	0.059	-0.0	0.912	7.505	17.851	16.94	5.492	0.324	17.931	0.968651	0.05	0.057892	-35.903	-36.065
SPBC2A9.12	orc6	inviable	E	5.084	0.661	2.346	2.816	6.213	11.545	8.729	5.176	1.87	113.114	0.991766	0.182	0.035289	-17.835	-17.997
SPBC2A9.13	SPBC2A9.13	viable	V	-0.769	-0.129	0.441	0.806	3.442	7.579	6.773	2.637	-0.283	-19.335	0.564412	0.247	0.22565	-13.559	-13.722
SPBC2A9.14	SPBC2A9.14	viable	Not_determined	0.151	0.023	0.0	0.396	3.262	7.759	7.362	2.387	0.056	3.817	0.059378	0.2	0.318925	-16.535	-16.697
SPBC2D10.03c	ess1	viable	V	0.677	0.113	5.344	5.708	8.345	12.482	6.773	7.54	0.249	13.704	0.479859	0.298	0.265308	-10.94	-11.102
SPBC2D10.04	aly2	viable	V	0.73	0.084	-0.0	0.532	4.376	10.409	9.878	3.203	0.269	17.492	0.744909	0.137	0.148689	-21.789	-21.951
SPBC2D10.05	exg3	viable	V	0.473	0.079	9.07	9.434	12.071	16.208	6.773	11.266	0.174	7.817	0.67769	0.162	0.208599	-19.457	-19.619
SPBC2D10.06	rep1	viable	V	-0.918	-0.035	0.0	1.599	13.16	31.302	29.703	9.631	-0.338	-13.7	0.911758	0.082	0.099484	-29.002	-29.164
SPBC2D10.07c	mmp1	viable	V	1.543	0.088	4.414	5.486	13.24	25.408	19.922	10.873	0.568	22.884	0.988266	0.056	0.036535	-34.333	-34.496
SPBC2D10.08c	yml6	inviable	E	3.771	0.461	3.214	3.714	7.328	13.0	9.286	6.225	1.387	79.557	0.994894	0.106	0.028407	-25.426	-25.588
SPBC2D10.09	snr1	viable	V	-0.048	0.002	0.0	1.938	15.954	37.948	36.01	11.675	-0.018	-0.011	-0.295568	0.124	0.358999	-23.201	-23.363
SPBC2D10.10c	fib1	viable	V	4.079	0.683	-0.0	0.364	3.001	7.138	6.773	2.196	1.501	104.238	0.962747	0.268	0.066555	-12.458	-12.621
SPBC2D10.11c	nap2	condition-dependent	V	0.546	0.091	-0.0	0.364	3.001	7.138	6.773	2.196	0.201	13.949	0.725332	0.112	0.155091	-24.653	-24.815
SPBC2D10.12	rhp23	viable	V	0.243	0.017	-0.0	0.898	7.395	17.589	16.691	5.411	0.089	4.985	0.081559	0.165	0.303511	-19.19	-19.353
SPBC2D10.13	est1	viable	V	1.439	0.241	-0.0	0.364	3.001	7.138	6.773	2.196	0.529	36.776	0.93912	0.124	0.081483	-23.214	-23.376
SPBC2D10.14c	myo51	viable	V	0.545	0.083	0.0	0.399	3.288	7.82	7.42	2.406	0.2	13.738	0.942121	0.049	0.079941	-36.176	-36.339
SPBC2D10.15c	pth1	viable	V	-0.042	0.007	-0.0	0.364	3.0	7.136	6.771	2.195	-0.015	-0.002	-0.268445	0.14	0.336703	-21.519	-21.681
SPBC2D10.16	mhf1	viable	V	5.74	0.323	4.589	5.674	13.527	25.849	20.175	11.129	2.112	83.601	0.998132	0.08	0.014751	-29.444	-29.606
SPBC2D10.17	clr1	viable	V	0.982	0.164	11.767	12.131	14.768	18.905	6.773	13.963	0.361	13.581	0.984748	0.049	0.045256	-36.363	-36.525
SPBC2D10.18	coq8	condition-dependent	V	2.117	0.166	4.351	5.132	10.777	19.636	14.504	9.054	0.779	36.737	0.98285	0.101	0.047566	-26.112	-26.275
SPBC2D10.19c	alb1	viable	V	2.168	-0.068	0.0	1.946	16.018	38.101	36.156	11.722	0.798	0.476	0.014723	0.47	0.30218	-4.565	-4.727
SPBC2D10.20	ubc1	viable	V	0.493	0.083	1.502	1.867	4.503	8.64	6.773	3.698	0.181	11.875	0.874676	0.077	0.128417	-29.98	-30.142
SPBC2F12.02c	mrpl7	inviable	E	3.838	0.643	3.929	4.293	6.93	11.066	6.773	6.125	1.412	83.163	0.976693	0.254	0.06462	-13.195	-13.358
SPBC2F12.03c	esl1	viable	V	1.027	0.036	0.0	1.738	14.308	34.033	32.295	10.47	0.378	14.425	0.971385	0.046	0.052183	-37.259	-37.422
SPBC2F12.04	rpl1701	viable	V	2.979	0.499	0.029	0.394	3.03	7.167	6.773	2.225	1.096	76.052	0.847122	0.443	0.121253	-5.389	-5.551
SPBC2F12.05c	osh2	viable	V	0.515	0.038	-0.0	0.821	6.758	16.074	15.253	4.945	0.189	10.91	0.745712	0.096	0.154392	-26.803	-26.965
SPBC2F12.08c	ceg1	inviable	E	4.509	0.59	1.896	2.363	5.737	11.031	8.668	4.707	1.659	102.472	0.98624	0.205	0.043618	-16.165	-16.328
SPBC2F12.09c	atf21	viable	V	1.523	0.255	-0.0	0.364	3.001	7.138	6.773	2.196	0.56	38.921	0.639296	0.382	0.190845	-7.47	-7.632
SPBC2F12.10	mrpl35	inviable	E	6.48	0.764	4.383	4.901	8.646	14.524	9.623	7.503	2.384	128.042	0.995901	0.166	0.024985	-19.173	-19.335
SPBC2F12.11c	rep2	viable	V	2.562	0.152	2.835	3.867	11.327	23.034	19.167	9.05	0.943	42.663	0.787551	0.428	0.181624	-5.89	-6.052
SPBC2F12.12c	cay1	viable	V	4.213	0.283	3.372	4.282	10.868	21.201	16.919	8.857	1.55	72.317	0.996893	0.081	0.019909	-29.12	-29.282
SPBC2F12.13	klp5	viable	V	0.536	0.028	1.374	2.561	11.151	24.63	22.068	8.529	0.197	8.974	0.851695	0.079	0.148762	-29.59	-29.753
SPBC2F12.14c	gua1	inviable	E	4.709	0.789	-0.0	0.364	3.001	7.138	6.773	2.196	1.732	120.346	0.967842	0.285	0.061903	-11.574	-11.736
SPBC2F12.15c	pfa3	viable	V	-0.44	-0.074	2.828	3.193	5.829	9.966	6.773	5.024	-0.162	-10.023	0.622778	0.175	0.199112	-18.4	-18.562
SPBC2F12.17	cox7	unknown	Not_determined	0.398	0.067	-0.0	0.364	3.001	7.138	6.773	2.196	0.146	10.176	0.340738	0.162	0.245942	-19.497	-19.659
SPBC2G2.01c	liz1	viable	V	2.92	0.274	3.167	3.817	8.517	15.893	12.077	7.082	1.074	57.608	0.99122	0.104	0.035151	-25.648	-25.81
SPBC2G2.02	syj1	viable	V	0.881	0.057	-0.0	0.952	7.841	18.65	17.698	5.738	0.324	17.625	0.58134	0.218	0.208229	-15.311	-15.474
SPBC2G2.03c	sbh1	viable	V	0.879	0.113	9.665	10.138	13.559	18.927	8.789	12.515	0.323	13.102	0.910834	0.097	0.105028	-26.717	-26.879
SPBC2G2.04c	mmf1	inviable	E	4.923	0.825	7.949	8.314	10.95	15.087	6.773	10.145	1.811	86.87	0.985493	0.24	0.049306	-13.967	-14.129
SPBC2G2.05	rpl1603	viable	V	0.778	0.034	1.149	2.557	12.74	28.718	26.162	9.631	0.286	11.88	0.316954	0.338	0.264212	-9.167	-9.329
SPBC2G2.06c	apl1	viable	V	0.493	0.083	5.72	6.084	8.721	12.858	6.773	7.916	0.181	9.791	0.746105	0.134	0.17919	-22.173	-22.335
SPBC2G2.07c	mug178	viable	V	1.221	0.055	-0.0	1.367	11.258	26.777	25.41	8.238	0.449	20.216	0.79176	0.161	0.14638	-19.58	-19.742
SPBC2G2.08	ade9	viable	V	0.527	0.065	11.134	11.632	15.234	20.886	9.254	14.134	0.194	6.96	0.766804	0.114	0.144668	-24.438	-24.6
SPBC2G2.09c	crs1	viable	V	0.258	0.043	-0.0	0.364	3.001	7.138	6.773	2.196	0.095	6.592	0.32231	0.088	0.2477	-28.036	-28.199
SPBC2G2.10c	mug110	viable	V	0.958	0.16	1.684	2.049	4.685	8.822	6.773	3.88	0.352	22.898	0.191595	0.738	0.279493	1.744	1.582
SPBC2G2.11	myr1	inviable	E	3.565	0.597	-0.0	0.364	3.001	7.138	6.773	2.196	1.312	91.11	0.975022	0.198	0.055678	-16.665	-16.828
SPBC2G2.12	hrs1	inviable	E	4.286	0.718	0.102	0.466	3.103	7.24	6.773	2.298	1.577	109.119	0.988316	0.164	0.03807	-19.277	-19.44
SPBC2G2.13c	dcd1	viable	V	2.01	0.188	4.46	5.115	9.847	17.273	12.158	8.402	0.74	36.993	0.985272	0.092	0.04779	-27.382	-27.545
SPBC2G2.14	csi1	viable	V	1.564	0.059	1.534	3.142	14.773	33.025	29.883	11.222	0.575	21.304	0.976972	0.067	0.049175	-31.817	-31.979
SPBC2G2.15c	mrm2	viable	V	0.881	0.027	0.0	1.957	16.116	38.334	36.377	11.794	0.324	11.286	0.880456	0.072	0.10016	-30.852	-31.014
SPBC2G2.16	mpi1	inviable	E	4.209	0.705	0.315	0.68	3.316	7.453	6.773	2.511	1.548	106.297	0.978965	0.222	0.052789	-15.046	-15.208
SPBC2G2.17c	psu2	viable	V	0.688	0.115	-0.0	0.364	3.001	7.138	6.773	2.196	0.253	17.577	0.793377	0.112	0.141002	-24.655	-24.817
SPBC2G5.01	SPBC2G5.01	viable	V	-0.504	-0.084	0.265	0.629	3.266	7.403	6.773	2.461	-0.185	-12.75	0.61617	0.149	0.219442	-20.612	-20.774
SPBC2G5.02c	ckb2	viable	V	0.757	0.071	-0.0	0.647	5.324	12.663	12.016	3.896	0.278	17.289	0.796581	0.113	0.139488	-24.51	-24.672
SPBC2G5.03	ctu1	viable	V	2.922	0.178	1.606	2.61	9.87	21.263	18.654	7.654	1.075	52.739	0.972887	0.159	0.057589	-19.733	-19.896
SPBC2G5.04c	erv41	viable	V	0.72	-0.023	-0.0	1.952	16.076	38.238	36.286	11.764	0.265	0.159	0.028234	0.176	0.310161	-18.284	-18.446
SPBC2G5.05	tkt1	inviable	E	3.542	0.473	0.346	0.803	4.107	9.291	8.489	3.098	1.303	86.206	0.956998	0.271	0.071585	-12.289	-12.451
SPBC2G5.06c	hmt2	condition-dependent	V	1.447	0.074	1.485	2.675	11.286	24.797	22.122	8.657	0.532	24.03	0.992838	0.039	0.028591	-39.327	-39.489
SPBC2G5.07c	rpc25	inviable	E	2.793	0.468	0.923	1.287	3.924	8.061	6.773	3.119	1.028	68.892	0.948833	0.247	0.092705	-13.584	-13.747
SPBC30B4.01c	wsc1	viable	V	-0.209	0.007	-0.0	1.931	15.901	37.821	35.89	11.636	-0.077	-0.046	-0.007172	0.257	0.312971	-13.041	-13.204
SPBC30B4.02c	sqs1	viable	V	1.569	0.263	0.0	0.364	3.001	7.138	6.773	2.196	0.577	40.106	0.724605	0.346	0.189714	-8.865	-9.027
SPBC30B4.03c	ldb1	viable	V	1.47	0.14	2.142	2.784	7.428	14.716	11.933	6.01	0.541	30.597	0.851594	0.22	0.13461	-15.218	-15.38
SPBC30B4.04c	sol1	viable	V	2.613	0.137	0.299	1.46	9.862	23.045	21.585	7.297	0.961	46.816	0.990744	0.079	0.031218	-29.601	-29.763
SPBC30B4.05	kap109	inviable	E	4.192	0.702	0.038	0.402	3.039	7.176	6.773	2.234	1.542	106.963	0.986807	0.171	0.041327	-18.751	-18.914
SPBC30B4.06c	ips1	viable	V	0.597	0.019	0.002	1.956	16.097	38.285	36.329	11.78	0.22	7.658	0.814671	0.073	0.144502	-30.675	-30.837
SPBC30B4.07c	tfb4	inviable	E	3.821	0.483	1.584	2.067	5.56	11.041	8.974	4.494	1.406	87.422	0.996328	0.089	0.022363	-27.913	-28.075
SPBC30B4.08	eri1	viable	V	1.102	0.185	-0.0	0.364	3.001	7.138	6.773	2.196	0.405	28.164	0.763223	0.19	0.146975	-17.269	-17.431
SPBC30B4.09	SPBC30B4.09	viable	Not_determined	-1.0	0.031	0.23	2.173	16.231	38.289	36.116	11.939	-0.368	-0.235	-1.877617	0.217	0.491139	-15.416	-15.579
SPBC30D10.02	ncb2	inviable	E	3.802	0.465	0.897	1.397	5.01	10.68	9.283	3.907	1.399	88.968	0.991955	0.126	0.033174	-22.972	-23.134
SPBC30D10.03c	isn1	viable	V	0.884	0.148	-0.0	0.364	3.001	7.138	6.773	2.196	0.325	22.594	0.696504	0.187	0.175164	-17.454	-17.617
SPBC30D10.04	swi3	viable	V	1.511	0.103	2.026	2.919	9.379	19.517	16.598	7.407	0.556	28.128	0.980191	0.074	0.051466	-30.45	-30.612
SPBC30D10.05c	nre1	viable	V	0.292	0.049	-0.0	0.364	3.001	7.138	6.773	2.196	0.108	7.471	0.286046	0.145	0.302284	-21.054	-21.216
SPBC30D10.06	lsm4	inviable	E	1.928	0.323	1.558	1.923	4.559	8.696	6.773	3.754	0.709	46.35	0.912924	0.242	0.133306	-13.843	-14.005
SPBC30D10.07c	bpl1	inviable	E	4.763	0.634	5.605	6.063	9.383	14.592	8.528	8.37	1.752	90.947	0.996256	0.119	0.024992	-23.838	-24.0
SPBC30D10.08	mgm101	inviable	E	5.124	0.669	9.741	10.209	13.591	18.899	8.69	12.559	1.885	76.256	0.998254	0.082	0.015668	-28.941	-29.103
SPBC30D10.09c	hva22	viable	V	-0.188	-0.016	0.0	0.732	6.029	14.341	13.609	4.412	-0.069	-4.134	-0.014769	0.184	0.332895	-17.718	-17.88
SPBC30D10.10c	tor1	viable	V	2.764	0.171	2.559	3.544	10.67	21.853	18.309	8.495	1.017	47.836	0.99867	0.034	0.012644	-41.455	-41.617
SPBC30D10.11	gpi1	inviable	E	4.06	0.68	-0.0	0.364	3.001	7.138	6.773	2.196	1.494	103.753	0.969174	0.252	0.061415	-13.284	-13.446
SPBC30D10.12c	rsm27	inviable	E	2.595	0.352	4.406	4.855	8.108	13.211	8.355	7.115	0.955	52.892	0.995151	0.074	0.028344	-30.472	-30.634
SPBC30D10.13c	pdb1	viable	V	3.711	0.379	2.994	3.593	7.923	14.717	11.124	6.601	1.365	75.642	0.984403	0.176	0.047739	-18.347	-18.509
SPBC30D10.14	SPBC30D10.14	viable	V	0.76	0.127	3.08	3.444	6.081	10.218	6.773	5.276	0.279	17.106	0.3651	0.539	0.270498	-2.664	-2.826
SPBC30D10.15	naf1	inviable	E	3.632	0.57	0.633	1.022	3.837	8.255	7.232	2.978	1.336	89.764	0.990121	0.133	0.034947	-22.28	-22.442
SPBC30D10.16	pha2	viable	V	0.504	0.053	-0.0	0.579	4.771	11.347	10.768	3.491	0.185	11.83	0.783484	0.095	0.162568	-27.011	-27.173
SPBC30D10.17c	smi1	inviable	E	3.485	0.584	-0.0	0.364	3.001	7.138	6.773	2.196	1.282	89.068	0.972721	0.205	0.06096	-16.202	-16.365
SPBC30D10.18c	rpl102	viable	V	0.697	0.067	0.0	0.632	5.206	12.383	11.75	3.81	0.257	16.027	0.903074	0.078	0.105326	-29.706	-29.869
SPBC30D10.21	mzm1	unknown	Not_determined	0.671	0.112	-0.0	0.364	3.001	7.138	6.773	2.196	0.247	17.147	0.30902	0.244	0.260578	-13.754	-13.916
SPBC317.01	mbx2	viable	V	1.001	0.068	-0.0	0.902	7.428	17.669	16.767	5.436	0.368	20.483	0.582224	0.216	0.191555	-15.462	-15.625
SPBC31A8.01c	rtn1	viable	V	1.106	0.045	7.734	9.22	19.963	36.82	27.601	16.683	0.407	10.312	0.458918	0.319	0.263046	-10.004	-10.166
SPBC31E1.01c	atg2	viable	V	-0.526	0.017	0.0	1.9	15.645	37.214	35.314	11.449	-0.194	-0.113	-1.243326	0.192	0.442026	-17.115	-17.278
SPBC31E1.02c	pmr1	viable	V	1.513	0.047	0.0	1.957	16.116	38.334	36.377	11.794	0.557	19.389	0.811345	0.173	0.136993	-18.561	-18.723
SPBC31E1.03	hub1	inviable	E	5.24	0.878	0.737	1.102	3.738	7.875	6.773	2.933	1.928	130.205	0.987444	0.218	0.040806	-15.311	-15.473
SPBC31E1.04	pep12	condition-dependent	E	3.081	0.516	-0.0	0.364	3.001	7.138	6.773	2.196	1.133	78.733	0.985756	0.127	0.03994	-22.854	-23.016
SPBC31E1.05	gle1	inviable	E	4.223	0.602	0.552	0.981	4.078	8.937	7.957	3.132	1.554	103.123	0.994446	0.115	0.026408	-24.298	-24.46
SPBC31E1.06	bms1	inviable	E	4.174	0.699	0.002	0.366	3.003	7.14	6.773	2.198	1.536	106.658	0.992775	0.125	0.029866	-23.153	-23.316
SPBC31F10.03	ggg1	viable	V	0.531	0.089	-0.0	0.364	3.001	7.138	6.773	2.196	0.196	13.582	0.154203	0.266	0.27676	-12.527	-12.689
SPBC31F10.04c	srb4	inviable	E	3.398	0.301	2.526	3.215	8.204	16.031	12.815	6.681	1.25	67.933	0.999066	0.039	0.011406	-39.548	-39.71
SPBC31F10.05	mug37	viable	V	-1.0	0.031	0.0	1.957	16.116	38.334	36.377	11.794	-0.368	-0.221	-3.609865	0.278	0.641374	-11.936	-12.099
SPBC31F10.06c	sar1	inviable	E	3.844	0.644	0.049	0.413	3.05	7.187	6.773	2.245	1.414	98.055	0.876447	0.512	0.124519	-3.375	-3.537
SPBC31F10.07	lsb5	viable	V	-0.445	0.014	-0.0	1.957	16.116	38.334	36.377	11.794	-0.164	-0.098	-0.606863	0.304	0.411778	-10.656	-10.818
SPBC31F10.08	mde2	viable	V	0.435	0.073	-0.0	0.364	3.001	7.138	6.773	2.196	0.16	11.123	0.056608	0.555	0.276072	-2.252	-2.415
SPBC31F10.09c	med10	viable	V	2.075	0.144	0.0	0.883	7.266	17.283	16.401	5.317	0.763	42.807	0.969886	0.119	0.059884	-23.767	-23.929
SPBC31F10.10c	mub1	viable	V	2.886	0.207	-0.0	0.851	7.008	16.669	15.818	5.128	1.062	60.387	0.972476	0.158	0.05307	-19.852	-20.014
SPBC31F10.11c	cwf4	inviable	E	3.422	0.493	0.108	0.532	3.596	8.406	7.874	2.661	1.259	85.145	0.984868	0.15	0.04214	-20.589	-20.752
SPBC31F10.12	tma20	viable	V	2.518	0.128	0.425	1.624	10.293	23.897	22.273	7.646	0.926	44.073	0.97609	0.12	0.05109	-23.671	-23.833
SPBC31F10.13c	hip1	condition-dependent	V	3.012	0.165	3.577	4.69	12.736	25.363	20.673	10.28	1.108	46.075	0.997901	0.044	0.015681	-37.625	-37.787
SPBC31F10.14c	hip3	condition-dependent	V	2.759	0.185	2.678	3.588	10.166	20.488	16.901	8.158	1.015	49.244	0.998784	0.033	0.012292	-41.667	-41.829
SPBC31F10.16	bch1	viable	V	0.585	0.098	1.555	1.919	4.556	8.693	6.773	3.751	0.215	14.074	0.874137	0.09	0.132227	-27.683	-27.846
SPBC32C12.02	ste11	condition-dependent	E	0.387	0.04	1.292	1.883	6.16	12.872	10.988	4.855	0.142	8.566	0.730482	0.1	0.169761	-26.19	-26.352
SPBC32C12.03c	ppk25	viable	V	0.63	0.106	-0.0	0.364	3.001	7.138	6.773	2.196	0.232	16.095	0.022181	0.575	0.324038	-1.743	-1.906
SPBC32F12.01c	css1	condition-dependent	V	4.015	0.673	-0.0	0.364	3.001	7.138	6.773	2.196	1.477	102.61	0.98574	0.166	0.040879	-19.154	-19.316
SPBC32F12.03c	gpx1	viable	V	0.224	0.038	-0.0	0.364	3.001	7.138	6.773	2.196	0.082	5.73	-0.099042	0.389	0.396932	-7.219	-7.381
SPBC32F12.04	gtb1	inviable	E	4.064	0.681	0.837	1.201	3.838	7.975	6.773	3.033	1.495	100.573	0.983876	0.193	0.04569	-16.995	-17.157
SPBC32F12.05c	cwf12	viable	V	2.305	0.074	-0.0	1.907	15.705	37.356	35.449	11.493	0.848	30.15	0.946927	0.126	0.068575	-23.042	-23.204
SPBC32F12.06	pch1	inviable	E	2.982	0.324	3.724	4.286	8.351	14.73	10.445	7.11	1.097	59.63	0.996041	0.075	0.024823	-30.238	-30.4
SPBC32F12.07c	SPBC32F12.07c	viable	V	-0.024	0.003	0.0	0.435	3.584	8.524	8.089	2.623	-0.009	-0.001	-0.07895	0.205	0.296609	-16.189	-16.352
SPBC32F12.08c	duo1	viable	V	1.444	0.122	4.276	5.0	10.234	18.448	13.448	8.636	0.531	25.907	0.986579	0.065	0.041288	-32.305	-32.468
SPBC32F12.09	rum1	viable	V	0.763	0.128	2.491	2.856	5.492	9.629	6.773	4.687	0.281	17.622	0.296109	0.644	0.281956	-0.155	-0.317
SPBC32F12.10	pgm1	inviable	E	5.349	0.652	0.773	1.274	4.895	10.578	9.304	3.789	1.968	125.749	0.99022	0.194	0.036474	-16.924	-17.086
SPBC32F12.11	tdh1	viable	V	2.849	0.477	-0.0	0.364	3.001	7.138	6.773	2.196	1.048	72.797	0.604801	0.739	0.22255	1.759	1.597
SPBC32F12.12c	SPBC32F12.12c	viable	V	2.009	0.337	-0.0	0.364	3.001	7.138	6.773	2.196	0.739	51.345	0.96444	0.13	0.061499	-22.556	-22.718
SPBC32F12.16	gem7	unknown	Not_determined	6.169	0.702	3.236	3.772	7.651	13.736	9.964	6.467	2.269	127.881	0.991524	0.221	0.036066	-15.161	-15.323
SPBC32H8.01c	SPBC32H8.01c	viable	V	-0.382	0.012	0.0	1.885	15.517	36.908	35.023	11.355	-0.141	-0.081	-4.784784	0.251	0.746425	-13.363	-13.526
SPBC32H8.02c	nep2	viable	V	1.69	0.283	-0.0	0.364	3.001	7.138	6.773	2.196	0.622	43.19	0.667165	0.356	0.175497	-8.477	-8.639
SPBC32H8.03	bem46	viable	V	0.878	0.147	13.327	13.691	16.328	20.465	6.773	15.523	0.323	10.777	0.409757	0.36	0.294113	-8.315	-8.477
SPBC32H8.04c	utp24	inviable	E	5.846	0.739	0.358	0.842	4.337	9.823	8.981	3.27	2.15	140.725	0.991519	0.194	0.032477	-16.962	-17.124
SPBC32H8.05	llp1	viable	V	-1.0	0.031	0.0	1.957	16.116	38.334	36.377	11.794	-0.368	-0.221	-2.058682	0.275	0.632996	-12.056	-12.218
SPBC32H8.06	mug93	viable	V	-0.395	-0.066	0.0	0.364	3.001	7.138	6.773	2.196	-0.145	-10.085	0.388306	0.174	0.302347	-18.494	-18.656
SPBC32H8.07	git5	viable	V	2.262	0.17	4.091	4.905	10.796	20.041	15.135	8.998	0.832	39.157	0.981652	0.109	0.05077	-25.003	-25.166
SPBC32H8.08c	omh5	viable	V	0.486	0.081	-0.0	0.364	3.001	7.138	6.773	2.196	0.179	12.426	0.619854	0.116	0.174824	-24.212	-24.374
SPBC32H8.09	wdr8	viable	V	0.535	0.02	0.0	1.622	13.355	31.765	30.143	9.773	0.197	7.909	0.848069	0.061	0.136888	-33.271	-33.433
SPBC32H8.10	cdk9	inviable	E	3.433	0.393	1.395	1.928	5.782	11.829	9.9	4.605	1.263	77.556	0.991211	0.121	0.035069	-23.597	-23.76
SPBC32H8.11	mei4	viable	V	0.612	0.103	0.204	0.569	3.205	7.342	6.773	2.4	0.225	15.526	0.764544	0.125	0.143349	-23.16	-23.323
SPBC32H8.12c	act1	inviable	E	4.616	0.614	-0.0	0.459	3.78	8.99	8.531	2.766	1.698	113.75	0.971631	0.275	0.057596	-12.058	-12.22
SPBC32H8.13c	mok12	viable	V	0.844	0.039	1.171	2.49	12.03	26.999	24.509	9.118	0.31	13.422	0.832869	0.121	0.140311	-23.59	-23.752
SPBC336.01	fbh1	viable	V	3.63	0.608	2.292	2.657	5.293	9.43	6.773	4.488	1.335	84.581	0.997961	0.066	0.018233	-32.076	-32.238
SPBC336.02	cdh1	inviable	E	4.98	0.834	-0.0	0.364	3.001	7.138	6.773	2.196	1.832	127.257	0.980901	0.239	0.046882	-14.019	-14.181
SPBC336.03	efc25	viable	V	0.638	0.021	1.022	2.917	16.625	38.134	35.218	12.44	0.235	7.906	0.721086	0.106	0.163667	-25.37	-25.532
SPBC336.04	cdc6	inviable	E	3.971	0.665	0.175	0.54	3.176	7.313	6.773	2.371	1.461	100.815	0.992029	0.126	0.031673	-22.952	-23.114
SPBC336.05c	hen1	viable	V	0.544	0.088	-0.0	0.379	3.122	7.427	7.047	2.285	0.2	13.826	0.79574	0.096	0.137494	-26.792	-26.954
SPBC336.06c	rnh1	viable	V	-1.0	0.031	-0.0	1.957	16.116	38.334	36.377	11.794	-0.368	-0.221	-0.406471	0.199	0.38278	-16.572	-16.734
SPBC336.07	sfc3	inviable	E	4.609	0.644	0.308	0.745	3.907	8.869	8.124	2.942	1.696	113.217	0.995751	0.108	0.023163	-25.178	-25.341
SPBC336.08	spc24	inviable	E	4.277	0.637	1.14	1.55	4.514	9.164	7.614	3.609	1.574	102.736	0.974848	0.258	0.057998	-12.946	-13.109
SPBC336.09c	rrn7	inviable	E	3.808	0.606	0.926	1.309	4.085	8.441	7.132	3.238	1.401	93.202	0.98649	0.165	0.041788	-19.195	-19.357
SPBC336.10c	tif512	viable	V	0.507	0.085	-0.0	0.364	3.001	7.138	6.773	2.196	0.186	12.947	-0.093778	0.754	0.376054	2.054	1.891
SPBC336.11	vps52	inviable	E	3.32	0.556	2.497	2.862	5.498	9.635	6.773	4.693	1.222	76.695	0.988896	0.143	0.041026	-21.187	-21.349
SPBC336.12c	cdc10	inviable	E	2.363	0.396	0.319	0.683	3.32	7.457	6.773	2.515	0.869	59.663	0.992461	0.074	0.029971	-30.509	-30.671
SPBC336.13c	mmp2	viable	V	0.948	0.048	0.0	1.202	9.893	23.531	22.329	7.239	0.349	16.924	0.732127	0.177	0.185754	-18.241	-18.403
SPBC336.14c	ppk26	viable	V	1.377	0.096	0.76	1.631	7.934	17.824	16.193	6.01	0.506	27.572	0.987386	0.053	0.040106	-35.108	-35.271
SPBC336.15	pic1	inviable	E	3.857	0.592	0.956	1.354	4.231	8.746	7.392	3.353	1.419	93.782	0.981149	0.199	0.050079	-16.626	-16.788
SPBC336.16	SPBC336.16	viable	Not_determined	0.159	0.014	0.0	0.678	5.583	13.279	12.601	4.085	0.059	3.59	0.196175	0.138	0.36796	-21.691	-21.854
SPBC337.02c	SPBC337.02c	viable	Not_determined	0.335	0.056	-0.0	0.364	3.001	7.138	6.773	2.196	0.123	8.55	0.06238	0.379	0.316435	-7.568	-7.73
SPBC337.03	rhn1	viable	V	0.976	0.051	5.125	6.294	14.755	28.032	21.737	12.172	0.359	13.115	0.845138	0.146	0.116381	-20.921	-21.084
SPBC337.04	ppk27	viable	V	0.368	0.011	0.0	1.957	16.114	38.328	36.371	11.792	0.136	4.723	0.129904	0.157	0.363401	-19.955	-20.117
SPBC337.05c	cct8	inviable	E	4.207	0.705	0.113	0.478	3.114	7.251	6.773	2.309	1.548	107.057	0.990802	0.143	0.032484	-21.239	-21.401
SPBC337.06c	cwf15	inviable	E	3.095	0.169	1.482	2.601	10.699	23.406	20.805	8.227	1.139	53.197	0.992294	0.087	0.029567	-28.236	-28.398
SPBC337.07c	ecm14	viable	V	1.087	0.182	-0.0	0.364	3.001	7.138	6.773	2.196	0.4	27.767	0.58092	0.263	0.183467	-12.703	-12.866
SPBC337.08c	ubi4	viable	V	0.892	0.149	6.379	6.744	9.38	13.517	6.773	8.575	0.328	17.138	0.800833	0.224	0.154687	-14.917	-15.08
SPBC337.09	erg28	viable	V	1.31	0.147	7.044	7.587	11.517	17.683	10.096	10.317	0.482	22.094	0.935637	0.148	0.088508	-20.732	-20.894
SPBC337.10c	dre2	viable	V	4.041	0.677	-0.0	0.364	3.001	7.138	6.773	2.196	1.487	103.261	0.923342	0.374	0.089944	-7.766	-7.928
SPBC337.11	SPBC337.11	viable	V	0.005	-0.001	0.0	0.364	3.001	7.138	6.773	2.196	0.002	0.0	-0.928133	0.13	0.48095	-22.527	-22.689
SPBC337.12	red5	inviable	E	3.695	0.619	-0.0	0.364	3.001	7.138	6.773	2.196	1.359	94.433	0.96785	0.23	0.056933	-14.603	-14.765
SPBC337.13c	gtr1	condition-dependent	E	4.533	0.609	0.216	0.671	3.961	9.124	8.453	2.956	1.668	110.989	0.990227	0.16	0.034094	-19.641	-19.803
SPBC337.14	rpb4	inviable	E	4.613	0.773	0.631	0.995	3.632	7.769	6.773	2.827	1.697	115.099	0.996399	0.101	0.021889	-26.049	-26.211
SPBC337.15c	coq7	condition-dependent	V	2.481	0.165	6.645	7.564	14.209	24.635	17.071	12.18	0.913	34.597	0.996849	0.047	0.019603	-36.792	-36.954
SPBC337.16	cho1	viable	V	0.79	0.132	0.109	0.473	3.109	7.246	6.773	2.305	0.29	20.096	0.866849	0.111	0.118249	-24.756	-24.918
SPBC342.01c	alg6	viable	V	2.168	0.192	8.165	8.853	13.828	21.635	12.782	12.309	0.797	31.279	0.983761	0.105	0.045211	-25.532	-25.694
SPBC342.02	qrs1	inviable	E	4.153	0.696	0.013	0.377	3.013	7.15	6.773	2.209	1.528	106.078	0.985805	0.174	0.040807	-18.459	-18.621
SPBC342.03	gas4	viable	V	0.204	0.034	-0.0	0.364	3.001	7.138	6.773	2.196	0.075	5.207	0.045551	0.206	0.290175	-16.097	-16.259
SPBC342.04	rpn1301	viable	V	1.17	0.196	-0.0	0.364	3.001	7.138	6.773	2.196	0.431	29.907	0.282881	0.651	0.240225	-0.02	-0.182
SPBC342.05	crb2	viable	V	-0.036	0.001	-0.0	1.957	16.116	38.334	36.377	11.794	-0.013	-0.008	-0.067203	0.149	0.30758	-20.637	-20.799
SPBC342.06c	rtt109	viable	V	1.325	0.064	2.219	3.483	12.626	26.974	23.491	9.835	0.487	20.378	0.924165	0.121	0.091367	-23.529	-23.691
SPBC354.01	gtp1	viable	V	0.506	0.085	9.931	10.295	12.932	17.069	6.773	12.127	0.186	7.923	0.700486	0.159	0.19069	-19.758	-19.92
SPBC354.02c	sec61	inviable	E	4.558	0.763	0.039	0.404	3.04	7.177	6.773	2.235	1.677	116.297	0.974217	0.259	0.054245	-12.889	-13.051
SPBC354.03	swd3	viable	V	2.32	0.122	2.564	3.728	12.145	25.353	21.625	9.575	0.854	36.748	0.941893	0.179	0.083191	-18.103	-18.265
SPBC354.05c	sre2	viable	V	-0.008	0.001	-0.0	0.364	3.001	7.138	6.773	2.196	-0.003	-0.0	-0.25055	0.287	0.350723	-11.464	-11.626
SPBC354.06	mrps16	inviable	E	4.175	0.436	3.457	4.042	8.275	14.917	10.875	6.983	1.536	83.69	0.997876	0.075	0.017716	-30.199	-30.361
SPBC354.07c	osh42	viable	V	0.479	0.038	0.0	0.767	6.312	15.014	14.248	4.619	0.176	10.399	0.463292	0.179	0.228379	-18.081	-18.244
SPBC354.08c	rsn1	viable	V	1.395	0.044	-0.0	1.957	16.116	38.334	36.377	11.794	0.513	17.88	0.759337	0.153	0.136146	-20.28	-20.442
SPBC354.09c	tre1	viable	V	0.194	-0.013	0.0	0.892	7.343	17.466	16.575	5.374	0.072	0.02	-0.032876	0.27	0.289547	-12.353	-12.515
SPBC354.10	def1	viable	V	1.393	0.149	1.676	2.246	6.372	12.847	10.601	5.113	0.513	30.591	0.972394	0.088	0.061582	-28.045	-28.208
SPBC354.13	rga6	viable	V	1.151	0.038	2.132	3.959	17.177	37.917	33.958	13.141	0.423	13.709	0.634115	0.215	0.206321	-15.547	-15.71
SPBC354.14c	vac8	viable	V	0.294	0.049	0.0	0.364	3.001	7.138	6.773	2.196	0.108	7.52	0.849298	0.042	0.125632	-38.228	-38.39
SPBC354.15	fap1	viable	V	-0.605	0.019	0.0	1.902	15.659	37.245	35.344	11.459	-0.223	-0.13	-0.826756	0.222	0.504961	-15.091	-15.254
SPBC359.01	SPBC359.01	viable	V	0.374	0.063	-0.0	0.364	3.001	7.138	6.773	2.196	0.138	9.567	0.515883	0.115	0.216557	-24.307	-24.469
SPBC359.02	alr2	inviable	E	0.523	0.037	0.0	0.87	7.167	17.047	16.177	5.245	0.192	10.853	0.843988	0.078	0.131349	-29.758	-29.92
SPBC359.03c	aat1	viable	V	0.863	0.046	3.826	4.962	13.178	26.071	21.109	10.67	0.318	12.852	0.726373	0.174	0.185527	-18.48	-18.642
SPBC359.04c	pfl7	viable	V	0.769	0.112	0.075	0.494	3.526	8.283	7.789	2.601	0.283	19.183	0.663423	0.195	0.166625	-16.866	-17.028
SPBC359.05	abc3	viable	V	0.618	0.034	0.0	1.125	9.266	22.039	20.914	6.78	0.227	11.423	0.990904	0.019	0.031323	-49.686	-49.848
SPBC359.06	mug14	viable	V	0.258	0.022	1.09	1.815	7.061	15.292	13.477	5.459	0.095	5.434	0.180933	0.238	0.269171	-14.068	-14.231
SPBC36.01c	SPBC36.01c	viable	V	0.981	0.093	9.033	9.68	14.359	21.701	12.021	12.93	0.361	13.675	0.987491	0.04	0.041063	-39.123	-39.286
SPBC36.02c	SPBC36.02c	viable	V	0.702	0.118	0.09	0.455	3.091	7.228	6.773	2.286	0.258	17.87	0.912127	0.079	0.098192	-29.598	-29.76
SPBC36.03c	mfs3	viable	V	1.091	0.038	0.0	1.739	14.316	34.052	32.314	10.476	0.401	15.322	0.957739	0.056	0.060528	-34.296	-34.458
SPBC36.04	cys11	condition-dependent	V	1.61	0.068	1.567	3.015	13.488	29.921	26.906	10.29	0.592	23.563	0.981641	0.064	0.044391	-32.433	-32.596
SPBC36.05c	clr6	inviable	E	3.848	0.416	2.518	3.082	7.162	13.566	10.484	5.917	1.416	81.506	0.98602	0.174	0.044206	-18.461	-18.623
SPBC36.06c	spo9	condition-dependent	V	0.885	0.096	1.102	1.666	5.749	12.155	10.489	4.502	0.326	19.979	0.973007	0.055	0.06338	-34.538	-34.7
SPBC36.07	elp1	viable	V	3.842	0.355	0.275	0.936	5.721	13.23	12.294	4.26	1.414	86.251	0.992795	0.115	0.029845	-24.331	-24.494
SPBC36.08c	cog2	inviable	E	3.855	0.646	0.156	0.521	3.157	7.294	6.773	2.352	1.418	97.952	0.953584	0.304	0.078607	-10.675	-10.837
SPBC36.09	sap61	inviable	E	4.419	0.518	0.406	0.927	4.694	10.604	9.677	3.544	1.626	104.599	0.996235	0.098	0.022157	-26.583	-26.745
SPBC36.10	ups2	viable	V	0.953	0.16	-0.0	0.364	3.001	7.138	6.773	2.196	0.351	24.349	0.197468	0.651	0.319227	-0.018	-0.181
SPBC36.11	SPBC36.11	viable	V	0.55	-0.023	0.0	1.488	12.248	29.134	27.646	8.963	0.202	0.092	-0.111201	0.256	0.373149	-13.077	-13.239
SPBC36.12c	git7	inviable	E	3.948	0.473	2.157	2.667	6.356	12.146	9.479	5.23	1.452	87.068	0.998606	0.057	0.01457	-34.132	-34.294
SPBC365.01	csr103	viable	V	1.849	0.31	-0.0	0.364	3.001	7.138	6.773	2.196	0.68	47.245	0.803559	0.298	0.125792	-10.931	-11.094
SPBC365.02c	cox10	viable	V	1.326	0.068	0.204	1.394	9.999	23.503	22.11	7.372	0.488	23.574	0.956994	0.088	0.070527	-28.068	-28.23
SPBC365.03c	rpl2101	viable	V	4.719	0.777	0.935	1.306	3.99	8.202	6.895	3.171	1.736	116.044	0.988633	0.188	0.038029	-17.406	-17.568
SPBC365.04c	nop6	viable	V	1.285	0.057	-0.0	1.388	11.427	27.18	25.792	8.362	0.473	21.084	0.927261	0.1	0.081456	-26.187	-26.349
SPBC365.07c	tmf1	viable	V	-0.684	-0.06	-0.0	0.69	5.683	13.519	12.828	4.159	-0.252	-15.341	0.554219	0.18	0.223365	-18.039	-18.202
SPBC365.08c	der1	viable	V	-0.057	0.004	0.0	0.985	8.106	19.282	18.297	5.932	-0.021	-0.006	-0.059755	0.208	0.311784	-15.965	-16.127
SPBC365.10	arp5	viable	V	4.819	0.436	5.44	6.115	10.994	18.65	12.535	9.505	1.773	83.084	0.99261	0.157	0.032869	-19.905	-20.067
SPBC365.11	grp2	viable	V	-0.726	-0.122	2.534	2.899	5.535	9.672	6.773	4.73	-0.267	-16.736	0.45669	0.427	0.238619	-5.917	-6.079
SPBC365.12c	ish1	viable	V	2.049	0.343	2.163	2.528	5.164	9.301	6.773	4.359	0.754	48.019	0.6959	0.601	0.216855	-1.136	-1.298
SPBC365.13c	hba1	viable	V	4.734	0.544	1.419	1.95	5.794	11.826	9.876	4.621	1.741	106.899	0.996671	0.103	0.0212	-25.864	-26.026
SPBC365.14c	uge1	viable	V	3.803	0.431	3.565	4.104	8.0	14.113	10.009	6.81	1.399	77.497	0.955479	0.326	0.081273	-9.686	-9.848
SPBC365.15	alp4	inviable	E	4.182	0.593	1.383	1.813	4.927	9.812	7.999	3.976	1.538	98.617	0.999045	0.049	0.011606	-36.133	-36.296
SPBC365.16	SPBC365.16	viable	V	1.84	0.1	-0.0	1.119	9.215	21.919	20.8	6.744	0.677	34.119	0.730201	0.272	0.148039	-12.245	-12.408
SPBC365.20c	pnc1	viable	V	-0.351	0.059	20.457	20.822	23.458	27.595	6.773	22.653	-0.129	-5.962	-0.429359	0.263	0.328414	-12.678	-12.84
SPBC36B7.02	svf2	viable	V	1.934	0.137	7.275	8.14	14.393	24.205	16.065	12.484	0.712	26.658	0.942655	0.167	0.085412	-19.03	-19.192
SPBC36B7.03	sec63	viable	V	5.341	0.895	0.445	0.809	3.446	7.583	6.773	2.641	1.965	134.234	0.982667	0.257	0.045151	-13.041	-13.204
SPBC36B7.04	dus1	viable	V	0.483	0.081	-0.0	0.364	3.001	7.138	6.773	2.196	0.178	12.332	0.707665	0.094	0.170242	-27.157	-27.319
SPBC36B7.05c	pib1	viable	V	2.104	0.352	0.17	0.534	3.17	7.307	6.773	2.366	0.774	53.428	0.72888	0.462	0.164502	-4.823	-4.985
SPBC36B7.06c	mug20	viable	V	-0.398	0.067	13.236	13.6	16.237	20.374	6.773	15.432	-0.146	-3.893	0.158016	0.257	0.305754	-13.014	-13.176
SPBC36B7.07	tlg1	condition-dependent	E	3.724	0.624	0.318	0.682	3.319	7.456	6.773	2.514	1.37	94.039	0.979576	0.192	0.048944	-17.092	-17.255
SPBC36B7.08c	ccp1	viable	V	0.456	0.076	1.093	1.458	4.094	8.231	6.773	3.289	0.168	11.164	0.438657	0.218	0.263976	-15.323	-15.485
SPBC36B7.09	gcn2	inviable	E	2.319	0.249	0.067	0.636	4.754	11.216	10.58	3.497	0.853	54.559	0.933391	0.219	0.088371	-15.291	-15.453
SPBC3B8.01c	arh1	inviable	E	4.378	0.733	1.796	2.161	4.797	8.934	6.773	3.992	1.61	104.18	0.996021	0.109	0.024648	-24.993	-25.155
SPBC3B8.02	php5	viable	V	1.884	0.167	0.0	0.687	5.658	13.458	12.771	4.141	0.693	42.326	0.913696	0.198	0.094241	-16.673	-16.835
SPBC3B8.03	lys9	viable	V	1.107	0.061	-0.0	1.106	9.109	21.666	20.56	6.666	0.407	20.651	0.876357	0.126	0.119631	-22.977	-23.14
SPBC3B8.04c	plt1	viable	V	0.869	0.13	0.0	0.41	3.375	8.027	7.617	2.469	0.32	21.84	0.960899	0.062	0.065369	-32.95	-33.113
SPBC3B8.05	dph1	viable	V	1.719	0.131	0.242	1.043	6.843	15.943	14.9	5.072	0.632	36.37	0.968078	0.107	0.063237	-25.256	-25.419
SPBC3B8.06	SPBC3B8.06	viable	V	0.692	0.05	7.771	8.613	14.702	24.257	15.644	12.843	0.255	9.344	0.468819	0.316	0.249422	-10.127	-10.29
SPBC3B8.07c	dsd1	viable	V	-0.453	-0.076	-0.0	0.364	3.001	7.138	6.773	2.196	-0.167	-11.587	0.276731	0.188	0.268636	-17.435	-17.597
SPBC3B8.08	SPBC3B8.08	viable	V	1.916	0.182	8.809	9.453	14.112	21.424	11.971	12.69	0.705	27.178	0.795587	0.408	0.157336	-6.546	-6.709
SPBC3B8.09	utp3	inviable	E	3.563	0.597	-0.0	0.364	3.001	7.138	6.773	2.196	1.311	91.04	0.986747	0.142	0.039089	-21.28	-21.442
SPBC3B8.10	ina17	unknown	Not_determined	0.707	0.118	-0.0	0.364	3.001	7.138	6.773	2.196	0.26	18.071	0.577681	0.195	0.181944	-16.883	-17.046
SPBC3B8.10c	nem1	viable	V	2.709	0.124	0.248	1.586	11.261	26.442	24.856	8.307	0.997	44.88	0.970521	0.14	0.055398	-21.554	-21.716
SPBC3B8.11	rrn6	inviable	E	4.285	0.669	1.933	2.324	5.153	9.591	7.267	4.289	1.576	100.305	0.971666	0.284	0.065203	-11.631	-11.794
SPBC3B9.01	fes1	inviable	E	4.285	0.718	-0.0	0.364	3.001	7.138	6.773	2.196	1.576	109.509	0.972775	0.246	0.055313	-13.616	-13.779
SPBC3B9.02c	cwf28	inviable	E	4.148	0.695	-0.0	0.364	3.001	7.138	6.773	2.196	1.526	106.009	0.944041	0.33	0.079645	-9.516	-9.678
SPBC3B9.03	srp101	inviable	E	4.176	0.7	0.188	0.552	3.189	7.326	6.773	2.384	1.536	105.981	0.99249	0.129	0.029948	-22.702	-22.864
SPBC3B9.04	oms1	viable	V	0.734	0.04	1.088	2.202	10.254	22.891	20.689	7.796	0.27	12.913	0.552738	0.213	0.243322	-15.673	-15.835
SPBC3B9.05	hot15	viable	V	1.599	0.12	-0.0	0.812	6.686	15.904	15.092	4.893	0.588	34.041	0.918756	0.148	0.085248	-20.716	-20.878
SPBC3B9.06c	atg3	viable	V	0.674	0.113	1.456	1.821	4.457	8.594	6.773	3.652	0.248	16.266	0.411111	0.35	0.281965	-8.712	-8.874
SPBC3B9.07c	rpa43	inviable	E	3.15	0.528	0.234	0.598	3.235	7.371	6.773	2.43	1.159	79.796	0.994446	0.084	0.025883	-28.739	-28.901
SPBC3B9.08c	mnh1	viable	V	0.672	0.027	1.763	3.304	14.457	31.957	28.653	11.052	0.247	9.313	0.882687	0.078	0.105524	-29.642	-29.805
SPBC3B9.09	vps36	viable	V	0.587	0.098	3.702	4.067	6.703	10.84	6.773	5.898	0.216	12.861	0.879713	0.098	0.134054	-26.578	-26.74
SPBC3B9.10	vti1	inviable	E	3.527	0.591	-0.0	0.364	3.001	7.138	6.773	2.196	1.298	90.13	0.968472	0.214	0.058091	-15.573	-15.735
SPBC3B9.11c	ctf1	viable	V	0.069	-0.012	0.0	0.364	3.001	7.138	6.773	2.196	0.026	0.003	-0.105996	0.13	0.352052	-22.535	-22.697
SPBC3B9.12	trs23	inviable	E	4.674	0.783	1.381	1.745	4.382	8.519	6.773	3.577	1.719	113.165	0.98045	0.254	0.052923	-13.202	-13.364
SPBC3B9.13c	rpp102	viable	V	4.239	0.387	0.569	1.238	6.079	13.674	12.436	4.601	1.559	93.659	0.982963	0.197	0.047213	-16.739	-16.901
SPBC3B9.14c	mrpl3	inviable	E	4.064	0.565	2.554	2.994	6.171	11.157	8.163	5.201	1.495	90.746	0.980816	0.222	0.053479	-15.078	-15.241
SPBC3B9.15c	scp1	viable	V	-0.076	0.013	0.0	0.364	3.001	7.138	6.773	2.196	-0.028	-0.003	-0.194587	0.19	0.352095	-17.215	-17.377
SPBC3B9.16c	nup120	condition-dependent	E	4.032	0.353	2.674	3.372	8.419	16.339	12.967	6.878	1.483	79.715	0.996887	0.084	0.02069	-28.728	-28.891
SPBC3B9.17	isa2	inviable	E	4.025	0.368	3.1	3.768	8.595	16.17	12.402	7.121	1.481	79.023	0.993301	0.122	0.031415	-23.407	-23.57
SPBC3B9.19	mge1	inviable	E	4.327	0.591	0.338	0.786	4.02	9.096	8.311	3.033	1.592	105.745	0.995025	0.11	0.024963	-24.913	-25.075
SPBC3B9.21	dcp1	inviable	E	3.811	0.445	2.047	2.569	6.349	12.279	9.709	5.195	1.402	84.015	0.993973	0.115	0.02988	-24.322	-24.484
SPBC3B9.22c	dad4	unknown	Not_determined	1.335	0.087	1.732	2.672	9.473	20.145	17.473	7.397	0.491	24.68	0.979121	0.068	0.050455	-31.674	-31.837
SPBC3D6.02	but2	viable	V	-1.0	0.031	-0.0	1.957	16.116	38.334	36.377	11.794	-0.368	-0.221	-0.033184	0.892	0.334878	4.396	4.234
SPBC3D6.03c	trz2	inviable	E	4.039	0.544	6.099	6.552	9.828	14.969	8.417	8.828	1.486	75.36	0.99149	0.15	0.037696	-20.546	-20.708
SPBC3D6.04c	mad1	viable	V	0.761	0.118	5.162	5.555	8.396	12.854	7.299	7.529	0.28	15.347	0.956912	0.071	0.080657	-31.099	-31.261
SPBC3D6.05	ptp4	viable	V	0.913	0.123	0.0	0.454	3.737	8.889	8.435	2.735	0.336	22.554	0.904851	0.105	0.103906	-25.519	-25.681
SPBC3D6.06c	prs5	viable	V	1.072	0.18	-0.0	0.364	3.001	7.138	6.773	2.196	0.394	27.401	0.124245	0.568	0.352257	-1.923	-2.085
SPBC3D6.07	gpi3	inviable	E	4.503	0.754	0.83	1.194	3.83	7.967	6.773	3.026	1.656	111.472	0.996484	0.099	0.021652	-26.393	-26.555
SPBC3D6.08c	lsm1	viable	V	4.126	0.365	0.993	1.684	6.683	14.526	12.841	5.157	1.518	88.633	0.966576	0.271	0.068642	-12.304	-12.466
SPBC3D6.09	dpb4	viable	V	0.221	0.037	-0.0	0.364	3.001	7.138	6.773	2.196	0.081	5.659	-0.149996	0.279	0.324039	-11.888	-12.05
SPBC3D6.10	apn2	viable	V	1.128	0.073	0.0	0.942	7.755	18.446	17.505	5.675	0.415	22.663	0.70761	0.229	0.181774	-14.634	-14.797
SPBC3D6.11c	slx8	inviable	E	1.848	0.199	7.273	7.84	11.945	18.387	10.547	10.692	0.68	30.317	0.969326	0.133	0.061472	-22.209	-22.371
SPBC3D6.12	dip2	inviable	E	4.418	0.74	0.099	0.463	3.1	7.237	6.773	2.295	1.625	112.495	0.991395	0.145	0.031491	-21.051	-21.213
SPBC3D6.13c	pdi3	viable	V	1.075	0.18	3.95	4.314	6.95	11.087	6.773	6.146	0.396	23.273	0.920885	0.14	0.113302	-21.521	-21.684
SPBC3D6.15	rps2501	viable	V	0.724	0.116	14.078	14.46	17.22	21.552	7.092	16.378	0.266	8.232	0.275184	0.41	0.275762	-6.49	-6.652
SPBC3D6.16	SPBC3D6.16	unknown	Not_determined	2.112	0.274	-0.0	0.471	3.88	9.229	8.758	2.839	0.777	51.797	0.908483	0.232	0.099102	-14.436	-14.599
SPBC3E7.01	fab1	viable	V	1.566	0.127	-0.0	0.751	6.185	14.712	13.961	4.526	0.576	34.229	0.969958	0.09	0.056875	-27.724	-27.886
SPBC3E7.02c	hsp16	viable	V	1.458	0.161	7.907	8.46	12.461	18.739	10.279	11.239	0.536	23.192	0.675898	0.348	0.20416	-8.766	-8.928
SPBC3E7.04c	ric8	unknown	Not_determined	0.491	0.082	0.17	0.535	3.171	7.308	6.773	2.366	0.181	12.472	0.843131	0.079	0.138553	-29.615	-29.777
SPBC3E7.05c	mic60	viable	V	0.454	0.076	-0.0	0.364	3.001	7.138	6.773	2.196	0.167	11.591	0.664337	0.1	0.178583	-26.235	-26.398
SPBC3E7.06c	fnx2	viable	V	0.353	0.059	-0.0	0.364	3.001	7.138	6.773	2.196	0.13	9.022	0.162288	0.263	0.294345	-12.675	-12.837
SPBC3E7.07c	SPBC3E7.07c	viable	V	0.26	0.044	0.0	0.364	3.001	7.138	6.773	2.196	0.096	6.641	0.841941	0.041	0.141731	-38.684	-38.846
SPBC3E7.08c	rad13	viable	V	0.913	0.121	0.0	0.461	3.793	9.021	8.561	2.775	0.336	22.48	0.959648	0.065	0.063114	-32.265	-32.428
SPBC3E7.09	SPBC3E7.09	viable	V	1.031	0.173	5.976	6.34	8.977	13.114	6.773	8.172	0.379	20.228	0.928481	0.12	0.107726	-23.67	-23.833
SPBC3E7.10	fma1	viable	V	1.269	0.091	1.988	2.841	9.012	18.695	15.854	7.128	0.467	24.129	0.959595	0.092	0.075718	-27.392	-27.555
SPBC3E7.11c	SPBC3E7.11c	viable	V	0.946	0.159	0.847	1.212	3.848	7.985	6.773	3.043	0.348	23.414	0.704601	0.238	0.193377	-14.094	-14.256
SPBC3E7.12c	cfh4	viable	V	-0.123	-0.009	0.0	0.856	7.05	16.77	15.914	5.159	-0.045	-2.565	0.050043	0.21	0.279914	-15.853	-16.016
SPBC3E7.13c	syf2	inviable	E	3.281	0.321	-0.0	0.624	5.135	12.215	11.591	3.758	1.207	75.675	0.968447	0.205	0.060127	-16.188	-16.35
SPBC3E7.14	smf1	inviable	E	4.999	0.837	0.43	0.795	3.431	7.568	6.773	2.626	1.839	125.696	0.970147	0.316	0.059471	-10.132	-10.295
SPBC3E7.15c	lac1	viable	V	3.808	0.37	2.892	3.52	8.062	15.189	11.669	6.675	1.401	76.951	0.996057	0.09	0.02378	-27.666	-27.828
SPBC3E7.16c	leu3	viable	V	-0.455	0.014	-0.0	1.957	16.116	38.334	36.377	11.794	-0.167	-0.101	-1.484229	0.217	0.50442	-15.396	-15.559
SPBC3E7.17	SPBC3E7.17	unknown	Not_determined	-0.388	-0.065	-0.0	0.364	3.001	7.138	6.773	2.196	-0.143	-9.926	-0.052061	0.418	0.327385	-6.22	-6.383
SPBC3F6.01c	hpp5	viable	V	-1.0	0.031	0.0	1.957	16.116	38.334	36.377	11.794	-0.368	-0.221	-2.269927	0.276	0.635552	-11.999	-12.162
SPBC3F6.02c	erg26	inviable	E	4.938	0.699	0.875	1.307	4.429	9.328	8.021	3.476	1.817	118.869	0.943917	0.449	0.079213	-5.223	-5.386
SPBC3F6.03	trr1	viable	V	2.58	0.422	1.426	1.8	4.504	8.746	6.946	3.678	0.949	62.133	0.972075	0.167	0.062063	-19.05	-19.213
SPBC3F6.04c	nop14	inviable	E	4.611	0.773	-0.0	0.364	3.001	7.138	6.773	2.196	1.696	117.842	0.987468	0.179	0.037983	-18.084	-18.247
SPBC3F6.05	rga1	viable	V	5.01	0.426	3.028	3.745	8.934	17.076	13.331	7.35	1.843	96.389	0.99348	0.151	0.029504	-20.472	-20.634
SPBC3H7.01	spo14	inviable	E	3.909	0.655	0.022	0.387	3.023	7.16	6.773	2.218	1.438	99.802	0.990205	0.137	0.035036	-21.88	-22.042
SPBC3H7.02	sul1	viable	V	0.35	0.011	0.0	1.902	15.657	37.242	35.34	11.458	0.129	4.587	0.632654	0.073	0.214128	-30.68	-30.842
SPBC3H7.03c	kgd1	condition-dependent	V	2.0	0.168	5.381	6.106	11.353	19.588	13.481	9.751	0.736	33.672	0.844114	0.314	0.148862	-10.233	-10.395
SPBC3H7.04	SPBC3H7.04	inviable	E	4.965	0.462	2.724	3.38	8.122	15.564	12.184	6.675	1.827	99.872	0.981831	0.248	0.050785	-13.542	-13.704
SPBC3H7.05c	acn1	viable	V	-0.587	-0.098	-0.0	0.364	3.001	7.138	6.773	2.196	-0.216	-15.01	0.847133	0.078	0.128271	-29.763	-29.925
SPBC3H7.06c	pof9	viable	V	0.309	0.052	1.537	1.901	4.537	8.674	6.773	3.733	0.114	7.429	0.416392	0.16	0.232476	-19.681	-19.844
SPBC3H7.07c	ser2	viable	V	4.027	0.505	0.837	1.324	4.844	10.367	9.043	3.769	1.481	94.949	0.998342	0.061	0.014738	-33.258	-33.421
SPBC3H7.08c	mra2	viable	V	0.605	0.101	-0.0	0.364	3.001	7.138	6.773	2.196	0.222	15.449	0.609724	0.15	0.174703	-20.537	-20.699
SPBC3H7.09	erf2	viable	V	0.837	0.14	1.876	2.24	4.876	9.013	6.773	4.072	0.308	19.858	0.904506	0.114	0.122578	-24.462	-24.625
SPBC3H7.10	elp6	viable	V	4.372	0.291	0.05	0.967	7.604	18.018	17.05	5.578	1.609	88.625	0.989017	0.151	0.034667	-20.45	-20.612
SPBC3H7.11	trm141	viable	V	1.171	0.196	-0.0	0.364	3.001	7.138	6.773	2.196	0.431	29.927	0.797404	0.194	0.137043	-16.945	-17.107
SPBC3H7.12	rav2	viable	V	0.146	0.025	0.0	0.364	3.001	7.138	6.773	2.196	0.054	3.742	0.127214	0.11	0.314561	-24.85	-25.012
SPBC3H7.13	csc1	viable	V	0.737	0.042	0.0	1.082	8.904	21.179	20.097	6.516	0.271	13.902	0.688636	0.149	0.171944	-20.646	-20.808
SPBC3H7.14	mug176	viable	V	-1.0	0.031	0.022	1.978	16.128	38.33	36.351	11.808	-0.368	-0.222	0.028673	0.289	0.338117	-11.358	-11.52
SPBC4.01	dni2	viable	V	-0.08	0.002	-0.0	1.955	16.098	38.29	36.335	11.78	-0.029	-0.018	-0.035492	0.368	0.359507	-8.004	-8.166
SPBC4.02c	SPBC4.02c	viable	V	0.909	0.152	-0.0	0.364	3.001	7.138	6.773	2.196	0.334	23.226	0.96777	0.057	0.059726	-34.067	-34.229
SPBC4.03c	sfb3	inviable	E	4.22	0.598	1.308	1.739	4.854	9.743	8.004	3.903	1.552	99.817	0.998868	0.054	0.012661	-34.87	-35.032
SPBC4.04c	mcm2	inviable	E	4.704	0.771	0.545	0.918	3.613	7.841	6.923	2.79	1.731	117.409	0.996908	0.095	0.020124	-26.948	-27.11
SPBC4.05	mlo2	viable	V	0.779	0.041	0.0	1.169	9.622	22.886	21.717	7.041	0.286	14.116	0.904088	0.079	0.108716	-29.453	-29.615
SPBC4.06	SPBC4.06	viable	V	-1.0	0.032	0.481	2.409	16.356	38.24	35.831	12.098	-0.368	-0.251	-2.823726	0.27	0.76894	-12.336	-12.498
SPBC4.07c	rpt2	inviable	E	4.523	0.509	-0.0	0.542	4.464	10.617	10.075	3.266	1.664	107.858	0.979399	0.228	0.048136	-14.72	-14.883
SPBC405.01	ade1	viable	V	0.585	0.098	-0.0	0.364	3.001	7.138	6.773	2.196	0.215	14.94	0.65272	0.125	0.174436	-23.143	-23.306
SPBC405.02c	SPBC405.02c	viable	V	1.001	0.168	-0.0	0.364	3.001	7.138	6.773	2.196	0.368	25.57	0.272392	0.347	0.238772	-8.801	-8.964
SPBC405.03c	SPBC405.03c	viable	V	-0.478	-0.08	4.249	4.613	7.25	11.387	6.773	6.445	-0.176	-10.199	0.248322	0.552	0.254138	-2.306	-2.469
SPBC405.04c	ypt7	viable	V	2.981	0.499	-0.0	0.364	3.001	7.138	6.773	2.196	1.097	76.169	0.53621	0.779	0.213768	2.507	2.345
SPBC405.05	atg16	viable	V	1.653	0.054	1.611	3.47	16.918	38.019	34.549	12.812	0.608	20.066	0.625826	0.323	0.211164	-9.809	-9.971
SPBC405.06	xdj1	viable	V	0.517	0.087	4.973	5.338	7.974	12.111	6.773	7.169	0.19	10.655	0.280848	0.49	0.305398	-3.982	-4.145
SPBC405.07	rpl3602	viable	V	3.277	0.549	0.149	0.513	3.149	7.286	6.773	2.345	1.205	83.277	0.908134	0.373	0.107044	-7.793	-7.955
SPBC409.03	swi5	viable	Not_determined	0.996	-0.042	-0.0	1.457	11.996	28.533	27.076	8.778	0.366	0.164	-0.0901	0.348	0.307032	-8.758	-8.921
SPBC409.04c	mis12	inviable	E	4.494	0.438	0.771	1.398	5.928	13.037	11.64	4.545	1.653	100.265	0.992839	0.138	0.029755	-21.709	-21.871
SPBC409.05	skp1	inviable	E	4.559	0.764	-0.0	0.364	3.001	7.138	6.773	2.196	1.677	116.492	0.973848	0.26	0.054645	-12.836	-12.998
SPBC409.06	uch2	viable	V	0.84	0.141	-0.0	0.364	3.001	7.138	6.773	2.196	0.309	21.457	0.114284	0.462	0.27847	-4.811	-4.973
SPBC409.07c	wis1	viable	V	1.394	0.109	2.942	3.724	9.38	18.255	14.53	7.653	0.513	26.107	0.932888	0.136	0.096105	-21.942	-22.105
SPBC409.08	SPBC409.08	viable	V	0.213	0.036	-0.0	0.364	3.001	7.138	6.773	2.196	0.078	5.437	0.103651	0.187	0.294161	-17.489	-17.651
SPBC409.09c	mis13	inviable	E	4.499	0.754	1.373	1.738	4.374	8.511	6.773	3.569	1.655	108.971	0.993424	0.141	0.031014	-21.399	-21.561
SPBC409.10	ade7	viable	V	0.361	0.044	0.0	0.505	4.154	9.881	9.376	3.04	0.133	8.732	0.434638	0.125	0.243771	-23.133	-23.296
SPBC409.11	meu18	viable	V	-0.409	-0.068	0.0	0.364	3.001	7.138	6.773	2.196	-0.15	-10.442	0.747125	0.079	0.151363	-29.534	-29.697
SPBC409.12c	stn1	inviable	E	4.755	0.677	5.146	5.575	8.678	13.546	7.971	7.731	1.749	94.33	0.999164	0.057	0.012125	-34.049	-34.212
SPBC409.13	rib4	inviable	E	4.733	0.793	0.242	0.607	3.243	7.38	6.773	2.438	1.741	119.86	0.995847	0.109	0.022647	-25.053	-25.215
SPBC409.14c	mrps17	inviable	E	2.771	0.358	5.431	5.904	9.32	14.68	8.776	8.277	1.019	53.041	0.978966	0.171	0.059133	-18.705	-18.867
SPBC409.15	tsr2	inviable	E	4.256	0.615	0.07	0.492	3.547	8.34	7.847	2.614	1.566	106.105	0.978452	0.222	0.048907	-15.065	-15.228
SPBC409.16c	saw1	viable	V	0.581	0.097	2.11	2.474	5.111	9.247	6.773	4.306	0.214	13.653	0.775822	0.142	0.175381	-21.287	-21.449
SPBC409.17c	duc2	viable	V	0.271	0.045	0.0	0.367	3.018	7.178	6.811	2.208	0.1	6.921	0.621405	0.073	0.179264	-30.65	-30.812
SPBC409.18	SPBC409.18	viable	V	1.222	0.071	-0.0	1.045	8.603	20.462	19.417	6.295	0.449	23.429	0.627288	0.254	0.220718	-13.159	-13.321
SPBC409.19c	mtx1	viable	V	4.026	0.515	9.463	9.94	13.39	18.803	8.864	12.336	1.481	60.686	0.996813	0.088	0.02161	-28.065	-28.227
SPBC409.20c	shr3	viable	V	3.864	0.45	3.439	3.964	7.759	13.715	9.751	6.601	1.422	79.742	0.997193	0.082	0.021645	-29.023	-29.185
SPBC409.21	sec66	inviable	E	5.016	0.535	0.826	1.399	5.543	12.046	10.647	4.278	1.845	114.187	0.996642	0.106	0.021032	-25.448	-25.611
SPBC409.23	mim2	condition-dependent	Not_determined	4.28	0.536	3.95	4.438	7.966	13.503	9.066	6.889	1.575	87.64	0.999236	0.048	0.011132	-36.636	-36.798
SPBC418.01c	his4	viable	V	-0.039	0.005	0.0	0.444	3.657	8.699	8.254	2.676	-0.014	-0.002	-1.212686	0.177	0.493442	-18.231	-18.393
SPBC418.02	nat1	viable	V	0.354	-0.011	-0.0	1.944	16.009	38.079	36.134	11.715	0.13	0.078	-0.042323	0.099	0.373187	-26.339	-26.501
SPBC428.01c	nup107	inviable	E	4.281	0.494	2.856	3.385	7.214	13.221	9.835	6.045	1.575	90.655	0.978722	0.243	0.057678	-13.796	-13.958
SPBC428.02c	eca39	viable	V	4.128	0.503	1.14	1.641	5.264	10.949	9.309	4.158	1.519	95.555	0.998336	0.063	0.015101	-32.722	-32.884
SPBC428.03c	pho4	viable	V	1.085	0.092	0.0	0.72	5.932	14.109	13.389	4.341	0.399	24.037	0.83685	0.166	0.120939	-19.177	-19.34
SPBC428.04	apq12	viable	V	0.986	0.047	0.0	1.281	10.551	25.095	23.814	7.721	0.363	16.972	0.904063	0.096	0.105703	-26.749	-26.912
SPBC428.05c	arg12	viable	V	0.508	0.085	-0.0	0.364	3.001	7.138	6.773	2.196	0.187	12.975	0.113005	0.313	0.33419	-10.271	-10.433
SPBC428.06c	rxt2	viable	V	4.265	0.283	3.773	4.694	11.353	21.801	17.107	9.32	1.569	71.189	0.995201	0.101	0.024292	-26.15	-26.312
SPBC428.07	meu6	viable	V	-0.643	-0.108	-0.0	0.364	3.001	7.138	6.773	2.196	-0.236	-16.42	0.665977	0.137	0.183847	-21.814	-21.976
SPBC428.08c	clr4	viable	V	2.672	0.166	5.53	6.511	13.605	24.737	18.226	11.439	0.983	38.761	0.999268	0.024	0.009509	-46.115	-46.278
SPBC428.10	SPBC428.10	viable	V	1.275	0.046	0.013	1.713	14.009	33.304	31.591	10.255	0.469	18.202	0.710436	0.23	0.168014	-14.565	-14.727
SPBC428.11	met17	viable	V	0.539	0.09	9.169	9.533	12.17	16.307	6.773	11.365	0.198	8.85	0.817537	0.114	0.148805	-24.459	-24.621
SPBC428.12c	SPBC428.12c	viable	V	0.343	0.011	0.0	1.957	16.116	38.334	36.377	11.794	0.126	4.399	0.087174	0.368	0.322742	-7.986	-8.148
SPBC428.13c	mob1	inviable	E	4.166	0.698	2.113	2.477	5.114	9.251	6.773	4.309	1.533	97.825	0.993165	0.137	0.032237	-21.808	-21.971
SPBC428.14	mlg1	viable	V	1.957	0.328	7.707	8.071	10.708	14.844	6.773	9.903	0.72	35.0	0.808419	0.347	0.145743	-8.817	-8.98
SPBC428.15	SPBC428.15	viable	V	-0.505	-0.085	4.549	4.914	7.55	11.687	6.773	6.745	-0.186	-10.633	0.708686	0.179	0.167067	-18.065	-18.227
SPBC428.16c	rhb1	condition-dependent	E	4.611	0.772	-0.0	0.364	3.001	7.138	6.773	2.196	1.696	117.83	0.981323	0.217	0.047798	-15.371	-15.534
SPBC428.17c	wpl1	viable	V	0.047	-0.002	0.0	1.369	11.269	26.805	25.436	8.247	0.017	0.007	-0.442068	0.139	0.364991	-21.62	-21.782
SPBC428.18	cdt1	inviable	E	4.341	0.727	-0.0	0.364	3.001	7.138	6.773	2.196	1.597	110.931	0.987139	0.171	0.038408	-18.76	-18.923
SPBC428.19c	utp15	condition-dependent	E	4.224	0.708	0.1	0.464	3.101	7.238	6.773	2.296	1.554	107.548	0.991752	0.136	0.031373	-21.954	-22.116
SPBC428.20c	alp6	inviable	E	3.682	0.616	1.141	1.506	4.148	8.294	6.788	3.342	1.355	90.007	0.998625	0.051	0.013765	-35.528	-35.69
SPBC460.01c	SPBC460.01c	unknown	Not_determined	0.344	0.058	0.004	0.369	3.005	7.142	6.773	2.2	0.126	8.778	0.692051	0.086	0.189036	-28.284	-28.447
SPBC460.02c	SPBC460.02c	unknown	Not_determined	0.578	0.097	-0.0	0.364	3.001	7.138	6.773	2.196	0.212	14.761	0.337707	0.218	0.23784	-15.319	-15.482
SPBC460.03	vba2	unknown	Not_determined	0.48	0.046	1.35	1.984	6.57	13.766	11.781	5.17	0.176	10.399	0.770351	0.108	0.174169	-25.138	-25.3
SPBC460.04c	SPBC460.04c	viable	Not_determined	0.396	0.039	0.0	0.617	5.079	12.081	11.464	3.717	0.146	9.16	0.946438	0.033	0.078572	-41.625	-41.787
SPBC460.05	SPBC460.05	unknown	Not_determined	0.867	0.038	-0.0	1.377	11.339	26.97	25.593	8.297	0.319	14.297	0.860446	0.091	0.113155	-27.63	-27.792
SPBC4B4.01c	ptk1	inviable	E	3.862	0.647	-0.0	0.364	3.001	7.138	6.773	2.196	1.421	98.701	0.949927	0.311	0.078171	-10.353	-10.515
SPBC4B4.02c	nca2	viable	V	0.771	0.129	2.153	2.517	5.154	9.291	6.773	4.349	0.284	18.082	0.403576	0.39	0.240752	-7.165	-7.327
SPBC4B4.03	rsc1	viable	V	1.402	0.111	1.467	2.239	7.824	16.586	14.347	6.119	0.516	28.415	0.948396	0.115	0.083029	-24.29	-24.452
SPBC4B4.04	eif21	viable	V	1.64	0.142	-0.0	0.703	5.784	13.759	13.056	4.233	0.603	36.588	0.818991	0.25	0.139108	-13.417	-13.579
SPBC4B4.06	vps25	viable	V	1.348	0.226	-0.0	0.364	3.001	7.138	6.773	2.196	0.496	34.437	0.681771	0.318	0.157951	-10.021	-10.183
SPBC4B4.07c	usp102	viable	V	5.102	0.464	6.131	6.803	11.661	19.284	12.481	10.178	1.877	84.602	0.993899	0.15	0.029377	-20.598	-20.76
SPBC4B4.08	ght2	viable	V	0.72	0.121	-0.0	0.364	3.001	7.138	6.773	2.196	0.265	18.399	0.225199	0.349	0.326988	-8.755	-8.917
SPBC4B4.09	prp39	inviable	E	3.678	0.487	0.438	0.899	4.234	9.466	8.567	3.216	1.353	89.048	0.997152	0.071	0.019277	-31.032	-31.194
SPBC4B4.10c	atg5	viable	V	0.007	-0.001	0.0	0.364	3.001	7.137	6.773	2.196	0.003	0.0	-1.090553	0.15	0.476844	-20.585	-20.747
SPBC4B4.11	fyv4	viable	V	1.901	0.318	0.181	0.545	3.182	7.319	6.773	2.377	0.699	48.244	0.969289	0.121	0.065609	-23.547	-23.709
SPBC4B4.12c	SPBC4B4.12c	viable	V	-0.836	-0.14	-0.0	0.364	3.001	7.138	6.773	2.196	-0.308	-21.366	0.123075	0.438	0.324511	-5.565	-5.727
SPBC4C3.03	thr1	inviable	E	2.623	0.439	0.041	0.405	3.041	7.178	6.773	2.237	0.965	66.922	0.972147	0.157	0.062063	-19.925	-20.087
SPBC4C3.04c	dss4	viable	V	0.961	-0.031	0.0	1.911	15.737	37.433	35.521	11.516	0.354	0.207	0.011362	0.249	0.329495	-13.477	-13.64
SPBC4C3.05c	nuc1	inviable	E	4.528	0.727	0.138	0.518	3.267	7.582	7.064	2.428	1.666	114.441	0.990851	0.153	0.032899	-20.239	-20.401
SPBC4C3.06	syp1	viable	V	0.12	-0.011	0.0	0.678	5.579	13.271	12.594	4.083	0.044	0.009	-0.168653	0.126	0.359116	-23.035	-23.197
SPBC4C3.07	tif306	inviable	E	0.112	0.019	-0.0	0.364	3.001	7.138	6.773	2.196	0.041	2.857	-0.108589	0.266	0.336091	-12.548	-12.71
SPBC4C3.08	otg2	viable	V	0.696	0.111	14.711	15.093	17.857	22.195	7.102	17.013	0.256	7.468	0.459012	0.272	0.21454	-12.248	-12.41
SPBC4C3.09	otg3	viable	V	1.969	0.067	2.115	3.914	16.926	37.344	33.43	12.954	0.724	23.773	0.89044	0.175	0.111309	-18.43	-18.592
SPBC4C3.10c	pre3	inviable	E	4.598	0.77	0.196	0.56	3.197	7.334	6.773	2.392	1.692	116.658	0.993608	0.131	0.027914	-22.453	-22.615
SPBC4C3.12	sep1	viable	V	2.107	0.155	7.14	7.969	13.969	23.382	15.413	12.137	0.775	29.931	0.966517	0.135	0.063188	-22.084	-22.246
SPBC4F6.04	rpl2502	viable	V	2.419	0.199	0.0	0.74	6.097	14.502	13.762	4.462	0.89	53.12	0.991172	0.078	0.031718	-29.75	-29.912
SPBC4F6.05c	emp46	viable	V	0.18	0.03	-0.0	0.364	3.001	7.138	6.773	2.196	0.066	4.608	0.027062	0.251	0.291672	-13.378	-13.54
SPBC4F6.06	kin1	viable	V	2.945	0.216	2.937	3.77	9.795	19.25	15.48	7.956	1.083	53.809	0.984666	0.132	0.044113	-22.383	-22.546
SPBC4F6.07c	mak5	inviable	E	4.23	0.502	0.732	1.247	4.968	10.807	9.56	3.832	1.556	99.051	0.997602	0.076	0.017955	-30.097	-30.26
SPBC4F6.08c	mrpl39	viable	V	1.88	0.315	0.293	0.658	3.294	7.431	6.773	2.489	0.692	47.533	0.88118	0.247	0.112186	-13.582	-13.744
SPBC4F6.09	str1	viable	V	0.821	0.138	6.967	7.331	9.967	14.104	6.773	9.163	0.302	15.304	0.556218	0.397	0.199614	-6.946	-7.109
SPBC4F6.10	vps901	viable	V	0.74	0.061	1.117	1.86	7.235	15.669	13.808	5.594	0.272	15.451	0.938803	0.068	0.088496	-31.552	-31.714
SPBC4F6.11c	asn2	viable	V	1.314	0.201	-0.0	0.399	3.288	7.82	7.421	2.406	0.483	33.144	0.85552	0.186	0.110009	-17.546	-17.709
SPBC4F6.12	pxl1	viable	V	0.803	0.097	1.689	2.194	5.843	11.571	9.377	4.729	0.295	18.118	0.924478	0.09	0.093071	-27.653	-27.816
SPBC4F6.13c	erb1	inviable	E	4.382	0.734	0.477	0.841	3.478	7.615	6.773	2.673	1.612	109.986	0.994617	0.116	0.026539	-24.107	-24.269
SPBC4F6.14	nop4	inviable	E	4.079	0.651	0.227	0.609	3.378	7.724	7.114	2.533	1.501	102.644	0.991599	0.133	0.032396	-22.211	-22.373
SPBC4F6.15c	swi10	viable	V	1.439	0.104	2.439	3.281	9.369	18.922	15.641	7.51	0.529	26.885	0.996822	0.029	0.020636	-43.63	-43.792
SPBC4F6.16c	ero11	viable	V	0.979	0.164	17.575	17.94	20.576	24.713	6.773	19.771	0.36	7.879	0.783254	0.184	0.14258	-17.694	-17.856
SPBC4F6.17c	hsp78	inviable	E	4.05	0.37	3.764	4.431	9.26	16.836	12.405	7.786	1.49	76.829	0.988371	0.165	0.040805	-19.189	-19.352
SPBC4F6.18c	arf1	inviable	E	4.36	0.73	-0.0	0.364	3.001	7.138	6.773	2.196	1.604	111.424	0.962956	0.289	0.06142	-11.374	-11.536
SPBC530.01	gyp1	viable	V	1.354	0.05	4.919	6.577	18.563	37.371	30.795	14.904	0.498	14.419	0.954586	0.078	0.070256	-29.692	-29.854
SPBC530.02	SPBC530.02	viable	V	1.346	0.226	17.525	17.889	20.526	24.663	6.773	19.721	0.495	10.906	0.782235	0.209	0.14006	-15.909	-16.071
SPBC530.03c	bag102	viable	V	0.274	0.046	6.378	6.743	9.379	13.516	6.773	8.574	0.101	5.257	0.464209	0.153	0.227667	-20.262	-20.425
SPBC530.04	mod5	viable	V	1.696	0.249	-0.0	0.415	3.421	8.136	7.721	2.503	0.624	42.509	0.301851	0.777	0.300194	2.46	2.298
SPBC530.05	prt1	viable	V	0.59	0.027	0.0	1.333	10.978	26.112	24.779	8.034	0.217	9.913	0.593181	0.155	0.219298	-20.136	-20.299
SPBC530.06c	clu1	viable	V	1.24	0.179	0.334	0.757	3.82	8.625	7.867	2.885	0.456	30.587	0.823844	0.206	0.126203	-16.121	-16.283
SPBC530.07c	SPBC530.07c	viable	V	0.583	0.098	0.481	0.845	3.481	7.618	6.773	2.677	0.214	14.628	0.063739	0.917	0.326445	4.782	4.619
SPBC530.08	ntu2	viable	V	1.084	0.182	4.842	5.207	7.843	11.98	6.773	7.038	0.399	22.495	0.806556	0.205	0.147217	-16.212	-16.374
SPBC530.09c	mrl1	viable	V	0.988	0.051	12.83	14.004	22.496	35.823	21.819	19.904	0.363	6.802	0.728509	0.138	0.1599	-21.776	-21.939
SPBC530.10c	anc1	viable	V	0.902	0.151	0.536	0.901	3.537	7.674	6.773	2.732	0.332	22.6	0.963738	0.064	0.064914	-32.441	-32.603
SPBC530.11c	SPBC530.11c	viable	V	0.789	0.072	0.0	0.667	5.494	13.068	12.401	4.02	0.29	17.874	0.950499	0.062	0.072316	-32.984	-33.146
SPBC530.12c	pdf1	inviable	E	5.243	0.878	-0.0	0.364	3.001	7.138	6.773	2.196	1.929	133.974	0.969513	0.322	0.055865	-9.867	-10.029
SPBC530.13	lsc1	viable	V	0.886	0.077	4.994	5.698	10.788	18.776	13.078	9.234	0.326	15.439	0.954299	0.073	0.081984	-30.649	-30.811
SPBC530.14c	dsk1	viable	V	1.685	0.105	7.04	8.022	15.13	26.282	18.26	12.96	0.62	22.017	0.957464	0.124	0.067986	-23.262	-23.425
SPBC530.15c	shp2	viable	V	0.19	0.032	-0.0	0.364	3.001	7.138	6.773	2.196	0.07	4.865	-0.008208	0.256	0.306588	-13.059	-13.222
SPBC530.16	ksh1	inviable	Not_determined	3.89	0.652	-0.0	0.364	3.001	7.138	6.773	2.196	1.431	99.414	0.922443	0.365	0.09013	-8.123	-8.285
SPBC543.02c	SPBC543.02c	viable	V	0.993	0.166	-0.0	0.364	3.001	7.138	6.773	2.196	0.365	25.386	0.575977	0.227	0.194715	-14.769	-14.931
SPBC543.03c	pku80	viable	V	0.541	0.054	0.0	0.607	4.994	11.88	11.273	3.655	0.199	12.567	0.937592	0.049	0.083297	-36.111	-36.273
SPBC543.04	npr3	condition-dependent	E	3.544	0.447	3.0	3.484	6.987	12.483	8.998	5.918	1.304	76.039	0.997013	0.077	0.021877	-29.982	-30.144
SPBC543.05c	bor1	viable	V	1.418	0.225	0.438	0.823	3.609	7.982	7.159	2.759	0.522	35.376	0.941913	0.128	0.081297	-22.802	-22.964
SPBC543.06c	dbp8	inviable	E	5.015	0.84	0.424	0.788	3.425	7.562	6.773	2.62	1.845	126.129	0.963191	0.355	0.066632	-8.511	-8.674
SPBC543.07	pek1	viable	V	0.701	0.076	2.393	2.956	7.033	13.43	10.473	5.788	0.258	14.937	0.846385	0.115	0.128444	-24.3	-24.463
SPBC543.08	fit1	viable	V	1.273	0.205	1.949	2.328	5.069	9.369	7.041	4.232	0.468	29.916	0.887369	0.18	0.117474	-18.0	-18.163
SPBC543.09	yta12	viable	V	2.491	0.105	0.0	1.442	11.875	28.245	26.803	8.69	0.917	39.874	0.930944	0.191	0.084955	-17.185	-17.347
SPBC543.10	get1	viable	V	-0.366	0.013	0.0	1.668	13.737	32.675	31.006	10.053	-0.135	-0.069	-1.354659	0.266	0.558702	-12.543	-12.705
SPBC557.02c	SPBC557.02c	viable	V	2.165	0.363	-0.0	0.364	3.001	7.138	6.773	2.196	0.796	55.319	0.740542	0.401	0.152647	-6.788	-6.95
SPBC557.03c	pim1	inviable	E	3.704	0.621	0.417	0.781	3.417	7.554	6.773	2.613	1.363	93.195	0.980111	0.191	0.048374	-17.199	-17.362
SPBC557.04	ppk29	viable	V	-0.144	-0.007	0.0	1.294	10.655	25.344	24.05	7.797	-0.053	-2.473	0.126521	0.153	0.274293	-20.277	-20.44
SPBC557.05	SPBC557.05	viable	V	0.914	0.153	-0.0	0.364	3.001	7.138	6.773	2.196	0.336	23.349	0.276437	0.481	0.29755	-4.234	-4.396
SPBC56F2.01	pof12	viable	V	0.705	0.056	0.0	0.768	6.319	15.031	14.264	4.625	0.259	15.289	0.88834	0.082	0.112787	-28.958	-29.12
SPBC56F2.02	rpl1901	viable	V	4.301	0.656	0.907	1.308	4.203	8.746	7.439	3.319	1.582	104.682	0.971705	0.273	0.057264	-12.171	-12.333
SPBC56F2.03	arp10	viable	V	0.361	0.061	2.289	2.654	5.29	9.427	6.773	4.485	0.133	8.425	0.457941	0.179	0.227506	-18.081	-18.244
SPBC56F2.04	utp20	viable	V	4.418	0.74	0.45	0.815	3.451	7.588	6.773	2.646	1.625	111.018	0.997896	0.073	0.016439	-30.587	-30.75
SPBC56F2.06	mug147	viable	V	0.273	0.046	-0.0	0.364	3.001	7.138	6.773	2.196	0.1	6.98	-0.137152	0.324	0.412723	-9.761	-9.923
SPBC56F2.07c	SPBC56F2.07c	inviable	E	4.384	0.734	-0.0	0.364	3.001	7.138	6.773	2.196	1.613	112.04	0.977323	0.232	0.052088	-14.432	-14.595
SPBC56F2.08c	puf1	viable	V	1.56	0.104	-0.0	0.919	7.565	17.995	17.076	5.536	0.574	31.671	0.943655	0.122	0.080498	-23.439	-23.601
SPBC56F2.09c	arg5	viable	V	-0.568	-0.095	0.664	1.028	3.665	7.802	6.773	2.86	-0.209	-14.163	0.220325	0.409	0.278843	-6.514	-6.677
SPBC56F2.10c	alg5	viable	V	1.264	0.212	2.158	2.522	5.159	9.296	6.773	4.354	0.465	29.615	0.69195	0.359	0.199051	-8.346	-8.509
SPBC56F2.11	met6	viable	V	3.513	0.46	0.322	0.787	4.157	9.446	8.658	3.129	1.292	85.278	0.992773	0.108	0.029505	-25.222	-25.384
SPBC56F2.12	ilv5	viable	V	5.606	0.939	1.439	1.804	4.44	8.577	6.773	3.635	2.062	135.399	0.958103	0.459	0.076075	-4.912	-5.075
SPBC56F2.14	mrpl44	viable	V	0.441	0.074	0.0	0.364	3.001	7.138	6.773	2.196	0.162	11.258	0.367415	0.205	0.230243	-16.192	-16.354
SPBC577.02	rpl3801	viable	V	3.054	0.512	0.257	0.621	3.258	7.394	6.773	2.453	1.123	77.297	0.97619	0.171	0.05436	-18.751	-18.913
SPBC577.03c	SPBC577.03c	viable	V	0.684	0.022	0.0	1.878	15.466	36.786	34.908	11.318	0.251	9.051	0.415374	0.146	0.235851	-20.962	-21.124
SPBC577.04	tho5	viable	V	3.15	0.306	3.348	3.976	8.523	15.658	11.682	7.135	1.159	62.217	0.986949	0.142	0.044003	-21.353	-21.516
SPBC577.05c	rec27	viable	V	-0.627	0.02	0.0	1.956	16.105	38.306	36.35	11.785	-0.231	-0.138	-2.125324	0.152	0.608776	-20.356	-20.519
SPBC577.06c	stt4	condition-dependent	V	4.127	0.691	0.317	0.681	3.318	7.455	6.773	2.513	1.518	104.215	0.996896	0.082	0.020128	-28.952	-29.115
SPBC577.07	ubp10	inviable	E	4.032	0.618	1.986	2.385	5.264	9.783	7.399	4.385	1.483	93.895	0.969499	0.277	0.06858	-11.962	-12.124
SPBC577.08c	txl1	viable	V	-0.757	0.024	0.0	1.957	16.116	38.334	36.377	11.794	-0.279	-0.167	-1.680036	0.284	0.579203	-11.632	-11.795
SPBC577.09	ckn1	inviable	E	1.463	0.245	-0.0	0.364	3.001	7.138	6.773	2.196	0.538	37.382	0.299978	0.725	0.27902	1.496	1.334
SPBC577.11	SPBC577.11	viable	V	-0.731	-0.122	0.794	1.158	3.795	7.932	6.773	2.99	-0.269	-18.119	0.243291	0.498	0.302267	-3.756	-3.919
SPBC577.12	dph6	viable	V	0.703	0.118	5.132	5.496	8.133	12.27	6.773	7.328	0.259	14.39	0.939984	0.086	0.097676	-28.403	-28.565
SPBC577.13	syj2	viable	V	-0.99	0.031	-0.0	1.955	16.097	38.289	36.333	11.78	-0.364	-0.219	-1.294151	0.25	0.521468	-13.42	-13.583
SPBC577.14c	spa1	viable	V	1.683	0.095	-0.0	1.081	8.898	21.165	20.084	6.512	0.619	31.755	0.670089	0.287	0.177795	-11.478	-11.64
SPBC577.15c	sim3	viable	V	2.594	0.352	11.248	11.698	14.955	20.065	8.368	13.96	0.954	35.136	0.994759	0.069	0.026302	-31.449	-31.611
SPBC582.03	cdc13	inviable	E	3.004	0.503	0.631	0.995	3.632	7.769	6.773	2.827	1.105	74.944	0.951322	0.25	0.076419	-13.419	-13.581
SPBC582.04c	dsh1	viable	V	-0.239	0.04	0.0	0.364	3.001	7.138	6.773	2.196	-0.088	-0.01	-0.013565	0.081	0.322806	-29.126	-29.289
SPBC582.05c	brc1	viable	V	1.596	0.071	1.363	2.735	12.657	28.225	25.49	9.628	0.587	24.488	0.990647	0.046	0.031487	-37.088	-37.25
SPBC582.06c	mcp6	viable	V	0.646	0.048	0.0	0.814	6.704	15.946	15.132	4.906	0.238	13.744	0.814812	0.107	0.146556	-25.291	-25.453
SPBC582.07c	rpn7	inviable	E	2.952	0.495	-0.0	0.364	3.001	7.138	6.773	2.196	1.086	75.446	0.954107	0.211	0.072474	-15.775	-15.937
SPBC582.08	alt1	viable	V	0.385	0.064	-0.0	0.364	3.001	7.138	6.773	2.196	0.142	9.836	0.103313	0.256	0.355372	-13.103	-13.265
SPBC582.09	pex11	viable	V	0.121	-0.019	-0.0	0.396	3.263	7.761	7.365	2.388	0.045	0.005	-0.020995	0.246	0.317255	-13.623	-13.785
SPBC582.10c	rhp1602	viable	V	-0.612	0.019	0.0	1.935	15.93	37.891	35.956	11.657	-0.225	-0.134	-1.532944	0.221	0.621962	-15.147	-15.309
SPBC609.01	SPBC609.01	inviable	E	2.702	0.453	-0.0	0.364	3.001	7.138	6.773	2.196	0.994	69.045	0.9515	0.198	0.074716	-16.705	-16.867
SPBC609.02	ptn1	viable	V	-0.394	-0.066	0.903	1.268	3.904	8.041	6.773	3.099	-0.145	-9.73	0.381275	0.208	0.345995	-15.964	-16.126
SPBC609.03	iqw1	viable	V	0.544	0.091	3.002	3.367	6.003	10.14	6.773	5.198	0.2	12.299	0.464482	0.25	0.259477	-13.415	-13.577
SPBC609.04	caf5	viable	V	0.227	0.038	0.0	0.364	3.001	7.138	6.773	2.196	0.084	5.813	0.521946	0.076	0.196477	-30.035	-30.198
SPBC609.05	pob3	viable	V	2.444	0.157	1.319	2.273	9.168	19.988	17.716	7.063	0.899	45.858	0.991464	0.076	0.031606	-30.123	-30.285
SPBC646.02	cwf11	viable	V	0.616	0.103	-0.0	0.364	3.001	7.138	6.773	2.196	0.227	15.753	0.774162	0.11	0.145191	-24.858	-25.02
SPBC646.03	gta1	inviable	E	4.522	0.546	7.215	7.721	11.379	17.118	9.397	10.262	1.664	77.078	0.998838	0.061	0.013406	-33.099	-33.261
SPBC646.04	pla1	inviable	E	4.285	0.718	2.198	2.563	5.199	9.336	6.773	4.394	1.576	100.246	0.995691	0.112	0.026433	-24.61	-24.772
SPBC646.05c	erg9	inviable	E	4.106	0.688	0.608	0.972	3.609	7.746	6.773	2.804	1.511	102.546	0.994345	0.113	0.027163	-24.482	-24.644
SPBC646.06c	agn2	viable	V	0.128	-0.018	0.0	0.434	3.574	8.501	8.067	2.615	0.047	0.006	-0.017889	0.178	0.291095	-18.129	-18.291
SPBC646.07c	tsc13	inviable	E	4.45	0.746	2.418	2.782	5.419	9.556	6.773	4.614	1.637	103.147	0.998973	0.057	0.013045	-33.995	-34.158
SPBC646.09c	int6	viable	V	1.942	0.184	1.676	2.321	6.988	14.31	11.989	5.563	0.714	41.263	0.95209	0.166	0.076919	-19.174	-19.336
SPBC646.10c	nop56	inviable	E	5.0	0.695	0.047	0.487	3.665	8.652	8.165	2.695	1.839	123.942	0.987572	0.197	0.038292	-16.729	-16.891
SPBC646.11	cct6	inviable	E	3.887	0.588	0.174	0.578	3.498	8.082	7.504	2.607	1.43	97.221	0.99215	0.123	0.030688	-23.387	-23.549
SPBC646.12c	gap1	viable	V	0.579	0.097	0.117	0.482	3.118	7.255	6.773	2.313	0.213	14.728	0.79307	0.108	0.170685	-25.131	-25.293
SPBC646.13	sds23	condition-dependent	V	4.965	0.816	0.037	0.408	3.095	7.312	6.903	2.275	1.827	126.383	0.968197	0.315	0.056483	-10.18	-10.342
SPBC646.14c	orc5	inviable	E	4.765	0.676	0.953	1.383	4.497	9.382	7.998	3.546	1.753	114.388	0.988341	0.192	0.040267	-17.104	-17.267
SPBC646.15c	pex16	viable	V	0.269	0.045	1.686	2.051	4.687	8.824	6.773	3.882	0.099	6.427	0.218769	0.269	0.295105	-12.376	-12.538
SPBC646.16	scl1	inviable	E	3.252	0.545	0.758	1.123	3.759	7.896	6.773	2.954	1.196	80.738	0.978968	0.176	0.052163	-18.301	-18.464
SPBC646.17c	dic1	viable	V	0.254	0.043	-0.0	0.364	3.001	7.138	6.773	2.196	0.094	6.501	0.294504	0.112	0.283432	-24.691	-24.853
SPBC649.02	rps1902	viable	V	1.437	0.174	0.008	0.511	4.148	9.854	9.344	3.037	0.529	34.797	0.885355	0.183	0.109231	-17.779	-17.941
SPBC649.03	rhp14	viable	V	0.879	0.047	2.471	3.616	11.893	24.882	21.266	9.366	0.323	14.121	0.80461	0.145	0.166007	-21.042	-21.204
SPBC649.04	uvi15	viable	V	1.213	0.203	-0.0	0.364	3.001	7.138	6.773	2.196	0.446	30.998	0.164409	0.781	0.280319	2.534	2.372
SPBC649.05	cut12	inviable	E	4.053	0.61	0.691	1.097	4.031	8.635	7.539	3.135	1.491	99.282	0.997584	0.073	0.017702	-30.594	-30.757
SPBC651.01c	nog1	inviable	E	4.468	0.71	0.078	0.462	3.241	7.603	7.141	2.393	1.644	112.995	0.989803	0.159	0.034581	-19.716	-19.879
SPBC651.02	nit1	viable	V	1.241	0.208	2.911	3.276	5.912	10.049	6.773	5.107	0.456	28.147	0.805836	0.247	0.164639	-13.579	-13.742
SPBC651.03c	gyp10	viable	V	0.421	0.057	1.137	1.589	4.861	9.995	8.405	3.862	0.155	9.943	0.885627	0.06	0.129472	-33.31	-33.472
SPBC651.04	SPBC651.04	viable	V	-0.481	0.015	0.0	1.957	16.116	38.334	36.377	11.794	-0.177	-0.106	-0.919328	0.275	0.527181	-12.091	-12.253
SPBC651.05c	dot2	viable	V	-0.367	-0.061	1.324	1.689	4.325	8.462	6.773	3.52	-0.135	-8.903	0.1063	0.511	0.305757	-3.41	-3.572
SPBC651.07	SPBC651.07	viable	V	1.313	0.053	1.738	3.264	14.298	31.612	28.348	10.929	0.483	18.347	0.935353	0.099	0.086893	-26.381	-26.543
SPBC651.08c	rpc1	inviable	E	4.456	0.746	0.191	0.556	3.192	7.329	6.773	2.387	1.639	113.063	0.993944	0.123	0.027272	-23.298	-23.46
SPBC651.09c	prf1	viable	V	3.119	0.273	3.299	3.998	9.05	16.979	12.982	7.508	1.147	59.716	0.993148	0.095	0.030693	-26.905	-27.068
SPBC651.10	nse5	viable	V	4.779	0.314	5.784	6.714	13.439	23.992	17.278	11.386	1.758	70.131	0.997749	0.076	0.01657	-30.086	-30.248
SPBC651.11c	apm3	viable	V	0.665	0.035	0.0	1.161	9.557	22.733	21.572	6.994	0.245	12.099	0.980723	0.029	0.044394	-43.701	-43.863
SPBC651.12c	dbl7	viable	V	0.618	0.104	-0.0	0.364	3.001	7.138	6.773	2.196	0.227	15.797	0.504908	0.183	0.228957	-17.763	-17.925
SPBC660.05	wwm3	viable	V	-0.199	-0.012	0.0	1.004	8.269	19.668	18.664	6.051	-0.073	-3.891	0.15513	0.193	0.31221	-17.035	-17.197
SPBC660.06	wwm2	viable	V	0.572	0.018	0.0	1.958	16.117	38.334	36.377	11.794	0.21	7.327	0.720694	0.102	0.168886	-25.935	-26.097
SPBC660.07	ntp1	viable	V	1.492	0.25	-0.0	0.364	3.001	7.138	6.773	2.196	0.549	38.136	0.880102	0.186	0.108001	-17.534	-17.696
SPBC660.08	atg38	viable	V	-0.002	0.0	-0.0	0.538	4.427	10.531	9.993	3.24	-0.001	-0.0	-0.00176	0.143	0.320721	-21.193	-21.356
SPBC660.09	mug168	viable	V	-0.067	0.002	0.0	1.847	15.21	36.178	34.331	11.13	-0.025	-0.014	-0.115583	0.144	0.373871	-21.101	-21.263
SPBC660.10	gfm2	viable	V	0.824	0.067	5.51	6.26	11.687	20.203	13.942	10.03	0.303	13.59	0.97438	0.05	0.05708	-35.988	-36.15
SPBC660.11	tcg1	viable	V	1.542	0.054	3.57	5.31	17.892	37.635	32.326	14.051	0.567	17.379	0.937291	0.102	0.079107	-25.985	-26.147
SPBC660.12c	egt2	viable	V	0.851	0.143	1.37	1.735	4.371	8.508	6.773	3.566	0.313	20.616	0.578019	0.287	0.216379	-11.459	-11.621
SPBC660.13c	ssb1	inviable	E	4.374	0.725	0.943	1.311	3.974	8.154	6.843	3.161	1.609	107.635	0.992	0.146	0.032069	-20.934	-21.096
SPBC660.14	mik1	viable	V	0.622	0.056	1.233	1.913	6.825	14.533	12.621	5.325	0.229	13.288	0.779223	0.131	0.152676	-22.407	-22.57
SPBC660.15	msi2	inviable	E	4.175	0.535	3.179	3.655	7.099	12.505	8.85	6.048	1.536	89.165	0.99598	0.107	0.024799	-25.23	-25.392
SPBC660.16	gnd1	inviable	E	4.508	0.747	0.163	0.531	3.195	7.375	6.844	2.382	1.659	114.351	0.989196	0.166	0.0352	-19.114	-19.276
SPBC660.17c	SPBC660.17c	viable	V	0.019	-0.003	0.0	0.394	3.24	7.707	7.314	2.371	0.007	0.001	-1.099294	0.15	0.445954	-20.575	-20.737
SPBC685.02	exo5	viable	V	1.208	0.177	-0.0	0.417	3.431	8.162	7.745	2.511	0.444	30.256	0.439096	0.463	0.218017	-4.792	-4.954
SPBC685.03	SPBC685.03	viable	V	1.507	0.253	6.429	6.794	9.43	13.567	6.773	8.625	0.555	28.889	0.803611	0.309	0.166195	-10.444	-10.606
SPBC685.04c	aps2	viable	V	-0.742	-0.124	-0.0	0.364	3.001	7.138	6.773	2.196	-0.273	-18.972	0.418738	0.236	0.233136	-14.205	-14.367
SPBC685.05	gpi15	inviable	E	2.903	0.438	0.939	1.344	4.27	8.863	7.519	3.377	1.068	70.454	0.992614	0.093	0.032723	-27.233	-27.395
SPBC685.07c	rpl2701	viable	V	5.015	0.771	0.711	1.108	3.983	8.493	7.385	3.105	1.845	123.164	0.996198	0.114	0.022953	-24.446	-24.608
SPBC685.08	SPBC685.08	viable	Not_determined	1.172	0.196	-0.0	0.364	3.001	7.138	6.773	2.196	0.431	29.954	0.463754	0.356	0.206405	-8.474	-8.636
SPBC685.09	orc2	inviable	E	3.672	0.615	0.154	0.518	3.155	7.292	6.773	2.35	1.351	93.297	0.985542	0.158	0.042684	-19.865	-20.027
SPBC691.01	pfa5	viable	V	1.145	0.151	12.301	12.763	16.108	21.357	8.594	15.087	0.421	14.172	0.630518	0.277	0.194466	-11.976	-12.139
SPBC691.02c	drp1	inviable	E	4.235	0.709	0.392	0.756	3.393	7.53	6.773	2.588	1.558	106.652	0.992276	0.134	0.030976	-22.119	-22.281
SPBC691.03c	apl3	viable	V	0.313	0.052	0.0	0.364	3.001	7.138	6.773	2.196	0.115	7.997	0.321968	0.163	0.310107	-19.386	-19.548
SPBC691.04	mss116	viable	V	3.855	0.367	7.264	7.905	12.538	19.809	11.904	11.124	1.418	60.699	0.996233	0.087	0.022766	-28.243	-28.405
SPBC691.05c	ist2	viable	V	1.053	0.119	-0.0	0.541	4.453	10.591	10.05	3.258	0.387	25.125	0.406059	0.423	0.236724	-6.037	-6.199
SPBC6B1.02	ppk30	viable	V	0.395	0.066	5.137	5.501	8.137	12.274	6.773	7.333	0.145	8.077	0.881271	0.068	0.138255	-31.631	-31.793
SPBC6B1.03c	pal2	viable	V	-0.091	0.014	0.0	0.387	3.19	7.588	7.2	2.334	-0.034	-0.004	-0.000409	0.151	0.375496	-20.506	-20.668
SPBC6B1.04	mde4	viable	V	3.676	0.318	2.388	3.093	8.196	16.203	13.11	6.638	1.352	73.449	0.995847	0.087	0.023706	-28.212	-28.375
SPBC6B1.05c	atg7	viable	V	0.832	0.069	0.0	0.737	6.064	14.424	13.687	4.438	0.306	18.297	0.945328	0.069	0.080267	-31.409	-31.571
SPBC6B1.06c	ubp14	viable	V	1.09	0.092	1.482	2.206	7.447	15.67	13.464	5.847	0.401	22.564	0.995335	0.027	0.024906	-44.35	-44.512
SPBC6B1.07	prp1	inviable	E	4.518	0.718	0.65	1.034	3.815	8.179	7.145	2.966	1.662	111.785	0.994549	0.122	0.02627	-23.428	-23.591
SPBC6B1.08c	ofd1	viable	V	0.783	0.04	0.0	1.191	9.803	23.317	22.126	7.174	0.288	14.053	0.868426	0.092	0.126856	-27.35	-27.513
SPBC6B1.09c	nbs1	viable	V	3.838	0.353	4.364	5.028	9.827	17.358	12.33	8.362	1.412	70.668	0.997076	0.078	0.020621	-29.632	-29.794
SPBC6B1.10	prp17	condition-dependent	V	1.231	0.07	0.0	1.081	8.902	21.174	20.092	6.514	0.453	23.217	0.939336	0.097	0.083893	-26.617	-26.779
SPBC6B1.12c	sus1	viable	Not_determined	1.21	0.079	3.939	4.868	11.59	22.137	17.269	9.537	0.445	19.909	0.972716	0.071	0.059953	-31.011	-31.173
SPBC713.02c	ubp15	viable	V	0.274	0.046	1.954	2.319	4.955	9.092	6.773	4.15	0.101	6.466	0.387712	0.157	0.28266	-19.907	-20.069
SPBC713.03	dld2	viable	V	-0.482	-0.081	-0.0	0.364	3.001	7.138	6.773	2.196	-0.177	-12.328	0.348748	0.17	0.237472	-18.824	-18.987
SPBC713.04c	pwp2	inviable	E	4.616	0.621	0.153	0.607	3.89	9.043	8.436	2.888	1.698	113.318	0.992717	0.14	0.029692	-21.502	-21.664
SPBC713.05	wdr83	viable	V	0.578	0.034	0.0	1.027	8.458	20.118	19.091	6.19	0.213	11.183	0.963273	0.04	0.073018	-39.239	-39.402
SPBC713.06	adl1	viable	V	-0.267	0.008	0.0	1.948	16.039	38.15	36.202	11.737	-0.098	-0.059	-0.72786	0.235	0.449364	-14.3	-14.462
SPBC713.07c	SPBC713.07c	viable	V	0.494	0.063	0.0	0.479	3.941	9.374	8.895	2.884	0.182	12.07	0.976892	0.027	0.051757	-44.774	-44.936
SPBC713.09	SPBC713.09	viable	V	-0.176	0.029	0.0	0.364	3.001	7.138	6.773	2.196	-0.065	-0.007	-0.002211	0.094	0.282503	-27.134	-27.296
SPBC713.10	tim16	inviable	E	5.105	0.815	0.485	0.868	3.635	7.976	7.109	2.79	1.878	127.223	0.99628	0.113	0.021505	-24.548	-24.71
SPBC713.11c	pmp3	viable	V	0.65	0.109	10.247	10.612	13.248	17.385	6.773	12.443	0.239	9.97	0.694226	0.194	0.16859	-16.955	-17.117
SPBC713.12	erg1	inviable	E	4.084	0.589	0.552	0.976	4.04	8.847	7.871	3.104	1.503	99.909	0.987467	0.167	0.039678	-19.016	-19.179
SPBC725.01	maa1	condition-dependent	V	1.0	0.126	-0.0	0.485	3.994	9.499	9.014	2.922	0.368	24.391	0.952487	0.078	0.068208	-29.746	-29.908
SPBC725.02	mpr1	viable	V	1.577	0.083	-0.0	1.157	9.526	22.658	21.501	6.971	0.58	28.741	0.848872	0.174	0.11539	-18.472	-18.634
SPBC725.03	SPBC725.03	viable	V	-0.01	0.001	0.0	0.415	3.417	8.128	7.713	2.501	-0.004	-0.0	-0.865783	0.159	0.410216	-19.766	-19.928
SPBC725.04	hac1	viable	V	0.42	0.062	0.001	0.416	3.417	8.127	7.711	2.501	0.155	10.539	0.849836	0.066	0.125007	-32.026	-32.188
SPBC725.05c	npp1	viable	V	0.327	0.019	1.134	2.162	9.599	21.27	19.108	7.329	0.12	5.974	0.643732	0.097	0.207153	-26.7	-26.862
SPBC725.06c	ppk31	viable	V	0.214	0.033	0.0	0.397	3.265	7.765	7.369	2.389	0.079	5.413	0.773566	0.044	0.147821	-37.761	-37.923
SPBC725.07	pex5	viable	V	0.784	0.045	-0.0	1.059	8.717	20.735	19.676	6.379	0.289	14.949	0.811198	0.11	0.143188	-24.869	-25.032
SPBC725.08	pir2	inviable	E	4.556	0.685	1.85	2.256	5.193	9.803	7.547	4.296	1.676	106.376	0.999476	0.041	0.008801	-38.79	-38.952
SPBC725.09c	hob3	viable	V	0.894	0.048	1.597	2.722	10.861	23.632	20.909	8.376	0.329	15.222	0.906226	0.094	0.116398	-27.043	-27.205
SPBC725.10	tsp0	condition-dependent	V	-0.104	-0.017	-0.0	0.364	3.001	7.138	6.773	2.196	-0.038	-2.665	-0.03583	0.138	0.298871	-21.719	-21.881
SPBC725.11c	php2	condition-dependent	V	-0.008	0.0	-0.0	1.957	16.116	38.334	36.377	11.794	-0.003	-0.002	-0.252013	0.164	0.355038	-19.338	-19.501
SPBC725.12	nbl1	viable	Not_determined	2.517	0.26	1.893	2.484	6.762	13.475	10.991	5.456	0.926	54.223	0.771025	0.52	0.163058	-3.142	-3.304
SPBC725.13c	psf2	inviable	E	5.083	0.704	0.353	0.794	3.984	8.991	8.197	3.01	1.87	124.461	0.991657	0.167	0.032202	-19.033	-19.195
SPBC725.14	arg6	viable	V	0.447	0.018	0.0	1.488	12.25	29.138	27.65	8.964	0.164	7.002	0.879468	0.041	0.102276	-38.855	-39.017
SPBC725.15	ura5	viable	V	1.398	0.138	0.754	1.373	5.848	12.87	11.497	4.482	0.514	31.315	0.947821	0.12	0.083863	-23.683	-23.845
SPBC725.16	res1	inviable	E	3.417	0.304	0.459	1.146	6.116	13.916	12.77	4.599	1.257	75.285	0.990142	0.12	0.034063	-23.711	-23.873
SPBC725.17c	rrn11	inviable	E	4.22	0.653	1.855	2.25	5.107	9.589	7.339	4.235	1.553	98.968	0.992678	0.141	0.032531	-21.401	-21.563
SPBC776.01	rpl29	viable	V	1.075	0.153	5.06	5.488	8.591	13.459	7.97	7.644	0.396	21.425	0.964499	0.091	0.070287	-27.542	-27.705
SPBC776.02c	dis2	viable	V	0.594	0.1	5.156	5.52	8.157	12.294	6.773	7.352	0.219	12.15	0.118838	0.854	0.352561	3.789	3.627
SPBC776.03	hom6	viable	V	4.446	0.745	0.63	0.995	3.631	7.768	6.773	2.826	1.636	110.947	0.994505	0.121	0.026567	-23.624	-23.787
SPBC776.04	sec2302	viable	V	4.593	0.445	4.446	5.077	9.638	16.795	11.718	8.245	1.69	85.595	0.996796	0.099	0.0221	-26.332	-26.494
SPBC776.05	gpc1	viable	V	-0.21	0.02	0.0	0.636	5.237	12.456	11.82	3.832	-0.077	-0.015	-0.019862	0.082	0.317734	-29.073	-29.235
SPBC776.06c	SPBC776.06c	viable	V	0.641	0.107	0.507	0.872	3.508	7.645	6.773	2.703	0.236	16.083	0.751903	0.14	0.1845	-21.541	-21.703
SPBC776.07	mam33	inviable	E	4.851	0.781	1.633	2.012	4.755	9.06	7.049	3.918	1.784	115.544	0.999789	0.027	0.005629	-44.395	-44.557
SPBC776.08c	utp22	inviable	E	3.601	0.603	0.143	0.507	3.143	7.28	6.773	2.339	1.325	91.539	0.99024	0.127	0.034776	-22.921	-23.083
SPBC776.09	ste13	viable	V	3.937	0.248	0.797	1.768	8.793	19.815	18.047	6.648	1.448	75.176	0.982756	0.171	0.045246	-18.697	-18.859
SPBC776.10c	cog6	inviable	E	4.145	0.673	2.623	3.0	5.721	9.991	6.991	4.89	1.525	94.758	0.996725	0.096	0.023286	-26.858	-27.02
SPBC776.12c	hsk1	condition-dependent	E	4.117	0.69	0.005	0.37	3.006	7.143	6.773	2.201	1.515	105.195	0.988831	0.153	0.037019	-20.276	-20.438
SPBC776.13	cnd1	inviable	E	5.279	0.813	0.784	1.181	4.049	8.549	7.369	3.173	1.942	129.308	0.999168	0.056	0.010541	-34.297	-34.46
SPBC776.14	plh1	viable	V	1.293	0.217	2.159	2.523	5.16	9.297	6.773	4.355	0.476	30.307	0.924334	0.156	0.105806	-20.024	-20.186
SPBC776.15c	kgd2	viable	V	2.323	0.182	7.412	8.193	13.843	22.71	14.517	12.118	0.855	33.339	0.998528	0.032	0.013665	-42.385	-42.548
SPBC776.16	mis20	viable	V	0.231	0.039	2.017	2.381	5.018	9.155	6.773	4.213	0.085	5.458	0.459999	0.132	0.224378	-22.38	-22.542
SPBC776.17	rrp7	viable	V	4.607	0.415	0.215	0.893	5.8	13.499	12.606	4.302	1.695	102.938	0.98913	0.167	0.036438	-19.017	-19.18
SPBC776.18c	pmh1	inviable	E	4.305	0.685	4.654	5.038	7.812	12.165	7.128	6.965	1.584	89.368	0.992095	0.16	0.037052	-19.683	-19.845
SPBC800.02	whi5	viable	V	0.856	0.027	-0.0	1.957	16.116	38.334	36.377	11.794	0.315	10.967	0.354525	0.229	0.259959	-14.651	-14.813
SPBC800.05c	atb2	viable	V	0.411	0.03	1.147	1.982	8.024	17.505	15.522	6.18	0.151	8.208	0.573842	0.132	0.203889	-22.38	-22.542
SPBC800.06	brx1	inviable	E	3.609	0.605	0.379	0.744	3.38	7.517	6.773	2.575	1.328	90.926	0.991446	0.12	0.031973	-23.643	-23.806
SPBC800.07c	tsf1	viable	V	3.384	0.557	10.617	10.988	13.673	17.886	6.898	12.853	1.245	50.473	0.986677	0.148	0.044281	-20.732	-20.894
SPBC800.08	trm6	viable	V	3.395	0.19	0.647	1.74	9.647	22.056	20.316	7.233	1.249	61.696	0.991613	0.099	0.030284	-26.343	-26.505
SPBC800.09	sum2	viable	V	2.452	0.165	1.243	2.15	8.711	19.005	16.855	6.708	0.902	47.181	0.94759	0.196	0.078191	-16.808	-16.97
SPBC800.10c	ede1	viable	V	3.703	0.362	2.743	3.367	7.878	14.956	11.59	6.501	1.362	75.52	0.998559	0.054	0.014593	-34.948	-35.11
SPBC800.11	SPBC800.11	viable	V	0.491	0.082	0.831	1.196	3.832	7.969	6.773	3.027	0.181	12.166	0.486818	0.202	0.2566	-16.379	-16.541
SPBC800.12c	SPBC800.12c	viable	V	0.558	0.094	0.0	0.364	3.001	7.138	6.773	2.196	0.205	14.265	0.431567	0.228	0.272361	-14.683	-14.845
SPBC800.13	cnp20	inviable	E	4.08	0.395	3.335	3.966	8.525	15.68	11.714	7.133	1.501	80.549	0.993481	0.124	0.031688	-23.182	-23.345
SPBC800.14c	SPBC800.14c	viable	Not_determined	0.337	0.056	-0.0	0.364	3.001	7.138	6.773	2.196	0.124	8.607	0.145476	0.165	0.293543	-19.203	-19.365
SPBC83.01	ucp8	viable	V	0.173	0.029	-0.0	0.364	3.001	7.138	6.773	2.196	0.064	4.412	0.022366	0.142	0.350959	-21.279	-21.441
SPBC83.03c	tas3	viable	V	0.348	0.011	0.0	1.958	16.117	38.334	36.377	11.794	0.128	4.457	0.623485	0.087	0.20591	-28.203	-28.365
SPBC83.04	apc15	viable	V	0.469	0.079	-0.0	0.364	3.001	7.138	6.773	2.196	0.173	11.987	-0.095419	0.649	0.414817	-0.057	-0.22
SPBC83.05	yme2	viable	V	-0.003	0.0	0.0	1.009	8.31	19.766	18.756	6.081	-0.001	-0.0	-0.02196	0.19	0.3789	-17.263	-17.425
SPBC83.06c	rtc6	inviable	E	3.77	0.472	3.625	4.113	7.643	13.181	9.068	6.565	1.387	78.418	0.986569	0.175	0.044756	-18.42	-18.582
SPBC83.07	jmj3	inviable	E	3.237	0.313	3.796	4.429	9.004	16.183	11.754	7.607	1.191	62.366	0.995448	0.083	0.025742	-28.838	-29.0
SPBC83.08	rvb2	inviable	E	4.918	0.793	0.731	1.11	3.848	8.145	7.035	3.012	1.809	121.561	0.985487	0.219	0.041983	-15.257	-15.42
SPBC83.09c	lin1	viable	V	1.108	0.035	0.0	1.957	16.116	38.334	36.377	11.794	0.408	14.198	0.368968	0.33	0.248332	-9.53	-9.693
SPBC83.10	emc7	viable	V	0.569	0.036	0.0	0.951	7.831	18.627	17.675	5.731	0.209	11.377	0.444659	0.211	0.245596	-15.785	-15.947
SPBC83.11	pet2	viable	V	0.242	0.041	2.558	2.923	5.559	9.696	6.773	4.754	0.089	5.582	0.254796	0.24	0.256104	-13.981	-14.144
SPBC83.12	SPBC83.12	viable	V	-1.0	-0.168	-0.0	0.364	3.001	7.138	6.773	2.196	-0.368	-25.554	0.606165	0.333	0.214117	-9.388	-9.55
SPBC83.13	yhm2	viable	V	0.917	0.154	1.952	2.316	4.953	9.09	6.773	4.148	0.337	21.672	0.187297	0.738	0.364494	1.742	1.579
SPBC83.14c	rfc5	inviable	E	4.573	0.692	2.983	3.387	6.305	10.884	7.498	5.414	1.682	101.723	0.998323	0.076	0.016495	-30.074	-30.236
SPBC83.15	wdr74	inviable	E	4.088	0.672	0.263	0.634	3.321	7.537	6.902	2.501	1.504	103.187	0.994562	0.108	0.025778	-25.214	-25.377
SPBC83.16c	SPBC83.16c	viable	V	0.115	0.019	0.0	0.364	3.001	7.138	6.773	2.196	0.042	2.947	0.036172	0.135	0.32339	-22.016	-22.179
SPBC83.18c	fic1	viable	V	1.71	0.287	1.08	1.445	4.081	8.218	6.773	3.276	0.629	41.918	0.75508	0.384	0.18355	-7.4	-7.562
SPBC839.02	aly1	viable	V	0.665	0.021	1.114	3.003	16.67	38.116	35.113	12.498	0.245	8.212	0.397581	0.242	0.244024	-13.859	-14.022
SPBC839.03c	dcn1	viable	V	1.494	0.075	3.898	5.108	13.864	27.602	22.494	11.191	0.55	21.303	0.975112	0.075	0.054353	-30.272	-30.435
SPBC839.05c	rps1701	viable	V	3.642	0.264	1.066	1.908	8.001	17.562	15.654	6.141	1.34	72.851	0.985274	0.154	0.04306	-20.197	-20.359
SPBC839.06	cta3	viable	V	-0.028	0.003	0.0	0.538	4.432	10.541	10.003	3.243	-0.01	-0.002	-0.022096	0.381	0.312224	-7.513	-7.675
SPBC839.07	ibp1	viable	V	0.293	0.049	0.0	0.364	3.001	7.138	6.773	2.196	0.108	7.482	0.515757	0.103	0.237277	-25.89	-26.052
SPBC839.08c	its8	condition-dependent	E	4.012	0.672	0.664	1.029	3.665	7.802	6.773	2.86	1.476	99.962	0.997191	0.078	0.018897	-29.713	-29.876
SPBC839.10	usp107	inviable	E	3.599	0.252	0.906	1.776	8.074	17.956	16.18	6.151	1.324	71.61	0.953763	0.271	0.078367	-12.275	-12.437
SPBC839.11c	hut1	viable	V	0.645	0.038	7.6	8.634	16.117	27.859	19.225	13.833	0.237	7.839	0.632161	0.174	0.2315	-18.512	-18.674
SPBC839.13c	rpl1601	viable	V	0.123	0.021	-0.0	0.364	3.001	7.138	6.773	2.196	0.045	3.136	-0.156505	0.15	0.430922	-20.563	-20.726
SPBC839.14c	efm4	viable	V	0.344	0.057	0.0	0.37	3.043	7.239	6.869	2.227	0.127	8.773	0.447572	0.138	0.23582	-21.708	-21.87
SPBC839.15c	tef103	viable	V	1.608	0.259	-0.0	0.379	3.118	7.417	7.039	2.282	0.591	40.863	0.89873	0.184	0.096377	-17.671	-17.834
SPBC839.16	thf1	viable	V	0.55	0.092	3.119	3.484	6.12	10.257	6.773	5.315	0.202	12.367	0.920368	0.071	0.111643	-31.096	-31.259
SPBC839.17c	fkh1	viable	V	0.43	0.039	-0.0	0.666	5.483	13.042	12.376	4.013	0.158	9.748	0.091535	0.379	0.309073	-7.597	-7.76
SPBC839.19	new20	viable	Not_determined	0.08	-0.013	0.0	0.367	3.019	7.181	6.814	2.209	0.03	0.003	-0.024983	0.177	0.327335	-18.235	-18.398
SPBC839.20	new14	viable	Not_determined	1.031	0.173	5.205	5.57	8.206	12.343	6.773	7.401	0.379	21.015	0.277243	0.653	0.284355	0.037	-0.125
SPBC887.01	adi1	viable	V	1.233	0.181	1.404	1.82	4.827	9.547	7.727	3.909	0.454	29.217	0.733556	0.282	0.185407	-11.722	-11.884
SPBC887.02	SPBC887.02	viable	V	0.948	0.138	0.546	0.967	4.012	8.791	7.825	3.082	0.349	23.226	0.677871	0.242	0.186346	-13.881	-14.044
SPBC887.03c	noc3	inviable	E	4.989	0.836	0.028	0.392	3.028	7.165	6.773	2.224	1.836	127.372	0.992214	0.155	0.031424	-20.085	-20.247
SPBC887.04c	lub1	viable	V	0.548	0.034	0.0	0.985	8.104	19.276	18.292	5.931	0.202	10.809	0.963858	0.037	0.072861	-40.041	-40.203
SPBC887.05c	cwf29	viable	V	3.146	0.321	0.47	1.068	5.396	12.186	11.118	4.075	1.157	71.935	0.971906	0.192	0.056143	-17.091	-17.253
SPBC887.06c	snx3	viable	V	0.692	-0.029	0.0	1.441	11.862	28.215	26.774	8.681	0.255	0.113	-0.328957	0.286	0.359324	-11.506	-11.668
SPBC887.07	mrpl38	inviable	E	4.127	0.691	4.694	5.058	7.695	11.832	6.773	6.89	1.518	86.261	0.995318	0.122	0.028773	-23.397	-23.559
SPBC887.08	SPBC887.08	viable	V	1.15	0.193	0.687	1.051	3.688	7.825	6.773	2.883	0.423	28.639	0.864889	0.172	0.141667	-18.657	-18.819
SPBC887.09c	sog2	inviable	E	3.392	0.367	0.562	1.127	5.212	11.622	10.495	3.965	1.248	78.34	0.953306	0.268	0.077085	-12.413	-12.576
SPBC887.10	mcs4	viable	V	1.018	0.17	5.479	5.844	8.48	12.617	6.773	7.675	0.374	20.47	0.941182	0.102	0.094934	-26.017	-26.179
SPBC887.11	pus2	viable	V	0.227	0.022	0.0	0.64	5.269	12.532	11.892	3.856	0.083	5.198	0.430664	0.088	0.277727	-28.064	-28.226
SPBC887.12	SPBC887.12	inviable	E	4.618	0.774	0.259	0.623	3.26	7.396	6.773	2.455	1.699	116.877	0.994077	0.127	0.027269	-22.903	-23.065
SPBC887.13c	cem1	inviable	E	4.589	0.476	8.606	9.195	13.455	20.139	10.944	12.155	1.688	68.318	0.996442	0.102	0.022455	-25.982	-26.144
SPBC887.14c	pfh1	inviable	E	4.136	0.542	0.375	0.84	4.21	9.496	8.656	3.181	1.522	100.208	0.995498	0.1	0.023788	-26.229	-26.391
SPBC887.15c	sur2	viable	V	1.766	0.296	2.287	2.651	5.287	9.424	6.773	4.483	0.65	41.169	0.550318	0.636	0.267208	-0.331	-0.493
SPBC887.16	SPBC887.16	viable	Not_determined	-1.0	0.031	0.0	1.957	16.116	38.334	36.377	11.794	-0.368	-0.221	-2.652289	0.193	0.614183	-16.997	-17.159
SPBC887.17	SPBC887.17	condition-dependent	V	1.011	0.061	0.0	1.016	8.364	19.893	18.878	6.12	0.372	19.64	0.933893	0.084	0.085554	-28.661	-28.823
SPBC887.18c	hfi1	viable	V	2.697	0.242	5.509	6.19	11.113	18.838	12.648	9.61	0.992	46.159	0.998588	0.038	0.014288	-39.848	-40.011
SPBC887.19	rft1	inviable	E	3.812	0.639	0.545	0.909	3.546	7.683	6.773	2.741	1.402	95.421	0.980191	0.198	0.05074	-16.685	-16.847
SPBC887.22	spc1	condition-dependent	Not_determined	0.665	0.111	-0.0	0.364	3.001	7.138	6.773	2.196	0.245	16.994	0.401879	0.264	0.249932	-12.623	-12.785
SPBC8D2.01	gsk31	viable	V	0.516	0.086	-0.0	0.364	3.001	7.138	6.773	2.196	0.19	13.183	0.646368	0.127	0.207234	-22.863	-23.026
SPBC8D2.03c	hhf2	viable	V	-1.0	0.031	0.171	2.118	16.201	38.301	36.183	11.902	-0.368	-0.231	-1.278031	0.296	0.514736	-11.02	-11.183
SPBC8D2.05c	sfi1	inviable	E	4.189	0.586	0.486	0.922	4.079	9.033	8.111	3.115	1.541	102.214	0.991211	0.143	0.032746	-21.229	-21.391
SPBC8D2.06	irs1	inviable	E	4.301	0.72	-0.0	0.364	3.001	7.138	6.773	2.196	1.582	109.906	0.987877	0.164	0.037886	-19.31	-19.472
SPBC8D2.07c	sfc9	inviable	E	4.752	0.628	5.745	6.207	9.546	14.787	8.58	8.527	1.748	89.939	0.999704	0.034	0.007102	-41.521	-41.683
SPBC8D2.09c	msl1	inviable	E	4.684	0.785	0.871	1.235	3.872	8.008	6.773	3.067	1.723	115.78	0.96922	0.311	0.061253	-10.355	-10.517
SPBC8D2.10c	rmt3	viable	V	0.741	0.043	0.0	1.055	8.687	20.662	19.607	6.357	0.273	14.155	0.940794	0.063	0.084201	-32.803	-32.965
SPBC8D2.11	SPBC8D2.11	viable	V	-0.373	0.013	0.0	1.756	14.454	34.381	32.625	10.577	-0.137	-0.074	-1.479813	0.199	0.552144	-16.618	-16.781
SPBC8D2.12c	tac1	viable	V	0.66	0.111	1.237	1.601	4.238	8.375	6.773	3.433	0.243	16.066	0.691225	0.179	0.191184	-18.119	-18.281
SPBC8D2.13	shq1	inviable	E	4.774	0.739	1.07	1.465	4.318	8.795	7.33	3.447	1.756	115.692	0.994572	0.132	0.026822	-22.325	-22.487
SPBC8D2.14c	sed5	inviable	E	4.205	0.704	-0.0	0.364	3.001	7.138	6.773	2.196	1.547	107.452	0.985403	0.179	0.040407	-18.098	-18.26
SPBC8D2.15	lip5	inviable	E	4.342	0.528	6.147	6.65	10.284	15.986	9.336	9.174	1.597	78.77	0.998048	0.078	0.018062	-29.729	-29.891
SPBC8D2.16c	SPBC8D2.16c	viable	V	0.893	0.15	-0.0	0.364	3.001	7.138	6.773	2.196	0.328	22.819	0.566426	0.265	0.181718	-12.595	-12.758
SPBC8D2.17	gmh4	viable	V	4.102	0.401	5.404	6.029	10.549	17.642	11.613	9.169	1.509	72.749	0.991155	0.146	0.036736	-20.978	-21.14
SPBC8D2.18c	sah1	viable	V	5.01	0.447	-0.0	0.684	5.631	13.393	12.709	4.12	1.843	112.693	0.980853	0.24	0.047011	-13.977	-14.14
SPBC8D2.19	mde3	viable	V	-0.227	-0.007	0.0	1.952	16.074	38.233	36.281	11.763	-0.084	-2.917	0.403829	0.096	0.241694	-26.744	-26.907
SPBC8D2.23	new15	viable	Not_determined	-0.471	-0.079	-0.0	0.364	3.001	7.138	6.773	2.196	-0.173	-12.024	0.263334	0.175	0.248447	-18.369	-18.532
SPBC8E4.01c	pho84	viable	V	0.179	0.03	0.0	0.364	3.001	7.138	6.773	2.196	0.066	4.573	0.323887	0.095	0.302602	-26.952	-27.114
SPBC8E4.03	agm3	viable	V	0.376	0.039	0.0	0.596	4.906	11.669	11.073	3.59	0.138	8.777	0.338543	0.203	0.256861	-16.329	-16.491
SPBC8E4.04	SPBC8E4.04	viable	V	0.246	0.041	-0.0	0.364	3.001	7.138	6.773	2.196	0.091	6.292	0.011835	0.33	0.286071	-9.504	-9.666
SPBC8E4.05c	SPBC8E4.05c	viable	V	0.268	0.008	-0.0	1.957	16.116	38.334	36.377	11.794	0.098	3.431	0.79128	0.039	0.151505	-39.333	-39.495
SPBC902.02c	ctf18	viable	V	1.299	0.082	1.6	2.565	9.545	20.499	17.934	7.414	0.478	23.899	0.997756	0.021	0.016619	-48.103	-48.265
SPBC902.03	nem2	viable	V	1.768	0.19	4.162	4.732	8.851	15.316	10.584	7.594	0.65	34.456	0.96615	0.133	0.069037	-22.291	-22.453
SPBC902.04	rmn1	viable	V	0.801	0.028	3.67	5.404	17.942	37.616	32.212	14.114	0.295	8.995	0.584846	0.191	0.240977	-17.17	-17.332
SPBC902.05c	idh2	viable	V	2.265	0.242	0.542	1.113	5.245	11.728	10.616	3.983	0.833	52.232	0.94988	0.188	0.07318	-17.371	-17.533
SPBC902.06	mto2	viable	V	0.339	0.026	0.0	0.782	6.44	15.317	14.534	4.713	0.125	7.303	0.116731	0.231	0.282751	-14.497	-14.659
SPBC947.01	knk1	viable	V	0.176	0.03	2.252	2.616	5.252	9.389	6.773	4.447	0.065	4.112	0.119977	0.292	0.331499	-11.248	-11.41
SPBC947.02	apl2	viable	V	4.633	0.666	3.523	3.948	7.022	11.845	7.898	6.083	1.704	99.593	0.997367	0.097	0.020555	-26.613	-26.775
SPBC947.04	pfl3	viable	V	-0.422	-0.071	-0.0	0.364	3.001	7.138	6.773	2.196	-0.155	-10.777	0.331061	0.148	0.289655	-20.719	-20.881
SPBC947.05c	frp2	viable	V	-0.408	0.013	-0.0	1.94	15.971	37.989	36.049	11.687	-0.15	-0.089	0.015344	0.218	0.355556	-15.351	-15.514
SPBC947.06c	SPBC947.06c	viable	V	-0.578	-0.038	0.0	0.917	7.551	17.96	17.043	5.526	-0.212	-11.735	0.682477	0.121	0.175803	-23.553	-23.715
SPBC947.07	rrp1402	inviable	E	4.777	0.8	-0.0	0.364	3.001	7.138	6.773	2.196	1.757	122.068	0.957182	0.35	0.069576	-8.707	-8.869
SPBC947.08c	hip4	viable	V	1.866	0.095	0.0	1.202	9.894	23.534	22.332	7.24	0.686	33.312	0.95238	0.129	0.070956	-22.725	-22.888
SPBC947.10	dsc1	viable	V	-0.007	0.001	0.0	0.364	3.001	7.138	6.773	2.196	-0.003	-0.0	-0.724264	0.091	0.411921	-27.551	-27.713
SPBC947.11c	elg1	viable	V	0.359	0.06	-0.0	0.364	3.001	7.138	6.773	2.196	0.132	9.182	0.439779	0.135	0.237467	-21.998	-22.16
SPBC947.12	kms2	condition-dependent	E	4.499	0.434	2.494	3.128	7.708	14.897	11.769	6.31	1.655	92.464	0.996801	0.095	0.021611	-26.919	-27.081
SPBC947.13	rba50	viable	V	4.475	0.541	-0.0	0.505	4.16	9.896	9.39	3.044	1.646	108.31	0.984022	0.2	0.043716	-16.55	-16.713
SPBC947.14c	cbp6	viable	V	1.53	0.094	0.939	1.936	9.145	20.457	18.521	6.944	0.563	28.673	0.977769	0.078	0.051428	-29.767	-29.93
SPBC947.15c	ndi1	viable	V	0.927	0.05	-0.0	1.136	9.355	22.252	21.116	6.846	0.341	17.06	0.875751	0.1	0.110478	-26.177	-26.339
SPBC9B6.04c	tuf1	inviable	E	3.279	0.549	4.198	4.562	7.199	11.336	6.773	6.394	1.206	70.153	0.983857	0.181	0.053314	-17.901	-18.063
SPBC9B6.05c	lsm3	inviable	E	4.824	0.486	0.728	1.335	5.72	12.601	11.267	4.381	1.775	108.748	0.997522	0.087	0.017803	-28.248	-28.41
SPBC9B6.06	mrpl10	inviable	E	4.835	0.727	4.213	4.619	7.557	12.168	7.548	6.66	1.779	101.461	0.996242	0.121	0.025059	-23.514	-23.676
SPBC9B6.07	nop52	viable	V	3.429	0.429	-0.0	0.487	4.014	9.547	9.059	2.937	1.261	83.569	0.969509	0.213	0.057916	-15.68	-15.842
SPBC9B6.09c	mdl1	viable	V	0.271	-0.01	0.0	1.728	14.231	33.849	32.121	10.414	0.1	0.053	-0.544634	0.161	0.412926	-19.565	-19.728
SPBC9B6.10	cdc37	inviable	E	5.017	0.84	3.346	3.711	6.347	10.484	6.773	5.542	1.846	111.628	0.999235	0.058	0.011644	-33.855	-34.017
SPBC9B6.11c	SPBC9B6.11c	viable	V	2.027	0.088	1.664	3.068	13.222	29.156	26.088	10.122	0.746	30.117	0.990905	0.057	0.030983	-34.172	-34.335
SPBP16F5.02	mcs2	inviable	E	3.584	0.465	2.262	2.732	6.138	11.483	8.751	5.099	1.319	80.009	0.989871	0.144	0.040332	-21.148	-21.311
SPBP16F5.03c	tra1	viable	V	1.004	0.066	-0.0	0.928	7.638	18.168	17.241	5.59	0.369	20.294	0.938249	0.078	0.075226	-29.767	-29.929
SPBP16F5.04	ubc7	viable	V	0.632	0.02	-0.0	1.957	16.116	38.334	36.377	11.794	0.232	8.097	0.604702	0.109	0.217196	-25.053	-25.216
SPBP16F5.05c	yar1	viable	V	3.458	0.345	1.205	1.817	6.242	13.186	11.369	4.891	1.272	76.162	0.99341	0.103	0.030308	-25.849	-26.011
SPBP16F5.06	nop8	inviable	E	4.272	0.633	0.82	1.232	4.214	8.893	7.661	3.304	1.571	103.844	0.997236	0.083	0.019021	-28.821	-28.984
SPBP16F5.07	apm1	condition-dependent	V	4.317	0.517	1.407	1.917	5.606	11.394	9.478	4.48	1.588	98.433	0.993376	0.132	0.03024	-22.318	-22.48
SPBP16F5.08c	fmo1	viable	V	0.992	0.166	0.518	0.882	3.519	7.656	6.773	2.714	0.365	24.854	0.723937	0.227	0.174262	-14.745	-14.907
SPBP18G5.02	pgs1	inviable	E	5.281	0.757	5.673	6.099	9.18	14.015	7.916	8.239	1.943	102.131	0.998385	0.089	0.017055	-27.812	-27.975
SPBP18G5.03	toc1	viable	V	1.029	0.172	0.394	0.759	3.395	7.532	6.773	2.59	0.378	25.906	0.603909	0.301	0.180822	-10.823	-10.985
SPBP19A11.01	gcv3	inviable	E	3.715	0.323	2.095	2.797	7.876	15.845	13.048	6.326	1.367	75.416	0.991964	0.123	0.033896	-23.321	-23.484
SPBP19A11.02c	SPBP19A11.02c	viable	V	-0.519	-0.087	-0.0	0.364	3.001	7.138	6.773	2.196	-0.191	-13.269	0.160939	0.259	0.29815	-12.924	-13.086
SPBP19A11.03c	mts4	inviable	E	3.983	0.63	1.198	1.584	4.377	8.759	7.175	3.524	1.465	96.35	0.996997	0.083	0.020275	-28.898	-29.061
SPBP19A11.04c	mor2	inviable	E	4.233	0.709	1.563	1.927	4.564	8.7	6.773	3.759	1.557	101.736	0.997002	0.09	0.021236	-27.669	-27.831
SPBP19A11.06	lid2	inviable	E	4.041	0.41	2.354	2.956	7.312	14.148	11.192	5.982	1.487	84.796	0.993785	0.121	0.030886	-23.588	-23.75
SPBP19A11.07c	hid2	unknown	Not_determined	0.453	0.076	0.0	0.365	3.001	7.138	6.773	2.196	0.167	11.588	0.402764	0.202	0.242925	-16.419	-16.581
SPBP22H7.02c	mrd1	inviable	E	4.685	0.785	-0.0	0.364	3.001	7.138	6.773	2.196	1.723	119.711	0.981754	0.22	0.046577	-15.169	-15.331
SPBP22H7.03	sbg1	inviable	E	4.639	0.624	1.075	1.529	4.812	9.963	8.434	3.809	1.707	109.763	0.95147	0.389	0.080251	-7.219	-7.382
SPBP22H7.04	SPBP22H7.04	viable	V	-0.564	-0.031	-0.0	1.102	9.072	21.578	20.476	6.639	-0.207	-10.536	0.540307	0.116	0.218374	-24.111	-24.273
SPBP22H7.05c	abo2	viable	V	0.376	0.012	0.0	1.957	16.116	38.334	36.377	11.794	0.138	4.817	0.726462	0.071	0.170424	-31.085	-31.247
SPBP22H7.06	nrk1	viable	V	2.521	0.094	5.32	6.952	18.762	37.293	30.341	15.157	0.928	26.382	0.650729	0.442	0.205498	-5.442	-5.605
SPBP22H7.07	prp5	inviable	E	5.841	0.979	0.514	0.879	3.515	7.652	6.773	2.71	2.149	146.409	0.967766	0.389	0.065364	-7.231	-7.393
SPBP22H7.08	rps1002	viable	V	3.887	0.651	-0.0	0.364	3.001	7.138	6.773	2.196	1.43	99.322	0.944536	0.309	0.078998	-10.447	-10.609
SPBP22H7.09c	mis15	inviable	E	4.879	0.532	2.928	3.487	7.536	13.889	10.402	6.3	1.795	101.565	0.992207	0.166	0.033692	-19.109	-19.272
SPBP23A10.02	pkr1	viable	V	4.679	0.207	5.166	6.543	16.505	32.139	25.596	13.464	1.721	56.229	0.995598	0.088	0.021898	-28.028	-28.191
SPBP23A10.03c	sdh7	viable	V	0.965	0.089	-0.0	0.661	5.439	12.937	12.276	3.98	0.355	21.912	0.222477	0.533	0.268273	-2.822	-2.984
SPBP23A10.04	apc2	inviable	E	4.264	0.714	0.754	1.119	3.755	7.892	6.773	2.95	1.568	105.869	0.997338	0.081	0.019203	-29.12	-29.282
SPBP23A10.05	ssr4	condition-dependent	V	3.052	0.2	2.701	3.632	10.364	20.928	17.296	8.309	1.123	53.839	0.984015	0.131	0.045288	-22.463	-22.626
SPBP23A10.06	mtm1	inviable	E	4.518	0.694	4.434	4.831	7.705	12.214	7.383	6.828	1.662	94.197	0.998035	0.084	0.018559	-28.684	-28.846
SPBP23A10.07	rpa2	inviable	E	4.543	0.733	0.47	0.849	3.587	7.883	7.034	2.751	1.671	113.447	0.99232	0.144	0.030864	-21.1	-21.262
SPBP23A10.08	alp5	inviable	E	3.593	0.57	2.419	2.804	5.589	9.96	7.156	4.739	1.322	82.565	0.996643	0.084	0.022788	-28.754	-28.916
SPBP23A10.09	psf1	inviable	E	3.192	0.535	0.421	0.785	3.422	7.559	6.773	2.617	1.174	80.298	0.958911	0.241	0.072954	-13.928	-14.09
SPBP23A10.10	ppk32	viable	V	1.118	0.043	-0.0	1.591	13.101	31.162	29.571	9.587	0.411	16.749	0.623882	0.201	0.215508	-16.488	-16.65
SPBP23A10.11c	SPBP23A10.11c	viable	Not_determined	0.729	0.122	2.599	2.964	5.6	9.737	6.773	4.795	0.268	16.769	0.647026	0.248	0.184854	-13.537	-13.7
SPBP23A10.12	frg1	viable	V	-1.0	0.031	0.0	1.957	16.116	38.334	36.377	11.794	-0.368	-0.221	0.020885	0.386	0.291084	-7.317	-7.479
SPBP23A10.13	orc4	inviable	E	3.923	0.657	0.932	1.296	3.933	8.07	6.773	3.128	1.443	96.737	0.984121	0.186	0.045438	-17.536	-17.698
SPBP23A10.14c	ell1	viable	V	0.519	0.087	0.0	0.364	3.001	7.138	6.773	2.196	0.191	13.256	0.650242	0.128	0.177307	-22.817	-22.98
SPBP23A10.15c	qcr1	inviable	E	4.599	0.77	-0.0	0.364	3.001	7.138	6.773	2.196	1.692	117.531	0.956653	0.331	0.072945	-9.484	-9.646
SPBP23A10.16	tim18	viable	V	0.839	0.133	0.0	0.385	3.17	7.539	7.154	2.32	0.309	21.27	0.858712	0.118	0.115564	-23.865	-24.028
SPBP23A10.17	SPBP23A10.17	viable	Not_determined	1.049	0.176	3.046	3.411	6.047	10.184	6.773	5.242	0.386	23.654	0.401521	0.685	0.232035	0.703	0.54
SPBP26C9.02c	car1	viable	V	-0.022	0.001	0.0	1.112	9.159	21.784	20.672	6.702	-0.008	-0.003	-0.438346	0.118	0.405745	-23.862	-24.025
SPBP26C9.03c	fet4	viable	V	0.688	0.115	3.834	4.198	6.835	10.972	6.773	6.03	0.253	14.961	0.605976	0.271	0.187567	-12.287	-12.449
SPBP35G2.03c	sgo1	viable	V	0.223	0.037	0.0	0.364	3.001	7.138	6.773	2.196	0.082	5.705	0.228428	0.173	0.27745	-18.597	-18.759
SPBP35G2.04c	SPBP35G2.04c	viable	V	-1.0	0.031	0.0	1.957	16.116	38.334	36.377	11.794	-0.368	-0.221	0.066903	0.185	0.298798	-17.627	-17.789
SPBP35G2.05c	cki2	viable	V	0.786	0.113	0.387	0.814	3.899	8.74	7.926	2.957	0.289	19.333	0.774709	0.156	0.155374	-20.025	-20.187
SPBP35G2.06c	nup131	viable	V	0.801	0.134	-0.0	0.364	3.001	7.138	6.773	2.196	0.295	20.468	0.69897	0.167	0.166693	-19.068	-19.231
SPBP35G2.07	ilv1	viable	V	3.908	0.563	0.683	1.107	4.174	8.987	7.88	3.238	1.438	95.076	0.986118	0.17	0.041764	-18.844	-19.006
SPBP35G2.08c	air1	viable	V	3.791	0.338	3.18	3.864	8.816	16.587	12.722	7.304	1.395	73.525	0.984967	0.176	0.0474	-18.334	-18.496
SPBP35G2.09	usp103	inviable	E	2.007	0.21	5.728	6.312	10.534	17.158	10.846	9.245	0.738	35.711	0.997595	0.039	0.018969	-39.33	-39.493
SPBP35G2.10	mit1	viable	V	-1.0	0.031	0.0	1.957	16.116	38.334	36.377	11.794	-0.368	-0.221	-3.051692	0.268	0.593878	-12.412	-12.574
SPBP35G2.11c	nbr1	viable	V	1.207	0.202	-0.0	0.364	3.001	7.138	6.773	2.196	0.444	30.847	0.360431	0.436	0.233717	-5.633	-5.795
SPBP35G2.12	ysa1	viable	V	0.37	0.062	1.64	2.005	4.641	8.778	6.773	3.836	0.136	8.86	0.842831	0.068	0.149407	-31.578	-31.74
SPBP35G2.13c	swc2	viable	V	0.963	0.067	2.932	3.808	10.144	20.085	16.277	8.209	0.354	17.233	0.962812	0.068	0.072086	-31.611	-31.773
SPBP35G2.14	puf2	viable	V	1.006	0.099	0.0	0.623	5.131	12.205	11.582	3.755	0.37	23.204	0.791784	0.176	0.155078	-18.296	-18.458
SPBP4G3.02	pho1	viable	V	-0.037	0.001	0.0	1.685	13.873	32.997	31.312	10.152	-0.014	-0.007	-0.217251	0.125	0.34493	-23.127	-23.29
SPBP4G3.03	fub2	viable	V	0.705	0.118	6.478	6.842	9.479	13.616	6.773	8.674	0.26	13.487	0.846748	0.134	0.140831	-22.176	-22.338
SPBP4H10.03	oxa102	viable	V	1.593	0.07	0.0	1.392	11.465	27.27	25.877	8.39	0.586	26.071	0.961778	0.09	0.062223	-27.686	-27.849
SPBP4H10.04	ppb1	viable	V	1.743	0.069	6.721	8.268	19.459	37.019	28.75	16.042	0.641	17.082	0.920353	0.131	0.093783	-22.484	-22.647
SPBP4H10.05c	spe2	viable	V	1.41	0.132	0.708	1.36	6.075	13.474	12.115	4.635	0.519	31.207	0.980104	0.072	0.051646	-30.857	-31.019
SPBP4H10.06c	cut14	inviable	E	4.159	0.697	0.601	0.965	3.602	7.739	6.773	2.797	1.53	103.884	0.997488	0.076	0.018007	-30.06	-30.222
SPBP4H10.07	SPBP4H10.07	viable	V	1.617	0.103	13.852	14.812	21.753	32.646	17.835	19.634	0.595	11.589	0.899116	0.158	0.099992	-19.86	-20.022
SPBP4H10.08	qcr10	viable	V	0.367	0.011	0.0	1.957	16.11	38.318	36.362	11.789	0.135	4.707	0.778685	0.049	0.162766	-36.179	-36.341
SPBP4H10.09	rsv1	viable	V	2.165	0.088	1.797	3.303	14.195	31.287	27.984	10.87	0.796	30.422	0.936528	0.16	0.083334	-19.7	-19.862
SPBP4H10.10	rbd3	viable	V	1.068	0.057	0.0	1.142	9.397	22.352	21.211	6.877	0.393	19.611	0.800908	0.172	0.158038	-18.648	-18.81
SPBP4H10.11c	lcf2	viable	V	2.819	0.153	5.661	6.786	14.925	27.697	20.911	12.44	1.037	37.423	0.998106	0.038	0.014861	-39.625	-39.787
SPBP4H10.12	SPBP4H10.12	viable	V	0.181	0.012	0.0	0.958	7.887	18.761	17.803	5.772	0.066	3.605	0.48031	0.061	0.25452	-33.079	-33.241
SPBP4H10.14c	SPBP4H10.14c	viable	V	0.474	-0.079	14.342	14.706	17.343	21.48	6.773	16.538	0.174	5.155	0.348148	0.396	0.245885	-6.956	-7.118
SPBP4H10.15	aco2	inviable	E	4.604	0.732	4.605	4.989	7.767	12.125	7.136	6.919	1.694	95.781	0.999755	0.03	0.00665	-42.868	-43.031
SPBP4H10.16c	SPBP4H10.16c	viable	V	1.141	0.191	2.132	2.497	5.133	9.27	6.773	4.328	0.42	26.763	0.419458	0.512	0.312221	-3.362	-3.525
SPBP4H10.17c	SPBP4H10.17c	viable	V	0.3	-0.01	0.0	1.825	15.028	35.746	33.921	10.998	0.11	0.062	-0.363623	0.215	0.393313	-15.51	-15.673
SPBP4H10.18c	SPBP4H10.18c	viable	V	0.725	0.121	-0.0	0.364	3.001	7.138	6.773	2.196	0.267	18.524	0.800327	0.121	0.151159	-23.524	-23.686
SPBP4H10.19c	SPBP4H10.19c	viable	V	0.526	0.016	-0.0	1.957	16.116	38.334	36.377	11.794	0.194	6.741	0.79422	0.065	0.141802	-32.34	-32.502
SPBP4H10.20	nhm1	viable	V	0.236	0.035	1.142	1.559	4.571	9.297	7.739	3.651	0.087	5.648	0.697077	0.072	0.190427	-30.765	-30.927
SPBP4H10.21c	sld5	inviable	E	4.593	0.769	-0.0	0.364	3.001	7.138	6.773	2.196	1.69	117.37	0.957471	0.331	0.065332	-9.464	-9.626
SPBP8B7.01c	pop7	inviable	E	4.434	0.743	0.189	0.553	3.19	7.327	6.773	2.385	1.631	112.51	0.984591	0.197	0.042944	-16.751	-16.913
SPBP8B7.02	rng9	viable	V	-0.397	-0.012	0.0	1.957	16.116	38.334	36.377	11.794	-0.146	-5.089	0.37502	0.149	0.226945	-20.665	-20.827
SPBP8B7.03c	rpl402	inviable	E	2.574	0.431	3.134	3.498	6.134	10.271	6.773	5.33	0.947	57.822	0.780978	0.603	0.179539	-1.08	-1.242
SPBP8B7.04	mug45	viable	V	-0.14	0.006	0.0	1.528	12.579	29.92	28.392	9.205	-0.051	-0.024	0.000481	0.161	0.313842	-19.542	-19.704
SPBP8B7.05c	nce103	condition-dependent	E	2.927	0.192	2.642	3.571	10.29	20.833	17.262	8.239	1.077	51.841	0.997042	0.055	0.019168	-34.71	-34.873
SPBP8B7.06	rpp201	viable	V	2.896	0.485	1.108	1.472	4.108	8.245	6.773	3.304	1.065	70.892	0.82795	0.508	0.137077	-3.474	-3.636
SPBP8B7.07c	set6	viable	V	0.1	-0.017	-0.0	0.364	3.001	7.137	6.773	2.196	0.037	0.004	-0.022963	0.372	0.2955	-7.832	-7.994
SPBP8B7.08c	ppm1	viable	V	-0.028	0.005	0.0	0.364	3.001	7.138	6.773	2.196	-0.01	-0.001	-0.008873	0.264	0.342878	-12.663	-12.825
SPBP8B7.09c	los1	viable	V	1.156	0.082	1.964	2.83	9.089	18.91	16.081	7.178	0.425	21.878	0.9867	0.047	0.042155	-36.831	-36.993
SPBP8B7.10c	utp16	viable	V	1.322	0.139	2.871	3.451	7.642	14.219	10.768	6.362	0.487	27.356	0.988089	0.057	0.042178	-34.204	-34.366
SPBP8B7.11	nxt3	viable	V	2.68	0.211	1.641	2.418	8.04	16.861	14.443	6.324	0.986	53.733	0.98524	0.116	0.044872	-24.132	-24.294
SPBP8B7.12c	fta3	inviable	E	2.325	0.389	0.372	0.736	3.373	7.51	6.773	2.568	0.855	58.588	0.989249	0.088	0.038722	-28.085	-28.247
SPBP8B7.13	vac7	viable	V	0.334	0.056	-0.0	0.364	3.001	7.138	6.773	2.196	0.123	8.524	0.948586	0.026	0.074959	-45.211	-45.373
SPBP8B7.14c	dpb2	inviable	E	4.083	0.684	-0.0	0.364	3.001	7.138	6.773	2.196	1.502	104.33	0.986759	0.164	0.039109	-19.339	-19.501
SPBP8B7.15c	mpe1	inviable	E	3.714	0.596	-0.0	0.381	3.135	7.457	7.077	2.294	1.366	94.327	0.912647	0.399	0.095993	-6.862	-7.024
SPBP8B7.16c	dbp2	inviable	E	3.667	0.614	0.07	0.435	3.071	7.208	6.773	2.266	1.349	93.458	0.981128	0.178	0.044795	-18.138	-18.3
SPBP8B7.17c	thi20	inviable	E	3.577	0.455	0.322	0.802	4.275	9.726	8.924	3.215	1.316	86.355	0.992044	0.115	0.030827	-24.3	-24.463
SPBP8B7.18c	thi201	viable	V	0.613	0.103	-0.0	0.364	3.001	7.138	6.773	2.196	0.226	15.664	0.50318	0.205	0.19805	-16.188	-16.35
SPBP8B7.19	spt16	inviable	E	4.945	0.712	1.575	1.999	5.068	9.884	7.884	4.131	1.819	115.953	0.994302	0.144	0.028455	-21.172	-21.334
SPBP8B7.20c	nop2	inviable	E	4.303	0.721	-0.0	0.364	3.001	7.138	6.773	2.196	1.583	109.964	0.981646	0.2	0.045288	-16.498	-16.66
SPBP8B7.21	ubp3	viable	V	1.124	0.035	0.0	1.958	16.117	38.334	36.377	11.794	0.414	14.405	0.889893	0.1	0.100587	-26.239	-26.401
SPBP8B7.22	erd2	viable	V	5.251	0.55	6.52	7.103	11.32	17.938	10.836	10.033	1.932	89.34	0.998213	0.088	0.016054	-28.086	-28.249
SPBP8B7.23	rnf10	viable	V	0.118	-0.02	0.0	0.364	3.001	7.138	6.773	2.196	0.043	0.005	-0.002451	0.323	0.308074	-9.801	-9.963
SPBP8B7.24c	atg8	viable	V	0.527	0.06	4.243	4.781	8.674	14.782	10.001	7.486	0.194	10.383	0.669245	0.191	0.185424	-17.191	-17.354
SPBP8B7.25	cyp4	viable	V	2.966	-0.093	0.0	1.957	16.116	38.334	36.377	11.794	1.091	0.655	-0.012985	0.329	0.283289	-9.544	-9.706
SPBP8B7.27	mug30	viable	V	0.917	0.148	0.147	0.526	3.265	7.563	7.037	2.429	0.337	23.179	0.988284	0.036	0.03664	-40.647	-40.809
SPBP8B7.28c	stc1	viable	V	0.136	-0.018	0.0	0.466	3.841	9.135	8.669	2.811	0.05	0.007	-0.260148	0.136	0.351574	-21.889	-22.051
SPBP8B7.29	abz1	inviable	E	0.864	0.044	-0.0	1.192	9.815	23.347	22.155	7.183	0.318	15.486	0.788476	0.125	0.142872	-23.143	-23.305
SPBP8B7.30c	thi5	viable	V	0.476	0.08	11.494	11.859	14.495	18.632	6.773	13.69	0.175	6.719	0.789917	0.106	0.157173	-25.471	-25.633
SPBP8B7.31	SPBP8B7.31	viable	V	0.332	0.053	0.0	0.38	3.13	7.445	7.065	2.291	0.122	8.424	0.689151	0.08	0.167105	-29.353	-29.515
SPBP8B7.32	SPBP8B7.32	viable	Not_determined	0.203	-0.007	0.0	1.681	13.838	32.915	31.234	10.127	0.075	0.038	-0.840294	0.148	0.459447	-20.71	-20.872
SPBPB10D8.01	SPBPB10D8.01	viable	V	0.971	0.03	-0.0	1.957	16.116	38.334	36.377	11.794	0.357	12.44	0.038623	0.395	0.35177	-7.015	-7.178
SPBPB10D8.02c	SPBPB10D8.02c	viable	V	0.681	0.062	-0.0	0.671	5.525	13.142	12.471	4.043	0.25	15.395	0.833417	0.097	0.118482	-26.657	-26.82
SPBPB21E7.01c	eno102	viable	V	1.06	0.113	-0.0	0.574	4.725	11.24	10.666	3.458	0.39	24.949	0.484862	0.331	0.238516	-9.486	-9.649
SPBPB21E7.02c	SPBPB21E7.02c	unknown	Not_determined	0.248	0.041	-0.0	0.364	3.001	7.138	6.773	2.196	0.091	6.329	0.051739	0.33	0.287365	-9.526	-9.688
SPBPB21E7.04c	cmt2	viable	V	1.09	0.041	0.805	2.447	14.322	32.956	30.509	10.697	0.401	15.256	0.944733	0.075	0.078287	-30.308	-30.47
SPBPB21E7.05	SPBPB21E7.05	viable	V	1.044	0.175	7.893	8.258	10.894	15.031	6.773	10.089	0.384	18.475	0.958585	0.097	0.084154	-26.707	-26.869
SPBPB21E7.07	aes1	unknown	Not_determined	1.377	0.05	4.759	6.426	18.483	37.403	30.977	14.802	0.507	14.773	0.911718	0.11	0.098559	-24.89	-25.053
SPBPB21E7.09	SPBPB21E7.09	viable	V	1.065	0.117	-0.0	0.555	4.573	10.878	10.323	3.347	0.392	25.25	0.782856	0.195	0.156329	-16.891	-17.053
SPBPB21E7.10	SPBPB21E7.10	unknown	Not_determined	0.901	0.151	1.024	1.389	4.025	8.162	6.773	3.22	0.331	22.134	0.738303	0.209	0.186174	-15.936	-16.098
SPBPB21E7.11	SPBPB21E7.11	unknown	Not_determined	1.911	0.066	2.891	4.672	17.554	37.768	33.097	13.621	0.703	22.126	0.817183	0.237	0.129781	-14.126	-14.289
SPBPB2B2.01	nrg1	viable	V	0.895	0.045	-0.0	1.22	10.044	23.89	22.67	7.35	0.329	15.855	0.916205	0.078	0.087095	-29.677	-29.839
SPBPB2B2.02	say1	viable	V	0.68	0.036	-0.0	1.146	9.435	22.442	21.296	6.904	0.25	12.454	0.902436	0.068	0.106022	-31.557	-31.719
SPBPB2B2.05	SPBPB2B2.05	viable	V	0.507	0.085	1.864	2.228	4.864	9.001	6.773	4.06	0.186	12.02	0.970306	0.037	0.068957	-40.302	-40.464
SPBPB2B2.06c	efn1	viable	V	1.09	0.056	2.927	4.117	12.724	26.229	22.112	10.096	0.401	16.678	0.974131	0.059	0.053162	-33.735	-33.897
SPBPB2B2.07c	SPBPB2B2.07c	viable	V	1.715	0.287	4.127	4.492	7.128	11.265	6.773	6.323	0.631	36.819	0.828504	0.312	0.153691	-10.3	-10.462
SPBPB2B2.08	SPBPB2B2.08	viable	V	-0.5	-0.016	0.0	1.957	16.116	38.334	36.377	11.794	-0.184	-6.41	0.603935	0.102	0.21738	-25.936	-26.098
SPBPB2B2.09c	pan5	viable	V	1.101	0.184	2.801	3.166	5.802	9.939	6.773	4.997	0.405	25.087	0.809247	0.23	0.170964	-14.568	-14.731
SPBPB2B2.10c	gal7	viable	V	0.657	0.08	0.136	0.635	4.244	9.907	9.273	3.142	0.242	15.857	0.954683	0.052	0.073273	-35.326	-35.488
SPBPB2B2.11	tgd1	viable	V	0.723	0.076	0.0	0.581	4.787	11.385	10.804	3.503	0.266	16.97	0.862775	0.102	0.123086	-25.937	-26.099
SPBPB2B2.12c	gal10	viable	V	0.703	0.09	3.988	4.465	7.915	13.328	8.863	6.861	0.259	14.438	0.961845	0.059	0.082005	-33.671	-33.833
SPBPB2B2.13	gal1	viable	V	0.568	0.054	1.197	1.842	6.515	13.846	12.004	5.088	0.209	12.326	0.919251	0.065	0.101415	-32.222	-32.384
SPBPB7E8.01	SPBPB7E8.01	viable	V	1.079	0.162	0.0	0.406	3.339	7.941	7.535	2.443	0.397	27.138	0.755744	0.214	0.164753	-15.606	-15.768
SPBPB7E8.02	SPBPB7E8.02	viable	V	-0.394	-0.063	0.006	0.387	3.142	7.464	7.077	2.301	-0.145	-9.992	0.821876	0.068	0.136966	-31.649	-31.811
SPBPB8B6.02c	SPBPB8B6.02c	unknown	Not_determined	0.658	0.11	-0.0	0.364	3.001	7.138	6.773	2.196	0.242	16.802	0.488412	0.162	0.214941	-19.458	-19.62
SPBPB8B6.03	fah1	viable	Not_determined	0.931	0.074	1.115	1.884	7.446	16.174	14.289	5.748	0.342	19.203	0.916941	0.101	0.099974	-26.073	-26.235
SPBPB8B6.04c	grt1	viable	V	2.604	0.081	-0.0	1.957	16.116	38.334	36.377	11.794	0.958	33.374	0.833211	0.24	0.120781	-13.987	-14.149
SPBPB8B6.05c	SPBPB8B6.05c	viable	V	-0.412	0.013	-0.0	1.931	15.898	37.816	35.885	11.634	-0.151	-0.09	0.013905	0.217	0.327309	-15.411	-15.573
SPBPB8B6.06c	fex2	viable	Not_determined	-0.299	-0.05	1.131	1.496	4.132	8.269	6.773	3.327	-0.11	-7.315	0.095652	0.386	0.318788	-7.337	-7.499
SPBPJ4664.01	dps1	condition-dependent	V	2.634	0.169	5.699	6.649	13.525	24.314	17.665	11.426	0.969	38.423	0.995942	0.056	0.022194	-34.472	-34.634
SPBPJ4664.02	SPBPJ4664.02	viable	V	-0.448	-0.04	0.797	1.484	6.451	14.245	12.761	4.935	-0.165	-9.729	0.749119	0.097	0.182874	-26.595	-26.757
SPBPJ4664.03	mfm3	viable	V	-0.418	-0.07	-0.0	0.364	3.001	7.138	6.773	2.196	-0.154	-10.679	0.032081	0.4	0.291064	-6.841	-7.003
SPBPJ4664.04	cop1	condition-dependent	E	3.539	0.593	-0.0	0.364	3.001	7.138	6.773	2.196	1.302	90.426	0.858412	0.443	0.120825	-5.4	-5.563
SPBPJ4664.05	aig1	viable	V	-0.726	0.023	-0.0	1.957	16.116	38.334	36.377	11.794	-0.267	-0.16	-2.98081	0.178	0.704608	-18.198	-18.36
SPBPJ4664.06	gpt1	viable	V	0.222	0.032	0.0	0.417	3.434	8.167	7.749	2.513	0.082	5.556	0.395185	0.116	0.266469	-24.137	-24.299
SPCC1020.01c	pma2	viable	V	2.539	0.425	-0.0	0.364	3.001	7.138	6.773	2.196	0.934	64.895	0.950707	0.195	0.072474	-16.879	-17.042
SPCC1020.02	spc7	inviable	E	4.092	0.551	1.511	1.964	5.246	10.395	8.431	4.244	1.505	95.064	0.996219	0.097	0.023014	-26.692	-26.854
SPCC1020.03	mmt1	viable	V	1.133	0.15	0.066	0.527	3.863	9.098	8.571	2.845	0.417	27.82	0.849005	0.17	0.124573	-18.814	-18.976
SPCC1020.04c	rpb6	inviable	E	5.519	0.888	0.421	0.801	3.546	7.853	7.053	2.708	2.03	138.018	0.994446	0.148	0.026373	-20.71	-20.872
SPCC1020.05	dcr2	viable	V	1.11	0.186	-0.0	0.364	3.001	7.138	6.773	2.196	0.408	28.374	0.140048	0.449	0.2879	-5.215	-5.378
SPCC1020.06c	tal1	viable	V	1.046	0.175	7.832	8.196	10.833	14.97	6.773	10.028	0.385	18.575	0.670103	0.318	0.232486	-10.048	-10.211
SPCC1020.07	SPCC1020.07	viable	V	-0.133	0.004	0.0	1.942	15.993	38.041	36.098	11.703	-0.049	-0.029	-0.024288	0.083	0.399608	-28.825	-28.987
SPCC1020.08	tyw1	viable	V	1.59	0.052	1.235	3.117	16.731	38.093	34.976	12.575	0.585	19.558	0.822542	0.185	0.145043	-17.607	-17.769
SPCC1020.09	gnr1	viable	V	0.985	0.034	3.318	5.073	17.767	37.685	32.612	13.891	0.362	11.211	0.548455	0.231	0.205571	-14.511	-14.673
SPCC1020.10	oca2	viable	V	1.668	0.279	-0.0	0.364	3.001	7.138	6.773	2.196	0.614	42.628	0.353514	0.665	0.318474	0.281	0.119
SPCC1020.11c	emc6	viable	V	-0.387	0.012	-0.0	1.938	15.957	37.955	36.017	11.677	-0.142	-0.085	0.009876	0.324	0.321289	-9.784	-9.946
SPCC1020.12c	xap5	viable	V	0.819	0.039	0.0	1.284	10.574	25.15	23.866	7.738	0.301	14.08	0.822906	0.103	0.130094	-25.818	-25.98
SPCC1020.13c	SPCC1020.13c	viable	V	0.621	0.036	-0.0	1.066	8.779	20.882	19.816	6.424	0.228	11.79	0.546922	0.135	0.215123	-22.002	-22.165
SPCC10H11.01	prp11	inviable	E	4.183	0.701	0.026	0.39	3.027	7.164	6.773	2.222	1.539	106.784	0.992504	0.127	0.030096	-22.863	-23.025
SPCC10H11.02	cwf23	inviable	E	4.207	0.705	-0.0	0.364	3.001	7.138	6.773	2.196	1.548	107.499	0.770513	0.67	0.161966	0.384	0.222
SPCC1183.01	sec15	inviable	E	4.348	0.718	1.098	1.468	4.142	8.338	6.87	3.325	1.6	106.29	0.996583	0.096	0.021501	-26.848	-27.011
SPCC1183.02	SPCC1183.02	viable	V	0.19	0.032	0.0	0.364	3.001	7.138	6.773	2.196	0.07	4.851	0.217035	0.146	0.345906	-20.908	-21.07
SPCC1183.03c	fxn1	condition-dependent	E	4.098	0.686	3.524	3.888	6.524	10.661	6.773	5.72	1.507	90.446	0.965692	0.329	0.070111	-9.557	-9.719
SPCC1183.04c	pet127	viable	V	0.872	0.052	0.0	1.028	8.464	20.132	19.104	6.194	0.321	16.862	0.828846	0.133	0.137285	-22.212	-22.374
SPCC1183.05c	lig4	viable	V	-0.21	0.015	0.0	0.848	6.983	16.609	15.761	5.11	-0.077	-0.02	-0.005969	0.125	0.310331	-23.105	-23.267
SPCC1183.06	ung1	viable	V	0.986	0.165	-0.0	0.364	3.001	7.138	6.773	2.196	0.363	25.204	0.2968	0.394	0.271358	-7.039	-7.202
SPCC1183.07	rrp5	inviable	E	4.222	0.707	0.244	0.609	3.245	7.382	6.773	2.44	1.553	106.907	0.991705	0.137	0.031591	-21.812	-21.974
SPCC1183.08c	rpl101	inviable	E	3.017	0.505	1.619	1.983	4.619	8.756	6.773	3.815	1.11	72.326	0.996076	0.074	0.024912	-30.539	-30.701
SPCC1183.09c	pmp31	viable	V	-0.619	-0.052	0.0	0.731	6.018	14.314	13.583	4.404	-0.228	-13.64	0.806928	0.104	0.15246	-25.629	-25.791
SPCC1183.10	wtf10	viable	V	-0.421	-0.071	-0.0	0.364	3.001	7.138	6.773	2.196	-0.155	-10.76	0.455625	0.139	0.232497	-21.576	-21.738
SPCC1183.11	msy1	viable	V	0.964	0.162	-0.0	0.364	3.001	7.138	6.773	2.196	0.355	24.643	0.511173	0.287	0.226256	-11.459	-11.621
SPCC1183.12	spo13	unknown	Not_determined	-0.592	-0.099	-0.0	0.364	3.001	7.138	6.773	2.196	-0.218	-15.131	0.797979	0.096	0.136664	-26.777	-26.939
SPCC11E10.01	cbl1	viable	V	0.075	-0.009	-0.0	0.514	4.234	10.071	9.557	3.099	0.028	0.004	-0.032301	0.106	0.299239	-25.469	-25.631
SPCC11E10.02c	gpi8	inviable	E	5.03	0.724	0.772	1.196	4.263	9.076	7.88	3.327	1.85	121.944	0.992276	0.163	0.031485	-19.369	-19.531
SPCC11E10.03	jnm1	viable	V	0.348	0.058	2.981	3.346	5.982	10.119	6.773	5.177	0.128	7.872	0.289329	0.297	0.292031	-10.983	-11.145
SPCC11E10.04	ppr6	viable	V	1.739	0.114	0.905	1.833	8.544	19.076	17.243	6.495	0.64	33.701	0.991388	0.055	0.031912	-34.602	-34.764
SPCC11E10.05c	ynd1	viable	V	0.561	0.053	5.551	6.202	10.916	18.312	12.11	9.477	0.207	9.735	0.733324	0.154	0.196977	-20.188	-20.35
SPCC11E10.06c	elp4	viable	V	4.868	0.258	-0.0	1.151	9.477	22.542	21.391	6.935	1.791	88.951	0.976841	0.23	0.048948	-14.572	-14.734
SPCC11E10.07c	gcn3	viable	V	2.025	0.339	0.146	0.51	3.146	7.283	6.773	2.342	0.745	51.461	0.56657	0.645	0.212102	-0.148	-0.31
SPCC11E10.08	rik1	viable	V	2.248	0.157	5.222	6.097	12.428	22.362	16.265	10.496	0.827	35.228	0.832952	0.387	0.13516	-7.277	-7.44
SPCC11E10.09c	SPCC11E10.09c	viable	V	1.004	0.081	1.22	1.975	7.439	16.013	14.038	5.771	0.369	20.744	0.855077	0.145	0.121081	-21.029	-21.191
SPCC1223.01	rqt1	viable	V	0.728	0.057	3.022	3.797	9.41	18.217	14.419	7.696	0.268	13.613	0.9809	0.038	0.05331	-39.857	-40.02
SPCC1223.02	nmt1	viable	V	0.18	0.03	-0.0	0.364	3.001	7.138	6.773	2.196	0.066	4.599	0.211476	0.077	0.319195	-29.851	-30.013
SPCC1223.03c	gut2	viable	V	-0.101	0.004	0.0	1.707	14.056	33.433	31.726	10.286	-0.037	-0.02	-1.583043	0.206	0.649771	-16.12	-16.282
SPCC1223.04c	set11	viable	V	0.919	0.061	1.07	1.987	8.622	19.032	17.045	6.596	0.338	17.752	0.748709	0.179	0.171135	-18.098	-18.26
SPCC1223.06	tea1	viable	V	0.992	0.079	-0.0	0.762	6.275	14.926	14.164	4.592	0.365	21.569	0.910462	0.102	0.105012	-26.021	-26.184
SPCC1223.07c	drs1	viable	V	4.166	0.698	-0.0	0.364	3.001	7.138	6.773	2.196	1.532	106.447	0.980474	0.204	0.048782	-16.281	-16.443
SPCC1223.08c	dfr1	inviable	E	0.929	0.038	-0.0	1.496	12.317	29.296	27.8	9.013	0.342	14.509	0.936141	0.065	0.075425	-32.361	-32.524
SPCC1223.09	uro1	viable	V	0.192	0.019	0.0	0.626	5.153	12.256	11.631	3.771	0.071	4.435	0.542535	0.061	0.221412	-33.081	-33.243
SPCC1223.10c	eaf1	viable	V	-0.428	-0.072	-0.0	0.364	3.001	7.138	6.773	2.196	-0.157	-10.93	0.48881	0.147	0.248742	-20.818	-20.98
SPCC1223.11	ptc2	viable	V	1.381	0.071	0.478	1.66	10.212	23.632	21.971	7.601	0.508	24.29	0.964682	0.082	0.063177	-28.96	-29.122
SPCC1223.12c	meu10	viable	V	0.405	0.068	-0.0	0.364	3.001	7.138	6.773	2.196	0.149	10.358	0.712144	0.082	0.154232	-29.058	-29.221
SPCC1223.13	cbf12	viable	V	0.429	0.024	0.0	1.091	8.978	21.354	20.263	6.57	0.158	8.067	0.662005	0.077	0.180461	-29.951	-30.113
SPCC1223.14	aro2	inviable	E	2.167	0.363	-0.0	0.364	3.001	7.138	6.773	2.196	0.797	55.364	0.972087	0.127	0.061042	-22.88	-23.042
SPCC1223.15c	spc19	viable	V	2.414	0.093	6.044	7.632	19.122	37.151	29.519	15.614	0.888	24.441	0.951845	0.144	0.066858	-21.117	-21.279
SPCC1235.01	SPCC1235.01	viable	V	0.293	0.049	-0.0	0.364	3.001	7.138	6.773	2.196	0.108	7.488	0.055408	0.155	0.340853	-20.123	-20.286
SPCC1235.02	bio2	viable	V	1.28	0.07	-0.0	1.121	9.232	21.96	20.838	6.756	0.471	23.703	0.885139	0.125	0.101641	-23.065	-23.227
SPCC1235.03	cue2	viable	V	0.762	0.128	2.361	2.725	5.362	9.499	6.773	4.557	0.28	17.71	0.67757	0.206	0.183481	-16.14	-16.302
SPCC1235.04c	nad1	viable	V	4.675	0.74	0.656	1.042	3.834	8.215	7.173	2.981	1.72	115.569	0.994999	0.121	0.025449	-23.546	-23.708
SPCC1235.05c	fft2	viable	V	1.068	0.144	0.182	0.636	3.922	9.078	8.442	2.919	0.393	26.19	0.827839	0.173	0.132756	-18.543	-18.705
SPCC1235.06	get2	viable	V	-0.084	-0.014	-0.0	0.364	3.001	7.138	6.773	2.196	-0.031	-2.151	-0.030599	0.242	0.334903	-13.875	-14.037
SPCC1235.07	fta7	inviable	E	4.582	0.588	3.339	3.815	7.255	12.653	8.838	6.205	1.686	97.153	0.995978	0.117	0.025042	-24.093	-24.255
SPCC1235.08c	pdh1	viable	V	0.94	0.157	-0.0	0.364	3.001	7.138	6.773	2.196	0.346	24.013	0.402988	0.404	0.272522	-6.693	-6.855
SPCC1235.09	hif2	viable	V	1.006	0.048	2.142	3.432	12.766	27.413	23.981	9.917	0.37	15.345	0.980531	0.044	0.048153	-37.68	-37.843
SPCC1235.10c	sec6	inviable	E	4.665	0.618	1.484	1.945	5.28	10.513	8.568	4.262	1.716	108.176	0.999664	0.033	0.007018	-41.935	-42.097
SPCC1235.11	mpc1	viable	V	0.953	0.1	0.982	1.562	5.758	12.343	10.78	4.477	0.35	21.476	0.972269	0.06	0.060549	-33.429	-33.591
SPCC1235.12c	mug146	viable	V	-0.557	-0.065	0.0	0.525	4.319	10.273	9.748	3.161	-0.205	-13.369	0.915583	0.061	0.097326	-33.173	-33.336
SPCC1235.13	ght6	viable	V	0.976	0.138	1.626	2.058	5.184	10.088	8.03	4.23	0.359	22.753	0.462379	0.4	0.24858	-6.821	-6.983
SPCC1235.14	ght5	viable	V	1.587	0.171	0.415	0.982	5.084	11.522	10.54	3.832	0.584	36.841	0.947444	0.133	0.08544	-22.232	-22.394
SPCC1235.15	dga1	viable	V	-0.428	-0.071	0.0	0.366	3.017	7.176	6.809	2.208	-0.158	-10.935	0.805239	0.075	0.126295	-30.331	-30.493
SPCC1235.16	vma21	condition-dependent	Not_determined	3.134	0.227	3.609	4.453	10.557	20.136	15.683	8.694	1.153	54.912	0.996389	0.066	0.021554	-32.059	-32.221
SPCC1235.17	SPCC1235.17	viable	Not_determined	-0.595	-0.078	1.354	1.82	5.189	10.477	8.657	4.161	-0.219	-13.855	0.806411	0.112	0.152327	-24.693	-24.855
SPCC1235.18	SPCC1235.18	viable	Not_determined	0.277	0.019	0.0	0.875	7.206	17.14	16.265	5.273	0.102	5.724	0.014027	0.29	0.339268	-11.31	-11.473
SPCC1259.01c	rps1802	viable	V	6.235	1.045	0.504	0.869	3.505	7.642	6.773	2.7	2.294	156.348	0.995753	0.148	0.02423	-20.75	-20.913
SPCC1259.02c	erm1	viable	V	0.47	0.079	0.0	0.364	3.001	7.138	6.773	2.196	0.173	12.006	0.470923	0.178	0.219868	-18.156	-18.319
SPCC1259.03	rpa12	viable	V	2.331	0.233	2.701	3.312	7.729	14.661	11.349	6.381	0.858	47.936	0.932576	0.249	0.093056	-13.453	-13.615
SPCC1259.04	iec3	viable	V	1.793	0.147	5.987	6.731	12.111	20.553	13.822	10.468	0.659	28.815	0.855293	0.269	0.152753	-12.367	-12.529
SPCC1259.05c	cox9	viable	V	0.864	0.087	1.243	1.851	6.247	13.146	11.294	4.905	0.318	19.029	0.838306	0.146	0.134341	-20.974	-21.136
SPCC1259.07	rxt3	inviable	E	3.687	0.477	2.333	2.806	6.223	11.585	8.779	5.18	1.356	81.985	0.957989	0.298	0.076794	-10.951	-11.113
SPCC1259.09c	pdx1	viable	V	1.424	0.044	-0.0	1.957	16.116	38.334	36.377	11.794	0.524	18.254	0.827296	0.145	0.125203	-21.072	-21.234
SPCC1259.10	pgp1	viable	V	0.88	-0.031	-0.0	1.73	14.247	33.889	32.158	10.426	0.324	0.172	-0.061748	0.198	0.284739	-16.701	-16.863
SPCC1259.11c	gyp2	viable	V	0.632	0.106	3.037	3.402	6.038	10.175	6.773	5.233	0.232	14.247	0.630445	0.25	0.201089	-13.411	-13.573
SPCC1259.12c	gid1	viable	V	-0.396	-0.066	-0.0	0.364	3.001	7.138	6.773	2.196	-0.146	-10.118	0.320495	0.129	0.268565	-22.652	-22.814
SPCC1259.13	chk1	viable	V	0.782	0.131	0.043	0.407	3.043	7.18	6.773	2.239	0.288	19.947	0.90802	0.088	0.093721	-27.951	-28.113
SPCC1259.14c	meu27	viable	V	0.896	0.103	5.421	5.952	9.791	15.815	9.863	8.619	0.33	16.667	0.879098	0.154	0.118509	-20.153	-20.316
SPCC1259.15c	ubc11	inviable	E	3.915	0.656	-0.0	0.364	3.001	7.138	6.773	2.196	1.44	100.051	0.934482	0.335	0.085248	-9.317	-9.479
SPCC1259.16	SPCC1259.16	viable	Not_determined	1.072	0.18	11.442	11.806	14.443	18.58	6.773	13.638	0.394	15.179	0.846223	0.183	0.122767	-17.801	-17.963
SPCC126.01c	SPCC126.01c	viable	V	0.289	0.048	-0.0	0.364	3.001	7.138	6.773	2.196	0.106	7.393	0.648596	0.065	0.191187	-32.308	-32.47
SPCC126.02c	pku70	viable	V	0.194	0.032	0.0	0.364	3.001	7.138	6.773	2.196	0.071	4.947	0.210683	0.107	0.29042	-25.343	-25.506
SPCC126.03	pus1	viable	V	0.705	0.051	2.163	3.015	9.18	18.853	15.838	7.298	0.26	13.302	0.90268	0.087	0.111925	-28.155	-28.318
SPCC126.04c	sgf73	viable	V	0.747	0.102	8.925	9.372	12.608	17.685	8.313	11.62	0.275	11.862	0.983683	0.038	0.049051	-39.777	-39.939
SPCC126.05c	mrpl17	inviable	E	5.072	0.85	4.397	4.762	7.398	11.535	6.773	6.593	1.866	107.514	0.996742	0.12	0.024024	-23.644	-23.807
SPCC126.06	twf1	viable	V	1.056	0.177	2.54	2.905	5.541	9.678	6.773	4.736	0.388	24.344	0.537411	0.477	0.229905	-4.375	-4.538
SPCC126.07c	asr1	viable	V	0.325	0.035	0.0	0.559	4.604	10.951	10.392	3.369	0.12	7.694	0.776144	0.068	0.176903	-31.723	-31.885
SPCC126.08c	SPCC126.08c	viable	V	0.137	-0.023	0.0	0.37	3.043	7.239	6.869	2.227	0.05	0.006	-0.534756	0.123	0.386763	-23.383	-23.545
SPCC126.09	zip2	viable	V	1.356	0.227	12.333	12.697	15.334	19.471	6.773	14.529	0.499	17.985	0.43582	0.538	0.32269	-2.689	-2.851
SPCC126.10	iah1	viable	V	-1.0	0.031	0.0	1.957	16.115	38.331	36.374	11.793	-0.368	-0.221	-0.295151	0.298	0.410504	-10.967	-11.13
SPCC126.11c	SPCC126.11c	viable	V	0.5	0.065	4.314	4.786	8.198	13.551	8.765	7.156	0.184	10.135	0.472937	0.256	0.225146	-13.077	-13.239
SPCC126.12	SPCC126.12	viable	V	0.981	0.164	-0.0	0.364	3.001	7.138	6.773	2.196	0.361	25.058	0.267562	0.444	0.277719	-5.356	-5.518
SPCC126.13c	sap18	viable	V	-0.128	0.004	0.0	1.935	15.936	37.905	35.969	11.662	-0.047	-0.028	-0.069349	0.178	0.325976	-18.139	-18.302
SPCC126.14	prp18	inviable	E	4.152	0.517	1.075	1.565	5.113	10.679	9.114	4.03	1.527	96.79	0.995324	0.106	0.025173	-25.413	-25.575
SPCC1281.01	ags1	inviable	E	3.873	0.649	-0.0	0.364	3.001	7.138	6.773	2.196	1.425	98.965	0.942369	0.308	0.081685	-10.501	-10.663
SPCC1281.02c	spf30	inviable	E	3.351	0.436	1.615	2.084	5.478	10.804	8.72	4.442	1.233	77.008	0.977776	0.192	0.054134	-17.107	-17.269
SPCC1281.03c	emc4	viable	V	1.446	0.088	3.707	4.709	11.958	23.331	18.622	9.745	0.532	23.232	0.955945	0.11	0.067429	-24.939	-25.101
SPCC1281.04	akr7	viable	V	-0.858	-0.044	2.611	3.805	12.442	25.995	22.191	9.805	-0.316	-13.354	0.577367	0.258	0.236157	-12.986	-13.149
SPCC1281.05	rsc7	inviable	E	4.457	0.234	6.016	7.178	15.583	28.771	21.592	13.017	1.64	56.556	0.961633	0.282	0.064447	-11.721	-11.883
SPCC1281.06c	ole1	inviable	E	2.636	0.442	1.093	1.457	4.094	8.231	6.773	3.289	0.97	64.573	0.957964	0.212	0.078235	-15.746	-15.909
SPCC1281.07c	gst4	viable	V	-0.116	0.007	0.0	1.078	8.88	21.121	20.043	6.498	-0.043	-0.014	-0.056581	0.192	0.337144	-17.116	-17.278
SPCC1281.08	wtf11	viable	V	-0.477	-0.08	-0.0	0.364	3.001	7.138	6.773	2.196	-0.176	-12.197	0.22883	0.181	0.284055	-17.956	-18.118
SPCC132.01c	rqc2	viable	V	0.522	0.087	0.771	1.135	3.771	7.908	6.773	2.967	0.192	12.947	0.545113	0.191	0.275427	-17.186	-17.348
SPCC132.02	hst2	viable	V	0.593	0.099	4.185	4.55	7.186	11.323	6.773	6.381	0.218	12.7	0.903385	0.084	0.127502	-28.737	-28.899
SPCC132.03	SPCC132.03	viable	V	0.594	0.099	0.548	0.913	3.549	7.686	6.773	2.744	0.218	14.857	0.599644	0.186	0.217844	-17.529	-17.691
SPCC132.04c	gdh2	viable	V	-0.799	0.025	0.0	1.918	15.79	37.557	35.64	11.555	-0.294	-0.173	-3.600769	0.197	0.64817	-16.741	-16.903
SPCC1322.01	rpm1	viable	V	1.241	0.082	3.821	4.741	11.4	21.847	17.106	9.367	0.456	20.65	0.996035	0.027	0.022886	-44.387	-44.55
SPCC1322.02	pxd1	viable	V	2.009	0.099	6.139	7.377	16.336	30.394	23.017	13.601	0.739	24.231	0.920729	0.184	0.089544	-17.712	-17.874
SPCC1322.03	trp1322	viable	V	0.378	0.032	0.0	0.714	5.875	13.974	13.26	4.299	0.139	8.386	0.941209	0.032	0.085051	-42.235	-42.397
SPCC1322.04	fyu1	inviable	E	4.423	0.68	0.268	0.665	3.538	8.047	7.382	2.661	1.627	110.51	0.994242	0.12	0.026716	-23.683	-23.845
SPCC1322.05c	lap2	viable	V	-0.6	-0.1	10.516	10.88	13.516	17.653	6.773	12.712	-0.221	-9.045	0.387479	0.375	0.293424	-7.743	-7.905
SPCC1322.06	kap113	viable	V	0.178	0.03	0.0	0.364	3.001	7.138	6.773	2.196	0.065	4.546	0.159435	0.126	0.322283	-22.963	-23.126
SPCC1322.07c	mug150	viable	V	-1.0	-0.168	14.505	14.869	17.506	21.642	6.773	16.701	-0.368	-11.099	0.485028	0.461	0.211066	-4.829	-4.991
SPCC1322.08	srk1	viable	V	0.405	0.068	-0.0	0.364	3.001	7.138	6.773	2.196	0.149	10.352	0.570784	0.107	0.190126	-25.234	-25.396
SPCC1322.09	SPCC1322.09	viable	V	-0.485	-0.081	-0.0	0.364	3.001	7.138	6.773	2.196	-0.178	-12.39	0.017892	0.439	0.336126	-5.526	-5.688
SPCC1322.10	knh2	viable	V	0.655	0.11	2.534	2.898	5.534	9.671	6.773	4.73	0.241	15.094	0.234587	0.757	0.251262	2.108	1.946
SPCC1322.11	rpl2302	inviable	E	2.423	0.406	-0.0	0.364	3.001	7.138	6.773	2.196	0.892	61.93	0.947831	0.186	0.080685	-17.568	-17.73
SPCC1322.12c	bub1	viable	V	1.206	0.07	2.528	3.574	11.139	23.009	19.435	8.829	0.444	20.293	0.995098	0.029	0.024576	-43.782	-43.944
SPCC1322.14c	vtc4	viable	V	0.969	0.119	-0.0	0.495	4.079	9.702	9.207	2.985	0.356	23.54	0.952413	0.073	0.072785	-30.614	-30.776
SPCC1322.15	rpl3402	viable	V	1.597	0.267	-0.0	0.364	3.001	7.138	6.773	2.196	0.587	40.804	0.512933	0.513	0.217579	-3.331	-3.494
SPCC1322.16	phb2	viable	V	0.816	0.065	7.288	8.054	13.594	22.289	14.235	11.903	0.3	11.91	0.889228	0.105	0.112501	-25.498	-25.66
SPCC1393.03	rps1501	viable	V	4.155	0.392	0.04	0.687	5.367	12.712	12.025	3.938	1.529	94.762	0.986581	0.168	0.040795	-18.974	-19.136
SPCC1393.04	fta4	inviable	E	3.697	0.51	3.397	3.839	7.037	12.056	8.217	6.061	1.36	79.338	0.992419	0.128	0.035758	-22.728	-22.89
SPCC1393.05	ers1	viable	V	0.223	0.037	-0.0	0.364	3.001	7.138	6.773	2.196	0.082	5.702	0.136134	0.121	0.334998	-23.614	-23.776
SPCC1393.06c	ipi1	inviable	E	4.474	0.75	0.247	0.611	3.248	7.384	6.773	2.443	1.646	113.3	0.991743	0.145	0.031998	-21.002	-21.164
SPCC1393.07c	mug4	viable	V	0.219	0.037	0.383	0.748	3.384	7.521	6.773	2.579	0.08	5.506	0.450373	0.105	0.2333	-25.617	-25.78
SPCC1393.08	fil1	viable	V	0.464	-0.015	0.0	1.87	15.396	36.621	34.751	11.267	0.171	0.098	-0.173899	0.168	0.369505	-18.932	-19.094
SPCC1393.09c	gir2	viable	V	0.459	0.034	0.0	0.832	6.848	16.289	15.457	5.012	0.169	9.681	0.896482	0.049	0.116099	-36.159	-36.321
SPCC1393.12	SPCC1393.12	viable	V	0.03	-0.002	0.0	0.772	6.353	15.111	14.34	4.649	0.011	0.003	-0.050624	0.281	0.291672	-11.763	-11.925
SPCC1393.13	duf89	viable	V	0.916	0.153	-0.0	0.364	3.001	7.138	6.773	2.196	0.337	23.401	0.909499	0.101	0.101483	-26.086	-26.248
SPCC1393.14	ten1	viable	Not_determined	3.567	0.436	5.751	6.25	9.865	15.538	9.287	8.762	1.312	66.22	0.958856	0.298	0.075327	-10.942	-11.105
SPCC13B11.01	adh1	viable	V	4.777	0.787	0.359	0.729	3.409	7.614	6.885	2.591	1.757	120.165	0.994792	0.124	0.025444	-23.246	-23.408
SPCC13B11.03c	SPCC13B11.03c	viable	V	0.743	0.125	-0.0	0.364	3.001	7.138	6.773	2.196	0.273	18.997	0.62744	0.178	0.190945	-18.152	-18.314
SPCC13B11.04c	fmd3	viable	V	-0.505	-0.085	-0.0	0.364	3.001	7.138	6.773	2.196	-0.186	-12.907	0.897341	0.058	0.10368	-33.748	-33.91
SPCC1442.01	ste6	viable	V	0.629	0.105	0.0	0.365	3.001	7.138	6.774	2.196	0.231	16.074	0.803211	0.11	0.131028	-24.961	-25.123
SPCC1442.02	glm2	viable	V	-0.781	0.131	-0.0	0.364	3.001	7.138	6.773	2.196	-0.287	-0.032	-0.295343	0.581	0.380922	-1.595	-1.757
SPCC1442.03	mme1	viable	V	2.032	0.131	-0.0	0.944	7.771	18.484	17.54	5.687	0.748	40.802	0.776654	0.335	0.157856	-9.312	-9.474
SPCC1442.04c	rmr1	viable	V	2.603	-0.081	0.0	1.957	16.116	38.334	36.377	11.794	0.958	0.575	0.00317	0.767	0.386597	2.293	2.131
SPCC1442.05c	mic26	viable	V	0.429	0.072	-0.0	0.364	3.001	7.138	6.773	2.196	0.158	10.961	0.122414	0.393	0.309108	-7.091	-7.253
SPCC1442.06	pre8	inviable	E	4.346	0.71	0.409	0.783	3.487	7.732	6.949	2.662	1.599	108.975	0.992404	0.137	0.030789	-21.846	-22.009
SPCC1442.07c	wss2	viable	V	0.67	0.05	1.061	1.888	7.867	17.249	15.361	6.042	0.247	13.508	0.638329	0.172	0.186186	-18.626	-18.788
SPCC1442.08c	cox12	viable	V	0.459	0.022	0.0	1.292	10.63	25.285	23.993	7.779	0.169	7.862	0.863763	0.062	0.139377	-32.987	-33.149
SPCC1442.09	trp3	inviable	E	4.372	0.732	-0.0	0.364	3.001	7.138	6.773	2.196	1.608	111.724	0.970689	0.257	0.057681	-13.023	-13.186
SPCC1442.11c	SPCC1442.11c	viable	V	0.962	0.161	5.218	5.582	8.218	12.355	6.773	7.414	0.354	19.611	0.885548	0.139	0.137325	-21.67	-21.832
SPCC1442.12	pps1	condition-dependent	E	4.003	0.671	0.686	1.05	3.687	7.823	6.773	2.882	1.472	99.658	0.978224	0.22	0.05282	-15.195	-15.357
SPCC1442.14c	hnt1	viable	V	0.193	0.018	0.0	0.667	5.491	13.06	12.393	4.018	0.071	4.375	0.230249	0.112	0.293897	-24.653	-24.815
SPCC1442.16c	zta1	viable	V	-0.134	0.022	0.0	0.377	3.105	7.386	7.008	2.272	-0.049	-0.006	-0.004852	0.188	0.335686	-17.4	-17.562
SPCC1442.17c	ist1	viable	V	0.262	0.044	-0.0	0.364	3.001	7.138	6.773	2.196	0.096	6.696	0.227335	0.121	0.281932	-23.541	-23.703
SPCC1442.19	mrp49	unknown	Not_determined	1.994	0.182	5.174	5.841	10.672	18.251	12.41	9.197	0.733	35.027	0.879069	0.254	0.12084	-13.179	-13.341
SPCC1450.02	bdf1	viable	V	0.733	0.042	0.455	1.52	9.223	21.311	19.791	6.871	0.27	13.622	0.819427	0.117	0.148739	-24.049	-24.211
SPCC1450.03	utp502	viable	V	2.855	0.478	0.61	0.975	3.611	7.748	6.773	2.806	1.05	71.306	0.71357	0.676	0.209046	0.528	0.366
SPCC1450.04	tef5	inviable	E	4.324	0.724	-0.0	0.364	3.001	7.138	6.773	2.196	1.591	110.489	0.982908	0.194	0.043821	-16.943	-17.105
SPCC1450.05c	rox3	viable	V	0.435	0.073	-0.0	0.364	3.001	7.138	6.773	2.196	0.16	11.118	0.094922	0.308	0.323932	-10.47	-10.632
SPCC1450.07c	dao1	viable	V	0.759	0.127	-0.0	0.364	3.001	7.138	6.773	2.196	0.279	19.398	0.055083	0.641	0.33234	-0.224	-0.387
SPCC1450.08c	wtf16	viable	V	-0.567	-0.095	7.153	7.518	10.154	14.291	6.773	9.349	-0.209	-10.457	0.32399	0.354	0.230549	-8.534	-8.696
SPCC1450.09c	plb5	viable	V	-0.457	-0.055	0.0	0.509	4.189	9.963	9.455	3.065	-0.168	-11.048	0.314787	0.237	0.263351	-14.155	-14.317
SPCC1450.10c	nar1	inviable	E	3.627	0.461	0.527	1.008	4.482	9.935	8.927	3.422	1.334	86.821	0.996053	0.083	0.022435	-28.851	-29.013
SPCC1450.11c	cek1	viable	V	0.678	0.071	0.647	1.23	5.446	12.061	10.832	4.159	0.25	15.497	0.955131	0.055	0.07243	-34.612	-34.775
SPCC1450.12	SPCC1450.12	viable	V	-0.498	-0.037	-0.0	0.829	6.829	16.243	15.414	4.997	-0.183	-10.509	0.53556	0.12	0.198051	-23.658	-23.821
SPCC1450.13c	rib5	inviable	E	4.125	0.59	0.986	1.413	4.501	9.347	7.934	3.558	1.518	99.035	0.99859	0.058	0.013746	-33.89	-34.052
SPCC1450.14c	ero12	inviable	E	3.932	0.64	2.927	3.302	6.014	10.269	6.967	5.186	1.446	88.739	0.994943	0.115	0.02852	-24.263	-24.425
SPCC1450.15	SPCC1450.15	inviable	E	4.576	0.767	0.68	1.045	3.681	7.818	6.773	2.876	1.683	113.949	0.990789	0.162	0.034567	-19.469	-19.631
SPCC1450.16c	ptl1	viable	V	1.26	0.051	0.0	1.498	12.332	29.332	27.834	9.024	0.464	19.669	0.949776	0.08	0.070593	-29.413	-29.575
SPCC1494.01	SPCC1494.01	viable	V	0.562	0.094	11.37	11.735	14.371	18.508	6.773	13.566	0.207	7.996	0.594188	0.206	0.210482	-16.1	-16.262
SPCC1494.02c	taf13	inviable	E	2.573	0.267	0.932	1.519	5.768	12.434	10.915	4.47	0.946	57.953	0.954139	0.208	0.082127	-16.003	-16.166
SPCC1494.03	arz1	viable	V	2.623	0.106	7.207	8.724	19.7	36.924	28.2	16.349	0.965	25.109	0.501986	0.764	0.231201	2.238	2.076
SPCC1494.04c	tyr1	viable	V	4.439	0.744	-0.0	0.364	3.001	7.138	6.773	2.196	1.633	113.427	0.893034	0.519	0.106094	-3.187	-3.35
SPCC1494.05c	ubp12	viable	V	-0.173	0.007	0.0	1.506	12.403	29.502	27.995	9.076	-0.064	-0.029	-1.530922	0.246	0.573057	-13.61	-13.773
SPCC1494.06c	dbp9	inviable	E	4.491	0.752	0.508	0.873	3.509	7.646	6.773	2.704	1.652	112.586	0.987347	0.185	0.039544	-17.64	-17.802
SPCC1494.07	trm732	viable	V	0.179	0.024	0.0	0.447	3.677	8.747	8.3	2.691	0.066	4.428	0.367348	0.092	0.247797	-27.414	-27.576
SPCC1494.08c	SPCC1494.08c	viable	V	0.653	0.109	-0.0	0.364	3.001	7.138	6.773	2.196	0.24	16.687	0.088702	0.596	0.298603	-1.245	-1.407
SPCC1494.09c	tfb6	viable	V	1.376	0.231	18.005	18.37	21.006	25.143	6.773	20.201	0.506	10.5	0.378572	0.581	0.299234	-1.592	-1.754
SPCC1494.10	adn3	viable	V	1.0	0.046	-0.0	1.322	10.884	25.889	24.567	7.965	0.368	16.902	0.800407	0.122	0.129454	-23.473	-23.636
SPCC1494.11c	Tf2-13	unknown	Not_determined	-0.728	-0.122	17.026	17.39	20.027	24.164	6.773	19.222	-0.268	-6.257	0.254451	0.46	0.253243	-4.875	-5.037
SPCC14G10.01	cab5	inviable	E	4.308	0.713	1.942	2.311	4.978	9.163	6.852	4.164	1.585	101.715	0.998583	0.064	0.014508	-32.485	-32.647
SPCC14G10.02	urb1	inviable	E	4.378	0.559	0.354	0.832	4.289	9.714	8.883	3.233	1.611	105.643	0.992416	0.137	0.030272	-21.791	-21.953
SPCC14G10.03c	ump1	viable	V	4.384	0.381	1.811	2.514	7.602	15.584	13.07	6.049	1.613	90.185	0.993724	0.126	0.029715	-23.035	-23.197
SPCC14G10.04	eap1	viable	V	1.607	0.173	2.282	2.849	6.945	13.372	10.523	5.694	0.591	34.376	0.881915	0.223	0.112314	-14.984	-15.146
SPCC1529.01	SPCC1529.01	viable	V	0.632	0.073	0.0	0.532	4.378	10.412	9.881	3.203	0.233	15.138	0.637091	0.166	0.197741	-19.165	-19.328
SPCC162.01c	snp27	viable	V	0.881	0.148	-0.0	0.364	3.001	7.138	6.773	2.196	0.324	22.524	-0.197221	0.673	0.397749	0.447	0.285
SPCC162.02c	SPCC162.02c	viable	V	0.63	0.106	1.91	2.274	4.911	9.047	6.773	4.106	0.232	14.918	0.779194	0.144	0.160183	-21.131	-21.293
SPCC162.03	SPCC162.03	viable	V	-0.434	-0.073	-0.0	0.364	3.001	7.138	6.773	2.196	-0.16	-11.095	0.337267	0.199	0.254228	-16.634	-16.796
SPCC162.05	coq3	condition-dependent	V	3.028	0.257	8.889	9.608	14.804	22.957	13.349	13.217	1.114	40.743	0.998767	0.037	0.012397	-40.089	-40.251
SPCC162.06c	vps60	viable	V	2.116	0.122	6.174	7.233	14.892	26.912	19.679	12.554	0.779	28.131	0.76683	0.394	0.163121	-7.042	-7.204
SPCC162.08c	nup211	inviable	E	3.818	0.437	0.601	1.134	4.99	11.04	9.907	3.813	1.404	89.197	0.996223	0.085	0.022275	-28.453	-28.615
SPCC162.09c	hmg1	condition-dependent	E	3.883	0.651	0.155	0.519	3.156	7.293	6.773	2.351	1.429	98.671	0.995279	0.095	0.024487	-26.992	-27.155
SPCC162.10	ppk33	viable	V	0.596	0.021	0.0	1.73	14.246	33.886	32.156	10.425	0.219	8.406	0.670637	0.092	0.186703	-27.34	-27.502
SPCC162.11c	urk1	viable	V	-0.42	-0.07	-0.0	0.364	3.001	7.138	6.773	2.196	-0.155	-10.74	0.70604	0.073	0.180335	-30.566	-30.729
SPCC162.12	tco89	viable	V	0.298	0.05	-0.0	0.364	3.001	7.138	6.773	2.196	0.11	7.616	0.431928	0.108	0.267904	-25.198	-25.36
SPCC1620.01c	lsm2	inviable	E	3.688	0.569	0.641	1.037	3.9	8.393	7.357	3.026	1.357	90.874	0.998095	0.059	0.015596	-33.634	-33.797
SPCC1620.03	mug163	viable	V	-0.202	0.006	-0.0	1.954	16.09	38.272	36.317	11.775	-0.074	-0.045	-0.015239	0.13	0.339695	-22.515	-22.678
SPCC1620.04c	fzr3	viable	V	1.207	0.202	17.691	18.055	20.691	24.828	6.773	19.887	0.444	9.583	0.635597	0.329	0.192805	-9.559	-9.721
SPCC1620.05	bet4	inviable	E	3.849	0.645	0.107	0.472	3.108	7.245	6.773	2.303	1.416	97.972	0.984362	0.171	0.042775	-18.693	-18.855
SPCC1620.06c	SPCC1620.06c	inviable	E	3.903	0.654	-0.0	0.364	3.001	7.138	6.773	2.196	1.436	99.735	0.936948	0.324	0.08507	-9.762	-9.924
SPCC1620.07c	lnp1	viable	V	0.643	0.02	0.189	2.135	16.211	38.297	36.162	11.913	0.237	8.195	0.545612	0.15	0.205324	-20.532	-20.694
SPCC1620.08	lsc2	viable	V	1.427	0.239	2.223	2.587	5.224	9.361	6.773	4.419	0.525	33.354	0.907319	0.183	0.114713	-17.743	-17.906
SPCC1620.09c	tfg1	inviable	E	2.877	0.348	-0.0	0.505	4.157	9.888	9.383	3.042	1.058	69.642	0.984701	0.125	0.041569	-23.117	-23.279
SPCC1620.11	nup97	inviable	E	4.591	0.703	0.29	0.689	3.573	8.099	7.411	2.693	1.689	114.546	0.985485	0.199	0.041843	-16.611	-16.773
SPCC1620.12c	SPCC1620.12c	viable	V	0.602	0.03	0.0	1.214	9.989	23.76	22.546	7.31	0.221	10.687	0.9052	0.065	0.103231	-32.215	-32.377
SPCC1620.13	SPCC1620.13	viable	V	-1.0	0.031	0.0	1.957	16.116	38.334	36.377	11.794	-0.368	-0.221	-2.961004	0.27	0.671037	-12.308	-12.471
SPCC1620.14c	snf22	viable	V	2.117	0.138	0.505	1.44	8.202	18.812	17.372	6.138	0.779	41.682	0.984051	0.089	0.043679	-27.872	-28.034
SPCC1672.01	SPCC1672.01	inviable	E	0.147	0.025	0.0	0.364	3.001	7.138	6.773	2.196	0.054	3.749	0.090619	0.153	0.316149	-20.252	-20.414
SPCC1672.02c	sap1	inviable	E	2.799	0.469	-0.0	0.364	3.001	7.138	6.773	2.196	1.03	71.525	0.764546	0.445	0.164062	-5.343	-5.505
SPCC1672.03c	gud1	viable	V	-1.0	0.031	0.0	1.957	16.116	38.334	36.377	11.794	-0.368	-0.221	-3.63782	0.219	0.667788	-15.259	-15.422
SPCC1672.04c	cox19	viable	V	1.998	0.094	6.206	7.501	16.871	31.575	24.074	14.011	0.735	23.247	0.994119	0.046	0.025554	-37.249	-37.412
SPCC1672.06c	asp1	viable	V	3.115	0.322	1.741	2.332	6.609	13.319	10.987	5.303	1.146	67.574	0.981742	0.16	0.049606	-19.693	-19.855
SPCC1672.07	utp21	inviable	E	4.823	0.808	0.688	1.052	3.689	7.826	6.773	2.884	1.774	120.08	0.998791	0.062	0.012728	-33.022	-33.184
SPCC1672.08c	tfa2	inviable	E	1.445	0.242	-0.0	0.364	3.001	7.138	6.773	2.196	0.531	36.915	0.889651	0.16	0.104269	-19.651	-19.814
SPCC1672.09	SPCC1672.09	viable	V	1.032	0.173	-0.0	0.364	3.001	7.138	6.773	2.196	0.379	26.36	0.67496	0.238	0.183105	-14.116	-14.278
SPCC1672.10	mis16	inviable	E	5.246	0.879	5.162	5.526	8.162	12.299	6.773	7.358	1.93	107.192	0.997295	0.116	0.022613	-24.125	-24.287
SPCC1672.11c	SPCC1672.11c	viable	V	1.026	0.065	0.0	0.957	7.879	18.74	17.783	5.766	0.377	20.479	0.990194	0.034	0.033105	-41.272	-41.434
SPCC1672.12c	get4	viable	V	0.933	0.105	0.0	0.544	4.483	10.663	10.118	3.28	0.343	22.24	0.83793	0.143	0.137063	-21.22	-21.382
SPCC1682.01	qcr9	viable	V	2.084	0.07	2.086	3.916	17.154	37.926	34.009	13.113	0.767	24.863	0.979056	0.076	0.044296	-30.133	-30.296
SPCC1682.02c	mcm3	inviable	E	4.294	0.719	0.599	0.963	3.6	7.737	6.773	2.795	1.58	107.269	0.992129	0.14	0.032355	-21.519	-21.681
SPCC1682.03c	mug174	inviable	E	3.71	0.253	4.572	5.468	11.948	22.116	16.648	9.97	1.365	59.837	0.997956	0.058	0.016101	-33.972	-34.135
SPCC1682.04	cdc31	inviable	E	4.639	0.566	1.113	1.613	5.232	10.911	9.298	4.127	1.707	107.543	0.997414	0.088	0.018748	-28.034	-28.197
SPCC1682.05c	srp68	inviable	Not_determined	3.951	0.529	-0.0	0.456	3.755	8.932	8.476	2.748	1.454	97.49	0.910267	0.408	0.10004	-6.556	-6.718
SPCC1682.06	SPCC1682.06	viable	V	0.465	0.078	-0.0	0.364	3.001	7.138	6.773	2.196	0.171	11.877	-0.031259	0.507	0.389656	-3.5	-3.663
SPCC1682.07	ssl1	condition-dependent	E	3.896	0.504	1.076	1.548	4.96	10.313	8.765	3.918	1.433	91.509	0.945313	0.35	0.079303	-8.683	-8.845
SPCC1682.08c	mpf2	viable	V	0.305	0.051	2.6	2.965	5.601	9.738	6.773	4.796	0.112	7.014	0.2918	0.249	0.253459	-13.456	-13.618
SPCC1682.09c	ggc1	inviable	E	4.571	0.759	7.145	7.512	10.171	14.343	6.831	9.359	1.682	84.203	0.995999	0.122	0.026973	-23.499	-23.661
SPCC1682.10	rpn8	inviable	E	4.203	0.704	0.395	0.76	3.396	7.533	6.773	2.591	1.546	105.823	0.970839	0.264	0.061829	-12.671	-12.833
SPCC1682.11c	ctl1	viable	V	0.352	0.059	-0.0	0.364	3.001	7.138	6.773	2.196	0.13	9.0	0.73265	0.07	0.148325	-31.257	-31.42
SPCC1682.12c	ubp16	viable	V	1.842	0.142	1.405	2.199	7.938	16.944	14.745	6.186	0.678	37.079	0.960134	0.13	0.072261	-22.571	-22.734
SPCC1682.13	laf2	viable	V	1.185	0.153	0.727	1.2	4.62	9.987	8.788	3.576	0.436	28.229	0.506779	0.416	0.252246	-6.289	-6.451
SPCC1682.15	mug122	viable	V	0.375	0.055	2.54	2.953	5.941	10.63	7.677	5.029	0.138	8.474	0.633631	0.121	0.19803	-23.591	-23.753
SPCC1682.16	rpt4	viable	V	3.287	0.551	0.304	0.668	3.305	7.442	6.773	2.5	1.209	83.056	0.957634	0.248	0.072409	-13.537	-13.699
SPCC16A11.01	sfk1	viable	V	0.544	0.091	-0.0	0.364	3.001	7.138	6.773	2.196	0.2	13.894	0.223593	0.305	0.300269	-10.621	-10.783
SPCC16A11.02	utp13	inviable	Not_determined	4.227	0.708	-0.0	0.364	3.001	7.138	6.773	2.196	1.555	108.024	0.9889	0.155	0.036538	-20.062	-20.224
SPCC16A11.03c	SPCC16A11.03c	viable	V	0.575	0.068	-0.0	0.514	4.229	10.06	9.546	3.095	0.212	13.877	0.660672	0.134	0.184948	-22.188	-22.35
SPCC16A11.04	snx12	viable	V	0.192	0.023	0.0	0.511	4.207	10.006	9.495	3.078	0.071	4.63	0.313436	0.12	0.298894	-23.735	-23.898
SPCC16A11.05c	dim1	inviable	E	5.135	0.795	0.508	0.902	3.754	8.228	7.326	2.883	1.889	127.265	0.995392	0.127	0.023683	-22.92	-23.082
SPCC16A11.06c	gpi10	inviable	E	3.461	0.58	0.345	0.71	3.346	7.483	6.773	2.541	1.273	87.3	0.974283	0.202	0.055019	-16.402	-16.564
SPCC16A11.07	coq10	viable	V	1.129	0.077	5.576	6.472	12.953	23.124	16.652	10.975	0.415	17.116	0.913243	0.127	0.097332	-22.92	-23.082
SPCC16A11.08	atg20	viable	V	-0.487	-0.082	3.735	4.1	6.736	10.873	6.773	5.931	-0.179	-10.647	0.850688	0.101	0.127545	-26.042	-26.204
SPCC16A11.09c	tim23	inviable	E	3.639	0.551	0.629	1.033	3.952	8.533	7.5	3.061	1.339	89.447	0.995501	0.089	0.023747	-27.8	-27.962
SPCC16A11.10c	oca8	viable	V	0.487	0.063	-0.0	0.469	3.862	9.187	8.718	2.826	0.179	11.948	0.138001	0.315	0.293627	-10.183	-10.345
SPCC16A11.11	mrpl31	inviable	E	4.886	0.476	3.262	3.889	8.419	15.527	11.639	7.036	1.798	97.023	0.979749	0.262	0.053397	-12.768	-12.93
SPCC16A11.12c	ubp1	viable	V	0.304	0.015	0.0	1.264	10.408	24.756	23.491	7.616	0.112	5.279	0.114601	0.264	0.295662	-12.644	-12.806
SPCC16A11.13	luc7	inviable	E	2.948	0.452	4.672	5.07	7.948	12.465	7.395	7.07	1.084	60.737	0.977096	0.202	0.060829	-16.417	-16.579
SPCC16A11.14	sfh1	inviable	E	3.681	0.331	0.96	1.638	6.547	14.248	12.61	5.048	1.354	79.632	0.974	0.213	0.060899	-15.653	-15.815
SPCC16A11.15c	SPCC16A11.15c	viable	V	1.545	0.259	-0.0	0.364	3.001	7.138	6.773	2.196	0.568	39.474	0.357987	0.451	0.24589	-5.149	-5.311
SPCC16A11.16c	rpn1302	viable	V	-0.442	-0.074	-0.0	0.364	3.001	7.138	6.773	2.196	-0.163	-11.295	0.47418	0.139	0.220088	-21.638	-21.801
SPCC16A11.17	mcm4	inviable	E	3.486	0.584	0.4	0.764	3.401	7.538	6.773	2.596	1.283	87.766	0.995633	0.083	0.023196	-28.834	-28.996
SPCC16C4.01	sif2	viable	V	1.081	0.143	0.201	0.664	4.012	9.267	8.603	2.99	0.398	26.408	0.683912	0.264	0.180897	-12.659	-12.821
SPCC16C4.02c	asi1	inviable	E	4.752	0.665	0.336	0.773	3.928	8.881	8.108	2.965	1.748	116.641	0.990023	0.171	0.034844	-18.71	-18.872
SPCC16C4.03	pin1	viable	V	1.16	0.13	11.039	11.582	15.51	21.674	10.092	14.311	0.427	14.964	0.938248	0.117	0.087095	-23.99	-24.152
SPCC16C4.04	pex26	viable	V	0.531	-0.017	-0.0	1.951	16.06	38.201	36.25	11.753	0.195	0.117	0.013292	0.219	0.334262	-15.244	-15.406
SPCC16C4.05	pop23	inviable	E	3.119	0.523	-0.0	0.364	3.001	7.138	6.773	2.196	1.148	79.716	0.697616	0.59	0.180134	-1.375	-1.538
SPCC16C4.06c	pus3	viable	V	1.539	0.081	-0.0	1.157	9.529	22.665	21.508	6.973	0.566	28.043	0.648154	0.296	0.19307	-11.054	-11.216
SPCC16C4.07	scw1	viable	V	1.799	0.105	2.727	3.769	11.307	23.136	19.366	9.006	0.662	29.976	0.903506	0.189	0.112991	-17.338	-17.501
SPCC16C4.08c	skb15	inviable	E	3.884	0.61	0.423	0.812	3.626	8.042	7.23	2.767	1.429	96.773	0.992586	0.121	0.029508	-23.566	-23.728
SPCC16C4.09	sts5	viable	V	1.32	0.041	0.0	1.957	16.116	38.334	36.377	11.794	0.486	16.915	0.757963	0.181	0.168126	-17.898	-18.06
SPCC16C4.10	pgl1	viable	V	3.819	0.322	2.316	3.041	8.281	16.503	13.463	6.681	1.405	75.901	0.999642	0.026	0.006937	-44.896	-45.058
SPCC16C4.11	pef1	viable	V	3.945	0.193	-0.0	1.249	10.283	24.46	23.211	7.525	1.451	68.939	0.94736	0.272	0.072424	-12.222	-12.385
SPCC16C4.12	naa20	viable	V	3.235	0.277	3.449	4.162	9.318	17.41	13.249	7.744	1.19	61.024	0.967444	0.222	0.07142	-15.082	-15.244
SPCC16C4.14c	sfc4	viable	V	4.022	0.513	2.609	3.088	6.554	11.991	8.902	5.496	1.48	88.066	0.989309	0.164	0.040684	-19.311	-19.473
SPCC16C4.15	rml2	inviable	E	5.584	0.597	3.266	3.837	7.967	14.447	10.61	6.706	2.054	113.758	0.977989	0.325	0.056594	-9.737	-9.899
SPCC16C4.16c	cbc3	viable	Not_determined	-0.464	-0.078	-0.0	0.364	3.001	7.138	6.773	2.196	-0.171	-11.855	0.064035	0.2	0.302314	-16.502	-16.664
SPCC16C4.17	mug123	viable	V	1.062	-0.041	-0.0	1.589	13.082	31.116	29.527	9.573	0.391	0.191	-0.746949	0.461	0.445884	-4.853	-5.015
SPCC16C4.18c	taf6	inviable	E	3.137	0.526	1.804	2.169	4.805	8.942	6.773	4.0	1.154	74.635	0.974852	0.203	0.06311	-16.357	-16.519
SPCC16C4.19	rpp21	inviable	E	2.456	0.411	0.153	0.518	3.154	7.291	6.773	2.349	0.903	62.4	0.840832	0.384	0.140463	-7.399	-7.561
SPCC16C4.20c	hap2	viable	V	0.216	0.036	0.0	0.364	3.001	7.138	6.773	2.196	0.08	5.532	0.082103	0.27	0.358219	-12.326	-12.488
SPCC16C4.21	SPCC16C4.21	unknown	Not_determined	0.365	0.061	-0.0	0.364	3.001	7.138	6.773	2.196	0.134	9.317	0.404068	0.123	0.215684	-23.32	-23.483
SPCC1739.01	SPCC1739.01	viable	V	0.535	0.029	-0.0	1.123	9.25	22.003	20.879	6.769	0.197	9.9	0.212763	0.326	0.301463	-9.697	-9.859
SPCC1739.02c	mrpl22	inviable	E	4.028	0.546	3.75	4.2	7.46	12.575	8.375	6.465	1.482	84.703	0.997819	0.076	0.019038	-30.064	-30.227
SPCC1739.03	hrr1	viable	V	0.628	0.021	1.248	3.051	16.097	36.567	33.516	12.114	0.231	7.987	0.665529	0.131	0.208126	-22.421	-22.583
SPCC1739.04c	dms1	viable	V	0.056	-0.009	-0.0	0.364	3.001	7.138	6.773	2.196	0.021	0.002	-0.789654	0.087	0.485247	-28.131	-28.293
SPCC1739.05	set5	viable	V	-0.536	-0.09	-0.0	0.364	3.001	7.138	6.773	2.196	-0.197	-13.693	0.37306	0.177	0.243014	-18.23	-18.392
SPCC1739.06c	met1	viable	V	0.521	0.087	1.412	1.777	4.413	8.55	6.773	3.608	0.192	12.61	0.94844	0.048	0.083559	-36.401	-36.563
SPCC1739.07	cti1	condition-dependent	V	2.317	0.265	3.304	3.838	7.702	13.764	9.926	6.522	0.852	47.927	0.993012	0.076	0.033588	-30.126	-30.288
SPCC1739.08c	SPCC1739.08c	viable	V	1.258	0.057	-0.0	1.354	11.149	26.519	25.165	8.159	0.463	20.947	0.657961	0.227	0.190556	-14.786	-14.948
SPCC1739.10	mug33	viable	V	-1.0	-0.1	1.493	2.103	6.516	13.441	11.338	5.169	-0.368	-21.761	0.847376	0.176	0.128621	-18.336	-18.498
SPCC1739.11c	cdc11	inviable	E	4.416	0.74	3.096	3.46	6.096	10.233	6.773	5.292	1.624	99.352	0.99857	0.069	0.015774	-31.384	-31.546
SPCC1739.13	ssa2	condition-dependent	E	3.529	0.591	-0.0	0.364	3.001	7.138	6.773	2.196	1.298	90.169	0.79037	0.541	0.145805	-2.602	-2.765
SPCC1739.14	npp106	viable	V	3.33	0.287	1.082	1.79	6.911	14.947	13.157	5.348	1.225	70.719	0.982321	0.158	0.047916	-19.851	-20.014
SPCC1739.15	wtf21	inviable	E	-0.002	0.0	0.0	0.364	3.001	7.137	6.773	2.196	-0.001	-0.0	-0.089144	0.187	0.307162	-17.491	-17.654
SPCC1742.01	gsf2	viable	V	0.17	0.028	-0.0	0.364	3.001	7.138	6.773	2.196	0.062	4.335	-0.015102	0.343	0.324403	-8.998	-9.16
SPCC1753.01c	ssb2	inviable	E	3.791	0.402	0.846	1.421	5.583	12.113	10.692	4.312	1.395	86.146	0.994739	0.1	0.026057	-26.184	-26.347
SPCC1753.02c	git3	viable	V	2.645	0.242	0.057	0.723	5.545	13.11	12.387	4.073	0.973	59.79	0.987381	0.104	0.038945	-25.747	-25.909
SPCC1753.03c	rec7	viable	V	0.009	-0.001	1.118	1.792	6.665	14.312	12.52	5.178	0.003	0.002	-0.006159	0.153	0.295385	-20.309	-20.471
SPCC1753.04	tol1	inviable	E	4.314	0.723	0.057	0.421	3.058	7.195	6.773	2.253	1.587	110.014	0.980984	0.21	0.047526	-15.829	-15.991
SPCC1753.05	rsm1	viable	V	4.51	0.386	5.356	6.069	11.224	19.314	13.246	9.65	1.659	76.563	0.996833	0.095	0.020642	-26.895	-27.057
SPCC1795.02c	vcx1	viable	V	0.236	0.04	-0.0	0.364	3.001	7.138	6.773	2.196	0.087	6.038	0.163088	0.171	0.297707	-18.71	-18.873
SPCC1795.03	gms1	viable	V	4.362	0.307	1.604	2.47	8.739	18.575	16.105	6.825	1.605	84.041	0.995253	0.104	0.024165	-25.634	-25.797
SPCC1795.04c	pre10	inviable	E	3.605	0.604	-0.0	0.364	3.001	7.138	6.773	2.196	1.326	92.116	0.906913	0.364	0.101838	-8.157	-8.32
SPCC1795.05c	ura6	inviable	E	3.455	0.579	-0.0	0.364	3.001	7.138	6.773	2.196	1.271	88.293	0.548661	0.968	0.198341	5.538	5.375
SPCC1795.06	map2	viable	V	0.029	-0.001	0.0	1.232	10.146	24.133	22.901	7.425	0.011	0.004	-0.334234	0.252	0.371329	-13.31	-13.472
SPCC1795.08c	vid21	inviable	E	4.25	0.357	2.718	3.444	8.696	16.936	13.492	7.093	1.563	82.725	0.996366	0.094	0.022243	-27.129	-27.292
SPCC1795.09	yps1	viable	V	1.635	0.274	-0.0	0.364	3.001	7.138	6.773	2.196	0.602	41.785	0.826208	0.246	0.132249	-13.65	-13.812
SPCC1795.10c	svp26	viable	V	-0.564	-0.094	4.108	4.472	7.108	11.245	6.773	6.303	-0.207	-12.111	0.512664	0.273	0.232844	-12.181	-12.344
SPCC1795.11	sum3	inviable	E	4.133	0.692	-0.0	0.364	3.001	7.138	6.773	2.196	1.52	105.615	0.93332	0.356	0.088084	-8.448	-8.61
SPCC1795.12c	SPCC1795.12c	viable	V	0.36	0.06	2.356	2.72	5.357	9.494	6.773	4.552	0.132	8.37	0.080316	0.664	0.395327	0.271	0.108
SPCC18.01c	adg3	viable	V	0.984	0.045	0.005	1.347	11.06	26.301	24.953	8.095	0.362	16.467	0.955369	0.066	0.071125	-32.083	-32.245
SPCC18.02	SPCC18.02	viable	V	2.682	-0.084	0.0	1.957	16.116	38.334	36.377	11.794	0.987	0.592	0.022947	0.437	0.334611	-5.579	-5.741
SPCC18.03	SPCC18.03	viable	V	-0.19	0.008	0.0	1.368	11.265	26.794	25.426	8.243	-0.07	-0.029	-0.09122	0.17	0.34277	-18.778	-18.94
SPCC18.04	pof6	inviable	E	4.208	0.664	0.283	0.67	3.471	7.866	7.195	2.616	1.548	105.481	0.994798	0.109	0.025809	-25.09	-25.253
SPCC18.05c	rsa4	inviable	E	4.399	0.737	0.186	0.551	3.187	7.324	6.773	2.382	1.618	111.641	0.987753	0.174	0.040198	-18.448	-18.61
SPCC18.06c	caf1	viable	V	4.252	0.299	2.166	3.035	9.322	19.187	16.152	7.403	1.564	79.52	0.998866	0.05	0.011875	-35.939	-36.101
SPCC18.07	rpc53	inviable	E	4.607	0.624	0.774	1.225	4.488	9.607	8.382	3.492	1.695	110.498	0.995508	0.114	0.024081	-24.42	-24.582
SPCC18.08	msk1	inviable	E	4.583	0.768	7.444	7.809	10.445	14.582	6.773	9.64	1.686	83.189	0.997602	0.095	0.020852	-26.914	-27.077
SPCC18.09c	hnt3	viable	V	0.517	0.016	0.33	2.268	16.281	38.27	36.002	12.003	0.19	6.549	0.297416	0.223	0.269714	-15.005	-15.167
SPCC18.10	SPCC18.10	viable	V	-0.164	0.005	0.0	1.954	16.085	38.26	36.307	11.771	-0.06	-0.036	-0.222998	0.257	0.36937	-13.017	-13.179
SPCC18.11c	sdc1	viable	V	1.824	0.14	8.363	9.158	14.905	23.924	14.766	13.151	0.671	24.292	0.954943	0.137	0.07171	-21.81	-21.973
SPCC18.12c	utp23	inviable	E	4.294	0.719	0.778	1.142	3.778	7.915	6.773	2.974	1.58	106.518	0.992705	0.136	0.030373	-21.933	-22.096
SPCC18.13	trm82	viable	V	1.07	0.151	6.915	7.347	10.475	15.382	8.035	9.52	0.393	19.291	0.911145	0.148	0.107755	-20.702	-20.864
SPCC18.14c	rpp0	inviable	E	3.341	0.56	-0.0	0.364	3.001	7.138	6.773	2.196	1.229	85.373	0.943142	0.266	0.079927	-12.565	-12.727
SPCC18.15	dph7	viable	V	1.083	0.099	0.0	0.669	5.504	13.09	12.422	4.027	0.399	24.527	0.948571	0.086	0.075042	-28.287	-28.449
SPCC18.16c	fmn1	inviable	E	5.353	0.897	0.013	0.377	3.014	7.151	6.773	2.209	1.969	136.725	0.970881	0.325	0.057004	-9.726	-9.888
SPCC18.17c	SPCC18.17c	viable	V	2.474	0.173	2.578	3.453	9.782	19.712	16.259	7.849	0.91	45.146	0.99298	0.073	0.029473	-30.624	-30.787
SPCC18.18c	fum1	unknown	Not_determined	0.781	0.131	1.062	1.426	4.063	8.2	6.773	3.258	0.287	19.165	0.864737	0.121	0.132922	-23.588	-23.75
SPCC18.19c	ost5	unknown	Not_determined	-0.739	-0.023	0.0	1.958	16.117	38.334	36.376	11.794	-0.272	-9.468	0.834013	0.092	0.120473	-27.471	-27.633
SPCC1827.01c	utp25	inviable	E	3.847	0.645	-0.0	0.364	3.001	7.138	6.773	2.196	1.415	98.317	0.951546	0.296	0.071969	-11.036	-11.199
SPCC1827.02c	pcy1	viable	V	0.109	0.018	0.0	0.364	3.001	7.138	6.773	2.196	0.04	2.774	0.184748	0.076	0.317257	-30.052	-30.215
SPCC1827.03c	pcs60	viable	V	0.993	0.166	-0.0	0.364	3.001	7.138	6.773	2.196	0.365	25.37	0.270986	0.641	0.265799	-0.23	-0.392
SPCC1827.04	vms1	viable	V	0.434	0.073	-0.0	0.364	3.001	7.138	6.773	2.196	0.16	11.101	0.129514	0.267	0.308523	-12.51	-12.672
SPCC1827.05c	SPCC1827.05c	inviable	E	4.296	0.613	0.163	0.591	3.689	8.55	7.958	2.743	1.58	106.492	0.983748	0.195	0.045216	-16.853	-17.015
SPCC1827.06c	hom2	inviable	E	2.889	0.484	0.74	1.104	3.741	7.878	6.773	2.936	1.063	71.772	0.992573	0.092	0.030607	-27.379	-27.542
SPCC1827.07c	spx2	viable	V	0.804	0.029	0.0	1.7	13.999	33.299	31.599	10.245	0.296	11.487	0.948515	0.05	0.071647	-35.878	-36.04
SPCC1827.08c	pof7	viable	V	0.125	-0.021	0.0	0.364	3.0	7.137	6.772	2.196	0.046	0.005	-0.058784	0.263	0.302519	-12.672	-12.834
SPCC1840.02c	bgs4	condition-dependent	V	3.889	0.652	-0.0	0.364	3.001	7.138	6.773	2.196	1.431	99.384	0.952539	0.283	0.0729	-11.669	-11.831
SPCC1840.03	sal3	viable	V	3.69	0.312	0.346	1.068	6.295	14.496	13.428	4.699	1.357	80.44	0.990647	0.125	0.03368	-23.163	-23.325
SPCC1840.04	pca1	viable	V	-0.902	-0.084	2.892	3.548	8.298	15.751	12.203	6.848	-0.332	-17.984	0.96674	0.063	0.07312	-32.731	-32.893
SPCC1840.05c	pgm2	viable	V	0.643	0.02	0.0	1.957	16.116	38.334	36.377	11.794	0.237	8.244	0.383394	0.214	0.306825	-15.574	-15.736
SPCC1840.06	atp5	viable	V	1.54	0.134	0.486	1.188	6.266	14.234	13.046	4.716	0.567	33.679	0.90881	0.171	0.097644	-18.695	-18.858
SPCC1840.07c	SPCC1840.07c	viable	V	0.166	0.028	0.0	0.364	3.001	7.138	6.773	2.196	0.061	4.249	0.03924	0.273	0.308495	-12.191	-12.353
SPCC1840.08c	pdi5	viable	V	-1.0	0.031	0.0	1.958	16.117	38.334	36.376	11.794	-0.368	-0.221	-2.564754	0.267	0.64875	-12.506	-12.668
SPCC1840.09	coq11	viable	V	2.136	0.127	6.424	7.454	14.898	26.579	19.125	12.625	0.786	28.373	0.984954	0.088	0.040767	-28.01	-28.173
SPCC1840.11	csl4	viable	V	2.631	0.439	0.337	0.703	3.35	7.503	6.8	2.542	0.968	66.355	0.993412	0.077	0.02935	-29.962	-30.124
SPCC1840.12	opt3	viable	V	-0.011	0.001	0.0	0.549	4.523	10.759	10.209	3.31	-0.004	-0.001	-0.359664	0.166	0.409164	-19.131	-19.293
SPCC1840.13	SPCC1840.13	unknown	Not_determined	0.223	0.019	0.0	0.727	5.987	14.239	13.512	4.381	0.082	4.935	0.05718	0.301	0.299166	-10.797	-10.959
SPCC188.02	par1	viable	V	2.419	0.09	-0.0	1.647	13.561	32.256	30.609	9.924	0.89	35.353	0.944432	0.148	0.070396	-20.77	-20.933
SPCC188.03	cnd3	inviable	E	3.765	0.631	-0.0	0.364	3.001	7.138	6.773	2.196	1.385	96.209	0.985249	0.16	0.042131	-19.618	-19.78
SPCC188.04c	spc25	inviable	E	3.178	0.49	0.742	1.137	3.999	8.49	7.352	3.125	1.169	77.995	0.994503	0.087	0.027717	-28.208	-28.37
SPCC188.06c	srp54	inviable	E	4.146	0.695	-0.0	0.364	3.001	7.138	6.773	2.196	1.525	105.95	0.985174	0.177	0.040956	-18.222	-18.384
SPCC188.07	ccq1	viable	V	2.114	0.066	-0.0	1.957	16.116	38.334	36.377	11.794	0.778	27.087	0.887111	0.177	0.098094	-18.269	-18.431
SPCC188.08c	ubp5	viable	V	0.731	0.051	-0.0	0.88	7.249	17.243	16.362	5.305	0.269	15.105	0.864249	0.088	0.107579	-28.009	-28.171
SPCC188.11	prp45	inviable	E	4.618	0.708	0.898	1.297	4.176	8.694	7.398	3.297	1.699	112.521	0.986127	0.203	0.04141	-16.31	-16.472
SPCC188.13c	dcr1	viable	V	0.704	0.118	4.009	4.373	7.01	11.147	6.773	6.205	0.259	15.203	0.828096	0.142	0.172583	-21.323	-21.486
SPCC1884.01	SPCC1884.01	unknown	Not_determined	-0.226	-0.008	0.0	1.728	14.229	33.845	32.117	10.413	-0.083	-3.189	0.459955	0.073	0.24966	-30.661	-30.823
SPCC1884.02	nic1	condition-dependent	V	-1.0	0.031	0.0	1.957	16.116	38.334	36.377	11.794	-0.368	-0.221	0.057468	0.22	0.307323	-15.215	-15.377
SPCC18B5.01c	bfr1	viable	V	0.763	0.111	0.166	0.586	3.62	8.381	7.795	2.694	0.281	18.97	0.912047	0.086	0.098812	-28.418	-28.58
SPCC18B5.03	wee1	viable	V	1.869	0.237	7.61	8.091	11.572	17.033	8.942	10.509	0.687	31.545	0.976972	0.123	0.058179	-23.319	-23.482
SPCC18B5.04	rsm18	inviable	E	4.593	0.749	3.946	4.321	7.029	11.279	6.959	6.202	1.689	98.99	0.988002	0.214	0.043081	-15.597	-15.76
SPCC18B5.05c	SPCC18B5.05c	viable	V	-1.0	-0.168	-0.0	0.364	3.001	7.138	6.773	2.196	-0.368	-25.554	0.214216	0.477	0.301045	-4.359	-4.521
SPCC18B5.06	dom34	viable	V	0.702	0.118	3.751	4.115	6.752	10.888	6.773	5.947	0.258	15.343	0.901413	0.105	0.108019	-25.496	-25.659
SPCC18B5.07c	nup61	viable	V	2.207	-0.069	0.0	1.957	16.116	38.334	36.377	11.794	0.812	0.488	-0.288093	0.558	0.385484	-2.173	-2.335
SPCC18B5.08c	ism1	inviable	E	3.561	0.596	4.253	4.618	7.254	11.391	6.773	6.449	1.31	75.992	0.985277	0.178	0.049538	-18.145	-18.307
SPCC18B5.09c	thc1	viable	V	-0.576	-0.096	2.211	2.576	5.212	9.349	6.773	4.407	-0.212	-13.461	0.565013	0.223	0.22379	-15.029	-15.191
SPCC18B5.10c	tho3	viable	V	-0.426	-0.071	-0.0	0.364	3.001	7.138	6.773	2.196	-0.157	-10.884	0.042739	0.193	0.300478	-17.038	-17.2
SPCC18B5.11c	cds1	viable	V	0.437	0.03	3.86	4.749	11.178	21.265	16.516	9.215	0.161	7.376	0.666809	0.131	0.195021	-22.492	-22.654
SPCC1902.01	gaf1	viable	V	0.178	0.022	1.155	1.661	5.317	11.053	9.393	4.201	0.066	4.112	0.213593	0.181	0.282789	-17.953	-18.115
SPCC1902.02	mug72	viable	V	0.18	0.03	-0.0	0.364	3.001	7.138	6.773	2.196	0.066	4.587	0.050309	0.204	0.330347	-16.267	-16.429
SPCC1906.01	mpg1	inviable	E	4.319	0.724	0.091	0.455	3.091	7.228	6.773	2.287	1.589	110.014	0.941758	0.38	0.077224	-7.54	-7.702
SPCC1906.02c	rqt3	viable	V	0.494	0.083	2.252	2.616	5.253	9.39	6.773	4.448	0.182	11.524	0.66889	0.156	0.193231	-19.999	-20.161
SPCC1906.04	wtf20	viable	V	0.996	0.167	16.079	16.444	19.08	23.217	6.773	18.275	0.366	9.495	0.743923	0.213	0.144636	-15.647	-15.81
SPCC191.02c	acs1	viable	V	4.372	0.723	0.083	0.452	3.122	7.312	6.86	2.307	1.608	111.192	0.975069	0.245	0.053511	-13.683	-13.846
SPCC191.04c	SPCC191.04c	unknown	Not_determined	0.416	0.07	-0.0	0.364	3.001	7.138	6.773	2.196	0.153	10.632	0.475936	0.132	0.207146	-22.354	-22.517
SPCC191.05c	SPCC191.05c	viable	V	0.655	0.11	-0.0	0.364	3.001	7.138	6.773	2.196	0.241	16.745	0.839702	0.09	0.121588	-27.734	-27.896
SPCC191.06	SPCC191.06	viable	V	0.638	0.107	2.175	2.539	5.176	9.313	6.773	4.371	0.235	14.937	0.647646	0.213	0.197206	-15.639	-15.801
SPCC191.09c	gst1	viable	V	-0.813	-0.136	-0.0	0.364	3.001	7.138	6.773	2.196	-0.299	-20.776	0.841803	0.109	0.124381	-25.003	-25.165
SPCC191.10	SPCC191.10	viable	V	-0.525	-0.088	1.573	1.937	4.574	8.711	6.773	3.769	-0.193	-12.617	0.619465	0.185	0.209336	-17.651	-17.814
SPCC191.11	inv1	viable	V	-0.118	0.005	0.001	1.335	10.99	26.14	24.804	8.042	-0.043	-0.018	-0.069883	0.777	0.330508	2.468	2.306
SPCC1919.01	ckk2	viable	V	0.135	-0.019	0.0	0.436	3.591	8.54	8.104	2.627	0.05	0.007	-0.537483	0.32	0.361633	-9.966	-10.128
SPCC1919.02	pbn1	inviable	E	3.408	0.571	1.223	1.588	4.224	8.361	6.773	3.419	1.254	83.041	0.983907	0.166	0.047113	-19.103	-19.265
SPCC1919.03c	amk2	viable	V	0.713	0.119	7.601	7.966	10.602	14.739	6.773	9.797	0.262	12.835	0.747734	0.223	0.180861	-15.019	-15.182
SPCC1919.04	SPCC1919.04	unknown	Not_determined	1.161	0.194	-0.0	0.364	3.001	7.138	6.773	2.196	0.427	29.661	0.517744	0.331	0.255174	-9.459	-9.621
SPCC1919.05	ski3	viable	V	1.102	0.056	0.0	1.2	9.874	23.485	22.286	7.226	0.406	19.705	0.949291	0.077	0.070123	-29.973	-30.135
SPCC1919.06c	wtf25	unknown	Not_determined	-0.703	0.022	-0.0	1.926	15.855	37.712	35.786	11.602	-0.259	-0.153	-0.134806	0.252	0.347601	-13.315	-13.478
SPCC1919.07	SPCC1919.07	viable	V	0.869	0.052	0.018	1.043	8.461	20.102	19.058	6.197	0.32	16.805	0.636366	0.207	0.217848	-16.039	-16.201
SPCC1919.08c	mrpl33	inviable	E	3.655	0.612	4.168	4.533	7.169	11.306	6.773	6.364	1.345	78.316	0.908428	0.487	0.12865	-4.067	-4.229
SPCC1919.09	tif6	viable	V	4.879	0.817	0.531	0.895	3.532	7.669	6.773	2.727	1.795	122.205	0.998784	0.062	0.012626	-32.979	-33.141
SPCC1919.10c	myo52	condition-dependent	V	4.286	0.386	1.38	2.058	6.962	14.658	12.599	5.465	1.577	90.98	0.999138	0.046	0.01072	-37.189	-37.352
SPCC1919.11	mug137	viable	V	-1.0	0.031	0.0	1.957	16.116	38.334	36.377	11.794	-0.368	-0.221	-2.701464	0.231	0.635474	-14.534	-14.697
SPCC1919.12c	erm2	viable	V	-0.257	0.008	0.0	1.952	16.072	38.229	36.277	11.761	-0.095	-0.057	-0.040874	0.124	0.317785	-23.196	-23.358
SPCC1919.13c	bmt5	viable	V	0.016	-0.001	0.0	0.935	7.695	18.302	17.368	5.631	0.006	0.002	-0.801409	0.106	0.434556	-25.416	-25.579
SPCC1919.14c	bdp1	inviable	E	3.405	0.57	-0.0	0.364	3.001	7.138	6.773	2.196	1.253	87.008	0.970758	0.201	0.057382	-16.486	-16.648
SPCC1919.15	brl1	viable	V	4.494	0.262	1.835	2.883	10.462	22.354	19.471	8.148	1.653	78.461	0.991019	0.139	0.032472	-21.674	-21.836
SPCC23B6.01c	osh6	viable	V	-0.188	0.031	-0.0	0.364	3.001	7.138	6.773	2.196	-0.069	-0.008	-0.011887	0.083	0.281301	-28.8	-28.962
SPCC23B6.02c	ecm1	viable	V	-0.323	0.054	23.681	24.046	26.682	30.819	6.773	25.877	-0.119	-6.528	0.260563	0.245	0.363257	-13.7	-13.863
SPCC23B6.03c	tel1	viable	V	0.367	0.033	0.0	0.681	5.61	13.343	12.662	4.105	0.135	8.264	0.797057	0.055	0.139936	-34.715	-34.877
SPCC23B6.04c	pdr16	viable	V	0.764	0.119	1.353	1.746	4.587	9.044	7.298	3.719	0.281	18.317	0.911506	0.093	0.104873	-27.28	-27.443
SPCC23B6.05c	ssb3	viable	V	1.773	0.114	1.66	2.611	9.488	20.279	17.668	7.389	0.652	32.737	0.910264	0.191	0.10767	-17.192	-17.354
SPCC24B10.02c	SPCC24B10.02c	viable	V	1.139	0.191	4.892	5.257	7.893	12.03	6.773	7.088	0.419	23.577	0.912826	0.157	0.110529	-19.965	-20.127
SPCC24B10.03	SPCC24B10.03	viable	V	0.795	0.071	10.766	11.446	16.362	24.075	12.629	14.861	0.292	9.509	0.615492	0.203	0.175717	-16.339	-16.501
SPCC24B10.04	mrpl50	viable	V	4.499	0.539	2.35	2.859	6.546	12.33	9.471	5.42	1.655	98.385	0.971664	0.299	0.061393	-10.897	-11.06
SPCC24B10.05	tim9	inviable	E	4.191	0.702	4.612	4.976	7.613	11.75	6.773	6.808	1.542	87.932	0.992368	0.154	0.036429	-20.196	-20.358
SPCC24B10.06	SPCC24B10.06	viable	V	3.59	0.601	3.377	3.741	6.377	10.514	6.773	5.573	1.321	79.776	0.979852	0.221	0.058021	-15.141	-15.304
SPCC24B10.07	gad8	viable	V	3.21	0.271	-0.0	0.723	5.955	14.164	13.441	4.358	1.181	71.013	0.950315	0.236	0.070176	-14.198	-14.361
SPCC24B10.08c	ada2	viable	V	2.189	0.165	2.165	2.973	8.822	17.999	15.026	7.036	0.805	42.135	0.991328	0.074	0.033097	-30.489	-30.651
SPCC24B10.09	rps1702	viable	V	2.57	0.431	0.0	0.364	3.001	7.138	6.773	2.196	0.946	65.678	0.914701	0.273	0.089218	-12.153	-12.315
SPCC24B10.10c	yta4	viable	V	0.796	0.133	-0.0	0.364	3.001	7.138	6.773	2.196	0.293	20.33	0.397006	0.296	0.26214	-11.021	-11.183
SPCC24B10.11c	tho7	viable	V	5.139	0.415	3.32	4.075	9.541	18.117	14.042	7.872	1.89	95.583	0.986221	0.219	0.044631	-15.261	-15.423
SPCC24B10.12	cgi121	viable	V	5.525	0.271	-0.0	1.246	10.257	24.398	23.152	7.506	2.032	96.675	0.86176	0.586	0.106571	-1.494	-1.656
SPCC24B10.14c	xlf1	viable	V	-0.447	-0.075	2.63	2.994	5.631	9.768	6.773	4.826	-0.165	-10.273	0.700087	0.145	0.185284	-20.991	-21.153
SPCC24B10.15	swt1	viable	V	-0.598	-0.052	0.537	1.244	6.36	14.387	13.143	4.798	-0.22	-13.021	0.864433	0.086	0.135412	-28.284	-28.446
SPCC24B10.17	emp24	viable	V	3.636	0.336	0.636	1.298	6.082	13.588	12.29	4.621	1.338	80.382	0.960496	0.258	0.074545	-12.947	-13.109
SPCC24B10.18	SPCC24B10.18	viable	V	1.154	0.11	1.469	2.108	6.737	14.0	11.891	5.324	0.425	24.82	0.9547	0.093	0.07302	-27.314	-27.476
SPCC24B10.19c	nts1	viable	V	0.76	0.026	3.002	4.776	17.609	37.747	32.97	13.692	0.279	8.756	0.893017	0.071	0.104036	-31.02	-31.182
SPCC24B10.20	SPCC24B10.20	viable	V	0.204	0.034	1.101	1.469	4.133	8.314	6.845	3.32	0.075	5.0	0.508762	0.09	0.235023	-27.636	-27.798
SPCC24B10.21	tpi1	viable	V	3.564	0.597	0.48	0.845	3.481	7.618	6.773	2.676	1.311	89.458	0.978335	0.193	0.050717	-17.058	-17.22
SPCC24B10.22	pog1	viable	V	4.017	0.544	6.738	7.189	10.453	15.575	8.386	9.456	1.478	72.452	0.994095	0.125	0.032014	-23.143	-23.305
SPCC285.03	dbp6	inviable	E	3.958	0.579	0.347	0.765	3.784	8.522	7.757	2.862	1.456	97.834	0.993151	0.118	0.028833	-23.897	-24.059
SPCC285.04	SPCC285.04	viable	V	0.005	-0.001	0.0	0.364	3.001	7.138	6.773	2.196	0.002	0.0	-2.33652	0.123	0.625364	-23.387	-23.549
SPCC285.05	SPCC285.05	viable	V	1.185	0.199	7.109	7.474	10.11	14.247	6.773	9.305	0.436	21.906	0.691766	0.293	0.175701	-11.183	-11.345
SPCC285.08	ret2	inviable	E	5.162	0.865	-0.0	0.364	3.001	7.138	6.773	2.196	1.899	131.921	0.973824	0.295	0.0536	-11.093	-11.255
SPCC285.09c	cgs2	viable	V	0.157	-0.008	0.0	1.142	9.404	22.368	21.226	6.882	0.058	0.02	-0.940123	0.166	0.477172	-19.136	-19.298
SPCC285.11	dsc5	viable	V	0.516	-0.021	-0.0	1.529	12.588	29.942	28.413	9.212	0.19	0.089	-0.500311	0.238	0.398504	-14.102	-14.265
SPCC285.12	lsm7	inviable	E	5.241	0.773	0.755	1.169	4.162	8.858	7.689	3.248	1.928	127.658	0.981656	0.264	0.045835	-12.657	-12.819
SPCC285.13c	nup60	viable	V	0.6	0.1	-0.0	0.364	3.001	7.138	6.773	2.196	0.221	15.329	0.874306	0.078	0.116525	-29.786	-29.948
SPCC285.14	trs130	viable	V	3.782	0.634	2.344	2.708	5.345	9.482	6.773	4.54	1.391	87.928	0.993843	0.122	0.03153	-23.508	-23.67
SPCC285.15c	rps2802	viable	V	2.244	0.376	-0.0	0.364	3.001	7.138	6.773	2.196	0.825	57.34	0.308367	0.942	0.312082	5.166	5.004
SPCC285.16c	msh6	viable	V	0.157	-0.007	0.0	1.304	10.734	25.531	24.227	7.855	0.058	0.023	-0.129245	0.18	0.392708	-17.988	-18.15
SPCC285.17	spp27	viable	V	0.401	0.015	0.0	1.608	13.238	31.488	29.88	9.687	0.148	5.968	0.897613	0.032	0.103255	-42.139	-42.301
SPCC290.02	rpc34	inviable	E	5.028	0.809	0.868	1.247	3.993	8.303	7.056	3.155	1.85	123.559	0.993402	0.152	0.029411	-20.394	-20.556
SPCC290.03c	nup186	inviable	E	3.927	0.561	0.264	0.691	3.782	8.632	7.94	2.838	1.445	97.005	0.995075	0.099	0.02497	-26.422	-26.584
SPCC290.04	ams2	viable	Not_determined	3.559	0.382	0.562	1.132	5.25	11.712	10.58	3.993	1.309	82.059	0.989784	0.13	0.035952	-22.574	-22.737
SPCC297.03	ssp1	condition-dependent	V	1.579	0.264	-0.0	0.364	3.001	7.138	6.773	2.196	0.581	40.342	0.658858	0.396	0.172175	-6.981	-7.143
SPCC297.04c	set7	viable	V	-0.491	-0.082	2.995	3.36	5.996	10.133	6.773	5.191	-0.181	-11.106	0.484143	0.286	0.220218	-11.543	-11.705
SPCC297.05	SPCC297.05	viable	V	0.728	0.051	3.912	4.78	11.054	20.899	16.119	9.138	0.268	12.395	0.783685	0.149	0.160281	-20.617	-20.78
SPCC297.06c	SPCC297.06c	viable	V	-0.974	-0.163	-0.0	0.364	3.001	7.138	6.773	2.196	-0.358	-24.886	0.25265	0.327	0.286707	-9.668	-9.83
SPCC2H8.02	pho843	viable	V	0.844	0.141	17.376	17.74	20.376	24.513	6.773	19.572	0.31	6.959	0.608909	0.249	0.184112	-13.438	-13.6
SPCC2H8.04	lyr2	inviable	E	3.983	0.667	7.412	7.776	10.412	14.549	6.773	9.608	1.465	72.431	0.945565	0.397	0.098138	-6.931	-7.093
SPCC2H8.05c	dbl1	viable	V	0.497	0.083	-0.0	0.364	3.001	7.138	6.773	2.196	0.183	12.691	-0.04618	0.264	0.35627	-12.646	-12.808
SPCC306.02c	yip3	viable	V	-1.0	-0.112	2.762	3.309	7.263	13.467	10.158	6.056	-0.368	-21.105	0.85973	0.17	0.130903	-18.804	-18.966
SPCC306.03c	cnd2	inviable	E	4.354	0.713	0.567	0.94	3.638	7.872	6.932	2.815	1.602	108.547	0.990569	0.155	0.033166	-20.144	-20.306
SPCC306.04c	set1	viable	V	1.608	0.104	1.883	2.829	9.676	20.419	17.59	7.586	0.592	29.401	0.991865	0.05	0.031882	-35.978	-36.141
SPCC306.05c	ins1	viable	V	-0.317	0.053	16.29	16.655	19.291	23.428	6.773	18.486	-0.117	-4.066	0.140105	0.226	0.334032	-14.792	-14.954
SPCC306.06c	big1	condition-dependent	E	2.568	0.2	2.139	2.925	8.608	17.525	14.6	6.873	0.945	50.03	0.989377	0.096	0.037871	-26.818	-26.981
SPCC306.07c	SPCC306.07c	viable	V	0.316	0.053	-0.0	0.364	3.001	7.138	6.773	2.196	0.116	8.083	0.366411	0.136	0.230545	-21.953	-22.115
SPCC306.08c	mdh1	viable	V	0.376	0.063	0.0	0.364	3.001	7.138	6.773	2.196	0.138	9.604	0.632421	0.103	0.179667	-25.854	-26.016
SPCC306.09c	cap1	viable	V	3.119	0.366	5.793	6.314	10.079	15.987	9.673	8.929	1.147	57.156	0.983725	0.156	0.051357	-20.032	-20.194
SPCC306.11	SPCC306.11	viable	V	-0.012	0.002	0.0	0.364	3.001	7.138	6.773	2.196	-0.005	-0.001	-0.128259	0.13	0.324955	-22.6	-22.762
SPCC31H12.03c	mlo1	viable	V	0.011	0.0	0.0	1.957	16.116	38.334	36.377	11.794	0.004	0.14	0.000191	0.233	0.331504	-14.371	-14.534
SPCC31H12.05c	sds21	viable	V	-0.515	-0.032	0.0	0.995	8.194	19.49	18.494	5.996	-0.19	-10.106	0.699596	0.095	0.165592	-27.02	-27.183
SPCC31H12.06	mug111	viable	V	0.813	-0.026	0.0	1.938	15.955	37.951	36.013	11.676	0.299	0.178	0.038667	0.194	0.350057	-16.964	-17.126
SPCC31H12.07	sec231	inviable	E	4.641	0.777	0.033	0.397	3.033	7.17	6.773	2.229	1.707	118.458	0.973713	0.268	0.057035	-12.431	-12.594
SPCC31H12.08c	ccr4	viable	V	3.153	0.176	1.113	2.207	10.125	22.548	20.341	7.707	1.16	55.929	0.974564	0.162	0.054188	-19.508	-19.671
SPCC320.03	rgt1	viable	V	1.107	0.081	0.0	0.834	6.865	16.33	15.496	5.024	0.407	23.333	0.871632	0.141	0.11191	-21.447	-21.61
SPCC320.04c	gem1	viable	V	4.512	0.577	1.885	2.362	5.816	11.236	8.874	4.762	1.66	102.129	0.997896	0.08	0.017703	-29.379	-29.541
SPCC320.05	sul3	viable	V	-0.628	-0.105	3.754	4.119	6.755	10.892	6.773	5.95	-0.231	-13.718	0.749527	0.189	0.158881	-17.331	-17.493
SPCC320.06	SPCC320.06	viable	V	0.419	0.029	0.0	0.873	7.185	17.089	16.216	5.258	0.154	8.691	0.750492	0.089	0.202735	-27.899	-28.062
SPCC320.07c	mde7	viable	V	0.913	0.153	-0.0	0.364	3.001	7.138	6.773	2.196	0.336	23.323	0.676723	0.204	0.16186	-16.226	-16.388
SPCC320.08	qtp1	viable	V	-0.788	0.025	-0.0	1.909	15.715	37.379	35.47	11.5	-0.29	-0.17	-2.803722	0.192	0.645248	-17.13	-17.292
SPCC320.09	hem15	inviable	E	3.661	0.39	1.566	2.139	6.288	12.797	10.658	5.021	1.347	80.676	0.975585	0.22	0.054899	-15.22	-15.382
SPCC320.10	srp72	inviable	E	3.948	0.661	0.032	0.396	3.033	7.17	6.773	2.228	1.452	100.762	0.990938	0.132	0.032713	-22.318	-22.481
SPCC320.11c	nip7	inviable	E	5.636	0.881	0.494	0.884	3.708	8.139	7.255	2.846	2.073	139.972	0.991235	0.192	0.03271	-17.108	-17.27
SPCC320.14	sry1	viable	V	0.257	0.043	3.696	4.061	6.697	10.834	6.773	5.892	0.094	5.625	0.559974	0.131	0.213261	-22.416	-22.579
SPCC330.01c	rhp16	viable	V	-0.004	0.001	-0.0	0.364	3.001	7.137	6.773	2.196	-0.002	-0.0	-0.458978	0.129	0.462677	-22.712	-22.874
SPCC330.02	rhp7	viable	V	0.24	0.04	3.535	3.9	6.536	10.673	6.773	5.731	0.088	5.302	0.437289	0.162	0.233335	-19.508	-19.67
SPCC330.03c	SPCC330.03c	viable	V	-1.0	0.031	0.0	1.949	16.047	38.169	36.22	11.743	-0.368	-0.22	-1.171236	0.195	0.512743	-16.898	-17.06
SPCC330.04c	tdk1	condition-dependent	E	4.273	0.701	0.871	1.242	3.933	8.156	6.913	3.112	1.572	105.3	0.988983	0.167	0.036927	-19.049	-19.211
SPCC330.05c	ura4	viable	Not_determined	1.037	0.064	-0.0	0.992	8.167	19.426	18.434	5.976	0.381	20.371	0.873213	0.118	0.112178	-23.944	-24.107
SPCC330.07c	SPCC330.07c	viable	V	0.408	0.068	-0.0	0.364	3.001	7.138	6.773	2.196	0.15	10.43	0.681047	0.095	0.1639	-27.018	-27.18
SPCC330.08	alg11	inviable	E	4.831	0.809	0.035	0.399	3.036	7.173	6.773	2.231	1.777	123.287	0.988932	0.179	0.036655	-18.058	-18.22
SPCC330.09	enp2	inviable	E	3.155	0.528	-0.0	0.364	3.001	7.138	6.773	2.196	1.16	80.611	0.967128	0.197	0.0653	-16.738	-16.901
SPCC330.10	pcm1	inviable	E	3.93	0.578	1.035	1.449	4.451	9.161	7.711	3.535	1.446	94.618	0.99662	0.086	0.021476	-28.413	-28.575
SPCC330.11	btb1	viable	V	2.302	0.08	3.106	4.874	17.661	37.726	32.853	13.757	0.847	26.426	0.976145	0.089	0.047024	-27.88	-28.042
SPCC330.14c	rpl2402	viable	V	1.659	0.094	1.956	3.032	10.823	23.047	20.015	8.444	0.61	28.373	0.989434	0.057	0.035231	-34.131	-34.293
SPCC330.19c	SPCC330.19c	viable	V	0.553	0.093	0.908	1.272	3.909	8.045	6.773	3.104	0.203	13.638	0.246952	0.429	0.255609	-5.834	-5.997
SPCC330.21	new25	viable	Not_determined	2.953	0.495	8.316	8.68	11.317	15.453	6.773	10.512	1.086	51.025	0.929518	0.362	0.126766	-8.243	-8.406
SPCC338.04	mix23	viable	V	0.402	0.031	1.328	2.11	7.766	16.641	14.531	6.039	0.148	8.162	0.477662	0.175	0.234185	-18.425	-18.588
SPCC338.05c	mms2	viable	V	0.442	0.015	0.0	1.742	14.337	34.102	32.36	10.492	0.163	6.2	0.604291	0.113	0.208289	-24.513	-24.675
SPCC338.06c	hsp20	viable	V	-0.803	-0.134	-0.0	0.364	3.001	7.138	6.773	2.196	-0.295	-20.514	0.06125	0.414	0.378227	-6.354	-6.516
SPCC338.07c	naa15	viable	V	3.606	0.275	1.75	2.552	8.353	17.455	14.903	6.582	1.327	71.097	0.960595	0.254	0.069611	-13.204	-13.367
SPCC338.08	ctp1	viable	V	4.376	0.373	3.753	4.47	9.656	17.793	13.323	8.073	1.61	81.066	0.874462	0.601	0.139494	-1.13	-1.292
SPCC338.10c	cox5	viable	V	0.251	0.042	-0.0	0.364	3.001	7.138	6.773	2.196	0.092	6.416	-0.035878	0.374	0.29773	-7.76	-7.922
SPCC338.11c	efm2	viable	V	0.193	0.032	0.0	0.364	3.001	7.138	6.773	2.196	0.071	4.944	0.153896	0.145	0.287982	-20.993	-21.155
SPCC338.12	pbi2	viable	V	0.257	0.043	-0.0	0.364	3.001	7.138	6.773	2.196	0.095	6.574	0.137371	0.173	0.303433	-18.591	-18.753
SPCC338.13	cog4	inviable	E	4.175	0.699	0.392	0.757	3.393	7.53	6.773	2.588	1.536	105.125	0.988028	0.165	0.038256	-19.226	-19.388
SPCC338.15	wbp1	inviable	E	3.2	0.536	-0.0	0.364	3.001	7.138	6.773	2.196	1.177	81.762	0.896889	0.359	0.099948	-8.345	-8.508
SPCC338.16	pof3	viable	V	3.753	0.291	1.259	2.047	7.74	16.675	14.629	6.002	1.381	76.275	0.992864	0.111	0.030606	-24.712	-24.875
SPCC338.17c	rad21	inviable	E	2.149	0.36	-0.0	0.364	3.001	7.138	6.773	2.196	0.791	54.925	0.966645	0.139	0.062399	-21.649	-21.811
SPCC338.18	SPCC338.18	viable	V	0.545	0.091	4.784	5.149	7.785	11.922	6.773	6.98	0.2	11.34	0.900415	0.08	0.132088	-29.399	-29.561
SPCC364.01	cif1	viable	V	0.82	0.064	-0.0	0.782	6.442	15.323	14.54	4.714	0.302	17.689	0.672902	0.159	0.16534	-19.783	-19.945
SPCC364.02c	bis1	viable	V	1.481	0.248	0.066	0.431	3.067	7.204	6.773	2.262	0.545	37.743	0.927029	0.147	0.091886	-20.797	-20.959
SPCC364.03	rpl1702	viable	V	3.325	0.352	0.532	1.109	5.281	11.829	10.72	4.008	1.223	76.52	0.9877	0.133	0.038587	-22.194	-22.356
SPCC364.04c	coy1	viable	V	-0.639	0.02	0.0	1.951	16.06	38.199	36.249	11.752	-0.235	-0.141	0.028922	0.202	0.333628	-16.38	-16.543
SPCC364.05	vps3	viable	V	0.901	0.033	0.279	1.934	13.909	32.699	30.765	10.253	0.331	12.911	0.939195	0.066	0.082987	-32.024	-32.186
SPCC364.06	nap1	condition-dependent	V	0.761	0.07	1.392	2.054	6.842	14.355	12.301	5.38	0.28	16.259	0.777216	0.149	0.159737	-20.65	-20.812
SPCC364.07	ser3	viable	V	3.398	0.569	0.217	0.582	3.218	7.355	6.773	2.413	1.25	86.148	0.970514	0.212	0.062767	-15.702	-15.864
SPCC417.03	SPCC417.03	unknown	Not_determined	-1.0	-0.168	11.067	11.432	14.068	18.205	6.773	13.263	-0.368	-14.53	0.781399	0.243	0.143377	-13.796	-13.958
SPCC417.05c	cfh2	viable	V	-0.642	-0.108	2.17	2.535	5.171	9.308	6.773	4.366	-0.236	-15.033	0.821043	0.131	0.145289	-22.45	-22.613
SPCC417.06c	mug27	viable	V	0.558	0.094	-0.0	0.364	3.001	7.138	6.773	2.196	0.205	14.268	0.577917	0.158	0.21249	-19.862	-20.024
SPCC417.07c	mto1	viable	V	1.55	0.15	1.766	2.395	6.95	14.096	11.7	5.559	0.57	33.026	0.997329	0.03	0.019847	-43.106	-43.269
SPCC417.08	tef3	inviable	E	3.636	0.609	-0.0	0.364	3.001	7.138	6.773	2.196	1.337	92.903	0.979386	0.182	0.048097	-17.886	-18.048
SPCC417.09c	sdr1	viable	V	-0.035	0.001	0.0	1.957	16.116	38.334	36.377	11.794	-0.013	-0.008	-0.13003	0.153	0.315225	-20.264	-20.426
SPCC417.10	dal51	viable	V	0.371	0.062	9.33	9.694	12.331	16.467	6.773	11.526	0.136	6.028	0.69138	0.124	0.196812	-23.203	-23.366
SPCC417.11c	SPCC417.11c	viable	V	0.683	0.114	0.0	0.364	3.001	7.138	6.773	2.196	0.251	17.444	0.599271	0.191	0.205499	-17.183	-17.346
SPCC417.12	SPCC417.12	viable	V	2.194	0.077	3.606	5.344	17.91	37.628	32.285	14.073	0.807	24.691	0.702547	0.33	0.162061	-9.537	-9.699
SPCC4B3.01	tum1	unknown	Not_determined	-0.374	-0.063	-0.0	0.364	3.001	7.138	6.773	2.196	-0.137	-9.551	0.022744	0.211	0.334361	-15.784	-15.946
SPCC4B3.02c	got1	viable	V	2.263	0.379	12.837	13.202	15.838	19.975	6.773	15.033	0.833	28.881	0.881471	0.313	0.115056	-10.259	-10.421
SPCC4B3.03c	mam301	viable	V	0.634	0.106	-0.0	0.364	3.001	7.138	6.773	2.196	0.233	16.193	0.537604	0.212	0.2223	-15.697	-15.859
SPCC4B3.04c	nte1	viable	V	-1.0	0.031	-0.0	1.957	16.116	38.334	36.377	11.794	-0.368	-0.221	-1.665439	0.269	0.622183	-12.394	-12.556
SPCC4B3.05c	hem12	viable	V	4.95	0.714	1.691	2.115	5.178	9.985	7.87	4.243	1.821	115.53	0.984706	0.238	0.045236	-14.074	-14.236
SPCC4B3.06c	SPCC4B3.06c	viable	V	-0.546	-0.092	-0.0	0.364	3.001	7.138	6.773	2.196	-0.201	-13.964	0.373955	0.187	0.273837	-17.45	-17.613
SPCC4B3.07	nro1	viable	V	0.627	0.051	-0.0	0.745	6.133	14.587	13.842	4.488	0.231	13.747	0.274062	0.275	0.277306	-12.083	-12.246
SPCC4B3.08	lsg1	viable	V	0.634	0.043	2.946	3.843	10.334	20.52	16.677	8.353	0.233	11.225	0.959895	0.049	0.069121	-36.123	-36.285
SPCC4B3.09c	mrpl12	inviable	E	4.664	0.628	3.298	3.752	7.033	12.181	8.429	6.031	1.716	100.057	0.962162	0.369	0.073343	-7.944	-8.106
SPCC4B3.10c	ipk1	viable	V	2.893	0.273	4.462	5.109	9.796	17.149	12.04	8.365	1.064	53.405	0.981851	0.145	0.050011	-21.07	-21.232
SPCC4B3.11c	fra3	viable	V	-0.63	-0.105	8.612	8.976	11.613	15.75	6.773	10.808	-0.232	-10.692	0.242507	0.505	0.246019	-3.556	-3.718
SPCC4B3.12	set9	viable	V	-0.005	0.001	0.0	0.44	3.622	8.615	8.175	2.65	-0.002	-0.0	-0.098401	0.245	0.341016	-13.7	-13.862
SPCC4B3.13	SPCC4B3.13	viable	V	1.337	0.224	0.001	0.365	3.002	7.139	6.773	2.197	0.492	34.154	0.736607	0.28	0.156983	-11.803	-11.965
SPCC4B3.14	cwf20	condition-dependent	E	4.756	0.604	3.516	3.997	7.476	12.936	8.939	6.414	1.75	99.747	0.986207	0.224	0.044455	-14.976	-15.138
SPCC4B3.15	mid1	viable	V	1.768	0.058	0.0	1.858	15.302	36.397	34.539	11.198	0.65	23.599	0.942096	0.111	0.074801	-24.822	-24.984
SPCC4B3.16	tip41	viable	V	1.014	0.09	2.368	3.053	8.005	15.775	12.722	6.493	0.373	20.481	0.976279	0.06	0.056505	-33.32	-33.482
SPCC4B3.17	cbp3	viable	V	0.994	0.062	1.443	2.428	9.553	20.732	18.304	7.378	0.366	18.259	0.950821	0.079	0.077439	-29.552	-29.715
SPCC4B3.18	ppc1	inviable	E	3.551	0.34	1.03	1.668	6.277	13.509	11.841	4.869	1.306	77.97	0.98316	0.167	0.049169	-19.05	-19.213
SPCC4B3.20	cmc1	viable	Not_determined	1.083	0.093	-0.0	0.712	5.862	13.943	13.231	4.29	0.398	24.074	0.8925	0.119	0.106264	-23.774	-23.936
SPCC4E9.01c	rec11	viable	V	-0.453	-0.076	-0.0	0.364	3.001	7.138	6.773	2.196	-0.166	-11.564	0.894821	0.052	0.108263	-35.429	-35.592
SPCC4E9.02	cig1	viable	V	1.163	0.195	14.458	14.822	17.458	21.595	6.773	16.654	0.428	12.965	0.550439	0.329	0.207416	-9.583	-9.745
SPCC4F11.02	ptc1	viable	V	1.0	0.091	3.459	4.129	8.978	16.586	12.457	7.498	0.368	19.256	0.911042	0.125	0.111977	-23.128	-23.291
SPCC4F11.03c	SPCC4F11.03c	viable	V	-0.561	-0.094	-0.0	0.364	3.001	7.138	6.773	2.196	-0.206	-14.334	0.730282	0.108	0.153392	-25.18	-25.342
SPCC4F11.04c	imt2	viable	V	-0.321	0.054	11.808	12.172	14.809	18.946	6.773	14.004	-0.118	-2.684	0.361699	0.182	0.266119	-17.851	-18.013
SPCC4F11.05	SPCC4F11.05	unknown	Not_determined	-0.46	-0.035	0.0	0.794	6.54	15.556	14.762	4.786	-0.169	-9.857	0.744752	0.092	0.199995	-27.404	-27.566
SPCC4G3.02	aph1	viable	V	-0.892	0.028	-0.0	1.957	16.116	38.334	36.377	11.794	-0.328	-0.197	-0.505884	0.371	0.414403	-7.886	-8.048
SPCC4G3.03	SPCC4G3.03	viable	V	0.97	0.162	-0.0	0.364	3.001	7.138	6.773	2.196	0.357	24.782	0.168902	0.741	0.364672	1.797	1.635
SPCC4G3.04c	coq5	condition-dependent	V	2.306	0.166	4.309	5.156	11.281	20.893	15.737	9.411	0.848	38.764	0.980415	0.117	0.05122	-24.015	-24.178
SPCC4G3.05c	mus81	viable	V	3.784	0.356	2.529	3.179	7.875	15.244	12.065	6.441	1.392	77.077	0.994869	0.104	0.026938	-25.752	-25.914
SPCC4G3.07c	phf1	inviable	E	2.748	0.145	-0.0	1.159	9.542	22.697	21.538	6.983	1.011	50.041	0.745486	0.453	0.178999	-5.096	-5.258
SPCC4G3.08	psk1	viable	V	0.319	0.053	2.05	2.415	5.051	9.188	6.773	4.246	0.117	7.503	0.051615	1.007	0.36169	6.102	5.94
SPCC4G3.09c	gyp3	viable	V	1.341	0.132	-0.0	0.623	5.126	12.192	11.569	3.751	0.493	30.954	0.680179	0.287	0.178596	-11.476	-11.638
SPCC4G3.10c	rhp42	viable	V	-1.0	-0.168	7.733	8.098	10.734	14.871	6.773	9.929	-0.368	-17.863	0.660422	0.374	0.209133	-7.772	-7.934
SPCC4G3.11	nur1	viable	V	1.954	0.085	9.102	10.503	20.643	36.553	26.049	17.547	0.719	16.937	0.97517	0.08	0.050673	-29.402	-29.565
SPCC4G3.12c	SPCC4G3.12c	viable	V	0.943	0.062	0.0	0.924	7.608	18.097	17.173	5.568	0.347	19.104	0.916708	0.094	0.096949	-27.111	-27.273
SPCC4G3.14	mdj1	inviable	E	4.841	0.702	2.094	2.515	5.56	10.339	7.824	4.631	1.781	111.157	0.988088	0.209	0.040978	-15.911	-16.073
SPCC4G3.15c	not2	viable	V	1.573	0.084	-0.0	1.14	9.386	22.325	21.185	6.868	0.579	28.883	0.820538	0.192	0.127649	-17.086	-17.248
SPCC4G3.16	rib2	inviable	E	2.33	0.25	-0.0	0.569	4.683	11.139	10.57	3.427	0.857	54.967	0.9589	0.165	0.067025	-19.252	-19.415
SPCC4G3.17	hdd1	viable	V	0.388	0.065	5.005	5.37	8.006	12.143	6.773	7.201	0.143	7.987	0.60355	0.153	0.218194	-20.327	-20.489
SPCC4G3.18	rix1	inviable	E	3.508	0.588	0.44	0.804	3.441	7.578	6.773	2.636	1.29	88.171	0.992714	0.109	0.0299	-25.07	-25.232
SPCC4G3.19	alp16	viable	V	1.719	0.288	4.313	4.678	7.314	11.451	6.773	6.509	0.632	36.578	0.767225	0.434	0.155178	-5.67	-5.832
SPCC548.04	urm1	unknown	Not_determined	2.799	0.469	0.79	1.154	3.791	7.928	6.773	2.986	1.03	69.402	0.78736	0.541	0.142468	-2.598	-2.761
SPCC548.05c	dbl5	viable	V	0.157	0.026	-0.0	0.364	3.001	7.138	6.773	2.196	0.058	4.012	-0.047192	0.207	0.395744	-16.052	-16.215
SPCC548.06c	ght8	viable	V	1.469	0.246	11.633	11.997	14.634	18.771	6.773	13.829	0.54	20.513	0.563135	0.485	0.216996	-4.125	-4.287
SPCC548.07c	ght1	viable	V	0.377	0.063	0.197	0.561	3.197	7.334	6.773	2.393	0.139	9.565	0.454218	0.163	0.247669	-19.399	-19.561
SPCC550.01c	coa4	viable	V	1.324	0.222	2.373	2.737	5.374	9.511	6.773	4.569	0.487	30.736	0.762794	0.322	0.153408	-9.858	-10.02
SPCC550.02c	cwf5	inviable	E	3.657	0.316	0.151	0.857	5.962	13.972	13.115	4.403	1.345	80.982	0.987342	0.143	0.038292	-21.231	-21.393
SPCC550.03c	ski2	viable	V	1.52	0.111	3.928	4.767	10.835	20.356	15.589	8.982	0.559	26.223	0.995578	0.036	0.024509	-40.348	-40.511
SPCC550.04c	gpi2	inviable	E	4.257	0.713	0.109	0.473	3.11	7.247	6.773	2.305	1.566	108.358	0.990422	0.148	0.033088	-20.779	-20.941
SPCC550.05	nse1	inviable	E	3.404	0.541	5.331	5.715	8.496	12.86	7.145	7.647	1.252	68.335	0.870343	0.562	0.132356	-2.071	-2.234
SPCC550.07	fah2	viable	V	-0.311	0.052	21.624	21.988	24.625	28.762	6.773	23.82	-0.114	-5.646	0.160381	0.272	0.347019	-12.224	-12.386
SPCC550.08	SPCC550.08	viable	V	-0.606	-0.027	0.0	1.388	11.427	27.179	25.791	8.362	-0.223	-9.941	0.92307	0.052	0.092067	-35.386	-35.549
SPCC550.10	atd3	viable	V	0.059	-0.01	0.0	0.364	3.001	7.138	6.773	2.196	0.022	0.002	-0.20111	0.208	0.346861	-15.975	-16.137
SPCC550.11	nmd5	viable	V	0.563	0.018	-0.0	1.957	16.116	38.334	36.377	11.794	0.207	7.211	0.433181	0.13	0.273852	-22.525	-22.687
SPCC550.12	arp6	viable	V	1.54	0.061	-0.0	1.534	12.627	30.036	28.502	9.241	0.567	23.657	0.830433	0.173	0.129517	-18.591	-18.753
SPCC550.13	dfp1	inviable	E	4.609	0.772	0.53	0.895	3.531	7.668	6.773	2.726	1.696	115.458	0.993229	0.138	0.02905	-21.702	-21.864
SPCC550.14	vgl1	viable	V	-0.376	-0.063	0.0	0.364	3.001	7.138	6.773	2.196	-0.138	-9.611	0.914771	0.04	0.088357	-39.148	-39.311
SPCC550.15c	rei1	viable	V	1.694	0.168	-0.0	0.617	5.08	12.083	11.466	3.717	0.623	39.19	0.84652	0.243	0.123131	-13.831	-13.993
SPCC553.01c	dbl2	viable	V	3.081	0.273	2.554	3.244	8.235	16.067	12.823	6.711	1.133	61.501	0.995906	0.074	0.024117	-30.536	-30.698
SPCC553.02	qns1	inviable	E	3.74	0.626	0.64	1.005	3.641	7.778	6.773	2.836	1.376	93.276	0.99223	0.122	0.032302	-23.493	-23.655
SPCC553.03	pex1	viable	V	0.7	0.022	-0.0	1.957	16.116	38.334	36.377	11.794	0.257	8.967	0.235006	0.189	0.357032	-17.36	-17.522
SPCC553.04	cyp9	viable	V	1.394	0.086	2.871	3.866	11.063	22.358	18.492	8.866	0.513	23.588	0.985435	0.059	0.041619	-33.699	-33.861
SPCC553.06	swp1	inviable	E	3.704	0.62	0.276	0.64	3.277	7.413	6.773	2.472	1.362	93.679	0.981314	0.182	0.047564	-17.836	-17.998
SPCC553.07c	kpa1	viable	V	0.592	0.093	0.0	0.388	3.191	7.591	7.203	2.335	0.218	15.002	0.403358	0.248	0.238037	-13.519	-13.681
SPCC553.08c	ria1	viable	V	4.618	0.591	0.438	0.915	4.367	9.782	8.866	3.313	1.699	111.085	0.996284	0.102	0.021544	-25.993	-26.155
SPCC553.09c	spb70	inviable	E	4.181	0.7	0.841	1.205	3.841	7.978	6.773	3.037	1.538	103.472	0.992833	0.132	0.031158	-22.401	-22.563
SPCC553.10	knh3	unknown	Not_determined	0.619	0.021	0.0	1.776	14.622	34.78	33.004	10.701	0.228	8.555	0.604528	0.138	0.254644	-21.725	-21.888
SPCC553.11c	toa2	inviable	E	3.694	0.619	2.307	2.672	5.308	9.445	6.773	4.503	1.359	86.033	0.976624	0.232	0.058669	-14.463	-14.625
SPCC553.12c	SPCC553.12c	viable	V	1.071	0.116	3.88	4.442	8.507	14.885	10.444	7.266	0.394	21.259	0.953176	0.094	0.079339	-27.124	-27.286
SPCC569.02c	SPCC569.02c	viable	V	1.067	0.179	0.191	0.556	3.192	7.329	6.773	2.387	0.393	27.084	0.439806	0.454	0.251472	-5.066	-5.228
SPCC569.03	SPCC569.03	viable	V	0.072	-0.005	0.0	0.965	7.945	18.897	17.932	5.814	0.027	0.008	-0.025159	0.938	0.305752	5.105	4.942
SPCC569.05c	SPCC569.05c	viable	V	1.036	0.049	7.905	9.187	18.46	33.011	23.824	15.629	0.381	10.644	0.655189	0.25	0.185194	-13.418	-13.58
SPCC569.06	SPCC569.06	viable	V	0.374	0.063	3.991	4.355	6.992	11.129	6.773	6.187	0.138	8.087	0.316333	0.246	0.31916	-13.612	-13.774
SPCC569.07	SPCC569.07	viable	V	-0.279	-0.026	0.0	0.648	5.332	12.683	12.035	3.902	-0.102	-6.36	0.479984	0.103	0.236307	-25.786	-25.949
SPCC576.01c	xan1	condition-dependent	V	0.702	0.118	1.197	1.561	4.198	8.335	6.773	3.393	0.258	17.126	0.627009	0.223	0.244822	-15.037	-15.199
SPCC576.03c	tpx1	condition-dependent	E	4.802	0.804	1.332	1.697	4.333	8.47	6.773	3.528	1.767	116.501	0.99088	0.177	0.035311	-18.27	-18.432
SPCC576.04	bxi1	viable	V	2.414	0.404	0.854	1.218	3.855	7.992	6.773	3.05	0.888	59.711	0.715936	0.568	0.19423	-1.93	-2.093
SPCC576.05	sac3	inviable	E	3.531	0.592	0.969	1.333	3.97	8.106	6.773	3.165	1.299	86.945	0.987462	0.149	0.040013	-20.622	-20.785
SPCC576.06c	SPCC576.06c	inviable	E	3.874	0.649	4.146	4.51	7.147	11.284	6.773	6.342	1.425	83.092	0.993181	0.131	0.03447	-22.406	-22.568
SPCC576.07	ret3	inviable	E	2.777	0.465	-0.0	0.364	3.001	7.138	6.773	2.196	1.021	70.953	0.780794	0.448	0.160524	-5.256	-5.418
SPCC576.08c	rps2	inviable	E	2.931	0.491	-0.0	0.364	3.001	7.138	6.773	2.196	1.078	74.907	0.658983	0.557	0.204346	-2.191	-2.354
SPCC576.10c	rpt3	inviable	E	2.782	0.466	0.254	0.618	3.255	7.392	6.773	2.45	1.023	70.417	0.967482	0.182	0.05884	-17.84	-18.002
SPCC576.11	rpl15	viable	V	2.98	0.348	-0.0	0.523	4.304	10.236	9.714	3.149	1.096	71.615	0.906182	0.323	0.111567	-9.808	-9.97
SPCC576.12c	mhf2	viable	V	2.358	0.395	0.416	0.781	3.417	7.554	6.773	2.612	0.868	59.333	0.834016	0.387	0.157503	-7.291	-7.453
SPCC576.13	swc5	viable	V	1.78	0.07	-0.0	1.549	12.751	30.33	28.782	9.331	0.655	27.168	0.964939	0.089	0.056586	-27.866	-28.028
SPCC576.14	dph5	viable	V	1.391	0.091	-0.0	0.935	7.697	18.308	17.374	5.633	0.512	28.046	0.93587	0.114	0.083088	-24.453	-24.616
SPCC576.15c	ksg1	inviable	E	3.426	0.328	1.174	1.812	6.423	13.659	11.847	5.015	1.26	74.725	0.984469	0.156	0.046038	-20.046	-20.208
SPCC576.17c	SPCC576.17c	viable	V	0.966	0.162	0.748	1.112	3.749	7.886	6.773	2.944	0.355	23.989	0.294899	0.613	0.278253	-0.858	-1.02
SPCC576.19c	SPCC576.19c	unknown	Not_determined	0.087	-0.004	0.0	1.206	9.932	23.625	22.418	7.268	0.032	0.012	-0.163296	0.149	0.34405	-20.656	-20.818
SPCC584.01c	met10	viable	V	0.911	0.04	-0.0	1.407	11.589	27.564	26.157	8.48	0.335	14.809	0.909914	0.073	0.086925	-30.706	-30.868
SPCC584.02	cuf2	viable	V	1.652	0.277	9.1	9.465	12.101	16.238	6.773	11.296	0.608	27.256	0.84932	0.283	0.137663	-11.684	-11.847
SPCC584.03c	SPCC584.03c	viable	V	-0.533	-0.089	6.64	7.005	9.641	13.778	6.773	8.836	-0.196	-10.107	0.699625	0.148	0.179758	-20.736	-20.898
SPCC584.04	sup35	inviable	E	4.273	0.716	-0.0	0.364	3.001	7.138	6.773	2.196	1.572	109.191	0.978578	0.218	0.0494	-15.341	-15.504
SPCC584.05	sec1	inviable	E	5.023	0.83	1.448	1.817	4.492	8.688	6.871	3.675	1.848	121.03	0.986814	0.222	0.041267	-15.062	-15.225
SPCC584.11c	svf1	viable	V	3.68	0.218	0.172	1.205	8.674	20.394	19.189	6.393	1.354	70.395	0.992151	0.105	0.029103	-25.58	-25.742
SPCC584.12	mug42	viable	V	-0.476	0.015	0.0	1.917	15.783	37.542	35.625	11.55	-0.175	-0.103	-3.214267	0.152	0.666359	-20.381	-20.543
SPCC584.13	SPCC584.13	viable	V	-0.002	0.0	0.0	0.746	6.143	14.611	13.865	4.495	-0.001	-0.0	-2.564341	0.126	0.536799	-22.984	-23.146
SPCC584.14	mug160	inviable	E	4.078	0.683	0.298	0.662	3.299	7.435	6.773	2.494	1.5	103.07	0.989503	0.15	0.035358	-20.547	-20.71
SPCC584.15c	aly3	viable	V	0.131	-0.022	-0.0	0.364	3.001	7.138	6.773	2.196	0.048	0.005	-0.745815	0.098	0.445685	-26.512	-26.674
SPCC584.16c	SPCC584.16c	viable	V	0.045	-0.001	0.0	1.848	15.212	36.184	34.337	11.132	0.017	0.009	-0.319402	0.186	0.377977	-17.522	-17.685
SPCC594.01	duc1	viable	V	0.795	0.03	5.921	7.517	19.061	37.175	29.659	15.536	0.293	8.098	0.856039	0.095	0.114094	-26.948	-27.111
SPCC594.02c	SPCC594.02c	viable	V	2.016	0.338	-0.0	0.364	3.001	7.138	6.773	2.196	0.742	51.528	0.836113	0.294	0.127112	-11.126	-11.288
SPCC594.03	SPCC594.03	unknown	Not_determined	1.577	-0.05	0.0	1.945	16.013	38.088	36.144	11.718	0.58	0.346	0.005651	0.315	0.359199	-10.172	-10.334
SPCC594.04c	SPCC594.04c	viable	V	4.644	0.206	-0.0	1.379	11.353	27.004	25.625	8.308	1.708	76.479	0.949579	0.301	0.070641	-10.815	-10.978
SPCC594.05c	spf1	viable	V	1.452	0.115	1.56	2.333	7.928	16.706	14.373	6.22	0.534	29.282	0.99446	0.039	0.027599	-39.509	-39.671
SPCC594.06c	vsl1	viable	V	1.632	0.09	-0.0	1.105	9.1	21.645	20.54	6.659	0.6	30.458	0.975762	0.078	0.048117	-29.732	-29.894
SPCC594.07c	bqt3	viable	V	1.192	0.2	-0.0	0.364	3.001	7.138	6.773	2.196	0.438	30.456	0.370923	0.498	0.26716	-3.761	-3.923
SPCC5E4.03c	taf5	inviable	E	3.747	0.628	1.501	1.866	4.502	8.639	6.773	3.697	1.379	90.286	0.994594	0.107	0.028951	-25.228	-25.39
SPCC5E4.04	cut1	inviable	E	4.615	0.694	1.437	1.843	4.779	9.385	7.542	3.882	1.698	109.664	0.997914	0.081	0.017279	-29.227	-29.389
SPCC5E4.05c	mgl1	viable	V	0.501	0.084	0.736	1.1	3.737	7.874	6.773	2.932	0.184	12.442	0.097775	0.671	0.281879	0.417	0.255
SPCC5E4.06	smc6	inviable	E	4.511	0.646	1.724	2.151	5.235	10.075	7.925	4.294	1.659	105.014	0.996937	0.097	0.021327	-26.722	-26.884
SPCC5E4.07	rpl2802	viable	V	3.461	0.438	1.157	1.639	5.129	10.605	8.966	4.064	1.273	80.676	0.875393	0.481	0.133234	-4.239	-4.402
SPCC5E4.10c	SPCC5E4.10c	viable	V	0.352	0.011	-0.0	1.957	16.116	38.334	36.377	11.794	0.13	4.513	0.262746	0.168	0.313736	-19.012	-19.174
SPCC61.01c	str2	unknown	E	2.101	0.352	-0.0	0.364	3.001	7.138	6.773	2.196	0.773	53.677	0.660024	0.394	0.204033	-7.055	-7.217
SPCC61.02	spt3	viable	V	2.187	0.203	-0.0	0.658	5.418	12.887	12.229	3.965	0.805	49.735	0.73299	0.442	0.165137	-5.438	-5.601
SPCC61.03	nnr2	viable	V	0.758	0.027	0.0	1.727	14.222	33.829	32.102	10.408	0.279	10.694	0.252019	0.307	0.292497	-10.514	-10.676
SPCC61.04c	SPCC61.04c	inviable	E	4.642	0.778	0.06	0.425	3.061	7.198	6.773	2.256	1.708	118.353	0.973797	0.269	0.057022	-12.399	-12.561
SPCC61.05	SPCC61.05	viable	V	-1.0	0.031	0.0	1.957	16.112	38.325	36.368	11.791	-0.368	-0.221	-1.16355	0.256	0.569796	-13.054	-13.216
SPCC613.01	SPCC613.01	viable	V	0.486	0.078	0.0	0.382	3.141	7.472	7.09	2.299	0.179	12.327	0.936287	0.046	0.082499	-37.223	-37.385
SPCC613.02	SPCC613.02	viable	V	0.671	0.112	3.59	3.955	6.591	10.728	6.773	5.786	0.247	14.768	0.700318	0.217	0.181743	-15.413	-15.576
SPCC613.04c	rng3	inviable	E	4.063	0.681	1.741	2.105	4.742	8.879	6.773	3.937	1.495	96.922	0.990334	0.158	0.039	-19.871	-20.034
SPCC613.05c	rpl35	inviable	E	3.256	0.545	0.191	0.555	3.191	7.328	6.773	2.387	1.198	82.621	0.995299	0.079	0.024069	-29.482	-29.644
SPCC613.07	bcd1	viable	V	4.096	0.314	0.21	1.007	6.772	15.818	14.812	5.012	1.507	86.964	0.985906	0.168	0.039851	-19.002	-19.164
SPCC613.08	SPCC613.08	viable	V	3.568	0.532	1.322	1.732	4.696	9.347	7.615	3.791	1.312	85.046	0.978363	0.201	0.055691	-16.483	-16.645
SPCC613.09	sen54	inviable	E	4.767	0.722	0.297	0.7	3.615	8.191	7.491	2.725	1.754	118.721	0.987313	0.193	0.038408	-17.022	-17.185
SPCC613.10	qcr2	viable	V	1.515	0.254	-0.0	0.364	3.001	7.138	6.773	2.196	0.557	38.724	0.862065	0.204	0.114865	-16.271	-16.433
SPCC613.11c	meu23	viable	V	2.107	0.334	0.414	0.799	3.585	7.958	7.158	2.735	0.775	52.605	0.956705	0.162	0.066721	-19.482	-19.645
SPCC613.12c	raf1	viable	V	2.119	0.355	6.248	6.612	9.249	13.386	6.773	8.444	0.78	41.004	0.949837	0.208	0.091369	-15.986	-16.148
SPCC622.02	SPCC622.02	viable	Not_determined	0.34	0.057	-0.0	0.364	3.001	7.138	6.773	2.196	0.125	8.684	0.041213	0.387	0.337152	-7.289	-7.451
SPCC622.03c	SPCC622.03c	unknown	Not_determined	-0.894	0.028	-0.0	1.957	16.116	38.334	36.377	11.794	-0.329	-0.197	-1.943587	0.137	0.543005	-21.79	-21.952
SPCC622.04	SPCC622.04	unknown	Not_determined	-0.003	0.001	0.0	0.364	3.001	7.138	6.773	2.196	-0.001	-0.0	-0.276064	0.154	0.343555	-20.23	-20.393
SPCC622.06c	SPCC622.06c	unknown	Not_determined	-0.335	0.056	22.158	22.523	25.159	29.296	6.773	24.354	-0.123	-6.261	-1.16179	0.288	0.469989	-11.422	-11.584
SPCC622.07	SPCC622.07	unknown	Not_determined	0.737	0.123	1.573	1.938	4.574	8.711	6.773	3.769	0.271	17.704	0.483824	0.322	0.242473	-9.865	-10.027
SPCC622.10c	sec5	inviable	E	3.728	0.582	0.891	1.282	4.111	8.55	7.267	3.248	1.372	91.129	0.984502	0.174	0.043722	-18.502	-18.664
SPCC622.11	lmb1	viable	V	0.3	0.05	-0.0	0.364	3.001	7.138	6.773	2.196	0.11	7.669	-0.051463	0.17	0.330393	-18.768	-18.93
SPCC622.12c	gdh1	viable	V	1.323	0.222	-0.0	0.364	3.001	7.138	6.773	2.196	0.487	33.811	0.388704	0.442	0.217393	-5.431	-5.594
SPCC622.13c	tti1	inviable	E	4.285	0.593	0.498	0.939	4.13	9.137	8.197	3.156	1.576	104.326	0.994995	0.11	0.025259	-24.86	-25.022
SPCC622.14	SPCC622.14	viable	V	-0.416	-0.07	-0.0	0.364	3.001	7.138	6.773	2.196	-0.153	-10.63	0.67583	0.095	0.179825	-26.989	-27.151
SPCC622.15c	SPCC622.15c	viable	V	0.901	0.151	-0.0	0.364	3.001	7.138	6.773	2.196	0.332	23.032	-0.056335	0.543	0.330196	-2.545	-2.707
SPCC622.16c	epe1	viable	V	1.338	0.072	1.135	2.272	10.494	23.396	21.124	7.984	0.492	23.243	0.952318	0.095	0.077024	-27.004	-27.166
SPCC622.17	apn1	viable	V	0.168	0.028	-0.0	0.364	3.001	7.138	6.773	2.196	0.062	4.304	-0.020316	0.136	0.386594	-21.883	-22.046
SPCC622.19	jmj4	viable	V	2.606	-0.081	0.0	1.957	16.116	38.334	36.377	11.794	0.959	0.576	0.013554	0.462	0.379748	-4.806	-4.968
SPCC63.02c	aah3	viable	V	0.787	0.035	9.321	10.709	20.751	36.51	25.801	17.686	0.29	6.74	0.516431	0.211	0.204163	-15.776	-15.938
SPCC63.03	mib1	viable	V	0.243	0.015	0.0	0.964	7.937	18.88	17.916	5.809	0.09	4.843	0.172279	0.132	0.272985	-22.365	-22.527
SPCC63.04	mok14	viable	V	1.393	0.233	3.713	4.077	6.713	10.85	6.773	5.909	0.513	30.491	0.947133	0.148	0.092364	-20.794	-20.957
SPCC63.05	tap42	inviable	E	3.973	0.666	1.209	1.574	4.21	8.347	6.773	3.405	1.462	96.874	0.991993	0.136	0.033866	-21.969	-22.131
SPCC63.06	wdr89	viable	V	1.679	0.089	4.942	6.09	14.394	27.424	21.334	11.859	0.618	23.116	0.983046	0.072	0.042783	-30.876	-31.038
SPCC63.07	thg1	inviable	E	4.76	0.797	0.247	0.612	3.248	7.385	6.773	2.443	1.751	120.52	0.995261	0.117	0.024234	-24.059	-24.221
SPCC63.08c	atg1	viable	V	1.31	0.22	-0.0	0.364	3.001	7.138	6.773	2.196	0.482	33.486	0.568922	0.346	0.202421	-8.853	-9.015
SPCC63.10c	sec59	inviable	E	3.543	0.594	3.13	3.494	6.131	10.268	6.773	5.326	1.303	79.597	0.983647	0.198	0.051281	-16.68	-16.843
SPCC63.11	prp28	inviable	E	4.305	0.721	0.368	0.732	3.368	7.505	6.773	2.564	1.584	108.519	0.983091	0.204	0.045558	-16.276	-16.438
SPCC63.12c	pup3	inviable	E	4.187	0.701	0.912	1.277	3.913	8.05	6.773	3.108	1.54	103.328	0.969942	0.277	0.062705	-11.971	-12.133
SPCC63.13	SPCC63.13	viable	V	-0.593	-0.048	7.078	7.824	13.226	21.702	13.878	11.577	-0.218	-8.883	0.744936	0.134	0.187513	-22.092	-22.255
SPCC63.14	eis1	viable	V	0.525	0.08	0.285	0.685	3.581	8.125	7.439	2.697	0.193	13.093	0.766155	0.109	0.166135	-25.074	-25.237
SPCC645.02	gep4	viable	V	3.409	0.278	9.73	10.478	15.891	24.385	13.906	14.239	1.254	42.219	0.985303	0.143	0.039927	-21.192	-21.354
SPCC645.03c	isa1	inviable	E	4.668	0.372	3.046	3.812	9.353	18.048	14.236	7.662	1.717	87.637	0.996583	0.098	0.0217	-26.461	-26.623
SPCC645.04	nse3	inviable	E	2.182	0.365	2.359	2.724	5.36	9.497	6.773	4.555	0.803	50.692	0.95877	0.193	0.083213	-17.009	-17.171
SPCC645.05c	myo2	inviable	E	4.457	0.683	3.266	3.665	6.548	11.071	7.406	5.668	1.64	98.073	0.992998	0.15	0.034071	-20.517	-20.679
SPCC645.06c	rgf3	inviable	E	3.834	0.529	1.103	1.545	4.743	9.762	8.217	3.767	1.411	91.048	0.998248	0.06	0.015433	-33.312	-33.474
SPCC645.07	rgf1	viable	V	4.575	0.414	1.334	2.008	6.887	14.543	12.535	5.398	1.683	97.474	0.983662	0.215	0.047035	-15.529	-15.691
SPCC645.08c	snd1	viable	V	-0.03	0.005	0.0	0.364	3.001	7.138	6.773	2.196	-0.011	-0.001	-0.164711	0.168	0.327864	-19.012	-19.174
SPCC645.09	mrpl37	inviable	E	3.788	0.336	3.378	4.067	9.049	16.867	12.8	7.528	1.393	72.564	0.920035	0.403	0.113939	-6.727	-6.89
SPCC645.10	cca2	inviable	E	3.809	0.638	0.18	0.544	3.181	7.318	6.773	2.376	1.401	96.69	0.986074	0.161	0.040827	-19.606	-19.769
SPCC645.11c	mug117	viable	V	-0.739	-0.124	10.691	11.055	13.692	17.828	6.773	12.887	-0.272	-11.023	0.791736	0.156	0.162157	-20.011	-20.173
SPCC645.12c	SPCC645.12c	viable	V	-0.39	-0.022	0.0	1.079	8.886	21.136	20.057	6.503	-0.144	-7.372	0.50065	0.141	0.275854	-21.457	-21.619
SPCC645.13	bye1	viable	V	1.29	0.216	-0.0	0.364	3.001	7.138	6.773	2.196	0.475	32.969	0.149926	0.855	0.282665	3.803	3.641
SPCC645.14c	sti1	viable	V	0.564	0.025	6.254	7.621	17.51	33.028	25.407	14.491	0.207	6.293	0.548432	0.18	0.19478	-17.979	-18.141
SPCC663.01c	ekc1	viable	V	2.715	0.408	0.854	1.261	4.2	8.813	7.552	3.303	0.999	66.072	0.995519	0.068	0.024429	-31.734	-31.897
SPCC663.03	pmd1	viable	V	0.781	0.048	-0.0	0.987	8.128	19.333	18.346	5.948	0.287	15.371	0.841345	0.1	0.129346	-26.202	-26.364
SPCC663.05c	asf1	inviable	E	3.797	0.597	2.627	3.015	5.824	10.232	7.216	4.967	1.397	86.355	0.99576	0.099	0.026733	-26.329	-26.491
SPCC663.06c	osr1	viable	V	-0.446	-0.049	0.0	0.556	4.578	10.89	10.334	3.35	-0.164	-10.583	0.641366	0.123	0.17687	-23.286	-23.449
SPCC663.08c	SPCC663.08c	viable	V	1.188	0.199	4.432	4.797	7.433	11.57	6.773	6.628	0.437	25.147	0.324184	0.75	0.26297	1.972	1.81
SPCC663.09c	SPCC663.09c	viable	V	0.557	0.017	0.0	1.957	16.116	38.334	36.377	11.794	0.205	7.14	0.510816	0.144	0.263263	-21.156	-21.319
SPCC663.10	trm44	viable	V	1.162	0.091	0.634	1.41	7.026	15.838	14.428	5.311	0.428	24.439	0.575025	0.34	0.201782	-9.12	-9.282
SPCC663.12	cid12	viable	V	-0.263	-0.044	0.0	0.364	3.001	7.138	6.773	2.196	-0.097	-6.721	0.030616	0.517	0.275038	-3.249	-3.411
SPCC663.13c	naa50	viable	V	0.151	0.025	-0.0	0.364	3.001	7.138	6.773	2.196	0.056	3.859	-0.166214	0.101	0.380857	-26.16	-26.322
SPCC663.14c	trp663	viable	V	0.75	0.126	-0.0	0.364	3.001	7.138	6.773	2.196	0.276	19.163	0.477608	0.182	0.232959	-17.839	-18.001
SPCC663.15c	SPCC663.15c	viable	V	0.383	0.064	2.163	2.527	5.164	9.3	6.773	4.359	0.141	8.98	0.393839	0.233	0.275421	-14.394	-14.556
SPCC663.17	wtf15	unknown	Not_determined	-0.038	0.001	0.0	1.944	16.007	38.073	36.129	11.713	-0.014	-0.008	-0.137456	0.193	0.342703	-17.06	-17.222
SPCC70.03c	put1	viable	V	0.244	0.041	0.536	0.901	3.537	7.674	6.773	2.732	0.09	6.115	0.266825	0.172	0.290731	-18.682	-18.844
SPCC70.04c	SPCC70.04c	viable	V	-1.0	-0.05	0.0	1.209	9.958	23.685	22.476	7.287	-0.368	-17.792	0.89197	0.113	0.100355	-24.5	-24.663
SPCC70.05c	nnk1	inviable	E	3.928	0.549	0.365	0.802	3.963	8.923	8.121	2.998	1.445	96.288	0.992793	0.12	0.029766	-23.647	-23.81
SPCC70.06	sac32	viable	V	0.371	0.062	-0.0	0.364	3.001	7.138	6.773	2.196	0.136	9.471	0.530828	0.098	0.227555	-26.573	-26.736
SPCC70.07c	tmp1	inviable	E	4.487	0.741	1.413	1.783	4.459	8.658	6.875	3.642	1.651	108.268	0.99907	0.052	0.011593	-35.262	-35.424
SPCC70.08c	SPCC70.08c	viable	V	0.654	0.11	-0.0	0.364	3.001	7.138	6.773	2.196	0.241	16.72	0.735427	0.128	0.149183	-22.731	-22.894
SPCC70.09c	gsr2	viable	V	0.247	0.026	0.0	0.574	4.727	11.244	10.67	3.459	0.091	5.805	0.114239	0.235	0.279626	-14.281	-14.443
SPCC70.10	SPCC70.10	viable	V	0.112	-0.004	0.0	1.658	13.651	32.471	30.813	9.99	0.041	0.021	-0.388037	0.114	0.360764	-24.402	-24.564
SPCC736.02	SPCC736.02	viable	V	1.525	0.09	0.148	1.183	8.669	20.417	19.235	6.384	0.561	29.177	0.985033	0.061	0.040865	-33.22	-33.382
SPCC736.03c	msf1	inviable	E	4.646	0.778	5.346	5.711	8.347	12.484	6.773	7.542	1.709	94.087	0.99303	0.168	0.036812	-18.978	-19.141
SPCC736.04c	gma12	viable	V	0.724	0.046	1.129	2.096	9.091	20.067	17.971	6.955	0.266	13.621	0.972552	0.043	0.061213	-38.081	-38.243
SPCC736.05	wtf7	viable	Not_determined	1.351	0.226	-0.0	0.364	3.001	7.138	6.773	2.196	0.497	34.527	0.652348	0.322	0.164768	-9.881	-10.043
SPCC736.06	dar2	viable	V	2.707	0.211	0.641	1.424	7.091	15.984	14.56	5.361	0.996	56.707	0.805606	0.441	0.163583	-5.466	-5.629
SPCC736.07c	uri1	viable	V	4.051	0.334	0.682	1.423	6.787	15.203	13.78	5.149	1.49	86.313	0.97048	0.247	0.060999	-13.592	-13.754
SPCC736.08	cbf11	condition-dependent	V	3.932	0.428	1.765	2.326	6.384	12.751	10.424	5.145	1.446	86.335	0.997893	0.068	0.0176	-31.634	-31.796
SPCC736.09c	tfx1	viable	V	0.712	0.119	-0.0	0.364	3.001	7.138	6.773	2.196	0.262	18.187	0.218266	0.302	0.327668	-10.773	-10.935
SPCC736.11	ago1	viable	V	0.981	0.037	0.0	1.608	13.236	31.483	29.876	9.686	0.361	14.584	0.784319	0.141	0.151723	-21.431	-21.593
SPCC736.12c	mmi1	inviable	E	3.842	0.644	3.762	4.127	6.763	10.9	6.773	5.958	1.413	83.885	0.983303	0.205	0.051849	-16.175	-16.337
SPCC736.14	dis1	condition-dependent	V	1.053	0.062	-0.0	1.043	8.59	20.433	19.389	6.286	0.387	20.213	0.863152	0.131	0.116871	-22.467	-22.629
SPCC736.15	pil1	viable	V	-1.0	0.031	-0.0	1.957	16.116	38.334	36.377	11.794	-0.368	-0.221	-1.604937	0.166	0.56061	-19.146	-19.308
SPCC737.02c	qcr7	viable	V	0.207	0.035	-0.0	0.364	3.001	7.138	6.773	2.196	0.076	5.289	0.705174	0.042	0.153657	-38.296	-38.459
SPCC737.03c	ima1	viable	V	0.797	0.068	0.736	1.453	6.64	14.779	13.326	5.056	0.293	17.131	0.896176	0.098	0.111334	-26.459	-26.622
SPCC737.04	SPCC737.04	viable	Not_determined	0.629	0.083	-0.0	0.464	3.824	9.095	8.631	2.798	0.231	15.465	0.662234	0.142	0.165556	-21.306	-21.468
SPCC737.05	SPCC737.05	viable	V	0.597	0.1	-0.0	0.364	3.001	7.138	6.773	2.196	0.219	15.246	0.253571	0.256	0.251194	-13.064	-13.226
SPCC737.06c	gcs2	viable	V	0.714	0.08	7.479	8.021	11.944	18.1	10.079	10.747	0.263	11.744	0.931601	0.073	0.100557	-30.661	-30.823
SPCC737.07c	SPCC737.07c	viable	V	0.289	0.009	0.0	1.958	16.117	38.334	36.376	11.794	0.106	3.708	0.288289	0.156	0.250751	-20.036	-20.198
SPCC737.08	mdn1	inviable	E	4.402	0.737	-0.0	0.364	3.001	7.138	6.773	2.196	1.619	112.492	0.985391	0.183	0.042424	-17.791	-17.953
SPCC737.09c	hmt1	viable	V	0.103	-0.017	0.0	0.364	3.001	7.138	6.773	2.196	0.038	0.004	-0.029523	0.145	0.29363	-21.029	-21.191
SPCC74.01	sly1	inviable	E	3.908	0.655	-0.0	0.364	3.001	7.138	6.773	2.196	1.438	99.862	0.977046	0.207	0.051724	-16.082	-16.244
SPCC74.02c	ppn1	viable	V	2.002	0.09	4.268	5.629	15.47	30.913	25.284	12.466	0.736	25.813	0.971934	0.098	0.056115	-26.482	-26.645
SPCC74.03c	ssp2	viable	V	1.12	0.07	-0.0	0.979	8.059	19.169	18.191	5.898	0.412	22.137	0.959152	0.07	0.062659	-31.157	-31.319
SPCC74.04	SPCC74.04	viable	V	1.756	0.266	0.529	0.932	3.846	8.419	7.488	2.956	0.646	43.349	0.754206	0.362	0.167073	-8.243	-8.405
SPCC74.06	mak3	viable	V	0.415	0.025	0.0	1.018	8.377	19.925	18.907	6.13	0.153	8.052	0.890004	0.053	0.124016	-35.038	-35.201
SPCC74.09	mug24	viable	V	1.108	0.186	6.919	7.283	9.919	14.056	6.773	9.115	0.407	20.688	0.704597	0.266	0.174918	-12.555	-12.718
SPCC757.02c	SPCC757.02c	viable	V	0.365	-0.02	0.0	1.119	9.211	21.909	20.79	6.74	0.134	0.046	-0.212467	0.184	0.317321	-17.72	-17.882
SPCC757.03c	hsp3101	viable	V	-1.0	-0.031	0.0	1.957	16.116	38.334	36.377	11.794	-0.368	-12.815	0.046877	0.647	0.299577	-0.094	-0.256
SPCC757.04	SPCC757.04	viable	V	-0.083	0.009	0.0	0.57	4.69	11.156	10.586	3.432	-0.03	-0.005	-0.093192	0.067	0.341498	-31.928	-32.091
SPCC757.05c	SPCC757.05c	viable	V	0.052	0.009	0.022	0.387	3.023	7.16	6.773	2.218	0.019	1.332	-2.5e-05	0.448	0.293425	-5.249	-5.411
SPCC757.06	SPCC757.06	unknown	Not_determined	-0.577	-0.028	0.0	1.239	10.201	24.264	23.025	7.465	-0.212	-10.127	0.232304	0.334	0.312225	-9.349	-9.511
SPCC757.07c	ctt1	viable	V	0.098	-0.016	0.0	0.364	3.001	7.137	6.773	2.196	0.036	0.004	-0.955595	0.295	0.556834	-11.085	-11.247
SPCC757.08	rrp45	inviable	E	4.949	0.829	1.048	1.412	4.048	8.185	6.773	3.244	1.821	121.472	0.904628	0.61	0.102974	-0.915	-1.077
SPCC757.10	vph2	inviable	E	3.925	0.265	2.999	3.903	10.444	20.709	16.806	8.447	1.444	69.014	0.994609	0.099	0.026176	-26.384	-26.547
SPCC757.11c	SPCC757.11c	viable	V	-0.683	-0.029	0.0	1.42	11.693	27.813	26.393	8.557	-0.251	-11.045	0.806848	0.087	0.144633	-28.151	-28.314
SPCC757.12	aah1	viable	V	-0.78	-0.131	2.319	2.684	5.32	9.457	6.773	4.515	-0.287	-18.151	0.499692	0.35	0.221143	-8.712	-8.875
SPCC757.13	SPCC757.13	viable	V	0.058	-0.002	-0.0	1.957	16.116	38.334	36.377	11.794	0.021	0.013	-0.523662	0.162	0.395824	-19.457	-19.62
SPCC757.15	cox14	unknown	Not_determined	0.841	-0.026	0.0	1.953	16.081	38.251	36.297	11.768	0.309	0.185	-0.123788	0.314	0.379625	-10.219	-10.382
SPCC777.02	SPCC777.02	viable	V	0.121	0.02	-0.0	0.364	3.001	7.138	6.773	2.196	0.045	3.093	-0.054224	0.176	0.298286	-18.346	-18.509
SPCC777.03c	SPCC777.03c	viable	V	1.201	0.201	-0.0	0.364	3.001	7.138	6.773	2.196	0.442	30.703	0.367288	0.396	0.247321	-6.97	-7.132
SPCC777.04	dip5	viable	V	-0.689	-0.021	-0.0	1.957	16.116	38.334	36.377	11.794	-0.253	-8.827	0.497385	0.144	0.246981	-21.156	-21.318
SPCC777.05	gtr2	condition-dependent	E	3.987	0.668	-0.0	0.364	3.001	7.138	6.773	2.196	1.467	101.882	0.964816	0.264	0.060115	-12.634	-12.797
SPCC777.06c	SPCC777.06c	viable	V	0.355	0.011	0.0	1.958	16.117	38.334	36.377	11.794	0.131	4.552	0.603287	0.095	0.197167	-27.007	-27.17
SPCC777.07	omh3	viable	V	4.716	0.784	6.729	7.096	9.753	13.922	6.826	8.942	1.735	88.852	0.998221	0.086	0.017939	-28.383	-28.545
SPCC777.08c	bit61	viable	V	1.415	0.055	0.997	2.566	13.916	31.725	29.159	10.451	0.52	20.242	0.928365	0.11	0.090153	-24.892	-25.054
SPCC777.09c	arg1	viable	V	1.144	0.192	0.198	0.562	3.198	7.335	6.773	2.394	0.421	29.031	0.874123	0.157	0.120957	-19.878	-20.04
SPCC777.10c	ubc12	condition-dependent	E	5.218	0.491	3.171	3.82	8.514	15.88	12.06	7.081	1.919	102.961	0.997431	0.099	0.019453	-26.339	-26.501
SPCC777.11	gta3	inviable	E	4.244	0.598	6.337	6.771	9.908	14.83	8.059	8.95	1.561	78.948	0.985983	0.205	0.047818	-16.206	-16.368
SPCC777.12c	SPCC777.12c	viable	V	0.723	0.121	3.015	3.379	6.015	10.152	6.773	5.211	0.266	16.33	0.349539	0.539	0.229031	-2.661	-2.823
SPCC777.13	vps35	viable	V	1.15	0.036	-0.0	1.957	16.116	38.334	36.377	11.794	0.423	14.738	0.81045	0.128	0.13068	-22.773	-22.935
SPCC777.14	prp4	inviable	E	3.923	0.518	1.801	2.263	5.606	10.853	8.59	4.585	1.443	89.703	0.996544	0.09	0.022417	-27.749	-27.912
SPCC777.15	dus4	viable	V	1.058	0.171	-0.0	0.379	3.119	7.418	7.04	2.282	0.389	26.897	0.851935	0.152	0.119699	-20.395	-20.557
SPCC777.17c	SPCC777.17c	viable	V	0.752	0.126	1.804	2.168	4.805	8.942	6.773	4.0	0.277	17.896	0.451048	0.363	0.223766	-8.18	-8.343
SPCC790.02	pep3	condition-dependent	E	3.144	0.276	2.712	3.408	8.442	16.341	12.933	6.905	1.157	62.095	0.980033	0.163	0.053468	-19.431	-19.593
SPCC790.03	rbd2	condition-dependent	V	0.902	0.151	12.497	12.861	15.498	19.634	6.773	14.693	0.332	11.815	0.401481	0.402	0.261741	-6.766	-6.928
SPCC794.01c	gcd1	viable	V	0.302	0.051	-0.0	0.364	3.001	7.138	6.773	2.196	0.111	7.728	0.254963	0.144	0.30332	-21.153	-21.315
SPCC794.03	SPCC794.03	viable	V	0.368	0.034	-0.0	0.667	5.491	13.061	12.394	4.018	0.135	8.343	0.121853	0.235	0.31799	-14.256	-14.418
SPCC794.04c	SPCC794.04c	viable	V	0.755	0.126	0.051	0.415	3.051	7.188	6.773	2.247	0.278	19.26	0.829332	0.123	0.135469	-23.322	-23.484
SPCC794.06	SPCC794.06	viable	V	0.698	0.042	0.0	1.016	8.365	19.897	18.881	6.122	0.257	13.563	0.572916	0.183	0.256979	-17.798	-17.96
SPCC794.07	lat1	viable	V	4.165	0.473	4.08	4.618	8.508	14.612	9.994	7.321	1.532	82.763	0.966281	0.299	0.069164	-10.906	-11.068
SPCC794.08	efr3	viable	V	1.566	0.208	-0.0	0.461	3.794	9.023	8.563	2.776	0.576	38.577	0.862419	0.214	0.114738	-15.563	-15.726
SPCC794.09c	tef101	viable	V	3.397	0.132	6.399	7.966	19.299	37.082	29.116	15.839	1.25	33.814	0.840367	0.354	0.122398	-8.539	-8.702
SPCC794.10	ugp1	viable	V	-0.361	-0.061	1.248	1.613	4.249	8.386	6.773	3.444	-0.133	-8.799	0.554137	0.127	0.237637	-22.875	-23.037
SPCC794.11c	ent3	viable	V	0.315	0.053	0.0	0.364	3.001	7.138	6.773	2.196	0.116	8.058	0.438526	0.116	0.224607	-24.117	-24.279
SPCC794.12c	mae2	viable	V	-0.507	0.016	-0.0	1.906	15.693	37.327	35.421	11.484	-0.186	-0.109	-2.067093	0.176	0.663744	-18.33	-18.493
SPCC794.16	SPCC794.16	unknown	Not_determined	-0.589	-0.031	-0.0	1.17	9.637	22.922	21.751	7.052	-0.217	-10.661	0.21914	0.23	0.312	-14.56	-14.722
SPCC825.01	SPCC825.01	viable	V	3.868	0.644	0.26	0.627	3.282	7.447	6.82	2.471	1.423	97.795	0.994545	0.102	0.025917	-25.975	-26.138
SPCC825.02	gbs1	condition-dependent	V	0.514	0.038	12.867	13.701	19.737	29.209	15.507	17.894	0.189	4.522	0.567962	0.155	0.177043	-20.108	-20.271
SPCC825.03c	psy1	inviable	E	5.197	0.871	0.411	0.776	3.412	7.549	6.773	2.607	1.912	130.787	0.985456	0.228	0.042703	-14.727	-14.889
SPCC825.04c	naa40	viable	V	2.014	0.337	-0.0	0.364	3.001	7.138	6.773	2.196	0.741	51.463	0.591383	0.587	0.215172	-1.448	-1.61
SPCC825.05c	pwi1	viable	V	0.07	-0.004	0.0	1.037	8.54	20.313	19.276	6.249	0.026	0.008	-0.294928	0.295	0.353107	-11.098	-11.261
SPCC830.03	grc3	inviable	E	4.015	0.511	0.384	0.864	4.332	9.774	8.911	3.273	1.477	96.705	0.988901	0.153	0.037308	-20.258	-20.421
SPCC830.04c	mug128	viable	V	0.775	0.119	0.908	1.306	4.186	8.704	7.398	3.306	0.285	18.874	0.762804	0.163	0.150641	-19.371	-19.533
SPCC830.05c	epl1	inviable	E	3.369	0.564	-0.0	0.364	3.001	7.138	6.773	2.196	1.239	86.088	0.967263	0.213	0.058682	-15.642	-15.804
SPCC830.06	cnb1	viable	V	1.059	0.119	1.099	1.642	5.572	11.738	10.095	4.372	0.39	24.128	0.91397	0.12	0.099471	-23.653	-23.816
SPCC830.07c	psi1	viable	V	0.801	0.025	0.0	1.928	15.878	37.767	35.839	11.619	0.295	10.387	0.744135	0.099	0.166798	-26.342	-26.505
SPCC830.08c	yop1	viable	V	-0.879	0.027	-0.0	1.957	16.116	38.334	36.377	11.794	-0.323	-0.194	-1.696058	0.389	0.596257	-7.206	-7.368
SPCC830.09c	pop5	inviable	E	4.07	0.682	0.383	0.747	3.384	7.521	6.773	2.579	1.497	102.538	0.893159	0.511	0.112116	-3.393	-3.555
SPCC830.10	ham1	viable	V	0.276	0.046	-0.0	0.364	3.001	7.138	6.773	2.196	0.101	7.05	0.062675	0.258	0.352328	-12.972	-13.135
SPCC830.11c	fap7	inviable	E	3.884	0.651	-0.0	0.364	3.001	7.138	6.773	2.196	1.429	99.251	0.951162	0.304	0.076696	-10.68	-10.842
SPCC895.03c	sua5	inviable	E	2.856	0.478	0.125	0.49	3.126	7.263	6.773	2.321	1.051	72.65	0.823329	0.474	0.150472	-4.465	-4.628
SPCC895.04c	ufe1	inviable	E	3.866	0.648	-0.0	0.364	3.001	7.138	6.773	2.196	1.422	98.796	0.988806	0.143	0.035995	-21.21	-21.372
SPCC895.05	for3	condition-dependent	V	4.348	0.41	1.77	2.417	7.097	14.442	12.024	5.669	1.599	91.904	0.996595	0.094	0.021152	-27.043	-27.205
SPCC895.06	elp2	viable	V	3.943	0.363	0.352	1.014	5.807	13.329	12.314	4.344	1.451	88.192	0.992392	0.121	0.030647	-23.572	-23.734
SPCC895.07	alp14	viable	V	2.464	0.139	0.401	1.482	9.301	21.57	20.088	6.914	0.906	45.587	0.979054	0.114	0.048627	-24.344	-24.507
SPCC895.09c	ucp12	viable	V	-1.0	0.031	0.235	2.178	16.233	38.288	36.11	11.943	-0.368	-0.235	-1.432496	0.255	0.598881	-13.124	-13.286
SPCC962.01	tcb1	viable	V	0.33	0.055	1.096	1.46	4.096	8.233	6.773	3.292	0.121	8.086	0.732255	0.081	0.185109	-29.141	-29.303
SPCC962.02c	bir1	inviable	E	4.661	0.781	1.469	1.833	4.469	8.606	6.773	3.665	1.715	112.437	0.990251	0.18	0.038166	-18.037	-18.2
SPCC962.03c	cut15	inviable	E	3.702	0.62	0.355	0.719	3.356	7.493	6.773	2.551	1.362	93.35	0.987436	0.151	0.041076	-20.497	-20.66
SPCC962.04	rps1201	viable	V	2.321	0.104	-0.0	1.356	11.168	26.563	25.207	8.172	0.854	38.618	0.717025	0.373	0.166845	-7.798	-7.96
SPCC962.05	ast1	viable	V	0.207	-0.006	0.0	1.946	16.026	38.119	36.173	11.728	0.076	0.045	-0.021614	0.165	0.314958	-19.195	-19.358
SPCC962.06c	bpb1	inviable	E	4.223	0.707	-0.0	0.364	3.001	7.138	6.773	2.196	1.554	107.916	0.981163	0.203	0.046537	-16.311	-16.474
SPCC965.03	vma8	inviable	E	3.603	0.286	1.509	2.278	7.835	16.556	14.278	6.139	1.325	72.988	0.992142	0.113	0.032372	-24.504	-24.666
SPCC965.04c	yme1	viable	V	0.362	0.061	-0.0	0.364	3.001	7.138	6.773	2.196	0.133	9.242	0.374049	0.121	0.259314	-23.586	-23.748
SPCC965.05c	thp1	viable	V	-0.403	-0.068	-0.0	0.364	3.001	7.138	6.773	2.196	-0.148	-10.298	0.350742	0.146	0.265454	-20.964	-21.126
SPCC965.06	osr2	viable	V	0.627	0.105	0.571	0.935	3.572	7.709	6.773	2.767	0.231	15.671	0.297244	0.359	0.271921	-8.355	-8.517
SPCC965.07c	gst2	viable	V	0.283	-0.014	0.0	1.281	10.549	25.092	23.811	7.72	0.104	0.041	-0.281683	0.213	0.33827	-15.643	-15.805
SPCC965.08c	alr1	viable	V	-0.747	-0.023	0.0	1.957	16.116	38.334	36.377	11.794	-0.275	-9.577	0.794837	0.094	0.137131	-27.174	-27.336
SPCC965.09	SPCC965.09	viable	V	-0.019	0.001	0.0	1.707	14.052	33.423	31.717	10.283	-0.007	-0.004	-0.02189	0.495	0.309711	-3.856	-4.018
SPCC965.10	SPCC965.10	viable	V	0.909	0.087	-0.0	0.635	5.226	12.43	11.795	3.824	0.334	20.872	0.917076	0.091	0.095171	-27.603	-27.765
SPCC965.11c	agp3	viable	V	-0.476	-0.08	-0.0	0.364	3.001	7.138	6.773	2.196	-0.175	-12.162	0.544947	0.138	0.206237	-21.772	-21.934
SPCC965.12	dpe2	viable	V	0.324	0.054	6.461	6.825	9.462	13.599	6.773	8.657	0.119	6.19	0.651427	0.131	0.205414	-22.45	-22.612
SPCC965.13	SPCC965.13	viable	V	0.873	0.146	-0.0	0.364	3.001	7.138	6.773	2.196	0.321	22.297	0.953685	0.066	0.070179	-32.075	-32.237
SPCC970.01	rad16	viable	V	1.133	0.083	3.821	4.658	10.709	20.203	15.546	8.861	0.417	19.688	0.996416	0.025	0.022138	-45.86	-46.023
SPCC970.02	dcw1	viable	V	0.249	0.042	0.0	0.364	3.001	7.138	6.773	2.196	0.092	6.359	0.147101	0.202	0.317091	-16.416	-16.578
SPCC970.03	cbr1	inviable	E	2.729	0.457	-0.0	0.364	3.001	7.138	6.773	2.196	1.004	69.741	0.593927	0.636	0.228318	-0.339	-0.501
SPCC970.04c	mob2	inviable	E	4.631	0.645	0.92	1.358	4.527	9.5	8.142	3.56	1.704	110.974	0.993715	0.137	0.029433	-21.87	-22.032
SPCC970.05	rpl3601	viable	V	4.032	0.585	-0.0	0.421	3.466	8.244	7.823	2.536	1.483	100.844	0.954729	0.303	0.070009	-10.694	-10.856
SPCC970.06	erv29	viable	V	0.883	0.148	4.722	5.087	7.725	11.864	6.777	6.919	0.325	18.43	0.972508	0.064	0.064907	-32.428	-32.59
SPCC970.07c	raf2	viable	V	2.208	0.205	7.496	8.155	12.925	20.409	12.254	11.468	0.812	33.888	0.991938	0.074	0.033576	-30.407	-30.569
SPCC970.08	kcs1	inviable	E	4.116	0.582	0.334	0.766	3.892	8.797	8.031	2.938	1.514	101.196	0.943788	0.359	0.080845	-8.347	-8.509
SPCC970.09	sec8	inviable	E	4.54	0.737	1.337	1.713	4.435	8.705	6.992	3.604	1.67	109.617	0.998414	0.069	0.014869	-31.436	-31.598
SPCC970.10c	brl2	viable	V	4.571	0.286	1.746	2.721	9.774	20.841	18.12	7.621	1.682	83.038	0.998597	0.057	0.012852	-34.056	-34.218
SPCC970.11c	wtf9	viable	Not_determined	0.348	0.058	1.357	1.721	4.358	8.495	6.773	3.553	0.128	8.442	0.160278	0.388	0.294732	-7.249	-7.411
SPCC970.12	mis18	inviable	E	3.181	0.354	5.273	5.821	9.784	16.003	10.183	8.574	1.17	59.119	0.982433	0.167	0.052269	-19.083	-19.245
SPCP1E11.02	ppk38	viable	V	-0.43	0.072	22.778	23.143	25.779	29.916	6.773	24.974	-0.158	-8.298	0.139056	0.212	0.292167	-15.709	-15.871
SPCP1E11.03	mug170	viable	V	0.984	0.111	4.377	4.919	8.836	14.982	10.064	7.64	0.362	19.231	0.837164	0.188	0.143334	-17.384	-17.546
SPCP1E11.04c	pal1	viable	V	-0.443	-0.074	-0.0	0.364	3.001	7.138	6.773	2.196	-0.163	-11.327	0.331834	0.197	0.254266	-16.722	-16.884
SPCP1E11.05c	are2	viable	V	3.633	0.263	5.409	6.253	12.357	21.935	15.682	10.493	1.336	57.26	0.999243	0.035	0.009934	-40.934	-41.097
SPCP1E11.06	apl4	viable	V	1.557	0.168	2.759	3.326	7.425	13.858	10.532	6.173	0.573	32.571	0.944037	0.152	0.089235	-20.353	-20.515
SPCP1E11.07c	cwf18	viable	V	1.184	0.037	0.0	1.957	16.116	38.333	36.376	11.794	0.435	15.167	0.515993	0.296	0.23583	-11.056	-11.219
SPCP1E11.08	nsa2	inviable	E	4.995	0.837	-0.0	0.364	3.001	7.138	6.773	2.196	1.837	127.632	0.879933	0.571	0.113986	-1.835	-1.997
SPCP1E11.09c	rpp103	viable	V	3.467	0.246	0.528	1.387	7.6	17.35	15.963	5.703	1.275	70.578	0.991881	0.107	0.030242	-25.325	-25.488
SPCP1E11.10	dhm1	viable	V	5.555	0.421	0.458	1.264	7.091	16.235	14.971	5.312	2.044	116.197	0.927715	0.531	0.086873	-2.854	-3.016
SPCP1E11.11	puf6	viable	V	1.272	0.095	0.583	1.396	7.28	16.513	15.116	5.484	0.468	26.367	0.921852	0.126	0.094048	-22.998	-23.16
SPCP20C8.04	new22	unknown	Not_determined	0.98	0.164	1.081	1.446	4.082	8.219	6.773	3.277	0.361	24.024	0.347134	0.565	0.250674	-1.986	-2.149
SPCP25A2.02c	rhp26	viable	V	0.604	0.101	0.989	1.353	3.99	8.127	6.773	3.185	0.222	14.861	0.439507	0.273	0.230007	-12.199	-12.361
SPCP25A2.03	tho1	inviable	E	4.18	0.487	0.567	1.09	4.877	10.82	9.73	3.721	1.538	98.189	0.995783	0.098	0.023628	-26.467	-26.63
SPCP31B10.02	SPCP31B10.02	viable	V	-1.0	0.031	0.0	1.951	16.061	38.203	36.252	11.753	-0.368	-0.22	0.017406	0.404	0.369988	-6.688	-6.85
SPCP31B10.03c	med31	viable	V	4.538	0.309	4.026	4.923	11.416	21.605	16.682	9.434	1.67	75.535	0.996483	0.094	0.021255	-27.132	-27.295
SPCP31B10.04	psg2	viable	V	0.11	-0.014	0.0	0.482	3.969	9.44	8.958	2.904	0.04	0.006	-0.028526	0.239	0.386557	-14.044	-14.207
SPCP31B10.05	tdp1	viable	V	0.683	0.021	0.0	1.958	16.117	38.334	36.377	11.794	0.251	8.753	0.915059	0.056	0.089955	-34.433	-34.596
SPCP31B10.06	tcb2	viable	V	0.365	0.061	2.042	2.407	5.043	9.18	6.773	4.238	0.134	8.589	0.598375	0.139	0.205691	-21.601	-21.763
SPCP31B10.07	eft202	viable	V	2.566	0.43	-0.0	0.364	3.001	7.138	6.773	2.196	0.944	65.563	0.922595	0.252	0.085075	-13.297	-13.459
SPCP31B10.08c	rpl35A01	inviable	E	2.819	0.472	-0.0	0.364	3.001	7.138	6.773	2.196	1.037	72.03	0.879244	0.32	0.119106	-9.961	-10.123
SPCPB16A4.02c	opy1	viable	V	0.995	0.167	0.257	0.621	3.258	7.395	6.773	2.453	0.366	25.174	0.509548	0.367	0.255297	-8.039	-8.201
SPCPB16A4.03c	ade10	viable	V	0.15	0.025	-0.0	0.364	3.001	7.138	6.773	2.196	0.055	3.824	0.00995	0.308	0.325524	-10.49	-10.652
SPCPB16A4.06c	SPCPB16A4.06c	viable	V	1.499	0.251	3.818	4.182	6.818	10.955	6.773	6.014	0.552	32.653	0.675476	0.476	0.206257	-4.385	-4.548
SPCPB1C11.01	amt1	viable	V	0.663	0.111	-0.0	0.364	3.001	7.138	6.773	2.196	0.244	16.935	0.873016	0.087	0.114794	-28.221	-28.383
SPCPB1C11.02	SPCPB1C11.02	viable	V	0.301	0.051	0.0	0.365	3.001	7.138	6.773	2.196	0.111	7.703	0.184688	0.251	0.313548	-13.344	-13.506
SPCPB1C11.03	SPCPB1C11.03	viable	V	0.793	0.133	-0.0	0.364	3.001	7.138	6.773	2.196	0.292	20.262	0.378849	0.352	0.268129	-8.626	-8.789
SPCPJ732.01	vps5	viable	V	0.898	0.15	0.871	1.235	3.871	8.008	6.773	3.067	0.33	22.201	0.449316	0.383	0.23352	-7.454	-7.616
SPCPJ732.02c	xks1	viable	V	1.081	0.173	10.406	10.787	13.547	17.876	7.089	12.704	0.398	16.243	0.937757	0.113	0.082596	-24.547	-24.709
SPCPJ732.03	meu15	viable	V	-1.0	0.038	5.42	7.046	18.812	37.273	30.227	15.22	-0.368	-0.892	0.146301	0.18	0.300312	-18.039	-18.202
SPMTR.02	mat2-Pi	unknown	Not_determined	0.632	0.106	-0.0	0.364	3.001	7.138	6.773	2.196	0.233	16.158	0.15966	0.386	0.340585	-7.343	-7.506
