Systematic ID	Name	FYPOviability	DeletionLibrary_essentiality	YES0	YES1	YES2	YES3	YES4	YES5	YES6
SPAC1002.01	mrx11	viable	V	0.0	-0.164	1.299	-0.671	0.632	0.313	0.426
SPAC1002.02	pom34	viable	V	0.0	-0.202	-0.517	-0.028	1.018	-0.226	-0.076
SPAC1002.03c	gls2	viable	V	0.0	-0.127	0.206	0.496	0.805	0.87	0.897
SPAC1002.04c	taf11	inviable	E	0.0	0.291	2.414	3.421	5.392	5.058	4.024
SPAC1002.05c	jmj2	viable	V	0.0	-0.291	-0.313	-0.243	-0.5	-0.506	-0.613
SPAC1002.06c	bqt2	viable	V	0.0	0.294	0.467	-0.425	0.138	0.62	0.256
SPAC1002.07c	SPAC1002.07c	viable	V	0.0	0.445	0.533	0.922	0.919	0.926	1.842
SPAC1002.08c	mtf1	inviable	E	0.0	0.284	0.995	2.26	2.691	3.584	3.246
SPAC1002.09c	dld1	inviable	E	0.0	0.056	0.705	2.182	3.695	4.19	4.178
SPAC1002.10c	sgt1	inviable	E	0.0	2.017	3.586	4.11	4.502	4.513	4.803
SPAC1002.11	gaa1	inviable	E	0.0	1.942	3.919	4.456	4.086	4.469	4.494
SPAC1002.12c	ssd1	viable	V	0.0	0.219	-0.005	0.154	0.417	0.027	-0.07
SPAC1002.13c	psu1	inviable	E	0.0	0.389	2.093	3.952	4.107	4.432	4.388
SPAC1002.14	itt1	viable	V	0.0	0.29	0.131	0.984	0.998	1.714	0.675
SPAC1002.15c	med6	viable	V	0.0	0.143	0.573	1.22	1.595	1.395	1.942
SPAC1002.16c	tna1	inviable	E	0.0	-0.139	-0.094	0.119	-0.263	-0.334	-0.105
SPAC1002.17c	urg2	viable	V	0.0	-0.146	0.026	-0.627	-0.386	-0.222	-0.253
SPAC1002.18	urg3	viable	V	0.0	-0.092	0.048	0.232	0.176	0.304	0.478
SPAC1002.19	urg1	viable	V	0.0	-0.056	-0.123	-0.294	-0.269	-0.25	-0.366
SPAC1002.20	SPAC1002.20	viable	V	0.0	-0.169	-0.043	-0.13	-0.243	-0.152	-0.272
SPAC1006.01	psp3	viable	V	0.0	0.549	0.505	0.65	0.761	0.984	0.7
SPAC1006.02	asa1	inviable	E	0.0	0.564	1.48	1.163	1.981	1.981	1.51
SPAC1006.03c	red1	viable	V	0.0	0.477	1.332	1.622	1.894	1.953	2.251
SPAC1006.04c	mcp3	viable	V	0.0	0.068	0.502	0.323	0.776	0.611	0.547
SPAC1006.05c	och1	viable	V	0.0	0.189	0.816	2.245	3.355	2.776	3.44
SPAC1006.06	rgf2	viable	V	0.0	-0.027	-0.204	-0.04	0.019	0.022	-0.246
SPAC1006.07	tif1	inviable	E	0.0	1.428	2.074	1.726	1.61	1.726	2.074
SPAC1006.08	etd1	condition-dependent	E	0.0	1.618	3.774	4.442	4.109	4.372	4.412
SPAC1006.09	win1	viable	V	0.0	0.018	0.115	0.47	0.467	0.614	0.604
SPAC1039.01	SPAC1039.01	viable	V	0.0	-0.423	-0.411	-0.036	-0.205	0.818	1.57
SPAC1039.02	efn2	viable	V	0.0	0.154	0.222	0.977	0.658	0.543	0.457
SPAC1039.03	SPAC1039.03	viable	V	0.0	0.016	0.588	0.894	-0.095	0.124	-0.395
SPAC1039.04	SPAC1039.04	viable	V	0.0	-0.007	-0.06	-0.14	-0.574	-0.089	-0.234
SPAC1039.05c	klf1	viable	V	0.0	-0.118	-0.014	-0.051	-0.035	0.117	0.33
SPAC1039.06	SPAC1039.06	viable	V	0.0	-0.046	-0.15	0.149	0.241	0.238	0.112
SPAC1039.07c	SPAC1039.07c	viable	V	0.0	-0.112	0.006	-0.229	0.185	0.082	0.026
SPAC1039.08	SPAC1039.08	viable	V	0.0	0.473	-0.03	0.712	0.439	0.299	0.448
SPAC1039.09	isp5	viable	V	0.0	-0.28	0.444	0.41	0.243	0.316	0.609
SPAC1039.10	mmf2	viable	V	0.0	-0.239	-0.088	0.516	-0.512	0.129	-0.267
SPAC1039.11c	gto1	viable	V	0.0	-0.192	-0.058	-0.316	-0.221	-0.432	-0.379
SPAC105.01c	kha1	viable	V	0.0	0.217	0.469	0.159	0.749	1.366	1.066
SPAC105.03c	dal81	viable	V	0.0	0.386	0.875	0.848	0.597	0.838	0.649
SPAC1071.01c	pta1	inviable	E	0.0	1.678	3.543	4.754	4.855	5.209	4.883
SPAC1071.02	mms19	viable	V	0.0	0.572	1.178	2.061	2.65	3.274	3.826
SPAC1071.03c	sil1	viable	V	0.0	0.285	0.223	0.441	0.595	0.422	0.216
SPAC1071.04c	spc2	viable	V	0.0	-0.286	0.05	0.607	0.781	2.081	3.109
SPAC1071.05	hpm1	viable	V	0.0	0.643	0.879	1.173	0.215	1.236	1.04
SPAC1071.06	arp9	viable	V	0.0	-0.175	0.344	0.726	0.915	1.425	1.785
SPAC1071.09c	djc9	viable	V	0.0	-0.326	-0.014	0.41	0.073	0.319	0.727
SPAC1071.10c	pma1	inviable	E	0.0	1.453	3.934	4.291	4.004	4.24	4.267
SPAC1071.11	coq12	condition-dependent	V	0.0	0.138	-0.318	0.673	0.695	1.156	1.3
SPAC1071.12c	stp1	viable	V	0.0	0.085	-0.026	-0.101	-0.1	0.048	-0.04
SPAC1071.13	SPAC1071.13	unknown	Not_determined	0.0	0.098	-0.221	-0.085	0.289	-0.249	0.196
SPAC1093.01	ppr5	viable	V	0.0	0.055	0.259	0.029	0.74	0.416	0.416
SPAC1093.02	pdx3	viable	V	0.0	0.217	0.532	0.747	0.308	1.25	0.637
SPAC1093.03	fig4	viable	V	0.0	0.349	0.421	1.012	0.731	1.017	0.584
SPAC1093.04c	cca1	inviable	E	0.0	1.676	3.108	3.829	3.964	4.149	3.854
SPAC1093.05	hca4	inviable	E	0.0	1.341	2.713	2.651	3.14	2.601	2.833
SPAC1093.06c	dhc1	viable	V	0.0	-0.001	0.008	0.143	0.176	0.274	0.233
SPAC10F6.01c	sir1	viable	V	0.0	0.349	0.513	0.443	0.71	0.993	1.069
SPAC10F6.02c	prp22	inviable	E	0.0	1.33	2.636	3.791	4.018	3.938	3.923
SPAC10F6.03c	cts1	inviable	E	0.0	2.052	3.639	4.092	4.235	4.576	4.653
SPAC10F6.04	ats1	viable	V	0.0	0.096	0.245	0.737	0.992	1.094	1.366
SPAC10F6.05c	ubc6	viable	V	0.0	-0.004	0.116	-0.084	-0.187	-0.251	-0.051
SPAC10F6.06	vip1	viable	V	0.0	0.046	0.081	-0.503	-0.38	0.082	-0.078
SPAC10F6.08c	nht1	viable	V	0.0	0.324	0.423	0.656	0.844	1.299	1.869
SPAC10F6.09c	psm3	condition-dependent	E	0.0	1.142	2.989	3.584	3.814	4.102	4.132
SPAC10F6.10	rio1	inviable	E	0.0	1.755	3.66	4.304	4.482	4.419	4.635
SPAC10F6.11c	atg17	viable	V	0.0	-0.35	0.557	0.531	1.031	1.094	-0.32
SPAC10F6.12c	mam4	viable	V	0.0	0.126	-0.014	0.232	-0.024	0.088	0.155
SPAC10F6.13c	caa1	viable	V	0.0	1.034	1.918	3.267	3.965	4.404	4.426
SPAC10F6.14c	SPAC10F6.14c	viable	V	0.0	0.221	-0.153	0.026	-0.129	0.133	0.235
SPAC10F6.15	SPAC10F6.15	viable	V	0.0	0.039	0.295	0.286	0.142	-0.044	-0.348
SPAC10F6.16	igo1	viable	V	0.0	-0.079	0.131	0.201	-0.491	0.077	0.822
SPAC10F6.17c	ptc5	viable	V	0.0	0.079	0.206	0.315	0.42	0.319	0.486
SPAC110.01	ppk1	viable	V	0.0	-0.187	-0.126	-0.244	0.339	0.287	-0.001
SPAC110.02	pds5	viable	V	0.0	0.213	0.275	0.439	0.561	0.612	0.933
SPAC110.03	cdc42	inviable	E	0.0	1.958	3.725	4.92	4.431	4.462	4.498
SPAC110.04c	pss1	condition-dependent	E	0.0	2.061	3.14	4.063	3.928	4.019	3.953
SPAC110.06	SPAC110.06	viable	Not_determined	0.0	-0.946	-0.241	-0.692	-0.816	-0.11	-0.353
SPAC1142.01	rqc1	viable	V	0.0	-0.509	-0.28	-0.314	-0.451	-0.087	-0.141
SPAC1142.02c	sgt2	viable	V	0.0	0.608	0.165	0.415	0.293	0.002	0.919
SPAC1142.03c	swi2	viable	V	0.0	0.028	-0.173	-0.449	-0.534	-0.323	-0.011
SPAC1142.04	noc201	inviable	E	0.0	1.907	3.623	4.054	4.22	4.498	4.465
SPAC1142.05	ctr5	viable	V	0.0	0.066	0.957	2.538	2.156	3.083	3.234
SPAC1142.06	get3	viable	V	0.0	0.016	-0.363	-0.345	-0.391	0.073	-0.397
SPAC1142.07c	vps32	viable	V	0.0	0.51	1.475	2.329	2.081	2.518	3.396
SPAC1142.08	fhl1	viable	V	0.0	0.68	1.463	2.004	2.585	2.754	3.001
SPAC1142.09	SPAC1142.09	unknown	Not_determined	0.0	-0.319	0.463	0.713	-0.623	-0.914	0.035
SPAC11D3.02c	SPAC11D3.02c	viable	V	0.0	0.722	1.845	0.432	1.734	0.622	0.968
SPAC11D3.03c	SPAC11D3.03c	viable	V	0.0	0.2	-0.61	-0.538	-0.151	-0.443	-0.446
SPAC11D3.04c	SPAC11D3.04c	viable	V	0.0	-0.119	-0.3	-0.097	-0.069	-0.194	-0.273
SPAC11D3.05	mfs2	viable	V	0.0	-0.154	0.392	0.219	0.078	0.784	0.515
SPAC11D3.06	SPAC11D3.06	viable	V	0.0	0.166	0.032	0.416	0.268	0.502	0.666
SPAC11D3.07c	toe4	viable	V	0.0	0.224	0.523	0.453	0.882	0.433	0.754
SPAC11D3.08c	SPAC11D3.08c	viable	V	0.0	-0.089	-0.288	0.005	0.398	-0.046	-0.055
SPAC11D3.09	agm1	viable	V	0.0	0.071	-0.022	-0.14	-0.308	0.015	-0.297
SPAC11D3.10	SPAC11D3.10	viable	V	0.0	-0.035	-0.052	-0.016	0.056	-0.095	-0.156
SPAC11D3.11c	SPAC11D3.11c	unknown	Not_determined	0.0	0.602	0.01	-0.36	0.079	-0.14	-0.117
SPAC11D3.13	hsp3104	viable	V	0.0	-0.385	-0.332	-0.401	-0.479	-0.449	-0.348
SPAC11D3.14c	oxp2	viable	V	0.0	0.08	0.118	0.1	-0.057	0.036	0.153
SPAC11D3.15	oxp1	viable	V	0.0	0.109	0.17	0.009	0.035	-0.089	-0.147
SPAC11D3.16c	SPAC11D3.16c	viable	V	0.0	0.115	-0.129	-0.168	-0.582	-0.965	-0.843
SPAC11D3.17	SPAC11D3.17	viable	V	0.0	0.032	0.135	0.416	0.721	0.681	0.741
SPAC11D3.18c	SPAC11D3.18c	viable	V	0.0	0.21	0.465	0.581	0.255	0.402	0.426
SPAC11D3.19	SPAC11D3.19	viable	Not_determined	0.0	-0.005	-0.364	-0.074	-0.469	-0.513	-0.084
SPAC11D3.20	SPAC11D3.20	unknown	Not_determined	0.0	0.092	0.338	0.837	0.273	0.214	0.278
SPAC11E3.01c	swr1	viable	V	0.0	0.231	0.439	0.714	0.984	1.185	1.255
SPAC11E3.02c	ync13	condition-dependent	E	0.0	0.2	0.527	1.915	2.89	3.356	3.446
SPAC11E3.03	csm1	viable	V	0.0	-0.136	0.445	1.689	2.134	2.926	2.393
SPAC11E3.04c	ubc13	viable	V	0.0	0.191	0.208	0.289	0.204	0.431	0.491
SPAC11E3.05	sea3	viable	V	0.0	0.862	1.694	2.713	3.569	3.676	3.883
SPAC11E3.06	map1	viable	V	0.0	0.412	0.251	0.606	0.523	0.389	0.492
SPAC11E3.07	vma4	inviable	E	0.0	0.938	1.903	2.511	3.322	3.211	3.845
SPAC11E3.08c	nse6	viable	V	0.0	0.134	0.643	1.435	2.924	3.242	3.204
SPAC11E3.09	pyp3	viable	V	0.0	0.08	0.174	0.216	0.197	0.297	0.264
SPAC11E3.10	SPAC11E3.10	viable	V	0.0	0.455	1.099	0.579	0.89	0.886	0.986
SPAC11E3.11c	syt22	viable	V	0.0	0.137	0.202	0.344	0.407	0.851	0.873
SPAC11E3.12	SPAC11E3.12	viable	V	0.0	-0.267	-1.088	-0.344	-0.363	-0.36	-0.636
SPAC11E3.13c	gas5	viable	V	0.0	0.116	0.95	0.918	0.92	1.249	0.53
SPAC11E3.14	SPAC11E3.14	viable	V	0.0	0.222	0.03	-0.048	0.676	0.482	-0.014
SPAC11G7.01	mtl2	viable	V	0.0	0.775	1.075	0.975	1.174	0.948	1.144
SPAC11G7.02	pub1	viable	V	0.0	1.192	2.295	3.249	3.239	3.596	3.534
SPAC11G7.03	idh1	viable	V	0.0	0.368	0.729	1.525	2.542	2.955	4.084
SPAC11G7.05c	mct1	viable	V	0.0	0.186	-0.001	0.432	1.333	2.482	3.787
SPAC11G7.06c	mug132	viable	V	0.0	0.108	-0.039	0.072	0.153	0.429	0.312
SPAC11H11.01	sst6	viable	V	0.0	0.097	0.073	-0.159	0.05	0.236	-0.113
SPAC11H11.02c	mug162	viable	V	0.0	0.513	1.008	1.28	0.144	1.248	1.257
SPAC11H11.03c	SPAC11H11.03c	viable	V	0.0	-0.067	-0.382	0.178	0.204	0.047	0.036
SPAC11H11.04	mam2	viable	V	0.0	0.149	0.104	0.948	0.774	0.321	0.51
SPAC11H11.05c	fta6	viable	V	0.0	0.272	0.513	0.238	0.414	0.114	0.048
SPAC11H11.06	arp2	inviable	E	0.0	1.457	2.563	2.545	3.176	3.176	2.894
SPAC1250.01	snf21	inviable	E	0.0	0.916	2.127	3.419	4.299	4.374	4.435
SPAC1250.02	mug95	viable	V	0.0	-0.379	0.041	0.001	0.547	-0.081	-0.031
SPAC1250.03	ubc14	viable	V	0.0	0.554	0.093	0.738	-0.053	0.55	-0.397
SPAC1250.05	rpl3002	viable	V	0.0	-0.134	0.119	0.347	0.659	1.07	0.867
SPAC1296.01c	SPAC1296.01c	viable	V	0.0	-0.416	-0.653	0.309	0.282	0.578	0.528
SPAC1296.02	cox4	viable	V	0.0	0.41	0.398	0.843	0.867	0.886	1.365
SPAC1296.03c	sxa2	viable	V	0.0	-0.537	-0.164	-0.6	-0.812	-0.912	-0.814
SPAC1296.04	mug65	viable	V	0.0	0.097	0.129	0.071	0.233	0.135	-0.455
SPAC1296.05c	lcp1	viable	V	0.0	-0.043	-0.095	-0.06	-0.027	-0.054	-0.082
SPAC1296.06	tah18	viable	V	0.0	0.745	2.437	4.102	4.384	5.029	4.506
SPAC12B10.01c	hul6	viable	V	0.0	0.063	0.091	0.378	0.469	0.141	0.367
SPAC12B10.02c	sdg1	condition-dependent	E	0.0	-0.8	-0.241	1.072	0.068	0.302	0.127
SPAC12B10.03	bun62	viable	V	0.0	0.007	0.022	0.102	0.37	0.747	0.179
SPAC12B10.04	pby1	viable	V	0.0	0.112	0.211	0.408	0.359	0.638	0.989
SPAC12B10.05	icp55	viable	V	0.0	0.236	0.374	0.658	1.306	0.686	0.698
SPAC12B10.06c	sdh5	viable	V	0.0	0.048	0.169	0.461	0.045	0.172	0.283
SPAC12B10.07	acp1	viable	V	0.0	-0.062	0.587	0.901	0.606	0.657	0.8
SPAC12B10.08c	til1	inviable	E	0.0	0.195	0.165	0.905	1.949	3.419	3.795
SPAC12B10.09	pet801	viable	V	0.0	0.031	0.059	-0.002	0.254	0.314	0.502
SPAC12B10.10	nod1	viable	V	0.0	-0.025	0.958	0.953	0.078	0.396	0.675
SPAC12B10.11	exg2	viable	V	0.0	0.147	0.327	0.115	0.518	0.772	0.842
SPAC12B10.12c	rhp41	viable	V	0.0	-0.102	-0.064	0.62	0.76	1.109	1.278
SPAC12B10.13	gid8	viable	V	0.0	-0.324	-0.459	-0.77	-0.496	-0.003	0.229
SPAC12B10.14c	tea5	viable	V	0.0	0.978	1.069	1.199	1.17	1.541	1.092
SPAC12B10.16c	mug157	viable	V	0.0	-0.462	-0.08	-0.194	-0.559	-0.53	-0.451
SPAC12G12.01c	sea4	viable	V	0.0	-0.415	0.124	-0.26	0.275	0.277	-0.084
SPAC12G12.02	efg1	inviable	E	0.0	1.92	3.631	4.166	4.269	4.145	4.476
SPAC12G12.03	cip2	viable	V	0.0	0.2	0.376	0.665	0.629	0.994	1.038
SPAC12G12.04	mcp60	inviable	E	0.0	1.126	3.214	3.985	3.867	3.961	4.222
SPAC12G12.05c	taf9	inviable	E	0.0	0.112	0.035	-0.069	0.09	0.008	0.168
SPAC12G12.06c	rcl1	inviable	E	0.0	1.814	3.356	4.374	4.412	4.363	4.176
SPAC12G12.07c	cpn1	viable	V	0.0	0.158	0.081	0.368	0.126	0.819	0.923
SPAC12G12.08	mrpl6	inviable	E	0.0	0.377	1.047	2.452	1.871	2.178	2.51
SPAC12G12.09	eti1	viable	V	0.0	-0.146	0.322	0.509	0.714	0.928	0.665
SPAC12G12.10	wdr21	viable	V	0.0	-0.084	1.757	2.134	1.408	1.181	0.491
SPAC12G12.11c	miy1	viable	V	0.0	-1.171	-0.255	-1.369	-0.724	-1.09	-1.304
SPAC12G12.12	gms2	viable	V	0.0	-0.019	0.207	0.459	0.388	0.282	0.238
SPAC12G12.13c	cid14	viable	V	0.0	1.504	2.855	3.449	3.743	4.022	3.973
SPAC12G12.14c	pfs2	inviable	E	0.0	0.607	2.031	3.608	4.055	3.595	3.518
SPAC12G12.15	sif3	viable	V	0.0	0.236	0.565	0.778	0.521	0.717	0.916
SPAC12G12.16c	SPAC12G12.16c	viable	V	0.0	0.058	0.034	0.426	1.083	2.22	3.69
SPAC12G12.17	nce101	unknown	Not_determined	0.0	0.042	0.641	0.128	0.283	0.178	0.127
SPAC1327.01c	SPAC1327.01c	viable	V	0.0	-0.17	-0.466	-0.284	-0.35	-0.262	-0.597
SPAC139.01c	mkt1	viable	V	0.0	0.006	0.588	0.096	0.163	0.044	0.184
SPAC139.02c	oac1	viable	V	0.0	-0.005	-0.029	-0.562	-0.32	-0.161	-0.268
SPAC139.03	toe2	viable	V	0.0	-0.261	-0.296	-0.612	-0.392	-0.455	-0.747
SPAC139.04c	fap2	viable	V	0.0	-0.14	0.449	1.026	0.435	-0.588	0.65
SPAC139.05	ssd2	viable	V	0.0	0.339	0.281	0.439	0.344	0.23	0.592
SPAC139.06	hat1	viable	V	0.0	-0.088	0.136	0.297	0.301	0.552	0.71
SPAC1399.01c	SPAC1399.01c	viable	V	0.0	0.378	0.082	0.163	-0.117	-0.451	-0.352
SPAC1399.02	SPAC1399.02	viable	V	0.0	0.223	-0.279	-0.039	0.122	0.281	0.249
SPAC1399.03	fur4	viable	V	0.0	-0.065	0.061	-0.278	-0.664	-0.486	-0.422
SPAC1399.04c	uck2	viable	V	0.0	-0.125	-0.509	-0.345	-0.402	-0.277	-0.262
SPAC1399.05c	toe1	viable	V	0.0	-0.094	-0.378	0.074	-0.164	-0.141	0.02
SPAC13A11.01c	rga8	viable	V	0.0	-0.047	-0.281	-0.036	0.462	0.258	0.773
SPAC13A11.02c	erg11	inviable	E	0.0	2.239	3.633	4.147	4.554	4.714	5.304
SPAC13A11.03	mcp7	viable	V	0.0	0.009	-0.067	0.665	0.285	-0.16	0.129
SPAC13A11.04c	ubp8	viable	V	0.0	0.039	0.082	0.075	0.53	0.75	1.216
SPAC13A11.05	ysp2	viable	V	0.0	-0.048	-0.111	0.366	0.577	0.17	0.284
SPAC13A11.06	pdc202	viable	V	0.0	0.08	0.323	-0.024	-0.233	0.285	-0.296
SPAC13C5.01c	pre9	viable	V	0.0	1.944	3.049	3.479	3.736	3.94	4.117
SPAC13C5.02	dre4	viable	V	0.0	0.159	0.71	1.625	2.729	3.502	4.093
SPAC13C5.03	tht1	viable	V	0.0	0.085	0.132	0.166	0.199	0.148	0.267
SPAC13C5.04	SPAC13C5.04	viable	V	0.0	0.299	0.102	0.134	0.22	0.579	0.405
SPAC13C5.05c	SPAC13C5.05c	viable	V	0.0	0.326	2.253	3.602	4.123	4.391	4.373
SPAC13C5.06c	mug121	viable	V	0.0	-0.453	0.455	0.025	-1.071	-1.414	-0.638
SPAC13C5.07	mre11	viable	V	0.0	0.322	1.034	2.169	3.077	3.681	3.719
SPAC13D1.01c	Tf2-7	unknown	Not_determined	0.0	0.817	0.781	-0.206	0.698	0.198	-0.868
SPAC13D6.01	pof14	viable	V	0.0	0.957	0.99	0.08	0.73	0.821	1.011
SPAC13D6.03c	trm9	viable	V	0.0	0.064	0.213	0.709	0.729	0.915	1.303
SPAC13D6.04c	btb3	viable	V	0.0	1.141	1.864	1.261	0.739	2.802	1.388
SPAC13D6.05	alp11	inviable	E	0.0	0.324	1.445	2.587	3.646	3.4	3.961
SPAC13F5.01c	msh1	viable	V	0.0	0.147	0.097	-0.161	0.008	-0.031	0.183
SPAC13F5.02c	taf7	inviable	E	0.0	0.578	3.068	4.751	5.014	4.79	4.941
SPAC13F5.03c	gld1	viable	V	0.0	0.261	-0.144	0.0	-0.253	0.488	0.36
SPAC13F5.04c	vta1	viable	V	0.0	0.521	1.286	2.536	2.473	1.254	0.72
SPAC13F5.05	mpd1	viable	V	0.0	1.626	1.577	-0.153	0.73	0.832	2.185
SPAC13F5.06c	sec10	inviable	E	0.0	1.133	3.407	4.289	4.983	4.835	4.654
SPAC13F5.07c	hpz2	viable	V	0.0	-0.274	0.713	1.405	1.561	-0.165	0.444
SPAC13G6.01c	rad8	viable	V	0.0	0.272	0.196	0.298	0.504	0.295	0.344
SPAC13G6.02c	rps101	viable	V	0.0	0.841	1.388	2.187	2.454	3.173	3.765
SPAC13G6.03	gpi7	viable	V	0.0	-0.149	0.004	-0.168	-0.632	-0.357	-0.268
SPAC13G6.04	tim8	viable	V	0.0	0.577	0.296	0.173	0.953	0.84	1.152
SPAC13G6.05c	trs33	inviable	E	0.0	0.201	1.872	3.302	4.538	4.242	4.831
SPAC13G6.06c	gcv2	viable	V	0.0	-0.052	-0.169	-0.284	-0.273	-0.096	-0.185
SPAC13G6.07c	rps601	viable	V	0.0	1.066	2.115	2.859	3.166	3.559	3.452
SPAC13G6.08	fzr2	viable	V	0.0	-0.01	-0.025	-0.093	-0.239	-0.144	-0.121
SPAC13G6.09	tsr402	viable	V	0.0	1.116	2.5	2.911	3.57	4.605	4.342
SPAC13G6.10c	asl1	viable	V	0.0	0.423	0.136	1.254	1.333	1.3	1.981
SPAC13G6.11c	erg12	inviable	E	0.0	1.681	3.566	4.12	3.765	3.881	3.971
SPAC13G6.12c	chs1	viable	V	0.0	-0.085	0.004	0.168	-0.027	0.307	0.43
SPAC13G6.13	SPAC13G6.13	viable	V	0.0	0.221	0.766	0.527	0.124	1.261	0.731
SPAC13G6.14	aps1	viable	V	0.0	0.313	0.475	0.378	0.28	0.102	0.425
SPAC13G7.01c	erg7	inviable	E	0.0	1.477	3.327	4.265	4.608	4.654	4.561
SPAC13G7.02c	ssa1	viable	V	0.0	0.128	0.253	0.246	0.185	0.275	0.203
SPAC13G7.04c	mac1	viable	V	0.0	0.232	-0.078	0.068	0.013	0.395	0.544
SPAC13G7.05	are1	viable	V	0.0	0.386	-0.394	0.129	-0.102	-0.332	-0.118
SPAC13G7.06	met16	viable	V	0.0	0.59	1.01	0.808	1.72	1.125	0.76
SPAC13G7.07	arb2	viable	V	0.0	0.616	-0.218	0.37	0.906	0.466	0.477
SPAC13G7.08c	crb3	inviable	E	0.0	0.896	2.367	3.941	3.791	4.214	4.227
SPAC13G7.09c	SPAC13G7.09c	viable	V	0.0	0.215	-0.207	0.683	0.932	0.389	-0.225
SPAC13G7.10	teb1	inviable	E	0.0	1.43	2.415	4.261	3.297	3.893	4.261
SPAC13G7.11	mba1	viable	V	0.0	0.109	0.246	-0.003	0.197	0.185	0.045
SPAC13G7.12c	eki1	viable	V	0.0	0.314	0.03	1.153	1.043	0.713	1.17
SPAC13G7.13c	msa1	viable	V	0.0	1.373	0.086	-0.276	1.22	1.34	1.265
SPAC140.01	sdh2	viable	V	0.0	-0.284	-0.797	1.452	0.367	1.452	-0.251
SPAC140.02	gar2	viable	V	0.0	0.705	1.365	2.185	3.355	4.355	4.355
SPAC140.03	arb1	viable	V	0.0	0.024	0.089	0.336	0.404	0.593	0.701
SPAC140.04	ctr1	viable	V	0.0	0.109	0.179	0.453	0.633	0.777	1.188
SPAC1420.01c	mks1	viable	V	0.0	-0.24	-0.012	0.224	-0.276	-0.243	-0.338
SPAC1420.02c	cct5	inviable	E	0.0	2.026	3.35	3.755	3.828	3.333	4.097
SPAC144.01	SPAC144.01	viable	V	0.0	0.315	0.852	0.446	1.33	1.473	1.183
SPAC144.02	iec1	viable	V	0.0	0.15	0.39	0.911	1.081	1.434	1.788
SPAC144.03	ade2	viable	V	0.0	-0.018	-0.377	0.204	0.224	0.349	0.753
SPAC144.04c	spe1	viable	V	0.0	0.059	0.373	0.589	0.68	0.972	0.995
SPAC144.05	irc20	viable	V	0.0	0.053	0.876	0.899	0.935	0.939	1.12
SPAC144.06	apl5	viable	V	0.0	0.209	0.277	0.397	0.818	0.837	1.615
SPAC144.07c	gpn2	inviable	E	0.0	0.986	3.693	4.31	4.174	4.383	4.104
SPAC144.08	jac1	condition-dependent	E	0.0	0.092	1.207	2.343	3.672	4.026	4.007
SPAC144.09c	sfc2	inviable	E	0.0	1.108	1.974	4.27	3.878	4.419	4.594
SPAC144.10c	gwt1	inviable	E	0.0	1.266	3.103	4.085	4.283	4.385	4.449
SPAC144.11	rps1102	viable	V	0.0	0.862	1.473	2.244	2.39	2.522	2.858
SPAC144.12	rki1	inviable	E	0.0	2.183	3.38	5.109	4.977	5.849	5.883
SPAC144.13c	srw1	viable	V	0.0	1.307	2.58	3.0	3.346	3.643	2.957
SPAC144.14	klp8	viable	V	0.0	0.228	-0.015	0.006	-0.003	0.463	0.072
SPAC144.15c	cog1	inviable	E	0.0	1.763	3.264	4.213	4.287	4.237	4.21
SPAC144.16	cia2	inviable	E	0.0	1.175	3.617	3.034	4.535	3.598	3.67
SPAC144.17c	SPAC144.17c	viable	V	0.0	0.108	-0.025	0.62	1.27	1.345	0.741
SPAC144.18	vrg4	inviable	E	0.0	-0.275	0.895	2.258	3.784	5.589	4.732
SPAC144.19	prl46	viable	Not_determined	0.0	1.077	0.458	0.679	0.844	1.075	1.12
SPAC1486.01	sod2	viable	V	0.0	-0.307	-0.606	0.545	0.312	0.807	0.728
SPAC1486.02c	dsc2	viable	V	0.0	0.514	1.374	1.375	0.982	0.88	1.083
SPAC1486.03c	ntr1	inviable	E	0.0	1.563	3.033	3.853	4.23	4.545	4.111
SPAC1486.04c	alm1	viable	V	0.0	0.208	0.719	1.873	2.778	3.242	3.616
SPAC1486.05	nup189	inviable	E	0.0	1.265	2.667	3.492	3.657	3.662	3.604
SPAC1486.06	npt1	inviable	E	0.0	2.538	3.414	4.071	3.984	3.657	3.921
SPAC1486.07c	mrpl19	inviable	E	0.0	-0.042	0.919	0.968	4.847	3.347	3.983
SPAC1486.08	cox16	viable	V	0.0	0.122	0.394	0.782	0.767	0.46	0.966
SPAC1486.09	nob1	inviable	E	0.0	1.114	2.723	2.713	2.91	2.984	2.733
SPAC1486.10	thi1	viable	V	0.0	0.134	0.154	0.505	0.63	0.212	0.433
SPAC1486.11	fmc1	viable	Not_determined	0.0	0.138	0.288	0.265	0.527	0.62	0.883
SPAC14C4.01c	atg43	viable	V	0.0	0.014	0.11	0.165	1.0	1.863	3.265
SPAC14C4.02c	smc5	inviable	E	0.0	0.417	2.177	3.862	4.192	4.066	4.262
SPAC14C4.03	mek1	viable	V	0.0	-0.256	1.055	0.625	1.529	0.625	1.128
SPAC14C4.04	SPAC14C4.04	viable	V	0.0	-0.277	0.409	0.236	-0.509	0.691	-0.673
SPAC14C4.05c	man1	viable	V	0.0	0.12	-0.043	0.176	0.093	0.196	0.004
SPAC14C4.06c	nab2	viable	V	0.0	0.282	0.813	2.039	2.395	2.927	3.499
SPAC14C4.07	SPAC14C4.07	viable	V	0.0	-0.133	-0.065	-0.015	-0.08	0.247	0.086
SPAC14C4.08	mug5	viable	V	0.0	0.063	-0.167	0.155	-0.132	-0.148	0.327
SPAC14C4.09	agn1	viable	V	0.0	-0.514	-0.051	0.414	0.169	-0.237	-0.239
SPAC14C4.10c	SPAC14C4.10c	viable	V	0.0	0.291	-0.149	0.569	-0.15	-0.054	0.071
SPAC14C4.11	vtc2	viable	V	0.0	0.147	0.235	0.573	0.808	0.792	0.838
SPAC14C4.12c	laf1	viable	V	0.0	-0.23	0.009	0.146	0.807	0.444	0.722
SPAC14C4.13	rad17	viable	V	0.0	-0.041	-0.033	0.395	0.549	0.827	1.163
SPAC14C4.14	atp1	viable	V	0.0	0.204	0.706	1.03	1.408	1.41	1.829
SPAC14C4.15c	dpp1	viable	V	0.0	-0.754	-0.632	-1.175	-0.969	-1.024	-1.611
SPAC14C4.16	dad3	viable	V	0.0	-0.125	0.008	0.322	0.545	1.055	1.69
SPAC1527.01	mok11	viable	V	0.0	0.383	0.26	0.449	0.248	0.084	0.214
SPAC1527.02	sft2	viable	V	0.0	-0.461	0.19	1.127	1.699	2.787	2.689
SPAC1527.03	slr1	viable	V	0.0	0.402	-1.015	1.592	-1.378	0.625	0.431
SPAC1556.01c	rad50	viable	V	0.0	0.376	1.373	2.723	3.574	4.029	4.132
SPAC1556.02c	sdh1	viable	V	0.0	0.097	0.042	0.329	0.096	0.041	0.005
SPAC1556.03	azr1	viable	V	0.0	-0.38	-0.33	-0.641	-0.609	-0.997	-0.406
SPAC1556.04c	cdd1	viable	V	0.0	-0.252	0.098	0.185	0.489	0.061	0.015
SPAC1556.05c	cgr1	viable	V	0.0	1.332	2.749	3.858	4.747	4.457	4.797
SPAC1556.06	meu1	viable	V	0.0	0.443	0.917	0.689	0.567	0.718	0.621
SPAC1556.07	pmm1	inviable	E	0.0	2.174	2.789	2.789	2.789	2.789	2.789
SPAC1556.08c	cbs2	viable	V	0.0	0.293	0.141	0.745	0.754	1.083	1.263
SPAC1565.01	rcf2	viable	V	0.0	0.139	0.228	0.369	0.349	0.447	0.502
SPAC1565.02c	rga10	viable	V	0.0	1.391	1.52	1.274	2.227	0.729	0.984
SPAC1565.03	SPAC1565.03	viable	V	0.0	-0.671	-0.493	0.688	0.428	0.814	0.661
SPAC1565.04c	ste4	viable	V	0.0	0.274	1.074	1.143	0.774	1.178	1.081
SPAC1565.05	utp8	inviable	E	0.0	1.983	3.167	3.714	4.021	3.807	3.883
SPAC1565.06c	spg1	inviable	E	0.0	0.392	3.44	3.972	4.357	4.357	4.357
SPAC1565.07c	knd1	viable	V	0.0	-0.005	0.509	0.598	0.665	0.603	0.904
SPAC1565.08	cdc48	inviable	E	0.0	1.509	2.997	4.144	3.737	4.001	3.879
SPAC15A10.01	atm1	condition-dependent	E	0.0	-0.049	0.138	2.203	3.72	4.281	4.382
SPAC15A10.02	taf12	inviable	E	0.0	1.17	1.67	3.012	3.646	3.25	3.646
SPAC15A10.03c	rad54	viable	V	0.0	0.696	2.031	2.822	3.369	3.228	3.475
SPAC15A10.04c	zpr1	inviable	E	0.0	1.604	3.079	3.971	3.788	3.873	3.962
SPAC15A10.05c	mug182	viable	V	0.0	0.135	0.362	0.103	0.229	0.074	0.118
SPAC15A10.06	nhx1	viable	V	0.0	0.112	0.316	0.352	0.465	0.868	0.784
SPAC15A10.07	SPAC15A10.07	viable	V	0.0	0.053	-0.094	0.088	0.294	0.427	0.288
SPAC15A10.08	ain1	viable	V	0.0	1.235	1.579	0.356	2.053	1.149	0.702
SPAC15A10.09c	pun1	viable	V	0.0	-0.119	-0.037	0.095	0.363	0.439	0.116
SPAC15A10.10	mde6	viable	V	0.0	-0.067	0.118	0.09	0.186	0.257	-0.036
SPAC15A10.11	ubr11	viable	V	0.0	0.049	0.406	0.585	0.707	0.825	0.7
SPAC15A10.12c	tca17	inviable	E	0.0	-0.074	1.585	3.402	4.234	4.4	4.738
SPAC15A10.13	ppk3	viable	V	0.0	-0.209	0.839	0.417	1.345	0.693	1.058
SPAC15A10.15	sgo2	viable	V	0.0	0.574	-0.043	0.437	0.116	0.216	1.742
SPAC15A10.16	bud6	viable	V	0.0	-0.011	0.33	0.352	0.394	0.343	0.533
SPAC15E1.02c	SPAC15E1.02c	viable	V	0.0	-0.353	-0.271	0.924	0.459	1.06	0.446
SPAC15E1.04	hal3	viable	V	0.0	1.432	3.137	3.406	3.086	2.963	3.22
SPAC15E1.05c	ect1	viable	V	0.0	-0.163	-0.284	-0.181	-0.696	0.091	-0.08
SPAC15E1.06	vps29	viable	V	0.0	0.271	0.848	0.895	0.922	1.353	1.593
SPAC15E1.07c	moa1	viable	V	0.0	-0.353	0.557	1.059	0.958	0.097	1.18
SPAC15E1.08	naa10	inviable	E	0.0	0.18	0.573	1.944	3.022	3.565	4.18
SPAC15E1.09	grx2	viable	V	0.0	0.607	0.055	-0.692	-0.1	0.008	0.3
SPAC15E1.10	fub1	viable	V	0.0	-0.048	-0.568	-0.424	-0.077	-0.48	-0.972
SPAC15F9.01c	glm1	viable	V	0.0	0.0	-0.422	-1.369	-0.402	-0.29	0.499
SPAC15F9.02	seh1	viable	V	0.0	0.151	-0.188	0.381	0.29	0.545	0.72
SPAC15F9.03c	nxt2	inviable	E	0.0	1.624	3.373	4.398	4.377	4.634	4.563
SPAC16.01	rho2	viable	V	0.0	-0.04	0.285	0.788	0.532	0.71	0.519
SPAC16.02c	srp2	inviable	E	0.0	0.887	1.785	2.804	3.147	3.096	3.398
SPAC16.03c	ura2	viable	V	0.0	0.415	0.414	0.654	0.802	1.367	1.961
SPAC16.04	dus3	viable	V	0.0	-0.086	0.749	0.713	0.068	1.072	0.566
SPAC16.05c	sfp1	viable	V	0.0	0.552	1.323	1.549	1.909	2.498	2.446
SPAC1610.01	saf5	viable	V	0.0	0.293	-0.035	0.936	2.791	3.326	3.885
SPAC1610.02c	mrpl1	viable	V	0.0	-0.004	0.293	0.768	1.88	2.333	3.362
SPAC1610.03c	crp79	viable	V	0.0	-0.151	-0.318	-0.461	-0.435	-0.474	-0.547
SPAC1610.04	mmc1	viable	V	0.0	-0.045	0.87	0.518	0.212	1.299	1.145
SPAC1635.01	por1	viable	V	0.0	1.023	0.349	0.636	0.866	1.268	1.856
SPAC1639.01c	elo1	viable	V	0.0	0.454	0.276	0.356	0.618	0.308	0.585
SPAC1639.02c	trk2	viable	V	0.0	0.061	0.038	-0.198	0.175	-0.133	0.253
SPAC167.01	ire1	viable	V	0.0	-0.221	-0.229	0.307	-0.049	0.156	-0.278
SPAC167.02	ptb1	inviable	E	0.0	1.67	3.218	3.74	3.625	3.95	3.82
SPAC167.03c	snu66	inviable	E	0.0	2.191	4.219	4.345	4.107	4.128	4.092
SPAC167.04	pam17	viable	V	0.0	0.058	-0.178	-0.269	0.531	-0.066	0.072
SPAC167.05	dbs2	viable	V	0.0	0.037	0.021	0.337	0.659	0.7	0.852
SPAC167.07c	hul5	viable	V	0.0	0.107	0.367	0.609	1.02	0.882	0.642
SPAC167.08	Tf2-2	unknown	Not_determined	0.0	1.502	1.973	1.461	1.93	1.945	0.856
SPAC167.09	pga1	unknown	Not_determined	0.0	0.922	3.348	4.512	4.773	4.637	4.608
SPAC1687.01	rpc19	inviable	E	0.0	2.397	4.077	4.994	3.994	4.994	3.203
SPAC1687.02	rce1	inviable	E	0.0	-0.17	0.473	2.917	3.478	4.532	4.551
SPAC1687.03c	rfc4	inviable	E	0.0	0.291	1.942	3.254	3.704	4.128	3.874
SPAC1687.04	mcb1	inviable	E	0.0	1.563	3.103	3.513	4.235	4.085	4.095
SPAC1687.05	pli1	viable	V	0.0	0.087	0.526	1.016	1.261	1.887	2.174
SPAC1687.06c	rpl44	viable	V	0.0	0.103	-0.173	0.243	-0.289	-0.015	-0.017
SPAC1687.08	SPAC1687.08	viable	V	0.0	0.076	0.983	0.553	0.457	1.52	-0.296
SPAC1687.09	irs4	viable	V	0.0	0.131	0.761	0.608	0.931	0.63	1.587
SPAC1687.10	mcp1	viable	V	0.0	0.123	0.076	0.362	0.291	0.4	0.344
SPAC1687.11	spb1	inviable	E	0.0	1.721	2.852	3.716	3.504	3.704	3.602
SPAC1687.12c	coq4	condition-dependent	V	0.0	0.44	-0.098	0.399	0.436	0.679	1.769
SPAC1687.13c	csn5	viable	V	0.0	0.271	0.723	0.735	1.151	0.57	1.563
SPAC1687.15	gsk3	viable	V	0.0	-0.069	1.284	0.48	0.838	0.498	0.456
SPAC1687.16c	erg31	viable	V	0.0	0.214	0.355	0.384	0.142	0.179	0.519
SPAC1687.17c	SPAC1687.17c	viable	V	0.0	0.115	0.919	0.584	0.215	1.12	0.211
SPAC1687.18c	ssl3	inviable	E	0.0	0.487	1.658	3.21	3.305	3.345	3.845
SPAC1687.19c	qtr1	viable	V	0.0	0.7	0.357	0.178	0.294	0.576	0.43
SPAC1687.20c	mis6	inviable	E	0.0	0.035	0.979	2.739	3.849	3.786	3.859
SPAC1687.21	SPAC1687.21	viable	V	0.0	-0.274	0.421	0.325	0.625	0.839	1.276
SPAC1687.22c	puf3	viable	V	0.0	0.241	-0.165	-0.578	-0.379	-0.572	-0.64
SPAC1687.23c	SPAC1687.23c	viable	V	0.0	0.229	0.278	-0.28	0.03	0.92	0.934
SPAC16A10.01	SPAC16A10.01	viable	V	0.0	-0.057	-0.077	-0.188	-0.132	-0.068	-0.024
SPAC16A10.02	sub1	viable	V	0.0	0.057	-0.33	0.311	0.226	-0.229	-0.538
SPAC16A10.03c	SPAC16A10.03c	viable	V	0.0	0.082	-0.022	0.223	0.163	0.327	0.307
SPAC16A10.04	rho4	viable	V	0.0	-0.131	0.226	0.216	0.084	0.216	0.47
SPAC16A10.06c	nse2	inviable	E	0.0	0.047	1.218	2.528	3.756	4.02	4.271
SPAC16A10.07c	taz1	viable	V	0.0	0.084	0.298	0.43	0.637	0.554	0.764
SPAC16A10.08c	mug74	unknown	Not_determined	0.0	0.247	0.391	0.63	0.746	1.24	0.828
SPAC16C9.01c	SPAC16C9.01c	viable	V	0.0	-0.143	0.013	0.101	-0.139	-0.273	-0.306
SPAC16C9.02c	mta1	viable	V	0.0	0.059	0.84	1.025	2.192	2.35	2.477
SPAC16C9.03	nmd3	inviable	E	0.0	2.05	3.483	3.86	3.855	3.733	3.962
SPAC16C9.04c	mot2	viable	V	0.0	0.104	0.732	1.608	2.697	2.587	2.918
SPAC16C9.05	cph1	condition-dependent	V	0.0	0.242	0.541	1.252	0.879	0.694	0.843
SPAC16C9.06c	upf1	viable	V	0.0	0.033	-0.092	0.352	0.302	0.61	0.863
SPAC16C9.07	pom2	viable	V	0.0	0.176	0.599	0.484	0.792	0.69	0.661
SPAC16E8.01	shd1	viable	V	0.0	-0.6	-0.226	0.028	0.286	1.04	0.313
SPAC16E8.04c	aro7	inviable	E	0.0	1.488	3.582	4.828	4.208	4.505	4.41
SPAC16E8.05c	SPAC16E8.05c	viable	V	0.0	1.648	-0.134	0.31	0.529	0.31	0.738
SPAC16E8.06c	nop12	viable	V	0.0	-0.001	0.197	1.493	0.926	0.828	0.23
SPAC16E8.07c	vph1	inviable	E	0.0	1.468	2.406	3.899	3.793	4.639	5.091
SPAC16E8.08	pos1	viable	V	0.0	-0.084	-0.078	-0.119	-0.364	-0.357	-0.296
SPAC16E8.09	scd1	viable	V	0.0	0.074	0.171	0.594	0.872	1.098	1.566
SPAC16E8.10c	rsm7	inviable	E	0.0	0.282	1.372	3.337	3.818	4.18	4.219
SPAC16E8.11c	tfb1	inviable	E	0.0	0.712	2.616	3.93	4.428	4.331	4.442
SPAC16E8.12c	png3	viable	V	0.0	-0.091	0.056	0.352	0.346	0.27	0.346
SPAC16E8.13	SPAC16E8.13	viable	V	0.0	-0.111	0.218	0.153	0.332	0.357	0.331
SPAC16E8.14c	tae1	viable	V	0.0	0.191	0.507	-0.481	-0.606	0.149	0.804
SPAC16E8.15	tif45	inviable	E	0.0	1.845	3.433	3.833	3.994	4.074	4.011
SPAC16E8.16	sua7	inviable	E	0.0	2.123	2.572	2.426	2.679	2.612	2.663
SPAC16E8.17c	sca1	viable	V	0.0	-0.037	0.006	1.217	-0.471	0.739	0.517
SPAC16E8.18	SPAC16E8.18	viable	V	0.0	0.289	0.0	0.325	0.068	0.139	0.052
SPAC16E8.18c	tam5	unknown	Not_determined	0.0	0.547	0.079	0.494	0.573	0.573	0.147
SPAC1705.02	SPAC1705.02	viable	V	0.0	0.998	-0.94	-0.577	-1.094	-0.42	-0.446
SPAC1705.03c	ecm33	viable	V	0.0	0.075	0.325	0.691	1.132	1.535	1.964
SPAC1751.01c	gti1	viable	V	0.0	-0.036	-0.016	-0.288	-0.107	-0.035	-0.04
SPAC1751.02c	rsm19	inviable	E	0.0	0.332	1.104	3.277	4.421	4.381	4.65
SPAC1751.03	tif313	inviable	E	0.0	1.214	1.737	2.145	2.362	2.362	2.362
SPAC1751.04	loc1	viable	V	0.0	0.093	0.043	0.21	0.216	0.007	0.268
SPAC1782.01	ecm29	viable	V	0.0	0.08	0.004	0.159	-0.048	-0.217	-0.294
SPAC1782.02c	SPAC1782.02c	viable	V	0.0	-0.138	-0.163	0.212	0.481	1.139	0.054
SPAC1782.03	saf3	inviable	E	0.0	1.611	3.742	4.328	4.577	5.015	5.241
SPAC1782.04	cox24	viable	V	0.0	-0.131	0.339	-0.316	0.183	0.541	0.241
SPAC1782.05	ypa2	viable	V	0.0	0.128	0.63	1.526	2.257	2.968	3.619
SPAC1782.06c	phb1	viable	V	0.0	0.145	0.187	0.516	0.322	0.474	0.458
SPAC1782.07	qcr8	viable	V	0.0	0.212	0.526	0.68	0.71	1.103	1.566
SPAC1782.08c	rex3	viable	V	0.0	-0.109	0.241	0.162	-0.055	0.063	0.163
SPAC1782.09c	clp1	viable	V	0.0	-0.231	-0.152	-0.593	-0.203	-0.249	-0.273
SPAC1782.11	met14	viable	V	0.0	0.458	0.768	0.667	0.898	0.513	0.897
SPAC1782.12c	SPAC1782.12c	viable	V	0.0	-0.242	0.128	0.089	0.104	0.844	0.783
SPAC1783.01	SPAC1783.01	viable	V	0.0	0.84	-0.599	-0.215	-0.983	-0.815	-0.942
SPAC1783.02c	vps66	viable	V	0.0	0.411	0.706	1.408	1.964	2.72	3.52
SPAC1783.03	fta2	inviable	E	0.0	0.226	1.491	2.654	3.73	3.987	4.302
SPAC1783.04c	hst4	viable	V	0.0	0.572	1.01	2.117	2.799	3.133	3.282
SPAC1783.05	hrp1	viable	V	0.0	-0.37	-0.043	0.613	0.135	0.405	0.858
SPAC1783.06c	atg12	viable	V	0.0	0.149	-0.06	0.008	-0.08	-0.132	0.078
SPAC1783.07c	pap1	viable	V	0.0	0.433	-0.221	0.236	-0.499	0.415	-0.331
SPAC1786.01c	ptl2	viable	V	0.0	0.383	-0.625	-0.371	-0.414	-0.397	-0.417
SPAC1786.02	plb2	viable	V	0.0	1.698	1.698	0.198	1.698	1.698	1.698
SPAC1786.04	SPAC1786.04	viable	V	0.0	-0.071	1.108	1.099	0.294	1.054	2.46
SPAC17A2.01	bsu1	viable	V	0.0	0.077	0.348	0.287	0.205	0.143	0.067
SPAC17A2.02c	tlc4	viable	V	0.0	0.258	-0.232	-0.244	-0.283	-0.215	-0.225
SPAC17A2.03c	vma6	inviable	E	0.0	0.939	1.764	3.086	3.231	3.821	3.863
SPAC17A2.04c	cns1	inviable	E	0.0	1.793	3.002	4.274	4.598	4.754	4.29
SPAC17A2.05	osm1	viable	V	0.0	-0.108	-0.297	-0.362	-0.595	-0.235	-0.136
SPAC17A2.06c	vps8	viable	V	0.0	-0.074	0.415	0.395	0.361	0.356	0.494
SPAC17A2.07c	SPAC17A2.07c	viable	V	0.0	0.102	0.189	-0.029	0.025	0.911	-0.218
SPAC17A2.08c	ntr2	condition-dependent	E	0.0	1.159	2.73	3.576	3.774	3.97	4.242
SPAC17A2.09c	csx1	viable	V	0.0	-0.194	0.036	0.312	0.549	0.444	0.237
SPAC17A2.10c	SPAC17A2.10c	viable	V	0.0	0.282	0.0	-0.225	0.078	0.444	0.097
SPAC17A2.12	rrp1	viable	V	0.0	0.125	-0.211	-0.054	-0.046	-0.123	-0.281
SPAC17A2.13c	rad25	viable	V	0.0	-0.002	0.063	-0.112	-0.011	-0.106	-0.357
SPAC17A2.14	mnr2	viable	V	0.0	0.414	0.674	0.667	0.672	1.227	0.208
SPAC17A5.01	pex6	viable	V	0.0	-0.037	-0.197	-0.125	-0.012	-0.239	-0.205
SPAC17A5.02c	dbr1	viable	V	0.0	0.165	0.785	1.05	1.859	2.6	3.44
SPAC17A5.04c	mde10	viable	V	0.0	0.649	0.88	2.704	0.774	0.284	1.848
SPAC17A5.05c	SPAC17A5.05c	viable	V	0.0	0.728	-0.133	0.547	0.56	0.783	1.438
SPAC17A5.06	ptr8	inviable	E	0.0	1.933	2.788	3.638	3.716	3.688	3.878
SPAC17A5.07c	ulp2	condition-dependent	V	0.0	0.545	0.987	2.01	2.977	3.342	3.584
SPAC17A5.08	erp2	viable	V	0.0	0.006	-0.186	-0.136	-0.159	0.223	-0.054
SPAC17A5.09c	glc8	viable	V	0.0	0.255	0.016	0.002	0.025	0.029	0.282
SPAC17A5.11	rec12	viable	V	0.0	-0.867	-0.602	-0.978	-0.66	-0.819	-0.055
SPAC17A5.12	ucp7	inviable	E	0.0	1.517	3.605	4.487	4.379	5.061	4.888
SPAC17A5.13	fol2	inviable	E	0.0	1.645	3.181	4.449	4.488	4.834	4.684
SPAC17A5.14	exo2	viable	V	0.0	0.85	1.765	2.625	3.539	3.961	4.08
SPAC17A5.15c	gus1	inviable	E	0.0	2.322	3.645	4.254	4.396	4.257	4.228
SPAC17A5.16	hid1	viable	V	0.0	0.302	0.566	0.892	0.975	1.172	1.286
SPAC17A5.18c	rec25	viable	V	0.0	-0.029	-0.443	-0.094	-0.47	-0.687	-0.21
SPAC17A5.19	SPAC17A5.19	viable	Not_determined	0.0	-0.209	-0.011	0.197	0.611	-0.217	-0.213
SPAC17C9.01c	nuc2	inviable	E	0.0	1.4	2.89	3.236	3.836	3.545	3.857
SPAC17C9.02c	lys7	condition-dependent	V	0.0	0.125	0.03	0.114	0.26	0.619	0.303
SPAC17C9.03	tif471	inviable	E	0.0	1.361	2.789	2.784	2.981	2.844	2.846
SPAC17C9.05c	pmc3	viable	V	0.0	0.437	1.099	1.519	1.705	1.712	1.609
SPAC17C9.06	sam50	inviable	E	0.0	0.666	1.927	3.436	3.758	3.442	3.659
SPAC17C9.07	alg8	viable	V	0.0	-0.122	-0.209	-0.118	0.217	0.424	0.756
SPAC17C9.08	pnu1	viable	V	0.0	0.405	0.447	0.682	0.831	0.846	0.795
SPAC17C9.09c	tim13	viable	V	0.0	0.252	1.603	2.047	0.36	2.766	0.532
SPAC17C9.10	stm1	viable	V	0.0	0.981	1.307	1.688	1.485	1.303	1.216
SPAC17C9.11c	SPAC17C9.11c	viable	V	0.0	-0.078	0.213	-0.184	-0.241	-0.331	-0.136
SPAC17C9.12	scs22	viable	V	0.0	-0.086	0.089	0.087	0.223	0.524	0.31
SPAC17C9.13c	cut8	condition-dependent	V	0.0	1.094	2.419	3.595	3.8	4.534	4.324
SPAC17C9.14	pex19	viable	V	0.0	0.097	0.224	0.137	0.236	0.182	0.264
SPAC17C9.16c	mfs1	viable	V	0.0	-0.54	-0.974	-1.007	-1.009	-0.712	-0.706
SPAC17D4.01	pex7	viable	V	0.0	0.326	0.564	0.43	0.226	1.07	1.016
SPAC17D4.02	cdc45	inviable	E	0.0	2.056	3.954	4.827	4.938	5.27	4.983
SPAC17D4.03c	cis4	viable	V	0.0	-0.07	0.639	0.462	0.646	0.74	0.546
SPAC17D4.04	trm401	viable	V	0.0	0.077	0.064	0.033	0.199	0.736	0.649
SPAC17G6.03	efn3	viable	V	0.0	0.506	0.356	0.607	0.596	0.818	0.968
SPAC17G6.04c	cpp1	viable	V	0.0	-0.047	0.205	2.177	3.66	4.285	4.228
SPAC17G6.05c	bro1	viable	V	0.0	-0.038	0.199	2.092	0.059	1.541	1.245
SPAC17G6.08	pep7	viable	V	0.0	0.016	0.153	-0.181	0.024	0.034	0.146
SPAC17G6.09	sec62	inviable	E	0.0	2.26	4.387	4.387	4.387	4.387	4.387
SPAC17G6.10	ssr1	inviable	E	0.0	0.315	0.976	2.055	2.953	3.62	3.62
SPAC17G6.11c	ghs2	inviable	E	0.0	1.49	2.533	3.481	3.549	3.621	3.753
SPAC17G6.12	cul1	inviable	E	0.0	0.642	2.157	2.795	3.448	3.826	3.58
SPAC17G6.13	slt1	viable	V	0.0	-0.854	0.507	-1.405	-1.078	-0.316	-1.163
SPAC17G6.14c	uap56	inviable	E	0.0	1.446	3.106	4.0	3.836	4.851	4.408
SPAC17G6.15c	fsf1	viable	V	0.0	0.116	-0.522	-0.551	0.114	-0.145	-1.131
SPAC17G6.16c	ysh1	inviable	E	0.0	1.529	3.35	4.143	4.418	4.792	4.652
SPAC17G6.17	pof8	viable	V	0.0	0.939	1.383	1.172	0.983	1.199	1.577
SPAC17G8.01c	trl1	inviable	E	0.0	1.506	3.217	3.757	3.958	4.051	3.98
SPAC17G8.02	urh2	inviable	E	0.0	-0.257	0.385	0.308	0.037	0.097	0.185
SPAC17G8.03c	bur6	inviable	E	0.0	0.099	0.696	1.862	3.083	2.985	4.112
SPAC17G8.04c	arc5	inviable	E	0.0	2.142	4.009	4.315	4.733	4.626	4.543
SPAC17G8.05	med20	viable	V	0.0	0.036	0.384	0.863	1.492	1.936	2.629
SPAC17G8.06c	ilv3	viable	V	0.0	1.323	2.986	4.25	4.799	4.542	4.829
SPAC17G8.08c	gdt2	viable	V	0.0	-0.102	-0.053	-0.124	-0.143	-0.286	-0.128
SPAC17G8.09	shg1	viable	V	0.0	-0.627	0.507	-0.63	0.144	0.732	0.853
SPAC17G8.10c	dma1	viable	V	0.0	0.357	1.424	1.966	2.444	2.225	1.525
SPAC17G8.11c	imt3	viable	V	0.0	-0.258	-0.007	0.293	0.153	0.341	1.103
SPAC17G8.12	sec3	condition-dependent	E	0.0	0.684	1.619	3.086	2.944	3.48	3.601
SPAC17G8.13c	mst2	viable	V	0.0	0.312	0.176	0.388	0.523	0.544	0.874
SPAC17G8.14c	pck1	viable	V	0.0	-0.055	0.319	0.194	0.074	0.382	0.62
SPAC17G8.15	wip1	condition-dependent	Not_determined	0.0	0.254	1.185	3.526	3.795	4.299	4.15
SPAC17H9.01	cid16	viable	V	0.0	0.042	0.22	0.25	0.516	0.629	0.519
SPAC17H9.02	mtl1	inviable	E	0.0	0.364	0.859	1.87	3.386	3.508	3.739
SPAC17H9.03c	rdl1	viable	V	0.0	-0.01	0.11	-0.055	-0.28	0.1	1.343
SPAC17H9.04c	dri1	viable	V	0.0	0.338	1.255	0.628	0.773	0.967	1.332
SPAC17H9.05	ebp2	inviable	E	0.0	0.978	2.306	2.725	3.307	3.574	3.576
SPAC17H9.06c	SPAC17H9.06c	viable	V	0.0	0.24	0.071	0.168	0.153	0.292	0.213
SPAC17H9.07	srp21	inviable	E	0.0	0.455	1.578	3.368	3.328	3.68	3.401
SPAC17H9.08	leu5	viable	V	0.0	0.002	0.582	1.226	1.592	2.44	2.93
SPAC17H9.09c	ras1	viable	V	0.0	0.119	0.609	0.317	0.644	0.102	1.144
SPAC17H9.10c	ddb1	viable	V	0.0	1.143	1.805	2.615	3.066	3.478	3.952
SPAC17H9.12c	cyc2	viable	V	0.0	-0.141	0.426	0.62	0.453	1.101	1.083
SPAC17H9.13c	pro2	viable	V	0.0	-0.268	-0.128	-0.42	0.644	0.629	1.501
SPAC17H9.14c	pdi2	viable	V	0.0	0.144	-0.091	-0.011	0.137	0.046	-0.346
SPAC17H9.17c	mdm10	inviable	E	0.0	0.613	1.606	3.482	4.045	4.403	4.424
SPAC17H9.18c	SPAC17H9.18c	viable	Not_determined	0.0	0.727	1.332	0.755	1.615	1.14	0.65
SPAC17H9.19c	cdt2	viable	V	0.0	1.963	2.003	3.377	4.143	3.811	4.15
SPAC17H9.20	psc3	inviable	E	0.0	1.119	2.791	4.452	4.975	4.983	4.849
SPAC1805.01c	ppk6	viable	V	0.0	0.312	0.586	0.638	0.763	0.657	0.74
SPAC1805.02c	etf2	viable	V	0.0	-0.116	-0.284	0.353	-0.734	-0.367	-0.662
SPAC1805.03c	trm13	viable	V	0.0	0.204	0.152	0.143	0.096	-0.192	-0.105
SPAC1805.04	nup132	viable	V	0.0	0.092	0.501	0.659	0.906	1.215	0.977
SPAC1805.05	cki3	viable	V	0.0	-0.289	-0.433	-0.778	-0.594	-0.081	0.359
SPAC1805.06c	hem2	viable	V	0.0	0.525	2.411	3.622	3.608	4.172	3.87
SPAC1805.07c	dad2	viable	V	0.0	0.162	0.531	0.863	0.996	1.219	1.184
SPAC1805.08	dlc1	viable	V	0.0	0.078	-0.271	-0.43	-0.252	0.087	-0.277
SPAC1805.09c	fmt1	viable	V	0.0	0.536	0.163	0.623	0.642	0.56	0.607
SPAC1805.10	ccz1	viable	V	0.0	0.081	0.176	0.663	0.438	0.712	0.756
SPAC1805.11c	rps2602	viable	V	0.0	2.434	2.767	3.37	3.37	2.754	3.37
SPAC1805.12c	ubi2	viable	V	0.0	0.429	0.786	1.256	1.632	2.568	2.617
SPAC1805.13	rpl14	viable	V	0.0	1.052	2.017	2.796	2.711	2.672	2.859
SPAC1805.14	SPAC1805.14	viable	V	0.0	0.041	0.034	0.409	0.578	1.011	1.063
SPAC1805.15c	pub2	viable	V	0.0	0.65	1.203	1.27	1.334	1.177	1.075
SPAC1805.16c	SPAC1805.16c	viable	V	0.0	0.437	-0.183	-0.425	-0.088	-0.723	-0.57
SPAC1805.17	crm1	inviable	E	0.0	2.063	3.648	4.563	4.385	4.879	4.627
SPAC1805.18	pop6	unknown	Not_determined	0.0	0.439	1.907	2.374	2.51	2.753	2.62
SPAC1834.01	erf1	inviable	E	0.0	3.033	2.815	4.51	4.213	3.749	4.348
SPAC1834.02	aro1	inviable	E	0.0	2.331	3.315	4.024	4.024	4.109	4.189
SPAC1834.04	hht1	viable	V	0.0	0.533	0.02	0.713	0.447	1.549	0.701
SPAC1834.05	alg9	viable	V	0.0	0.017	0.05	0.937	1.332	1.593	2.014
SPAC1834.06c	pmo25	inviable	E	0.0	0.881	3.078	4.5	4.452	4.548	4.421
SPAC1834.07	klp3	viable	V	0.0	0.358	0.395	0.37	0.441	0.58	0.653
SPAC1834.08	mak1	viable	V	0.0	0.09	0.29	0.58	0.8	0.785	1.078
SPAC1834.09	whr1	viable	V	0.0	-0.245	-0.029	0.033	-0.021	0.05	-0.29
SPAC1834.10c	SPAC1834.10c	viable	V	0.0	1.674	1.784	2.371	2.85	2.575	2.453
SPAC1834.11c	sec18	inviable	E	0.0	2.682	3.89	4.182	4.229	4.307	4.06
SPAC1834.13	SPAC1834.13	viable	Not_determined	0.0	0.314	1.022	0.28	0.241	-0.192	0.594
SPAC1851.02	slc1	viable	V	0.0	0.08	-0.106	0.436	0.501	1.073	1.527
SPAC1851.03	ckb1	condition-dependent	V	0.0	0.173	0.606	0.963	2.428	2.623	2.901
SPAC1851.04c	ric1	viable	V	0.0	0.233	1.345	2.446	3.385	3.995	4.045
SPAC186.01	pfl9	viable	V	0.0	0.399	0.029	1.28	1.217	1.28	2.217
SPAC186.02c	SPAC186.02c	viable	V	0.0	-0.202	0.235	-0.981	-0.687	-0.568	-0.541
SPAC186.03	SPAC186.03	viable	V	0.0	1.047	-0.516	0.992	0.344	0.429	-0.638
SPAC186.04c	SPAC186.04c	unknown	Not_determined	0.0	0.759	0.374	0.202	0.959	2.044	0.477
SPAC186.05c	gdt1	viable	V	0.0	0.15	1.051	1.582	1.511	-0.346	1.641
SPAC186.07c	SPAC186.07c	viable	V	0.0	-0.281	1.005	-0.594	1.192	-0.15	0.841
SPAC186.08c	ldh1	viable	V	0.0	1.15	1.114	1.094	1.031	2.031	2.031
SPAC186.09	pdc102	viable	V	0.0	0.492	2.459	0.691	0.296	0.145	1.201
SPAC18B11.02c	pus9	viable	V	0.0	0.381	0.451	0.357	0.486	0.157	0.629
SPAC18B11.03c	SPAC18B11.03c	viable	V	0.0	0.399	0.456	0.711	0.749	1.134	0.621
SPAC18B11.04	ncs1	viable	V	0.0	0.41	0.377	0.377	0.661	0.494	0.611
SPAC18B11.05	gpi18	inviable	E	0.0	0.666	2.683	3.911	3.607	4.169	4.065
SPAC18B11.06	lcp5	inviable	E	0.0	0.716	2.843	1.906	1.843	2.843	2.843
SPAC18B11.07c	rhp6	viable	V	0.0	1.085	2.224	2.765	3.574	3.84	4.097
SPAC18B11.08c	pat10	viable	V	0.0	-0.387	-0.064	-0.187	-0.109	-0.457	-0.254
SPAC18B11.09c	SPAC18B11.09c	viable	V	0.0	-0.344	-0.333	-0.071	-0.199	0.051	-0.088
SPAC18B11.10	tup11	viable	V	0.0	0.128	0.822	0.621	0.848	0.659	1.366
SPAC18B11.11	SPAC18B11.11	condition-dependent	E	0.0	0.125	0.615	1.15	1.605	2.075	2.58
SPAC18G6.01c	aim18	viable	V	0.0	0.237	-0.166	0.244	-0.262	0.229	-0.255
SPAC18G6.02c	chp1	viable	V	0.0	-0.107	0.085	0.016	0.051	0.683	0.785
SPAC18G6.03	ypt3	inviable	E	0.0	2.626	4.033	4.275	4.51	4.626	4.502
SPAC18G6.04c	shm2	viable	V	0.0	0.141	0.26	-0.72	-0.177	-0.138	0.471
SPAC18G6.05c	gcn1	viable	V	0.0	0.061	0.256	0.467	0.545	0.921	1.182
SPAC18G6.07c	mra1	inviable	E	0.0	1.839	4.465	5.079	4.443	6.091	5.872
SPAC18G6.10	lem2	viable	V	0.0	0.114	0.37	0.59	1.243	1.819	2.55
SPAC18G6.11c	rrn3	inviable	E	0.0	1.844	3.26	3.977	3.703	4.164	3.775
SPAC18G6.12c	SPAC18G6.12c	viable	V	0.0	-0.458	-0.155	-0.453	-0.966	-0.581	-0.785
SPAC18G6.13	SPAC18G6.13	viable	V	0.0	-0.046	-0.085	0.375	0.943	1.593	2.434
SPAC18G6.15	mal3	viable	V	0.0	-1.041	0.273	-0.822	-0.509	-0.691	0.511
SPAC1952.01	gab1	inviable	E	0.0	1.665	3.245	4.308	4.293	4.506	4.525
SPAC1952.02	tma23	viable	V	0.0	0.497	1.826	1.991	2.247	3.764	3.74
SPAC1952.03	otu2	viable	V	0.0	-0.374	0.087	1.16	1.084	0.71	1.513
SPAC1952.04c	SPAC1952.04c	unknown	Not_determined	0.0	0.085	-0.188	-0.231	-0.08	-0.108	0.113
SPAC1952.05	gcn5	viable	V	0.0	0.297	0.644	1.414	1.77	1.961	2.095
SPAC1952.06c	SPAC1952.06c	viable	V	0.0	-0.238	-0.275	0.6	0.335	0.537	0.551
SPAC1952.07	rad1	viable	V	0.0	0.094	0.162	0.462	0.549	0.973	0.963
SPAC1952.08c	SPAC1952.08c	viable	V	0.0	-0.454	-0.727	0.184	-0.522	-0.513	-0.789
SPAC1952.09c	ach1	viable	V	0.0	0.162	0.537	0.499	0.217	0.19	0.646
SPAC1952.10c	SPAC1952.10c	viable	V	0.0	-0.032	0.497	1.11	0.706	0.829	0.66
SPAC1952.11c	ure2	condition-dependent	V	0.0	0.543	0.79	1.995	1.216	1.743	1.017
SPAC1952.12c	csn71	viable	V	0.0	0.967	0.911	2.785	1.785	0.307	2.785
SPAC1952.13	ned1	inviable	E	0.0	1.361	3.194	4.959	5.003	4.957	5.664
SPAC1952.14c	mrpl25	inviable	E	0.0	0.006	1.124	2.616	3.684	4.445	4.108
SPAC1952.15c	rec24	viable	V	0.0	0.102	0.099	-0.058	-0.026	-0.386	-0.264
SPAC1952.16	rga9	viable	V	0.0	-0.152	0.091	0.289	0.136	0.29	0.28
SPAC1952.17c	tbc13	viable	V	0.0	0.115	0.054	0.521	0.424	0.673	0.711
SPAC19A8.01c	sec73	viable	V	0.0	0.023	-0.046	0.347	-0.099	-0.069	1.433
SPAC19A8.02	ltc2	viable	V	0.0	-0.001	-0.062	-0.323	0.06	0.366	0.123
SPAC19A8.03	ymr1	viable	V	0.0	-0.108	0.204	0.218	0.575	0.124	0.155
SPAC19A8.04	erg5	viable	V	0.0	0.285	-0.057	-0.096	0.363	0.512	0.716
SPAC19A8.05c	sst4	viable	V	0.0	-0.453	-1.241	1.929	1.929	0.025	-0.17
SPAC19A8.06	pbr1	inviable	E	0.0	2.138	3.37	5.815	5.815	5.815	3.717
SPAC19A8.07c	imp4	inviable	E	0.0	2.151	3.564	4.623	4.992	5.137	5.644
SPAC19A8.08	upf2	viable	V	0.0	0.275	0.386	0.706	0.884	0.898	1.142
SPAC19A8.09	yos1	inviable	E	0.0	2.47	5.358	4.587	4.539	5.317	4.944
SPAC19A8.10	rfp1	viable	V	0.0	0.09	0.132	-0.038	0.268	0.86	0.579
SPAC19A8.11c	irc6	viable	V	0.0	0.344	0.736	1.556	2.136	2.782	3.299
SPAC19A8.12	dcp2	inviable	E	0.0	1.162	2.185	2.783	3.062	3.408	3.274
SPAC19A8.13	usp101	inviable	E	0.0	0.166	1.478	2.952	2.952	2.952	2.952
SPAC19A8.14	pth2	viable	V	0.0	0.149	-0.585	0.418	-0.1	0.199	-0.132
SPAC19A8.15	trp2	inviable	E	0.0	2.477	3.513	4.26	4.464	4.273	4.072
SPAC19A8.16	prl65	viable	Not_determined	0.0	0.157	0.322	0.168	0.371	0.244	0.3
SPAC19B12.01	ceo5	inviable	E	0.0	1.967	3.731	3.832	4.238	4.42	4.056
SPAC19B12.02c	gas1	condition-dependent	E	0.0	1.427	3.066	3.099	4.465	4.27	4.173
SPAC19B12.03	bgs3	inviable	E	0.0	2.023	3.04	3.76	4.09	4.255	4.151
SPAC19B12.04	rps3001	viable	V	0.0	0.562	0.628	0.743	1.476	2.298	3.798
SPAC19B12.05c	fcp1	inviable	E	0.0	0.756	2.685	3.189	3.43	3.502	3.493
SPAC19B12.06c	rbd4	viable	V	0.0	0.317	-0.202	-0.042	0.566	0.736	0.07
SPAC19B12.07c	SPAC19B12.07c	viable	V	0.0	-0.259	-0.461	-0.051	-0.517	-0.785	-0.13
SPAC19B12.08	atg4	viable	V	0.0	0.171	0.456	0.359	0.327	0.541	0.475
SPAC19B12.09	srp14	unknown	Not_determined	0.0	0.551	1.575	2.875	4.476	4.785	4.64
SPAC19B12.10	sst2	viable	V	0.0	0.148	0.314	0.426	0.565	0.491	0.503
SPAC19D5.01	pyp2	viable	V	0.0	0.269	-0.075	0.714	0.238	0.123	0.644
SPAC19D5.03	cid1	viable	V	0.0	-0.262	-0.32	-0.782	-0.552	-0.744	-0.307
SPAC19D5.04	ptr1	inviable	E	0.0	1.769	3.265	3.989	4.025	4.275	4.228
SPAC19D5.05c	imp3	inviable	E	0.0	1.047	1.929	1.929	1.929	1.929	1.929
SPAC19D5.06c	din1	viable	V	0.0	-0.054	-0.198	0.826	-0.1	0.579	-0.267
SPAC19D5.07	uga1	viable	V	0.0	0.177	0.286	0.004	-0.092	0.065	0.124
SPAC19D5.09c	Tf2-8	unknown	Not_determined	0.0	0.937	-0.369	0.881	-0.767	-0.086	-1.101
SPAC19D5.11c	ctf8	viable	V	0.0	-0.145	-0.132	0.389	0.164	0.611	0.38
SPAC19E9.01c	nup40	viable	V	0.0	0.728	0.892	1.429	0.568	1.084	1.418
SPAC19E9.02	fin1	viable	V	0.0	0.121	0.339	0.248	0.685	0.637	1.092
SPAC19E9.03	pas1	viable	V	0.0	0.331	0.496	1.13	0.809	2.019	0.781
SPAC19G12.01c	cut20	inviable	E	0.0	1.111	3.251	3.959	3.75	4.076	4.095
SPAC19G12.02c	pms1	viable	V	0.0	0.071	0.07	0.276	0.261	0.112	0.048
SPAC19G12.03	cda1	viable	V	0.0	-0.271	-0.612	-0.728	-0.503	-0.567	-0.416
SPAC19G12.04	dal1	viable	V	0.0	-0.344	-0.421	-0.631	-0.628	-0.481	-0.66
SPAC19G12.05	mce1	viable	V	0.0	-0.092	0.027	-0.011	-0.493	1.199	0.238
SPAC19G12.07c	rsd1	inviable	E	0.0	0.352	0.991	2.268	2.156	2.8	3.295
SPAC19G12.08	scs7	viable	V	0.0	0.215	0.976	1.925	2.367	2.617	3.13
SPAC19G12.09	SPAC19G12.09	viable	V	0.0	0.031	0.06	-0.056	0.022	-0.075	-0.038
SPAC19G12.10c	cpy1	viable	V	0.0	0.752	0.386	0.046	0.164	0.444	0.504
SPAC19G12.11	coq9	condition-dependent	V	0.0	0.042	0.274	0.162	0.933	1.346	2.252
SPAC19G12.12	dlp1	condition-dependent	V	0.0	0.121	-0.071	0.381	1.046	1.793	2.113
SPAC19G12.13c	poz1	viable	V	0.0	0.057	-0.1	0.11	0.324	0.336	0.471
SPAC19G12.14	its3	inviable	E	0.0	2.112	4.107	4.751	4.418	4.911	4.405
SPAC19G12.15c	tpp1	viable	V	0.0	0.089	0.102	0.372	0.879	1.235	1.133
SPAC19G12.16c	adg2	viable	V	0.0	0.553	0.079	-0.032	-0.234	-0.09	-0.047
SPAC19G12.17	erh1	viable	Not_determined	0.0	0.843	0.361	0.154	0.032	1.146	1.448
SPAC1A6.01c	rqt4	viable	V	0.0	0.304	0.095	0.554	0.782	0.771	1.674
SPAC1A6.03c	plb3	viable	V	0.0	-0.054	0.375	0.723	0.354	1.143	0.781
SPAC1A6.04c	plb1	viable	V	0.0	0.253	-0.1	0.502	0.074	0.227	0.588
SPAC1A6.05c	ptl3	viable	V	0.0	-0.365	-0.376	-0.065	-0.419	-0.332	-0.352
SPAC1A6.06c	meu31	viable	V	0.0	0.593	0.027	0.264	-0.362	-0.196	-0.245
SPAC1A6.08c	mug125	viable	V	0.0	0.379	0.86	1.484	1.089	0.848	1.034
SPAC1A6.09c	lag1	viable	V	0.0	-0.058	0.049	-0.322	-0.087	-0.177	-0.09
SPAC1A6.10	tcd1	viable	V	0.0	0.78	2.179	2.186	1.204	1.262	1.336
SPAC1A6.11	SPAC1A6.11	unknown	Not_determined	0.0	-0.035	-0.477	-0.438	-0.003	-0.257	-0.151
SPAC1B1.01	deb1	inviable	E	0.0	1.805	2.776	3.271	4.365	4.365	4.014
SPAC1B1.02c	SPAC1B1.02c	viable	V	0.0	0.235	0.36	0.693	0.198	0.73	0.343
SPAC1B1.03c	kap95	inviable	E	0.0	2.641	3.405	3.765	3.919	3.926	3.781
SPAC1B1.04c	pan3	viable	V	0.0	0.27	0.64	0.881	0.911	1.323	1.452
SPAC1B2.02c	ugo1	viable	V	0.0	0.208	0.329	0.819	1.322	1.824	3.216
SPAC1B2.03c	elo2	condition-dependent	V	0.0	0.893	3.501	4.426	4.426	4.426	4.426
SPAC1B2.04	cox6	viable	V	0.0	0.021	0.556	1.05	1.463	0.928	1.45
SPAC1B2.05	mcm5	inviable	E	0.0	1.324	3.005	4.421	4.879	4.132	4.172
SPAC1B3.01c	SPAC1B3.01c	viable	V	0.0	0.803	0.662	0.803	0.589	2.047	1.638
SPAC1B3.02c	SPAC1B3.02c	viable	V	0.0	0.376	-0.98	-0.267	1.027	0.27	0.287
SPAC1B3.03c	wis2	condition-dependent	V	0.0	0.37	1.064	1.215	1.732	1.73	1.853
SPAC1B3.04c	guf1	viable	V	0.0	0.484	0.224	0.592	0.323	1.055	0.964
SPAC1B3.05	not3	viable	V	0.0	0.102	0.521	0.639	0.71	1.376	0.937
SPAC1B3.06c	SPAC1B3.06c	viable	V	0.0	0.087	0.726	0.671	0.582	2.114	0.123
SPAC1B3.07c	vps28	viable	V	0.0	0.656	1.135	0.337	0.754	0.879	0.616
SPAC1B3.08	SPAC1B3.08	viable	V	0.0	0.129	-0.083	-0.261	-0.012	0.324	0.097
SPAC1B3.09c	noc202	inviable	E	0.0	2.042	3.494	4.181	3.976	4.097	4.163
SPAC1B3.10c	hrd302	viable	V	0.0	0.101	0.041	0.272	-0.141	0.147	-0.107
SPAC1B3.11c	ypt4	viable	V	0.0	0.027	0.335	0.082	0.413	0.784	0.808
SPAC1B3.13	nan1	inviable	E	0.0	1.29	3.325	4.151	4.354	4.191	4.258
SPAC1B3.14	vma3	condition-dependent	E	0.0	1.486	2.636	3.585	4.767	4.757	4.471
SPAC1B3.15c	SPAC1B3.15c	viable	V	0.0	-0.104	-0.095	0.018	-0.426	-0.438	-0.039
SPAC1B3.16c	vht1	condition-dependent	V	0.0	0.552	0.969	1.338	1.969	3.108	1.863
SPAC1B3.17	clr2	viable	V	0.0	0.467	1.111	-0.284	1.0	2.563	-0.465
SPAC1B3.18c	mrps18	inviable	E	0.0	0.239	0.809	4.159	4.419	4.1	4.961
SPAC1B3.20	SPAC1B3.20	viable	V	0.0	-0.258	0.655	0.365	-0.479	-0.213	0.745
SPAC1B9.02c	sck1	viable	V	0.0	-0.032	0.106	0.149	0.185	0.065	0.109
SPAC1B9.03c	SPAC1B9.03c	inviable	E	0.0	1.241	2.914	3.465	3.695	3.426	3.558
SPAC1D4.01	tls1	viable	V	0.0	0.073	0.264	0.565	0.779	0.896	1.255
SPAC1D4.02c	grh1	viable	V	0.0	-0.075	0.174	1.303	0.156	0.189	0.134
SPAC1D4.03c	aut12	viable	V	0.0	0.126	0.287	0.477	0.583	0.844	0.789
SPAC1D4.04	cct2	inviable	E	0.0	1.699	3.603	4.432	3.919	4.276	4.32
SPAC1D4.05c	erd101	viable	V	0.0	0.434	0.688	0.36	0.665	0.623	0.697
SPAC1D4.06c	csk1	viable	V	0.0	-0.088	-0.026	0.346	0.813	1.491	1.996
SPAC1D4.08	pis1	inviable	E	0.0	1.794	3.773	4.667	4.755	4.909	4.943
SPAC1D4.09c	rtf2	viable	V	0.0	0.025	0.336	0.541	0.342	0.787	1.007
SPAC1D4.10	trz1	inviable	E	0.0	1.541	2.786	3.422	3.319	3.294	3.464
SPAC1D4.11c	lkh1	viable	V	0.0	0.258	0.628	0.573	0.713	0.573	1.078
SPAC1D4.12	rad15	inviable	E	0.0	0.987	2.952	3.983	4.338	4.446	4.296
SPAC1D4.13	byr1	viable	V	0.0	0.935	0.53	1.367	0.625	0.581	0.558
SPAC1D4.14	tho2	inviable	E	0.0	1.664	2.893	3.578	3.772	3.881	3.972
SPAC1F12.02c	tma19	viable	V	0.0	0.136	0.714	0.653	0.545	0.975	1.469
SPAC1F12.05	any2	viable	V	0.0	0.426	0.459	0.319	0.292	0.585	0.488
SPAC1F12.06c	SPAC1F12.06c	viable	V	0.0	0.476	0.265	0.406	0.317	0.331	0.495
SPAC1F12.08	cab4	inviable	E	0.0	0.428	2.506	3.832	4.07	3.781	4.252
SPAC1F12.09	gpi17	inviable	E	0.0	1.09	3.284	4.27	4.551	4.662	4.186
SPAC1F12.10c	SPAC1F12.10c	viable	V	0.0	0.408	0.391	0.613	0.778	0.724	0.689
SPAC1F3.01	rrp6	viable	E	0.0	0.629	2.283	2.737	2.937	2.767	3.04
SPAC1F3.02c	mkh1	viable	Not_determined	0.0	0.297	0.478	0.347	0.732	0.642	0.515
SPAC1F3.03	sro7	viable	V	0.0	0.157	0.368	0.523	0.735	0.929	1.194
SPAC1F3.04c	tsr3	viable	Not_determined	0.0	0.793	2.247	3.374	3.407	3.819	3.875
SPAC1F3.05	gga21	viable	V	0.0	-0.129	-0.028	-0.291	-0.001	0.468	0.139
SPAC1F3.06c	spo15	viable	V	0.0	-0.01	0.189	0.428	0.152	0.359	0.315
SPAC1F3.07c	rsc58	viable	V	0.0	0.079	0.795	1.879	2.901	2.948	3.3
SPAC1F3.08c	SPAC1F3.08c	unknown	Not_determined	0.0	-0.053	-0.032	-0.23	-0.444	-0.4	-0.35
SPAC1F3.09	mug161	viable	V	0.0	0.21	0.229	0.226	0.31	0.459	0.343
SPAC1F3.10c	oct1	viable	V	0.0	0.134	0.562	2.442	3.584	4.328	4.317
SPAC1F5.02	pdi1	inviable	E	0.0	0.028	0.812	2.838	3.427	3.792	4.09
SPAC1F5.03c	SPAC1F5.03c	viable	V	0.0	0.187	0.337	0.196	0.179	0.751	0.572
SPAC1F5.04c	cdc12	inviable	E	0.0	0.236	1.694	3.28	3.615	3.741	3.731
SPAC1F5.05c	mso1	condition-dependent	V	0.0	1.469	0.792	1.79	2.056	2.289	2.022
SPAC1F5.06	lsh1	inviable	E	0.0	0.989	2.63	3.727	4.123	4.283	4.103
SPAC1F5.07c	hem14	viable	V	0.0	0.504	0.168	-0.075	0.216	0.764	0.914
SPAC1F5.08c	yam8	viable	V	0.0	0.013	0.146	0.009	0.187	0.03	0.074
SPAC1F5.09c	shk2	viable	V	0.0	0.473	0.526	1.045	0.673	0.501	0.771
SPAC1F5.10	fal1	viable	V	0.0	1.323	2.76	3.234	4.048	3.598	3.96
SPAC1F5.11c	tra2	inviable	E	0.0	0.528	1.271	2.668	3.866	4.09	4.199
SPAC1F7.01c	spt6	viable	V	0.0	0.787	1.543	2.548	2.981	3.191	3.403
SPAC1F7.02c	has1	inviable	E	0.0	2.011	3.422	3.631	3.808	3.683	3.715
SPAC1F7.03	pkd2	inviable	E	0.0	1.862	3.739	4.384	4.329	4.327	3.904
SPAC1F7.04	rho1	condition-dependent	V	0.0	1.818	1.818	1.818	1.818	1.818	1.818
SPAC1F7.05	cdc22	inviable	E	0.0	2.27	3.705	4.469	4.322	4.588	3.941
SPAC1F7.06	hsp3105	viable	V	0.0	0.298	0.116	0.009	0.021	0.943	0.618
SPAC1F7.08	fio1	viable	V	0.0	0.086	-0.306	-0.414	-0.952	-0.665	-0.333
SPAC1F7.09c	dal2	viable	V	0.0	0.293	0.189	0.159	0.085	0.37	0.574
SPAC1F7.10	SPAC1F7.10	viable	V	0.0	0.233	0.525	1.012	0.683	0.939	0.913
SPAC1F7.11c	SPAC1F7.11c	viable	V	0.0	0.305	0.291	0.262	0.674	0.811	1.011
SPAC1F7.12	yak3	viable	V	0.0	0.013	0.032	0.109	0.491	0.415	0.189
SPAC1F7.13c	rpl801	viable	V	0.0	1.502	2.412	2.759	3.047	2.759	2.782
SPAC1F7.14c	dmo2	condition-dependent	Not_determined	0.0	0.007	0.387	0.201	0.44	0.851	0.762
SPAC1F8.01	ght3	viable	V	0.0	-0.379	0.533	0.482	0.732	0.659	0.177
SPAC1F8.02c	shu1	viable	V	0.0	0.208	0.422	0.501	0.852	0.904	0.875
SPAC1F8.03c	str3	viable	V	0.0	0.194	0.576	0.751	0.427	0.594	0.478
SPAC1F8.04c	hhy1	viable	V	0.0	0.118	0.561	0.37	1.3	1.038	0.623
SPAC1F8.05	isp3	condition-dependent	V	0.0	-0.797	-1.277	-1.1	-1.228	-1.195	-1.077
SPAC1F8.06	pfl8	viable	V	0.0	0.039	-0.114	0.182	0.542	0.419	0.369
SPAC1F8.07c	pdc101	inviable	E	0.0	1.529	3.302	3.58	4.067	4.254	3.757
SPAC1F8.08	SPAC1F8.08	viable	V	0.0	0.342	0.896	2.001	1.597	1.09	1.414
SPAC20G4.01	caf16	viable	V	0.0	0.163	0.171	0.142	0.286	0.273	-0.056
SPAC20G4.02c	fus1	viable	V	0.0	0.267	-0.002	-0.018	0.048	-0.116	-0.127
SPAC20G4.03c	hri1	viable	V	0.0	0.291	0.312	0.553	0.05	1.476	1.094
SPAC20G4.04c	hus1	viable	V	0.0	0.104	0.163	0.353	0.601	0.821	1.165
SPAC20G4.05c	fmp40	viable	V	0.0	-0.488	-0.002	0.359	-0.533	0.048	-0.462
SPAC20G4.06c	adf1	inviable	E	0.0	2.034	4.335	3.904	4.841	4.325	4.841
SPAC20G4.07c	erg4	viable	V	0.0	0.024	-0.033	0.27	0.843	0.85	1.077
SPAC20G4.08	pdc1	viable	V	0.0	0.195	0.25	0.397	0.644	0.332	0.557
SPAC20G4.09	SPAC20G4.09	unknown	Not_determined	0.0	-0.046	0.004	0.106	0.001	-0.084	-0.128
SPAC20G8.01	cdc17	inviable	E	0.0	2.019	3.595	4.303	4.438	4.437	4.203
SPAC20G8.02	SPAC20G8.02	viable	V	0.0	0.003	-0.005	0.217	0.199	-0.393	0.278
SPAC20G8.03	itr2	inviable	E	0.0	1.609	2.404	4.047	4.316	4.127	4.102
SPAC20G8.04c	cir2	viable	V	0.0	-0.004	0.213	0.192	0.091	0.072	0.015
SPAC20G8.05c	cdc15	condition-dependent	E	0.0	0.071	1.881	3.381	3.65	3.569	3.838
SPAC20G8.06	not1	inviable	E	0.0	0.861	1.9	2.917	3.393	3.489	3.672
SPAC20G8.07c	erg2	viable	V	0.0	0.674	1.625	2.252	1.897	2.138	2.483
SPAC20G8.08c	fft1	viable	V	0.0	-0.176	0.446	0.795	0.467	1.118	0.275
SPAC20G8.09c	nat10	condition-dependent	V	0.0	1.5	3.143	4.153	4.019	4.299	4.488
SPAC20G8.10c	atg6	viable	V	0.0	0.477	-0.424	-0.219	-0.493	-0.129	0.334
SPAC20H4.01	utp5	inviable	E	0.0	1.978	3.994	4.407	4.544	4.546	4.265
SPAC20H4.02	dsc3	viable	V	0.0	-0.093	-0.393	-0.307	-0.473	-0.353	-0.532
SPAC20H4.03c	tfs1	viable	V	0.0	0.062	-0.042	0.185	0.281	0.62	0.901
SPAC20H4.04	fml2	viable	V	0.0	0.042	0.523	1.133	0.56	1.32	0.647
SPAC20H4.05c	mde1	viable	V	0.0	-0.232	-0.577	-0.295	0.481	0.051	0.199
SPAC20H4.06c	gpl1	viable	V	0.0	0.179	0.375	0.284	1.126	0.615	0.962
SPAC20H4.07	rad57	viable	V	0.0	0.487	0.957	2.141	2.813	2.781	3.719
SPAC20H4.08	whi2	viable	V	0.0	0.344	0.806	0.783	0.717	0.833	0.593
SPAC20H4.09	gih35	viable	V	0.0	0.327	0.867	1.321	1.319	1.02	0.971
SPAC20H4.10	ufd2	viable	V	0.0	0.324	0.584	0.525	0.571	0.773	1.041
SPAC20H4.11c	rho5	viable	V	0.0	-0.138	0.253	0.319	0.249	0.521	0.375
SPAC212.04c	SPAC212.04c	viable	V	0.0	1.42	1.093	1.02	0.763	0.227	1.048
SPAC212.08c	SPAC212.08c	viable	V	0.0	0.149	1.284	0.611	1.808	1.914	2.041
SPAC212.12	SPAC212.12	unknown	Not_determined	0.0	0.41	-0.101	0.595	1.503	1.021	0.627
SPAC21E11.04	aca1	viable	V	0.0	0.178	0.727	0.052	0.204	0.253	0.75
SPAC21E11.05c	cyp8	viable	V	0.0	0.412	0.051	0.312	0.61	0.475	0.562
SPAC21E11.06	tif224	inviable	E	0.0	1.792	3.708	3.885	4.189	4.62	4.281
SPAC21E11.07	iba57	inviable	E	0.0	0.16	0.45	1.513	3.503	4.402	4.697
SPAC21E11.08	lcb2	inviable	E	0.0	2.226	3.458	4.787	4.282	4.31	4.173
SPAC222.03c	tim10	inviable	E	0.0	0.27	1.25	4.041	4.935	5.361	5.386
SPAC222.04c	ies6	condition-dependent	V	0.0	0.33	0.794	1.646	3.155	4.263	4.695
SPAC222.05c	mss1	viable	V	0.0	0.315	0.243	0.422	0.614	0.79	0.995
SPAC222.06	mak16	inviable	E	0.0	2.279	4.385	4.905	4.342	4.797	5.432
SPAC222.07c	hri2	viable	V	0.0	-0.247	0.015	-0.157	0.656	0.184	-0.274
SPAC222.08c	sno1	viable	V	0.0	0.477	1.254	2.069	2.463	3.622	3.893
SPAC222.09	seb1	inviable	E	0.0	1.641	3.796	4.214	4.213	4.447	4.274
SPAC222.10c	byr4	inviable	E	0.0	1.463	3.292	4.418	4.048	4.089	4.454
SPAC222.11	hem13	inviable	E	0.0	0.247	1.785	4.11	3.985	5.061	4.919
SPAC222.12c	atp2	viable	V	0.0	0.543	0.777	1.69	1.436	1.863	2.187
SPAC222.13c	SPAC222.13c	viable	V	0.0	0.13	0.156	0.071	0.171	0.206	0.27
SPAC222.14c	sey1	viable	V	0.0	0.383	0.523	0.939	1.285	1.598	1.97
SPAC222.15	meu13	viable	V	0.0	0.284	0.256	0.641	0.339	0.393	0.361
SPAC222.16c	csn3	viable	V	0.0	0.061	0.048	0.341	-0.002	0.499	0.294
SPAC222.17	SPAC222.17	viable	Not_determined	0.0	-0.098	-0.142	0.402	-0.094	-0.004	0.006
SPAC222.18	SPAC222.18	unknown	Not_determined	0.0	-0.114	0.032	-0.319	-0.17	0.165	0.374
SPAC222.19	lam3	viable	Not_determined	0.0	-0.799	-0.361	0.397	-0.02	0.082	0.203
SPAC227.01c	erd1	viable	V	0.0	-0.333	0.564	2.227	3.014	4.634	4.668
SPAC227.02c	rrp15	inviable	E	0.0	2.061	3.546	5.42	5.42	5.42	5.42
SPAC227.05	pfd4	viable	V	0.0	0.419	0.733	1.098	1.745	2.269	2.533
SPAC227.07c	pab1	viable	V	0.0	0.929	1.079	1.9	2.385	2.807	3.036
SPAC227.08c	yth1	inviable	E	0.0	0.536	2.99	4.022	3.521	3.517	4.022
SPAC227.09	fol3	inviable	E	0.0	0.737	2.737	3.906	4.236	5.236	4.642
SPAC227.10	pfd2	viable	V	0.0	-0.188	-0.445	-0.366	-0.336	-0.378	-0.06
SPAC227.11c	yos9	viable	V	0.0	0.555	0.744	0.939	0.735	1.039	0.973
SPAC227.12	rna4	inviable	E	0.0	1.234	3.407	3.864	4.444	4.363	4.37
SPAC227.13c	isu1	viable	V	0.0	2.547	5.004	4.593	4.418	5.139	5.87
SPAC227.14	yfh7	viable	V	0.0	-0.348	-0.184	-0.253	-0.289	-0.253	-0.008
SPAC227.15	reg1	viable	V	0.0	0.214	0.263	0.405	0.813	0.616	0.922
SPAC227.16c	psf3	inviable	E	0.0	1.644	3.819	5.06	5.326	5.553	5.372
SPAC227.17c	SPAC227.17c	viable	V	0.0	-0.032	0.125	0.515	0.616	1.024	1.512
SPAC227.18	lys3	viable	V	0.0	0.43	0.026	0.217	0.293	0.383	0.467
SPAC227.19c	pig25	unknown	Not_determined	0.0	1.98	3.931	4.808	4.672	4.74	5.354
SPAC22A12.01c	pso2	viable	V	0.0	0.321	0.256	0.386	0.537	0.601	0.769
SPAC22A12.02c	mug103	viable	V	0.0	-0.194	-0.002	0.187	0.209	0.393	0.4
SPAC22A12.03c	csn4	viable	V	0.0	0.191	0.169	0.058	-0.063	0.16	0.266
SPAC22A12.04c	rps2201	viable	V	0.0	0.97	2.472	3.228	3.219	3.92	3.607
SPAC22A12.05	rpc11	inviable	E	0.0	1.527	5.382	3.882	5.382	5.382	5.382
SPAC22A12.06c	fsh2	viable	V	0.0	0.347	0.316	0.796	0.577	0.361	0.862
SPAC22A12.07c	ogm1	viable	V	0.0	-0.067	0.472	1.05	0.77	0.94	1.017
SPAC22A12.08c	crd1	inviable	E	0.0	-0.012	0.511	2.094	3.546	4.257	4.449
SPAC22A12.09c	sap114	inviable	E	0.0	2.081	4.071	3.849	4.811	4.637	5.044
SPAC22A12.10	ept1	viable	V	0.0	-0.071	0.259	0.579	0.926	1.285	1.698
SPAC22A12.11	dak1	viable	V	0.0	0.609	-0.941	-0.295	-0.65	-0.475	-0.076
SPAC22A12.12c	rrp40	inviable	E	0.0	1.128	2.322	2.763	3.022	3.185	3.439
SPAC22A12.14c	SPAC22A12.14c	viable	V	0.0	-0.146	-0.033	-0.145	0.374	0.768	0.428
SPAC22A12.15c	bip1	inviable	E	0.0	2.041	3.718	4.497	4.104	4.54	3.923
SPAC22A12.16	acl2	viable	V	0.0	0.327	0.697	0.634	0.338	0.831	0.69
SPAC22A12.17c	SPAC22A12.17c	viable	V	0.0	-0.055	0.128	-0.089	-0.315	-0.119	-0.35
SPAC22E12.01	pet3	viable	V	0.0	0.387	0.135	0.482	2.063	1.176	0.861
SPAC22E12.02	SPAC22E12.02	inviable	E	0.0	0.751	2.514	4.317	4.573	4.981	4.79
SPAC22E12.03c	sdj1	viable	V	0.0	-0.224	0.999	0.614	0.539	1.017	1.54
SPAC22E12.04	ccs1	viable	V	0.0	0.179	0.501	1.707	2.168	3.031	3.354
SPAC22E12.06c	gmh3	viable	V	0.0	-1.172	0.114	-0.177	1.302	0.082	-0.766
SPAC22E12.08	rrn10	inviable	E	0.0	0.106	0.718	1.207	1.428	1.821	1.85
SPAC22E12.09c	krp1	inviable	E	0.0	0.093	1.707	3.612	4.527	4.937	5.026
SPAC22E12.10c	etp1	inviable	E	0.0	0.402	2.198	3.956	4.72	4.676	4.913
SPAC22E12.11c	set3	viable	V	0.0	0.205	0.38	0.717	0.706	1.013	0.991
SPAC22E12.13c	rlp24	inviable	E	0.0	1.495	2.976	4.717	4.422	5.256	4.753
SPAC22E12.14c	sck2	viable	V	0.0	0.173	1.091	0.843	0.466	1.286	0.939
SPAC22E12.16c	pik1	inviable	E	0.0	2.082	3.579	4.047	4.111	4.075	4.061
SPAC22E12.17c	glo3	inviable	E	0.0	1.904	3.553	4.381	3.919	3.972	4.404
SPAC22E12.18	SPAC22E12.18	viable	V	0.0	1.232	2.04	3.328	3.151	3.889	4.063
SPAC22E12.19	snt1	viable	V	0.0	0.33	0.182	0.58	0.763	1.056	1.289
SPAC22F3.02	atf31	viable	V	0.0	0.139	-0.81	-0.076	-0.295	-0.788	-0.03
SPAC22F3.03c	rdh54	viable	V	0.0	0.206	0.44	0.721	0.412	1.134	1.295
SPAC22F3.04	mug62	viable	V	0.0	-0.054	0.296	0.87	0.627	0.323	0.43
SPAC22F3.05c	alp41	inviable	E	0.0	0.834	2.184	3.154	3.923	3.968	4.277
SPAC22F3.06c	lon1	viable	V	0.0	0.141	0.432	0.595	0.7	0.739	0.929
SPAC22F3.07c	atp20	viable	V	0.0	0.437	0.169	0.859	0.523	0.995	1.113
SPAC22F3.08c	rok1	viable	V	0.0	0.475	1.149	1.984	2.679	2.834	3.557
SPAC22F3.09c	res2	viable	V	0.0	0.132	0.337	0.677	0.832	1.135	1.014
SPAC22F3.10c	gcs1	condition-dependent	V	0.0	0.506	0.51	0.973	1.131	1.458	1.99
SPAC22F3.11c	snu23	viable	V	0.0	1.836	3.577	4.673	4.525	4.703	4.504
SPAC22F3.12c	rgs1	viable	V	0.0	0.005	0.273	0.208	0.436	0.895	0.755
SPAC22F3.13	tsc1	viable	V	0.0	0.506	0.971	1.262	1.826	1.86	2.303
SPAC22F3.15	aim41	unknown	Not_determined	0.0	0.285	0.325	0.372	0.767	0.963	0.692
SPAC22F8.02c	pvg5	viable	V	0.0	-0.087	-0.176	0.506	0.537	1.054	0.877
SPAC22F8.03c	SPAC22F8.03c	viable	V	0.0	0.414	0.365	0.208	0.354	1.601	0.308
SPAC22F8.04	pet1	viable	V	0.0	1.002	-0.218	0.086	0.451	0.404	0.224
SPAC22F8.05	SPAC22F8.05	viable	V	0.0	0.063	-0.183	0.365	0.652	0.094	0.485
SPAC22F8.06	pam1	inviable	E	0.0	1.508	3.549	4.017	4.864	4.651	4.269
SPAC22F8.07c	rtf1	viable	V	0.0	0.246	0.26	0.909	1.034	0.54	0.575
SPAC22F8.08	sec24	inviable	E	0.0	1.93	3.131	3.357	3.688	3.421	3.391
SPAC22F8.09	rrp16	viable	V	0.0	0.249	1.338	1.543	2.317	2.246	3.393
SPAC22F8.10c	sap145	inviable	E	0.0	0.37	1.008	-0.027	1.662	1.607	1.821
SPAC22F8.11	plc1	condition-dependent	V	0.0	1.339	2.663	3.779	3.92	4.358	4.2
SPAC22F8.12c	shf1	viable	V	0.0	0.122	-0.046	-0.294	-0.164	-0.085	0.066
SPAC22G7.01c	fra1	viable	V	0.0	0.688	0.604	1.255	0.035	-0.016	0.394
SPAC22G7.02	kap111	condition-dependent	V	0.0	-0.085	0.244	0.251	0.724	0.371	0.52
SPAC22G7.03	SPAC22G7.03	viable	V	0.0	0.268	0.32	0.431	0.534	0.674	0.423
SPAC22G7.04	pan2	viable	V	0.0	0.188	0.406	0.681	0.842	1.129	1.593
SPAC22G7.05	kri1	viable	V	0.0	2.049	3.088	3.764	3.701	3.837	3.724
SPAC22G7.06c	ura1	viable	V	0.0	0.64	1.123	1.542	1.687	1.846	2.215
SPAC22G7.07c	ime4	viable	V	0.0	-0.084	-0.099	0.344	0.246	0.458	0.37
SPAC22G7.08	ppk8	viable	V	0.0	-0.066	-0.0	0.117	0.022	0.295	0.168
SPAC22G7.09c	nup45	inviable	E	0.0	1.174	2.428	3.369	3.526	3.848	3.797
SPAC22G7.10	iss1	inviable	E	0.0	1.17	2.794	4.139	3.963	4.306	4.457
SPAC22H10.02	SPAC22H10.02	viable	V	0.0	-0.354	-0.065	-0.1	0.598	0.378	-0.47
SPAC22H10.03c	kap114	viable	V	0.0	0.188	0.256	0.618	0.645	0.807	0.929
SPAC22H10.04	ppa3	viable	V	0.0	0.362	0.127	0.669	-0.023	1.647	0.796
SPAC22H10.05c	SPAC22H10.05c	inviable	E	0.0	1.698	3.812	5.045	5.231	4.923	5.123
SPAC22H10.06c	SPAC22H10.06c	unknown	Not_determined	0.0	-0.092	-0.09	0.015	-0.203	-0.144	-0.216
SPAC22H10.07	scd2	viable	V	0.0	0.246	0.271	0.224	0.468	0.906	0.748
SPAC22H10.08	SPAC22H10.08	viable	V	0.0	-0.114	0.248	0.209	0.304	0.253	0.068
SPAC22H10.09	cbp8	viable	V	0.0	0.092	0.262	0.511	0.772	0.886	1.019
SPAC22H10.10	alp21	inviable	E	0.0	1.564	3.161	3.901	4.003	4.285	4.263
SPAC22H10.11c	crf1	viable	V	0.0	1.157	1.543	2.907	3.315	3.186	3.673
SPAC22H10.12c	gdi1	inviable	E	0.0	2.0	4.103	4.886	5.168	5.372	5.372
SPAC22H12.01c	mug35	viable	V	0.0	0.077	-0.166	0.547	0.256	0.547	0.447
SPAC22H12.02	tfg3	viable	V	0.0	-0.008	0.226	0.391	0.845	1.363	1.566
SPAC22H12.03	pah2	viable	V	0.0	0.557	0.889	1.017	0.77	0.922	0.993
SPAC22H12.04c	rps102	viable	V	0.0	2.093	3.374	4.484	5.044	4.866	5.175
SPAC22H12.05c	fsc1	viable	V	0.0	-0.093	0.249	0.183	0.752	0.671	0.782
SPAC23A1.02c	ted1	viable	V	0.0	-0.451	-0.521	-0.286	-1.052	-0.923	-0.419
SPAC23A1.03	apt1	viable	V	0.0	-0.022	0.209	0.82	1.02	1.482	1.583
SPAC23A1.04c	mnl1	viable	V	0.0	0.088	0.109	-0.28	-0.149	0.114	0.27
SPAC23A1.05	tsc3	inviable	E	0.0	1.839	3.661	4.501	4.609	4.358	4.457
SPAC23A1.06c	cmk2	viable	V	0.0	0.11	0.483	-0.091	0.065	-0.076	0.452
SPAC23A1.07	rnf170	viable	V	0.0	0.135	0.383	-0.346	0.429	1.016	-0.308
SPAC23A1.08c	rpl3401	inviable	E	0.0	1.451	2.187	2.69	2.69	2.69	2.69
SPAC23A1.10	tef102	viable	Not_determined	0.0	0.424	-0.196	0.461	-0.04	-0.33	-0.24
SPAC23A1.12c	frs1	inviable	E	0.0	2.538	4.301	4.711	4.165	4.465	4.486
SPAC23A1.14c	SPAC23A1.14c	viable	V	0.0	-0.26	-0.294	-0.373	0.151	-0.31	-0.085
SPAC23A1.15c	sec20	viable	V	0.0	2.203	4.29	6.349	5.11	5.017	5.996
SPAC23A1.17	bbc1	viable	V	0.0	0.207	0.054	0.095	-0.029	0.213	0.175
SPAC23A1.18c	mrp51	inviable	E	0.0	0.045	0.557	2.206	2.771	3.019	3.854
SPAC23A1.19c	hrq1	condition-dependent	E	0.0	0.054	0.165	0.589	0.771	0.937	1.121
SPAC23A1.20	new11	unknown	Not_determined	0.0	0.395	0.158	0.097	0.243	-0.236	1.699
SPAC23C11.01	ice2	viable	V	0.0	0.248	0.209	0.276	0.211	-0.083	0.09
SPAC23C11.03	mpp10	inviable	E	0.0	1.769	4.253	4.609	4.047	4.808	4.21
SPAC23C11.04c	pnk1	viable	V	0.0	0.026	0.41	0.619	0.612	0.92	1.048
SPAC23C11.05	ipp1	inviable	E	0.0	3.427	4.308	4.308	4.308	3.371	4.308
SPAC23C11.06c	SPAC23C11.06c	viable	V	0.0	0.121	0.099	0.065	0.257	0.149	-0.007
SPAC23C11.07	SPAC23C11.07	viable	V	0.0	0.473	0.472	0.423	0.598	0.236	0.964
SPAC23C11.08	php3	viable	V	0.0	1.302	0.918	1.609	2.087	2.183	1.334
SPAC23C11.09	ala1	inviable	E	0.0	2.247	3.55	3.667	3.664	3.896	3.621
SPAC23C11.10	mpn1	viable	V	0.0	0.104	0.24	0.236	0.543	0.847	1.187
SPAC23C11.11	cka1	inviable	E	0.0	0.5	1.782	2.897	3.88	4.999	4.567
SPAC23C11.13c	hpt1	viable	V	0.0	1.053	2.399	3.035	3.498	3.813	3.704
SPAC23C11.14	zhf1	viable	V	0.0	0.05	0.456	0.541	1.398	1.494	2.131
SPAC23C11.15	pst2	condition-dependent	V	0.0	0.327	0.855	1.421	1.793	2.438	2.803
SPAC23C11.16	plo1	condition-dependent	E	0.0	1.545	2.898	4.29	4.036	4.126	4.13
SPAC23C11.17	mdm38	inviable	E	0.0	1.655	3.493	3.869	4.004	4.135	3.921
SPAC23C4.02	crn1	viable	V	0.0	0.418	0.009	0.327	0.136	0.63	-0.198
SPAC23C4.03	hrk1	viable	V	0.0	-0.045	-0.032	-0.136	0.101	0.419	0.053
SPAC23C4.05c	les1	viable	V	0.0	0.1	0.03	0.018	0.141	0.241	0.409
SPAC23C4.06c	efm6	viable	V	0.0	0.144	0.254	0.508	0.516	0.186	0.299
SPAC23C4.07	tht2	viable	V	0.0	0.121	0.053	-0.124	-0.304	-0.228	-0.249
SPAC23C4.08	rho3	condition-dependent	V	0.0	0.158	0.268	0.652	0.351	0.504	0.89
SPAC23C4.09c	SPAC23C4.09c	viable	V	0.0	-0.306	-0.257	-0.127	0.63	0.153	0.593
SPAC23C4.10	sec2	inviable	E	0.0	1.731	2.694	3.841	3.826	3.863	3.951
SPAC23C4.11	atp18	viable	V	0.0	0.727	0.413	0.816	0.976	1.899	1.731
SPAC23C4.12	hhp2	viable	V	0.0	0.296	0.614	0.712	0.833	0.941	0.821
SPAC23C4.13	bet1	inviable	E	0.0	2.563	4.97	4.95	5.451	4.739	5.568
SPAC23C4.14	alg1	inviable	E	0.0	0.839	3.271	4.223	4.311	4.326	4.333
SPAC23C4.15	rpb5	inviable	E	0.0	1.664	3.861	3.853	3.831	4.191	3.686
SPAC23C4.16c	atg15	viable	V	0.0	0.233	-0.33	0.627	0.413	0.295	-0.304
SPAC23C4.17	trm402	viable	V	0.0	-0.134	-0.235	-0.124	0.218	-0.044	-0.039
SPAC23C4.18c	rad4	inviable	E	0.0	2.623	4.142	4.38	4.347	4.575	4.895
SPAC23C4.19	spt5	inviable	E	0.0	1.256	2.444	3.068	2.98	3.406	3.162
SPAC23D3.01	pdp3	viable	V	0.0	0.488	0.715	1.333	0.637	0.919	1.09
SPAC23D3.02	rfc2	inviable	E	0.0	0.134	1.715	3.703	4.349	4.126	4.422
SPAC23D3.03c	SPAC23D3.03c	viable	V	0.0	-0.272	-0.159	-0.158	-0.649	-0.387	-0.232
SPAC23D3.04c	gpd2	viable	V	0.0	0.349	0.475	0.399	0.403	-0.09	0.168
SPAC23D3.06c	nup146	inviable	E	0.0	2.111	3.687	3.812	3.859	4.054	4.071
SPAC23D3.07	pup1	inviable	E	0.0	1.735	3.676	4.764	4.844	4.866	4.769
SPAC23D3.08	usp108	inviable	E	0.0	0.296	1.122	1.832	2.033	2.295	2.27
SPAC23D3.09	arp42	viable	V	0.0	0.264	0.813	1.797	2.358	3.14	3.41
SPAC23D3.10c	eng2	viable	V	0.0	-0.426	0.437	0.451	0.036	0.205	0.094
SPAC23D3.11	ayr1	viable	V	0.0	0.595	0.172	0.973	0.022	-0.15	1.094
SPAC23D3.12	pho842	viable	V	0.0	0.51	0.515	0.667	0.778	0.98	0.8
SPAC23D3.13c	SPAC23D3.13c	viable	V	0.0	0.175	0.223	0.29	0.301	0.529	0.605
SPAC23D3.14c	aah2	viable	Not_determined	0.0	0.01	0.222	0.415	-0.379	0.488	0.785
SPAC23D3.16	lam4	viable	Not_determined	0.0	1.02	2.596	3.274	4.04	4.152	3.504
SPAC23E2.01	fep1	viable	V	0.0	0.242	0.596	0.913	0.84	0.701	1.125
SPAC23E2.02	lsd2	inviable	E	0.0	0.389	1.147	2.544	3.396	3.429	3.627
SPAC23E2.03c	sms1	viable	V	0.0	-0.032	0.588	1.042	0.522	1.205	0.339
SPAC23G3.01	rpb2	inviable	E	0.0	2.042	3.654	4.402	4.091	4.456	4.563
SPAC23G3.02c	sib1	viable	V	0.0	-0.002	0.174	0.261	0.296	0.421	0.352
SPAC23G3.03	sib2	viable	V	0.0	-0.198	-0.303	-0.111	-0.183	-0.281	-0.329
SPAC23G3.04	ies4	viable	V	0.0	0.165	-0.128	-0.286	-0.179	0.117	0.345
SPAC23G3.05c	SPAC23G3.05c	viable	V	0.0	-0.045	-0.355	-0.522	-0.393	-0.309	-0.369
SPAC23G3.06	nop58	inviable	E	0.0	2.182	3.672	4.064	4.55	4.145	4.563
SPAC23G3.07c	snf30	viable	V	0.0	0.547	1.282	0.839	0.897	0.735	0.494
SPAC23G3.08c	ubp7	viable	V	0.0	-0.034	0.279	0.519	0.324	0.564	0.609
SPAC23G3.09	taf4	inviable	E	0.0	0.178	1.43	2.343	2.791	3.015	2.568
SPAC23G3.10c	ssr3	condition-dependent	V	0.0	0.248	1.114	2.112	3.106	4.138	4.439
SPAC23G3.11	rpn6	inviable	E	0.0	1.958	3.368	3.922	3.92	4.224	3.932
SPAC23G3.12c	htr12	viable	V	0.0	0.225	0.525	0.586	0.761	1.243	0.611
SPAC23H3.02c	ini1	inviable	E	0.0	1.329	3.147	3.147	2.147	3.147	3.147
SPAC23H3.03c	npr2	viable	V	0.0	0.259	1.132	2.962	4.634	5.457	5.405
SPAC23H3.04	SPAC23H3.04	viable	V	0.0	-0.029	0.135	0.692	0.221	0.648	0.731
SPAC23H3.05c	swd1	viable	V	0.0	-0.12	0.225	0.198	-0.886	1.698	1.698
SPAC23H3.06	apl6	viable	V	0.0	0.325	0.733	1.027	1.051	1.188	1.195
SPAC23H3.08c	bub3	viable	V	0.0	0.084	0.398	0.336	0.115	0.079	0.038
SPAC23H3.09c	gly1	viable	V	0.0	1.22	2.233	2.911	3.727	4.429	5.402
SPAC23H3.10	ssr2	inviable	E	0.0	0.418	1.694	2.755	3.056	3.611	3.614
SPAC23H3.11c	max1	viable	V	0.0	0.242	0.548	0.637	0.839	0.273	0.613
SPAC23H3.12c	SPAC23H3.12c	viable	V	0.0	0.329	0.985	0.772	0.527	0.351	1.232
SPAC23H3.13c	gpa2	viable	V	0.0	0.395	0.898	1.625	1.837	2.145	2.994
SPAC23H3.14	avl9	viable	V	0.0	-0.231	-0.193	-0.162	-0.459	-0.177	0.071
SPAC23H4.01c	osh3	viable	V	0.0	-0.112	0.088	-0.053	0.883	0.816	2.264
SPAC23H4.02	ppk9	viable	V	0.0	-0.157	0.013	0.425	0.41	0.02	-0.131
SPAC23H4.03c	erv25	inviable	E	0.0	2.171	2.515	3.989	2.404	3.989	3.989
SPAC23H4.04	slm3	inviable	E	0.0	0.177	0.248	1.583	3.215	3.964	4.484
SPAC23H4.06	gln1	inviable	E	0.0	3.152	3.364	4.299	4.421	5.014	4.538
SPAC23H4.07c	srp102	inviable	E	0.0	1.772	3.603	3.577	3.901	3.728	3.996
SPAC23H4.08	iwr1	viable	V	0.0	0.199	0.204	1.008	1.251	1.183	1.509
SPAC23H4.09	cdb4	viable	V	0.0	0.339	0.157	0.295	0.633	1.118	1.456
SPAC23H4.10c	thi4	viable	V	0.0	-0.007	0.112	0.687	0.056	-0.032	-0.094
SPAC23H4.11c	cnl2	inviable	E	0.0	-0.076	1.395	2.85	3.65	4.008	3.811
SPAC23H4.12	alp13	condition-dependent	V	0.0	0.486	0.72	1.368	1.389	1.933	2.511
SPAC23H4.13c	SPAC23H4.13c	unknown	Not_determined	0.0	0.829	0.222	-0.316	0.154	-0.213	-0.031
SPAC23H4.14	vam6	viable	V	0.0	0.339	0.79	2.153	3.102	3.828	4.338
SPAC23H4.15	tsr1	inviable	E	0.0	1.942	3.731	4.263	4.856	4.755	4.886
SPAC23H4.16c	not11	viable	V	0.0	-0.356	-0.091	0.611	0.866	0.901	0.332
SPAC23H4.17c	srb10	viable	V	0.0	-0.025	0.211	0.061	0.251	0.297	0.439
SPAC23H4.18c	rbx1	inviable	E	0.0	1.222	2.696	3.844	4.343	4.887	4.742
SPAC23H4.21	SPAC23H4.21	unknown	Not_determined	0.0	-0.029	-0.117	0.033	0.051	0.114	-0.022
SPAC24B11.05	SPAC24B11.05	viable	V	0.0	-0.058	-0.126	-0.128	-0.066	-0.118	-0.139
SPAC24B11.06c	sty1	viable	V	0.0	-0.075	0.148	0.528	0.834	1.061	1.478
SPAC24B11.07c	SPAC24B11.07c	viable	V	0.0	2.681	2.312	1.293	1.499	1.802	1.933
SPAC24B11.09	mpc2	viable	V	0.0	1.268	1.31	1.522	2.318	2.313	2.505
SPAC24B11.10c	cfh1	viable	V	0.0	0.355	0.186	0.838	1.118	1.271	0.683
SPAC24B11.11c	sid2	inviable	E	0.0	0.605	2.721	4.216	4.393	4.787	4.447
SPAC24B11.12c	dnf2	viable	V	0.0	0.324	0.621	0.909	1.042	1.06	1.032
SPAC24B11.13	hem3	viable	V	0.0	1.074	3.253	4.537	4.525	5.145	5.503
SPAC24B11.14	SPAC24B11.14	unknown	Not_determined	0.0	0.301	-0.301	0.686	0.535	0.353	0.231
SPAC24C9.03	mvd1	inviable	E	0.0	1.727	3.134	3.139	3.144	3.135	3.142
SPAC24C9.04	med9	inviable	E	0.0	-0.169	0.063	0.215	0.637	0.975	1.009
SPAC24C9.06c	aco1	inviable	E	0.0	0.795	2.253	3.337	3.764	4.094	3.949
SPAC24C9.07c	bgs2	viable	V	0.0	0.114	0.381	0.458	0.276	0.356	0.214
SPAC24C9.08	cps1	viable	V	0.0	-0.109	0.025	0.866	0.731	0.508	0.803
SPAC24C9.09	SPAC24C9.09	inviable	E	0.0	0.265	0.795	2.991	3.84	4.321	4.268
SPAC24C9.10c	mrp4	inviable	E	0.0	0.114	3.284	1.982	3.202	4.202	4.202
SPAC24C9.11	sgd1	inviable	E	0.0	1.512	3.635	4.491	4.454	4.562	4.841
SPAC24C9.12c	shm1	viable	V	0.0	0.148	0.232	0.052	0.406	0.529	0.502
SPAC24C9.14	otu1	viable	V	0.0	0.048	-0.229	0.108	-0.184	-0.299	0.022
SPAC24C9.15c	spn5	viable	V	0.0	-0.185	-0.285	-0.439	-0.469	-0.442	-0.513
SPAC24C9.16c	cox8	viable	V	0.0	-0.079	0.338	0.436	0.466	0.116	1.717
SPAC24H6.01c	gup1	inviable	E	0.0	0.613	2.484	3.608	4.312	4.634	4.384
SPAC24H6.02c	zim17	viable	V	0.0	-0.114	0.507	-0.108	-0.226	1.14	0.292
SPAC24H6.03	cul3	viable	V	0.0	0.146	0.243	0.491	0.304	0.429	0.37
SPAC24H6.04	hxk1	viable	V	0.0	0.387	0.231	-0.042	0.418	0.545	1.628
SPAC24H6.05	cdc25	inviable	E	0.0	1.47	2.711	3.434	3.621	4.043	3.884
SPAC24H6.06	sld3	inviable	E	0.0	2.052	3.121	3.659	3.617	3.889	3.777
SPAC24H6.08	SPAC24H6.08	viable	V	0.0	-0.085	0.623	0.719	1.393	0.148	0.194
SPAC24H6.09	gef1	viable	V	0.0	0.235	0.465	0.508	0.371	0.312	0.308
SPAC24H6.10c	aro4	viable	V	0.0	-0.114	-0.142	-0.494	-1.615	-0.187	-1.248
SPAC24H6.11c	vsb1	viable	V	0.0	-0.16	-0.398	-0.243	-0.445	-0.31	-0.435
SPAC24H6.12c	uba3	inviable	E	0.0	0.254	1.303	2.992	4.413	4.301	4.133
SPAC24H6.13	SPAC24H6.13	viable	V	0.0	0.115	0.185	0.228	0.339	0.532	0.981
SPAC25A8.01c	fft3	condition-dependent	V	0.0	0.167	0.512	0.766	1.509	2.226	2.137
SPAC25A8.02	atg14	viable	V	0.0	0.944	1.205	2.21	2.42	1.608	1.663
SPAC25A8.03c	SPAC25A8.03c	viable	V	0.0	-0.182	0.088	0.463	0.211	0.035	0.108
SPAC25B8.02	sds3	inviable	E	0.0	0.316	1.061	1.856	2.674	3.072	3.635
SPAC25B8.03	psd2	viable	V	0.0	0.21	0.796	0.517	0.87	0.409	0.574
SPAC25B8.04c	mss51	viable	V	0.0	0.205	0.875	0.591	1.139	0.896	0.913
SPAC25B8.05	deg1	viable	V	0.0	0.594	0.766	1.608	1.671	2.018	2.57
SPAC25B8.06c	dia4	condition-dependent	E	0.0	0.151	0.935	2.593	2.82	2.965	3.805
SPAC25B8.07c	rcf1	viable	V	0.0	0.076	-0.395	-0.43	-0.128	0.238	-1.363
SPAC25B8.08	SPAC25B8.08	viable	V	0.0	-0.038	0.45	0.402	0.225	0.271	0.41
SPAC25B8.09	SPAC25B8.09	viable	V	0.0	-0.087	-0.031	0.134	-0.476	0.114	0.203
SPAC25B8.10	SPAC25B8.10	viable	V	0.0	0.427	-0.862	-0.247	-0.904	-1.172	-0.677
SPAC25B8.11	SPAC25B8.11	viable	V	0.0	0.024	-0.043	0.009	-0.135	-0.224	-0.466
SPAC25B8.12c	SPAC25B8.12c	viable	Not_determined	0.0	1.197	2.112	2.297	4.775	4.775	4.775
SPAC25B8.13c	isp7	viable	V	0.0	0.01	0.459	0.463	0.428	0.26	0.338
SPAC25B8.14	mal2	inviable	E	0.0	0.584	1.569	2.96	4.452	4.452	4.452
SPAC25B8.15c	tyw3	viable	V	0.0	0.638	0.719	2.239	1.417	2.802	2.338
SPAC25B8.16	pop100	inviable	E	0.0	1.893	3.063	4.855	4.293	4.651	4.613
SPAC25B8.17	ypf1	viable	V	0.0	0.729	-0.096	1.982	0.88	0.236	-0.05
SPAC25B8.19c	loz1	viable	V	0.0	0.496	-0.306	1.636	1.048	1.636	2.064
SPAC25B8.20	smp1	viable	Not_determined	0.0	2.663	0.218	2.663	1.663	0.444	1.799
SPAC25G10.02	cce1	viable	V	0.0	0.063	-0.226	0.237	0.343	-0.0	0.502
SPAC25G10.03	zip1	condition-dependent	V	0.0	1.261	2.722	3.049	2.942	3.682	4.569
SPAC25G10.04c	rec10	viable	V	0.0	0.012	-0.062	-0.096	0.053	0.052	0.162
SPAC25G10.05c	his1	viable	V	0.0	0.023	0.17	0.3	0.291	0.3	0.437
SPAC25G10.06	rps2801	viable	V	0.0	1.627	2.762	3.617	4.274	4.801	4.766
SPAC25G10.07c	cut7	condition-dependent	E	0.0	1.517	2.574	3.674	3.352	3.531	3.517
SPAC25G10.08	tif302	inviable	E	0.0	2.737	3.482	3.934	4.086	4.18	4.462
SPAC25G10.09c	pan1	viable	V	0.0	1.089	2.571	3.573	3.925	3.994	3.853
SPAC25H1.02	jmj1	viable	V	0.0	0.744	0.477	0.909	0.975	0.877	0.4
SPAC25H1.04	mug105	viable	V	0.0	0.275	-0.452	-0.168	-0.428	-0.174	-0.436
SPAC25H1.05	meu29	viable	V	0.0	0.476	0.777	1.608	1.407	2.413	2.175
SPAC25H1.06	pcf3	viable	V	0.0	-0.164	1.135	1.63	0.621	0.809	1.192
SPAC25H1.07	emc1	viable	V	0.0	0.25	0.034	0.145	0.371	0.508	1.222
SPAC25H1.08c	sqt1	inviable	E	0.0	0.666	1.75	3.666	1.433	2.699	3.202
SPAC25H1.09	mde5	viable	V	0.0	0.42	-0.602	-0.192	-0.267	-0.372	0.776
SPAC25H1.10c	atp19	viable	Not_determined	0.0	0.967	1.312	0.881	1.785	0.307	2.785
SPAC26A3.01	sxa1	viable	V	0.0	0.181	0.086	0.95	0.676	0.81	0.262
SPAC26A3.02	myh1	viable	V	0.0	0.059	0.199	0.843	0.84	0.863	0.963
SPAC26A3.03c	rmi1	inviable	E	0.0	-0.004	2.021	2.721	2.672	3.169	3.244
SPAC26A3.05	chc1	inviable	E	0.0	1.493	3.01	3.238	3.357	3.524	3.3
SPAC26A3.06	bud23	viable	V	0.0	-0.449	0.875	1.1	0.149	1.415	1.528
SPAC26A3.09c	rga2	viable	V	0.0	-0.028	0.092	0.653	0.392	0.487	0.654
SPAC26A3.10	cnt6	viable	V	0.0	-0.311	-0.129	-0.204	-0.097	0.078	-0.151
SPAC26A3.11	SPAC26A3.11	viable	V	0.0	-0.072	0.408	0.431	0.288	-0.162	0.287
SPAC26A3.12c	dhp1	inviable	E	0.0	1.899	3.12	3.471	3.704	3.639	3.708
SPAC26A3.14c	atg44	viable	V	0.0	1.246	-0.318	0.627	0.127	0.627	1.263
SPAC26A3.15c	nsp1	inviable	E	0.0	2.077	2.803	3.024	3.238	2.949	3.238
SPAC26A3.16	dsk2	viable	V	0.0	0.021	-0.031	-0.093	-0.24	-0.276	-0.2
SPAC26A3.17c	rmt2	viable	V	0.0	0.306	0.478	0.336	1.227	0.848	0.804
SPAC26F1.01	sec74	viable	V	0.0	-0.077	-0.75	0.006	-0.379	-0.148	-0.545
SPAC26F1.02	pnn1	viable	V	0.0	0.87	0.958	0.692	0.775	0.789	0.996
SPAC26F1.03	pda1	inviable	E	0.0	1.039	1.856	2.698	4.088	4.418	4.767
SPAC26F1.04c	etr1	viable	V	0.0	-0.073	0.127	0.112	0.5	2.159	3.858
SPAC26F1.05	mug106	viable	V	0.0	0.172	0.792	0.948	1.06	0.178	0.101
SPAC26F1.06	gpm1	inviable	E	0.0	2.722	4.438	5.408	5.393	4.896	5.328
SPAC26F1.07	SPAC26F1.07	viable	V	0.0	0.09	0.253	0.435	0.483	0.321	0.052
SPAC26F1.08c	SPAC26F1.08c	viable	V	0.0	0.304	0.135	0.774	0.635	0.542	0.403
SPAC26F1.09	gyp51	viable	V	0.0	0.224	0.214	0.648	0.511	0.916	0.907
SPAC26F1.10c	pyp1	viable	V	0.0	0.614	0.816	1.032	1.067	1.469	2.044
SPAC26F1.11	SPAC26F1.11	unknown	Not_determined	0.0	0.128	0.281	1.225	0.141	-0.162	0.934
SPAC26F1.12c	hgh1	viable	V	0.0	0.078	0.161	0.306	0.437	0.535	0.666
SPAC26F1.13c	lrs1	inviable	E	0.0	2.357	2.783	3.831	4.234	3.589	4.234
SPAC26F1.14c	aif1	viable	V	0.0	0.771	0.235	1.962	1.898	1.962	1.107
SPAC26H5.02c	mgs1	viable	V	0.0	-0.105	0.249	0.108	0.098	0.544	0.436
SPAC26H5.03	pcf2	viable	V	0.0	0.269	0.281	0.128	0.18	0.346	0.717
SPAC26H5.04	gid5	viable	V	0.0	-0.005	0.943	0.654	1.411	1.256	1.32
SPAC26H5.05	mga2	viable	V	0.0	0.511	0.93	1.585	2.38	3.004	3.141
SPAC26H5.06	pot1	condition-dependent	E	0.0	0.174	0.866	2.315	3.115	3.86	4.023
SPAC26H5.07c	SPAC26H5.07c	viable	V	0.0	0.228	-0.078	0.278	0.038	0.148	0.228
SPAC26H5.09c	SPAC26H5.09c	viable	V	0.0	0.748	0.742	0.574	0.871	0.631	0.926
SPAC26H5.10c	tif51	viable	V	0.0	-0.106	-0.417	0.337	-0.122	0.415	-0.306
SPAC26H5.11	mug56	viable	V	0.0	0.052	0.46	0.512	0.37	0.718	0.57
SPAC26H5.12	rpo41	inviable	E	0.0	0.656	2.82	3.778	4.025	4.361	4.391
SPAC26H5.13c	kei1	inviable	E	0.0	2.964	3.136	3.434	3.434	3.434	3.434
SPAC27D7.02c	grp1	viable	V	0.0	0.117	0.071	0.304	0.858	0.886	0.577
SPAC27D7.03c	mei2	viable	V	0.0	-0.024	-0.56	-0.694	-0.786	-0.713	-0.994
SPAC27D7.04	omt2	viable	V	0.0	-0.059	0.144	1.081	0.319	0.822	0.52
SPAC27D7.05c	apc14	viable	V	0.0	0.062	0.139	0.605	0.482	0.047	-0.202
SPAC27D7.06	etf1	viable	V	0.0	2.031	0.557	-0.856	-0.291	-0.666	-0.32
SPAC27D7.08c	mtl16	viable	V	0.0	-0.034	0.007	0.221	0.592	0.571	1.152
SPAC27D7.11c	SPAC27D7.11c	viable	V	0.0	0.063	0.067	0.49	0.251	0.567	0.342
SPAC27D7.12c	but1	viable	V	0.0	0.119	0.057	0.139	0.425	0.498	0.256
SPAC27D7.13c	ssm4	viable	V	0.0	-0.087	0.104	0.082	-0.146	0.113	0.139
SPAC27D7.14c	tpr1	viable	V	0.0	0.62	1.483	2.266	3.355	3.585	3.803
SPAC27E2.01	SPAC27E2.01	viable	V	0.0	-0.0	0.152	0.024	0.243	0.183	0.208
SPAC27E2.02	yih1	viable	V	0.0	0.267	0.345	0.389	0.467	0.12	0.384
SPAC27E2.03c	ola1	viable	V	0.0	0.876	1.853	1.42	2.13	2.971	2.975
SPAC27E2.04c	mug155	unknown	Not_determined	0.0	-0.04	0.132	0.026	0.129	0.025	0.083
SPAC27E2.05	cdc1	inviable	E	0.0	1.648	3.425	4.044	3.984	4.37	4.381
SPAC27E2.06c	msm1	inviable	E	0.0	-0.033	0.185	2.258	3.824	4.505	4.307
SPAC27E2.07	pvg2	viable	V	0.0	-0.213	0.061	0.104	-0.32	-0.056	0.05
SPAC27E2.08	Tf2-6	unknown	Not_determined	0.0	-1.148	-0.134	-0.358	-0.278	-0.677	-0.39
SPAC27E2.09	mak2	viable	V	0.0	0.186	-0.131	-0.104	-0.271	-0.123	0.38
SPAC27E2.10c	rfc3	inviable	E	0.0	0.48	1.428	3.234	3.565	3.9	3.71
SPAC27E2.12	SPAC27E2.12	viable	Not_determined	0.0	-0.086	0.093	-0.026	-0.155	-0.094	-0.253
SPAC27E2.14	SPAC27E2.14	unknown	Not_determined	0.0	-0.027	-0.062	-0.061	-0.155	-0.179	-0.144
SPAC27F1.02c	cdc8	inviable	E	0.0	0.62	2.0	3.26	3.621	4.314	4.431
SPAC27F1.04c	nuf2	inviable	E	0.0	0.97	2.573	3.36	3.119	3.289	3.369
SPAC27F1.05c	SPAC27F1.05c	viable	V	0.0	0.176	0.501	0.362	0.42	0.413	0.508
SPAC27F1.06c	ani2	viable	V	0.0	-0.257	-0.265	0.122	0.084	1.952	0.608
SPAC27F1.07	ost1	inviable	E	0.0	1.311	3.873	4.643	4.603	5.218	5.369
SPAC27F1.08	pdt1	viable	V	0.0	0.082	-0.031	-0.06	0.438	0.19	0.731
SPAC27F1.09c	prp10	inviable	E	0.0	2.365	3.684	4.108	4.15	4.061	4.052
SPAC27F1.10	SPAC27F1.10	viable	V	0.0	0.003	1.205	1.186	0.54	2.116	1.255
SPAC29A4.02c	SPAC29A4.02c	viable	V	0.0	-0.306	0.195	0.19	0.509	0.307	0.084
SPAC29A4.03c	mrps9	inviable	E	0.0	0.343	1.021	2.583	3.366	3.829	3.63
SPAC29A4.04c	cbf5	inviable	E	0.0	1.97	3.988	5.325	3.808	5.808	4.884
SPAC29A4.06c	SPAC29A4.06c	inviable	E	0.0	1.504	3.164	2.95	3.485	4.052	4.052
SPAC29A4.07	srb6	inviable	E	0.0	0.095	1.482	3.045	4.026	4.069	4.218
SPAC29A4.08c	prp19	inviable	E	0.0	1.381	3.478	4.259	4.346	4.601	4.461
SPAC29A4.09	rrp17	viable	V	0.0	0.641	1.048	2.187	3.945	2.642	3.431
SPAC29A4.10	rrn5	inviable	E	0.0	0.919	2.138	2.692	3.213	3.307	3.253
SPAC29A4.11	rga3	viable	V	0.0	-0.15	-0.289	-0.313	-0.198	-0.166	-0.115
SPAC29A4.12c	mug108	viable	V	0.0	-0.375	-0.835	0.208	0.0	-0.374	0.267
SPAC29A4.14c	pex3	viable	V	0.0	0.685	0.417	0.595	-0.018	0.99	0.78
SPAC29A4.15	srs1	inviable	E	0.0	1.979	3.418	3.79	3.79	3.79	3.79
SPAC29A4.16	hal4	condition-dependent	V	0.0	0.624	0.682	1.157	1.587	1.713	1.669
SPAC29A4.17c	fun14	viable	V	0.0	0.4	-0.052	-0.23	-0.356	-0.59	-0.346
SPAC29A4.18	prw1	condition-dependent	V	0.0	0.357	0.88	1.805	2.732	3.845	4.599
SPAC29A4.19c	cta5	viable	V	0.0	0.026	0.231	0.067	-0.07	-0.134	-0.103
SPAC29A4.20	elp3	viable	V	0.0	1.106	2.051	3.115	3.738	3.888	4.303
SPAC29A4.23	SPAC29A4.23	unknown	Not_determined	0.0	0.035	0.122	0.398	0.107	0.293	0.245
SPAC29B12.01	ino80	inviable	E	0.0	0.801	1.806	3.045	3.37	3.675	3.673
SPAC29B12.02c	set2	viable	V	0.0	0.31	0.684	0.946	1.051	1.631	1.636
SPAC29B12.03	spd1	viable	V	0.0	0.061	0.019	0.003	0.157	0.137	0.158
SPAC29B12.04	snz1	viable	V	0.0	1.146	1.737	3.111	3.985	4.942	4.732
SPAC29B12.05c	mtq1	viable	V	0.0	-0.063	0.063	-0.021	0.224	0.2	0.261
SPAC29B12.06c	rcd1	viable	V	0.0	0.015	0.015	0.402	0.736	0.961	0.977
SPAC29B12.07	sec16	inviable	E	0.0	1.562	3.234	3.448	3.651	3.707	3.935
SPAC29B12.08	clr5	viable	V	0.0	-0.445	0.135	0.043	0.85	0.723	0.48
SPAC29B12.10c	pgt1	viable	V	0.0	-0.009	0.057	0.115	-0.124	-0.021	0.022
SPAC29B12.11c	SPAC29B12.11c	viable	V	0.0	-0.064	-0.193	-0.042	-0.121	-0.229	-0.075
SPAC29B12.12	hot13	viable	V	0.0	-0.225	-0.112	-0.008	-0.449	-0.012	-0.39
SPAC29B12.14c	SPAC29B12.14c	viable	V	0.0	0.026	-0.021	0.081	0.123	-0.128	-0.066
SPAC29E6.01	pof11	viable	V	0.0	-0.227	0.639	0.134	-0.029	0.189	0.246
SPAC29E6.02	prp3	inviable	E	0.0	1.753	3.413	3.843	3.779	4.082	3.95
SPAC29E6.03c	uso1	inviable	E	0.0	1.959	3.646	4.277	4.013	4.281	4.146
SPAC29E6.04	nnf1	inviable	E	0.0	0.657	2.669	4.419	4.701	4.882	4.592
SPAC29E6.05c	mxr1	viable	V	0.0	-0.967	-1.034	-1.524	-1.182	-1.763	-0.533
SPAC29E6.06c	SPAC29E6.06c	inviable	E	0.0	2.46	4.118	4.217	4.682	4.623	4.708
SPAC29E6.07	SPAC29E6.07	viable	V	0.0	0.789	1.255	0.836	1.378	1.67	-0.017
SPAC29E6.08	tbp1	inviable	E	0.0	2.334	4.279	4.389	3.955	4.404	4.498
SPAC29E6.09	SPAC29E6.09	viable	V	0.0	-0.087	0.278	-0.183	0.133	-0.124	-0.158
SPAC29E6.10c	nst1	viable	V	0.0	0.508	0.786	1.091	1.371	1.771	1.941
SPAC2C4.03c	smd2	inviable	E	0.0	1.452	2.944	2.803	2.946	2.798	2.442
SPAC2C4.04c	aim29	inviable	E	0.0	0.858	2.347	3.598	4.535	4.535	4.535
SPAC2C4.05	cor1	viable	V	0.0	0.834	1.173	0.915	-0.255	0.816	0.551
SPAC2C4.06c	rcm1	viable	V	0.0	0.372	0.258	0.65	0.54	0.56	1.168
SPAC2C4.07c	dis32	viable	V	0.0	-0.157	0.131	0.106	-0.08	-0.255	-0.24
SPAC2C4.08	SPAC2C4.08	viable	V	0.0	1.145	1.11	2.02	1.025	2.022	1.162
SPAC2C4.09	SPAC2C4.09	viable	V	0.0	-0.249	0.252	-0.118	-0.034	0.279	-0.012
SPAC2C4.10c	csc4	viable	V	0.0	0.762	0.189	0.472	0.037	-0.108	1.261
SPAC2C4.11c	pno1	inviable	E	0.0	2.733	3.24	4.157	4.157	4.157	4.157
SPAC2C4.12c	tpt1	inviable	E	0.0	1.899	3.269	4.708	4.011	4.51	4.783
SPAC2C4.14c	ppk11	viable	V	0.0	0.148	-0.777	0.625	-0.278	1.029	1.128
SPAC2C4.15c	ubx2	viable	V	0.0	0.324	0.049	-0.298	0.169	0.513	0.666
SPAC2C4.16c	rps801	viable	V	0.0	1.2	2.256	2.902	2.902	2.625	2.902
SPAC2C4.17c	msy2	viable	V	0.0	-0.21	-0.011	-0.394	0.587	0.319	0.454
SPAC2E12.02	hsf1	inviable	E	0.0	1.901	3.536	3.81	3.849	4.011	4.141
SPAC2E12.03c	SPAC2E12.03c	viable	V	0.0	-0.493	-0.03	0.636	0.073	1.236	1.229
SPAC2E12.05	wtf1	unknown	Not_determined	0.0	0.213	0.347	0.943	0.773	0.311	0.923
SPAC2E1P3.01	SPAC2E1P3.01	viable	V	0.0	0.118	0.236	-0.074	-0.237	-0.136	-0.002
SPAC2E1P3.02c	amt3	viable	V	0.0	-0.129	-0.233	-0.122	-0.234	-0.166	-0.1
SPAC2E1P3.04	cao1	viable	V	0.0	-0.421	-0.415	-0.554	-0.405	-0.487	-0.449
SPAC2E1P5.01c	mns1	viable	V	0.0	-0.114	0.161	0.699	0.875	0.621	0.572
SPAC2E1P5.03	erj5	viable	V	0.0	0.064	0.118	-0.007	0.206	0.084	-0.145
SPAC2E1P5.04c	cwg2	inviable	E	0.0	0.651	2.751	3.864	3.435	3.734	3.618
SPAC2E1P5.05	rrp9	inviable	E	0.0	1.863	3.865	4.528	4.862	4.852	5.008
SPAC2F3.01	imt1	viable	V	0.0	0.187	0.172	0.685	0.113	0.24	0.535
SPAC2F3.02	sec67	viable	V	0.0	0.328	0.666	0.663	0.902	1.014	1.231
SPAC2F3.03c	rpa49	inviable	E	0.0	0.882	2.858	3.785	4.302	4.46	4.393
SPAC2F3.04c	rim1	inviable	E	0.0	0.178	0.17	0.767	2.031	2.773	3.955
SPAC2F3.05c	SPAC2F3.05c	viable	V	0.0	-0.041	0.001	-0.229	0.146	0.064	0.414
SPAC2F3.06c	kap104	condition-dependent	E	0.0	1.26	2.046	3.233	4.065	4.144	4.039
SPAC2F3.07c	SPAC2F3.07c	viable	V	0.0	-0.926	-0.587	-0.044	-0.327	-0.213	-0.483
SPAC2F3.08	sut1	viable	V	0.0	-0.148	-0.121	-0.382	-0.182	-0.467	-0.309
SPAC2F3.09	hem1	condition-dependent	E	0.0	1.156	2.867	4.813	4.496	4.442	4.518
SPAC2F3.10	vps54	inviable	E	0.0	0.299	1.833	3.692	4.332	4.413	4.555
SPAC2F3.11	ppx1	viable	V	0.0	-0.186	0.022	0.194	0.766	0.875	0.866
SPAC2F3.12c	plp1	viable	V	0.0	0.408	0.34	0.662	0.552	0.017	-0.375
SPAC2F3.13c	qtr2	viable	V	0.0	0.079	0.532	0.725	0.917	1.153	1.597
SPAC2F3.14c	saf2	inviable	E	0.0	1.743	4.1	4.281	6.02	5.398	5.695
SPAC2F3.15	lsk1	viable	V	0.0	0.198	0.476	0.52	0.941	0.888	1.025
SPAC2F3.16	SPAC2F3.16	viable	V	0.0	0.851	0.899	1.862	0.902	1.563	2.113
SPAC2F3.17c	lsm6	inviable	E	0.0	1.286	3.611	4.129	3.956	4.152	4.37
SPAC2F3.18c	SPAC2F3.18c	viable	V	0.0	-0.134	-0.242	-0.028	0.0	0.091	0.023
SPAC2F7.02c	psr1	viable	V	0.0	0.293	0.46	1.179	0.64	0.825	0.55
SPAC2F7.03c	pom1	viable	V	0.0	0.256	0.53	0.549	0.969	0.925	1.401
SPAC2F7.04	med1	viable	V	0.0	0.246	0.493	0.714	0.527	0.838	1.16
SPAC2F7.05c	tif5	inviable	E	0.0	2.235	3.304	4.064	3.988	3.715	4.176
SPAC2F7.06c	pol4	viable	V	0.0	0.157	-0.143	-0.23	-0.416	0.389	0.4
SPAC2F7.07c	cph2	viable	V	0.0	0.235	0.721	1.488	1.529	2.207	2.473
SPAC2F7.08c	snf5	viable	V	0.0	0.241	0.232	0.458	0.652	0.775	1.208
SPAC2F7.09c	gep3	viable	V	0.0	0.158	0.565	0.525	0.75	0.825	1.031
SPAC2F7.10	akr1	viable	V	0.0	0.196	0.228	0.437	0.316	0.497	0.456
SPAC2F7.11	nrd1	viable	V	0.0	-0.144	-0.14	0.495	0.726	0.365	0.293
SPAC2F7.13c	wrs1	inviable	E	0.0	2.02	3.64	3.575	3.425	4.445	3.994
SPAC2F7.15	rsm24	inviable	E	0.0	0.817	1.342	3.07	3.681	4.007	4.007
SPAC2F7.16c	pld1	viable	Not_determined	0.0	0.021	0.161	0.103	-0.124	0.01	-0.056
SPAC2F7.17	mrf1	viable	V	0.0	0.149	0.282	0.87	1.022	0.823	1.219
SPAC2G11.02	urb2	inviable	E	0.0	1.278	2.929	3.753	4.094	4.178	4.123
SPAC2G11.03c	vps45	viable	V	0.0	0.087	0.472	1.564	2.357	2.72	2.694
SPAC2G11.04	rbm17	viable	V	0.0	0.189	0.337	0.157	0.393	0.544	0.703
SPAC2G11.05c	alx1	viable	V	0.0	-0.11	0.301	-0.029	-0.313	-0.182	0.358
SPAC2G11.06	vps4	viable	V	0.0	0.537	1.582	2.367	3.448	3.603	4.237
SPAC2G11.07c	ptc3	viable	V	0.0	-0.104	0.076	-0.079	-0.277	0.206	0.892
SPAC2G11.09	SPAC2G11.09	viable	V	0.0	0.16	0.206	-0.066	-0.135	-0.177	-0.25
SPAC2G11.10c	uba42	viable	V	0.0	0.289	0.875	1.395	1.702	2.16	2.248
SPAC2G11.11c	prh1	inviable	E	0.0	1.455	3.391	3.634	4.132	4.09	4.125
SPAC2G11.12	rqh1	viable	V	0.0	0.121	1.373	1.474	2.113	2.812	3.416
SPAC2G11.13	atg22	viable	V	0.0	0.467	0.812	0.678	0.357	0.653	0.581
SPAC2G11.14	taf1	inviable	E	0.0	0.809	2.524	3.193	3.435	3.773	3.899
SPAC2G11.15c	tgs1	viable	Not_determined	0.0	0.101	0.17	0.781	1.244	2.117	2.646
SPAC2H10.01	SPAC2H10.01	viable	V	0.0	-0.006	0.024	0.191	0.333	0.156	-0.025
SPAC2H10.02c	nas2	viable	V	0.0	-0.004	0.028	0.076	0.126	0.413	0.123
SPAC2H10.04	SPAC2H10.04	unknown	Not_determined	0.0	0.316	0.778	0.275	-0.378	-0.555	0.126
SPAC30.01c	sec72	viable	V	0.0	0.288	0.792	0.49	0.959	0.972	0.84
SPAC30.02c	kti12	viable	V	0.0	0.954	1.933	2.676	3.223	3.661	4.097
SPAC30.03c	tsn1	viable	V	0.0	0.549	0.654	1.034	0.866	0.826	0.633
SPAC30.04c	abc4	viable	V	0.0	-0.113	0.203	0.423	0.321	0.295	0.42
SPAC30C2.02	mmd1	viable	V	0.0	0.928	1.246	1.931	2.441	2.114	2.447
SPAC30C2.03	SPAC30C2.03	inviable	E	0.0	0.162	0.568	1.976	2.765	3.368	3.144
SPAC30C2.04	asc1	viable	V	0.0	0.713	1.297	1.954	2.692	2.726	3.569
SPAC30C2.05	erv14	viable	V	0.0	-0.17	0.067	0.119	-0.185	-0.045	-0.201
SPAC30C2.06c	dml1	viable	V	0.0	1.486	2.586	5.167	4.821	5.134	4.35
SPAC30C2.07	fnp1	viable	V	0.0	0.122	-0.208	-0.196	-0.453	-0.466	-0.546
SPAC30C2.08	SPAC30C2.08	viable	V	0.0	0.025	-0.075	0.108	0.22	0.008	1.017
SPAC30D11.01c	gto2	viable	V	0.0	-0.01	1.015	0.253	1.424	1.544	1.237
SPAC30D11.02c	SPAC30D11.02c	viable	V	0.0	0.1	0.201	0.405	0.579	0.414	0.143
SPAC30D11.03	ddx27	inviable	E	0.0	1.768	3.508	4.162	4.774	4.788	4.829
SPAC30D11.04c	nup124	viable	V	0.0	0.19	0.418	0.899	0.665	1.075	1.178
SPAC30D11.05	aps3	viable	V	0.0	0.343	0.555	0.386	0.782	1.128	0.81
SPAC30D11.06c	hfl1	viable	V	0.0	0.003	-0.113	0.511	-0.375	-0.042	1.111
SPAC30D11.07	nth1	viable	V	0.0	-0.026	0.235	0.404	0.43	0.512	0.62
SPAC30D11.08c	phf2	inviable	E	0.0	0.565	1.097	3.28	4.185	3.685	3.784
SPAC30D11.09	cwf19	viable	V	0.0	0.199	0.301	0.663	0.846	1.098	1.658
SPAC30D11.10	rad52	viable	V	0.0	0.632	1.712	2.732	3.367	3.518	3.651
SPAC30D11.11	izh3	viable	V	0.0	0.162	0.25	0.403	0.33	0.391	0.242
SPAC30D11.13	hus5	condition-dependent	V	0.0	0.2	1.047	2.511	3.543	3.762	3.952
SPAC30D11.14c	SPAC30D11.14c	viable	V	0.0	0.089	0.226	0.353	0.464	0.814	0.638
SPAC31A2.02	trm112	viable	V	0.0	0.396	1.313	2.614	3.496	4.025	4.616
SPAC31A2.03	mrp11	inviable	E	0.0	0.076	0.747	2.603	3.085	3.726	3.909
SPAC31A2.04c	pre1	inviable	E	0.0	1.365	2.693	3.361	3.442	3.442	3.442
SPAC31A2.05c	mis4	inviable	E	0.0	0.732	2.214	3.383	4.008	4.164	4.074
SPAC31A2.06	atp25	viable	V	0.0	0.32	0.558	1.104	1.432	1.632	2.01
SPAC31A2.07c	dbp10	inviable	E	0.0	1.783	3.739	4.339	4.361	4.115	4.283
SPAC31A2.08	mrp20	inviable	E	0.0	0.364	1.147	3.987	3.828	3.282	3.914
SPAC31A2.09c	apm4	viable	V	0.0	0.029	-0.047	-0.02	0.293	0.862	0.136
SPAC31A2.10	SPAC31A2.10	viable	V	0.0	0.177	0.209	0.222	0.394	0.538	0.287
SPAC31A2.11c	cuf1	viable	V	0.0	0.325	0.587	1.033	1.191	1.252	1.535
SPAC31A2.12	rod1	viable	V	0.0	-0.072	-0.089	-0.43	0.381	0.735	0.512
SPAC31A2.13c	sft1	viable	V	0.0	1.81	3.397	3.988	3.669	3.892	3.657
SPAC31A2.14	bun107	viable	V	0.0	0.139	-0.029	0.123	-0.176	-0.092	-0.058
SPAC31A2.15c	dcc1	viable	V	0.0	0.004	0.177	0.454	0.675	0.85	1.252
SPAC31A2.16	gef2	viable	V	0.0	0.008	0.183	0.121	0.506	0.489	0.353
SPAC31F12.01	zds1	viable	V	0.0	-0.137	0.093	0.087	0.463	0.55	0.674
SPAC31G5.01	sap49	inviable	E	0.0	1.24	4.383	4.37	3.443	4.166	4.471
SPAC31G5.02	rot1	inviable	E	0.0	1.32	3.141	4.116	3.957	4.116	4.441
SPAC31G5.03	rps1101	viable	V	0.0	2.176	3.562	5.157	5.503	4.939	5.671
SPAC31G5.04	lys12	viable	V	0.0	0.225	0.278	0.09	0.011	0.637	0.122
SPAC31G5.05c	rpe1	inviable	E	0.0	0.519	2.394	3.057	3.645	3.383	3.355
SPAC31G5.06	rrg8	inviable	E	0.0	0.073	0.317	1.408	3.752	4.681	4.671
SPAC31G5.07	dni1	viable	V	0.0	0.498	0.309	0.004	0.145	0.325	0.145
SPAC31G5.08	hem4	inviable	E	0.0	0.638	1.68	3.618	3.881	4.445	4.528
SPAC31G5.09c	spk1	viable	V	0.0	-0.021	0.47	0.299	0.009	0.588	0.393
SPAC31G5.10	eta2	viable	V	0.0	0.088	0.09	0.107	0.431	0.36	0.523
SPAC31G5.11	pac2	viable	V	0.0	0.323	0.897	1.632	1.8	1.781	1.927
SPAC31G5.12c	maf1	viable	V	0.0	0.843	1.392	1.367	1.194	1.618	1.325
SPAC31G5.13	rpn11	inviable	E	0.0	1.969	3.425	4.095	3.975	4.108	3.911
SPAC31G5.14	gcv1	viable	V	0.0	-0.149	-0.364	-0.068	-0.341	-0.353	-0.121
SPAC31G5.15	psd3	viable	V	0.0	-0.065	-0.357	0.006	1.513	0.48	1.116
SPAC31G5.16c	dpm1	inviable	E	0.0	2.216	5.631	5.605	7.105	6.169	7.105
SPAC31G5.17c	rps1001	viable	V	0.0	0.975	1.614	2.472	2.831	3.516	3.958
SPAC31G5.18c	sde2	viable	V	0.0	0.504	-0.259	-0.959	-0.656	0.992	0.528
SPAC31G5.19	abo1	viable	V	0.0	1.268	2.55	2.912	3.044	3.456	3.724
SPAC31G5.21	SPAC31G5.21	viable	V	0.0	1.676	0.656	1.197	0.101	-0.242	0.75
SPAC323.01c	pos5	condition-dependent	V	0.0	0.255	0.738	2.458	2.387	3.145	3.387
SPAC323.02c	pup2	inviable	E	0.0	1.896	3.819	4.535	4.368	4.317	4.554
SPAC323.03c	pex8	viable	V	0.0	0.764	-0.414	-0.453	0.352	-0.075	0.145
SPAC323.04	SPAC323.04	viable	V	0.0	0.292	0.209	0.146	0.453	0.231	0.051
SPAC323.05c	mtq2	viable	V	0.0	0.31	1.142	2.461	3.436	3.724	4.14
SPAC323.06c	uba5	inviable	E	0.0	0.212	0.898	2.393	3.961	4.515	4.568
SPAC323.07c	SPAC323.07c	viable	V	0.0	-0.067	0.435	0.319	1.141	0.675	1.184
SPAC323.08	rmp1	condition-dependent	E	0.0	2.409	3.316	3.853	4.79	4.79	4.79
SPAC328.01c	msn5	viable	V	0.0	0.301	0.17	0.292	0.731	0.832	0.761
SPAC328.02	dbl4	viable	V	0.0	0.82	1.815	3.034	3.586	3.549	3.795
SPAC328.03	tps1	viable	V	0.0	0.316	0.327	0.629	0.794	0.545	0.371
SPAC328.04	spg4	viable	V	0.0	-0.055	-0.084	0.738	0.902	0.506	1.098
SPAC328.05	hrb1	viable	V	0.0	-0.107	0.871	0.602	1.268	1.814	1.476
SPAC328.06	ubp2	viable	V	0.0	-0.132	-0.019	-0.037	0.124	0.08	-0.105
SPAC328.07c	bsd1	viable	V	0.0	0.086	0.106	-0.927	-0.537	-0.481	-0.572
SPAC328.09	odc1	viable	V	0.0	0.172	0.316	0.547	0.345	0.387	0.603
SPAC328.10c	rps502	viable	V	0.0	0.473	0.958	1.714	2.416	1.714	2.955
SPAC32A11.01	mug8	viable	V	0.0	0.316	0.849	0.922	0.828	1.13	0.677
SPAC32A11.02c	SPAC32A11.02c	viable	V	0.0	-0.328	0.166	0.148	0.198	0.49	0.432
SPAC32A11.03c	phx1	viable	V	0.0	0.091	0.544	1.037	0.25	1.205	0.526
SPAC32A11.04c	tif212	inviable	E	0.0	2.094	3.479	3.807	3.655	4.004	4.023
SPAC343.01c	erg8	inviable	E	0.0	1.153	3.087	3.949	3.674	4.029	3.991
SPAC343.02	img1	inviable	E	0.0	0.684	1.159	2.74	3.265	3.147	3.0
SPAC343.04c	gid7	viable	V	0.0	0.212	-0.057	0.273	0.51	0.348	0.344
SPAC343.05	vma1	condition-dependent	E	0.0	1.079	2.046	2.767	2.391	3.073	3.57
SPAC343.06c	pls1	viable	V	0.0	-0.156	-0.011	0.312	0.294	-0.165	-0.154
SPAC343.07	mug28	viable	V	0.0	0.103	0.033	-0.21	-0.065	-0.083	-0.041
SPAC343.08c	mrp17	inviable	E	0.0	-0.92	0.157	1.094	2.031	0.531	2.031
SPAC343.09	ubx3	viable	V	0.0	-0.164	2.217	2.217	2.217	1.28	1.353
SPAC343.10	met11	viable	V	0.0	0.047	-0.206	-0.29	0.059	-0.248	0.011
SPAC343.11c	msc1	viable	V	0.0	0.241	0.459	0.549	0.645	0.925	1.348
SPAC343.12	rds1	viable	V	0.0	-0.125	-0.2	-0.184	-0.089	0.134	-0.231
SPAC343.13	gta2	inviable	E	0.0	0.097	0.105	1.894	3.447	4.362	4.457
SPAC343.14c	tif222	inviable	E	0.0	2.179	3.916	4.352	4.605	4.23	4.439
SPAC343.15	tit1	viable	V	0.0	0.187	0.328	0.847	1.062	1.248	1.942
SPAC343.16	lys2	viable	V	0.0	0.396	0.881	1.222	0.923	0.952	0.86
SPAC343.17c	wdr70	condition-dependent	E	0.0	0.206	0.942	1.871	2.531	2.578	3.55
SPAC343.18	rfp2	viable	V	0.0	0.681	1.091	1.778	0.108	0.072	0.712
SPAC343.19	lsb6	viable	V	0.0	-1.078	-1.833	-0.029	-0.159	0.829	1.71
SPAC343.21	SPAC343.21	viable	Not_determined	0.0	0.112	0.27	0.154	0.157	0.226	0.167
SPAC3A11.02	cps3	viable	V	0.0	0.131	0.213	-0.038	0.365	0.812	0.648
SPAC3A11.03	efm3	viable	V	0.0	-0.124	0.042	-0.558	-0.173	0.193	-0.175
SPAC3A11.04	sei1	viable	V	0.0	0.28	0.648	2.169	1.394	2.039	1.496
SPAC3A11.05c	kms1	viable	V	0.0	0.578	-0.118	0.132	0.166	0.084	-0.146
SPAC3A11.06	mvp1	viable	V	0.0	0.11	0.311	0.478	0.539	0.522	0.681
SPAC3A11.07	nde1	viable	V	0.0	0.228	0.695	0.549	0.569	0.787	0.992
SPAC3A11.08	cul4	condition-dependent	E	0.0	0.846	1.774	2.63	3.786	3.961	4.032
SPAC3A11.09	sod22	viable	V	0.0	-0.016	-0.344	-0.238	-0.388	-0.427	-0.168
SPAC3A11.10c	dpe1	viable	V	0.0	-0.19	0.442	0.383	0.881	0.999	0.628
SPAC3A11.11c	SPAC3A11.11c	viable	V	0.0	-0.581	-0.171	-0.103	-0.411	-0.285	-0.525
SPAC3A11.12c	rpt5	inviable	E	0.0	1.749	3.001	3.251	3.169	3.177	3.038
SPAC3A11.13	pfd6	viable	V	0.0	0.101	0.494	0.925	1.398	1.775	2.321
SPAC3A11.14c	pkl1	viable	V	0.0	0.071	0.23	0.375	0.408	0.547	0.667
SPAC3A12.02	ceo2	inviable	E	0.0	0.006	0.461	1.167	2.433	3.86	3.788
SPAC3A12.03c	meu34	viable	V	0.0	0.202	1.277	1.12	0.041	1.014	0.705
SPAC3A12.04c	rpp1	inviable	E	0.0	1.575	3.355	3.76	4.824	4.206	3.938
SPAC3A12.05c	taf2	inviable	E	0.0	0.702	3.065	3.894	4.296	4.411	4.59
SPAC3A12.06c	SPAC3A12.06c	viable	V	0.0	-0.101	-0.108	-0.052	-0.427	-0.307	-0.507
SPAC3A12.07	rpb11	inviable	E	0.0	1.922	3.246	5.626	4.626	5.626	5.626
SPAC3A12.08	SPAC3A12.08	viable	V	0.0	0.626	1.014	1.312	1.644	1.148	0.969
SPAC3A12.09c	ure4	viable	V	0.0	-0.138	-0.058	-0.131	-0.224	-0.066	0.159
SPAC3A12.10	rpl2001	viable	V	0.0	0.958	3.281	3.258	3.308	4.195	3.58
SPAC3A12.11c	cwf2	inviable	E	0.0	1.711	2.13	2.36	2.611	2.844	2.959
SPAC3A12.12	atp11	viable	V	0.0	0.192	0.261	0.502	0.56	0.864	1.101
SPAC3A12.13c	tif310	viable	V	0.0	1.255	1.978	2.715	2.939	2.882	3.612
SPAC3A12.14	cam1	inviable	E	0.0	0.942	3.053	3.97	3.646	3.97	3.97
SPAC3A12.15	vps53	inviable	E	0.0	0.08	1.598	2.951	3.822	4.249	4.486
SPAC3A12.16c	tim17	inviable	E	0.0	1.485	2.899	3.547	3.89	4.576	4.304
SPAC3A12.17c	cys12	viable	V	0.0	0.563	0.487	0.671	0.841	1.596	1.314
SPAC3A12.18	zwf1	condition-dependent	E	0.0	1.486	3.466	3.619	3.705	4.239	3.776
SPAC3C7.01c	sac12	viable	V	0.0	-0.026	0.659	0.395	1.046	0.604	0.463
SPAC3C7.02c	pil2	viable	V	0.0	0.36	0.997	0.257	0.44	0.357	0.95
SPAC3C7.03c	rad55	viable	V	0.0	0.552	1.193	1.953	2.757	3.42	4.16
SPAC3C7.04	SPAC3C7.04	viable	V	0.0	0.298	0.568	0.919	1.984	2.054	1.973
SPAC3C7.05c	mug191	viable	V	0.0	0.197	1.117	0.976	0.372	1.224	1.663
SPAC3C7.06c	pit1	viable	V	0.0	0.421	0.449	1.058	0.314	0.167	1.021
SPAC3C7.07c	ate1	viable	V	0.0	0.568	0.772	0.778	0.608	0.828	1.047
SPAC3C7.08c	elf1	viable	V	0.0	0.796	2.149	2.879	3.813	3.486	4.417
SPAC3C7.09	set8	viable	V	0.0	-0.057	-0.136	0.105	-0.002	-0.203	-0.011
SPAC3C7.10	pex13	viable	V	0.0	0.099	0.319	0.383	0.25	0.278	0.347
SPAC3C7.11c	cnx1	inviable	E	0.0	-0.072	1.1	3.685	4.871	5.048	5.056
SPAC3C7.12	tip1	viable	V	0.0	0.579	0.936	0.763	2.048	1.645	0.84
SPAC3C7.13c	SPAC3C7.13c	viable	V	0.0	-0.111	-0.093	0.147	0.047	0.025	0.016
SPAC3C7.14c	obr1	viable	V	0.0	-0.205	-0.279	-0.58	0.617	0.076	0.999
SPAC3F10.02c	trk1	viable	V	0.0	0.242	-0.007	0.771	0.903	0.913	1.744
SPAC3F10.03	grs1	inviable	E	0.0	1.797	3.437	3.862	3.804	3.915	3.52
SPAC3F10.04	gsa1	condition-dependent	V	0.0	-0.176	0.003	0.204	0.214	0.542	0.751
SPAC3F10.05c	mug113	viable	V	0.0	-0.401	0.355	-0.281	0.606	-0.53	-0.503
SPAC3F10.06c	rit1	viable	V	0.0	-0.005	-0.163	0.261	0.518	0.57	0.82
SPAC3F10.07c	erf4	viable	Not_determined	0.0	0.11	-0.039	0.113	0.116	0.476	0.504
SPAC3F10.08c	faf1	inviable	E	0.0	2.081	3.739	5.008	4.613	5.008	5.055
SPAC3F10.09	his6	viable	V	0.0	0.233	-0.512	1.213	0.003	0.329	0.09
SPAC3F10.10c	map3	viable	V	0.0	0.334	1.193	0.932	1.806	1.076	1.305
SPAC3F10.11c	abc2	viable	V	0.0	0.354	0.402	0.797	0.632	0.582	0.692
SPAC3F10.12c	SPAC3F10.12c	viable	V	0.0	-0.089	-0.419	-0.325	-0.591	-0.498	-0.17
SPAC3F10.13	ucp6	viable	V	0.0	0.466	0.167	1.044	0.262	0.436	0.965
SPAC3F10.16c	SPAC3F10.16c	viable	V	0.0	1.793	3.01	3.683	3.63	3.719	3.874
SPAC3F10.17	ltv1	viable	V	0.0	1.939	3.025	3.931	4.268	5.114	4.73
SPAC3F10.19	spd2	viable	Not_determined	0.0	0.385	0.224	0.346	0.264	0.891	0.926
SPAC3G6.01	hrp3	viable	V	0.0	0.223	0.555	1.137	1.469	1.752	2.3
SPAC3G6.02	dss1	condition-dependent	V	0.0	1.025	2.152	2.54	2.54	2.144	2.54
SPAC3G6.03c	ifs1	viable	V	0.0	0.09	-0.01	0.037	-0.08	-0.008	-0.18
SPAC3G6.04	rnp24	viable	V	0.0	0.011	-0.25	-0.098	-0.072	0.159	0.172
SPAC3G6.05	SPAC3G6.05	viable	V	0.0	-0.008	-0.235	-0.163	-0.136	-0.003	-0.172
SPAC3G6.06c	rad2	viable	V	0.0	0.137	0.142	0.531	0.77	1.059	1.332
SPAC3G6.07	SPAC3G6.07	unknown	Not_determined	0.0	-0.477	-0.377	-0.191	-0.217	0.48	-0.263
SPAC3G6.09c	tps2	viable	V	0.0	0.114	0.896	-0.429	1.202	0.323	0.014
SPAC3G6.10c	vps51	inviable	E	0.0	-0.273	1.083	1.73	2.549	3.187	2.957
SPAC3G6.11	chl1	viable	V	0.0	0.189	0.484	0.471	0.468	0.616	1.52
SPAC3G6.13c	rpl4101	viable	V	0.0	0.207	-0.573	0.0	-0.295	0.192	-0.133
SPAC3G9.01	nsk1	viable	V	0.0	0.332	-0.024	0.189	0.765	0.514	1.158
SPAC3G9.02	oar2	viable	V	0.0	-0.047	-0.072	0.577	1.125	2.881	3.866
SPAC3G9.03	rpl2301	viable	V	0.0	0.51	1.069	1.533	1.244	1.878	2.894
SPAC3G9.04	ssu72	viable	V	0.0	0.096	0.173	0.404	0.62	0.984	1.651
SPAC3G9.05	spa2	viable	V	0.0	-0.108	0.018	0.392	0.229	0.039	-0.02
SPAC3G9.06	frs2	inviable	E	0.0	2.185	3.923	4.014	3.925	4.12	4.17
SPAC3G9.07c	hos2	viable	V	0.0	0.117	0.424	0.298	0.466	0.562	0.582
SPAC3G9.08	png1	condition-dependent	V	0.0	0.814	0.943	1.504	1.442	2.065	3.317
SPAC3G9.09c	tif211	inviable	E	0.0	1.552	2.974	3.507	3.507	3.507	3.507
SPAC3G9.10c	rrp41	inviable	E	0.0	0.635	2.487	2.871	2.266	2.871	2.871
SPAC3G9.11c	pdc201	viable	V	0.0	0.354	0.515	0.546	0.665	0.376	0.371
SPAC3G9.12	peg1	inviable	E	0.0	1.191	2.759	3.679	3.82	3.86	3.96
SPAC3G9.13c	msw1	inviable	E	0.0	0.265	0.305	1.485	3.168	3.407	3.654
SPAC3G9.14	sak1	inviable	E	0.0	1.346	2.529	2.97	3.162	3.2	3.212
SPAC3G9.15c	fcf2	inviable	E	0.0	2.838	2.946	2.969	4.534	4.492	4.996
SPAC3G9.16c	bet5	inviable	E	0.0	0.799	3.158	5.407	5.613	5.653	5.289
SPAC3G9.17	ppt2	viable	Not_determined	0.0	0.265	0.43	1.245	2.615	3.971	4.748
SPAC3H1.01c	orc3	inviable	E	0.0	0.999	2.788	3.917	3.952	4.174	4.022
SPAC3H1.02c	sdd3	viable	V	0.0	0.104	0.283	0.375	0.522	0.337	0.474
SPAC3H1.03	mug151	viable	V	0.0	0.067	0.09	0.059	0.103	0.186	0.182
SPAC3H1.04c	mdm31	viable	V	0.0	0.302	0.424	0.729	1.162	1.27	2.073
SPAC3H1.05	ste24	viable	V	0.0	-0.006	0.538	0.73	0.839	1.113	0.379
SPAC3H1.06c	SPAC3H1.06c	viable	V	0.0	0.333	0.276	-0.182	0.46	0.416	0.522
SPAC3H1.07	aru1	viable	V	0.0	0.062	0.519	0.913	0.602	0.662	0.681
SPAC3H1.08c	SPAC3H1.08c	viable	V	0.0	0.129	0.041	0.703	0.49	0.591	0.706
SPAC3H1.09c	avt3	viable	V	0.0	-0.085	0.678	1.629	1.676	1.272	1.3
SPAC3H1.10	pcs2	viable	V	0.0	-0.398	-0.091	0.107	0.2	0.086	0.342
SPAC3H1.11	hsr1	viable	V	0.0	-0.284	-0.368	-0.038	-0.093	-0.229	-0.257
SPAC3H1.12c	snt2	viable	V	0.0	0.294	0.21	0.455	0.621	0.899	0.91
SPAC3H1.13	ppk13	viable	V	0.0	-0.178	0.471	0.17	0.51	0.298	1.061
SPAC3H5.06c	pol1	inviable	E	0.0	2.151	3.345	3.69	3.713	3.654	3.873
SPAC3H5.07	rpl702	viable	V	0.0	1.135	1.513	3.024	3.195	3.594	4.08
SPAC3H5.08c	wdr44	viable	V	0.0	-0.286	0.365	-0.037	-0.118	0.8	0.175
SPAC3H5.09c	hob2	viable	V	0.0	0.26	0.43	0.652	0.723	0.47	0.308
SPAC3H8.02	csr102	viable	V	0.0	-0.496	-0.451	-0.551	-0.09	-0.61	-0.402
SPAC3H8.03	img2	viable	V	0.0	0.11	-0.141	0.197	0.094	0.534	0.553
SPAC3H8.04	SPAC3H8.04	viable	V	0.0	-0.603	0.63	0.361	0.251	0.792	0.652
SPAC3H8.05c	mms1	viable	V	0.0	-0.106	0.306	1.095	2.315	3.295	3.688
SPAC3H8.06	aur1	inviable	E	0.0	2.497	2.92	4.568	3.982	4.948	4.593
SPAC3H8.07c	pfd3	viable	V	0.0	0.379	0.835	2.878	2.647	2.33	2.465
SPAC3H8.08c	SPAC3H8.08c	viable	V	0.0	-0.254	0.02	0.323	0.291	0.331	0.104
SPAC3H8.09c	nab3	viable	V	0.0	-0.054	0.222	0.579	0.173	0.379	-0.002
SPAC3H8.10	spo20	condition-dependent	V	0.0	1.067	2.676	3.43	3.774	4.154	4.326
SPAC458.02c	SPAC458.02c	viable	V	0.0	0.554	0.57	0.713	0.441	0.932	0.488
SPAC458.03	tel2	inviable	E	0.0	1.188	3.081	4.08	4.273	4.182	4.245
SPAC458.04c	dli1	viable	V	0.0	0.385	0.874	1.757	1.764	0.859	0.921
SPAC458.05	pik3	viable	V	0.0	-0.053	0.003	0.592	1.132	1.38	2.526
SPAC458.06	atg1803	viable	V	0.0	-0.087	-0.017	0.058	-0.038	0.123	0.021
SPAC458.07	tfa1	inviable	E	0.0	0.82	2.686	3.073	3.743	3.977	3.848
SPAC4A8.02c	SPAC4A8.02c	viable	V	0.0	-0.081	-0.335	0.273	-0.175	-0.266	-0.09
SPAC4A8.03c	ptc4	condition-dependent	V	0.0	0.393	0.498	1.035	1.542	1.253	1.781
SPAC4A8.04	isp6	viable	V	0.0	2.021	2.741	3.541	2.759	2.912	2.809
SPAC4A8.05c	myp2	condition-dependent	V	0.0	-0.014	0.272	0.193	0.31	0.357	0.576
SPAC4A8.06c	SPAC4A8.06c	viable	V	0.0	0.083	0.206	-0.046	0.19	0.755	0.907
SPAC4A8.07c	lcb4	viable	V	0.0	0.061	0.287	0.514	0.629	0.504	0.492
SPAC4A8.08c	vrs2	inviable	E	0.0	0.223	0.749	2.91	3.74	4.217	4.152
SPAC4A8.09c	cwf21	viable	V	0.0	0.13	0.278	0.613	0.72	0.953	0.808
SPAC4A8.10	rog1	viable	V	0.0	0.329	0.483	0.777	0.819	0.778	1.037
SPAC4A8.11c	fas2	inviable	E	0.0	2.094	3.433	4.031	4.097	4.311	4.208
SPAC4A8.12c	sds22	inviable	E	0.0	0.716	2.52	3.52	3.781	4.099	3.953
SPAC4A8.13c	pts1	inviable	E	0.0	2.224	3.501	3.702	4.185	4.608	4.608
SPAC4A8.14	SPAC4A8.14	viable	V	0.0	0.088	0.027	0.439	0.352	0.211	0.555
SPAC4A8.15c	cdc3	inviable	E	0.0	0.853	2.514	4.06	3.258	4.26	4.403
SPAC4A8.16c	tif303	inviable	E	0.0	2.173	3.423	4.006	4.214	4.105	4.346
SPAC4C5.01	pud1	viable	V	0.0	0.834	0.799	2.044	0.372	1.201	2.054
SPAC4C5.02c	ryh1	condition-dependent	V	0.0	0.671	1.925	3.924	4.389	4.14	5.042
SPAC4C5.03	SPAC4C5.03	viable	V	0.0	0.385	0.721	1.155	1.433	1.034	0.928
SPAC4C5.04	rad31	viable	V	0.0	0.296	0.727	1.908	3.127	3.991	4.03
SPAC4D7.01c	sec71	viable	V	0.0	-0.159	-0.204	0.156	0.529	0.337	0.113
SPAC4D7.02c	pgc1	viable	V	0.0	-0.363	0.038	0.557	0.43	-0.094	0.347
SPAC4D7.03	pop2	viable	V	0.0	0.106	0.168	0.314	0.335	0.401	0.247
SPAC4D7.04c	rer2	inviable	E	0.0	1.092	2.592	3.925	4.39	3.951	4.396
SPAC4D7.05	sum1	inviable	E	0.0	2.019	2.956	3.038	3.145	3.12	3.145
SPAC4D7.06c	met8	viable	V	0.0	1.002	0.492	0.436	0.426	-0.218	0.354
SPAC4D7.07c	csi2	viable	V	0.0	1.152	0.846	0.836	0.684	1.085	1.377
SPAC4D7.08c	ade4	viable	Not_determined	0.0	0.116	0.616	0.493	0.716	0.693	0.885
SPAC4D7.09	tif223	inviable	E	0.0	1.345	3.042	3.906	3.975	4.191	4.345
SPAC4D7.10c	spt20	viable	V	0.0	0.102	-0.009	0.46	0.549	1.31	0.846
SPAC4D7.11	dsc4	viable	V	0.0	0.022	0.183	0.532	0.256	0.434	0.115
SPAC4D7.12c	fet5	inviable	E	0.0	1.755	3.828	4.64	4.746	4.759	4.639
SPAC4D7.13	prp40	inviable	E	0.0	0.108	0.697	2.729	4.487	4.643	4.92
SPAC4D7.15	gem6	unknown	Not_determined	0.0	0.058	1.518	3.915	5.194	5.276	5.048
SPAC4F10.02	ape4	viable	V	0.0	-0.044	-0.141	0.428	0.013	-0.148	-0.411
SPAC4F10.03c	trm7	inviable	E	0.0	1.827	3.108	4.222	3.919	4.753	5.636
SPAC4F10.04	ypa1	viable	V	0.0	0.011	0.091	0.565	0.824	0.994	1.715
SPAC4F10.05c	lip2	viable	V	0.0	0.105	-0.07	0.37	1.874	3.837	4.444
SPAC4F10.06	bud22	viable	V	0.0	1.536	2.979	3.85	4.176	4.562	4.413
SPAC4F10.07c	atg13	viable	V	0.0	0.046	0.034	0.201	-0.012	0.032	0.339
SPAC4F10.08	mug126	viable	V	0.0	0.366	0.392	0.712	0.652	0.097	0.583
SPAC4F10.09c	noc1	inviable	E	0.0	2.33	3.723	5.052	4.666	4.954	5.054
SPAC4F10.10c	mnn9	condition-dependent	E	0.0	1.827	3.645	3.645	2.645	3.645	3.645
SPAC4F10.11	spn1	viable	V	0.0	0.251	0.112	0.333	0.653	0.72	0.468
SPAC4F10.12	fta1	inviable	E	0.0	-0.143	1.24	2.315	3.087	3.326	3.769
SPAC4F10.13c	mpd2	viable	V	0.0	0.202	0.403	0.688	0.967	1.198	1.255
SPAC4F10.14c	btf3	viable	V	0.0	0.816	1.172	1.331	1.739	3.257	2.519
SPAC4F10.15c	wsp1	condition-dependent	V	0.0	0.272	0.512	0.674	0.905	1.209	1.373
SPAC4F10.16c	SPAC4F10.16c	viable	V	0.0	-0.031	-0.41	-0.121	0.033	-0.109	0.071
SPAC4F10.17	SPAC4F10.17	viable	V	0.0	-0.55	-0.389	-0.334	-0.643	-0.519	-0.421
SPAC4F10.18	nup37	viable	V	0.0	0.411	0.036	0.685	0.019	0.8	0.365
SPAC4F10.19c	hit1	viable	V	0.0	-0.279	-0.09	1.067	1.342	1.866	1.891
SPAC4F10.20	grx1	viable	V	0.0	-0.381	-0.347	0.209	0.372	-0.212	-0.302
SPAC4F8.01	did4	viable	V	0.0	0.116	0.227	0.768	0.884	1.001	0.904
SPAC4F8.02c	mrpl40	inviable	E	0.0	0.507	1.663	3.232	4.004	4.021	3.727
SPAC4F8.03	sdo1	viable	V	0.0	0.781	2.339	3.989	4.574	4.805	4.773
SPAC4F8.04	rpf1	inviable	E	0.0	2.574	4.956	4.956	3.956	4.956	4.091
SPAC4F8.05c	mrpl28	inviable	E	0.0	0.365	1.093	3.166	4.284	4.111	3.744
SPAC4F8.06	mrps12	inviable	E	0.0	0.464	1.097	4.189	4.345	3.422	4.233
SPAC4F8.07c	hxk2	condition-dependent	E	0.0	1.442	3.05	3.358	3.861	4.01	3.611
SPAC4F8.08	mug114	viable	V	0.0	-0.173	0.086	0.736	0.558	0.736	1.061
SPAC4F8.10c	stg1	viable	V	0.0	0.179	0.206	0.215	0.184	0.178	0.232
SPAC4F8.11	sea2	viable	V	0.0	0.314	-0.164	-0.023	-0.102	-0.074	0.478
SPAC4F8.12c	spp42	inviable	E	0.0	2.112	3.652	4.309	4.101	4.288	4.26
SPAC4F8.13c	rng2	inviable	E	0.0	0.441	2.215	3.764	4.074	4.291	4.224
SPAC4F8.14c	hcs1	inviable	E	0.0	1.159	3.324	3.838	3.492	3.959	3.731
SPAC4F8.15	itr1	viable	V	0.0	0.139	0.236	0.122	0.162	0.41	0.139
SPAC4G8.02c	sss1	inviable	E	0.0	1.361	2.51	3.561	3.744	3.35	4.033
SPAC4G8.03c	puf5	viable	V	0.0	0.658	0.57	1.009	0.931	0.886	1.014
SPAC4G8.04	SPAC4G8.04	viable	V	0.0	-0.452	-0.094	0.393	0.008	-0.246	-0.069
SPAC4G8.05	ppk14	viable	V	0.0	-0.098	-0.354	-0.396	-0.097	-0.385	-0.379
SPAC4G8.06c	trm12	viable	V	0.0	0.157	0.519	0.638	0.16	0.616	0.881
SPAC4G8.07c	trm2	viable	V	0.0	0.164	0.231	0.395	0.565	0.609	0.769
SPAC4G8.08	mrs4	viable	V	0.0	0.069	0.317	0.003	0.185	0.519	0.727
SPAC4G8.09	SPAC4G8.09	inviable	E	0.0	0.578	1.277	3.28	3.534	3.76	3.586
SPAC4G8.10	gos1	viable	V	0.0	1.485	3.133	4.067	3.926	4.617	4.13
SPAC4G8.11c	atp10	viable	V	0.0	0.19	0.41	0.593	0.787	1.172	1.242
SPAC4G8.12c	smp3	inviable	E	0.0	0.956	2.85	3.783	3.744	3.886	3.871
SPAC4G8.13c	prz1	viable	V	0.0	0.026	-0.146	0.181	-0.011	-0.185	0.005
SPAC4G9.02	rnh201	viable	V	0.0	-0.968	-0.704	-1.562	-1.005	-0.88	-0.332
SPAC4G9.04c	pcf11	inviable	E	0.0	1.659	3.267	3.684	3.768	4.036	3.793
SPAC4G9.05	mpf1	viable	V	0.0	0.409	0.705	0.957	0.979	1.078	1.056
SPAC4G9.07	mug133	viable	V	0.0	0.035	0.221	0.492	0.45	0.012	-0.039
SPAC4G9.08c	rpc2	inviable	E	0.0	1.763	3.583	4.002	4.253	4.146	4.076
SPAC4G9.09c	arg11	viable	V	0.0	0.194	0.674	0.768	0.976	1.329	1.119
SPAC4G9.10	arg3	viable	V	0.0	0.259	-0.033	0.148	0.46	0.424	0.952
SPAC4G9.11c	cmb1	viable	V	0.0	-0.538	-0.325	-0.254	-0.541	0.48	-0.502
SPAC4G9.12	idn1	viable	V	0.0	0.593	-0.196	0.145	0.44	0.975	0.2
SPAC4G9.13c	vps26	viable	V	0.0	0.138	0.326	0.24	0.51	0.424	0.931
SPAC4G9.14	sym1	viable	V	0.0	-0.019	0.393	0.349	0.53	0.124	0.296
SPAC4G9.15	ifa38	viable	V	0.0	1.065	3.341	4.786	4.726	4.822	4.706
SPAC4G9.16c	rpl901	viable	V	0.0	1.379	2.082	2.815	2.833	4.281	4.281
SPAC4G9.17c	mrp5	inviable	E	0.0	0.094	1.342	3.406	3.54	4.002	4.452
SPAC4G9.19	SPAC4G9.19	viable	V	0.0	0.22	0.041	-0.241	-0.631	-0.466	-0.451
SPAC4G9.20c	ymc1	viable	V	0.0	0.197	0.289	0.299	0.69	0.476	0.655
SPAC4G9.22	SPAC4G9.22	unknown	Not_determined	0.0	0.424	0.553	-0.022	0.486	0.515	0.368
SPAC4H3.01	SPAC4H3.01	viable	V	0.0	-0.017	-0.646	-0.795	-0.679	-0.685	-0.363
SPAC4H3.03c	SPAC4H3.03c	viable	V	0.0	0.095	-0.383	-0.861	-0.642	-0.061	-0.393
SPAC4H3.04c	SPAC4H3.04c	viable	V	0.0	-0.291	-0.247	-0.308	-0.455	-0.375	-0.392
SPAC4H3.05	srs2	viable	V	0.0	0.097	0.207	0.357	0.709	0.705	0.901
SPAC4H3.06	rss1	viable	V	0.0	1.082	-0.115	0.387	0.095	0.117	0.098
SPAC4H3.07c	rdl2	viable	V	0.0	-0.394	-0.188	-0.102	-0.001	0.087	0.547
SPAC4H3.08	fox2	inviable	E	0.0	0.923	1.521	1.23	0.901	1.23	2.307
SPAC4H3.09	SPAC4H3.09	inviable	E	0.0	0.091	1.895	2.564	3.069	2.638	3.069
SPAC4H3.11c	ppc89	inviable	E	0.0	1.184	3.23	4.207	3.715	4.184	3.953
SPAC4H3.13	pcc1	viable	V	0.0	1.591	2.943	5.196	4.162	5.925	4.766
SPAC4H3.14c	rng8	viable	V	0.0	0.302	0.331	0.315	0.051	0.405	0.31
SPAC4H3.16	SPAC4H3.16	unknown	Not_determined	0.0	-0.171	0.211	0.042	-0.212	-0.176	-0.1
SPAC513.01c	eft201	viable	V	0.0	0.179	0.209	0.152	0.154	0.419	0.47
SPAC513.02	SPAC513.02	viable	V	0.0	-0.383	-0.385	-0.216	-0.025	-0.274	-0.231
SPAC513.03	mfm2	viable	V	0.0	-0.58	-0.224	-0.029	-0.587	0.355	-0.49
SPAC513.04	SPAC513.04	viable	V	0.0	-0.224	-0.076	-0.178	-0.183	-0.251	-0.237
SPAC513.05	ams1	viable	V	0.0	0.321	0.364	0.828	0.413	0.416	0.436
SPAC513.06c	dhd1	viable	V	0.0	0.261	-0.345	-0.113	-0.509	0.079	0.527
SPAC513.07	SPAC513.07	viable	V	0.0	0.504	0.054	-1.126	-0.393	0.025	0.528
SPAC521.02	wss1	viable	V	0.0	-0.21	-0.141	0.105	-0.151	-0.273	-0.238
SPAC521.03	SPAC521.03	viable	V	0.0	1.018	1.927	1.304	1.374	1.469	1.333
SPAC521.04c	sst1	viable	V	0.0	0.168	0.773	0.669	0.811	0.757	0.847
SPAC56E4.02c	alg13	inviable	E	0.0	1.5	0.507	2.381	0.796	0.162	2.381
SPAC56E4.03	SPAC56E4.03	viable	V	0.0	0.297	0.602	1.086	1.46	1.715	2.191
SPAC56E4.04c	cut6	inviable	E	0.0	1.706	3.554	4.113	4.179	4.241	4.272
SPAC56E4.05	snd2	inviable	E	0.0	0.721	2.31	4.528	4.893	5.701	4.675
SPAC56E4.06c	ggt2	viable	V	0.0	0.352	0.915	1.026	0.701	0.685	0.661
SPAC56E4.07	SPAC56E4.07	viable	V	0.0	-0.18	-0.213	0.03	-0.07	-0.147	-0.33
SPAC56F8.02	cmr2	viable	V	0.0	1.323	1.677	1.736	2.031	1.704	1.823
SPAC56F8.03	tif52	inviable	E	0.0	1.882	3.088	3.909	3.894	3.789	3.829
SPAC56F8.04c	ppt1	condition-dependent	V	0.0	0.095	0.148	0.506	0.886	1.691	2.492
SPAC56F8.05c	mug64	viable	V	0.0	-0.031	0.183	0.477	0.567	0.283	0.809
SPAC56F8.06c	alg10	viable	V	0.0	0.532	-0.115	0.007	-0.553	-0.606	0.794
SPAC56F8.07	ema19	inviable	Not_determined	0.0	0.218	0.324	0.405	0.27	0.29	0.353
SPAC56F8.08	mud1	viable	V	0.0	0.33	1.54	-1.124	-0.713	-0.885	0.106
SPAC56F8.09	rrp8	viable	V	0.0	0.094	0.36	0.636	0.759	1.055	1.082
SPAC56F8.10	met9	inviable	E	0.0	1.589	2.944	3.881	3.9	4.152	4.08
SPAC56F8.11	spc3	inviable	E	0.0	1.762	3.482	4.044	3.908	4.019	4.14
SPAC56F8.12	SPAC56F8.12	viable	V	0.0	1.558	1.293	1.496	1.385	1.228	1.348
SPAC56F8.13	SPAC56F8.13	unknown	Not_determined	0.0	-0.089	0.484	0.45	-0.853	0.928	0.394
SPAC56F8.14c	mug115	viable	V	0.0	0.29	0.366	0.635	0.59	0.573	0.525
SPAC56F8.15	SPAC56F8.15	unknown	Not_determined	0.0	0.435	0.705	0.669	0.55	0.658	0.278
SPAC56F8.16	esc1	viable	V	0.0	-0.311	-0.218	0.014	0.293	-0.091	0.222
SPAC57A10.02	cdr2	viable	V	0.0	0.105	0.284	0.271	0.975	1.122	1.47
SPAC57A10.03	cyp1	viable	V	0.0	-0.154	-0.233	-0.311	-0.419	-0.343	-0.372
SPAC57A10.04	mug10	viable	V	0.0	0.25	0.109	0.498	0.291	0.525	0.479
SPAC57A10.05c	pof1	inviable	E	0.0	1.976	2.874	3.159	3.263	3.107	2.961
SPAC57A10.06	mug15	viable	V	0.0	0.22	0.11	0.277	-0.274	-0.02	0.027
SPAC57A10.07	SPAC57A10.07	viable	V	0.0	0.262	-0.008	0.171	-0.04	0.855	0.545
SPAC57A10.08c	SPAC57A10.08c	viable	V	0.0	0.311	-0.068	-0.272	-0.443	-0.294	0.579
SPAC57A10.09c	nhp6	viable	V	0.0	0.209	0.491	0.912	0.792	0.321	0.669
SPAC57A10.10c	sla1	viable	V	0.0	0.015	0.29	0.574	1.128	1.387	1.331
SPAC57A10.11c	mia40	inviable	E	0.0	-0.136	-0.152	-0.203	-0.083	0.229	-0.177
SPAC57A10.12c	ura3	viable	V	0.0	-0.2	0.931	1.291	1.105	1.194	1.144
SPAC57A10.14	sgf11	viable	V	0.0	-0.153	0.846	0.883	-0.432	1.49	0.329
SPAC57A7.04c	pabp	viable	V	0.0	1.503	3.008	3.848	4.352	4.549	4.628
SPAC57A7.05	SPAC57A7.05	viable	V	0.0	0.307	0.116	0.387	0.388	0.579	0.481
SPAC57A7.06	utp14	inviable	E	0.0	2.169	3.332	4.53	4.628	4.629	4.539
SPAC57A7.07c	SPAC57A7.07c	viable	V	0.0	-0.016	-0.235	-0.055	0.045	-0.421	-0.623
SPAC57A7.08	pzh1	viable	V	0.0	0.164	-0.214	0.114	0.111	0.307	0.766
SPAC57A7.10c	sec21	inviable	E	0.0	2.018	3.227	3.859	3.955	3.751	3.906
SPAC57A7.11	mip1	inviable	E	0.0	2.308	3.892	4.262	4.37	4.632	4.448
SPAC57A7.12	ssz1	viable	V	0.0	0.53	1.31	2.94	2.444	3.166	3.324
SPAC57A7.13	rbm10	viable	V	0.0	0.503	2.183	1.197	0.516	1.601	1.309
SPAC57A7.15c	pex22	viable	Not_determined	0.0	-0.158	0.149	-0.087	0.659	1.888	1.92
SPAC589.02c	med13	viable	V	0.0	0.312	0.219	0.074	0.113	0.293	1.076
SPAC589.03c	noc12	viable	V	0.0	0.165	0.098	0.277	0.33	0.435	0.433
SPAC589.04	mtx2	inviable	E	0.0	0.573	2.616	3.742	4.26	4.418	4.506
SPAC589.05c	qng1	viable	V	0.0	-0.056	2.386	2.372	2.542	2.373	2.372
SPAC589.06c	snd302	viable	V	0.0	-0.3	0.699	0.883	2.165	1.364	1.738
SPAC589.07c	atg1801	viable	V	0.0	0.876	1.028	0.418	0.888	0.006	0.907
SPAC589.08c	dam1	viable	V	0.0	0.048	0.184	-0.046	-0.042	-0.152	0.168
SPAC589.09	csr101	viable	V	0.0	0.722	0.624	1.539	0.483	2.177	0.484
SPAC589.11	pth4	viable	V	0.0	0.442	0.997	1.408	0.201	0.338	2.158
SPAC589.12	cwh43	viable	V	0.0	0.466	2.131	3.301	3.774	3.923	3.933
SPAC5D6.01	rps2202	viable	V	0.0	0.421	0.981	0.731	0.844	1.058	1.315
SPAC5D6.02c	mug165	viable	V	0.0	-0.381	-0.265	-0.532	-0.855	-0.304	-0.449
SPAC5D6.04	SPAC5D6.04	viable	V	0.0	0.757	0.262	0.706	0.828	0.678	1.354
SPAC5D6.05	med18	viable	V	0.0	0.268	0.523	1.872	2.447	2.848	3.971
SPAC5D6.06c	alg14	viable	V	0.0	1.497	3.668	4.135	4.239	5.014	4.584
SPAC5D6.07c	pxa1	viable	V	0.0	-0.274	-0.13	-0.18	-0.402	-0.257	-0.18
SPAC5D6.09c	mug86	viable	V	0.0	0.012	-0.735	-0.194	-0.717	-0.699	-0.389
SPAC5D6.12	mtf2	viable	V	0.0	-0.196	0.836	0.218	0.459	0.8	1.7
SPAC5D6.13	gpp74	viable	V	0.0	0.026	-0.071	0.317	0.537	0.336	0.831
SPAC5H10.01	dgc1	viable	V	0.0	-0.109	-0.447	0.209	0.187	0.37	0.403
SPAC5H10.02c	hsp3102	viable	V	0.0	0.144	0.275	0.311	0.172	0.7	0.507
SPAC5H10.03	SPAC5H10.03	viable	V	0.0	0.978	0.296	1.252	0.189	0.954	1.013
SPAC5H10.04	SPAC5H10.04	viable	V	0.0	-0.202	-0.219	-0.243	-0.015	0.135	0.44
SPAC5H10.05c	SPAC5H10.05c	viable	V	0.0	0.158	0.036	0.194	0.228	0.18	0.253
SPAC5H10.06c	adh4	viable	V	0.0	0.186	0.246	0.468	0.401	0.156	0.448
SPAC5H10.07	SPAC5H10.07	viable	V	0.0	0.114	0.62	-0.215	-0.526	-0.405	0.148
SPAC5H10.08c	pan6	viable	V	0.0	-0.468	-0.884	-0.907	-0.278	-0.721	-0.601
SPAC5H10.09c	ecm31	viable	V	0.0	-0.241	-0.595	-0.634	-0.53	-0.547	-1.12
SPAC5H10.10	SPAC5H10.10	viable	V	0.0	-0.355	-0.562	-0.398	-0.502	-0.247	-0.254
SPAC5H10.11	gmh1	viable	V	0.0	-0.146	0.409	0.848	-0.257	-0.157	-0.003
SPAC5H10.12c	otg1	viable	V	0.0	-0.257	-0.129	0.12	-0.16	-0.238	-0.098
SPAC5H10.13c	gmh2	viable	V	0.0	-0.569	0.029	2.217	2.217	2.217	0.119
SPAC607.02c	SPAC607.02c	viable	V	0.0	1.281	2.685	3.57	3.467	5.497	4.143
SPAC607.04	arg82	inviable	E	0.0	0.732	2.282	3.302	3.573	4.905	4.295
SPAC607.05	rpn9	inviable	E	0.0	0.955	2.151	2.972	2.806	2.854	2.797
SPAC607.06c	SPAC607.06c	viable	V	0.0	0.101	0.339	0.692	0.665	0.912	0.878
SPAC607.08c	mil1	viable	V	0.0	0.05	-0.342	-0.26	-0.373	-0.359	-0.529
SPAC607.09c	btn1	viable	V	0.0	0.069	-0.011	-0.021	-0.148	-0.05	-0.124
SPAC607.10	spo3	viable	V	0.0	-0.156	-0.252	-0.153	-0.322	0.008	-0.132
SPAC630.03	arp3	inviable	E	0.0	2.365	4.271	4.647	4.825	5.206	4.977
SPAC630.05	gyp7	viable	V	0.0	0.422	0.327	0.768	1.144	1.228	0.929
SPAC630.06c	SPAC630.06c	viable	V	0.0	0.087	0.256	0.447	0.147	0.327	0.795
SPAC630.07c	SPAC630.07c	viable	V	0.0	-0.003	-0.062	0.151	0.394	0.04	0.578
SPAC630.08c	erg25	inviable	E	0.0	2.004	4.521	4.976	4.662	5.431	5.011
SPAC630.09c	mug58	viable	V	0.0	0.214	0.434	0.443	0.363	0.76	0.69
SPAC630.10	bmt2	viable	V	0.0	0.161	0.338	0.408	0.883	0.164	0.326
SPAC630.11	vps55	viable	V	0.0	-0.006	0.528	0.353	0.263	0.256	0.244
SPAC630.12	ted2	inviable	E	0.0	1.056	3.231	3.559	3.809	4.019	3.888
SPAC630.13c	tsc2	viable	V	0.0	0.102	0.516	0.98	1.295	1.888	2.533
SPAC630.14c	tup12	viable	V	0.0	0.16	0.291	0.451	0.866	1.428	1.843
SPAC630.15	mug177	viable	V	0.0	0.12	-0.032	0.056	0.188	0.127	0.205
SPAC631.01c	acp2	viable	V	0.0	0.185	-0.074	-0.291	-0.083	0.082	-0.372
SPAC631.02	bdf2	viable	V	0.0	0.922	1.352	2.286	2.153	2.147	2.203
SPAC637.03	SPAC637.03	viable	V	0.0	0.484	-0.116	-0.539	-0.333	-0.804	-0.568
SPAC637.04	ypp1	inviable	E	0.0	1.212	3.484	4.236	4.182	4.654	4.471
SPAC637.05c	vma2	inviable	E	0.0	0.732	1.083	2.513	1.969	3.099	1.917
SPAC637.06	gmh5	viable	V	0.0	-0.257	0.226	1.41	2.241	2.235	3.801
SPAC637.07	moe1	viable	V	0.0	0.558	1.415	2.079	2.278	2.486	2.374
SPAC637.08	nbp35	inviable	E	0.0	2.11	4.101	4.709	4.656	4.835	4.785
SPAC637.09	rex1	viable	V	0.0	0.111	0.857	1.844	2.641	3.243	3.886
SPAC637.10c	rpn10	viable	V	0.0	0.202	0.562	0.976	0.809	1.575	1.693
SPAC637.11	rpm2	viable	V	0.0	0.089	0.439	0.665	0.859	0.745	1.125
SPAC637.12c	mst1	inviable	E	0.0	0.599	1.81	2.864	3.624	3.945	3.696
SPAC637.13c	slm1	viable	V	0.0	1.109	0.547	0.598	-0.149	0.733	0.0
SPAC644.04	pct1	inviable	E	0.0	0.238	1.439	2.889	3.695	4.338	3.916
SPAC644.05c	dut1	inviable	E	0.0	2.679	3.84	5.193	5.108	4.789	4.901
SPAC644.06c	cdr1	viable	V	0.0	0.46	1.083	1.261	1.268	0.455	1.957
SPAC644.07	bcs1	viable	V	0.0	0.288	0.406	0.467	0.636	1.018	1.381
SPAC644.08	utr4	viable	V	0.0	0.811	-0.458	0.495	-0.267	0.137	-0.45
SPAC644.09	SPAC644.09	viable	V	0.0	0.354	0.102	0.732	0.704	1.391	1.479
SPAC644.10	med11	inviable	E	0.0	0.937	0.901	0.881	1.818	1.818	1.818
SPAC644.11c	pkp1	viable	V	0.0	0.262	0.353	0.721	0.191	0.574	0.546
SPAC644.12	cdc5	inviable	E	0.0	1.111	3.708	2.771	3.708	2.771	3.708
SPAC644.13c	SPAC644.13c	viable	V	0.0	0.29	0.121	-0.262	-0.214	-0.229	-0.149
SPAC644.15	rpp101	viable	V	0.0	0.492	0.836	1.127	1.675	1.892	2.561
SPAC644.16	rna15	inviable	E	0.0	0.437	2.285	4.063	4.634	5.211	4.769
SPAC644.17c	mrpl9	inviable	E	0.0	0.568	1.075	2.485	4.372	4.435	5.372
SPAC644.18c	bet3	inviable	E	0.0	0.805	3.818	4.801	5.34	5.232	5.449
SPAC652.01	SPAC652.01	viable	V	0.0	-0.105	0.056	0.069	-0.159	0.43	0.448
SPAC664.01c	swi6	viable	V	0.0	0.022	-0.302	0.81	0.764	0.899	0.664
SPAC664.02c	arp8	viable	V	0.0	0.389	0.509	0.927	1.563	2.29	3.084
SPAC664.03	paf1	viable	V	0.0	0.055	0.817	1.001	1.462	1.669	2.228
SPAC664.04c	rps1602	viable	V	0.0	1.527	1.478	2.952	1.952	2.952	2.952
SPAC664.06	rlp7	inviable	E	0.0	1.783	2.89	3.738	3.816	4.381	4.136
SPAC664.07c	rad9	viable	V	0.0	-0.12	0.2	0.448	0.708	1.179	1.422
SPAC664.08c	bfr2	inviable	E	0.0	1.721	2.915	4.155	4.283	4.806	4.659
SPAC664.09	ggt1	inviable	E	0.0	-0.269	-0.062	-0.749	-0.714	-0.678	0.049
SPAC664.10	klp2	viable	V	0.0	0.453	0.57	1.105	1.052	0.327	0.402
SPAC664.11	ssc1	inviable	E	0.0	1.821	3.564	3.906	4.036	4.314	4.125
SPAC664.14	amt2	viable	V	0.0	-0.362	-0.105	1.367	0.446	0.448	-0.247
SPAC664.15	mdv1	viable	V	0.0	-0.443	-0.283	-0.677	-1.005	-0.275	-0.434
SPAC683.03	SPAC683.03	viable	V	0.0	-0.285	-0.321	-0.582	-0.564	-0.361	-0.287
SPAC688.02c	mis14	inviable	E	0.0	0.552	1.672	3.103	3.632	3.796	3.927
SPAC688.04c	gst3	viable	V	0.0	0.217	0.089	0.387	0.196	0.604	0.43
SPAC688.06c	slx4	viable	V	0.0	0.065	0.261	0.572	0.354	0.414	0.365
SPAC688.07c	rng10	viable	V	0.0	-0.16	0.213	0.752	1.141	1.576	1.389
SPAC688.08	srb8	viable	Not_determined	0.0	0.003	-0.272	-0.244	-0.034	-0.056	0.003
SPAC688.09	rim2	inviable	E	0.0	0.479	1.676	2.474	2.454	2.474	2.497
SPAC688.10	rev3	viable	V	0.0	-0.01	-0.034	0.082	0.037	0.09	0.268
SPAC688.11	end4	condition-dependent	E	0.0	0.612	1.86	3.086	2.929	3.262	3.497
SPAC688.12c	SPAC688.12c	viable	V	0.0	1.892	1.03	1.056	1.944	1.018	1.133
SPAC688.13	scn3	viable	V	0.0	0.128	-0.319	0.079	-0.232	-0.253	-0.297
SPAC688.14	set13	viable	V	0.0	-0.287	0.037	-0.471	-0.74	-0.585	0.411
SPAC688.16	SPAC688.16	viable	Not_determined	0.0	-0.099	-0.504	-0.607	-0.068	0.008	-0.218
SPAC694.02	SPAC694.02	viable	V	0.0	0.297	0.664	0.832	0.968	1.356	1.635
SPAC694.03	SPAC694.03	viable	V	0.0	0.077	-0.286	-0.016	-0.462	-0.025	-0.515
SPAC694.04c	SPAC694.04c	viable	V	0.0	0.299	0.778	1.241	1.513	2.551	2.838
SPAC694.05c	rps2502	viable	V	0.0	0.177	0.15	0.415	0.356	0.811	0.948
SPAC694.06c	mrc1	viable	V	0.0	0.23	0.273	0.636	0.486	0.763	0.966
SPAC6B12.02c	mus7	viable	V	0.0	0.359	1.068	2.002	2.762	3.287	3.715
SPAC6B12.03c	bit2	viable	V	0.0	0.383	0.189	0.464	-0.259	0.733	0.117
SPAC6B12.04c	SPAC6B12.04c	viable	V	0.0	0.418	0.399	0.683	0.719	0.538	0.42
SPAC6B12.05c	ies2	viable	V	0.0	0.035	0.045	0.275	0.289	0.297	0.507
SPAC6B12.06c	rrg9	viable	V	0.0	-0.676	0.048	0.083	-0.312	-0.158	-0.201
SPAC6B12.07c	pqr1	viable	V	0.0	0.394	0.552	0.949	0.965	1.101	1.259
SPAC6B12.08	epr1	viable	V	0.0	0.372	0.422	0.541	0.847	0.499	0.89
SPAC6B12.09	trm10	viable	V	0.0	-0.101	-0.398	-0.302	-0.114	-0.175	-0.4
SPAC6B12.10c	spp1	inviable	E	0.0	1.731	3.722	4.468	4.434	4.649	4.501
SPAC6B12.11	drc1	inviable	E	0.0	2.351	4.024	4.117	4.134	4.436	3.95
SPAC6B12.12	tom70	viable	V	0.0	0.126	0.354	0.717	1.286	2.277	2.913
SPAC6B12.13	SPAC6B12.13	inviable	E	0.0	1.739	3.299	4.447	4.447	4.447	4.447
SPAC6B12.14c	SPAC6B12.14c	viable	V	0.0	0.281	0.414	0.65	1.034	0.75	1.3
SPAC6B12.15	cpc2	viable	V	0.0	-0.25	1.217	1.191	1.822	1.825	1.93
SPAC6B12.16	meu26	viable	V	0.0	-0.249	0.529	0.54	0.018	0.211	0.774
SPAC6B12.18	gon7	condition-dependent	Not_determined	0.0	0.78	2.092	2.803	4.103	4.681	5.32
SPAC6C3.02c	mix17	viable	V	0.0	0.113	-0.532	0.994	-0.102	0.011	0.145
SPAC6C3.04	cit1	viable	V	0.0	0.301	0.688	1.266	1.723	1.966	2.217
SPAC6C3.05	meu43	viable	V	0.0	0.22	0.516	0.292	0.858	1.193	1.125
SPAC6C3.06c	neo1	viable	V	0.0	0.143	0.222	0.361	0.08	0.171	0.254
SPAC6C3.07	mug68	viable	V	0.0	0.336	0.827	0.752	0.691	0.618	0.804
SPAC6C3.08	nas6	viable	V	0.0	0.13	0.413	0.477	0.55	0.628	0.694
SPAC6C3.09	rpp40	inviable	E	0.0	1.169	1.07	1.102	1.243	1.54	1.394
SPAC6F12.02	rst2	viable	V	0.0	0.282	-0.357	1.16	0.341	-1.215	-0.405
SPAC6F12.03c	fsv1	viable	V	0.0	0.471	0.89	1.107	0.538	0.521	0.533
SPAC6F12.04	tvp15	viable	V	0.0	0.306	0.423	0.541	0.512	0.304	0.122
SPAC6F12.05c	tnr3	inviable	E	0.0	1.624	3.427	4.412	4.484	4.691	4.838
SPAC6F12.06	rdi1	viable	V	0.0	-0.044	0.062	0.309	0.081	-0.022	-0.164
SPAC6F12.07	tom20	inviable	E	0.0	-0.017	0.956	2.767	3.853	4.083	4.018
SPAC6F12.08c	exo8	inviable	E	0.0	0.83	2.479	3.08	3.184	3.417	3.357
SPAC6F12.09	rdp1	viable	V	0.0	0.102	0.217	0.293	0.753	0.745	0.695
SPAC6F12.10c	ade3	viable	V	0.0	0.276	0.279	0.092	0.185	0.037	0.474
SPAC6F12.11c	sfc1	inviable	E	0.0	0.161	0.786	1.558	2.511	2.696	3.409
SPAC6F12.12	par2	viable	V	0.0	-0.222	-0.356	-0.309	-0.446	-0.336	-0.624
SPAC6F12.13c	fps1	inviable	E	0.0	1.216	2.947	4.143	4.119	4.342	4.452
SPAC6F12.14	cut23	inviable	E	0.0	1.508	3.379	4.379	4.781	4.377	4.506
SPAC6F12.15c	cut9	inviable	E	0.0	1.133	2.94	3.928	4.547	4.433	4.741
SPAC6F12.16c	mtr4	inviable	E	0.0	1.946	3.386	3.949	3.965	3.909	3.851
SPAC6F12.17	rna14	inviable	E	0.0	1.626	3.189	3.867	3.854	3.922	3.96
SPAC6F6.01	cch1	viable	V	0.0	0.139	0.272	0.278	0.58	0.575	0.504
SPAC6F6.02c	pof5	viable	V	0.0	-0.471	-0.429	-0.357	0.05	0.684	-0.213
SPAC6F6.03c	nog2	viable	V	0.0	1.697	3.197	3.51	3.583	3.813	3.763
SPAC6F6.04c	SPAC6F6.04c	viable	V	0.0	0.358	0.251	0.011	0.685	0.48	0.333
SPAC6F6.05	ost2	inviable	E	0.0	1.307	3.304	4.89	4.89	4.472	4.89
SPAC6F6.06c	rax2	viable	V	0.0	-0.085	0.154	0.26	0.751	0.493	0.69
SPAC6F6.07c	rps13	inviable	E	0.0	1.897	3.614	3.255	3.608	3.613	3.679
SPAC6F6.08c	cdc16	inviable	E	0.0	1.451	3.292	4.684	4.573	4.612	4.612
SPAC6F6.09	eaf6	viable	V	0.0	0.039	-0.218	0.206	0.768	1.098	0.529
SPAC6F6.10c	arc2	inviable	E	0.0	3.103	4.055	3.745	3.387	3.429	4.055
SPAC6F6.11c	SPAC6F6.11c	viable	V	0.0	-0.058	0.376	0.011	-0.091	0.062	0.049
SPAC6F6.12	atg24	viable	V	0.0	0.203	0.567	0.109	0.55	1.251	0.258
SPAC6F6.13c	SPAC6F6.13c	viable	V	0.0	0.068	1.54	0.771	1.11	2.009	0.858
SPAC6F6.15	ypt5	condition-dependent	E	0.0	1.177	1.889	3.026	3.802	4.16	4.112
SPAC6F6.16c	tpz1	inviable	E	0.0	0.294	1.255	2.336	3.704	4.241	4.263
SPAC6F6.17	rif1	viable	V	0.0	0.251	0.563	0.692	0.573	0.797	0.82
SPAC6F6.19	SPAC6F6.19	unknown	Not_determined	0.0	0.214	0.905	0.372	0.026	-0.25	0.711
SPAC6G10.02c	tea3	viable	V	0.0	0.178	0.152	0.177	0.56	0.474	0.609
SPAC6G10.03c	SPAC6G10.03c	viable	V	0.0	-0.237	0.096	0.567	0.361	0.465	-0.093
SPAC6G10.04c	pre5	inviable	E	0.0	2.63	5.567	4.033	5.719	5.817	5.601
SPAC6G10.05c	trs120	inviable	E	0.0	0.859	2.496	3.771	3.893	3.865	3.908
SPAC6G10.06	tda3	viable	V	0.0	0.144	0.077	0.14	0.12	0.425	0.338
SPAC6G10.07	cbc1	inviable	E	0.0	1.002	2.888	4.764	5.204	4.555	5.206
SPAC6G10.08	idp1	viable	V	0.0	-0.334	-0.371	0.172	-0.181	0.801	0.685
SPAC6G10.09	gls1	condition-dependent	E	0.0	0.127	1.059	2.94	4.187	4.008	4.334
SPAC6G10.10c	SPAC6G10.10c	viable	V	0.0	0.051	0.055	0.145	-0.15	-0.14	-0.129
SPAC6G10.11c	ubi3	viable	V	0.0	0.459	1.105	1.43	1.469	1.519	2.068
SPAC6G10.12c	ace2	viable	V	0.0	0.103	0.495	0.987	1.127	1.517	1.353
SPAC6G9.01c	SPAC6G9.01c	viable	V	0.0	-0.122	-0.04	-0.563	-0.281	-0.322	-0.402
SPAC6G9.02c	nop9	inviable	E	0.0	1.943	3.5	4.024	4.193	4.118	4.34
SPAC6G9.03c	rtt106	viable	V	0.0	0.05	0.478	0.21	0.44	-0.162	0.267
SPAC6G9.04	spo7	viable	V	0.0	-0.008	0.187	0.324	0.244	0.657	0.636
SPAC6G9.05	pcd1	viable	V	0.0	0.312	0.242	0.744	0.741	0.921	0.909
SPAC6G9.06c	pcp1	inviable	E	0.0	1.524	3.01	4.254	4.309	4.451	4.347
SPAC6G9.07c	arc4	inviable	E	0.0	2.095	3.674	4.435	4.211	4.1	4.042
SPAC6G9.08	ubp6	viable	V	0.0	-0.054	0.078	-0.004	-0.047	0.078	0.042
SPAC6G9.09c	rpl2401	viable	V	0.0	0.339	0.529	1.085	0.859	1.167	1.118
SPAC6G9.10c	sen1	viable	V	0.0	0.165	0.722	1.232	1.481	1.73	1.989
SPAC6G9.11	syb1	inviable	E	0.0	2.623	4.235	5.341	5.003	5.087	5.589
SPAC6G9.12	cfr1	viable	V	0.0	0.063	0.464	0.969	0.924	0.501	0.813
SPAC6G9.13c	bqt1	viable	V	0.0	0.136	0.047	0.242	0.721	0.372	-0.067
SPAC6G9.14	puf4	viable	V	0.0	0.567	0.836	1.198	0.803	1.5	1.33
SPAC6G9.15c	ebp1	viable	V	0.0	-0.341	-0.516	-0.238	-0.186	0.091	-0.108
SPAC6G9.16c	xrc4	viable	V	0.0	0.161	0.168	-0.131	-0.118	-0.092	-0.447
SPAC732.01	vma11	inviable	E	0.0	1.493	2.538	3.266	3.586	4.034	4.103
SPAC732.02c	fpb26	viable	V	0.0	0.263	0.399	0.475	0.515	0.51	0.357
SPAC767.01c	vps1	viable	V	0.0	0.237	0.077	0.943	0.702	0.827	0.439
SPAC7D4.02c	sfp47	viable	V	0.0	0.144	0.009	0.251	0.176	0.08	0.242
SPAC7D4.03c	ahk1	viable	V	0.0	0.068	-0.042	0.313	0.399	0.335	0.471
SPAC7D4.04	atg11	viable	V	0.0	-0.002	0.324	0.095	0.322	0.734	0.615
SPAC7D4.05	SPAC7D4.05	viable	V	0.0	0.237	0.266	0.238	-0.099	0.55	0.407
SPAC7D4.06c	alg3	viable	V	0.0	0.277	0.424	1.319	2.224	2.568	3.302
SPAC7D4.07c	trx1	condition-dependent	V	0.0	0.346	0.554	1.024	1.396	1.951	2.086
SPAC7D4.09c	dfg10	inviable	E	0.0	-0.057	1.944	3.747	4.509	4.797	4.924
SPAC7D4.10	vma13	inviable	E	0.0	0.514	1.198	1.583	2.39	2.68	2.868
SPAC7D4.11c	sec39	inviable	E	0.0	1.807	3.182	3.797	3.868	3.937	3.971
SPAC7D4.12c	SPAC7D4.12c	viable	V	0.0	-0.233	-0.184	0.47	0.157	-0.033	0.008
SPAC7D4.13c	SPAC7D4.13c	viable	V	0.0	0.061	0.489	0.58	0.525	0.545	0.751
SPAC7D4.14c	iss10	viable	V	0.0	0.195	0.176	0.513	0.042	0.688	0.648
SPAC7D4.15c	ost4	inviable	E	0.0	1.15	2.031	2.031	2.031	2.031	2.031
SPAC806.02c	SPAC806.02c	inviable	E	0.0	1.752	2.397	3.129	3.578	3.546	3.848
SPAC806.04c	duf8901	viable	V	0.0	0.064	-0.08	-0.039	0.345	0.524	-0.176
SPAC806.05	lyr3	inviable	E	0.0	0.13	0.857	3.351	2.702	4.287	4.287
SPAC806.06c	SPAC806.06c	condition-dependent	E	0.0	1.602	2.914	3.451	4.387	4.387	4.387
SPAC806.07	ndk1	viable	V	0.0	-0.016	0.811	1.596	0.745	1.07	1.108
SPAC806.08c	mod21	viable	V	0.0	0.095	0.563	0.375	0.522	0.538	0.666
SPAC806.11	SPAC806.11	unknown	Not_determined	0.0	0.399	0.342	0.717	1.217	-0.261	0.119
SPAC821.03c	slf1	viable	V	0.0	0.309	1.47	1.143	0.839	1.082	1.031
SPAC821.04c	cid13	viable	V	0.0	0.164	-0.035	0.047	0.443	0.578	0.195
SPAC821.05	tif308	viable	V	0.0	0.671	1.778	2.851	0.995	2.132	2.61
SPAC821.06	spn2	viable	V	0.0	0.624	1.953	2.522	1.861	2.528	2.062
SPAC821.07c	moc3	viable	V	0.0	0.257	0.083	0.108	0.665	0.592	0.618
SPAC821.08c	slp1	inviable	E	0.0	2.03	3.811	3.541	3.7	3.7	3.96
SPAC821.09	eng1	viable	V	0.0	0.059	-0.197	0.108	0.096	0.057	-0.127
SPAC821.10c	sod1	condition-dependent	V	0.0	-0.024	0.397	1.816	2.855	3.045	2.722
SPAC821.11	pro1	viable	V	0.0	-0.001	-0.268	0.243	-0.044	0.059	0.262
SPAC821.12	orb6	inviable	E	0.0	0.943	2.922	4.257	4.67	4.551	4.381
SPAC821.13c	dnf1	viable	V	0.0	0.23	-0.041	0.751	1.258	0.729	0.832
SPAC823.03	ppk15	viable	V	0.0	-0.075	0.207	0.446	0.304	0.636	0.197
SPAC823.04	rrp36	inviable	E	0.0	1.346	2.818	4.02	3.851	4.717	4.71
SPAC823.05c	tlg2	viable	V	0.0	0.281	0.22	1.032	1.965	1.559	2.277
SPAC823.06	taf3	inviable	E	0.0	-1.119	-0.032	-0.069	-0.187	0.343	-0.422
SPAC823.07	pga3	inviable	E	0.0	1.077	2.568	3.555	4.085	3.589	3.951
SPAC823.08c	rrp3	inviable	E	0.0	2.59	4.342	5.087	4.514	4.552	5.06
SPAC823.09c	SPAC823.09c	viable	V	0.0	-0.192	0.382	0.905	0.812	-0.083	0.411
SPAC823.10c	hem25	viable	V	0.0	-0.149	0.281	0.609	1.3	1.697	2.315
SPAC823.11	sgp1	condition-dependent	E	0.0	0.165	-0.152	0.167	0.034	0.008	0.231
SPAC823.12	vps11	condition-dependent	E	0.0	0.317	0.599	1.794	2.628	3.35	3.493
SPAC823.13c	she9	viable	V	0.0	-0.063	-0.054	0.296	0.0	0.11	0.043
SPAC823.14	ptf1	viable	V	0.0	-0.114	0.158	0.551	0.489	0.252	0.261
SPAC823.15	ppa1	viable	V	0.0	-0.572	-0.414	0.255	0.126	-0.327	-0.861
SPAC823.16c	atg1802	viable	V	0.0	-0.825	-0.368	-0.523	-1.049	-0.979	-0.596
SPAC824.02	bst1	viable	V	0.0	0.475	1.068	2.062	3.039	3.456	4.019
SPAC824.03c	SPAC824.03c	viable	V	0.0	-0.033	-0.222	-0.055	-0.554	0.174	-0.114
SPAC824.04	swd22	viable	V	0.0	0.087	0.113	0.71	0.805	1.524	1.885
SPAC824.05	vps16	condition-dependent	V	0.0	0.438	1.076	2.313	3.0	3.555	3.803
SPAC824.07	glo2	viable	V	0.0	0.588	1.467	0.783	2.094	0.833	1.053
SPAC824.08	gda1	viable	V	0.0	1.177	-0.317	1.549	0.079	-0.616	-0.197
SPAC824.09c	age1	viable	V	0.0	0.125	0.288	0.291	0.193	0.688	0.76
SPAC869.01	SPAC869.01	viable	V	0.0	0.852	1.318	0.93	1.701	1.123	1.172
SPAC869.02c	yhb1	viable	V	0.0	0.096	0.08	0.096	0.155	0.171	0.699
SPAC869.03c	SPAC869.03c	viable	V	0.0	0.274	0.884	0.598	1.564	1.164	0.724
SPAC869.04	SPAC869.04	viable	V	0.0	-0.347	0.561	0.223	0.742	0.783	0.722
SPAC869.05c	sul2	viable	V	0.0	0.192	0.144	0.649	0.791	0.911	0.698
SPAC869.06c	hry1	viable	V	0.0	0.26	0.434	0.656	0.786	0.315	1.0
SPAC869.07c	mel1	viable	V	0.0	0.016	-0.326	0.082	0.747	0.733	0.866
SPAC869.08	pcm2	viable	V	0.0	0.397	0.094	0.838	0.805	0.609	0.145
SPAC869.09	SPAC869.09	viable	V	0.0	-0.198	-1.501	-0.769	-0.071	-1.127	-0.638
SPAC869.10c	put4	viable	V	0.0	-0.385	-0.16	-0.715	-0.409	-0.595	-0.636
SPAC869.11	cat1	viable	V	0.0	0.158	0.338	0.604	0.671	0.827	0.799
SPAC890.02c	alp7	viable	V	0.0	0.084	0.139	0.823	1.199	1.523	1.454
SPAC890.03	ppk16	viable	V	0.0	-0.549	-0.632	-0.316	-0.334	-0.519	-0.719
SPAC890.04c	ytm1	inviable	E	0.0	2.144	3.356	4.473	4.265	4.838	4.348
SPAC890.05	pxr1	viable	V	0.0	-0.574	0.123	-1.094	-0.799	0.088	0.434
SPAC890.06	nup155	condition-dependent	V	0.0	2.257	3.963	4.463	4.608	4.273	4.376
SPAC890.07c	rmt1	viable	V	0.0	0.213	0.636	0.386	0.983	0.879	1.025
SPAC8C9.03	cgs1	viable	V	0.0	0.708	1.144	0.946	1.406	1.216	1.252
SPAC8C9.04	SPAC8C9.04	viable	V	0.0	-0.442	-0.359	-0.099	-0.569	0.294	-0.609
SPAC8C9.05	dtd1	viable	V	0.0	0.193	0.216	-0.12	0.074	0.769	1.001
SPAC8C9.06c	ppr4	viable	V	0.0	0.34	0.651	0.994	1.018	1.116	1.21
SPAC8C9.07	fyv7	viable	V	0.0	3.265	5.392	4.455	4.392	5.392	5.392
SPAC8C9.08	rps5	viable	V	0.0	1.501	2.309	2.93	3.84	4.105	3.969
SPAC8C9.09c	mug129	viable	V	0.0	0.007	-1.311	-0.651	-0.976	-0.074	-1.461
SPAC8C9.10c	rrp14	viable	V	0.0	0.283	1.96	2.526	2.737	3.158	2.977
SPAC8C9.11	fra2	viable	V	0.0	-0.007	-0.453	0.637	0.141	1.293	0.322
SPAC8C9.12c	mrs3	viable	V	0.0	-0.198	0.24	-0.042	0.008	-0.006	0.658
SPAC8C9.14	prr1	viable	V	0.0	0.303	0.363	0.671	0.589	0.968	0.61
SPAC8C9.15c	tif225	inviable	E	0.0	2.603	3.332	3.636	3.437	3.888	4.232
SPAC8C9.16c	oxr1	viable	V	0.0	-0.003	0.045	-0.514	-1.006	-0.362	-0.947
SPAC8C9.19	emr1	viable	V	0.0	0.142	0.605	1.215	2.318	4.903	4.903
SPAC8E11.01c	inv2	viable	V	0.0	0.246	0.777	0.662	0.49	0.549	0.541
SPAC8E11.03c	dmc1	viable	V	0.0	0.21	-0.116	0.235	-0.146	0.282	0.176
SPAC8E11.04c	pah1	viable	V	0.0	0.061	-0.313	0.334	0.385	0.218	0.066
SPAC8E11.05c	SPAC8E11.05c	viable	V	0.0	0.123	0.482	0.45	0.354	-0.055	0.54
SPAC8E11.06	SPAC8E11.06	viable	V	0.0	-0.308	-0.035	-0.413	-0.035	-0.425	-0.641
SPAC8E11.07c	alp31	viable	V	0.0	0.109	0.36	0.875	1.372	2.114	2.688
SPAC8E11.08c	SPAC8E11.08c	unknown	Not_determined	0.0	-0.336	-0.173	-0.099	-0.182	-0.282	-0.35
SPAC8E11.10	SPAC8E11.10	viable	V	0.0	0.08	0.129	0.323	0.072	0.072	0.089
SPAC8E11.12	SPAC8E11.12	viable	Not_determined	0.0	-0.474	0.969	0.407	0.082	0.783	0.347
SPAC8F11.02c	dph3	viable	V	0.0	2.726	1.808	2.726	1.726	2.726	2.726
SPAC8F11.03	msh3	viable	V	0.0	0.174	0.428	0.636	0.766	1.147	1.134
SPAC8F11.04	SPAC8F11.04	inviable	E	0.0	1.893	3.629	4.55	4.198	4.571	4.34
SPAC8F11.05c	mug130	viable	V	0.0	0.504	0.054	-0.291	0.929	-0.549	-0.423
SPAC8F11.06	brr6	inviable	E	0.0	2.019	3.677	4.042	4.011	4.62	4.726
SPAC8F11.07c	cdc24	inviable	E	0.0	0.992	2.675	3.632	3.829	4.102	3.949
SPAC8F11.08c	SPAC8F11.08c	viable	V	0.0	0.338	0.61	0.704	1.092	1.064	1.512
SPAC8F11.09c	efm7	viable	V	0.0	-0.23	-0.446	-0.463	-0.504	-0.395	-0.108
SPAC8F11.10c	pvg1	viable	V	0.0	-0.314	-0.28	-0.165	0.11	0.222	0.455
SPAC9.02c	SPAC9.02c	viable	V	0.0	0.434	-0.289	-0.263	0.759	-0.048	0.239
SPAC9.03c	brr2	inviable	E	0.0	1.886	3.588	4.109	3.999	3.943	4.231
SPAC9.04	Tf2-1	unknown	Not_determined	0.0	1.15	-0.413	0.531	1.031	0.531	0.63
SPAC9.05	fml1	viable	V	0.0	-0.132	0.525	0.814	1.023	0.877	1.047
SPAC9.06c	mta3	viable	V	0.0	-0.298	-0.359	-0.387	0.005	-0.161	-0.176
SPAC9.07c	SPAC9.07c	viable	V	0.0	-0.067	-0.106	0.175	-0.278	0.114	0.012
SPAC9.08c	SPAC9.08c	viable	V	0.0	0.105	0.491	0.412	0.274	0.154	0.07
SPAC9.09	met26	viable	Not_determined	0.0	1.82	3.106	3.046	3.007	2.624	3.075
SPAC9.10	thi9	viable	V	0.0	0.271	0.743	0.765	0.681	0.384	0.627
SPAC9.11	SPAC9.11	viable	V	0.0	0.159	0.133	0.622	0.263	0.439	0.415
SPAC9.12c	atp12	viable	V	0.0	0.08	0.23	0.956	1.406	1.699	1.725
SPAC9.13c	cwf16	viable	V	0.0	2.072	3.359	3.882	4.824	4.634	4.875
SPAC922.03	SPAC922.03	viable	V	0.0	-0.341	0.154	0.379	-0.032	0.006	0.274
SPAC922.04	SPAC922.04	viable	V	0.0	-0.509	-0.359	-0.398	-0.626	-0.625	-0.099
SPAC922.05c	SPAC922.05c	viable	V	0.0	0.235	0.234	0.437	0.237	0.685	0.935
SPAC922.06	SPAC922.06	viable	V	0.0	0.412	0.425	1.082	0.605	0.575	0.787
SPAC922.07c	atd2	viable	V	0.0	0.14	0.662	-0.105	1.085	0.817	0.252
SPAC922.09	SPAC922.09	unknown	Not_determined	0.0	-0.102	-0.156	-0.116	-0.135	-0.069	-0.139
SPAC926.02	SPAC926.02	viable	V	0.0	-0.075	-0.406	-0.191	-0.39	0.181	0.488
SPAC926.03	rlc1	condition-dependent	V	0.0	0.413	-0.37	-0.245	0.286	0.348	1.146
SPAC926.04c	hsp90	inviable	E	0.0	2.08	3.563	3.95	4.204	4.058	4.402
SPAC926.06c	SPAC926.06c	viable	V	0.0	0.042	0.274	-0.038	0.452	0.114	0.115
SPAC926.07c	dlc2	viable	V	0.0	-0.047	-0.087	0.398	0.307	0.261	0.426
SPAC926.08c	rpf2	inviable	E	0.0	2.189	3.555	4.013	4.622	4.536	4.682
SPAC926.09c	fas1	viable	V	0.0	1.715	2.543	2.759	2.864	2.805	2.807
SPAC959.02	sec17	inviable	E	0.0	2.059	2.956	3.235	3.252	3.282	3.247
SPAC959.03c	utp7	inviable	E	0.0	1.634	3.475	4.244	4.34	4.555	4.711
SPAC959.04c	omh6	viable	V	0.0	-0.241	0.453	1.489	3.458	3.162	3.883
SPAC959.05c	pdi4	viable	V	0.0	-0.074	-1.444	-0.183	1.281	0.393	0.518
SPAC959.06c	SPAC959.06c	viable	V	0.0	0.094	-0.01	0.016	0.605	0.194	0.023
SPAC959.07	rps403	viable	V	0.0	-0.092	-0.028	0.464	0.683	0.973	1.84
SPAC959.08	rpl2102	viable	V	0.0	0.857	2.214	3.491	3.696	4.451	4.397
SPAC959.09c	apc5	inviable	E	0.0	1.088	3.099	4.279	4.151	4.408	4.473
SPAC959.10	sen15	inviable	E	0.0	0.918	3.65	4.567	4.567	4.136	4.567
SPAC959.11	SPAC959.11	unknown	Not_determined	0.0	1.031	1.082	0.907	1.031	0.955	1.164
SPAC977.03	SPAC977.03	viable	V	0.0	0.109	0.004	0.503	0.482	0.476	0.498
SPAC977.10	nhe1	viable	V	0.0	0.102	0.26	0.393	0.481	0.633	0.682
SPAC977.11	fex1	viable	V	0.0	-0.682	-0.428	-0.678	-0.541	-0.66	-0.968
SPAC977.12	SPAC977.12	viable	V	0.0	0.064	-0.205	0.068	-0.08	-0.128	-0.14
SPAC977.14c	SPAC977.14c	viable	V	0.0	-0.414	-0.108	0.072	-0.212	-0.081	-0.667
SPAC977.15	SPAC977.15	viable	V	0.0	0.256	0.178	0.154	0.41	0.581	0.536
SPAC977.16c	dak2	viable	V	0.0	0.635	0.934	0.86	1.122	1.114	0.998
SPAC977.17	SPAC977.17	viable	V	0.0	0.967	0.598	1.849	0.464	2.785	2.785
SPAC977.18	SPAC977.18	unknown	Not_determined	0.0	0.245	0.42	0.028	0.292	0.427	0.42
SPAC9E9.01	SPAC9E9.01	unknown	Not_determined	0.0	0.409	-0.005	0.178	-0.162	-0.625	0.442
SPAC9E9.02	SPAC9E9.02	unknown	Not_determined	0.0	0.389	0.694	0.858	0.633	0.509	0.311
SPAC9E9.03	leu2	viable	V	0.0	0.054	0.415	0.698	1.119	1.067	0.928
SPAC9E9.04	SPAC9E9.04	viable	V	0.0	0.671	0.39	-0.003	2.053	-0.003	0.702
SPAC9E9.05	sor1	viable	V	0.0	0.07	0.057	0.517	0.401	0.353	0.306
SPAC9E9.06c	SPAC9E9.06c	inviable	E	0.0	2.525	4.232	4.477	4.643	4.888	5.081
SPAC9E9.07c	ypt2	inviable	E	0.0	2.196	3.814	3.814	3.814	3.814	3.814
SPAC9E9.08	rad26	viable	V	0.0	0.105	0.36	0.609	0.815	0.966	1.332
SPAC9E9.09c	atd1	viable	V	0.0	0.246	0.351	0.808	0.74	0.886	0.932
SPAC9E9.10c	cbh1	viable	V	0.0	-0.05	0.263	0.161	0.495	0.751	1.035
SPAC9E9.11	plr1	viable	V	0.0	0.21	0.376	0.23	0.193	0.1	0.049
SPAC9E9.12c	abc1	viable	V	0.0	0.46	0.447	0.488	0.919	0.328	0.559
SPAC9E9.13	wos2	viable	V	0.0	0.069	-0.036	0.228	0.074	0.555	0.2
SPAC9E9.14	vps24	viable	V	0.0	0.049	0.385	0.622	1.138	1.337	1.498
SPAC9E9.15	SPAC9E9.15	viable	V	0.0	0.118	0.182	0.002	-0.157	0.383	0.331
SPAC9E9.17c	SPAC9E9.17c	unknown	Not_determined	0.0	-0.411	-0.623	-0.416	-0.685	-0.722	-0.896
SPAC9G1.02	wis4	viable	V	0.0	0.276	0.345	0.674	0.668	0.883	0.963
SPAC9G1.04	oxa101	viable	V	0.0	-0.078	0.178	-0.066	0.139	0.0	-0.135
SPAC9G1.05	aip1	viable	V	0.0	0.031	-0.14	-0.517	-0.178	-0.452	0.135
SPAC9G1.06c	cyk3	viable	V	0.0	-0.031	0.266	0.136	0.208	0.273	0.659
SPAC9G1.07	SPAC9G1.07	viable	V	0.0	0.257	0.575	0.908	1.071	1.171	0.877
SPAC9G1.08c	phi1	viable	V	0.0	0.419	1.75	2.524	3.519	3.662	3.134
SPAC9G1.09	sid1	inviable	E	0.0	0.123	1.974	2.9	3.675	3.502	3.376
SPAC9G1.10c	inp53	viable	V	0.0	0.194	0.146	0.176	0.362	0.388	0.297
SPAC9G1.11c	spn4	viable	V	0.0	0.275	0.732	0.865	0.799	0.869	1.063
SPAC9G1.12	trm61	viable	V	0.0	-0.354	0.41	-0.458	1.598	0.693	-0.156
SPAC9G1.13c	swc4	inviable	E	0.0	0.203	1.511	3.572	3.925	3.867	4.007
SPAC9G1.14	SPAC9G1.14	unknown	Not_determined	0.0	-0.576	0.438	-0.105	-0.806	-0.242	0.033
SPACUNK12.02c	cmk1	viable	V	0.0	-0.249	-0.096	-0.459	-0.258	-0.221	-0.36
SPACUNK4.06c	rpb7	inviable	E	0.0	2.048	4.158	5.148	4.927	5.242	5.617
SPACUNK4.07c	cta4	viable	Not_determined	0.0	0.24	0.5	1.587	2.544	3.181	3.636
SPACUNK4.08	dpp2	viable	V	0.0	0.001	0.023	0.364	0.184	0.158	0.206
SPACUNK4.09	SPACUNK4.09	viable	V	0.0	-0.243	0.14	-0.183	0.224	-0.16	-0.259
SPACUNK4.10	gor1	viable	V	0.0	-0.032	0.215	1.167	0.06	0.439	0.319
SPACUNK4.11c	mpp6	viable	V	0.0	0.088	0.268	0.843	0.606	0.253	2.509
SPACUNK4.12c	iph1	viable	V	0.0	0.18	0.452	0.294	0.124	0.312	0.908
SPACUNK4.13c	ola2	viable	V	0.0	0.076	0.578	0.081	0.218	0.021	0.409
SPACUNK4.14	mdb1	viable	V	0.0	0.935	1.712	1.685	1.66	1.61	1.033
SPACUNK4.16c	tps3	viable	V	0.0	0.557	-0.261	0.313	-0.066	0.087	0.697
SPACUNK4.17	SPACUNK4.17	viable	V	0.0	-0.006	-0.342	-0.569	-0.304	-0.386	-0.491
SPACUNK4.19	mug153	viable	V	0.0	-0.003	-0.048	-0.138	0.066	-0.01	-0.026
SPAP11E10.01	SPAP11E10.01	viable	V	0.0	0.098	0.01	-0.025	-0.187	-0.041	0.096
SPAP11E10.02c	mam3	viable	V	0.0	0.497	0.95	1.108	0.824	0.924	0.973
SPAP14E8.02	tos4	viable	V	0.0	0.177	0.157	0.658	0.168	0.41	0.066
SPAP14E8.03	bos1	inviable	E	0.0	1.095	2.856	2.969	3.394	3.63	3.695
SPAP14E8.04	oma1	viable	V	0.0	-0.158	-0.046	1.336	0.128	0.182	1.919
SPAP14E8.05c	SPAP14E8.05c	viable	V	0.0	-0.191	1.458	1.51	1.531	1.432	1.39
SPAP19A11.05c	mrp7	inviable	E	0.0	0.658	1.312	2.785	2.785	2.785	2.785
SPAP27G11.02	mgr3	viable	V	0.0	0.803	0.796	1.313	1.058	0.706	1.151
SPAP27G11.03	cdc123	inviable	E	0.0	1.825	4.22	4.815	4.905	5.011	4.986
SPAP27G11.04c	tad3	inviable	E	0.0	0.766	3.617	3.034	4.535	4.535	4.535
SPAP27G11.05c	vps41	viable	V	0.0	0.107	0.48	1.168	1.757	2.411	2.993
SPAP27G11.06c	vas2	viable	V	0.0	0.496	1.148	1.473	1.589	1.815	1.988
SPAP27G11.07c	bud32	condition-dependent	E	0.0	1.232	4.688	3.832	5.302	5.302	4.942
SPAP27G11.08c	meu32	viable	V	0.0	0.221	0.329	0.382	0.411	0.407	0.569
SPAP27G11.09c	rib1	inviable	E	0.0	2.791	2.854	4.242	3.762	3.944	4.28
SPAP27G11.10c	nup184	viable	V	0.0	1.489	2.844	3.784	3.803	4.049	4.024
SPAP27G11.11c	SPAP27G11.11c	unknown	Not_determined	0.0	-0.048	0.081	0.017	0.241	-0.144	-0.27
SPAP27G11.12	hid3	viable	V	0.0	0.199	0.416	1.006	1.145	0.861	0.745
SPAP27G11.13c	nop10	inviable	E	0.0	1.225	3.128	5.573	4.573	5.573	4.172
SPAP27G11.14c	SPAP27G11.14c	viable	V	0.0	0.065	0.215	0.486	0.567	1.038	1.304
SPAP27G11.15	slx1	viable	V	0.0	0.022	0.156	0.322	0.1	0.446	0.174
SPAP27G11.16	SPAP27G11.16	viable	V	0.0	0.443	0.408	0.497	0.672	0.176	0.401
SPAP32A8.02	SPAP32A8.02	viable	V	0.0	0.272	0.214	0.261	-0.046	0.882	0.65
SPAP32A8.03c	bop1	viable	V	0.0	-0.35	-0.393	-0.676	-0.802	-0.619	-0.719
SPAP4C9.02	emc5	viable	Not_determined	0.0	0.148	0.697	0.734	0.4	0.527	0.661
SPAP7G5.02c	gua2	inviable	E	0.0	1.937	3.471	4.1	4.53	3.723	4.352
SPAP7G5.03	prm1	viable	V	0.0	-0.111	-0.404	-0.348	0.271	0.123	0.621
SPAP7G5.04c	lys1	viable	V	0.0	0.148	-0.215	-0.166	-0.339	-0.014	-0.036
SPAP7G5.06	per1	viable	V	0.0	0.445	0.59	0.738	0.814	0.76	1.29
SPAP8A3.02c	ofd2	viable	V	0.0	-0.062	-0.228	-0.297	0.266	-0.114	-0.333
SPAP8A3.03	zip3	viable	V	0.0	-0.101	0.288	1.14	0.28	0.208	0.739
SPAP8A3.05	ski7	viable	V	0.0	-0.192	0.928	0.991	0.865	0.757	0.479
SPAP8A3.07c	aro3	viable	V	0.0	1.021	2.284	3.112	4.005	4.653	3.023
SPAP8A3.08	cdc4	inviable	E	0.0	0.536	2.963	5.2	4.601	5.156	4.889
SPAP8A3.09c	paa1	inviable	E	0.0	1.12	2.569	3.195	3.195	3.388	3.285
SPAP8A3.10	ups1	inviable	E	0.0	0.864	2.635	4.157	3.778	3.975	4.183
SPAP8A3.11c	mtg2	inviable	E	0.0	0.145	0.414	1.198	3.145	4.667	5.224
SPAP8A3.12c	tpp2	viable	V	0.0	-0.013	-0.055	-0.028	-0.218	-0.144	-0.011
SPAP8A3.13c	gid10	viable	V	0.0	0.368	0.123	-0.01	0.127	0.445	0.334
SPAP8A3.14c	sls1	viable	V	0.0	0.163	0.324	0.646	0.699	0.899	1.221
SPAPB15E9.01c	pfl2	viable	Not_determined	0.0	-0.259	-0.431	-0.579	-0.748	-0.858	-0.588
SPAPB15E9.02c	SPAPB15E9.02c	unknown	Not_determined	0.0	-0.174	-0.006	0.028	0.081	-0.074	-0.122
SPAPB15E9.06	SPAPB15E9.06	unknown	Not_determined	0.0	-0.533	0.066	0.348	0.236	-0.107	-0.406
SPAPB17E12.03	pex12	viable	V	0.0	0.186	0.534	0.677	0.484	0.769	0.614
SPAPB17E12.04c	csn2	viable	V	0.0	-0.712	0.533	1.241	1.098	1.964	2.768
SPAPB17E12.05	rpl3703	viable	V	0.0	1.292	1.437	2.246	2.9	2.809	3.432
SPAPB17E12.06	sos7	unknown	Not_determined	0.0	0.887	2.71	3.886	4.073	4.192	4.221
SPAPB17E12.07c	sen2	inviable	E	0.0	1.956	3.849	4.575	4.604	4.522	4.683
SPAPB17E12.08	eos1	viable	V	0.0	-0.006	0.284	0.421	0.553	0.815	0.956
SPAPB17E12.09	SPAPB17E12.09	inviable	E	0.0	0.436	0.64	0.264	1.38	0.306	0.987
SPAPB17E12.10c	mrm202	inviable	E	0.0	-0.077	0.322	0.519	2.572	3.287	4.099
SPAPB17E12.11	ost3	inviable	E	0.0	1.105	2.916	3.902	4.195	4.167	4.178
SPAPB17E12.14c	SPAPB17E12.14c	viable	V	0.0	0.472	-0.396	-0.767	-0.144	-0.238	-1.176
SPAPB18E9.01	trm5	viable	V	0.0	1.081	2.257	3.652	4.029	4.461	4.528
SPAPB18E9.02c	ppk18	viable	Not_determined	0.0	-0.028	-0.117	-0.269	-0.107	-0.322	-0.386
SPAPB18E9.04c	SPAPB18E9.04c	viable	V	0.0	0.485	1.835	0.993	0.725	1.155	0.156
SPAPB1A10.02	scm3	inviable	E	0.0	0.19	1.081	2.896	3.492	3.579	3.706
SPAPB1A10.03	nxt1	viable	V	0.0	0.512	1.096	0.765	1.086	1.216	0.968
SPAPB1A10.04c	cwp1	inviable	E	0.0	0.594	2.684	4.074	4.474	4.498	4.161
SPAPB1A10.05	SPAPB1A10.05	viable	V	0.0	0.089	0.128	0.503	0.121	0.281	0.099
SPAPB1A10.06c	dhx37	inviable	E	0.0	2.248	3.685	4.219	4.143	4.275	4.132
SPAPB1A10.07c	SPAPB1A10.07c	viable	V	0.0	0.713	0.569	0.945	0.816	0.493	-0.049
SPAPB1A10.08	SPAPB1A10.08	viable	V	0.0	0.439	0.611	0.443	0.754	0.777	0.983
SPAPB1A10.09	ase1	viable	V	0.0	-0.052	0.43	0.833	1.146	1.546	2.004
SPAPB1A10.10c	ypt71	viable	V	0.0	-0.128	0.467	0.089	0.292	1.537	1.612
SPAPB1A10.11c	mse1	inviable	E	0.0	-0.006	0.732	2.373	3.445	4.187	4.306
SPAPB1A10.12c	alo1	viable	V	0.0	0.3	0.113	0.967	0.276	0.228	0.316
SPAPB1A10.13	SPAPB1A10.13	viable	V	0.0	0.309	0.543	0.938	0.462	0.144	0.409
SPAPB1A10.15	arv1	viable	V	0.0	0.222	0.318	0.513	0.358	0.648	0.951
SPAPB1A10.16	dpc13	viable	Not_determined	0.0	-0.143	-0.229	-0.274	-0.545	-0.193	-0.578
SPAPB1A11.01	mfc1	viable	V	0.0	0.224	-0.105	0.075	-0.145	0.123	-0.251
SPAPB1A11.02	SPAPB1A11.02	viable	V	0.0	-0.224	-0.309	-0.421	-0.287	-0.555	-0.398
SPAPB1A11.03	SPAPB1A11.03	viable	V	0.0	0.754	1.485	1.478	1.46	1.475	1.482
SPAPB1A11.04c	mca1	viable	V	0.0	1.223	2.246	3.187	3.86	4.052	3.81
SPAPB1E7.01c	SPAPB1E7.01c	inviable	E	0.0	0.329	0.987	1.252	2.048	4.281	3.426
SPAPB1E7.02c	mcl1	condition-dependent	V	0.0	0.525	1.407	2.857	4.029	3.287	4.238
SPAPB1E7.03	rpc82	inviable	E	0.0	2.03	3.981	4.272	3.855	4.564	4.563
SPAPB1E7.04c	cts2	viable	V	0.0	-0.172	-0.082	0.622	0.153	0.397	0.091
SPAPB1E7.05	gde1	viable	V	0.0	-0.197	0.139	-0.047	0.231	0.105	0.414
SPAPB1E7.06c	eme1	viable	V	0.0	0.394	1.188	2.64	3.093	3.85	4.118
SPAPB1E7.07	glt1	viable	V	0.0	-0.136	-0.085	-0.343	-0.087	-0.334	-0.504
SPAPB1E7.08c	SPAPB1E7.08c	viable	V	0.0	0.513	0.64	0.484	0.583	0.934	0.857
SPAPB1E7.09	ogm2	condition-dependent	V	0.0	1.516	3.725	4.333	4.316	4.578	4.334
SPAPB1E7.10	rpc17	inviable	E	0.0	1.373	2.685	3.242	3.746	3.717	3.687
SPAPB1E7.11c	mpa1	viable	V	0.0	-0.118	0.058	0.418	0.557	0.707	1.465
SPAPB1E7.12	rps602	viable	V	0.0	1.087	3.121	4.039	4.039	4.039	4.039
SPAPB1E7.14	iec5	unknown	Not_determined	0.0	0.221	0.112	0.24	0.313	0.341	0.331
SPAPB21F2.02	dop1	viable	V	0.0	0.061	0.32	0.358	0.413	0.821	0.492
SPAPB24D3.01	toe3	viable	V	0.0	-0.228	0.07	-0.023	-0.256	0.147	0.361
SPAPB24D3.02c	SPAPB24D3.02c	viable	V	0.0	-0.329	0.388	-0.366	-0.485	-0.556	-0.422
SPAPB24D3.03	agm2	viable	V	0.0	-0.177	-0.655	0.227	-0.099	0.061	-0.003
SPAPB24D3.04c	mag1	viable	V	0.0	-0.614	-0.415	-0.729	-0.461	-0.454	-0.885
SPAPB24D3.06c	SPAPB24D3.06c	inviable	E	0.0	0.182	0.392	0.301	0.209	0.3	0.502
SPAPB24D3.07c	SPAPB24D3.07c	viable	V	0.0	-0.158	0.528	0.368	0.241	0.255	0.408
SPAPB24D3.08c	SPAPB24D3.08c	viable	V	0.0	0.157	-0.282	0.032	0.552	0.805	0.086
SPAPB24D3.09c	pdr1	viable	V	0.0	0.06	0.287	0.236	0.523	0.565	0.822
SPAPB24D3.10c	agl1	viable	V	0.0	0.003	0.009	-0.147	-0.45	-0.032	-0.276
SPAPB2B4.01c	gpi12	inviable	E	0.0	0.278	2.234	2.244	2.756	2.841	2.968
SPAPB2B4.02	grx5	condition-dependent	V	0.0	-0.043	0.135	0.63	1.114	1.916	2.8
SPAPB2B4.03	cig2	viable	V	0.0	0.326	0.32	0.399	0.449	0.614	0.658
SPAPB2B4.04c	pmc1	viable	V	0.0	0.209	0.301	0.365	0.288	0.548	0.613
SPAPB2B4.05	vma5	inviable	E	0.0	0.777	1.372	2.264	2.547	3.541	3.903
SPAPB2B4.06	SPAPB2B4.06	viable	V	0.0	0.338	0.383	1.063	0.593	0.385	1.01
SPAPB2B4.07	SPAPB2B4.07	viable	V	0.0	-0.389	0.625	0.685	0.903	0.638	0.523
SPAPB2C8.01	pfl10	viable	V	0.0	0.071	-0.817	-0.792	-1.1	-0.143	-0.435
SPAPB8E5.03	mae1	viable	V	0.0	0.366	0.48	0.306	0.922	0.671	0.448
SPAPB8E5.04c	npc2	viable	V	0.0	-0.317	-0.463	-0.487	-0.118	-0.482	-0.401
SPAPB8E5.05	mfm1	viable	V	0.0	-0.177	-0.658	-0.64	-1.07	-0.496	-0.464
SPAPB8E5.07c	rrp12	inviable	E	0.0	1.968	3.305	3.983	3.978	4.083	4.142
SPAPB8E5.08	SPAPB8E5.08	viable	V	0.0	0.007	-0.349	0.764	-0.457	-0.443	-0.506
SPAPB8E5.09	rvb1	inviable	E	0.0	1.417	3.216	3.782	3.93	3.793	3.567
SPAPB8E5.10	min8	viable	V	0.0	-0.005	0.116	0.236	0.058	0.217	0.513
SPAPJ691.02	moh1	viable	V	0.0	0.284	0.314	0.297	0.182	0.345	0.314
SPAPJ691.03	mic10	viable	V	0.0	0.112	0.269	0.282	0.131	0.1	0.228
SPAPJ695.01c	SPAPJ695.01c	viable	V	0.0	-0.032	0.187	0.434	0.452	0.525	0.598
SPAPJ695.02	SPAPJ695.02	viable	Not_determined	0.0	0.154	0.717	0.832	1.725	1.999	1.398
SPAPJ696.01c	vps17	viable	V	0.0	0.283	-0.167	0.143	-0.083	-0.038	0.388
SPAPJ696.02	lsb4	viable	V	0.0	-0.43	0.002	-0.599	-0.666	-0.462	-0.166
SPAPJ698.03c	prp12	inviable	E	0.0	1.778	3.422	4.291	4.39	3.85	4.198
SPAPJ760.02c	abp1	viable	V	0.0	-0.013	-0.161	0.115	0.004	0.035	-0.116
SPAPYUG7.02c	sin1	viable	V	0.0	0.374	0.958	1.08	1.338	1.933	2.045
SPAPYUG7.03c	mid2	viable	V	0.0	0.054	0.821	1.923	1.477	1.228	1.179
SPAPYUG7.04c	rpb9	viable	V	0.0	0.329	0.196	0.536	0.553	0.397	0.541
SPAPYUG7.05	pro3	inviable	E	0.0	2.007	4.134	4.134	4.134	4.134	4.134
SPAPYUG7.06	sdu1	viable	V	0.0	-0.073	-0.147	-0.768	-0.073	0.135	-0.174
SPAPYUK71.03c	tcb3	viable	V	0.0	-0.085	-0.003	0.388	0.344	0.082	0.263
SPBC106.01	mph1	viable	V	0.0	-0.031	0.285	0.677	0.809	1.089	1.388
SPBC106.02c	srx1	viable	V	0.0	-0.346	-0.422	-0.529	-0.365	0.122	-0.31
SPBC106.03	SPBC106.03	viable	V	0.0	1.814	1.332	1.125	2.173	1.294	1.194
SPBC106.04	ada1	viable	V	0.0	0.361	0.672	1.088	1.347	1.607	2.023
SPBC106.05c	tim11	viable	V	0.0	-0.201	0.527	0.169	0.783	0.169	0.634
SPBC106.06	cct4	inviable	E	0.0	1.684	2.847	2.938	2.828	3.085	3.304
SPBC106.07c	nat2	viable	V	0.0	1.682	4.063	4.063	4.063	3.127	3.199
SPBC106.08c	mug2	viable	V	0.0	0.049	-0.981	-0.136	-0.106	-1.096	-1.118
SPBC106.09	cut4	inviable	E	0.0	1.076	2.824	4.021	4.186	4.265	4.106
SPBC106.10	pka1	viable	V	0.0	0.71	1.489	2.122	2.121	2.533	3.122
SPBC106.11c	plg7	viable	V	0.0	-0.511	0.59	0.055	-0.153	0.198	1.928
SPBC106.12c	tho4	viable	V	0.0	-0.696	0.218	-0.225	0.663	-0.034	0.565
SPBC106.13	gid9	viable	V	0.0	0.21	-0.042	0.138	-0.333	0.146	0.211
SPBC106.14c	sda1	inviable	E	0.0	2.129	3.864	4.665	4.042	4.197	4.237
SPBC106.15	idi1	inviable	E	0.0	1.826	3.127	3.891	3.652	3.481	3.542
SPBC106.16	pre6	viable	V	0.0	1.621	2.61	3.326	3.954	3.657	4.375
SPBC106.17c	cys2	viable	V	0.0	0.284	0.763	0.596	1.148	1.145	1.317
SPBC106.18	rpl2501	inviable	E	0.0	1.597	2.693	2.41	2.68	2.835	2.701
SPBC106.19	ppr10	viable	V	0.0	0.112	0.354	0.526	0.751	1.066	1.171
SPBC106.20	exo70	condition-dependent	V	0.0	0.28	0.422	0.823	1.003	1.383	1.639
SPBC1105.01	SPBC1105.01	viable	V	0.0	-0.017	0.076	0.197	0.353	0.357	0.661
SPBC1105.02c	lys4	viable	V	0.0	0.598	-0.294	-0.162	-0.596	0.247	-0.194
SPBC1105.03c	mrpl16	inviable	E	0.0	0.422	1.046	3.706	3.706	3.229	3.282
SPBC1105.04c	cbp1	viable	V	0.0	0.152	0.573	1.784	1.767	1.913	2.496
SPBC1105.05	exg1	viable	V	0.0	-0.198	-0.306	-0.247	-0.788	0.057	-0.533
SPBC1105.06	pmc4	inviable	E	0.0	0.159	0.884	2.436	2.927	4.407	4.914
SPBC1105.07c	pci2	inviable	E	0.0	0.634	1.953	3.313	3.938	4.053	4.088
SPBC1105.08	emp70	viable	V	0.0	-0.063	-0.021	0.255	0.023	0.276	0.457
SPBC1105.09	ubc15	viable	V	0.0	0.348	-0.015	0.223	0.491	0.527	1.192
SPBC1105.10	rav1	viable	V	0.0	-0.11	0.251	0.776	0.92	1.395	0.975
SPBC1105.11c	hht3	viable	V	0.0	0.314	0.462	0.292	0.214	0.292	0.121
SPBC1105.12	hhf3	viable	V	0.0	0.27	0.307	0.165	0.307	0.116	-0.219
SPBC1105.13c	SPBC1105.13c	viable	V	0.0	0.063	-0.26	0.646	-0.079	-0.487	-0.464
SPBC1105.14	rsv2	viable	V	0.0	0.604	0.714	1.292	0.786	0.572	0.931
SPBC1105.15c	htd2	viable	V	0.0	0.03	0.201	0.774	2.189	3.903	3.9
SPBC1105.16c	rpr2	inviable	E	0.0	1.372	3.328	5.054	4.991	5.991	4.199
SPBC1105.17	cnp1	inviable	E	0.0	0.266	1.161	2.575	3.017	3.709	3.538
SPBC1105.19	tam12	unknown	Not_determined	0.0	-0.561	-0.162	-0.036	-0.419	0.192	-0.018
SPBC115.01c	rrp46	inviable	E	0.0	2.084	4.141	4.458	4.681	5.271	4.865
SPBC115.02c	afg1	viable	V	0.0	1.296	0.065	1.884	0.651	1.458	1.373
SPBC115.03	SPBC115.03	viable	V	0.0	0.978	0.899	0.609	1.236	1.42	1.48
SPBC119.01	rpn3	inviable	E	0.0	1.337	2.219	2.933	3.268	3.014	3.093
SPBC119.02	ubc4	inviable	E	0.0	1.518	2.705	3.954	4.121	4.157	4.198
SPBC119.03	cmt1	viable	V	0.0	-0.64	0.0	-0.606	-0.545	-0.87	-0.99
SPBC119.05c	lsb1	viable	V	0.0	-0.403	-0.438	0.015	-0.837	-0.253	0.055
SPBC119.06	sco1	viable	V	0.0	0.217	0.136	1.117	0.729	0.779	1.207
SPBC119.07	vps15	viable	V	0.0	0.041	0.226	0.718	0.959	1.548	2.007
SPBC119.08	pmk1	viable	V	0.0	0.095	0.168	0.358	0.296	0.58	0.517
SPBC119.10	asn1	viable	Not_determined	0.0	1.819	3.485	3.351	3.282	3.655	4.034
SPBC119.11c	pac1	inviable	E	0.0	0.669	0.747	0.36	0.831	0.809	1.108
SPBC119.12	rud3	viable	V	0.0	-0.645	-0.483	-0.169	-0.006	0.321	0.576
SPBC119.13c	prp31	inviable	E	0.0	2.282	3.822	4.34	4.543	4.513	4.128
SPBC119.14	rti1	viable	V	0.0	-0.093	1.171	1.143	1.678	1.015	1.548
SPBC119.15	npa3	inviable	E	0.0	1.734	3.72	4.236	4.658	4.209	4.558
SPBC119.16c	den11	viable	V	0.0	-0.353	-0.382	-0.371	-0.528	-0.862	-0.619
SPBC119.17	cym1	condition-dependent	E	0.0	0.793	2.847	3.828	4.008	4.171	4.185
SPBC119.18	mdm35	inviable	E	0.0	0.295	1.398	3.768	3.732	3.42	3.652
SPBC1198.01	fmd2	viable	V	0.0	-0.015	-0.389	-0.255	-0.082	-0.338	-0.196
SPBC1198.02	dea2	inviable	E	0.0	0.153	0.311	0.641	0.722	1.001	0.537
SPBC1198.03c	SPBC1198.03c	viable	V	0.0	0.01	-0.085	0.167	-0.275	-0.158	-0.221
SPBC1198.04c	zas1	inviable	E	0.0	0.309	1.158	2.828	3.841	4.467	4.492
SPBC1198.05	guk1	inviable	E	0.0	1.97	3.79	4.341	4.341	4.182	4.341
SPBC1198.06c	dfg501	viable	V	0.0	0.461	0.577	1.169	0.516	0.971	1.028
SPBC1198.07c	dfg502	viable	V	0.0	-0.138	0.185	0.22	0.358	0.659	0.475
SPBC1198.08	dug1	viable	V	0.0	0.399	0.504	1.026	0.882	0.909	0.801
SPBC1198.09	pex4	viable	V	0.0	1.098	0.494	1.312	1.229	0.32	1.478
SPBC1198.10c	slm5	inviable	E	0.0	0.46	1.311	3.298	3.599	4.071	4.084
SPBC1198.11c	reb1	viable	V	0.0	-0.085	0.173	0.121	0.149	0.438	0.534
SPBC1198.12	mfr1	viable	V	0.0	0.216	1.68	0.378	1.013	0.378	0.499
SPBC1198.13c	tfg2	inviable	E	0.0	1.066	2.918	4.295	4.625	4.679	4.825
SPBC1198.14c	fbp1	viable	V	0.0	-0.441	-0.237	0.359	-0.401	0.07	0.428
SPBC11B10.01	alg2	inviable	E	0.0	1.664	3.493	3.997	3.84	3.915	3.79
SPBC11B10.03	cog8	inviable	E	0.0	1.032	3.456	3.921	4.149	3.461	4.14
SPBC11B10.04c	mrps28	inviable	E	0.0	0.218	1.344	3.258	3.785	3.738	4.214
SPBC11B10.05c	rsp1	viable	V	0.0	-0.086	0.048	0.371	0.374	0.513	0.577
SPBC11B10.06	sws1	viable	V	0.0	0.711	1.612	-0.358	-0.056	0.625	0.431
SPBC11B10.07c	ivn1	viable	V	0.0	1.183	0.905	1.077	1.334	1.222	0.795
SPBC11B10.08	wwm1	viable	V	0.0	-0.275	0.287	-0.027	-0.561	0.181	0.045
SPBC11B10.09	cdc2	inviable	E	0.0	2.032	2.032	2.032	2.032	2.032	1.723
SPBC11C11.01	SPBC11C11.01	viable	V	0.0	0.497	0.743	1.009	0.797	0.705	1.049
SPBC11C11.02	imp2	viable	V	0.0	-0.078	0.783	1.735	3.102	3.707	4.857
SPBC11C11.03	ndc80	inviable	E	0.0	0.685	2.55	3.534	3.685	3.981	4.104
SPBC11C11.04c	alp1	inviable	E	0.0	1.484	3.248	3.85	3.73	3.821	3.986
SPBC11C11.05	knh1	inviable	E	0.0	1.396	2.984	4.653	5.11	5.37	5.192
SPBC11C11.07	rpl1801	viable	V	0.0	1.497	2.694	2.891	3.687	4.435	4.616
SPBC11C11.08	srp1	viable	V	0.0	-0.303	-0.039	0.352	0.394	0.429	0.366
SPBC11C11.09c	rpl502	viable	V	0.0	0.945	1.63	2.367	2.203	3.043	2.938
SPBC11C11.10	pus4	viable	V	0.0	0.166	0.428	0.237	0.509	0.489	0.576
SPBC11C11.11c	irc3	viable	V	0.0	-0.047	0.439	0.449	0.495	0.321	0.348
SPBC11G11.01	fis1	viable	V	0.0	0.054	0.007	-0.113	0.077	-0.188	0.054
SPBC11G11.02c	end3	viable	V	0.0	-0.055	0.419	0.009	0.366	0.3	0.097
SPBC11G11.03	mrt4	viable	V	0.0	-0.254	0.653	0.223	-0.873	0.627	1.263
SPBC11G11.04	trs20	inviable	E	0.0	0.759	2.641	3.69	3.821	4.128	3.944
SPBC11G11.05	rpa34	viable	V	0.0	0.859	1.457	1.167	1.323	2.145	3.645
SPBC11G11.06c	sme1	inviable	E	0.0	2.714	4.565	6.084	4.273	4.868	4.468
SPBC11G11.07	mtr10	inviable	E	0.0	0.873	1.668	2.669	3.389	4.026	3.887
SPBC1215.01	shy1	viable	V	0.0	-0.13	0.252	0.199	0.496	0.537	0.68
SPBC1215.02c	naa25	condition-dependent	E	0.0	0.156	0.571	1.611	2.85	3.735	3.747
SPBC1271.01c	pof13	viable	V	0.0	-0.624	0.929	1.258	1.03	1.736	0.137
SPBC1271.02	stt3	inviable	E	0.0	1.65	3.546	4.231	4.193	4.425	4.374
SPBC1271.03c	SPBC1271.03c	viable	V	0.0	0.356	0.7	0.942	0.844	1.238	0.686
SPBC1271.04c	dys1	inviable	E	0.0	1.465	2.458	3.962	3.962	3.962	3.746
SPBC1271.05c	SPBC1271.05c	viable	V	0.0	0.458	0.763	0.37	0.557	0.592	0.472
SPBC1271.06c	mug96	viable	V	0.0	0.137	-0.267	0.675	0.593	0.013	1.496
SPBC1271.07c	SPBC1271.07c	viable	V	0.0	0.184	-0.322	-0.361	0.232	0.073	-0.494
SPBC1271.08c	SPBC1271.08c	viable	V	0.0	-0.122	-0.069	-0.046	-0.095	-0.036	-0.224
SPBC1271.09	tgp1	viable	V	0.0	-0.286	-0.006	0.27	0.066	-0.344	-0.111
SPBC1271.10c	SPBC1271.10c	viable	V	0.0	0.041	0.109	0.26	0.14	0.324	0.237
SPBC1271.11	pet802	viable	V	0.0	-0.377	-0.202	-0.122	-0.139	-0.422	-0.011
SPBC1271.12	osh41	viable	V	0.0	0.113	0.241	0.436	0.456	0.892	0.671
SPBC1271.13	mrpl8	inviable	E	0.0	0.122	0.872	2.891	3.856	3.696	3.835
SPBC1271.14	aga1	viable	V	0.0	-0.58	-0.655	-0.262	-0.648	-0.262	-0.185
SPBC1271.15c	mti2	viable	V	0.0	0.078	0.223	0.839	1.755	3.453	4.137
SPBC1289.01c	chr4	viable	V	0.0	-0.427	0.365	0.107	0.329	0.327	0.42
SPBC1289.02c	uap2	inviable	E	0.0	0.649	2.301	3.754	4.488	4.368	4.328
SPBC1289.03c	spi1	inviable	E	0.0	2.177	3.72	4.236	4.347	4.258	4.348
SPBC1289.04c	pob1	inviable	E	0.0	1.147	3.194	4.079	4.662	4.692	4.58
SPBC1289.06c	ppr8	viable	V	0.0	0.152	0.393	0.61	0.609	1.028	1.351
SPBC1289.07c	rpc40	inviable	E	0.0	1.753	3.361	4.1	4.241	4.374	4.28
SPBC1289.08	uap1	viable	V	0.0	1.13	3.32	3.941	4.138	4.406	4.409
SPBC1289.09	tim21	viable	V	0.0	-0.37	-0.179	-0.108	-0.43	-0.303	-0.116
SPBC1289.10c	adn2	viable	V	0.0	0.027	0.345	0.465	0.581	0.72	0.725
SPBC1289.11	spf38	viable	V	0.0	-0.265	0.024	-0.095	-0.076	-0.274	-0.05
SPBC1289.12	usp109	inviable	E	0.0	0.532	2.988	3.831	3.809	4.078	3.967
SPBC1289.13c	gmh6	viable	V	0.0	-0.079	-0.206	-0.153	0.733	1.479	0.676
SPBC1289.14	SPBC1289.14	viable	V	0.0	0.8	1.611	1.648	0.914	1.422	1.356
SPBC1289.15	pfl5	viable	V	0.0	-0.446	-0.441	-0.591	-0.493	-0.386	-0.45
SPBC1289.16c	cao2	viable	V	0.0	0.402	0.282	0.532	0.913	-0.138	-0.051
SPBC1289.17	Tf2-11	unknown	Not_determined	0.0	-0.023	0.046	0.208	0.102	0.038	0.045
SPBC12C2.01c	SPBC12C2.01c	viable	V	0.0	-0.048	-0.048	0.126	0.128	0.552	0.302
SPBC12C2.02c	ste20	viable	V	0.0	0.729	1.333	1.953	2.16	2.599	2.866
SPBC12C2.03c	SPBC12C2.03c	viable	V	0.0	0.064	0.09	0.298	0.204	0.28	0.439
SPBC12C2.04	SPBC12C2.04	viable	V	0.0	0.125	0.232	-0.026	0.605	1.171	1.237
SPBC12C2.05c	bzz1	condition-dependent	V	0.0	-0.066	0.136	-0.129	-0.109	0.075	0.013
SPBC12C2.06	dbp5	inviable	E	0.0	2.076	3.781	4.09	4.041	2.973	3.683
SPBC12C2.07c	srm1	viable	V	0.0	0.223	0.629	0.777	0.863	1.016	1.185
SPBC12C2.08	dnm1	viable	V	0.0	0.269	0.287	0.662	0.8	0.699	0.643
SPBC12C2.09c	izh2	viable	V	0.0	-0.268	-0.0	-0.584	-0.57	-0.414	-0.606
SPBC12C2.10c	pst1	inviable	E	0.0	1.46	2.416	3.579	3.715	4.134	4.162
SPBC12C2.11	gfa1	inviable	E	0.0	2.138	3.791	4.352	4.347	4.664	4.654
SPBC12C2.12c	glo1	viable	V	0.0	0.087	0.455	0.389	0.354	0.798	0.743
SPBC12C2.13c	fnx1	viable	V	0.0	-0.085	-0.007	-0.093	0.195	-0.499	-0.733
SPBC12D12.01	sad1	inviable	E	0.0	0.979	2.987	4.119	4.423	4.372	4.578
SPBC12D12.02c	cdm1	viable	V	0.0	-0.345	-0.781	0.258	-0.361	0.098	-0.309
SPBC12D12.03	cct1	inviable	E	0.0	1.399	2.997	3.379	3.515	3.609	3.997
SPBC12D12.04c	pck2	viable	V	0.0	0.083	0.408	0.675	1.137	1.336	1.216
SPBC12D12.05c	SPBC12D12.05c	viable	V	0.0	0.456	0.011	-0.052	0.491	0.323	0.604
SPBC12D12.06	srb11	viable	V	0.0	0.036	0.034	0.712	1.127	1.162	0.723
SPBC12D12.07c	trx2	viable	V	0.0	-0.234	0.005	0.109	0.534	0.555	0.64
SPBC12D12.08c	ned8	inviable	E	0.0	1.818	0.901	1.818	1.818	1.818	1.818
SPBC12D12.09	rev7	viable	V	0.0	-0.197	1.861	0.42	1.874	0.957	0.522
SPBC1306.01c	gfm1	inviable	E	0.0	-0.062	1.05	2.647	4.088	4.393	4.927
SPBC1306.02	trm734	viable	V	0.0	0.82	2.054	3.17	3.93	4.37	4.813
SPBC1347.01c	rev1	viable	V	0.0	-0.143	0.181	0.37	0.185	0.35	0.444
SPBC1347.02	ani1	viable	V	0.0	0.221	0.352	1.63	1.204	1.612	1.922
SPBC1347.03	meu14	viable	V	0.0	-0.117	0.169	0.069	-0.369	-0.189	-0.308
SPBC1347.04	tim54	inviable	E	0.0	0.468	1.766	3.212	3.896	4.582	4.409
SPBC1347.05c	scj1	inviable	E	0.0	0.585	2.379	4.384	4.382	4.141	4.365
SPBC1347.06c	cki1	viable	V	0.0	0.086	-0.018	-0.235	0.195	0.237	0.16
SPBC1347.07	rex2	viable	V	0.0	-0.068	0.273	0.422	0.51	0.418	0.638
SPBC1347.08c	rnh202	viable	V	0.0	0.219	0.432	0.51	0.293	0.402	0.599
SPBC1347.09	SPBC1347.09	viable	V	0.0	-0.264	-0.602	-0.334	-0.187	-0.236	-0.231
SPBC1347.10	cdc23	inviable	E	0.0	2.057	3.694	3.839	4.579	6.151	5.127
SPBC1347.11	sro1	viable	V	0.0	0.1	0.059	0.124	0.171	0.281	0.33
SPBC1347.12	arp1	viable	V	0.0	1.3	1.494	1.684	1.826	1.585	2.294
SPBC1347.13c	mrm1	viable	V	0.0	0.504	0.765	0.765	0.755	0.947	0.987
SPBC1347.14c	SPBC1347.14c	unknown	Not_determined	0.0	0.503	0.973	0.391	0.269	0.638	0.875
SPBC13A2.01c	cbc2	inviable	E	0.0	0.468	1.223	1.911	2.423	3.039	4.479
SPBC13A2.02	nup82	condition-dependent	V	0.0	1.973	3.312	3.841	3.78	3.578	3.728
SPBC13A2.03	bbl1	inviable	E	0.0	1.496	3.574	3.987	4.065	3.956	4.179
SPBC13A2.04c	ptr2	viable	V	0.0	0.128	0.229	0.33	0.305	0.367	0.313
SPBC13E7.01	cwf22	inviable	E	0.0	2.138	3.794	4.165	4.001	4.27	4.193
SPBC13E7.02	cwf24	inviable	E	0.0	1.304	2.731	2.998	3.455	3.881	4.076
SPBC13E7.03c	vts1	viable	V	0.0	-0.095	0.146	0.035	0.382	0.109	0.256
SPBC13E7.04	atp16	viable	V	0.0	0.407	2.275	2.255	3.192	1.288	1.401
SPBC13E7.05	gpi14	inviable	E	0.0	1.177	3.011	3.555	3.862	4.017	3.923
SPBC13E7.06	msd1	viable	V	0.0	-0.126	0.661	0.662	0.499	0.757	0.499
SPBC13E7.07	SPBC13E7.07	viable	V	0.0	-0.497	-0.276	0.086	-0.299	0.108	0.136
SPBC13E7.08c	leo1	viable	V	0.0	0.171	0.529	0.283	0.473	0.644	0.216
SPBC13E7.09	vrp1	viable	V	0.0	0.034	0.283	0.117	0.134	-0.237	0.163
SPBC13E7.10c	brf1	inviable	E	0.0	2.39	3.933	4.55	4.609	4.347	4.695
SPBC13E7.11	rbd1	viable	V	0.0	-0.097	0.235	0.255	0.021	0.345	0.455
SPBC13G1.01c	nam9	inviable	E	0.0	0.214	1.266	3.994	4.003	4.278	4.091
SPBC13G1.02	mpg2	viable	V	0.0	-0.345	-0.363	-0.053	-0.186	-0.319	-0.337
SPBC13G1.03c	pex14	viable	V	0.0	-0.187	-0.213	-0.202	0.574	0.02	-0.052
SPBC13G1.04c	abh1	viable	V	0.0	-0.059	-0.261	-0.417	-0.563	-0.453	0.188
SPBC13G1.05	emp65	inviable	E	0.0	0.187	0.64	1.004	1.365	1.69	1.738
SPBC13G1.06c	isd11	inviable	E	0.0	0.678	2.425	3.936	4.422	4.324	4.688
SPBC13G1.07	swf1	inviable	E	0.0	-0.068	0.802	1.877	3.988	4.085	3.697
SPBC13G1.08c	ash2	viable	V	0.0	-0.069	0.12	0.218	0.753	1.486	1.894
SPBC13G1.09	enp1	inviable	E	0.0	2.083	3.669	3.842	3.654	3.842	3.187
SPBC13G1.10c	rqt2	viable	V	0.0	0.281	0.586	0.858	1.194	1.521	1.918
SPBC13G1.11	ykt6	inviable	E	0.0	3.135	4.716	6.904	5.904	4.684	5.503
SPBC13G1.12	did2	viable	V	0.0	-0.028	0.155	0.269	0.369	0.484	0.433
SPBC13G1.13	tfb2	viable	V	0.0	1.26	3.511	4.407	4.364	4.285	4.944
SPBC13G1.14c	rns1	viable	V	0.0	0.164	-0.618	0.339	0.481	0.262	-0.657
SPBC13G1.15c	SPBC13G1.15c	unknown	Not_determined	0.0	-0.301	-0.476	-0.333	-0.53	-0.39	-0.729
SPBC146.01	med15	inviable	E	0.0	0.714	1.501	1.933	2.864	3.031	3.565
SPBC146.02	SPBC146.02	viable	V	0.0	0.123	-0.079	-0.048	-0.589	-0.099	-0.04
SPBC146.03c	cut3	inviable	E	0.0	1.605	3.296	4.185	4.271	4.324	4.268
SPBC146.04	erv2	viable	V	0.0	0.898	1.367	1.866	1.578	2.421	1.492
SPBC146.05c	cwf25	inviable	E	0.0	2.496	3.445	3.651	3.295	3.42	3.414
SPBC146.06c	fan1	viable	V	0.0	0.244	-0.143	-0.188	-0.106	0.015	0.005
SPBC146.07	prp2	inviable	E	0.0	1.028	2.012	3.719	4.013	4.019	4.109
SPBC146.08c	tif1102	viable	V	0.0	1.418	3.133	4.323	4.213	4.072	4.204
SPBC146.09c	lsd1	viable	V	0.0	-0.023	0.656	1.873	3.04	3.999	4.745
SPBC146.10	mug57	viable	V	0.0	0.395	0.191	-0.147	0.0	0.084	-0.147
SPBC146.11c	mug97	viable	V	0.0	0.294	-0.284	0.26	-0.084	-0.028	-0.225
SPBC146.12	coq6	condition-dependent	V	0.0	0.323	0.733	0.763	0.867	1.475	1.836
SPBC146.13c	myo1	condition-dependent	V	0.0	0.618	1.762	3.18	3.526	4.19	4.157
SPBC146.14c	sec26	inviable	E	0.0	1.698	2.789	2.839	2.862	3.004	3.175
SPBC14C8.01c	cut2	inviable	E	0.0	0.652	1.714	3.3	3.806	3.9	4.714
SPBC14C8.02	tim44	inviable	E	0.0	1.84	3.477	4.158	4.318	4.515	4.464
SPBC14C8.03	fma2	viable	V	0.0	-0.121	0.297	0.414	0.356	0.447	0.668
SPBC14C8.04	ilv6	viable	V	0.0	0.316	0.342	0.666	0.522	0.63	0.661
SPBC14C8.05c	meu17	viable	V	0.0	-0.709	0.036	-0.493	-0.633	-0.749	-0.712
SPBC14C8.06	arc1	inviable	E	0.0	0.447	0.954	1.898	1.398	1.898	2.534
SPBC14C8.07c	cdc18	inviable	E	0.0	2.415	3.948	4.219	4.199	3.963	4.799
SPBC14C8.09c	dbl3	viable	V	0.0	0.24	0.154	0.225	0.238	0.41	0.145
SPBC14C8.10	mrpl24	inviable	E	0.0	0.413	0.6	2.603	5.081	3.581	5.081
SPBC14C8.11c	SPBC14C8.11c	viable	V	0.0	0.081	0.061	0.141	0.451	-0.063	0.232
SPBC14C8.12	rpb8	inviable	E	0.0	1.981	3.646	3.993	4.097	4.097	3.329
SPBC14C8.13	srr1	viable	V	0.0	0.335	0.784	0.814	0.929	1.648	2.394
SPBC14C8.14c	pol5	inviable	E	0.0	1.455	3.194	4.142	4.139	4.418	4.302
SPBC14C8.15	SPBC14C8.15	viable	V	0.0	0.612	0.005	0.363	0.24	0.43	0.166
SPBC14C8.16c	bot1	condition-dependent	V	0.0	0.239	0.61	1.785	2.698	3.667	3.621
SPBC14C8.17c	spt8	viable	V	0.0	0.179	0.651	1.088	1.749	2.779	3.398
SPBC14C8.19	tam10	viable	Not_determined	0.0	0.182	-0.028	0.203	0.287	0.199	0.056
SPBC14F5.01	SPBC14F5.01	unknown	Not_determined	0.0	-0.46	-0.215	-0.631	-0.234	-0.309	-0.717
SPBC14F5.02	trs65	inviable	E	0.0	0.159	1.355	2.363	3.139	3.484	3.484
SPBC14F5.03c	kap123	viable	V	0.0	0.879	1.42	1.653	1.989	2.818	3.581
SPBC14F5.04c	pgk1	inviable	E	0.0	2.029	4.24	5.492	5.122	4.982	5.72
SPBC14F5.05c	sam1	inviable	E	0.0	1.488	2.545	3.209	2.946	3.559	4.006
SPBC14F5.06	rli1	inviable	E	0.0	2.202	3.493	3.713	4.012	3.791	3.909
SPBC14F5.07	doa10	viable	V	0.0	0.09	0.216	0.542	-0.104	0.122	-0.027
SPBC14F5.08	med7	inviable	E	0.0	0.326	1.178	2.476	3.533	4.407	4.288
SPBC14F5.09c	ade8	viable	V	0.0	0.12	0.545	1.034	1.166	1.495	1.744
SPBC14F5.10c	SPBC14F5.10c	viable	V	0.0	0.648	0.814	1.122	0.452	0.164	0.088
SPBC14F5.11c	snx41	viable	V	0.0	0.061	0.261	0.562	0.889	0.223	0.909
SPBC14F5.12c	cbh2	viable	V	0.0	0.713	0.693	0.466	0.621	0.83	0.265
SPBC14F5.13c	pho8	viable	V	0.0	-0.138	-0.342	-0.745	-0.623	-0.07	-0.592
SPBC1539.01c	mrpl15	inviable	E	0.0	0.368	2.349	3.287	4.224	4.224	4.224
SPBC1539.02	SPBC1539.02	viable	V	0.0	0.51	0.183	0.5	0.491	0.429	0.962
SPBC1539.03c	arg41	viable	V	0.0	-0.639	0.662	-0.569	0.531	-1.041	-1.049
SPBC1539.04	tts1	viable	V	0.0	-0.039	0.296	0.187	0.038	0.087	0.072
SPBC1539.05	cog3	inviable	E	0.0	1.286	2.634	3.69	4.098	4.522	4.595
SPBC1539.06	acb1	viable	V	0.0	0.471	1.434	2.243	3.191	3.924	4.533
SPBC1539.07c	fmd1	viable	V	0.0	0.296	1.199	1.37	0.06	0.897	1.04
SPBC1539.08	arf6	viable	V	0.0	0.03	0.23	0.641	0.662	0.933	0.943
SPBC1539.09c	trp1	inviable	E	0.0	2.159	3.527	4.038	4.125	4.381	4.1
SPBC1539.10	nop16	viable	V	0.0	0.462	0.699	1.46	2.037	2.445	2.749
SPBC15C4.01c	oca3	viable	V	0.0	0.074	-0.031	0.003	0.352	0.437	0.698
SPBC15C4.02	cqd2	viable	V	0.0	0.078	0.155	0.339	0.46	0.764	0.937
SPBC15C4.03	mrs6	inviable	E	0.0	1.951	3.551	4.162	4.297	4.658	4.879
SPBC15C4.04c	SPBC15C4.04c	viable	V	0.0	0.297	-0.039	0.518	0.169	0.205	0.91
SPBC15C4.05	dhx29	viable	V	0.0	0.506	1.051	1.337	1.248	1.42	1.463
SPBC15C4.06c	rnf181	viable	V	0.0	0.649	1.704	2.006	2.335	1.705	1.889
SPBC15D4.01c	klp9	viable	V	0.0	0.089	-0.379	-0.141	0.117	0.288	0.033
SPBC15D4.02	gsf1	viable	V	0.0	0.866	1.122	0.978	1.207	1.445	1.654
SPBC15D4.03	slm9	condition-dependent	V	0.0	0.303	0.586	0.917	1.247	1.853	2.235
SPBC15D4.04	alg7	inviable	E	0.0	2.093	4.043	4.708	4.559	4.888	4.591
SPBC15D4.05	zng1	viable	V	0.0	0.118	0.189	0.348	0.277	0.238	0.298
SPBC15D4.06	naa30	viable	V	0.0	0.016	0.092	0.164	-0.124	0.164	0.005
SPBC15D4.07c	atg9	viable	V	0.0	-0.607	0.11	-0.351	0.486	1.057	-0.913
SPBC15D4.08c	SPBC15D4.08c	unknown	Not_determined	0.0	-0.025	0.187	0.213	0.308	0.266	0.102
SPBC15D4.09c	met3	viable	V	0.0	0.622	1.049	1.611	1.463	1.561	0.922
SPBC15D4.10c	amo1	viable	V	0.0	1.506	2.829	3.815	4.449	4.109	3.886
SPBC15D4.11c	mam3302	inviable	E	0.0	0.763	1.982	3.131	3.366	3.963	4.023
SPBC15D4.13c	SPBC15D4.13c	viable	V	0.0	-0.149	0.019	0.205	0.375	-0.114	-0.469
SPBC15D4.14	taf51	inviable	E	0.0	0.115	1.607	2.248	2.667	3.201	2.997
SPBC15D4.15	pho2	viable	V	0.0	-0.155	-0.019	0.369	0.339	0.901	0.607
SPBC1604.01	egt1	viable	V	0.0	-0.201	0.096	-0.056	-0.201	0.193	-0.191
SPBC1604.02c	ppr1	viable	V	0.0	0.192	0.652	0.836	0.922	1.097	1.468
SPBC1604.03c	SPBC1604.03c	viable	V	0.0	0.427	0.958	0.751	0.305	0.964	0.968
SPBC1604.04	SPBC1604.04	viable	V	0.0	0.048	0.23	-0.051	-0.056	-0.069	-0.165
SPBC1604.05	pgi1	inviable	E	0.0	1.955	3.172	4.199	4.168	4.335	4.229
SPBC1604.06c	noc4	inviable	E	0.0	2.224	3.185	4.413	4.592	4.403	4.528
SPBC1604.07	atp4	viable	V	0.0	0.486	0.598	1.662	1.176	1.386	1.688
SPBC1604.08c	imp1	condition-dependent	V	0.0	0.69	1.436	2.193	3.314	3.752	4.128
SPBC1604.09c	rex4	viable	V	0.0	0.3	0.169	0.819	1.012	1.35	1.027
SPBC1604.10	srb7	inviable	E	0.0	-0.167	1.211	2.339	3.087	3.405	4.163
SPBC1604.12	SPBC1604.12	viable	V	0.0	-0.346	-0.58	-0.54	-0.581	-0.362	-0.479
SPBC1604.13c	mrpl32	inviable	E	0.0	0.521	0.61	2.147	3.3	4.297	5.489
SPBC1604.14c	shk1	inviable	E	0.0	0.672	2.207	3.719	3.241	3.466	3.611
SPBC1604.15	gpi16	inviable	E	0.0	1.514	4.012	5.113	5.386	4.738	5.055
SPBC1604.16c	SPBC1604.16c	viable	V	0.0	0.358	0.152	0.189	-0.039	1.213	-0.025
SPBC1604.17c	tti2	inviable	E	0.0	0.566	2.901	4.786	4.724	4.612	4.611
SPBC1604.18c	cmp7	viable	V	0.0	0.197	0.067	0.494	0.736	0.487	0.876
SPBC1604.19c	trs8501	viable	V	0.0	0.803	0.208	0.618	1.295	0.758	1.126
SPBC1604.20c	tea2	viable	V	0.0	0.161	0.326	0.549	0.896	0.916	1.044
SPBC1604.21c	uba1	inviable	E	0.0	1.6	2.864	3.548	3.688	3.875	4.071
SPBC1604.25	pet117	viable	Not_determined	0.0	0.106	0.123	0.445	0.764	0.774	1.016
SPBC1652.01	stb3	viable	V	0.0	-0.116	0.014	-0.463	-0.183	-0.249	-0.256
SPBC1652.02	SPBC1652.02	viable	V	0.0	1.598	2.85	3.13	3.374	2.992	3.172
SPBC1677.02	dpm3	inviable	E	0.0	1.527	3.291	4.028	4.281	4.157	3.801
SPBC1677.03c	tda1	inviable	E	0.0	1.488	3.535	4.34	4.737	4.93	4.972
SPBC1683.01	pho841	viable	V	0.0	-0.17	0.996	-0.2	0.046	0.886	1.027
SPBC1683.02	dea3	viable	V	0.0	0.008	0.449	0.475	0.298	0.709	0.719
SPBC1683.03c	amf1	viable	V	0.0	0.126	-0.049	-0.44	0.036	-0.231	0.167
SPBC1683.04	ghf3	viable	V	0.0	0.23	0.55	0.343	0.556	0.599	0.5
SPBC1683.05	thi7	viable	V	0.0	0.116	0.18	0.115	0.089	0.266	0.341
SPBC1683.06c	urh1	viable	V	0.0	0.595	0.5	1.061	0.681	0.914	0.665
SPBC1683.07	mal1	viable	V	0.0	-0.041	-0.248	-0.283	-0.323	-0.166	-0.376
SPBC1683.08	ght4	viable	V	0.0	-0.133	-0.653	-0.534	-0.874	-0.692	-0.605
SPBC1683.09c	frp1	viable	V	0.0	0.012	0.331	0.607	0.174	0.122	0.348
SPBC1683.10c	pcl1	viable	V	0.0	-0.03	-0.451	-0.021	-0.179	0.046	0.131
SPBC1683.11c	icl1	viable	V	0.0	-0.056	-0.328	-0.056	0.03	0.652	-0.008
SPBC1683.12	SPBC1683.12	viable	V	0.0	0.066	-0.01	0.259	0.354	0.341	0.161
SPBC1683.13c	cha4	viable	V	0.0	-0.224	0.206	0.193	0.58	0.128	0.355
SPBC1685.01	pmp1	viable	V	0.0	0.192	0.378	0.275	0.033	0.449	0.877
SPBC1685.02c	rps1202	viable	V	0.0	0.105	0.229	1.042	1.022	0.959	1.523
SPBC1685.03	sec11	inviable	E	0.0	2.104	3.576	4.201	4.378	3.785	3.684
SPBC1685.04	SPBC1685.04	viable	V	0.0	-0.553	-0.324	-0.197	-0.926	-0.472	-0.543
SPBC1685.05	htr11	viable	V	0.0	0.201	0.015	0.774	0.299	0.644	1.2
SPBC1685.06	cid11	viable	V	0.0	0.111	0.153	0.328	0.197	-0.011	0.272
SPBC1685.07c	avt5	viable	V	0.0	1.037	1.204	0.422	-0.047	0.168	-0.027
SPBC1685.08	cti6	viable	V	0.0	0.237	0.51	0.479	0.676	0.933	0.924
SPBC1685.09	rps29	viable	V	0.0	1.755	2.593	3.227	3.227	3.227	3.227
SPBC1685.11	rlp1	viable	V	0.0	-0.009	-0.114	-0.012	0.159	-0.191	-0.093
SPBC1685.14c	vid27	viable	V	0.0	0.437	0.699	1.024	0.458	0.711	0.753
SPBC1685.15c	klp6	viable	V	0.0	0.176	0.239	-0.013	0.273	0.546	0.571
SPBC1685.16	vma9	inviable	E	0.0	0.837	2.421	3.082	3.664	3.877	4.396
SPBC1685.17	SPBC1685.17	unknown	Not_determined	0.0	-0.132	0.12	0.188	-0.077	-0.047	0.007
SPBC16A3.01	spn3	viable	V	0.0	-0.042	-0.251	0.586	0.716	0.562	0.965
SPBC16A3.02c	SPBC16A3.02c	viable	V	0.0	0.796	0.664	1.463	0.776	1.127	0.929
SPBC16A3.03c	ppr7	viable	V	0.0	0.349	0.732	1.089	0.939	0.953	1.702
SPBC16A3.05c	rae1	condition-dependent	E	0.0	2.129	4.297	4.902	5.25	5.296	5.415
SPBC16A3.06	tad1	viable	V	0.0	0.486	0.853	0.862	1.129	1.11	1.094
SPBC16A3.07c	nrm1	viable	V	0.0	0.062	0.478	0.682	1.209	1.495	1.588
SPBC16A3.08c	oga1	viable	V	0.0	0.069	0.315	0.635	0.61	0.794	0.844
SPBC16A3.09c	ufd1	inviable	E	0.0	0.835	2.5	3.249	3.572	3.923	3.778
SPBC16A3.10	ale1	viable	V	0.0	0.39	0.164	0.593	0.61	0.412	0.832
SPBC16A3.11	eso1	inviable	E	0.0	0.857	1.606	2.806	2.838	2.929	3.4
SPBC16A3.12c	SPBC16A3.12c	viable	V	0.0	-0.034	0.498	0.556	0.714	0.144	0.948
SPBC16A3.13	meu7	viable	V	0.0	-0.392	-0.576	-0.569	-0.567	-0.673	-0.8
SPBC16A3.15c	nda2	inviable	E	0.0	1.727	2.87	2.543	2.87	2.87	2.568
SPBC16A3.16	coa5	viable	V	0.0	0.047	0.292	0.198	0.325	0.432	0.533
SPBC16A3.17c	SPBC16A3.17c	viable	V	0.0	-0.019	0.285	0.455	0.41	0.317	0.224
SPBC16A3.18	cip1	viable	V	0.0	-0.02	0.124	0.526	0.517	0.895	1.088
SPBC16A3.19	eaf7	viable	V	0.0	0.021	0.111	0.36	0.203	0.95	0.848
SPBC16C6.01c	SPBC16C6.01c	viable	V	0.0	0.157	0.254	0.422	0.523	0.291	0.301
SPBC16C6.02c	vps1302	viable	V	0.0	0.062	0.283	0.447	0.538	0.716	1.155
SPBC16C6.03c	rsa1	viable	V	0.0	0.443	0.798	0.614	1.502	1.639	1.851
SPBC16C6.04	dbl6	viable	V	0.0	1.054	0.776	1.03	0.887	1.511	0.611
SPBC16C6.05	tma22	viable	V	0.0	0.227	0.577	1.115	1.396	1.84	2.113
SPBC16C6.06	vps10	viable	V	0.0	0.631	0.745	0.56	1.099	1.126	1.338
SPBC16C6.07c	rpt1	inviable	E	0.0	1.811	2.857	2.857	2.712	2.857	2.36
SPBC16C6.08c	qcr6	viable	V	0.0	0.461	0.128	0.737	0.192	0.687	1.603
SPBC16C6.09	ogm4	viable	V	0.0	0.055	0.566	2.201	3.705	4.318	4.345
SPBC16C6.10	chp2	viable	V	0.0	0.039	-0.361	0.042	-0.332	-0.493	-0.45
SPBC16C6.12c	las1	inviable	E	0.0	1.157	2.665	3.377	3.938	4.126	3.837
SPBC16C6.13c	sec27	inviable	E	0.0	2.118	3.378	4.105	4.08	4.105	3.857
SPBC16C6.14	spo2	viable	Not_determined	0.0	0.376	0.22	0.188	0.056	-0.168	0.248
SPBC16D10.01c	acl4	viable	V	0.0	0.743	1.359	1.853	2.486	2.64	3.178
SPBC16D10.02	trm11	viable	V	0.0	0.361	0.76	1.078	1.308	1.721	2.129
SPBC16D10.03	kae1	viable	V	0.0	1.398	3.008	3.802	4.622	4.519	4.614
SPBC16D10.04c	dna2	inviable	E	0.0	1.059	2.987	3.91	4.129	4.357	4.378
SPBC16D10.05	mok13	viable	V	0.0	-0.055	-0.011	-0.044	-0.049	0.192	0.055
SPBC16D10.06	zrt1	viable	V	0.0	0.353	0.906	1.393	2.076	2.359	3.068
SPBC16D10.07c	sir2	viable	V	0.0	-0.296	-0.308	-0.2	0.228	-0.623	-0.608
SPBC16D10.08c	hsp104	viable	V	0.0	-0.001	-0.214	0.024	-0.164	-0.337	-0.617
SPBC16D10.09	pcn1	inviable	E	0.0	1.987	2.049	3.08	2.593	3.435	3.062
SPBC16D10.10	tad2	inviable	E	0.0	0.357	1.198	2.111	2.744	3.083	2.738
SPBC16D10.11c	rps1801	viable	V	0.0	0.61	1.002	2.023	1.769	2.455	2.598
SPBC16E9.01c	php4	viable	V	0.0	0.224	0.597	0.037	-0.068	0.683	0.517
SPBC16E9.02c	SPBC16E9.02c	viable	V	0.0	0.336	-0.366	-0.354	-0.35	0.112	0.298
SPBC16E9.03c	coa1	viable	V	0.0	-0.207	-0.107	0.492	0.441	0.935	0.958
SPBC16E9.06c	uvi31	viable	V	0.0	0.235	-0.102	-0.142	-0.524	-0.364	-0.342
SPBC16E9.07	mug100	viable	V	0.0	0.074	0.345	0.115	0.51	0.052	0.282
SPBC16E9.08	mcp4	viable	V	0.0	-0.23	-0.22	-0.394	-0.328	-0.382	-0.286
SPBC16E9.09c	erp5	viable	V	0.0	1.285	1.404	3.417	2.916	3.216	3.9
SPBC16E9.10c	rix7	inviable	E	0.0	2.29	3.1	4.2	3.828	4.2	3.581
SPBC16E9.11c	pub3	viable	V	0.0	0.125	0.085	-0.291	-0.112	0.09	-0.104
SPBC16E9.12c	pab2	viable	V	0.0	0.551	0.826	1.662	1.493	1.696	2.449
SPBC16E9.13	ksp1	viable	V	0.0	-0.048	0.155	0.095	-0.159	0.189	0.215
SPBC16E9.14c	zrg17	viable	V	0.0	0.348	-0.266	-0.193	-0.21	-0.216	-0.408
SPBC16E9.15	SPBC16E9.15	viable	V	0.0	0.39	-0.017	-0.045	-0.521	-0.335	-0.286
SPBC16E9.16c	lsd90	viable	V	0.0	-0.85	-1.153	-1.193	-0.353	-0.644	-0.388
SPBC16E9.17c	rem1	viable	V	0.0	0.254	0.907	1.445	2.381	1.445	0.03
SPBC16E9.18	psd1	viable	V	0.0	-0.811	0.252	0.784	0.654	1.926	1.501
SPBC16E9.19	pac3	viable	V	0.0	0.133	-0.045	-0.352	-0.066	0.108	0.232
SPBC16G5.02c	rbk1	viable	V	0.0	-0.343	0.053	-0.15	-0.063	-0.24	0.102
SPBC16G5.03	mrz1	viable	V	0.0	-0.271	-0.493	1.464	1.479	-0.229	1.404
SPBC16G5.04	mrpl23	inviable	E	0.0	0.081	1.06	5.129	6.065	5.129	6.065
SPBC16G5.05c	scs2	viable	V	0.0	-0.01	0.255	0.559	0.143	0.502	0.565
SPBC16G5.07c	SPBC16G5.07c	viable	V	0.0	0.402	1.001	1.051	0.995	1.196	0.577
SPBC16G5.08	trp4	inviable	E	0.0	2.291	4.326	4.391	4.299	4.565	4.493
SPBC16G5.09	kex1	viable	V	0.0	0.059	0.447	0.239	0.295	0.232	0.528
SPBC16G5.10	rrp42	inviable	E	0.0	1.712	3.071	3.922	4.215	3.939	3.704
SPBC16G5.11c	bag101	viable	V	0.0	0.052	-0.042	0.083	-0.151	-0.108	-0.144
SPBC16G5.12c	top3	inviable	E	0.0	0.508	1.398	2.981	3.797	3.65	3.744
SPBC16G5.13	ptf2	viable	V	0.0	0.23	0.236	0.381	0.441	0.411	0.641
SPBC16G5.14c	rps3	inviable	E	0.0	1.387	2.2	2.2	2.2	2.2	2.2
SPBC16G5.15c	fkh2	viable	V	0.0	0.312	1.183	2.412	2.891	3.442	3.336
SPBC16G5.16	ntu1	viable	V	0.0	0.078	0.356	0.08	0.134	0.295	0.338
SPBC16G5.17	SPBC16G5.17	viable	V	0.0	-0.226	-0.579	-0.537	-0.868	-0.631	-0.874
SPBC16G5.18	erg24	inviable	E	0.0	0.394	1.794	2.832	3.621	3.577	4.659
SPBC16G5.19	SPBC16G5.19	viable	Not_determined	0.0	1.424	1.285	1.835	1.265	1.685	1.746
SPBC16H5.02	pfk1	condition-dependent	E	0.0	2.243	3.884	4.427	4.228	4.649	4.442
SPBC16H5.03c	uba2	viable	V	0.0	0.134	0.789	1.994	3.034	3.446	4.162
SPBC16H5.04	snd301	viable	V	0.0	-0.201	0.359	0.081	-0.099	-0.254	0.507
SPBC16H5.05c	cyp7	viable	V	0.0	-0.344	-0.067	-0.656	-0.1	-0.067	0.295
SPBC16H5.06	rip1	viable	V	0.0	0.253	1.479	0.545	2.353	1.779	2.77
SPBC16H5.07c	ppa2	viable	V	0.0	-0.023	0.203	0.471	0.762	0.85	1.411
SPBC16H5.08c	SPBC16H5.08c	viable	V	0.0	0.454	1.346	2.028	2.309	2.742	3.332
SPBC16H5.09c	omh2	viable	V	0.0	-0.134	-0.372	0.476	0.243	0.519	0.027
SPBC16H5.10c	prp43	inviable	E	0.0	1.422	2.818	3.849	4.05	4.212	4.106
SPBC16H5.11c	skb1	viable	V	0.0	0.35	0.396	0.939	0.447	1.108	1.203
SPBC16H5.12c	SPBC16H5.12c	viable	V	0.0	0.028	0.071	0.274	0.577	0.239	0.193
SPBC16H5.13	wdr7	viable	V	0.0	0.399	0.807	1.152	1.141	0.961	0.835
SPBC16H5.14c	SPBC16H5.14c	unknown	Not_determined	0.0	0.354	-0.119	0.491	0.854	2.541	2.662
SPBC16H5.15	gem8	inviable	E	0.0	0.674	2.16	3.577	4.242	4.101	3.97
SPBC1703.01c	pop4	inviable	E	0.0	1.699	3.373	4.269	4.138	4.489	4.069
SPBC1703.02	rsc9	inviable	E	0.0	0.365	1.218	2.875	3.855	4.338	4.236
SPBC1703.03c	syo2	viable	V	0.0	0.236	0.712	1.232	1.8	1.648	2.364
SPBC1703.04	mlh1	viable	V	0.0	0.25	0.617	0.919	0.534	0.494	0.661
SPBC1703.05	rio2	inviable	E	0.0	1.345	2.099	2.722	2.854	2.702	2.793
SPBC1703.06	pof10	viable	V	0.0	0.378	0.325	0.289	1.188	1.182	0.354
SPBC1703.07	acl1	viable	V	0.0	0.717	0.536	0.688	0.973	1.674	1.15
SPBC1703.08c	fau1	viable	V	0.0	0.066	0.047	0.241	0.257	0.163	0.08
SPBC1703.09	SPBC1703.09	viable	V	0.0	0.354	-0.402	0.441	0.283	-0.153	0.047
SPBC1703.10	ypt1	inviable	E	0.0	2.551	3.436	3.864	3.332	3.682	3.889
SPBC1703.11	opa3	viable	V	0.0	0.059	0.226	0.22	-0.018	0.008	0.061
SPBC1703.12	ubp9	viable	V	0.0	0.079	-0.281	0.805	0.321	0.434	-0.26
SPBC1703.14c	top1	viable	V	0.0	0.11	0.29	0.585	0.85	1.009	1.157
SPBC1703.15c	vps33	condition-dependent	V	0.0	0.23	0.941	2.47	3.523	3.651	4.041
SPBC1706.01	tea4	viable	V	0.0	-0.054	0.013	0.134	0.621	1.341	1.166
SPBC1706.03	fzo1	viable	V	0.0	0.011	0.198	0.802	1.164	1.559	2.188
SPBC1709.01	chs2	viable	V	0.0	0.41	0.446	0.438	0.37	0.626	0.325
SPBC1709.02c	vrs1	inviable	E	0.0	2.315	3.62	3.818	3.756	3.835	4.007
SPBC1709.03	vps3844	viable	V	0.0	0.325	0.634	1.493	2.188	2.47	2.68
SPBC1709.04c	cyp3	viable	V	0.0	0.426	-0.054	0.341	0.705	0.803	0.424
SPBC1709.05	sks2	viable	V	0.0	1.014	2.014	2.436	3.088	3.061	3.006
SPBC1709.06	dus2	viable	V	0.0	0.172	0.132	0.1	0.255	0.254	0.386
SPBC1709.07	erg27	inviable	E	0.0	0.673	3.508	3.974	3.949	4.426	4.426
SPBC1709.08	cft1	inviable	E	0.0	1.26	3.102	4.451	4.493	4.619	4.736
SPBC1709.09	rrf1	viable	V	0.0	0.057	-0.032	0.081	0.758	0.801	1.171
SPBC1709.10c	atx1	viable	V	0.0	-0.133	-0.129	0.418	0.275	0.384	0.198
SPBC1709.11c	png2	viable	V	0.0	-0.027	0.672	0.566	0.095	0.633	0.271
SPBC1709.12	rid1	viable	V	0.0	-0.43	-0.231	-0.495	-0.545	-0.444	-0.729
SPBC1709.13c	set10	viable	V	0.0	0.188	0.211	0.482	0.032	-0.044	0.106
SPBC1709.14	ngl1	viable	V	0.0	0.162	0.39	1.625	0.183	0.393	1.061
SPBC1709.15c	cft2	inviable	E	0.0	1.099	3.314	4.034	3.739	4.493	3.998
SPBC1709.16c	SPBC1709.16c	viable	V	0.0	0.301	0.512	0.452	0.463	0.436	0.442
SPBC1709.17	met7	inviable	E	0.0	1.294	2.965	3.968	4.122	4.462	4.161
SPBC1709.18	tif452	viable	V	0.0	0.586	0.51	0.634	0.798	0.744	0.736
SPBC1709.19c	nfu1	unknown	Not_determined	0.0	-0.106	-0.089	-0.042	-0.024	0.256	0.496
SPBC1709.20	pop8	inviable	E	0.0	0.934	3.064	3.327	3.327	3.327	3.327
SPBC1711.03	emc3	viable	V	0.0	-0.12	0.156	0.13	0.114	0.559	1.344
SPBC1711.04	mtd1	viable	V	0.0	-0.322	-0.387	-0.652	0.081	-0.21	0.059
SPBC1711.05	srp40	viable	V	0.0	-0.148	0.494	1.06	1.056	1.852	2.204
SPBC1711.07	rrb1	inviable	E	0.0	1.557	3.234	3.572	3.925	3.833	3.991
SPBC1711.08	aha1	viable	V	0.0	0.543	2.076	2.224	1.958	2.031	1.596
SPBC1711.09c	SPBC1711.09c	viable	V	0.0	0.756	0.791	0.964	0.667	0.519	0.646
SPBC1711.10c	npl4	inviable	E	0.0	0.211	1.514	2.873	3.895	3.754	4.669
SPBC1711.11	atg2402	viable	V	0.0	0.932	1.628	2.181	1.429	1.637	1.568
SPBC1711.12	ppp16	viable	V	0.0	-0.132	0.21	-0.223	-0.333	-0.912	-0.871
SPBC1711.13	his2	viable	V	0.0	0.496	0.299	1.115	0.508	0.318	0.882
SPBC1711.14	rec15	viable	V	0.0	0.279	-0.171	0.142	0.5	-0.258	0.651
SPBC1711.15c	SPBC1711.15c	viable	V	0.0	0.165	-0.039	-0.062	-0.189	-0.3	0.015
SPBC1711.16	pwp1	inviable	E	0.0	3.133	3.097	4.014	4.014	4.014	4.014
SPBC1711.17	prp16	inviable	E	0.0	1.175	2.418	3.407	3.593	4.722	4.57
SPBC1718.01	pop1	viable	V	0.0	0.264	0.567	0.857	1.005	1.092	1.233
SPBC1718.02	hop1	viable	V	0.0	-0.191	0.042	-0.209	0.102	-0.111	-0.097
SPBC1718.03	ker1	viable	V	0.0	0.59	1.547	2.36	3.277	3.858	4.035
SPBC1718.04	sct1	inviable	E	0.0	1.607	3.285	3.962	4.533	4.461	4.529
SPBC1718.05	trs31	inviable	E	0.0	0.774	2.6	3.859	3.673	3.798	4.237
SPBC1718.06	msp1	condition-dependent	V	0.0	0.164	0.286	0.738	1.099	1.485	2.021
SPBC1718.07c	zfs1	viable	V	0.0	-0.385	-0.387	-0.038	0.312	-0.192	0.649
SPBC1734.01c	esf1	inviable	E	0.0	1.851	3.582	3.99	4.085	4.211	4.173
SPBC1734.02c	cdc27	inviable	E	0.0	1.373	2.455	3.884	3.693	4.136	4.302
SPBC1734.03	fol1	inviable	E	0.0	1.263	3.18	3.852	4.285	4.407	4.156
SPBC1734.04	anp1	viable	V	0.0	1.37	3.012	3.012	2.622	3.012	2.148
SPBC1734.05c	spf31	viable	V	0.0	0.289	0.453	0.822	0.589	0.645	1.155
SPBC1734.06	rhp18	viable	V	0.0	0.036	0.32	0.651	0.462	0.487	0.677
SPBC1734.07c	trs8502	viable	V	0.0	0.035	0.885	0.431	0.634	0.697	0.434
SPBC1734.08	hse1	viable	V	0.0	0.285	0.382	0.486	0.373	0.681	0.688
SPBC1734.09	yea4	viable	V	0.0	0.077	0.763	0.729	0.645	-0.013	0.582
SPBC1734.10c	ipa1	inviable	E	0.0	0.963	3.183	4.044	4.21	4.181	4.276
SPBC1734.11	mas5	condition-dependent	V	0.0	1.482	2.661	3.125	3.74	3.74	3.941
SPBC1734.12c	alg12	viable	V	0.0	0.014	-0.12	0.421	0.976	1.428	2.0
SPBC1734.13	atp3	viable	V	0.0	0.204	1.91	1.889	2.368	2.451	2.52
SPBC1734.14c	suc1	inviable	E	0.0	1.005	2.85	3.916	4.025	4.249	4.091
SPBC1734.15	rsc4	viable	V	0.0	0.036	0.442	0.49	0.505	0.866	1.062
SPBC1734.16c	pst3	inviable	E	0.0	0.448	1.816	2.958	4.01	4.374	4.449
SPBC1773.01	csc3	viable	V	0.0	-0.073	-0.068	-0.29	-0.194	-0.091	-0.603
SPBC1773.02c	bcp1	viable	V	0.0	-0.0	-0.925	-0.89	-0.852	-0.73	-0.09
SPBC1773.03c	SPBC1773.03c	viable	V	0.0	-0.045	0.212	0.236	0.004	0.151	0.043
SPBC1773.04	SPBC1773.04	viable	V	0.0	0.568	0.504	0.87	0.949	0.853	0.762
SPBC1773.05c	tms1	viable	V	0.0	0.319	-0.335	-0.038	0.766	-0.038	0.035
SPBC1773.06c	adh8	viable	V	0.0	-0.374	0.138	0.736	-0.298	-0.456	-0.687
SPBC1773.07c	sbp1	inviable	E	0.0	2.092	4.081	4.375	4.76	5.099	4.452
SPBC1773.08c	omh4	viable	V	0.0	-0.069	-0.077	0.185	0.265	0.169	-0.067
SPBC1773.09c	mug184	viable	V	0.0	-0.296	-0.226	-0.449	-0.498	-0.342	-0.507
SPBC1773.10c	nrs1	inviable	E	0.0	2.169	3.221	3.821	3.736	3.82	4.032
SPBC1773.11c	mug89	inviable	E	0.0	2.096	3.492	3.787	4.204	4.29	4.295
SPBC1773.12	SPBC1773.12	viable	V	0.0	0.373	0.24	0.457	1.331	0.991	1.652
SPBC1773.13	SPBC1773.13	viable	V	0.0	0.026	0.523	0.569	0.382	0.672	0.511
SPBC1773.14	arg7	viable	V	0.0	0.24	0.119	0.266	0.262	0.491	0.509
SPBC1773.15	dal52	viable	V	0.0	-0.21	-0.351	-0.582	-0.23	-0.504	-0.379
SPBC1773.16c	SPBC1773.16c	viable	V	0.0	-0.288	0.091	0.152	0.336	0.048	0.132
SPBC1773.17c	gor2	viable	V	0.0	1.15	1.114	2.031	1.031	2.031	2.031
SPBC1778.01c	zuo1	viable	V	0.0	0.862	1.673	2.91	2.327	2.943	2.921
SPBC1778.02	rap1	viable	V	0.0	0.446	1.114	0.936	1.317	1.053	0.918
SPBC1778.03c	SPBC1778.03c	viable	V	0.0	0.48	0.739	0.894	0.304	0.468	0.622
SPBC1778.04	spo6	viable	V	0.0	0.217	0.281	-0.029	0.803	0.407	1.043
SPBC1778.05c	lam2	viable	V	0.0	1.807	3.641	4.76	5.181	5.027	4.775
SPBC1778.06c	fim1	condition-dependent	V	0.0	-0.005	0.118	0.467	0.415	0.531	0.911
SPBC1778.07	SPBC1778.07	viable	V	0.0	0.008	0.78	-0.053	0.809	0.379	0.696
SPBC1778.08c	arc3	inviable	E	0.0	1.416	3.971	3.733	4.35	4.35	4.306
SPBC1778.09	SPBC1778.09	viable	V	0.0	0.806	0.602	0.771	0.966	1.689	1.329
SPBC1778.10c	pdk1	viable	V	0.0	-0.091	0.214	0.296	0.883	1.069	1.493
SPBC17A3.01c	tim50	inviable	E	0.0	1.281	3.536	4.679	4.204	4.665	5.111
SPBC17A3.02	aim19	viable	V	0.0	0.113	-0.418	-0.421	-0.041	-0.512	0.116
SPBC17A3.03c	siw14	viable	V	0.0	-0.013	1.054	0.367	0.869	1.011	0.535
SPBC17A3.04c	rar1	inviable	E	0.0	2.463	3.838	4.717	4.535	4.746	4.335
SPBC17A3.05c	SPBC17A3.05c	viable	V	0.0	0.747	1.988	3.194	4.037	4.753	4.533
SPBC17A3.06	SPBC17A3.06	viable	V	0.0	0.497	0.918	1.467	2.138	2.205	2.861
SPBC17A3.07	pgr1	condition-dependent	E	0.0	0.795	2.234	4.189	4.356	4.488	4.02
SPBC17A3.08	SPBC17A3.08	viable	V	0.0	-0.04	0.147	-0.153	0.22	0.26	0.12
SPBC17A3.09c	aim22	viable	V	0.0	-0.022	0.033	0.728	1.979	3.174	3.963
SPBC17A3.10	pas4	viable	V	0.0	0.215	0.393	0.897	0.286	0.361	0.463
SPBC17D1.01	spp41	inviable	E	0.0	1.05	2.135	3.084	3.395	3.577	4.289
SPBC17D1.02	dph2	viable	V	0.0	0.702	1.028	0.961	1.432	2.03	2.115
SPBC17D1.03c	rrp43	inviable	E	0.0	1.298	2.448	3.517	3.813	4.011	3.862
SPBC17D1.05	rhs1	viable	V	0.0	0.252	0.151	0.401	0.624	0.676	0.554
SPBC17D1.06	dbp3	viable	V	0.0	-0.02	0.29	0.368	0.625	0.726	0.975
SPBC17D1.07c	npg1	viable	V	0.0	0.146	0.112	0.467	0.381	0.508	0.286
SPBC17D11.01	nep1	viable	V	0.0	0.402	1.212	1.626	0.7	0.818	0.619
SPBC17D11.02c	hrd1	viable	V	0.0	-0.018	-0.193	0.255	0.057	0.348	-0.185
SPBC17D11.03c	pxp2	viable	V	0.0	0.169	0.299	0.341	0.302	0.458	0.422
SPBC17D11.04c	nto1	viable	V	0.0	0.376	0.433	0.655	0.972	0.842	0.851
SPBC17D11.05	tif301	inviable	E	0.0	2.202	3.242	3.709	3.813	3.678	3.503
SPBC17D11.06	spp2	inviable	E	0.0	1.936	3.014	3.88	3.644	4.039	3.844
SPBC17D11.07c	rpn2	inviable	E	0.0	1.939	2.633	2.956	2.956	2.796	2.828
SPBC17D11.08	dca7	viable	V	0.0	-0.35	-0.34	-0.811	-1.242	-0.314	-0.781
SPBC17F3.01c	rga5	viable	V	0.0	0.327	0.295	-0.081	0.126	0.148	0.498
SPBC17F3.02	nak1	inviable	E	0.0	1.284	3.06	3.609	4.032	4.317	4.028
SPBC17G9.02c	cdc73	viable	V	0.0	0.491	1.192	2.054	3.089	3.386	3.795
SPBC17G9.03c	krs1	inviable	E	0.0	1.754	4.22	4.038	4.146	3.988	4.795
SPBC17G9.04c	nup85	inviable	E	0.0	1.272	2.72	4.127	4.253	4.586	4.573
SPBC17G9.05	rct1	inviable	V	0.0	0.121	1.294	1.26	2.591	2.904	2.972
SPBC17G9.06c	sib3	viable	Not_determined	0.0	-0.012	0.006	-0.29	-0.005	-0.255	0.462
SPBC17G9.08c	cnt5	viable	V	0.0	0.457	0.675	1.181	1.063	0.994	1.261
SPBC17G9.09	tif213	viable	V	0.0	0.504	1.929	1.929	1.929	1.929	1.929
SPBC17G9.10	rpl1102	viable	V	0.0	1.847	2.97	4.444	4.444	3.508	4.444
SPBC17G9.11c	pyr1	inviable	E	0.0	2.189	3.594	4.467	4.389	4.526	4.529
SPBC17G9.12c	SPBC17G9.12c	viable	V	0.0	-0.063	0.435	0.395	0.642	0.321	0.404
SPBC17G9.13c	cup1	inviable	E	0.0	0.596	1.09	1.807	2.477	2.408	2.488
SPBC1815.01	eno101	viable	V	0.0	2.682	4.345	4.739	4.703	5.109	4.803
SPBC1826.01c	mot1	inviable	E	0.0	1.525	3.029	3.722	3.796	3.781	3.936
SPBC1861.01c	cnp3	viable	V	0.0	0.363	1.208	1.92	3.129	3.877	4.284
SPBC1861.02	abp2	viable	V	0.0	0.002	0.031	0.456	0.588	0.112	0.43
SPBC1861.03	naa35	viable	V	0.0	0.179	0.173	0.329	0.161	0.485	0.798
SPBC1861.04c	prp24	inviable	E	0.0	1.273	2.908	3.626	3.945	3.988	3.837
SPBC1861.05	SPBC1861.05	condition-dependent	V	0.0	0.117	0.886	3.254	3.947	4.272	4.199
SPBC1861.06c	mug131	viable	V	0.0	0.108	0.658	-0.532	-0.173	-0.089	-0.225
SPBC1861.07	elc1	viable	V	0.0	0.264	0.372	0.224	0.206	0.224	0.325
SPBC1861.08c	lea1	inviable	E	0.0	1.188	1.989	2.886	3.55	3.63	3.545
SPBC1861.09	ppk22	viable	V	0.0	-0.053	-0.11	0.391	0.179	0.193	0.082
SPBC18A7.01	xpa1	viable	V	0.0	1.297	-0.329	-0.57	-0.187	-0.037	-0.241
SPBC18A7.02c	SPBC18A7.02c	viable	V	0.0	-0.036	0.145	-0.058	-0.259	-0.408	-0.225
SPBC18E5.02c	lcb1	inviable	E	0.0	1.512	3.217	3.911	3.976	4.06	4.127
SPBC18E5.03c	sim4	inviable	E	0.0	-0.05	1.398	3.458	4.363	4.624	4.42
SPBC18E5.05c	elp5	viable	V	0.0	1.034	1.363	2.813	3.425	3.472	3.374
SPBC18E5.07	aim21	viable	V	0.0	0.266	-0.45	0.312	0.489	0.393	0.224
SPBC18E5.09c	SPBC18E5.09c	viable	V	0.0	0.529	0.521	1.883	0.862	1.04	0.562
SPBC18E5.10	SPBC18E5.10	viable	V	0.0	0.574	0.196	1.087	0.244	0.405	0.216
SPBC18E5.11c	edc3	viable	V	0.0	0.166	0.346	0.517	0.57	0.69	0.815
SPBC18E5.12c	mas2	inviable	E	0.0	1.652	3.727	4.105	4.119	4.039	4.312
SPBC18E5.13	mti3	viable	V	0.0	-0.188	-1.053	-0.869	-0.724	-1.09	-0.842
SPBC18E5.14c	SPBC18E5.14c	viable	V	0.0	1.419	1.659	1.567	1.588	1.402	1.577
SPBC18H10.02	lcf1	viable	V	0.0	0.34	0.309	0.968	0.762	0.847	0.697
SPBC18H10.03	tif307	inviable	E	0.0	2.037	3.855	3.855	3.855	3.855	3.855
SPBC18H10.04c	sce3	viable	V	0.0	0.109	0.468	1.467	0.982	1.66	1.218
SPBC18H10.05	SPBC18H10.05	viable	V	0.0	0.166	-0.124	0.088	-0.057	-0.074	0.032
SPBC18H10.06c	swd2	viable	V	0.0	0.58	0.817	1.348	1.835	1.799	1.857
SPBC18H10.07	wbp4	viable	V	0.0	0.401	0.494	0.869	1.093	1.227	1.896
SPBC18H10.08c	ubp4	viable	V	0.0	0.585	0.489	1.517	0.93	1.037	0.602
SPBC18H10.09	SPBC18H10.09	viable	V	0.0	0.236	-0.164	0.395	0.218	-0.18	0.065
SPBC18H10.10c	saf4	viable	V	0.0	-0.332	-0.497	-0.332	-0.798	-0.659	-1.467
SPBC18H10.11c	ppr2	viable	V	0.0	0.061	0.132	0.473	0.525	1.005	0.915
SPBC18H10.12c	rpl701	inviable	E	0.0	1.779	3.362	4.14	4.14	4.14	4.14
SPBC18H10.13	rps1402	viable	V	0.0	-0.303	0.559	1.072	0.937	0.83	1.146
SPBC18H10.14	rps1601	condition-dependent	E	0.0	2.096	3.195	4.077	4.568	4.077	4.568
SPBC18H10.15	cdk11	viable	V	0.0	0.103	0.599	0.801	1.422	1.138	1.481
SPBC18H10.16	vhc1	viable	V	0.0	0.015	0.097	0.414	0.43	0.293	0.537
SPBC18H10.17c	mhr1	inviable	E	0.0	0.062	0.89	3.093	5.312	4.376	4.448
SPBC18H10.18c	SPBC18H10.18c	viable	V	0.0	0.607	-0.632	-1.024	-0.554	-0.856	-0.888
SPBC18H10.19	vps38	viable	V	0.0	0.103	0.379	0.285	0.43	0.278	0.114
SPBC18H10.20c	any1	viable	V	0.0	1.054	2.226	3.047	3.766	4.691	4.848
SPBC1921.02	rad60	inviable	E	0.0	0.535	2.327	3.588	4.184	4.477	4.512
SPBC1921.03c	mex67	viable	V	0.0	0.741	1.58	2.019	2.097	2.584	2.88
SPBC1921.04c	SPBC1921.04c	viable	V	0.0	-0.025	0.185	0.206	0.212	0.246	0.364
SPBC1921.05	ape2	viable	V	0.0	0.177	0.5	0.656	0.747	0.632	0.638
SPBC1921.06c	pvg3	viable	V	0.0	-0.027	-0.12	-0.006	0.02	0.531	0.684
SPBC1921.07c	sgf29	viable	V	0.0	0.041	0.239	0.484	0.61	0.777	0.957
SPBC19C2.01	cdc28	inviable	E	0.0	1.443	3.138	4.04	4.373	3.886	4.011
SPBC19C2.02	pmt1	viable	V	0.0	-0.128	-0.273	-0.115	-0.132	-0.124	-0.111
SPBC19C2.03	rpc10	inviable	E	0.0	1.843	4.384	4.921	4.858	4.921	4.456
SPBC19C2.04c	ubp11	viable	V	0.0	0.203	0.142	0.447	0.182	0.079	0.5
SPBC19C2.05	pat1	inviable	E	0.0	1.131	1.911	2.559	3.212	3.235	2.891
SPBC19C2.06c	mug124	viable	V	0.0	0.212	0.17	0.002	0.024	0.038	-0.182
SPBC19C2.07	fba1	inviable	E	0.0	2.521	4.251	4.886	4.601	4.719	4.762
SPBC19C2.08	prp38	inviable	E	0.0	1.372	4.861	4.842	4.779	4.842	4.914
SPBC19C2.09	sre1	viable	V	0.0	0.348	-0.059	0.005	-0.409	0.174	-0.089
SPBC19C2.10	SPBC19C2.10	viable	V	0.0	0.455	0.605	0.449	0.626	0.108	0.263
SPBC19C2.11c	mdm34	inviable	E	0.0	0.606	1.69	2.591	2.945	3.22	3.466
SPBC19C2.12	mrpl51	inviable	E	0.0	0.317	1.292	2.777	3.341	3.798	3.384
SPBC19C2.13c	ctu2	viable	V	0.0	0.357	0.456	1.281	1.312	1.852	2.1
SPBC19C2.14	smd3	viable	Not_determined	0.0	2.103	3.371	3.665	3.946	3.803	3.814
SPBC19C2.15c	phs1	inviable	E	0.0	0.461	2.756	4.38	4.278	4.119	4.015
SPBC19C7.01	mni1	viable	V	0.0	0.412	0.392	0.453	0.272	0.614	1.191
SPBC19C7.02	ubr1	viable	V	0.0	0.602	1.001	1.664	1.982	2.109	2.742
SPBC19C7.03	cyr1	viable	V	0.0	0.556	0.954	1.849	2.309	2.799	3.528
SPBC19C7.06	prs1	inviable	E	0.0	2.287	3.525	4.16	4.291	4.087	4.388
SPBC19C7.07c	sen34	inviable	E	0.0	1.666	3.237	4.767	5.291	4.9	4.918
SPBC19C7.08c	ppm2	viable	V	0.0	0.384	0.846	0.467	0.85	0.742	0.78
SPBC19C7.09c	uve1	viable	V	0.0	0.012	0.027	0.442	0.2	0.14	0.211
SPBC19C7.10	bqt4	viable	V	0.0	-0.315	-0.01	0.892	0.463	0.173	0.583
SPBC19C7.11	SPBC19C7.11	viable	V	0.0	0.649	0.141	1.049	0.972	0.55	1.202
SPBC19C7.12c	omh1	viable	V	0.0	0.01	0.301	0.069	-0.159	0.17	0.11
SPBC19F5.01c	puc1	viable	V	0.0	0.624	0.689	1.173	0.427	0.148	0.695
SPBC19F5.02c	utp4	inviable	E	0.0	1.694	3.969	4.835	3.911	4.085	4.235
SPBC19F5.03	sac11	inviable	E	0.0	1.419	3.393	4.347	4.337	4.318	4.432
SPBC19F5.04	hom3	inviable	E	0.0	1.943	2.796	3.662	3.426	4.033	4.052
SPBC19F5.05c	ppp1	inviable	E	0.0	1.849	3.387	3.998	4.524	4.517	4.287
SPBC19F8.01c	spn7	viable	V	0.0	0.182	0.0	0.112	0.527	0.058	-0.17
SPBC19F8.03c	yap18	viable	V	0.0	0.008	0.251	0.561	-0.103	0.125	0.221
SPBC19F8.04c	lcl3	viable	V	0.0	0.778	0.822	1.652	1.268	0.632	1.405
SPBC19F8.05	mrps26	inviable	E	0.0	0.524	0.576	2.454	2.847	3.566	2.899
SPBC19F8.06c	meu22	viable	V	0.0	0.282	-0.121	-0.037	0.112	-0.072	0.047
SPBC19F8.07	mcs6	inviable	E	0.0	0.226	1.937	3.225	4.218	3.581	3.981
SPBC19F8.08	rps401	viable	V	0.0	1.031	1.581	2.564	2.614	3.175	4.041
SPBC19G7.01c	msh2	viable	V	0.0	0.097	0.106	0.49	0.772	0.866	1.395
SPBC19G7.02	abz2	viable	V	0.0	0.236	0.413	0.593	0.591	0.866	1.101
SPBC19G7.03c	rps3002	viable	V	0.0	-0.121	1.544	1.514	1.178	2.117	1.554
SPBC19G7.04	SPBC19G7.04	viable	V	0.0	0.462	0.359	1.002	0.28	0.607	0.679
SPBC19G7.05c	bgs1	inviable	E	0.0	1.009	3.012	3.809	4.603	4.538	4.536
SPBC19G7.06	mbx1	viable	V	0.0	1.251	1.987	1.901	1.16	2.007	2.043
SPBC19G7.07c	ppr3	viable	V	0.0	0.288	0.685	2.025	3.334	4.133	4.37
SPBC19G7.08c	art1	viable	V	0.0	-0.076	0.054	0.06	-0.027	0.377	0.434
SPBC19G7.09	ulp1	viable	V	0.0	0.425	0.854	2.161	3.095	3.718	4.216
SPBC19G7.10c	pdc2	viable	V	0.0	0.392	1.194	1.853	2.473	2.581	2.72
SPBC19G7.13	tbf1	inviable	E	0.0	2.265	1.754	3.482	4.408	3.782	4.408
SPBC19G7.14c	cog5	inviable	E	0.0	0.582	2.332	3.266	3.827	3.759	3.934
SPBC19G7.15	nup44	inviable	E	0.0	1.247	2.405	3.663	4.172	4.886	4.886
SPBC19G7.16	iws1	viable	V	0.0	0.487	1.159	1.827	2.948	3.404	4.089
SPBC19G7.17	ssh1	viable	V	0.0	0.165	0.66	1.006	1.68	2.193	2.9
SPBC19G7.18c	SPBC19G7.18c	viable	V	0.0	0.157	-0.246	-0.061	0.11	-0.061	-0.29
SPBC19G7.19	tom5	unknown	Not_determined	0.0	-0.12	-0.489	0.762	0.114	0.762	0.297
SPBC1A4.01	apc10	inviable	E	0.0	0.291	1.936	2.767	3.843	3.828	3.664
SPBC1A4.02c	leu1	viable	V	0.0	1.08	2.443	2.047	2.408	1.448	2.456
SPBC1A4.03c	top2	inviable	E	0.0	1.265	2.949	3.918	4.07	4.289	4.241
SPBC1A4.04	SPBC1A4.04	viable	V	0.0	-0.3	-0.883	0.223	-0.422	-0.601	-0.047
SPBC1A4.05	blt1	viable	V	0.0	0.047	0.846	1.077	1.874	1.616	1.969
SPBC1A4.06c	tam41	inviable	E	0.0	0.189	0.426	1.798	2.613	3.182	3.229
SPBC1A4.07c	sof1	inviable	E	0.0	2.42	3.735	4.321	3.943	4.321	3.975
SPBC1A4.08c	cct3	inviable	E	0.0	2.077	3.316	4.304	3.889	3.909	4.349
SPBC1A4.09	pus7	viable	V	0.0	0.222	0.631	1.886	2.468	3.446	4.039
SPBC1A4.10c	med14	inviable	E	0.0	0.297	0.808	1.816	2.638	2.936	3.262
SPBC1A4.11c	SPBC1A4.11c	inviable	E	0.0	0.88	2.845	4.564	5.133	5.133	5.133
SPBC1D7.01	pfd1	viable	V	0.0	-1.17	-0.955	-0.994	-0.886	-0.76	-0.769
SPBC1D7.02c	scr1	viable	Not_determined	0.0	0.767	0.407	1.333	1.104	1.466	1.702
SPBC1D7.03	clg1	viable	V	0.0	1.452	1.134	1.674	0.409	2.642	1.48
SPBC1D7.04	mlo3	viable	V	0.0	-0.078	0.611	1.776	2.848	5.655	5.655
SPBC1D7.05	byr2	viable	V	0.0	0.333	0.118	0.108	0.004	0.264	0.384
SPBC1E8.02	SPBC1E8.02	viable	V	0.0	-0.19	-0.559	-0.344	-0.41	-0.438	-0.214
SPBC1E8.03c	SPBC1E8.03c	viable	V	0.0	0.142	0.269	-0.509	-0.198	-0.36	-0.331
SPBC1E8.04	Tf2-10	unknown	Not_determined	0.0	-1.418	-1.488	-0.66	0.233	-0.879	-1.824
SPBC20F10.01	gar1	inviable	E	0.0	1.357	2.68	3.523	3.448	3.194	3.526
SPBC20F10.02c	SPBC20F10.02c	viable	V	0.0	0.003	-0.334	-0.015	-0.117	-0.249	-0.18
SPBC20F10.03	SPBC20F10.03	viable	V	0.0	-0.575	1.024	-0.308	-0.561	0.201	-0.304
SPBC20F10.04c	nse4	inviable	E	0.0	0.535	1.658	3.523	3.694	4.304	3.789
SPBC20F10.05	nrl1	viable	V	0.0	0.302	1.391	1.86	1.797	2.169	2.103
SPBC20F10.06	mad2	viable	V	0.0	-0.501	-0.081	0.276	-0.034	0.02	0.445
SPBC20F10.07	ltc1	viable	V	0.0	-0.179	-0.044	0.08	-0.187	-0.137	0.147
SPBC20F10.08c	rtp1	inviable	E	0.0	1.29	2.746	4.074	4.08	4.207	4.796
SPBC20F10.10	psl1	viable	V	0.0	0.12	0.409	0.882	0.742	0.357	0.435
SPBC21.01	mis17	inviable	E	0.0	-0.101	1.08	2.966	4.695	4.094	4.269
SPBC21.02	rtc5	viable	V	0.0	-0.639	-0.282	-0.104	-0.232	0.316	0.76
SPBC21.03c	SPBC21.03c	viable	V	0.0	0.004	-0.193	0.839	0.192	0.362	0.809
SPBC21.04	med8	inviable	E	0.0	0.728	1.438	2.998	3.328	3.878	4.273
SPBC21.05c	ral2	viable	V	0.0	0.291	-0.135	0.458	0.332	0.308	0.164
SPBC21.06c	cdc7	inviable	E	0.0	0.55	2.309	3.782	4.107	4.177	4.368
SPBC21.07c	ppk24	viable	V	0.0	0.506	1.269	0.491	0.664	1.481	1.092
SPBC211.01	rsm10	inviable	E	0.0	0.303	1.802	4.073	4.551	5.133	5.35
SPBC211.02c	cwf3	inviable	E	0.0	0.96	1.992	3.089	3.058	3.08	3.088
SPBC211.03c	gea1	inviable	E	0.0	2.147	3.417	3.638	3.618	3.73	3.816
SPBC211.04c	mcm6	inviable	E	0.0	1.799	2.67	4.092	3.47	3.817	3.969
SPBC211.06	gfh1	viable	V	0.0	0.294	0.468	0.587	0.59	0.67	0.705
SPBC211.08c	mtr3	inviable	E	0.0	0.937	0.901	1.818	1.818	1.818	1.818
SPBC215.01	gyp4	viable	V	0.0	0.169	0.192	0.488	0.723	0.373	0.441
SPBC215.02	pfd5	viable	V	0.0	-0.03	-0.559	1.519	1.417	2.802	2.875
SPBC215.03c	csn1	viable	V	0.0	0.633	1.051	1.776	2.448	2.85	3.857
SPBC215.04	git11	viable	V	0.0	0.167	0.756	0.414	0.983	0.107	0.95
SPBC215.05	gpd1	viable	V	0.0	0.236	0.676	0.783	0.77	0.512	0.995
SPBC215.06c	SPBC215.06c	viable	V	0.0	0.05	-0.291	-0.041	-0.135	-0.118	-0.009
SPBC215.07c	pdp2	viable	V	0.0	0.42	0.51	0.724	0.499	0.767	0.507
SPBC215.08c	arg4	viable	V	0.0	0.214	0.183	0.231	0.137	0.576	0.535
SPBC215.09c	erg10	inviable	E	0.0	1.878	4.19	5.41	4.866	5.694	5.203
SPBC215.10	odr1	viable	V	0.0	0.719	0.634	1.205	1.115	1.308	0.997
SPBC215.11c	SPBC215.11c	viable	V	0.0	0.175	0.209	-0.157	0.136	0.511	0.252
SPBC215.12	cwf10	inviable	E	0.0	1.927	3.346	3.941	4.18	3.998	3.906
SPBC215.13	mtl3	viable	V	0.0	-0.284	1.497	0.88	1.156	0.88	1.555
SPBC215.14c	vps20	viable	V	0.0	0.046	1.273	0.928	0.34	1.647	0.394
SPBC215.15	sec13	condition-dependent	Not_determined	0.0	1.717	4.591	4.565	6.065	5.129	6.065
SPBC216.01c	psy2	viable	V	0.0	0.396	0.915	0.988	1.178	1.239	1.339
SPBC216.02	num1	viable	V	0.0	0.088	0.148	0.189	0.258	0.202	0.197
SPBC216.04c	mxr2	viable	V	0.0	0.38	0.074	0.324	0.284	0.397	0.468
SPBC216.05	rad3	viable	V	0.0	0.017	0.226	0.537	0.856	1.106	1.356
SPBC216.06c	swi1	viable	V	0.0	0.196	0.609	0.939	1.286	1.473	1.864
SPBC216.07c	tor2	inviable	E	0.0	2.154	3.711	4.081	4.127	4.347	4.28
SPBC21B10.02	SPBC21B10.02	viable	V	0.0	0.119	0.176	0.205	0.26	0.145	0.163
SPBC21B10.03c	ath1	viable	V	0.0	0.178	0.486	0.755	1.277	1.084	1.494
SPBC21B10.05c	wat1	viable	V	0.0	1.085	1.734	1.721	2.577	2.898	3.827
SPBC21B10.06c	inp2	viable	V	0.0	-0.005	-0.07	0.005	-0.347	0.008	-0.177
SPBC21B10.07	crr1	viable	V	0.0	0.344	-0.052	0.809	0.459	0.641	0.424
SPBC21B10.08c	SPBC21B10.08c	viable	V	0.0	0.21	0.6	0.716	0.274	0.493	0.307
SPBC21B10.09	SPBC21B10.09	viable	V	0.0	-0.084	-0.287	0.283	0.119	0.102	-0.032
SPBC21B10.10	rps402	viable	V	0.0	0.777	2.004	1.851	2.301	2.299	2.48
SPBC21B10.11	dpm2	inviable	E	0.0	1.984	3.443	4.859	4.076	5.436	4.904
SPBC21B10.12	rec6	viable	V	0.0	-0.115	-0.189	-0.37	-0.522	-0.291	-0.202
SPBC21B10.13c	yox1	viable	V	0.0	-0.011	0.484	0.457	0.687	0.594	1.112
SPBC21B10.14	kgd4	viable	Not_determined	0.0	-0.655	0.054	0.304	0.552	-0.108	-0.185
SPBC21B10.15	SPBC21B10.15	viable	Not_determined	0.0	0.025	0.147	0.439	0.638	0.827	0.862
SPBC21C3.01c	vps1301	viable	V	0.0	0.115	0.271	0.474	0.292	0.562	0.72
SPBC21C3.02c	dep1	viable	V	0.0	0.603	1.267	2.042	1.749	2.674	3.086
SPBC21C3.03	cqd1	viable	V	0.0	0.074	-0.128	-0.366	-0.357	-0.43	-0.03
SPBC21C3.04c	mrx14	inviable	E	0.0	-0.086	1.237	2.665	3.856	3.051	3.455
SPBC21C3.05	sap62	inviable	E	0.0	1.578	3.854	4.348	4.122	4.165	4.709
SPBC21C3.06	SPBC21C3.06	viable	V	0.0	0.664	0.043	-0.295	-0.237	-0.086	0.031
SPBC21C3.07c	trm140	viable	V	0.0	0.703	0.377	0.855	0.368	0.532	1.544
SPBC21C3.08c	car2	viable	V	0.0	0.303	0.738	0.812	0.835	1.319	1.376
SPBC21C3.09c	oaa1	viable	V	0.0	0.165	0.116	0.532	0.559	-0.083	0.149
SPBC21C3.10c	rib7	inviable	E	0.0	0.197	1.957	4.059	5.059	5.521	5.436
SPBC21C3.11	ubx4	viable	V	0.0	0.579	-0.296	0.223	0.261	-0.481	-0.284
SPBC21C3.12c	SPBC21C3.12c	viable	V	0.0	0.407	0.172	0.973	1.192	0.714	1.401
SPBC21C3.13	rps1901	viable	V	0.0	1.616	3.846	4.43	4.261	4.627	4.839
SPBC21C3.14c	SPBC21C3.14c	viable	V	0.0	0.363	0.3	0.371	0.793	0.453	0.556
SPBC21C3.15c	SPBC21C3.15c	viable	V	0.0	-1.163	0.019	-1.217	-0.464	-0.282	-1.001
SPBC21C3.16c	spt4	viable	V	0.0	0.065	1.189	0.759	1.078	1.726	1.262
SPBC21C3.17c	psg1	viable	V	0.0	0.162	-0.106	0.059	0.21	0.126	0.463
SPBC21C3.18	spo4	viable	V	0.0	0.186	-0.037	0.348	0.064	0.15	0.322
SPBC21C3.19	rtc3	viable	V	0.0	-0.445	-0.388	-0.647	-0.768	-0.746	-0.346
SPBC21C3.20c	git1	viable	V	0.0	0.255	0.716	1.396	2.092	2.622	3.036
SPBC21D10.05c	ucp3	inviable	E	0.0	1.821	3.023	3.944	3.627	3.756	4.323
SPBC21D10.06c	map4	viable	Not_determined	0.0	-0.446	0.126	0.155	-0.597	-0.659	-0.544
SPBC21D10.07	cmc2	viable	V	0.0	0.217	0.441	0.866	0.454	0.652	0.553
SPBC21D10.08c	SPBC21D10.08c	viable	V	0.0	-0.427	-0.287	-0.14	-0.068	-0.166	-0.025
SPBC21D10.09c	rkr1	viable	V	0.0	0.517	0.634	1.024	0.979	1.043	1.284
SPBC21D10.10	bdc1	viable	V	0.0	0.177	-0.152	1.059	2.278	0.223	1.487
SPBC21D10.11c	nfs1	viable	V	0.0	2.0	3.672	4.166	4.253	4.541	4.247
SPBC21D10.12	hob1	viable	V	0.0	0.817	0.943	1.107	0.781	0.961	1.406
SPBC21H7.02	taf10	inviable	E	0.0	1.012	2.372	3.705	3.727	4.246	4.261
SPBC21H7.03c	SPBC21H7.03c	viable	V	0.0	-0.117	-0.437	-0.234	-0.226	-0.388	-0.377
SPBC21H7.04	dbp7	viable	V	0.0	1.123	1.752	2.815	3.351	3.642	3.513
SPBC21H7.05	sfc6	inviable	E	0.0	0.468	1.054	2.643	3.767	4.26	4.674
SPBC21H7.06c	opi10	viable	V	0.0	-0.342	-0.576	-0.607	-0.306	-0.507	-0.51
SPBC21H7.07c	his5	viable	V	0.0	-0.009	0.003	0.136	-0.585	0.158	-0.162
SPBC23E6.01c	cxr1	viable	V	0.0	0.55	0.195	-0.401	0.264	-1.057	-0.13
SPBC23E6.02	rrp2	viable	V	0.0	-0.048	-0.333	-0.125	-0.202	-0.37	-0.225
SPBC23E6.03c	nta1	viable	V	0.0	-0.298	-0.174	0.191	-0.241	-0.076	-0.55
SPBC23E6.04c	utp10	inviable	E	0.0	1.835	3.729	4.366	4.37	4.652	4.693
SPBC23E6.05	arx1	viable	V	0.0	0.287	0.009	0.244	0.397	0.246	0.273
SPBC23E6.06c	rib3	inviable	E	0.0	2.11	4.161	4.379	4.555	4.401	4.799
SPBC23E6.07c	rfc1	inviable	E	0.0	0.46	1.845	3.262	3.884	3.929	4.009
SPBC23E6.08	rgp1	viable	V	0.0	0.35	0.548	1.791	2.97	3.763	3.492
SPBC23E6.09	ssn6	condition-dependent	V	0.0	0.663	1.376	2.256	2.65	3.043	2.774
SPBC23E6.10c	mri1	viable	V	0.0	0.484	0.416	-0.251	0.851	0.549	1.338
SPBC23G7.04c	nif1	viable	V	0.0	0.452	0.946	2.051	1.954	1.349	1.239
SPBC23G7.05	sui1	inviable	E	0.0	2.145	3.867	4.215	4.737	4.728	4.54
SPBC23G7.06c	nvj2	viable	V	0.0	0.515	0.549	0.668	0.562	0.554	0.624
SPBC23G7.07c	cms1	viable	V	0.0	0.488	0.952	0.455	1.295	0.64	0.803
SPBC23G7.08c	rga7	viable	V	0.0	0.084	0.503	1.711	2.347	2.903	3.519
SPBC23G7.10c	SPBC23G7.10c	viable	V	0.0	-0.054	0.919	0.996	-0.344	0.415	-0.018
SPBC23G7.11	mag2	viable	V	0.0	0.967	1.312	1.285	2.785	0.881	1.921
SPBC23G7.12c	rpt6	condition-dependent	V	0.0	1.002	1.024	0.967	1.401	1.424	1.188
SPBC23G7.13c	SPBC23G7.13c	viable	V	0.0	-0.311	-0.639	-0.497	-0.653	-0.619	-0.833
SPBC23G7.14	SPBC23G7.14	viable	V	0.0	-0.574	-0.632	-0.232	-0.333	-0.672	-0.518
SPBC23G7.15c	rpp202	viable	V	0.0	-0.131	0.291	-0.201	0.446	-0.093	0.156
SPBC23G7.16	ctr6	viable	V	0.0	1.432	1.215	1.414	1.61	1.816	1.97
SPBC244.01c	sid4	inviable	E	0.0	0.289	2.349	4.26	4.099	4.491	4.767
SPBC244.02c	utp6	inviable	E	0.0	1.757	2.848	3.338	3.627	3.919	4.033
SPBC24C6.02	spb4	inviable	E	0.0	2.534	4.514	4.38	4.487	4.716	4.515
SPBC24C6.03	SPBC24C6.03	inviable	E	0.0	0.21	0.507	2.73	2.93	4.236	3.532
SPBC24C6.04	put2	viable	V	0.0	0.33	0.888	1.568	2.135	2.829	2.772
SPBC24C6.05	sec28	viable	V	0.0	0.139	-0.101	0.08	0.543	0.816	0.611
SPBC24C6.06	gpa1	viable	V	0.0	0.439	-0.543	-0.38	-0.408	-0.672	-0.539
SPBC24C6.07	cdc14	inviable	E	0.0	0.441	2.393	3.658	4.006	4.566	4.34
SPBC24C6.08c	bhd1	viable	V	0.0	-0.023	0.227	-0.08	0.106	-0.206	-0.224
SPBC24C6.09c	SPBC24C6.09c	viable	V	0.0	0.048	0.333	0.415	0.152	0.156	0.512
SPBC24C6.10c	dip1	viable	V	0.0	0.148	0.341	1.029	0.529	1.592	-0.037
SPBC24C6.13	coa6	viable	Not_determined	0.0	0.298	1.421	1.386	1.034	1.179	0.937
SPBC25B2.01	hbs1	viable	V	0.0	-0.193	0.373	0.435	0.224	0.59	1.028
SPBC25B2.02c	mam1	viable	V	0.0	0.333	0.216	0.906	0.764	0.585	0.781
SPBC25B2.03	SPBC25B2.03	viable	V	0.0	0.184	-0.062	0.24	0.481	0.22	0.594
SPBC25B2.04c	mtg1	viable	V	0.0	0.119	0.096	0.293	0.325	0.501	0.52
SPBC25B2.05	mis3	inviable	E	0.0	1.486	2.788	3.165	3.704	3.509	3.498
SPBC25B2.06c	btb2	viable	V	0.0	-0.125	0.434	0.594	0.537	0.413	0.764
SPBC25B2.07c	mmb1	viable	V	0.0	1.46	1.091	0.8	0.278	-0.189	0.712
SPBC25B2.08	SPBC25B2.08	viable	V	0.0	0.098	0.197	0.353	0.129	0.106	0.279
SPBC25B2.09c	msr1	inviable	E	0.0	2.245	4.003	4.22	4.699	4.549	4.508
SPBC25B2.10	SPBC25B2.10	viable	V	0.0	0.356	0.715	0.955	1.269	0.942	1.521
SPBC25B2.11	pof2	viable	V	0.0	0.281	0.604	0.829	0.666	0.365	0.811
SPBC25D12.02c	dnt1	viable	V	0.0	0.333	0.814	1.198	1.937	2.112	2.761
SPBC25D12.03c	mcm7	inviable	E	0.0	2.27	4.218	4.355	4.343	4.496	4.636
SPBC25D12.04	suc22	inviable	E	0.0	2.15	3.73	4.648	4.395	4.868	4.872
SPBC25D12.05	trm1	viable	V	0.0	0.248	0.455	1.267	1.454	0.894	0.931
SPBC25D12.06	mrh5	viable	V	0.0	0.054	0.212	0.602	0.616	0.829	1.181
SPBC25H2.02	trs1	inviable	E	0.0	2.3	4.059	4.946	4.544	4.519	4.523
SPBC25H2.03	vac14	viable	V	0.0	0.022	0.232	0.262	0.433	0.19	0.354
SPBC25H2.05	egd2	viable	V	0.0	0.163	0.156	-0.942	-0.428	-0.408	0.01
SPBC25H2.06c	hrf1	inviable	E	0.0	2.373	4.348	4.73	4.951	4.879	4.974
SPBC25H2.07	tif11	inviable	E	0.0	2.228	3.618	3.988	4.488	4.551	4.313
SPBC25H2.08c	mrs2	viable	V	0.0	-0.052	0.136	0.677	0.569	0.724	1.467
SPBC25H2.09	mic19	viable	V	0.0	-0.0	-0.048	0.097	0.144	0.234	0.459
SPBC25H2.10c	tan1	viable	V	0.0	0.013	0.039	-0.153	0.384	-0.117	-0.091
SPBC25H2.11c	spt7	viable	V	0.0	0.08	0.231	0.754	1.622	2.252	2.497
SPBC25H2.12c	cct7	inviable	E	0.0	2.024	3.037	3.397	3.555	3.873	3.392
SPBC25H2.13c	cdc20	inviable	E	0.0	2.053	3.425	3.903	4.029	4.123	4.151
SPBC25H2.14	mug16	viable	V	0.0	0.539	0.355	0.941	0.94	0.899	0.832
SPBC25H2.15	tsr401	viable	V	0.0	1.045	2.163	3.429	2.748	4.396	4.468
SPBC25H2.16c	gga22	viable	V	0.0	0.369	0.52	0.693	0.984	1.349	0.477
SPBC25H2.18	cox20	viable	Not_determined	0.0	-0.001	0.388	0.406	0.899	0.526	1.387
SPBC26H8.01	thi2	viable	V	0.0	0.198	0.196	0.799	-0.169	0.502	0.329
SPBC26H8.02c	sec9	inviable	E	0.0	0.535	1.824	2.346	3.708	3.76	4.428
SPBC26H8.03	cho2	viable	V	0.0	0.087	1.526	0.735	2.714	0.56	0.38
SPBC26H8.04c	iml1	viable	V	0.0	0.647	1.869	2.815	3.699	3.772	4.025
SPBC26H8.05c	pph3	viable	V	0.0	-0.491	-0.152	-0.303	-0.307	-0.688	-1.203
SPBC26H8.06	grx4	condition-dependent	E	0.0	1.424	3.1	4.559	5.144	5.063	5.01
SPBC26H8.07c	nda3	inviable	E	0.0	2.035	3.174	3.53	4.123	4.005	4.123
SPBC26H8.08c	grn1	viable	V	0.0	1.869	3.372	4.413	4.188	4.763	4.887
SPBC26H8.09c	snf59	viable	V	0.0	-0.006	-0.243	0.396	0.585	0.325	0.168
SPBC26H8.10	dis3	inviable	E	0.0	2.066	3.197	4.125	3.808	3.945	4.013
SPBC26H8.11c	the4	viable	V	0.0	0.376	0.244	0.786	0.272	0.873	0.475
SPBC26H8.14c	cox17	viable	V	0.0	-0.096	0.367	0.623	0.651	0.799	1.065
SPBC26H8.16	sdh8	viable	Not_determined	0.0	0.162	0.242	0.505	0.196	0.129	0.355
SPBC27.01c	pga2	inviable	E	0.0	1.637	3.868	3.575	3.329	3.858	4.329
SPBC27.03	meu25	viable	V	0.0	0.143	0.166	0.48	0.135	0.212	0.055
SPBC27.04	uds1	viable	V	0.0	-0.344	-0.082	-0.035	-0.513	0.024	-0.163
SPBC27.05	SPBC27.05	unknown	Not_determined	0.0	0.092	0.749	1.291	0.769	-0.018	0.33
SPBC27.06c	mgr2	viable	V	0.0	0.927	2.406	4.071	4.655	4.467	5.346
SPBC27.08c	sua1	viable	V	0.0	0.075	1.414	1.078	1.203	1.124	0.824
SPBC27B12.01c	mmm1	inviable	E	0.0	0.402	2.404	3.222	3.304	3.477	3.563
SPBC27B12.02	mis19	inviable	E	0.0	-0.026	0.448	1.259	2.857	4.009	4.307
SPBC27B12.03c	erg32	viable	V	0.0	0.185	0.249	0.424	0.281	0.329	0.217
SPBC27B12.04c	csc2	viable	V	0.0	0.469	0.817	0.621	0.221	0.722	0.983
SPBC27B12.05	crt10	viable	V	0.0	-0.193	-0.33	-0.038	0.185	0.25	-0.086
SPBC27B12.06	gpi13	inviable	E	0.0	0.821	2.958	4.089	4.146	4.351	4.232
SPBC27B12.07	SPBC27B12.07	viable	V	0.0	0.105	0.368	0.471	0.844	0.588	0.642
SPBC27B12.08	sip1	viable	V	0.0	0.873	1.96	3.451	3.861	4.023	4.072
SPBC27B12.09c	flx1	viable	V	0.0	0.443	1.14	2.62	3.468	3.822	3.982
SPBC27B12.10c	tom7	viable	V	0.0	-0.065	0.297	0.923	0.831	1.12	1.209
SPBC27B12.11c	pho7	viable	V	0.0	0.312	0.735	0.976	1.162	1.569	1.68
SPBC27B12.13	tom40	inviable	E	0.0	2.165	3.381	3.367	3.322	3.367	4.045
SPBC27B12.14	cbp4	viable	Not_determined	0.0	0.128	0.068	0.061	0.348	0.325	0.589
SPBC28E12.02	SPBC28E12.02	viable	V	0.0	0.278	0.687	-0.014	0.243	0.38	0.527
SPBC28E12.03	rga4	viable	V	0.0	0.242	0.549	0.873	0.584	0.626	0.74
SPBC28E12.04	cbp7	viable	V	0.0	0.351	0.451	0.991	1.007	1.006	0.9
SPBC28E12.05	esf2	inviable	E	0.0	1.726	3.644	4.004	3.747	4.841	4.573
SPBC28E12.06c	lvs1	viable	V	0.0	0.457	0.973	1.155	1.099	0.983	1.033
SPBC28F2.02	mep33	viable	V	0.0	0.067	0.475	0.948	0.13	0.817	-0.231
SPBC28F2.04c	cwf7	inviable	E	0.0	1.361	2.785	2.785	2.785	2.785	2.785
SPBC28F2.05c	SPBC28F2.05c	viable	V	0.0	0.182	-0.17	0.624	0.218	0.009	-0.024
SPBC28F2.06c	mdm12	inviable	E	0.0	0.533	1.881	3.23	3.302	3.079	2.88
SPBC28F2.07	sfr1	viable	V	0.0	0.115	0.324	0.301	0.271	0.475	0.716
SPBC28F2.08c	hrd3	viable	V	0.0	0.241	0.246	0.25	0.444	0.245	0.276
SPBC28F2.09	toa1	inviable	E	0.0	1.217	3.084	4.06	4.21	4.24	4.09
SPBC28F2.10c	ngg1	viable	V	0.0	0.257	0.671	1.302	1.542	1.658	2.283
SPBC28F2.11	hmo1	viable	V	0.0	0.434	0.307	0.329	0.063	0.485	0.527
SPBC28F2.12	rpb1	inviable	E	0.0	1.884	3.76	4.592	4.439	4.684	4.764
SPBC29A10.01	ccr1	viable	V	0.0	0.349	1.137	1.437	1.891	2.144	3.101
SPBC29A10.02	spo5	viable	V	0.0	1.069	0.58	0.726	1.409	1.461	0.856
SPBC29A10.03c	pcf1	viable	V	0.0	-0.011	0.137	0.335	0.192	0.588	0.476
SPBC29A10.04	psm1	inviable	E	0.0	1.109	2.749	3.764	3.916	4.053	4.006
SPBC29A10.05	exo1	viable	V	0.0	0.205	0.441	0.705	1.05	1.231	1.321
SPBC29A10.06c	ely5	viable	V	0.0	-0.149	-0.152	0.29	0.547	0.368	-0.009
SPBC29A10.07	pom152	viable	V	0.0	0.105	0.325	0.317	0.286	0.345	0.552
SPBC29A10.08	gas2	viable	V	0.0	-0.384	-0.517	-0.271	-0.248	0.04	-0.132
SPBC29A10.09c	tri1	viable	V	0.0	0.466	0.217	0.521	0.714	0.808	0.742
SPBC29A10.10c	dbl8	viable	V	0.0	0.005	0.121	0.35	0.493	0.683	0.857
SPBC29A10.11c	muk1	viable	V	0.0	1.23	1.262	1.214	0.403	1.493	1.101
SPBC29A10.12	oxs1	viable	V	0.0	0.0	0.118	0.303	0.221	-0.213	0.14
SPBC29A10.13	atp7	viable	V	0.0	0.348	1.369	1.175	1.274	2.704	2.221
SPBC29A10.14	rec8	viable	V	0.0	0.046	-0.266	0.315	0.661	0.949	0.988
SPBC29A10.15	orc1	inviable	E	0.0	0.745	2.23	1.994	2.53	3.53	3.53
SPBC29A10.16c	cyb502	viable	V	0.0	0.116	1.523	3.132	4.054	4.438	4.434
SPBC29A10.17	lam1	viable	Not_determined	0.0	1.146	2.537	3.387	3.543	3.496	3.691
SPBC29A3.01	ccc2	viable	V	0.0	0.031	-0.63	0.205	0.737	0.883	0.337
SPBC29A3.02c	his7	viable	V	0.0	0.104	0.245	0.254	0.231	0.333	0.448
SPBC29A3.03c	gid2	viable	V	0.0	-0.0	-0.318	0.223	0.127	1.19	-0.439
SPBC29A3.04	rpl8	inviable	E	0.0	0.877	2.302	2.302	2.302	2.302	2.302
SPBC29A3.05	vps71	viable	V	0.0	0.003	-0.102	0.829	0.777	1.037	1.572
SPBC29A3.06	utp18	inviable	E	0.0	1.754	3.501	3.784	3.913	4.166	4.721
SPBC29A3.07c	sap14	viable	V	0.0	0.22	0.409	0.191	1.216	0.441	1.664
SPBC29A3.08	pof4	viable	V	0.0	0.303	-0.087	0.417	0.35	0.998	0.803
SPBC29A3.09c	gcn20	viable	V	0.0	-0.222	-0.218	0.206	0.347	0.42	0.882
SPBC29A3.10c	atp14	viable	V	0.0	2.009	3.827	3.827	3.827	3.827	3.827
SPBC29A3.11c	ort1	viable	V	0.0	-0.062	0.972	0.519	0.549	0.714	0.689
SPBC29A3.12	rps902	viable	V	0.0	1.367	1.491	3.622	3.369	5.196	4.018
SPBC29A3.13	pdp1	viable	V	0.0	-0.125	0.206	0.01	0.944	0.156	0.788
SPBC29A3.14c	trt1	viable	V	0.0	0.029	0.332	0.636	0.571	0.504	0.515
SPBC29A3.15c	rsm23	inviable	E	0.0	0.272	1.342	3.024	4.252	4.647	4.506
SPBC29A3.16	rrs1	inviable	E	0.0	1.502	2.419	4.334	4.271	5.271	4.407
SPBC29A3.17	gef3	viable	V	0.0	-0.419	0.212	0.324	0.041	0.019	0.354
SPBC29A3.18	cyt1	viable	V	0.0	0.207	0.424	0.923	1.054	1.023	1.388
SPBC29A3.21	SPBC29A3.21	viable	V	0.0	0.039	-0.463	-0.377	-0.343	-0.031	-0.493
SPBC29B5.01	atf1	viable	V	0.0	1.424	1.096	2.091	1.771	2.332	2.356
SPBC29B5.02c	isp4	viable	V	0.0	-0.391	-0.282	0.138	-0.119	0.838	-0.533
SPBC29B5.04c	app1	viable	V	0.0	0.053	0.235	0.434	0.576	0.659	1.079
SPBC2A9.02	SPBC2A9.02	viable	V	0.0	1.105	1.055	1.592	0.944	1.592	-0.037
SPBC2A9.03	SPBC2A9.03	viable	V	0.0	-0.009	0.266	0.451	0.016	-0.277	0.275
SPBC2A9.04c	san1	viable	V	0.0	-0.127	-0.276	0.094	0.362	0.462	0.407
SPBC2A9.05c	tvp23	viable	V	0.0	0.178	0.179	-0.003	0.627	0.353	0.67
SPBC2A9.06c	nus1	condition-dependent	V	0.0	1.267	3.12	4.456	4.725	4.782	4.486
SPBC2A9.07c	hpz1	viable	V	0.0	0.406	0.3	-0.132	0.963	0.064	0.068
SPBC2A9.08c	sec22	inviable	E	0.0	1.351	2.944	4.019	3.108	4.139	3.565
SPBC2A9.09	plp2	inviable	E	0.0	0.089	0.92	1.727	2.458	2.848	3.694
SPBC2A9.10	bmc1	viable	E	0.0	0.153	0.499	0.531	0.712	0.55	0.217
SPBC2A9.11c	iss9	viable	V	0.0	0.256	0.392	0.477	0.645	0.792	0.866
SPBC2A9.12	orc6	inviable	E	0.0	0.487	2.313	4.274	4.353	5.164	5.091
SPBC2A9.13	SPBC2A9.13	viable	V	0.0	-0.285	-0.528	-1.096	-0.46	-1.096	-0.47
SPBC2A9.14	SPBC2A9.14	viable	Not_determined	0.0	0.099	-0.014	0.445	-0.182	0.372	0.048
SPBC2D10.03c	ess1	viable	V	0.0	0.037	0.106	0.255	1.124	0.122	0.857
SPBC2D10.04	aly2	viable	V	0.0	0.388	0.462	0.605	0.446	0.924	0.747
SPBC2D10.05	exg3	viable	V	0.0	-0.104	-0.074	-0.309	0.469	0.413	0.4
SPBC2D10.06	rep1	viable	V	0.0	-0.01	-0.324	-0.203	-0.49	-0.522	-0.825
SPBC2D10.07c	mmp1	viable	V	0.0	-0.067	0.201	0.388	0.78	0.94	1.468
SPBC2D10.08c	yml6	inviable	E	0.0	0.345	1.16	2.652	3.399	3.73	3.641
SPBC2D10.09	snr1	viable	V	0.0	0.004	-0.144	0.171	0.075	0.108	0.202
SPBC2D10.10c	fib1	viable	V	0.0	2.288	3.682	4.02	3.651	4.02	4.02
SPBC2D10.11c	nap2	condition-dependent	V	0.0	0.348	0.347	0.588	0.371	0.722	0.525
SPBC2D10.12	rhp23	viable	V	0.0	0.26	-0.151	0.394	0.17	0.062	0.276
SPBC2D10.13	est1	viable	V	0.0	0.748	1.325	1.523	1.418	1.41	1.204
SPBC2D10.14c	myo51	viable	V	0.0	0.192	0.482	0.446	0.615	0.548	0.51
SPBC2D10.15c	pth1	viable	V	0.0	-0.059	0.084	0.029	-0.106	-0.332	-0.067
SPBC2D10.16	mhf1	viable	V	0.0	0.275	0.489	1.587	2.62	3.543	5.391
SPBC2D10.17	clr1	viable	V	0.0	-0.096	0.011	-0.074	0.11	0.688	0.976
SPBC2D10.18	coq8	condition-dependent	V	0.0	0.11	0.249	0.755	1.506	1.546	2.121
SPBC2D10.19c	alb1	viable	V	0.0	0.297	0.059	0.772	-0.519	-0.784	0.04
SPBC2D10.20	ubc1	viable	V	0.0	0.017	0.394	0.482	0.596	0.358	0.477
SPBC2F12.02c	mrpl7	inviable	E	0.0	-0.041	1.079	3.577	3.402	3.887	3.631
SPBC2F12.03c	esl1	viable	V	0.0	0.117	0.31	0.313	0.418	0.581	0.872
SPBC2F12.04	rpl1701	viable	V	0.0	1.438	2.577	2.345	3.337	2.306	3.656
SPBC2F12.05c	osh2	viable	V	0.0	0.079	0.353	0.37	0.36	0.288	0.622
SPBC2F12.08c	ceg1	inviable	E	0.0	0.698	2.175	4.022	4.208	4.102	4.707
SPBC2F12.09c	atf21	viable	V	0.0	0.819	1.568	0.951	2.002	1.8	0.954
SPBC2F12.10	mrpl35	inviable	E	0.0	0.278	1.088	3.934	5.235	5.888	6.629
SPBC2F12.11c	rep2	viable	V	0.0	0.271	0.94	0.065	1.878	2.026	2.355
SPBC2F12.12c	cay1	viable	V	0.0	0.138	0.813	1.733	2.375	3.342	4.088
SPBC2F12.13	klp5	viable	V	0.0	0.037	-0.021	0.222	0.248	0.508	0.483
SPBC2F12.14c	gua1	inviable	E	0.0	2.689	4.22	4.55	4.604	4.515	4.473
SPBC2F12.15c	pfa3	viable	V	0.0	0.293	-0.383	-0.22	-0.586	-0.532	-0.271
SPBC2F12.17	cox7	unknown	Not_determined	0.0	0.215	0.658	0.5	0.212	0.238	0.341
SPBC2G2.01c	liz1	viable	V	0.0	0.163	0.648	1.863	2.162	2.59	2.967
SPBC2G2.02	syj1	viable	V	0.0	0.514	0.075	0.569	0.476	1.048	0.746
SPBC2G2.03c	sbh1	viable	V	0.0	0.237	0.054	-0.036	0.338	0.651	0.884
SPBC2G2.04c	mmf1	inviable	E	0.0	0.378	0.391	0.98	3.786	4.503	4.872
SPBC2G2.05	rpl1603	viable	V	0.0	0.375	-0.279	0.064	1.002	0.193	0.728
SPBC2G2.06c	apl1	viable	V	0.0	0.029	-0.136	0.318	0.566	0.61	0.252
SPBC2G2.07c	mug178	viable	V	0.0	0.545	0.175	0.546	0.597	0.901	1.099
SPBC2G2.08	ade9	viable	V	0.0	-0.044	0.147	-0.254	0.076	0.308	0.532
SPBC2G2.09c	crs1	viable	V	0.0	0.224	0.355	0.314	0.174	0.21	0.159
SPBC2G2.10c	mug110	viable	V	0.0	0.172	0.438	1.299	2.203	0.732	-0.437
SPBC2G2.11	myr1	inviable	E	0.0	1.688	3.318	3.496	3.227	3.51	3.558
SPBC2G2.12	hrs1	inviable	E	0.0	1.952	3.588	4.316	4.318	4.006	4.247
SPBC2G2.13c	dcd1	viable	V	0.0	0.118	0.31	0.897	1.311	1.928	1.922
SPBC2G2.14	csi1	viable	V	0.0	0.021	0.311	0.503	0.697	0.767	1.365
SPBC2G2.15c	mrm2	viable	V	0.0	0.115	0.323	0.293	0.322	0.354	0.718
SPBC2G2.16	mpi1	inviable	E	0.0	1.544	3.912	3.98	4.043	4.213	4.031
SPBC2G2.17c	psu2	viable	V	0.0	0.422	0.711	0.514	0.794	0.701	0.544
SPBC2G5.01	SPBC2G5.01	viable	V	0.0	-0.109	-0.54	-0.614	-0.392	-0.681	-0.241
SPBC2G5.02c	ckb2	viable	V	0.0	0.455	0.378	0.514	0.61	0.811	0.754
SPBC2G5.03	ctu1	viable	V	0.0	0.489	0.789	1.066	2.008	2.422	2.763
SPBC2G5.04c	erv41	viable	V	0.0	0.372	-0.18	-0.026	-0.137	-0.023	-0.197
SPBC2G5.05	tkt1	inviable	E	0.0	1.129	2.666	3.097	2.869	3.783	3.783
SPBC2G5.06c	hmt2	condition-dependent	V	0.0	0.069	0.377	0.573	0.791	1.024	1.373
SPBC2G5.07c	rpc25	inviable	E	0.0	0.536	2.663	2.663	2.663	2.663	2.663
SPBC30B4.01c	wsc1	viable	V	0.0	-0.103	-0.057	-0.466	0.242	0.354	0.219
SPBC30B4.02c	sqs1	viable	V	0.0	0.523	1.823	1.778	1.286	0.997	1.813
SPBC30B4.03c	ldb1	viable	V	0.0	0.391	0.353	0.747	1.632	1.376	1.298
SPBC30B4.04c	sol1	viable	V	0.0	0.387	0.859	1.278	1.524	1.982	2.519
SPBC30B4.05	kap109	inviable	E	0.0	1.869	3.815	4.065	4.038	4.13	4.08
SPBC30B4.06c	ips1	viable	V	0.0	0.065	-0.038	0.282	0.221	0.296	0.466
SPBC30B4.07c	tfb4	inviable	E	0.0	0.585	2.098	3.243	3.473	3.643	3.967
SPBC30B4.08	eri1	viable	V	0.0	0.772	1.016	0.812	1.185	1.291	0.861
SPBC30B4.09	SPBC30B4.09	viable	Not_determined	0.0	-0.441	-0.156	-0.084	-0.174	-0.231	-0.218
SPBC30D10.02	ncb2	inviable	E	0.0	0.937	2.177	3.424	3.399	3.806	3.806
SPBC30D10.03c	isn1	viable	V	0.0	0.525	0.86	1.069	0.766	1.001	0.512
SPBC30D10.04	swi3	viable	V	0.0	0.189	0.35	0.762	0.933	1.38	1.438
SPBC30D10.05c	nre1	viable	V	0.0	0.154	0.369	0.459	0.281	-0.02	0.331
SPBC30D10.06	lsm4	inviable	E	0.0	0.0	1.818	1.818	1.818	1.818	1.818
SPBC30D10.07c	bpl1	inviable	E	0.0	0.162	0.529	2.206	4.013	4.397	4.749
SPBC30D10.08	mgm101	inviable	E	0.0	-0.17	0.084	0.294	1.822	3.904	5.091
SPBC30D10.09c	hva22	viable	V	0.0	-0.358	0.164	-0.186	-0.111	-0.388	-0.043
SPBC30D10.10c	tor1	viable	V	0.0	0.23	0.603	1.139	1.633	2.15	2.667
SPBC30D10.11	gpi1	inviable	E	0.0	1.861	3.889	3.873	4.107	3.919	3.741
SPBC30D10.12c	rsm27	inviable	E	0.0	0.099	0.56	1.61	2.405	2.407	2.607
SPBC30D10.13c	pdb1	viable	V	0.0	0.48	0.915	2.422	2.974	3.68	3.554
SPBC30D10.14	SPBC30D10.14	viable	V	0.0	-0.632	0.341	1.359	0.366	1.331	-0.027
SPBC30D10.15	naf1	inviable	E	0.0	1.23	2.718	3.474	3.303	3.796	3.663
SPBC30D10.16	pha2	viable	V	0.0	0.191	0.141	0.582	0.489	0.487	0.44
SPBC30D10.17c	smi1	inviable	E	0.0	1.541	3.359	3.359	3.359	3.359	3.359
SPBC30D10.18c	rpl102	viable	V	0.0	0.259	0.334	0.554	0.74	0.539	0.741
SPBC30D10.21	mzm1	unknown	Not_determined	0.0	0.755	0.311	0.649	0.685	0.388	0.936
SPBC317.01	mbx2	viable	V	0.0	0.615	0.449	0.502	0.522	1.127	0.924
SPBC31A8.01c	rtn1	viable	V	0.0	0.077	-0.25	0.648	-0.332	0.539	0.88
SPBC31E1.01c	atg2	viable	V	0.0	-0.111	-0.127	-0.176	-0.434	-0.074	-0.092
SPBC31E1.02c	pmr1	viable	V	0.0	0.224	0.254	0.783	0.329	0.681	1.263
SPBC31E1.03	hub1	inviable	E	0.0	1.643	4.242	5.254	5.127	4.798	5.348
SPBC31E1.04	pep12	condition-dependent	E	0.0	1.595	2.631	2.896	2.955	3.188	3.009
SPBC31E1.05	gle1	inviable	E	0.0	1.378	3.015	3.733	4.208	4.349	4.088
SPBC31E1.06	bms1	inviable	E	0.0	2.001	3.549	4.096	4.044	4.103	4.173
SPBC31F10.03	ggg1	viable	V	0.0	0.61	0.446	0.321	0.48	0.162	0.962
SPBC31F10.04c	srb4	inviable	E	0.0	0.211	1.081	1.947	2.712	3.04	3.388
SPBC31F10.05	mug37	viable	V	0.0	-0.319	-0.146	-0.317	-0.27	-0.433	-0.276
SPBC31F10.06c	sar1	inviable	E	0.0	1.514	4.111	3.174	3.111	4.111	4.111
SPBC31F10.07	lsb5	viable	V	0.0	0.052	-0.326	-0.207	-0.159	0.015	-0.687
SPBC31F10.08	mde2	viable	V	0.0	0.225	0.455	0.652	0.179	-0.636	1.373
SPBC31F10.09c	med10	viable	V	0.0	0.585	0.839	1.187	1.564	1.992	1.98
SPBC31F10.10c	mub1	viable	V	0.0	0.836	1.19	2.007	2.139	2.436	2.973
SPBC31F10.11c	cwf4	inviable	E	0.0	1.461	2.444	3.133	3.552	3.451	3.29
SPBC31F10.12	tma20	viable	V	0.0	0.519	0.669	1.088	1.398	2.024	2.351
SPBC31F10.13c	hip1	condition-dependent	V	0.0	0.106	0.515	0.875	1.472	2.019	2.827
SPBC31F10.14c	hip3	condition-dependent	V	0.0	0.187	0.622	1.183	1.823	2.157	2.702
SPBC31F10.16	bch1	viable	V	0.0	0.03	0.516	0.388	0.611	0.682	0.534
SPBC32C12.02	ste11	condition-dependent	E	0.0	-0.084	0.255	0.18	0.397	0.507	0.284
SPBC32C12.03c	ppk25	viable	V	0.0	0.928	0.518	0.226	0.271	0.061	1.775
SPBC32F12.01c	css1	condition-dependent	V	0.0	2.062	3.524	3.747	3.976	3.852	4.057
SPBC32F12.03c	gpx1	viable	V	0.0	0.84	-0.006	0.025	-0.14	0.756	0.062
SPBC32F12.04	gtb1	inviable	E	0.0	1.184	3.36	3.652	4.235	4.166	3.759
SPBC32F12.05c	cwf12	viable	V	0.0	0.487	0.596	0.623	0.823	1.253	1.832
SPBC32F12.06	pch1	inviable	E	0.0	-0.052	0.761	1.822	2.32	2.853	2.975
SPBC32F12.07c	SPBC32F12.07c	viable	V	0.0	0.358	0.003	-0.333	0.208	0.085	0.067
SPBC32F12.08c	duo1	viable	V	0.0	-0.109	0.238	0.599	1.02	1.132	1.461
SPBC32F12.09	rum1	viable	V	0.0	-0.916	1.07	0.476	1.369	1.05	-0.248
SPBC32F12.10	pgm1	inviable	E	0.0	1.442	3.055	4.882	4.837	5.332	5.332
SPBC32F12.11	tdh1	viable	V	0.0	1.895	1.445	3.319	3.319	3.319	1.528
SPBC32F12.12c	SPBC32F12.12c	viable	V	0.0	1.107	1.781	1.758	1.998	1.897	2.115
SPBC32F12.16	gem7	unknown	Not_determined	0.0	0.625	1.67	4.256	5.169	6.116	5.986
SPBC32H8.01c	SPBC32H8.01c	viable	V	0.0	-0.208	-0.312	-0.214	-0.336	-0.247	-0.295
SPBC32H8.02c	nep2	viable	V	0.0	1.119	2.026	1.684	1.318	1.207	1.803
SPBC32H8.03	bem46	viable	V	0.0	0.825	-0.068	-0.254	-0.37	0.474	0.853
SPBC32H8.04c	utp24	inviable	E	0.0	1.941	3.772	5.354	5.34	5.801	5.972
SPBC32H8.05	llp1	viable	V	0.0	-0.131	-0.344	-0.162	-0.435	-0.112	-0.423
SPBC32H8.06	mug93	viable	V	0.0	-0.153	-0.485	-0.261	-0.05	-0.546	-0.575
SPBC32H8.07	git5	viable	V	0.0	0.128	0.407	0.809	1.265	2.007	2.151
SPBC32H8.08c	omh5	viable	V	0.0	0.385	0.368	0.298	0.414	0.501	0.661
SPBC32H8.09	wdr8	viable	V	0.0	0.064	0.128	0.16	0.182	0.442	0.411
SPBC32H8.10	cdk9	inviable	E	0.0	0.673	1.594	2.944	3.119	3.271	3.443
SPBC32H8.11	mei4	viable	V	0.0	0.202	0.525	0.869	0.544	0.512	0.509
SPBC32H8.12c	act1	inviable	E	0.0	2.013	3.065	4.139	4.78	4.78	4.308
SPBC32H8.13c	mok12	viable	V	0.0	0.107	-0.067	0.5	0.415	0.539	0.794
SPBC336.01	fbh1	viable	V	0.0	0.388	2.131	3.4	3.491	3.614	3.57
SPBC336.02	cdh1	inviable	E	0.0	2.585	4.085	5.105	4.663	4.993	4.867
SPBC336.03	efc25	viable	V	0.0	0.203	-0.096	0.076	0.298	0.284	0.554
SPBC336.04	cdc6	inviable	E	0.0	1.693	3.475	3.747	3.992	3.938	3.836
SPBC336.05c	hen1	viable	V	0.0	0.278	0.371	0.621	0.442	0.699	0.433
SPBC336.06c	rnh1	viable	V	0.0	-0.235	-0.342	-0.071	-0.075	-0.285	0.179
SPBC336.07	sfc3	inviable	E	0.0	1.69	3.287	4.187	4.427	4.639	4.656
SPBC336.08	spc24	inviable	E	0.0	1.072	2.757	4.297	3.686	4.252	4.455
SPBC336.09c	rrn7	inviable	E	0.0	1.167	2.616	3.755	3.957	3.726	3.581
SPBC336.10c	tif512	viable	V	0.0	1.246	1.21	-0.76	1.127	-0.092	0.336
SPBC336.11	vps52	inviable	E	0.0	0.231	1.883	3.144	2.989	3.194	3.496
SPBC336.12c	cdc10	inviable	E	0.0	0.988	1.936	2.144	2.296	2.459	2.39
SPBC336.13c	mmp2	viable	V	0.0	-0.035	0.644	0.409	0.371	0.792	0.918
SPBC336.14c	ppk26	viable	V	0.0	0.269	0.433	0.811	1.013	1.269	1.323
SPBC336.15	pic1	inviable	E	0.0	1.142	2.515	3.967	3.683	3.684	3.868
SPBC336.16	SPBC336.16	viable	Not_determined	0.0	-0.088	0.264	-0.112	0.256	0.258	0.078
SPBC337.02c	SPBC337.02c	viable	Not_determined	0.0	0.265	0.209	0.501	1.075	-0.124	-0.107
SPBC337.03	rhn1	viable	V	0.0	-0.332	0.057	0.35	0.351	0.482	0.924
SPBC337.04	ppk27	viable	V	0.0	0.374	-0.057	-0.003	0.159	0.02	0.366
SPBC337.05c	cct8	inviable	E	0.0	1.939	3.534	3.893	4.049	4.191	4.399
SPBC337.06c	cwf15	inviable	E	0.0	0.347	0.862	1.223	1.752	2.389	2.932
SPBC337.07c	ecm14	viable	V	0.0	0.901	0.829	1.433	1.102	0.941	0.718
SPBC337.08c	ubi4	viable	V	0.0	-0.14	-0.395	0.553	0.872	0.553	1.056
SPBC337.09	erg28	viable	V	0.0	-0.134	-0.304	0.425	0.814	0.994	1.37
SPBC337.10c	dre2	viable	V	0.0	2.512	3.817	3.631	3.593	3.914	4.159
SPBC337.11	SPBC337.11	viable	V	0.0	-0.016	-0.192	-0.039	-0.271	-0.047	-0.068
SPBC337.12	red5	inviable	E	0.0	2.032	2.982	3.442	3.562	4.032	3.507
SPBC337.13c	gtr1	condition-dependent	E	0.0	1.719	3.095	4.112	4.4	4.698	4.39
SPBC337.14	rpb4	inviable	E	0.0	1.627	3.624	4.566	4.51	4.462	4.63
SPBC337.15c	coq7	condition-dependent	V	0.0	-0.043	0.157	0.462	0.894	1.582	2.357
SPBC337.16	cho1	viable	V	0.0	0.312	0.711	0.807	0.787	0.94	0.556
SPBC342.01c	alg6	viable	V	0.0	-0.146	-0.172	0.236	0.943	1.371	2.154
SPBC342.02	qrs1	inviable	E	0.0	2.026	3.442	4.027	3.817	4.271	4.265
SPBC342.03	gas4	viable	V	0.0	0.167	0.271	0.597	0.07	0.149	-0.114
SPBC342.04	rpn1301	viable	V	0.0	0.859	0.982	0.757	0.645	2.708	0.891
SPBC342.05	crb2	viable	V	0.0	0.012	-0.029	-0.109	0.376	-0.021	0.033
SPBC342.06c	rtt109	viable	V	0.0	-0.065	0.199	0.69	0.569	0.777	1.263
SPBC354.01	gtp1	viable	V	0.0	-0.229	0.075	-0.305	0.237	0.528	0.424
SPBC354.02c	sec61	inviable	E	0.0	2.252	3.527	4.783	4.506	4.645	4.236
SPBC354.03	swd3	viable	V	0.0	0.322	0.482	0.455	1.443	1.594	2.149
SPBC354.05c	sre2	viable	V	0.0	-0.158	-0.109	-0.111	-0.435	-0.453	0.366
SPBC354.06	mrps16	inviable	E	0.0	0.096	1.056	2.616	3.336	3.771	4.253
SPBC354.07c	osh42	viable	V	0.0	0.153	0.191	0.085	0.784	0.361	0.411
SPBC354.08c	rsn1	viable	V	0.0	0.315	0.514	0.535	0.568	0.461	1.124
SPBC354.09c	tre1	viable	V	0.0	0.082	-0.503	-0.235	-0.007	-0.103	0.428
SPBC354.10	def1	viable	V	0.0	0.248	0.545	1.014	1.427	1.274	1.342
SPBC354.13	rga6	viable	V	0.0	0.413	0.027	-0.09	0.631	0.483	0.95
SPBC354.14c	vac8	viable	V	0.0	0.16	0.222	0.338	0.207	0.311	0.317
SPBC354.15	fap1	viable	V	0.0	-0.133	-0.168	-0.032	-0.382	-0.393	0.046
SPBC359.01	SPBC359.01	viable	V	0.0	0.276	0.195	0.53	0.362	0.45	0.196
SPBC359.02	alr2	inviable	E	0.0	0.011	0.335	0.359	0.376	0.353	0.592
SPBC359.03c	aat1	viable	V	0.0	0.11	-0.138	0.502	0.153	0.68	0.8
SPBC359.04c	pfl7	viable	V	0.0	0.332	0.467	0.764	1.172	0.549	0.612
SPBC359.05	abc3	viable	V	0.0	0.114	0.185	0.329	0.397	0.482	0.598
SPBC359.06	mug14	viable	V	0.0	0.085	-0.254	0.36	0.074	0.632	0.022
SPBC36.01c	SPBC36.01c	viable	V	0.0	0.02	-0.013	0.098	0.242	0.684	0.957
SPBC36.02c	SPBC36.02c	viable	V	0.0	0.255	0.712	0.605	0.653	0.627	0.801
SPBC36.03c	mfs3	viable	V	0.0	0.218	0.246	0.429	0.483	0.54	0.929
SPBC36.04	cys11	condition-dependent	V	0.0	0.069	0.339	0.613	0.644	0.981	1.447
SPBC36.05c	clr6	inviable	E	0.0	0.462	1.357	2.539	3.456	3.942	3.581
SPBC36.06c	spo9	condition-dependent	V	0.0	0.175	0.362	0.788	0.812	0.872	0.841
SPBC36.07	elp1	viable	V	0.0	1.01	2.028	2.754	3.486	3.644	3.839
SPBC36.08c	cog2	inviable	E	0.0	1.466	3.863	3.487	3.866	3.732	3.656
SPBC36.09	sap61	inviable	E	0.0	1.323	2.765	3.684	4.203	4.397	4.403
SPBC36.10	ups2	viable	V	0.0	0.321	1.975	-0.063	0.77	1.625	0.617
SPBC36.11	SPBC36.11	viable	V	0.0	0.287	-0.378	0.026	-0.251	-0.399	0.122
SPBC36.12c	git7	inviable	E	0.0	0.482	1.7	3.111	3.612	3.844	3.905
SPBC365.01	csr103	viable	V	0.0	1.249	1.245	1.664	1.727	1.612	2.372
SPBC365.02c	cox10	viable	V	0.0	0.227	0.352	0.679	0.663	1.118	1.244
SPBC365.03c	rpl2101	viable	V	0.0	1.467	3.358	4.638	4.941	4.569	4.489
SPBC365.04c	nop6	viable	V	0.0	0.188	0.437	0.626	0.747	0.666	1.232
SPBC365.07c	tmf1	viable	V	0.0	-0.438	-0.189	-0.679	-0.337	-0.804	-0.663
SPBC365.08c	der1	viable	V	0.0	-0.013	0.356	0.278	-0.008	-0.312	0.045
SPBC365.10	arp5	viable	V	0.0	-0.095	0.537	1.721	2.757	4.237	4.687
SPBC365.11	grp2	viable	V	0.0	0.766	-0.863	-0.732	-1.023	-0.195	-0.673
SPBC365.12c	ish1	viable	V	0.0	-0.54	2.23	0.883	2.116	2.166	2.181
SPBC365.13c	hba1	viable	V	0.0	0.822	2.37	3.885	4.355	4.425	4.844
SPBC365.14c	uge1	viable	V	0.0	0.151	0.783	2.974	2.658	3.547	4.013
SPBC365.15	alp4	inviable	E	0.0	0.809	2.66	3.687	3.934	4.153	4.249
SPBC365.16	SPBC365.16	viable	V	0.0	0.783	0.963	0.976	0.848	1.389	1.835
SPBC365.20c	pnc1	viable	V	0.0	-0.802	-0.294	-0.276	-0.284	-0.33	-0.376
SPBC36B7.02	svf2	viable	V	0.0	-0.124	-0.07	0.539	0.429	1.332	1.835
SPBC36B7.03	sec63	viable	V	0.0	2.005	4.44	5.157	5.684	5.248	4.863
SPBC36B7.04	dus1	viable	V	0.0	0.314	0.55	0.509	0.44	0.474	0.32
SPBC36B7.05c	pib1	viable	V	0.0	0.721	2.275	1.661	2.806	2.072	1.394
SPBC36B7.06c	mug20	viable	V	0.0	-0.668	-0.344	-0.513	0.173	-0.328	-0.027
SPBC36B7.07	tlg1	condition-dependent	E	0.0	1.582	2.935	3.775	3.324	3.715	3.926
SPBC36B7.08c	ccp1	viable	V	0.0	-0.106	0.72	0.205	0.216	0.622	0.506
SPBC36B7.09	gcn2	inviable	E	0.0	0.722	1.393	2.18	1.695	2.348	2.473
SPBC3B8.01c	arh1	inviable	E	0.0	0.603	3.038	4.049	4.434	4.255	4.246
SPBC3B8.02	php5	viable	V	0.0	0.568	0.982	1.507	1.287	2.101	1.818
SPBC3B8.03	lys9	viable	V	0.0	0.187	0.605	0.418	0.618	0.983	1.055
SPBC3B8.04c	plt1	viable	V	0.0	0.37	0.698	0.788	0.738	0.947	0.913
SPBC3B8.05	dph1	viable	V	0.0	0.337	0.786	1.202	1.178	1.694	1.696
SPBC3B8.06	SPBC3B8.06	viable	V	0.0	-0.37	-0.593	0.453	-0.004	0.475	0.674
SPBC3B8.07c	dsd1	viable	V	0.0	-0.346	-0.698	-0.387	-0.235	-0.61	-0.228
SPBC3B8.08	SPBC3B8.08	viable	V	0.0	-0.465	-0.608	-0.212	1.203	0.895	1.986
SPBC3B8.09	utp3	inviable	E	0.0	1.868	2.856	3.433	3.516	3.488	3.645
SPBC3B8.10	ina17	unknown	Not_determined	0.0	0.429	0.588	1.072	0.645	0.402	0.646
SPBC3B8.10c	nem1	viable	V	0.0	0.284	0.96	1.102	1.317	1.934	2.522
SPBC3B8.11	rrn6	inviable	E	0.0	0.82	2.255	4.252	4.353	4.26	3.896
SPBC3B9.01	fes1	inviable	E	0.0	2.299	3.356	4.332	3.934	4.453	4.268
SPBC3B9.02c	cwf28	inviable	E	0.0	2.442	3.849	4.145	3.835	4.077	3.785
SPBC3B9.03	srp101	inviable	E	0.0	1.872	3.414	4.013	3.936	4.298	4.222
SPBC3B9.04	oms1	viable	V	0.0	0.228	0.175	-0.114	0.656	0.76	0.606
SPBC3B9.05	hot15	viable	V	0.0	0.584	0.738	1.159	1.184	1.253	1.74
SPBC3B9.06c	atg3	viable	V	0.0	-0.201	1.011	0.177	1.039	0.352	0.735
SPBC3B9.07c	rpa43	inviable	E	0.0	1.395	2.546	2.917	3.148	3.13	3.231
SPBC3B9.08c	mnh1	viable	V	0.0	-0.137	0.129	0.206	0.234	0.406	0.606
SPBC3B9.09	vps36	viable	V	0.0	-0.055	0.125	0.673	0.453	0.61	0.54
SPBC3B9.10	vti1	inviable	E	0.0	2.044	2.787	3.29	3.391	3.687	3.514
SPBC3B9.11c	ctf1	viable	V	0.0	-0.117	0.088	-0.159	0.164	-0.206	-0.052
SPBC3B9.12	trs23	inviable	E	0.0	0.98	3.335	4.794	4.702	4.179	4.654
SPBC3B9.13c	rpp102	viable	V	0.0	0.983	2.157	2.765	3.9	4.174	4.081
SPBC3B9.14c	mrpl3	inviable	E	0.0	0.601	1.642	3.431	4.149	3.911	3.84
SPBC3B9.15c	scp1	viable	V	0.0	-0.189	0.148	0.072	-0.191	-0.393	0.015
SPBC3B9.16c	nup120	condition-dependent	E	0.0	0.229	1.214	2.217	3.256	3.49	4.045
SPBC3B9.17	isa2	inviable	E	0.0	0.399	1.007	2.113	3.229	3.734	3.896
SPBC3B9.19	mge1	inviable	E	0.0	1.51	3.098	3.77	4.262	4.276	4.403
SPBC3B9.21	dcp1	inviable	E	0.0	0.379	1.762	3.01	3.217	3.837	3.814
SPBC3B9.22c	dad4	unknown	Not_determined	0.0	0.059	0.332	0.784	0.839	1.021	1.344
SPBC3D6.02	but2	viable	V	0.0	-0.254	-0.536	0.627	2.127	-0.351	-0.439
SPBC3D6.03c	trz2	inviable	E	0.0	0.219	0.389	1.644	3.131	3.983	3.876
SPBC3D6.04c	mad1	viable	V	0.0	-0.007	0.032	0.548	0.623	0.644	0.869
SPBC3D6.05	ptp4	viable	V	0.0	0.339	0.696	0.876	0.653	1.013	0.983
SPBC3D6.06c	prs5	viable	V	0.0	1.105	1.612	0.051	0.944	1.592	0.738
SPBC3D6.07	gpi3	inviable	E	0.0	1.449	3.412	4.42	4.419	4.33	4.567
SPBC3D6.08c	lsm1	viable	V	0.0	1.009	1.568	2.598	3.941	3.915	3.894
SPBC3D6.09	dpb4	viable	V	0.0	0.614	0.438	-0.246	0.278	0.199	0.183
SPBC3D6.10	apn2	viable	V	0.0	0.238	0.355	0.898	1.001	0.46	1.26
SPBC3D6.11c	slx8	inviable	E	0.0	-0.324	0.122	0.335	1.098	1.474	1.845
SPBC3D6.12	dip2	inviable	E	0.0	2.08	3.643	4.1	4.29	4.422	4.599
SPBC3D6.13c	pdi3	viable	V	0.0	-0.081	0.214	1.155	0.963	0.967	1.034
SPBC3D6.15	rps2501	viable	V	0.0	0.703	0.253	-0.76	-0.195	0.223	0.726
SPBC3D6.16	SPBC3D6.16	unknown	Not_determined	0.0	0.944	1.374	1.727	2.344	2.344	1.776
SPBC3E7.01	fab1	viable	V	0.0	0.555	0.74	1.075	1.267	1.467	1.581
SPBC3E7.02c	hsp16	viable	V	0.0	0.252	0.068	0.556	0.153	1.706	1.261
SPBC3E7.04c	ric8	unknown	Not_determined	0.0	0.137	0.534	0.364	0.567	0.488	0.441
SPBC3E7.05c	mic60	viable	V	0.0	0.371	0.209	0.426	0.56	0.424	0.452
SPBC3E7.06c	fnx2	viable	V	0.0	0.081	0.751	0.286	0.471	-0.144	0.437
SPBC3E7.07c	SPBC3E7.07c	viable	V	0.0	0.078	0.29	0.191	0.235	0.284	0.263
SPBC3E7.08c	rad13	viable	V	0.0	0.385	0.664	0.77	0.868	0.834	1.03
SPBC3E7.09	SPBC3E7.09	viable	V	0.0	0.023	0.163	0.432	1.064	1.115	0.851
SPBC3E7.10	fma1	viable	V	0.0	0.11	0.319	0.741	0.73	1.213	1.216
SPBC3E7.11c	SPBC3E7.11c	viable	V	0.0	0.083	1.137	0.75	0.755	0.724	1.231
SPBC3E7.12c	cfh4	viable	V	0.0	-0.12	0.235	-0.067	-0.515	0.092	-0.084
SPBC3E7.13c	syf2	inviable	E	0.0	1.035	1.9	2.677	2.585	3.409	3.309
SPBC3E7.14	smf1	inviable	E	0.0	1.995	3.84	5.241	5.312	4.761	4.532
SPBC3E7.15c	lac1	viable	V	0.0	0.35	1.039	2.303	3.229	3.414	3.797
SPBC3E7.16c	leu3	viable	V	0.0	-0.008	-0.17	-0.116	-0.243	-0.43	-0.21
SPBC3E7.17	SPBC3E7.17	unknown	Not_determined	0.0	-0.676	-0.498	-0.537	-0.819	0.457	-0.274
SPBC3F6.01c	hpp5	viable	V	0.0	-0.302	-0.245	-0.024	-0.284	-0.435	-0.365
SPBC3F6.02c	erg26	inviable	E	0.0	1.201	3.689	3.993	4.996	4.186	5.663
SPBC3F6.03	trr1	viable	V	0.0	0.607	1.643	2.692	2.457	2.339	2.692
SPBC3F6.04c	nop14	inviable	E	0.0	2.348	3.993	4.396	4.406	4.494	4.713
SPBC3F6.05	rga1	viable	V	0.0	0.181	1.229	2.743	3.863	4.072	5.116
SPBC3H7.01	spo14	inviable	E	0.0	1.81	3.41	3.896	3.763	3.807	3.852
SPBC3H7.02	sul1	viable	V	0.0	-0.013	0.106	0.015	0.11	0.327	0.243
SPBC3H7.03c	kgd1	condition-dependent	V	0.0	0.04	0.189	0.882	0.593	2.107	1.834
SPBC3H7.04	SPBC3H7.04	inviable	E	0.0	0.77	1.159	2.966	4.276	4.424	4.876
SPBC3H7.05c	acn1	viable	V	0.0	-0.391	-0.552	-0.6	-0.566	-0.445	-0.606
SPBC3H7.06c	pof9	viable	V	0.0	-0.04	0.255	0.241	0.647	0.163	0.15
SPBC3H7.07c	ser2	viable	V	0.0	0.986	2.538	3.424	3.828	3.903	4.109
SPBC3H7.08c	mra2	viable	V	0.0	0.417	0.484	0.86	0.367	0.539	0.587
SPBC3H7.09	erf2	viable	V	0.0	-0.033	0.723	0.661	0.893	0.715	0.889
SPBC3H7.10	elp6	viable	V	0.0	1.019	1.726	2.538	3.414	3.647	4.361
SPBC3H7.11	trm141	viable	V	0.0	0.624	1.209	1.417	0.871	1.1	1.017
SPBC3H7.12	rav2	viable	V	0.0	0.054	0.314	0.198	-0.037	0.051	0.2
SPBC3H7.13	csc1	viable	V	0.0	0.281	0.135	0.279	0.423	0.867	0.574
SPBC3H7.14	mug176	viable	V	0.0	-0.357	0.08	-0.444	-0.085	0.311	0.412
SPBC4.01	dni2	viable	V	0.0	-0.143	-0.143	-0.084	-0.376	0.583	0.647
SPBC4.02c	SPBC4.02c	viable	V	0.0	0.48	0.714	0.915	0.957	0.818	0.915
SPBC4.03c	sfb3	inviable	E	0.0	0.856	2.724	3.721	3.963	4.234	4.263
SPBC4.04c	mcm2	inviable	E	0.0	1.768	3.563	4.571	4.632	4.723	4.649
SPBC4.05	mlo2	viable	V	0.0	0.219	0.083	0.444	0.481	0.636	0.731
SPBC4.06	SPBC4.06	viable	V	0.0	-0.274	-0.339	-0.33	-0.351	-0.05	-0.331
SPBC4.07c	rpt2	inviable	E	0.0	1.683	2.902	3.75	3.976	4.729	4.552
SPBC405.01	ade1	viable	V	0.0	0.444	0.602	0.415	0.424	0.576	0.715
SPBC405.02c	SPBC405.02c	viable	V	0.0	0.949	1.455	0.841	0.986	0.62	0.764
SPBC405.03c	SPBC405.03c	viable	V	0.0	0.937	0.344	-1.237	-0.504	-0.401	0.027
SPBC405.04c	ypt7	viable	V	0.0	2.764	2.171	2.145	3.645	2.145	3.645
SPBC405.05	atg16	viable	V	0.0	0.029	0.245	0.748	0.843	0.08	1.531
SPBC405.06	xdj1	viable	V	0.0	-0.402	-0.509	1.096	0.164	0.957	-0.043
SPBC405.07	rpl3602	viable	V	0.0	1.176	3.488	2.884	3.133	2.884	3.488
SPBC409.03	swi5	viable	Not_determined	0.0	0.521	-0.614	-0.215	0.014	-0.406	-0.071
SPBC409.04c	mis12	inviable	E	0.0	0.815	2.487	3.281	3.896	4.202	4.644
SPBC409.05	skp1	inviable	E	0.0	2.219	3.945	4.314	4.012	4.754	4.766
SPBC409.06	uch2	viable	V	0.0	0.935	0.683	1.659	0.702	0.471	0.284
SPBC409.07c	wis1	viable	V	0.0	0.03	0.473	0.49	0.935	1.414	1.281
SPBC409.08	SPBC409.08	viable	V	0.0	0.065	0.569	-0.066	0.12	0.169	0.294
SPBC409.09c	mis13	inviable	E	0.0	0.858	3.448	4.288	4.253	4.377	4.555
SPBC409.10	ade7	viable	V	0.0	0.267	0.105	0.435	0.187	0.512	0.302
SPBC409.11	meu18	viable	V	0.0	-0.262	-0.26	-0.469	-0.313	-0.522	-0.351
SPBC409.12c	stn1	inviable	E	0.0	0.09	0.636	2.812	3.999	4.657	4.72
SPBC409.13	rib4	inviable	E	0.0	2.03	3.955	4.413	4.657	4.71	4.805
SPBC409.14c	mrps17	inviable	E	0.0	-0.093	0.12	1.638	1.915	2.709	2.803
SPBC409.15	tsr2	inviable	E	0.0	1.873	3.018	3.907	4.541	4.16	4.125
SPBC409.16c	saw1	viable	V	0.0	-0.194	0.584	0.46	0.618	0.46	0.605
SPBC409.17c	duc2	viable	V	0.0	0.164	0.142	0.292	0.407	0.249	0.184
SPBC409.18	SPBC409.18	viable	V	0.0	0.426	0.847	0.221	0.795	1.153	1.147
SPBC409.19c	mtx1	viable	V	0.0	-0.087	-0.012	0.366	1.468	3.181	3.974
SPBC409.20c	shr3	viable	V	0.0	0.046	1.222	2.408	3.385	3.762	3.786
SPBC409.21	sec66	inviable	E	0.0	1.177	2.579	4.099	4.553	4.82	5.03
SPBC409.23	mim2	condition-dependent	Not_determined	0.0	0.168	1.036	2.817	3.673	4.108	4.274
SPBC418.01c	his4	viable	V	0.0	-0.155	0.068	-0.139	-0.291	-0.258	-0.143
SPBC418.02	nat1	viable	V	0.0	0.137	0.085	-0.129	-0.088	-0.12	-0.084
SPBC428.01c	nup107	inviable	E	0.0	0.48	1.47	2.717	4.216	4.168	4.021
SPBC428.02c	eca39	viable	V	0.0	0.85	2.383	3.416	3.867	4.167	4.049
SPBC428.03c	pho4	viable	V	0.0	0.289	0.563	0.748	0.74	1.369	0.937
SPBC428.04	apq12	viable	V	0.0	0.151	0.318	0.496	0.382	0.836	0.912
SPBC428.05c	arg12	viable	V	0.0	0.594	0.249	0.867	-0.069	0.471	0.73
SPBC428.06c	rxt2	viable	V	0.0	0.363	0.527	1.582	2.502	3.154	4.142
SPBC428.07	meu6	viable	V	0.0	-0.445	-0.707	-0.478	-0.422	-0.677	-0.746
SPBC428.08c	clr4	viable	V	0.0	0.006	0.177	0.67	1.137	1.708	2.542
SPBC428.10	SPBC428.10	viable	V	0.0	-0.202	0.399	0.814	0.48	0.491	1.168
SPBC428.11	met17	viable	V	0.0	0.09	-0.097	-0.154	0.344	0.609	0.415
SPBC428.12c	SPBC428.12c	viable	V	0.0	-0.019	-0.362	0.681	-0.46	0.436	0.301
SPBC428.13c	mob1	inviable	E	0.0	0.572	2.492	4.022	3.938	4.256	4.019
SPBC428.14	mlg1	viable	V	0.0	0.563	0.194	0.477	1.381	2.381	1.517
SPBC428.15	SPBC428.15	viable	V	0.0	0.425	-0.09	-0.338	-0.648	-0.409	-0.461
SPBC428.16c	rhb1	condition-dependent	E	0.0	2.398	4.056	4.546	4.546	4.301	4.546
SPBC428.17c	wpl1	viable	V	0.0	-0.002	0.079	-0.302	-0.084	-0.068	-0.162
SPBC428.18	cdt1	inviable	E	0.0	2.265	3.601	4.148	4.138	4.332	4.441
SPBC428.19c	utp15	condition-dependent	E	0.0	1.939	3.553	4.041	4.328	4.021	4.225
SPBC428.20c	alp6	inviable	E	0.0	0.99	2.686	3.518	3.61	3.586	3.741
SPBC460.01c	SPBC460.01c	unknown	Not_determined	0.0	0.084	0.354	0.41	0.236	0.457	0.235
SPBC460.02c	SPBC460.02c	unknown	Not_determined	0.0	0.449	0.652	0.917	0.31	0.522	0.321
SPBC460.03	vba2	unknown	Not_determined	0.0	-0.118	0.375	0.213	0.459	0.44	0.503
SPBC460.04c	SPBC460.04c	viable	Not_determined	0.0	0.126	0.203	0.303	0.424	0.396	0.355
SPBC460.05	SPBC460.05	unknown	Not_determined	0.0	0.302	0.187	0.466	0.385	0.58	0.8
SPBC4B4.01c	ptk1	inviable	E	0.0	1.664	3.815	3.978	3.748	3.564	3.549
SPBC4B4.02c	nca2	viable	V	0.0	0.005	0.533	0.485	1.622	0.318	0.537
SPBC4B4.03	rsc1	viable	V	0.0	0.314	0.289	0.904	1.227	1.166	1.384
SPBC4B4.04	eif21	viable	V	0.0	0.754	0.666	0.922	1.796	1.633	1.457
SPBC4B4.06	vps25	viable	V	0.0	0.632	1.159	2.016	1.043	1.088	1.172
SPBC4B4.07c	usp102	viable	V	0.0	-0.125	0.516	1.404	2.774	4.281	4.967
SPBC4B4.08	ght2	viable	V	0.0	0.804	0.075	1.066	1.032	0.461	0.528
SPBC4B4.09	prp39	inviable	E	0.0	1.196	2.512	3.234	3.574	3.669	3.683
SPBC4B4.10c	atg5	viable	V	0.0	-0.02	-0.063	-0.182	-0.314	-0.139	-0.039
SPBC4B4.11	fyv4	viable	V	0.0	0.723	1.831	1.847	1.81	1.833	1.834
SPBC4B4.12c	SPBC4B4.12c	viable	V	0.0	-1.039	-0.646	-0.157	-1.349	-0.444	-1.081
SPBC4C3.03	thr1	inviable	E	0.0	1.105	2.529	2.529	2.529	2.529	2.529
SPBC4C3.04c	dss4	viable	V	0.0	0.187	0.303	0.101	-0.055	-0.452	-0.319
SPBC4C3.05c	nuc1	inviable	E	0.0	2.078	3.462	4.344	4.426	4.487	4.665
SPBC4C3.06	syp1	viable	V	0.0	-0.124	-0.044	-0.216	0.071	-0.153	0.134
SPBC4C3.07	tif306	inviable	E	0.0	0.559	0.222	-0.232	0.127	0.326	-0.13
SPBC4C3.08	otg2	viable	V	0.0	0.21	-0.151	0.353	-0.569	0.139	0.697
SPBC4C3.09	otg3	viable	V	0.0	0.108	0.558	0.131	0.768	0.998	1.569
SPBC4C3.10c	pre3	inviable	E	0.0	1.982	3.947	4.28	4.477	4.694	4.551
SPBC4C3.12	sep1	viable	V	0.0	0.164	-0.057	0.26	1.06	1.184	2.072
SPBC4F6.04	rpl2502	viable	V	0.0	0.657	1.193	1.731	1.992	2.241	2.453
SPBC4F6.05c	emp46	viable	V	0.0	0.059	0.547	0.355	0.121	0.235	-0.312
SPBC4F6.06	kin1	viable	V	0.0	0.085	0.657	1.376	2.175	2.161	2.985
SPBC4F6.07c	mak5	inviable	E	0.0	1.049	2.609	3.447	4.031	4.179	4.227
SPBC4F6.08c	mrpl39	viable	V	0.0	0.797	1.487	2.002	1.342	2.201	1.904
SPBC4F6.09	str1	viable	V	0.0	-0.719	-0.028	0.068	1.268	0.399	0.808
SPBC4F6.10	vps901	viable	V	0.0	0.136	0.191	0.549	0.542	0.773	0.685
SPBC4F6.11c	asn2	viable	V	0.0	0.679	0.946	1.063	1.691	1.22	1.214
SPBC4F6.12	pxl1	viable	V	0.0	0.054	0.447	0.627	0.653	0.971	0.71
SPBC4F6.13c	erb1	inviable	E	0.0	1.721	3.395	4.361	4.387	4.338	4.253
SPBC4F6.14	nop4	inviable	E	0.0	1.784	3.056	3.991	4.025	4.025	4.115
SPBC4F6.15c	swi10	viable	V	0.0	0.094	0.378	0.664	1.005	1.242	1.399
SPBC4F6.16c	ero11	viable	V	0.0	-0.325	0.092	0.238	0.0	-0.253	0.966
SPBC4F6.17c	hsp78	inviable	E	0.0	0.228	0.639	2.338	2.752	3.613	4.054
SPBC4F6.18c	arf1	inviable	E	0.0	2.457	3.549	4.143	3.947	4.707	4.311
SPBC530.01	gyp1	viable	V	0.0	0.015	0.005	0.345	0.392	0.437	1.112
SPBC530.02	SPBC530.02	viable	V	0.0	0.106	0.338	0.307	0.238	-0.165	1.328
SPBC530.03c	bag102	viable	V	0.0	0.029	-0.211	0.046	0.462	0.343	0.055
SPBC530.04	mod5	viable	V	0.0	1.371	-0.344	2.243	2.227	1.333	1.395
SPBC530.05	prt1	viable	V	0.0	0.062	0.157	0.263	0.06	0.705	0.498
SPBC530.06c	clu1	viable	V	0.0	0.491	0.75	1.221	1.632	1.101	0.992
SPBC530.07c	SPBC530.07c	viable	V	0.0	-0.296	2.302	0.801	-0.506	1.365	-0.05
SPBC530.08	ntu2	viable	V	0.0	0.278	0.145	0.708	1.39	0.978	0.864
SPBC530.09c	mrl1	viable	V	0.0	0.257	0.147	-0.082	0.176	0.031	0.778
SPBC530.10c	anc1	viable	V	0.0	0.322	0.679	0.989	0.892	0.803	0.911
SPBC530.11c	SPBC530.11c	viable	V	0.0	0.232	0.474	0.541	0.756	0.656	0.854
SPBC530.12c	pdf1	inviable	E	0.0	2.677	4.385	4.835	4.751	5.763	5.244
SPBC530.13	lsc1	viable	V	0.0	0.068	-0.02	0.417	0.47	0.786	0.87
SPBC530.14c	dsk1	viable	V	0.0	-0.214	-0.119	0.309	0.681	0.828	1.605
SPBC530.15c	shp2	viable	V	0.0	0.205	0.579	-0.257	0.333	0.282	-0.025
SPBC530.16	ksh1	inviable	Not_determined	0.0	2.369	3.555	4.046	3.838	3.403	3.586
SPBC543.02c	SPBC543.02c	viable	V	0.0	0.878	1.007	0.672	0.914	1.165	0.826
SPBC543.03c	pku80	viable	V	0.0	0.117	0.337	0.491	0.426	0.46	0.593
SPBC543.04	npr3	condition-dependent	E	0.0	0.306	1.232	2.63	3.244	3.498	3.448
SPBC543.05c	bor1	viable	V	0.0	0.515	1.143	1.168	1.572	1.552	1.24
SPBC543.06c	dbp8	inviable	E	0.0	1.849	4.405	4.386	5.323	5.323	4.458
SPBC543.07	pek1	viable	V	0.0	0.108	0.193	0.464	0.623	0.894	0.522
SPBC543.08	fit1	viable	V	0.0	0.159	0.827	1.009	1.411	1.533	0.946
SPBC543.09	yta12	viable	V	0.0	0.474	0.62	1.16	0.945	1.837	2.247
SPBC543.10	get1	viable	V	0.0	-0.197	-0.037	-0.041	-0.389	-0.476	-0.281
SPBC557.02c	SPBC557.02c	viable	V	0.0	1.381	2.141	2.239	2.628	1.592	1.656
SPBC557.03c	pim1	inviable	E	0.0	1.396	3.119	3.631	3.613	3.942	3.326
SPBC557.04	ppk29	viable	V	0.0	-0.008	-0.152	0.275	-0.155	-0.003	-0.283
SPBC557.05	SPBC557.05	viable	V	0.0	0.322	1.618	0.912	0.316	0.342	1.368
SPBC56F2.01	pof12	viable	V	0.0	0.27	0.207	0.582	0.612	0.567	0.73
SPBC56F2.02	rpl1901	viable	V	0.0	1.195	3.176	3.584	4.769	4.059	4.253
SPBC56F2.03	arp10	viable	V	0.0	-0.074	0.208	0.358	0.713	0.26	0.096
SPBC56F2.04	utp20	viable	V	0.0	1.706	3.588	4.235	4.363	4.317	4.458
SPBC56F2.06	mug147	viable	V	0.0	0.735	0.346	-0.051	0.083	0.005	0.653
SPBC56F2.07c	SPBC56F2.07c	inviable	E	0.0	2.067	4.091	4.063	4.068	4.354	4.461
SPBC56F2.08c	puf1	viable	V	0.0	0.388	0.779	0.712	1.211	1.414	1.517
SPBC56F2.09c	arg5	viable	V	0.0	-0.115	-0.48	-0.757	-0.621	-1.17	0.297
SPBC56F2.10c	alg5	viable	V	0.0	-0.088	0.804	1.715	1.244	0.565	1.44
SPBC56F2.11	met6	viable	V	0.0	1.198	2.419	3.115	3.269	3.644	3.493
SPBC56F2.12	ilv5	viable	V	0.0	0.806	4.393	5.643	6.029	5.092	4.972
SPBC56F2.14	mrpl44	viable	V	0.0	0.232	0.162	0.89	0.386	0.343	0.298
SPBC577.02	rpl3801	viable	V	0.0	1.218	2.778	2.626	3.074	2.99	3.14
SPBC577.03c	SPBC577.03c	viable	V	0.0	0.374	0.298	0.111	0.133	0.339	0.618
SPBC577.04	tho5	viable	V	0.0	-0.122	0.986	1.726	2.36	3.026	3.099
SPBC577.05c	rec27	viable	V	0.0	-0.203	-0.063	-0.073	-0.105	-0.25	-0.213
SPBC577.06c	stt4	condition-dependent	V	0.0	1.728	3.328	4.037	4.065	4.089	4.092
SPBC577.07	ubp10	inviable	E	0.0	0.771	2.015	4.029	4.042	3.929	3.747
SPBC577.08c	txl1	viable	V	0.0	0.043	-0.447	-0.222	-0.306	-0.403	-0.245
SPBC577.09	ckn1	inviable	E	0.0	0.779	1.68	0.12	2.598	1.661	0.806
SPBC577.11	SPBC577.11	viable	V	0.0	-0.061	-1.07	0.321	-1.327	-0.909	-0.566
SPBC577.12	dph6	viable	V	0.0	-0.171	0.007	0.531	0.706	0.654	0.655
SPBC577.13	syj2	viable	V	0.0	-0.204	-0.307	-0.402	0.077	-0.175	-0.345
SPBC577.14c	spa1	viable	V	0.0	0.848	0.795	0.83	0.739	1.519	1.614
SPBC577.15c	sim3	viable	V	0.0	-0.016	-0.04	0.183	0.447	1.663	2.58
SPBC582.03	cdc13	inviable	E	0.0	0.962	2.555	3.028	2.439	3.269	2.971
SPBC582.04c	dsh1	viable	V	0.0	-0.0	0.09	-0.058	0.108	-0.047	-0.144
SPBC582.05c	brc1	viable	V	0.0	0.186	0.258	0.581	0.837	0.974	1.463
SPBC582.06c	mcp6	viable	V	0.0	0.132	0.319	0.249	0.73	0.56	0.607
SPBC582.07c	rpn7	inviable	E	0.0	1.79	2.66	2.722	2.789	2.913	2.885
SPBC582.08	alt1	viable	V	0.0	0.327	0.559	0.6	0.579	-0.119	0.206
SPBC582.09	pex11	viable	V	0.0	-0.306	-0.284	0.032	0.009	0.47	-0.167
SPBC582.10c	rhp1602	viable	V	0.0	-0.1	-0.34	0.015	-0.34	-0.194	-0.262
SPBC609.01	SPBC609.01	inviable	E	0.0	1.694	2.343	2.544	2.603	2.612	2.644
SPBC609.02	ptn1	viable	V	0.0	0.046	-0.469	-0.556	-0.415	0.041	-0.551
SPBC609.03	iqw1	viable	V	0.0	0.006	0.177	0.714	0.155	0.963	0.317
SPBC609.04	caf5	viable	V	0.0	0.107	0.16	0.388	0.18	0.133	0.226
SPBC609.05	pob3	viable	V	0.0	0.396	0.597	1.31	1.686	1.959	2.397
SPBC646.02	cwf11	viable	V	0.0	0.402	0.376	0.7	0.54	0.504	0.76
SPBC646.03	gta1	inviable	E	0.0	-0.052	0.194	1.096	2.884	3.872	4.517
SPBC646.04	pla1	inviable	E	0.0	0.551	2.512	4.075	4.249	4.153	4.199
SPBC646.05c	erg9	inviable	E	0.0	1.395	3.394	3.994	3.982	3.92	4.173
SPBC646.06c	agn2	viable	V	0.0	-0.034	-0.355	0.258	0.016	-0.142	0.093
SPBC646.07c	tsc13	inviable	E	0.0	0.453	2.529	4.061	4.381	4.372	4.404
SPBC646.09c	int6	viable	V	0.0	0.031	0.948	1.42	1.522	1.592	2.153
SPBC646.10c	nop56	inviable	E	0.0	2.121	3.537	4.653	4.712	5.15	5.016
SPBC646.11	cct6	inviable	E	0.0	1.645	2.932	3.543	3.874	3.994	3.84
SPBC646.12c	gap1	viable	V	0.0	0.184	0.592	0.634	0.343	0.628	0.62
SPBC646.13	sds23	condition-dependent	V	0.0	2.432	3.946	4.548	4.64	5.574	4.86
SPBC646.14c	orc5	inviable	E	0.0	1.335	2.944	4.638	4.572	4.768	4.603
SPBC646.15c	pex16	viable	V	0.0	-0.33	0.582	0.045	0.463	0.387	-0.061
SPBC646.16	scl1	inviable	E	0.0	1.004	2.751	2.721	3.379	3.242	3.274
SPBC646.17c	dic1	viable	V	0.0	0.161	0.394	0.205	0.259	0.327	0.042
SPBC649.02	rps1902	viable	V	0.0	0.499	1.077	0.939	1.675	1.478	1.315
SPBC649.03	rhp14	viable	V	0.0	-0.031	0.261	0.071	0.711	0.516	0.842
SPBC649.04	uvi15	viable	V	0.0	1.361	0.598	0.881	2.785	0.307	1.384
SPBC649.05	cut12	inviable	E	0.0	1.267	2.99	3.666	3.888	4.138	4.072
SPBC651.01c	nog1	inviable	E	0.0	2.09	3.432	4.172	4.455	4.418	4.607
SPBC651.02	nit1	viable	V	0.0	0.146	0.414	1.5	1.275	1.318	0.82
SPBC651.03c	gyp10	viable	V	0.0	0.055	0.205	0.443	0.466	0.44	0.319
SPBC651.04	SPBC651.04	viable	V	0.0	0.057	-0.321	-0.399	0.013	-0.22	-0.464
SPBC651.05c	dot2	viable	V	0.0	0.309	-0.725	-0.351	-1.043	0.627	-0.439
SPBC651.07	SPBC651.07	viable	V	0.0	0.02	0.332	0.395	0.391	0.872	1.139
SPBC651.08c	rpc1	inviable	E	0.0	1.97	3.685	4.332	4.218	4.474	4.523
SPBC651.09c	prf1	viable	V	0.0	0.304	0.574	1.715	2.331	2.699	3.106
SPBC651.10	nse5	viable	V	0.0	0.173	0.336	1.03	2.23	3.06	4.584
SPBC651.11c	apm3	viable	V	0.0	0.11	0.242	0.347	0.377	0.51	0.647
SPBC651.12c	dbl7	viable	V	0.0	0.482	0.552	0.254	0.8	0.487	0.772
SPBC660.05	wwm3	viable	V	0.0	-0.041	0.107	-0.511	0.023	-0.368	-0.183
SPBC660.06	wwm2	viable	V	0.0	-0.066	0.131	0.092	0.347	0.125	0.539
SPBC660.07	ntp1	viable	V	0.0	0.764	1.397	1.724	1.485	1.162	1.379
SPBC660.08	atg38	viable	V	0.0	0.085	0.26	-0.187	0.064	-0.007	-0.173
SPBC660.09	mug168	viable	V	0.0	-0.082	0.204	0.271	0.093	-0.115	-0.046
SPBC660.10	gfm2	viable	V	0.0	0.051	-0.049	0.28	0.471	0.619	0.824
SPBC660.11	tcg1	viable	V	0.0	0.139	0.055	0.479	0.438	0.534	1.287
SPBC660.12c	egt2	viable	V	0.0	0.111	0.581	1.328	0.404	0.614	1.051
SPBC660.13c	ssb1	inviable	E	0.0	1.34	3.198	4.175	4.554	4.385	4.112
SPBC660.14	mik1	viable	V	0.0	-0.091	0.365	0.458	0.557	0.351	0.77
SPBC660.15	msi2	inviable	E	0.0	0.084	1.493	3.154	3.615	3.943	4.333
SPBC660.16	gnd1	inviable	E	0.0	2.097	3.502	4.36	4.399	4.397	4.725
SPBC660.17c	SPBC660.17c	viable	V	0.0	-0.087	-0.099	-0.061	-0.15	-0.336	-0.026
SPBC685.02	exo5	viable	V	0.0	0.642	0.92	0.593	2.122	0.66	1.287
SPBC685.03	SPBC685.03	viable	V	0.0	0.119	0.132	0.502	1.859	0.962	1.601
SPBC685.04c	aps2	viable	V	0.0	-0.569	-1.013	-0.463	-0.593	-0.937	-0.5
SPBC685.05	gpi15	inviable	E	0.0	0.836	1.928	2.846	2.846	2.846	2.846
SPBC685.07c	rpl2701	viable	V	0.0	1.644	3.546	4.837	4.951	4.951	4.951
SPBC685.08	SPBC685.08	viable	Not_determined	0.0	0.778	1.723	1.065	0.744	0.875	1.213
SPBC685.09	orc2	inviable	E	0.0	1.598	3.242	3.232	3.693	3.693	3.693
SPBC691.01	pfa5	viable	V	0.0	0.671	0.069	-0.284	0.066	0.57	1.14
SPBC691.02c	drp1	inviable	E	0.0	1.734	3.343	4.157	3.946	4.298	4.332
SPBC691.03c	apl3	viable	V	0.0	0.112	0.478	0.262	0.009	0.333	0.526
SPBC691.04	mss116	viable	V	0.0	0.098	0.263	0.685	1.966	2.943	3.806
SPBC691.05c	ist2	viable	V	0.0	0.651	0.151	1.029	1.788	0.615	0.853
SPBC6B1.02	ppk30	viable	V	0.0	-0.019	-0.051	0.302	0.415	0.441	0.285
SPBC6B1.03c	pal2	viable	V	0.0	0.152	-0.176	-0.123	0.225	-0.168	0.103
SPBC6B1.04	mde4	viable	V	0.0	0.406	0.987	2.287	2.839	3.278	3.663
SPBC6B1.05c	atg7	viable	V	0.0	0.188	0.469	0.503	0.81	0.692	0.861
SPBC6B1.06c	ubp14	viable	V	0.0	0.103	0.391	0.739	0.863	0.972	1.101
SPBC6B1.07	prp1	inviable	E	0.0	1.569	3.31	4.306	4.652	4.429	4.398
SPBC6B1.08c	ofd1	viable	V	0.0	0.167	0.244	0.43	0.306	0.722	0.728
SPBC6B1.09c	nbs1	viable	V	0.0	0.146	0.533	1.857	2.59	3.388	3.805
SPBC6B1.10	prp17	condition-dependent	V	0.0	0.238	0.506	0.445	0.928	0.985	1.16
SPBC6B1.12c	sus1	viable	Not_determined	0.0	-0.038	0.256	0.354	0.606	1.0	1.148
SPBC713.02c	ubp15	viable	V	0.0	-0.054	0.164	0.282	0.502	-0.046	0.354
SPBC713.03	dld2	viable	V	0.0	-0.453	-0.418	-0.459	-0.715	-0.186	-0.431
SPBC713.04c	pwp2	inviable	E	0.0	1.763	3.308	4.03	4.513	4.575	4.723
SPBC713.05	wdr83	viable	V	0.0	0.038	0.163	0.294	0.443	0.508	0.541
SPBC713.06	adl1	viable	V	0.0	0.072	-0.45	-0.257	-0.02	-0.093	-0.322
SPBC713.07c	SPBC713.07c	viable	V	0.0	0.201	0.322	0.443	0.514	0.492	0.465
SPBC713.09	SPBC713.09	viable	V	0.0	0.037	-0.028	-0.142	0.19	0.0	-0.055
SPBC713.10	tim16	inviable	E	0.0	1.927	3.866	4.849	4.981	5.246	5.017
SPBC713.11c	pmp3	viable	V	0.0	-0.36	-0.059	0.145	0.091	0.791	0.499
SPBC713.12	erg1	inviable	E	0.0	1.346	2.89	3.895	3.64	4.15	4.221
SPBC725.01	maa1	condition-dependent	V	0.0	0.394	0.702	0.894	0.854	0.93	1.141
SPBC725.02	mpr1	viable	V	0.0	0.646	0.624	0.725	0.849	1.246	1.509
SPBC725.03	SPBC725.03	viable	V	0.0	-0.093	-0.145	0.048	-0.072	-0.339	-0.156
SPBC725.04	hac1	viable	V	0.0	0.109	0.369	0.381	0.529	0.314	0.416
SPBC725.05c	npp1	viable	V	0.0	0.021	-0.125	0.155	0.342	0.253	0.302
SPBC725.06c	ppk31	viable	V	0.0	0.084	0.137	0.297	0.163	0.205	0.243
SPBC725.07	pex5	viable	V	0.0	0.308	0.222	0.322	0.705	0.522	0.77
SPBC725.08	pir2	inviable	E	0.0	0.665	2.761	4.02	4.368	4.46	4.635
SPBC725.09c	hob3	viable	V	0.0	0.067	0.278	0.203	0.494	0.807	0.811
SPBC725.10	tsp0	condition-dependent	V	0.0	-0.118	-0.361	-0.147	-0.008	-0.098	0.101
SPBC725.11c	php2	condition-dependent	V	0.0	0.052	-0.164	0.072	0.254	0.003	0.297
SPBC725.12	nbl1	viable	Not_determined	0.0	0.241	1.005	2.255	1.192	3.192	2.328
SPBC725.13c	psf2	inviable	E	0.0	1.85	3.45	4.814	4.912	4.903	5.195
SPBC725.14	arg6	viable	V	0.0	0.162	0.117	0.159	0.22	0.284	0.397
SPBC725.15	ura5	viable	V	0.0	0.222	0.839	0.875	1.424	1.235	1.431
SPBC725.16	res1	inviable	E	0.0	0.818	1.584	2.569	2.989	3.025	3.516
SPBC725.17c	rrn11	inviable	E	0.0	0.707	2.482	3.872	4.183	4.342	3.946
SPBC776.01	rpl29	viable	V	0.0	-0.123	0.124	0.64	1.0	0.873	1.173
SPBC776.02c	dis2	viable	V	0.0	-1.232	-0.725	1.19	0.542	1.19	-0.792
SPBC776.03	hom6	viable	V	0.0	1.624	3.381	4.367	4.536	4.394	4.285
SPBC776.04	sec2302	viable	V	0.0	0.124	0.84	1.987	3.41	4.15	4.494
SPBC776.05	gpc1	viable	V	0.0	-0.092	0.029	-0.144	-0.035	0.113	0.051
SPBC776.06c	SPBC776.06c	viable	V	0.0	0.11	0.758	0.542	0.427	0.747	0.657
SPBC776.07	mam33	inviable	E	0.0	0.889	3.243	4.378	4.789	4.802	4.856
SPBC776.08c	utp22	inviable	E	0.0	1.559	3.152	3.51	3.383	3.542	3.644
SPBC776.09	ste13	viable	V	0.0	0.694	1.281	2.108	2.466	3.509	3.787
SPBC776.10c	cog6	inviable	E	0.0	0.413	2.099	3.765	4.028	4.108	4.05
SPBC776.12c	hsk1	condition-dependent	E	0.0	1.994	3.428	4.13	3.864	4.114	4.135
SPBC776.13	cnd1	inviable	E	0.0	1.613	3.873	4.839	5.16	5.256	5.334
SPBC776.14	plh1	viable	V	0.0	-0.059	0.93	1.297	1.231	1.414	1.025
SPBC776.15c	kgd2	viable	V	0.0	-0.055	0.059	0.386	0.885	1.549	2.254
SPBC776.16	mis20	viable	V	0.0	-0.195	0.208	0.392	0.264	0.196	0.057
SPBC776.17	rrp7	viable	V	0.0	1.335	2.16	3.513	4.065	4.334	4.596
SPBC776.18c	pmh1	inviable	E	0.0	0.192	0.973	2.839	4.189	4.31	4.096
SPBC800.02	whi5	viable	V	0.0	0.435	0.446	0.041	0.14	0.204	0.88
SPBC800.05c	atb2	viable	V	0.0	0.15	-0.123	0.286	0.329	0.523	0.302
SPBC800.06	brx1	inviable	E	0.0	1.478	2.88	3.497	3.35	3.627	3.764
SPBC800.07c	tsf1	viable	V	0.0	0.102	0.085	0.378	0.999	2.75	3.346
SPBC800.08	trm6	viable	V	0.0	0.52	1.053	1.697	2.012	2.697	3.277
SPBC800.09	sum2	viable	V	0.0	0.403	0.505	1.649	1.756	1.803	2.508
SPBC800.10c	ede1	viable	V	0.0	0.181	1.239	2.221	3.085	3.439	3.678
SPBC800.11	SPBC800.11	viable	V	0.0	-0.0	0.553	0.567	0.788	0.33	0.17
SPBC800.12c	SPBC800.12c	viable	V	0.0	0.253	0.393	0.719	0.838	0.648	0.073
SPBC800.13	cnp20	inviable	E	0.0	0.347	1.003	2.238	3.215	3.925	3.925
SPBC800.14c	SPBC800.14c	viable	Not_determined	0.0	0.305	0.563	0.359	0.183	0.396	0.09
SPBC83.01	ucp8	viable	V	0.0	0.27	-0.017	0.389	0.026	0.226	0.097
SPBC83.03c	tas3	viable	V	0.0	0.036	-0.106	-0.024	0.154	0.241	0.316
SPBC83.04	apc15	viable	V	0.0	0.974	1.226	1.197	-0.069	0.045	-0.338
SPBC83.05	yme2	viable	V	0.0	-0.155	0.259	0.253	0.173	-0.093	-0.242
SPBC83.06c	rtc6	inviable	E	0.0	0.235	1.12	2.386	3.433	3.905	3.499
SPBC83.07	jmj3	inviable	E	0.0	0.219	0.573	1.822	2.399	2.923	3.226
SPBC83.08	rvb2	inviable	E	0.0	1.662	3.571	4.893	4.638	5.218	4.653
SPBC83.09c	lin1	viable	V	0.0	0.377	0.157	0.667	0.367	-0.129	1.199
SPBC83.10	emc7	viable	V	0.0	0.234	0.052	0.091	0.859	0.376	0.508
SPBC83.11	pet2	viable	V	0.0	-0.308	0.195	0.301	0.629	0.111	-0.094
SPBC83.12	SPBC83.12	viable	V	0.0	-0.385	-1.202	-1.556	-1.511	-0.897	-1.013
SPBC83.13	yhm2	viable	V	0.0	-0.569	1.299	0.717	1.217	-0.671	1.353
SPBC83.14c	rfc5	inviable	E	0.0	0.302	2.004	3.774	4.388	4.609	4.436
SPBC83.15	wdr74	inviable	E	0.0	1.783	3.178	3.92	3.988	4.09	4.173
SPBC83.16c	SPBC83.16c	viable	V	0.0	0.097	0.172	0.213	0.222	0.15	-0.196
SPBC83.18c	fic1	viable	V	0.0	0.098	1.802	1.773	2.092	1.457	1.111
SPBC839.02	aly1	viable	V	0.0	-0.356	0.338	0.446	-0.055	0.229	0.636
SPBC839.03c	dcn1	viable	V	0.0	-0.019	0.296	0.317	0.584	0.989	1.36
SPBC839.05c	rps1701	viable	V	0.0	0.472	1.42	2.171	2.458	3.383	3.575
SPBC839.06	cta3	viable	V	0.0	0.016	-0.268	-0.12	0.952	-0.043	-0.145
SPBC839.07	ibp1	viable	V	0.0	0.071	0.432	0.127	0.302	0.222	0.365
SPBC839.08c	its8	condition-dependent	E	0.0	1.381	3.199	3.799	3.86	4.128	3.957
SPBC839.10	usp107	inviable	E	0.0	0.406	1.708	1.699	2.54	3.438	3.459
SPBC839.11c	hut1	viable	V	0.0	-0.167	-0.036	0.24	-0.159	0.505	0.583
SPBC839.13c	rpl1601	viable	V	0.0	0.313	0.307	-0.035	-0.019	0.066	0.178
SPBC839.14c	efm4	viable	V	0.0	0.154	0.196	0.455	0.586	0.26	0.138
SPBC839.15c	tef103	viable	V	0.0	0.893	1.15	1.54	1.33	1.913	1.615
SPBC839.16	thf1	viable	V	0.0	-0.027	0.204	0.564	0.606	0.426	0.546
SPBC839.17c	fkh1	viable	V	0.0	0.428	-0.059	0.185	0.429	1.125	-0.1
SPBC839.19	new20	viable	Not_determined	0.0	-0.086	0.233	-0.212	-0.308	0.12	0.06
SPBC839.20	new14	viable	Not_determined	0.0	0.434	0.126	0.349	2.297	1.22	0.14
SPBC887.01	adi1	viable	V	0.0	0.31	0.589	1.435	1.28	0.669	1.521
SPBC887.02	SPBC887.02	viable	V	0.0	0.266	0.758	0.683	1.297	0.509	1.15
SPBC887.03c	noc3	inviable	E	0.0	2.317	4.351	4.865	4.82	4.938	4.921
SPBC887.04c	lub1	viable	V	0.0	0.017	0.19	0.318	0.406	0.487	0.512
SPBC887.05c	cwf29	viable	V	0.0	0.723	1.795	2.68	2.564	2.851	3.423
SPBC887.06c	snx3	viable	V	0.0	0.324	-0.309	-0.095	-0.473	-0.095	-0.372
SPBC887.07	mrpl38	inviable	E	0.0	-0.074	0.772	3.168	3.736	4.183	3.981
SPBC887.08	SPBC887.08	viable	V	0.0	0.229	1.161	1.213	1.179	1.149	0.843
SPBC887.09c	sog2	inviable	E	0.0	1.04	1.562	3.072	3.328	2.929	3.482
SPBC887.10	mcs4	viable	V	0.0	0.228	0.04	0.693	0.849	1.07	0.976
SPBC887.11	pus2	viable	V	0.0	0.088	-0.039	0.277	0.259	0.106	0.223
SPBC887.12	SPBC887.12	inviable	E	0.0	2.01	3.694	4.518	4.645	4.653	4.44
SPBC887.13c	cem1	inviable	E	0.0	-0.025	0.013	0.633	1.695	3.442	4.51
SPBC887.14c	pfh1	inviable	E	0.0	1.387	2.784	3.743	3.888	4.11	4.206
SPBC887.15c	sur2	viable	V	0.0	-0.0	0.907	2.381	2.381	0.477	1.517
SPBC887.16	SPBC887.16	viable	Not_determined	0.0	-0.237	-0.052	-0.164	-0.21	-0.315	-0.212
SPBC887.17	SPBC887.17	condition-dependent	V	0.0	0.292	0.299	0.653	0.591	0.896	0.983
SPBC887.18c	hfi1	viable	V	0.0	0.035	0.281	0.868	1.645	2.255	2.647
SPBC887.19	rft1	inviable	E	0.0	1.31	3.179	3.899	3.769	3.85	3.418
SPBC887.22	spc1	condition-dependent	Not_determined	0.0	0.441	0.413	0.779	1.058	0.711	0.148
SPBC8D2.01	gsk31	viable	V	0.0	0.241	0.614	0.555	0.463	0.607	0.262
SPBC8D2.03c	hhf2	viable	V	0.0	-0.452	-0.044	-0.207	-0.576	-0.116	-0.22
SPBC8D2.05c	sfi1	inviable	E	0.0	1.382	3.01	3.617	4.167	4.367	4.04
SPBC8D2.06	irs1	inviable	E	0.0	2.197	3.708	4.185	4.157	4.139	4.329
SPBC8D2.07c	sfc9	inviable	E	0.0	0.059	0.415	2.206	3.792	4.462	4.726
SPBC8D2.09c	msl1	inviable	E	0.0	1.372	3.583	5.076	4.686	4.248	4.457
SPBC8D2.10c	rmt3	viable	V	0.0	0.107	0.154	0.484	0.549	0.531	0.743
SPBC8D2.11	SPBC8D2.11	viable	V	0.0	-0.13	-0.037	-0.096	-0.36	-0.14	-0.32
SPBC8D2.12c	tac1	viable	V	0.0	0.001	0.678	0.585	0.934	0.56	0.403
SPBC8D2.13	shq1	inviable	E	0.0	1.271	3.28	4.581	4.596	4.551	4.93
SPBC8D2.14c	sed5	inviable	E	0.0	2.03	3.649	3.816	4.054	4.162	4.426
SPBC8D2.15	lip5	inviable	E	0.0	-0.041	0.233	1.719	3.013	4.07	4.273
SPBC8D2.16c	SPBC8D2.16c	viable	V	0.0	0.447	0.763	1.458	0.694	0.731	0.638
SPBC8D2.17	gmh4	viable	V	0.0	0.166	0.566	1.4	2.693	3.725	3.963
SPBC8D2.18c	sah1	viable	V	0.0	1.394	2.914	3.596	4.06	4.925	5.106
SPBC8D2.19	mde3	viable	V	0.0	-0.093	0.089	-0.017	0.064	-0.113	-0.31
SPBC8D2.23	new15	viable	Not_determined	0.0	-0.547	-0.311	-0.308	-0.424	-0.706	-0.335
SPBC8E4.01c	pho84	viable	V	0.0	0.026	0.314	0.075	0.295	0.139	0.089
SPBC8E4.03	agm3	viable	V	0.0	0.008	0.287	0.22	0.245	0.79	0.101
SPBC8E4.04	SPBC8E4.04	viable	V	0.0	0.238	0.371	0.87	-0.285	0.085	0.127
SPBC8E4.05c	SPBC8E4.05c	viable	V	0.0	0.041	0.035	0.035	0.029	0.151	0.259
SPBC902.02c	ctf18	viable	V	0.0	0.122	0.352	0.605	0.872	1.059	1.262
SPBC902.03	nem2	viable	V	0.0	-0.018	0.296	1.002	1.539	1.348	1.902
SPBC902.04	rmn1	viable	V	0.0	-0.091	-0.08	0.533	-0.004	0.292	0.702
SPBC902.05c	idh2	viable	V	0.0	0.511	1.431	1.696	1.879	2.574	2.131
SPBC902.06	mto2	viable	V	0.0	0.335	-0.159	0.216	0.258	0.659	0.049
SPBC947.01	knk1	viable	V	0.0	-0.31	0.276	-0.037	0.57	0.37	-0.297
SPBC947.02	apl2	viable	V	0.0	0.178	1.586	3.521	4.372	4.341	4.736
SPBC947.04	pfl3	viable	V	0.0	-0.479	-0.148	-0.449	-0.461	-0.29	-0.512
SPBC947.05c	frp2	viable	V	0.0	-0.318	0.204	-0.202	0.294	-0.128	0.226
SPBC947.06c	SPBC947.06c	viable	V	0.0	-0.249	-0.145	-0.398	-0.254	-0.689	-0.517
SPBC947.07	rrp1402	inviable	E	0.0	2.442	3.864	5.027	4.09	5.027	4.747
SPBC947.08c	hip4	viable	V	0.0	0.194	0.819	0.747	1.205	1.315	1.811
SPBC947.10	dsc1	viable	V	0.0	-0.06	-0.04	-0.044	-0.221	-0.045	-0.003
SPBC947.11c	elg1	viable	V	0.0	0.2	0.313	0.379	0.369	0.57	0.076
SPBC947.12	kms2	condition-dependent	E	0.0	0.493	1.414	2.787	3.845	4.198	4.407
SPBC947.13	rba50	viable	V	0.0	1.692	3.073	3.616	4.391	4.569	4.44
SPBC947.14c	cbp6	viable	V	0.0	0.081	0.603	0.776	0.959	1.247	1.511
SPBC947.15c	ndi1	viable	V	0.0	0.216	0.492	0.318	0.635	0.669	0.909
SPBC9B6.04c	tuf1	inviable	E	0.0	-0.093	0.844	2.842	2.779	3.309	3.292
SPBC9B6.05c	lsm3	inviable	E	0.0	1.107	2.464	3.76	4.338	4.574	4.865
SPBC9B6.06	mrpl10	inviable	E	0.0	0.291	1.246	3.431	4.561	4.615	4.847
SPBC9B6.07	nop52	viable	V	0.0	1.34	2.444	2.934	2.944	3.67	3.537
SPBC9B6.09c	mdl1	viable	V	0.0	0.116	-0.1	-0.166	-0.237	-0.274	-0.013
SPBC9B6.10	cdc37	inviable	E	0.0	0.098	2.161	4.317	4.809	4.984	4.936
SPBC9B6.11c	SPBC9B6.11c	viable	V	0.0	0.205	0.326	0.764	0.895	1.248	1.831
SPBP16F5.02	mcs2	inviable	E	0.0	0.209	1.917	2.6	3.443	3.557	3.566
SPBP16F5.03c	tra1	viable	V	0.0	0.356	0.417	0.589	0.754	0.776	1.033
SPBP16F5.04	ubc7	viable	V	0.0	0.31	0.008	0.192	0.158	0.377	0.501
SPBP16F5.05c	yar1	viable	V	0.0	0.69	1.478	2.687	3.0	3.372	3.392
SPBP16F5.06	nop8	inviable	E	0.0	1.254	2.971	3.993	4.155	4.121	4.371
SPBP16F5.07	apm1	condition-dependent	V	0.0	0.84	2.203	3.515	4.149	4.375	4.093
SPBP16F5.08c	fmo1	viable	V	0.0	0.276	0.862	1.304	1.124	0.551	0.922
SPBP18G5.02	pgs1	inviable	E	0.0	-0.022	0.452	2.788	4.263	5.217	5.193
SPBP18G5.03	toc1	viable	V	0.0	0.435	0.591	1.663	0.795	1.023	0.784
SPBP19A11.01	gcv3	inviable	E	0.0	0.273	1.37	2.227	2.782	3.582	3.633
SPBP19A11.02c	SPBP19A11.02c	viable	V	0.0	-0.65	-0.143	-0.586	-0.868	-0.396	-0.265
SPBP19A11.03c	mts4	inviable	E	0.0	0.976	2.792	3.743	3.736	4.078	3.977
SPBP19A11.04c	mor2	inviable	E	0.0	0.755	3.027	3.998	4.251	4.111	4.126
SPBP19A11.06	lid2	inviable	E	0.0	0.394	1.511	2.518	3.602	3.912	3.902
SPBP19A11.07c	hid2	unknown	Not_determined	0.0	0.129	0.533	0.325	0.83	0.389	0.149
SPBP22H7.02c	mrd1	inviable	E	0.0	2.301	4.268	4.511	4.477	4.733	4.437
SPBP22H7.03	sbg1	inviable	E	0.0	1.265	2.442	4.847	4.088	4.57	4.592
SPBP22H7.04	SPBP22H7.04	viable	V	0.0	-0.375	-0.155	-0.311	-0.272	-0.486	-0.533
SPBP22H7.05c	abo2	viable	V	0.0	0.057	-0.017	-0.0	0.156	0.124	0.398
SPBP22H7.06	nrk1	viable	V	0.0	0.658	0.081	-0.044	1.379	0.467	2.105
SPBP22H7.07	prp5	inviable	E	0.0	2.009	5.028	5.946	4.946	5.946	5.946
SPBP22H7.08	rps1002	viable	V	0.0	2.279	3.666	3.407	3.616	3.91	3.846
SPBP22H7.09c	mis15	inviable	E	0.0	0.446	1.52	3.247	4.101	4.938	4.657
SPBP23A10.02	pkr1	viable	V	0.0	0.261	0.356	0.771	1.651	2.23	4.018
SPBP23A10.03c	sdh7	viable	V	0.0	0.704	0.271	0.819	0.257	1.985	0.513
SPBP23A10.04	apc2	inviable	E	0.0	1.335	3.474	4.054	4.171	4.238	4.2
SPBP23A10.05	ssr4	condition-dependent	V	0.0	0.372	0.646	1.202	1.821	2.621	2.891
SPBP23A10.06	mtm1	inviable	E	0.0	0.081	1.039	3.271	3.963	4.524	4.513
SPBP23A10.07	rpa2	inviable	E	0.0	1.753	3.414	4.488	4.308	4.469	4.676
SPBP23A10.08	alp5	inviable	E	0.0	0.373	1.923	3.233	3.502	3.408	3.666
SPBP23A10.09	psf1	inviable	E	0.0	1.039	2.994	3.302	2.946	2.938	3.14
SPBP23A10.10	ppk32	viable	V	0.0	0.309	0.575	0.238	0.275	0.903	0.931
SPBP23A10.11c	SPBP23A10.11c	viable	Not_determined	0.0	-0.217	0.552	0.697	0.31	1.123	0.612
SPBP23A10.12	frg1	viable	V	0.0	-0.228	-0.674	0.35	-0.025	0.653	-0.105
SPBP23A10.13	orc4	inviable	E	0.0	1.122	3.034	3.906	3.863	4.097	3.529
SPBP23A10.14c	ell1	viable	V	0.0	0.302	0.455	0.255	0.441	0.57	0.72
SPBP23A10.15c	qcr1	inviable	E	0.0	2.38	4.503	4.141	4.294	4.536	4.528
SPBP23A10.16	tim18	viable	V	0.0	0.406	0.685	0.67	0.925	0.656	1.025
SPBP23A10.17	SPBP23A10.17	viable	Not_determined	0.0	-0.495	0.583	0.957	2.457	0.957	0.106
SPBP26C9.02c	car1	viable	V	0.0	-0.051	0.241	-0.024	0.057	0.062	0.173
SPBP26C9.03c	fet4	viable	V	0.0	-0.25	0.195	0.532	1.194	0.577	0.312
SPBP35G2.03c	sgo1	viable	V	0.0	-0.096	0.526	0.136	0.32	0.029	0.202
SPBP35G2.04c	SPBP35G2.04c	viable	V	0.0	-0.452	0.089	-0.116	0.034	0.085	0.167
SPBP35G2.05c	cki2	viable	V	0.0	0.241	0.579	0.747	0.869	0.449	1.003
SPBP35G2.06c	nup131	viable	V	0.0	0.499	0.757	1.001	0.468	0.727	0.844
SPBP35G2.07	ilv1	viable	V	0.0	1.267	2.559	3.729	4.06	3.735	3.778
SPBP35G2.08c	air1	viable	V	0.0	0.15	0.921	2.226	2.529	3.63	3.71
SPBP35G2.09	usp103	inviable	E	0.0	-0.078	0.13	0.778	1.318	1.775	1.991
SPBP35G2.10	mit1	viable	V	0.0	-0.228	-0.374	-0.22	-0.452	-0.196	-0.201
SPBP35G2.11c	nbr1	viable	V	0.0	0.853	1.864	0.885	0.612	1.002	1.407
SPBP35G2.12	ysa1	viable	V	0.0	-0.021	0.274	0.436	0.283	0.301	0.432
SPBP35G2.13c	swc2	viable	V	0.0	0.009	0.227	0.311	0.742	0.736	0.945
SPBP35G2.14	puf2	viable	V	0.0	0.423	0.352	0.916	1.137	0.7	1.065
SPBP4G3.02	pho1	viable	V	0.0	-0.016	0.088	0.042	0.221	0.175	-0.141
SPBP4G3.03	fub2	viable	V	0.0	-0.069	0.062	0.188	0.88	0.607	0.607
SPBP4H10.03	oxa102	viable	V	0.0	0.367	0.387	0.653	0.754	1.175	1.449
SPBP4H10.04	ppb1	viable	V	0.0	-0.0	0.266	0.298	0.127	0.702	1.394
SPBP4H10.05c	spe2	viable	V	0.0	0.346	0.559	1.144	1.242	1.323	1.392
SPBP4H10.06c	cut14	inviable	E	0.0	1.493	3.308	3.999	3.976	4.226	4.15
SPBP4H10.07	SPBP4H10.07	viable	V	0.0	-0.236	0.231	-0.241	0.104	0.208	1.336
SPBP4H10.08	qcr10	viable	V	0.0	0.062	-0.005	0.191	0.09	0.196	0.297
SPBP4H10.09	rsv1	viable	V	0.0	0.194	0.203	0.987	0.767	1.223	1.914
SPBP4H10.10	rbd3	viable	V	0.0	0.105	0.418	0.388	1.014	0.573	1.088
SPBP4H10.11c	lcf2	viable	V	0.0	0.085	0.142	0.617	1.01	1.597	2.586
SPBP4H10.12	SPBP4H10.12	viable	V	0.0	0.042	0.061	0.088	0.241	0.039	0.21
SPBP4H10.14c	SPBP4H10.14c	viable	V	0.0	0.245	0.994	0.672	-0.073	-0.034	-0.618
SPBP4H10.15	aco2	inviable	E	0.0	0.024	1.025	3.203	4.284	4.499	4.584
SPBP4H10.16c	SPBP4H10.16c	viable	V	0.0	0.189	0.486	1.407	1.641	1.414	0.006
SPBP4H10.17c	SPBP4H10.17c	viable	V	0.0	0.083	0.112	-0.435	-0.243	-0.071	-0.229
SPBP4H10.18c	SPBP4H10.18c	viable	V	0.0	0.358	0.792	0.689	0.725	0.803	0.482
SPBP4H10.19c	SPBP4H10.19c	viable	V	0.0	0.184	0.004	0.162	0.18	0.231	0.456
SPBP4H10.20	nhm1	viable	V	0.0	-0.083	0.174	0.269	0.297	0.137	0.238
SPBP4H10.21c	sld5	inviable	E	0.0	2.438	3.873	4.135	5.072	4.134	4.634
SPBP8B7.01c	pop7	inviable	E	0.0	1.93	3.693	4.531	4.129	4.215	4.585
SPBP8B7.02	rng9	viable	V	0.0	-0.066	-0.238	0.184	-0.094	-0.099	-0.472
SPBP8B7.03c	rpl402	inviable	E	0.0	-0.574	1.312	2.785	1.201	2.785	2.785
SPBP8B7.04	mug45	viable	V	0.0	-0.103	0.098	0.247	-0.267	-0.135	0.109
SPBP8B7.05c	nce103	condition-dependent	E	0.0	0.212	0.61	1.355	1.748	2.35	2.848
SPBP8B7.06	rpp201	viable	V	0.0	0.472	2.791	2.208	2.708	3.708	2.307
SPBP8B7.07c	set6	viable	V	0.0	-0.649	0.215	-0.154	-0.105	-0.308	0.611
SPBP8B7.08c	ppm1	viable	V	0.0	0.281	0.257	-0.438	-0.07	-0.188	0.331
SPBP8B7.09c	los1	viable	V	0.0	0.159	0.233	0.611	0.805	1.017	1.113
SPBP8B7.10c	utp16	viable	V	0.0	0.055	0.451	0.788	1.145	1.342	1.247
SPBP8B7.11	nxt3	viable	V	0.0	0.364	0.873	1.621	1.884	2.59	2.582
SPBP8B7.12c	fta3	inviable	E	0.0	0.854	2.056	2.263	2.263	2.263	2.263
SPBP8B7.13	vac7	viable	V	0.0	0.194	0.296	0.282	0.344	0.343	0.316
SPBP8B7.14c	dpb2	inviable	E	0.0	2.079	3.44	3.733	4.129	3.972	4.185
SPBP8B7.15c	mpe1	inviable	E	0.0	1.836	3.125	2.691	3.926	4.157	3.677
SPBP8B7.16c	dbp2	inviable	E	0.0	1.786	2.934	3.458	3.457	3.618	3.981
SPBP8B7.17c	thi20	inviable	E	0.0	1.196	2.395	3.142	3.333	3.725	3.519
SPBP8B7.18c	thi201	viable	V	0.0	0.337	0.564	0.391	1.035	0.364	0.56
SPBP8B7.19	spt16	inviable	E	0.0	0.938	2.884	4.603	4.676	4.733	5.046
SPBP8B7.20c	nop2	inviable	E	0.0	2.305	3.653	4.152	4.156	4.427	4.082
SPBP8B7.21	ubp3	viable	V	0.0	0.073	0.277	0.446	0.312	0.431	0.994
SPBP8B7.22	erd2	viable	V	0.0	-0.197	0.14	1.573	3.261	4.324	5.261
SPBP8B7.23	rnf10	viable	V	0.0	-0.106	-0.472	0.578	-0.19	0.29	-0.21
SPBP8B7.24c	atg8	viable	V	0.0	-0.465	0.127	0.374	0.277	0.538	0.564
SPBP8B7.25	cyp4	viable	V	0.0	0.601	-0.155	-0.562	-0.072	-0.216	-0.236
SPBP8B7.27	mug30	viable	V	0.0	0.381	0.748	0.865	0.855	0.975	0.913
SPBP8B7.28c	stc1	viable	V	0.0	-0.119	-0.211	-0.013	-0.18	-0.087	0.177
SPBP8B7.29	abz1	inviable	E	0.0	0.155	0.506	0.311	0.62	0.481	0.873
SPBP8B7.30c	thi5	viable	V	0.0	-0.237	0.001	0.028	-0.021	0.427	0.435
SPBP8B7.31	SPBP8B7.31	viable	V	0.0	0.166	0.164	0.479	0.306	0.261	0.358
SPBP8B7.32	SPBP8B7.32	viable	Not_determined	0.0	0.093	-0.138	-0.059	-0.23	-0.217	-0.153
SPBPB10D8.01	SPBPB10D8.01	viable	V	0.0	0.923	0.058	0.502	-0.199	0.653	0.789
SPBPB10D8.02c	SPBPB10D8.02c	viable	V	0.0	0.291	0.362	0.553	0.565	0.482	0.819
SPBPB21E7.01c	eno102	viable	V	0.0	0.752	0.233	1.215	0.63	1.387	0.903
SPBPB21E7.02c	SPBPB21E7.02c	unknown	Not_determined	0.0	0.172	0.128	0.757	-0.391	0.511	0.158
SPBPB21E7.04c	cmt2	viable	V	0.0	0.016	0.183	0.472	0.385	0.611	0.955
SPBPB21E7.05	SPBPB21E7.05	viable	V	0.0	-0.103	-0.027	0.138	0.925	0.873	1.046
SPBPB21E7.07	aes1	unknown	Not_determined	0.0	0.067	0.162	0.327	0.13	0.643	1.117
SPBPB21E7.09	SPBPB21E7.09	viable	V	0.0	0.299	0.963	0.577	0.834	1.247	1.119
SPBPB21E7.10	SPBPB21E7.10	unknown	Not_determined	0.0	0.115	0.891	0.917	0.458	0.916	1.121
SPBPB21E7.11	SPBPB21E7.11	unknown	Not_determined	0.0	-0.218	0.33	0.668	0.82	0.454	1.612
SPBPB2B2.01	nrg1	viable	V	0.0	0.143	0.378	0.5	0.516	0.53	0.898
SPBPB2B2.02	say1	viable	V	0.0	0.174	0.157	0.42	0.328	0.585	0.645
SPBPB2B2.05	SPBPB2B2.05	viable	V	0.0	0.025	0.327	0.531	0.459	0.506	0.492
SPBPB2B2.06c	efn1	viable	V	0.0	-0.065	0.166	0.424	0.511	0.681	1.036
SPBPB2B2.07c	SPBPB2B2.07c	viable	V	0.0	0.213	0.557	1.094	2.031	2.031	1.167
SPBPB2B2.08	SPBPB2B2.08	viable	V	0.0	0.053	-0.282	-0.022	-0.273	-0.188	-0.417
SPBPB2B2.09c	pan5	viable	V	0.0	-0.076	0.617	1.122	0.553	1.27	1.268
SPBPB2B2.10c	gal7	viable	V	0.0	0.199	0.398	0.64	0.633	0.713	0.571
SPBPB2B2.11	tgd1	viable	V	0.0	0.163	0.608	0.447	0.682	0.624	0.83
SPBPB2B2.12c	gal10	viable	V	0.0	-0.004	0.105	0.55	0.517	0.71	0.713
SPBPB2B2.13	gal1	viable	V	0.0	0.024	0.237	0.46	0.398	0.643	0.525
SPBPB7E8.01	SPBPB7E8.01	viable	V	0.0	0.519	0.664	1.251	1.122	0.666	1.297
SPBPB7E8.02	SPBPB7E8.02	viable	V	0.0	-0.114	-0.398	-0.319	-0.396	-0.496	-0.301
SPBPB8B6.02c	SPBPB8B6.02c	unknown	Not_determined	0.0	0.668	0.537	0.755	0.53	0.631	0.531
SPBPB8B6.03	fah1	viable	Not_determined	0.0	0.077	0.455	0.444	0.717	1.012	0.846
SPBPB8B6.04c	grt1	viable	V	0.0	0.768	0.741	0.703	0.776	1.476	1.986
SPBPB8B6.05c	SPBPB8B6.05c	viable	V	0.0	-0.202	-0.11	0.372	-0.29	0.238	-0.037
SPBPB8B6.06c	fex2	viable	Not_determined	0.0	-0.0	-0.185	-0.677	0.085	0.281	-0.929
SPBPJ4664.01	dps1	condition-dependent	V	0.0	0.148	0.192	0.584	1.119	1.753	2.502
SPBPJ4664.02	SPBPJ4664.02	viable	V	0.0	-0.113	-0.06	-0.301	-0.498	-0.533	-0.315
SPBPJ4664.03	mfm3	viable	V	0.0	-0.515	-0.546	0.367	-0.229	-1.006	-0.443
SPBPJ4664.04	cop1	condition-dependent	E	0.0	2.429	3.295	3.666	2.886	3.246	3.549
SPBPJ4664.05	aig1	viable	V	0.0	-0.066	-0.112	-0.217	-0.252	-0.229	-0.209
SPBPJ4664.06	gpt1	viable	V	0.0	-0.047	0.261	0.134	0.389	0.27	0.046
SPCC1020.01c	pma2	viable	V	0.0	1.375	2.266	2.538	2.159	2.437	2.692
SPCC1020.02	spc7	inviable	E	0.0	0.636	2.537	3.41	3.768	4.067	4.206
SPCC1020.03	mmt1	viable	V	0.0	0.436	0.738	1.155	1.143	0.78	1.364
SPCC1020.04c	rpb6	inviable	E	0.0	2.188	4.153	5.378	5.354	5.627	5.439
SPCC1020.05	dcr2	viable	V	0.0	1.559	0.52	0.909	1.022	0.957	1.383
SPCC1020.06c	tal1	viable	V	0.0	-0.087	0.112	-0.006	1.28	0.432	1.253
SPCC1020.07	SPCC1020.07	viable	V	0.0	-0.047	-0.069	0.108	0.091	-0.093	0.115
SPCC1020.08	tyw1	viable	V	0.0	0.033	0.6	0.094	0.604	0.811	1.277
SPCC1020.09	gnr1	viable	V	0.0	0.246	-0.257	0.579	0.121	0.319	0.867
SPCC1020.10	oca2	viable	V	0.0	1.527	0.099	2.015	1.952	1.048	2.087
SPCC1020.11c	emc6	viable	V	0.0	-0.296	-0.193	-0.313	0.015	0.192	0.695
SPCC1020.12c	xap5	viable	V	0.0	0.233	0.209	0.556	0.346	0.53	0.792
SPCC1020.13c	SPCC1020.13c	viable	V	0.0	0.366	0.148	0.492	0.261	0.47	0.629
SPCC10H11.01	prp11	inviable	E	0.0	2.032	3.474	3.891	4.17	4.228	4.195
SPCC10H11.02	cwf23	inviable	E	0.0	3.253	4.134	4.134	4.134	4.134	3.27
SPCC1183.01	sec15	inviable	E	0.0	1.182	3.179	4.171	4.083	4.343	4.452
SPCC1183.02	SPCC1183.02	viable	V	0.0	-0.036	0.387	0.058	0.004	0.371	0.176
SPCC1183.03c	fxn1	condition-dependent	E	0.0	-0.083	1.604	3.454	4.612	3.724	3.742
SPCC1183.04c	pet127	viable	V	0.0	-0.033	0.504	0.483	0.663	0.516	0.938
SPCC1183.05c	lig4	viable	V	0.0	0.104	-0.017	0.221	0.013	-0.125	-0.182
SPCC1183.06	ung1	viable	V	0.0	1.088	0.314	1.003	0.542	1.452	1.039
SPCC1183.07	rrp5	inviable	E	0.0	1.873	3.351	4.102	3.975	4.342	4.281
SPCC1183.08c	rpl101	inviable	E	0.0	0.57	2.034	2.952	2.952	2.952	2.952
SPCC1183.09c	pmp31	viable	V	0.0	-0.057	-0.504	-0.406	-0.38	-0.575	-0.685
SPCC1183.10	wtf10	viable	V	0.0	-0.308	-0.394	-0.255	-0.6	-0.19	-0.527
SPCC1183.11	msy1	viable	V	0.0	0.551	1.266	1.27	0.761	0.811	0.55
SPCC1183.12	spo13	unknown	Not_determined	0.0	-0.379	-0.463	-0.704	-0.609	-0.413	-0.598
SPCC11E10.01	cbl1	viable	V	0.0	-0.023	0.178	-0.107	-0.175	0.042	-0.045
SPCC11E10.02c	gpi8	inviable	E	0.0	1.516	3.393	4.572	5.187	5.022	4.789
SPCC11E10.03	jnm1	viable	V	0.0	-0.288	0.094	0.73	0.345	-0.193	0.558
SPCC11E10.04	ppr6	viable	V	0.0	0.195	0.663	0.885	1.276	1.428	1.724
SPCC11E10.05c	ynd1	viable	V	0.0	-0.199	-0.184	0.404	0.189	0.499	0.583
SPCC11E10.06c	elp4	viable	V	0.0	0.839	1.972	2.131	3.05	3.76	4.7
SPCC11E10.07c	gcn3	viable	V	0.0	0.566	2.565	1.342	3.039	1.342	1.688
SPCC11E10.08	rik1	viable	V	0.0	-0.634	-0.022	1.257	0.718	1.622	2.232
SPCC11E10.09c	SPCC11E10.09c	viable	V	0.0	0.255	0.277	0.549	0.784	1.198	0.829
SPCC1223.01	rqt1	viable	V	0.0	0.056	0.086	0.346	0.557	0.622	0.709
SPCC1223.02	nmt1	viable	V	0.0	0.23	0.039	0.191	0.184	0.124	0.242
SPCC1223.03c	gut2	viable	V	0.0	-0.071	0.019	-0.268	-0.268	-0.244	-0.298
SPCC1223.04c	set11	viable	V	0.0	0.184	0.38	0.162	0.722	1.045	0.772
SPCC1223.06	tea1	viable	V	0.0	0.409	0.309	0.732	0.891	0.897	0.967
SPCC1223.07c	drs1	viable	V	0.0	2.0	3.864	3.917	4.174	3.996	4.02
SPCC1223.08c	dfr1	inviable	E	0.0	0.187	0.247	0.402	0.532	0.467	0.856
SPCC1223.09	uro1	viable	V	0.0	0.064	0.054	0.277	0.089	0.177	0.203
SPCC1223.10c	eaf1	viable	V	0.0	-0.176	-0.592	-0.286	-0.59	-0.426	-0.199
SPCC1223.11	ptc2	viable	V	0.0	0.29	0.244	0.698	0.794	1.074	1.303
SPCC1223.12c	meu10	viable	V	0.0	0.3	0.249	0.373	0.411	0.311	0.53
SPCC1223.13	cbf12	viable	V	0.0	0.209	0.097	0.17	0.282	0.425	0.32
SPCC1223.14	aro2	inviable	E	0.0	1.02	2.082	2.082	2.082	2.082	2.082
SPCC1223.15c	spc19	viable	V	0.0	-0.243	0.342	0.267	0.699	0.843	1.913
SPCC1235.01	SPCC1235.01	viable	V	0.0	0.454	0.034	0.389	0.244	0.336	0.226
SPCC1235.02	bio2	viable	V	0.0	0.503	0.475	0.626	0.73	1.019	1.234
SPCC1235.03	cue2	viable	V	0.0	0.173	0.221	1.121	0.576	0.763	0.652
SPCC1235.04c	nad1	viable	V	0.0	1.602	3.44	4.462	4.706	4.447	4.762
SPCC1235.05c	fft2	viable	V	0.0	0.452	0.547	1.155	1.305	0.899	0.934
SPCC1235.06	get2	viable	V	0.0	-0.137	-0.465	-0.34	-0.042	0.257	0.158
SPCC1235.07	fta7	inviable	E	0.0	0.269	1.424	3.47	3.957	4.401	4.654
SPCC1235.08c	pdh1	viable	V	0.0	0.243	1.327	1.482	0.372	0.974	0.537
SPCC1235.09	hif2	viable	V	0.0	0.092	0.118	0.333	0.447	0.712	0.917
SPCC1235.10c	sec6	inviable	E	0.0	0.837	2.691	3.984	4.441	4.643	4.616
SPCC1235.11	mpc1	viable	V	0.0	0.181	0.432	0.805	0.921	0.811	0.988
SPCC1235.12c	mug146	viable	V	0.0	-0.142	-0.413	-0.416	-0.626	-0.462	-0.573
SPCC1235.13	ght6	viable	V	0.0	0.233	0.497	0.591	1.61	1.284	0.277
SPCC1235.14	ght5	viable	V	0.0	0.521	0.696	1.505	1.505	1.476	1.558
SPCC1235.15	dga1	viable	V	0.0	-0.199	-0.337	-0.379	-0.591	-0.339	-0.395
SPCC1235.16	vma21	condition-dependent	Not_determined	0.0	0.261	0.489	1.255	2.017	2.494	3.061
SPCC1235.17	SPCC1235.17	viable	Not_determined	0.0	-0.149	-0.196	-0.627	-0.733	-0.545	-0.462
SPCC1235.18	SPCC1235.18	viable	Not_determined	0.0	0.42	0.012	-0.28	0.48	0.576	0.031
SPCC1259.01c	rps1802	viable	V	0.0	2.252	5.19	6.107	6.107	6.107	6.107
SPCC1259.02c	erm1	viable	V	0.0	0.192	0.464	0.417	0.156	0.81	0.424
SPCC1259.03	rpa12	viable	V	0.0	-0.22	1.117	1.313	1.711	2.458	2.266
SPCC1259.04	iec3	viable	V	0.0	-0.014	0.066	0.752	0.438	1.749	1.671
SPCC1259.05c	cox9	viable	V	0.0	0.019	0.54	0.591	0.562	1.084	0.788
SPCC1259.07	rxt3	inviable	E	0.0	0.584	1.448	3.047	3.88	3.105	3.763
SPCC1259.09c	pdx1	viable	V	0.0	0.123	0.459	0.62	0.601	0.47	1.155
SPCC1259.10	pgp1	viable	V	0.0	0.318	-0.092	-0.155	-0.086	-0.376	-0.04
SPCC1259.11c	gyp2	viable	V	0.0	-0.423	0.361	0.795	0.549	0.82	0.276
SPCC1259.12c	gid1	viable	V	0.0	-0.403	-0.426	-0.326	-0.481	-0.397	-0.18
SPCC1259.13	chk1	viable	V	0.0	0.354	0.6	0.944	0.685	0.795	0.715
SPCC1259.14c	meu27	viable	V	0.0	-0.401	0.1	0.358	0.715	0.79	0.902
SPCC1259.15c	ubc11	inviable	E	0.0	2.441	3.443	3.928	3.859	3.438	3.825
SPCC1259.16	SPCC1259.16	viable	Not_determined	0.0	-0.418	0.24	0.023	0.182	0.783	1.07
SPCC126.01c	SPCC126.01c	viable	V	0.0	0.184	0.339	0.32	0.169	0.298	0.255
SPCC126.02c	pku70	viable	V	0.0	0.195	-0.009	0.358	0.228	0.111	0.159
SPCC126.03	pus1	viable	V	0.0	-0.071	0.263	0.244	0.612	0.537	0.708
SPCC126.04c	sgf73	viable	V	0.0	-0.031	0.082	0.024	0.363	0.628	0.744
SPCC126.05c	mrpl17	inviable	E	0.0	0.309	1.275	3.879	4.779	5.001	5.009
SPCC126.06	twf1	viable	V	0.0	-0.556	0.829	1.517	0.707	0.341	1.478
SPCC126.07c	asr1	viable	V	0.0	0.058	0.118	0.382	0.348	0.344	0.234
SPCC126.08c	SPCC126.08c	viable	V	0.0	-0.15	-0.233	0.084	-0.097	-0.001	-0.109
SPCC126.09	zip2	viable	V	0.0	1.21	-0.14	-0.456	-0.346	1.14	1.204
SPCC126.10	iah1	viable	V	0.0	-0.445	0.064	0.112	-0.613	-0.224	0.037
SPCC126.11c	SPCC126.11c	viable	V	0.0	-0.274	0.245	0.025	0.571	0.863	0.165
SPCC126.12	SPCC126.12	viable	V	0.0	0.731	1.362	0.702	0.276	0.702	1.6
SPCC126.13c	sap18	viable	V	0.0	-0.091	0.055	0.015	0.327	0.237	-0.22
SPCC126.14	prp18	inviable	E	0.0	0.914	2.404	3.676	3.736	4.1	4.213
SPCC1281.01	ags1	inviable	E	0.0	2.447	3.466	3.68	3.767	3.712	3.656
SPCC1281.02c	spf30	inviable	E	0.0	0.655	1.652	3.057	3.04	3.546	3.118
SPCC1281.03c	emc4	viable	V	0.0	-0.198	0.261	0.578	0.775	0.929	1.429
SPCC1281.04	akr7	viable	V	0.0	0.178	0.014	-0.481	-0.788	-0.111	-0.913
SPCC1281.05	rsc7	inviable	E	0.0	-0.336	0.108	1.314	1.183	2.406	4.04
SPCC1281.06c	ole1	inviable	E	0.0	0.501	2.263	2.704	2.432	2.704	2.342
SPCC1281.07c	gst4	viable	V	0.0	-0.122	0.399	-0.17	-0.075	0.21	0.072
SPCC1281.08	wtf11	viable	V	0.0	-0.492	-0.544	-0.636	-0.421	-0.42	-0.171
SPCC132.01c	rqc2	viable	V	0.0	-0.015	0.635	0.678	0.605	0.492	0.169
SPCC132.02	hst2	viable	V	0.0	0.021	0.076	0.603	0.476	0.656	0.52
SPCC132.03	SPCC132.03	viable	V	0.0	0.078	0.645	0.855	0.263	0.53	0.612
SPCC132.04c	gdh2	viable	V	0.0	-0.144	-0.231	-0.136	-0.254	-0.304	-0.175
SPCC1322.01	rpm1	viable	V	0.0	0.03	0.171	0.442	0.671	0.975	1.195
SPCC1322.02	pxd1	viable	V	0.0	-0.25	0.19	0.172	0.934	0.791	1.803
SPCC1322.03	trp1322	viable	V	0.0	0.064	0.202	0.325	0.301	0.301	0.375
SPCC1322.04	fyu1	inviable	E	0.0	1.822	3.291	4.198	4.327	4.492	4.395
SPCC1322.05c	lap2	viable	V	0.0	0.333	0.685	0.627	-0.253	-0.481	-0.592
SPCC1322.06	kap113	viable	V	0.0	0.058	0.325	0.297	0.118	-0.067	0.208
SPCC1322.07c	mug150	viable	V	0.0	1.013	0.628	-0.168	0.098	-0.25	-1.173
SPCC1322.08	srk1	viable	V	0.0	0.288	0.385	0.258	0.565	0.434	0.256
SPCC1322.09	SPCC1322.09	viable	V	0.0	-0.627	-0.481	-0.54	-0.815	-0.812	0.491
SPCC1322.10	knh2	viable	V	0.0	-1.229	0.911	0.566	1.785	-0.102	0.219
SPCC1322.11	rpl2302	inviable	E	0.0	1.42	2.302	2.302	2.302	2.302	2.302
SPCC1322.12c	bub1	viable	V	0.0	0.041	0.217	0.507	0.662	0.899	1.162
SPCC1322.14c	vtc4	viable	V	0.0	0.472	0.571	0.875	0.915	0.946	1.005
SPCC1322.15	rpl3402	viable	V	0.0	0.89	1.709	1.081	0.669	2.36	1.795
SPCC1322.16	phb2	viable	V	0.0	0.058	-0.151	0.248	0.185	0.638	0.786
SPCC1393.03	rps1501	viable	V	0.0	1.256	2.313	2.99	3.885	4.009	4.118
SPCC1393.04	fta4	inviable	E	0.0	0.362	1.192	2.774	3.551	3.589	3.593
SPCC1393.05	ers1	viable	V	0.0	0.211	0.36	0.004	0.284	0.126	0.266
SPCC1393.06c	ipi1	inviable	E	0.0	1.935	3.607	4.542	4.34	4.329	4.474
SPCC1393.07c	mug4	viable	V	0.0	-0.053	0.261	0.395	0.125	0.137	0.198
SPCC1393.08	fil1	viable	V	0.0	0.111	0.105	-0.023	-0.218	-0.345	-0.106
SPCC1393.09c	gir2	viable	V	0.0	0.129	0.132	0.385	0.353	0.368	0.424
SPCC1393.12	SPCC1393.12	viable	V	0.0	0.0	-0.273	0.018	-0.107	0.447	-0.517
SPCC1393.13	duf89	viable	V	0.0	0.43	0.81	0.97	0.682	0.935	0.996
SPCC1393.14	ten1	viable	Not_determined	0.0	-0.116	0.584	1.342	2.551	3.842	3.211
SPCC13B11.01	adh1	viable	V	0.0	1.983	3.708	4.609	4.573	4.866	4.827
SPCC13B11.03c	SPCC13B11.03c	viable	V	0.0	0.46	0.89	0.491	0.525	0.7	0.933
SPCC13B11.04c	fmd3	viable	V	0.0	-0.244	-0.505	-0.438	-0.564	-0.509	-0.408
SPCC1442.01	ste6	viable	V	0.0	0.33	0.511	0.451	0.836	0.538	0.685
SPCC1442.02	glm2	viable	V	0.0	0.66	-0.853	-0.166	-0.067	-0.646	-0.866
SPCC1442.03	mme1	viable	V	0.0	0.326	1.444	1.158	0.955	1.823	2.122
SPCC1442.04c	rmr1	viable	V	0.0	0.637	-0.74	0.68	0.931	-1.054	-0.876
SPCC1442.05c	mic26	viable	V	0.0	-0.0	1.162	0.228	0.314	0.672	-0.108
SPCC1442.06	pre8	inviable	E	0.0	1.716	3.467	3.869	4.444	4.421	4.321
SPCC1442.07c	wss2	viable	V	0.0	0.251	0.069	0.325	0.464	0.925	0.489
SPCC1442.08c	cox12	viable	V	0.0	-0.028	0.063	0.294	0.23	0.372	0.415
SPCC1442.09	trp3	inviable	E	0.0	2.396	3.715	4.326	4.353	3.929	4.455
SPCC1442.11c	SPCC1442.11c	viable	V	0.0	0.246	-0.03	0.816	0.766	0.93	0.979
SPCC1442.12	pps1	condition-dependent	E	0.0	1.276	3.247	4.166	4.019	3.59	3.933
SPCC1442.14c	hnt1	viable	V	0.0	0.155	-0.094	0.273	0.145	0.287	0.093
SPCC1442.16c	zta1	viable	V	0.0	0.291	-0.09	-0.166	0.198	0.124	-0.269
SPCC1442.17c	ist1	viable	V	0.0	0.308	0.063	0.161	0.43	0.293	0.196
SPCC1442.19	mrp49	unknown	Not_determined	0.0	0.392	0.328	0.642	1.051	2.103	1.798
SPCC1450.02	bdf1	viable	V	0.0	0.021	0.343	0.233	0.391	0.786	0.656
SPCC1450.03	utp502	viable	V	0.0	0.45	3.236	3.236	3.236	1.736	2.372
SPCC1450.04	tef5	inviable	E	0.0	2.318	3.693	4.094	4.118	4.432	4.23
SPCC1450.05c	rox3	viable	V	0.0	0.547	0.028	0.557	0.952	0.143	0.2
SPCC1450.07c	dao1	viable	V	0.0	1.047	0.054	1.929	0.344	0.992	0.137
SPCC1450.08c	wtf16	viable	V	0.0	-0.485	0.529	-0.275	-0.267	-1.007	-0.247
SPCC1450.09c	plb5	viable	V	0.0	-0.201	-0.41	0.012	-0.888	-0.383	-0.434
SPCC1450.10c	nar1	inviable	E	0.0	1.049	2.455	3.097	3.383	3.633	3.698
SPCC1450.11c	cek1	viable	V	0.0	0.121	0.345	0.58	0.573	0.759	0.611
SPCC1450.12	SPCC1450.12	viable	V	0.0	-0.315	-0.231	-0.288	-0.237	-0.607	-0.457
SPCC1450.13c	rib5	inviable	E	0.0	1.043	2.796	3.728	3.904	4.082	4.211
SPCC1450.14c	ero12	inviable	E	0.0	0.189	1.96	3.237	4.037	3.786	3.89
SPCC1450.15	SPCC1450.15	inviable	E	0.0	1.508	3.714	4.402	4.691	4.599	4.234
SPCC1450.16c	ptl1	viable	V	0.0	0.144	0.391	0.603	0.518	0.802	1.129
SPCC1494.01	SPCC1494.01	viable	V	0.0	-0.167	0.104	-0.257	-0.137	0.723	0.385
SPCC1494.02c	taf13	inviable	E	0.0	0.402	1.612	1.592	2.529	2.529	2.529
SPCC1494.03	arz1	viable	V	0.0	-0.569	-1.089	1.28	1.217	-0.002	2.217
SPCC1494.04c	tyr1	viable	V	0.0	2.639	3.016	4.89	4.213	4.89	3.886
SPCC1494.05c	ubp12	viable	V	0.0	-0.115	-0.257	0.032	-0.262	-0.345	-0.398
SPCC1494.06c	dbp9	inviable	E	0.0	1.616	3.792	4.167	4.555	4.145	4.673
SPCC1494.07	trm732	viable	V	0.0	0.051	0.056	0.371	0.074	0.174	0.172
SPCC1494.08c	SPCC1494.08c	viable	V	0.0	0.684	0.131	1.862	0.536	-0.134	0.758
SPCC1494.09c	tfb6	viable	V	0.0	1.336	0.029	-0.002	-0.59	-0.48	1.353
SPCC1494.10	adn3	viable	V	0.0	0.314	0.477	0.473	0.4	0.69	0.941
SPCC1494.11c	Tf2-13	unknown	Not_determined	0.0	-0.096	-0.413	1.094	-0.291	0.127	-0.722
SPCC14G10.01	cab5	inviable	E	0.0	0.637	2.745	3.959	4.192	4.167	4.411
SPCC14G10.02	urb1	inviable	E	0.0	1.461	2.869	3.99	4.09	4.226	4.538
SPCC14G10.03c	ump1	viable	V	0.0	0.669	1.464	2.684	3.595	4.17	4.23
SPCC14G10.04	eap1	viable	V	0.0	0.193	0.66	0.955	1.411	1.989	1.282
SPCC1529.01	SPCC1529.01	viable	V	0.0	0.179	0.496	0.422	0.734	0.293	0.838
SPCC162.01c	snp27	viable	V	0.0	1.691	1.635	1.031	0.509	0.303	0.441
SPCC162.02c	SPCC162.02c	viable	V	0.0	-0.07	0.467	0.829	0.666	0.436	0.528
SPCC162.03	SPCC162.03	viable	V	0.0	-0.253	-0.493	-0.131	-0.203	-0.781	-0.456
SPCC162.05	coq3	condition-dependent	V	0.0	-0.052	0.085	0.258	0.907	1.836	2.947
SPCC162.06c	vps60	viable	V	0.0	-0.105	-0.436	1.135	0.32	1.28	1.979
SPCC162.08c	nup211	inviable	E	0.0	0.969	2.359	3.101	3.492	3.832	3.831
SPCC162.09c	hmg1	condition-dependent	E	0.0	1.712	3.31	3.7	3.869	3.832	3.834
SPCC162.10	ppk33	viable	V	0.0	0.263	0.072	0.134	0.374	0.279	0.495
SPCC162.11c	urk1	viable	V	0.0	-0.376	-0.356	-0.407	-0.382	-0.384	-0.401
SPCC162.12	tco89	viable	V	0.0	0.177	0.35	0.282	0.057	0.333	0.402
SPCC1620.01c	lsm2	inviable	E	0.0	1.22	2.751	3.401	3.598	3.63	3.78
SPCC1620.03	mug163	viable	V	0.0	-0.075	-0.169	0.011	0.198	-0.029	0.215
SPCC1620.04c	fzr3	viable	V	0.0	-0.517	-0.205	0.612	-0.013	-0.268	1.19
SPCC1620.05	bet4	inviable	E	0.0	1.71	3.38	3.65	3.514	4.007	3.866
SPCC1620.06c	SPCC1620.06c	inviable	E	0.0	2.521	3.346	3.813	3.813	3.813	3.592
SPCC1620.07c	lnp1	viable	V	0.0	0.221	0.192	0.107	-0.063	0.299	0.669
SPCC1620.08	lsc2	viable	V	0.0	0.162	0.763	1.599	1.293	1.591	1.136
SPCC1620.09c	tfg1	inviable	E	0.0	1.14	1.872	2.545	2.653	2.808	3.006
SPCC1620.11	nup97	inviable	E	0.0	1.88	3.33	4.553	4.274	4.753	4.543
SPCC1620.12c	SPCC1620.12c	viable	V	0.0	-0.054	0.21	0.288	0.423	0.391	0.578
SPCC1620.13	SPCC1620.13	viable	V	0.0	-0.086	-0.31	-0.403	-0.237	-0.368	-0.252
SPCC1620.14c	snf22	viable	V	0.0	0.459	0.722	1.075	1.605	1.86	2.037
SPCC1672.01	SPCC1672.01	inviable	E	0.0	0.096	0.019	0.429	0.019	-0.056	0.261
SPCC1672.02c	sap1	inviable	E	0.0	2.197	2.711	2.711	2.711	2.711	2.207
SPCC1672.03c	gud1	viable	V	0.0	-0.226	-0.328	-0.233	-0.286	-0.118	-0.212
SPCC1672.04c	cox19	viable	V	0.0	-0.04	0.082	0.296	0.666	0.877	1.742
SPCC1672.06c	asp1	viable	V	0.0	0.406	1.25	2.543	2.469	2.93	3.217
SPCC1672.07	utp21	inviable	E	0.0	1.625	3.867	4.541	4.739	4.839	4.788
SPCC1672.08c	tfa2	inviable	E	0.0	0.956	1.329	1.333	1.393	1.535	1.214
SPCC1672.09	SPCC1672.09	viable	V	0.0	0.683	0.607	0.945	1.29	1.298	0.665
SPCC1672.10	mis16	inviable	E	0.0	0.134	0.783	3.434	5.015	5.075	5.142
SPCC1672.11c	SPCC1672.11c	viable	V	0.0	0.171	0.396	0.642	0.734	0.848	1.032
SPCC1672.12c	get4	viable	V	0.0	0.365	0.473	1.044	0.654	0.916	1.003
SPCC1682.01	qcr9	viable	V	0.0	0.163	0.445	0.464	0.661	0.902	1.709
SPCC1682.02c	mcm3	inviable	E	0.0	1.437	3.624	4.151	4.014	4.329	4.261
SPCC1682.03c	mug174	inviable	E	0.0	0.162	0.483	1.131	1.961	2.781	3.574
SPCC1682.04	cdc31	inviable	E	0.0	1.013	2.593	3.985	4.4	4.426	4.691
SPCC1682.05c	srp68	inviable	Not_determined	0.0	2.292	2.367	3.379	3.917	4.077	4.028
SPCC1682.06	SPCC1682.06	viable	V	0.0	0.614	1.184	0.022	-0.118	1.023	0.043
SPCC1682.07	ssl1	condition-dependent	E	0.0	0.875	2.274	3.8	3.288	3.409	4.418
SPCC1682.08c	mpf2	viable	V	0.0	-0.234	0.28	0.109	0.749	-0.051	0.317
SPCC1682.09c	ggc1	inviable	E	0.0	-0.027	0.33	1.596	3.641	4.448	4.481
SPCC1682.10	rpn8	inviable	E	0.0	1.523	3.856	3.55	4.254	4.262	4.157
SPCC1682.11c	ctl1	viable	V	0.0	0.21	0.315	0.35	0.231	0.301	0.471
SPCC1682.12c	ubp16	viable	V	0.0	0.425	0.452	1.102	1.409	1.798	1.721
SPCC1682.13	laf2	viable	V	0.0	0.57	0.129	1.648	1.56	0.866	0.895
SPCC1682.15	mug122	viable	V	0.0	0.019	0.117	0.284	0.61	0.372	0.196
SPCC1682.16	rpt4	viable	V	0.0	1.323	2.936	2.596	3.302	3.421	3.421
SPCC16A11.01	sfk1	viable	V	0.0	0.465	0.146	1.016	0.812	0.152	0.35
SPCC16A11.02	utp13	inviable	Not_determined	0.0	2.115	3.539	4.211	4.021	4.148	4.254
SPCC16A11.03c	SPCC16A11.03c	viable	V	0.0	0.353	0.227	0.475	0.722	0.658	0.4
SPCC16A11.04	snx12	viable	V	0.0	-0.006	0.075	0.256	0.227	0.363	-0.037
SPCC16A11.05c	dim1	inviable	E	0.0	1.834	3.908	4.694	5.045	4.987	5.351
SPCC16A11.06c	gpi10	inviable	E	0.0	1.393	2.801	3.669	3.085	3.545	3.362
SPCC16A11.07	coq10	viable	V	0.0	-0.026	-0.165	0.425	0.613	0.626	1.137
SPCC16A11.08	atg20	viable	V	0.0	0.207	-0.167	-0.443	-0.357	-0.588	-0.453
SPCC16A11.09c	tim23	inviable	E	0.0	1.206	2.628	3.45	3.515	3.507	3.766
SPCC16A11.10c	oca8	viable	V	0.0	0.568	-0.204	0.868	0.594	0.34	0.383
SPCC16A11.11	mrpl31	inviable	E	0.0	0.564	1.242	2.589	3.941	4.901	4.563
SPCC16A11.12c	ubp1	viable	V	0.0	0.29	-0.147	-0.224	0.254	0.669	0.101
SPCC16A11.13	luc7	inviable	E	0.0	-0.449	0.684	1.846	2.866	2.866	2.866
SPCC16A11.14	sfh1	inviable	E	0.0	0.886	1.453	2.407	3.497	3.497	3.497
SPCC16A11.15c	SPCC16A11.15c	viable	V	0.0	1.581	1.834	1.011	1.386	1.23	1.61
SPCC16A11.16c	rpn1302	viable	V	0.0	-0.285	-0.555	-0.358	-0.631	-0.295	-0.27
SPCC16A11.17	mcm4	inviable	E	0.0	1.399	2.813	3.283	3.496	3.581	3.368
SPCC16C4.01	sif2	viable	V	0.0	0.384	0.775	0.744	1.323	1.458	0.63
SPCC16C4.02c	asi1	inviable	E	0.0	1.717	3.42	4.138	4.913	4.598	4.781
SPCC16C4.03	pin1	viable	V	0.0	-0.159	-0.193	-0.171	0.225	0.636	1.155
SPCC16C4.04	pex26	viable	V	0.0	0.216	-0.0	-0.282	-0.332	0.015	0.324
SPCC16C4.05	pop23	inviable	E	0.0	2.397	3.278	2.341	3.278	3.278	2.414
SPCC16C4.06c	pus3	viable	V	0.0	0.822	0.143	0.97	1.115	0.884	1.532
SPCC16C4.07	scw1	viable	V	0.0	0.287	0.346	0.597	0.764	1.671	1.63
SPCC16C4.08c	skb15	inviable	E	0.0	1.48	2.963	3.623	3.72	4.101	3.801
SPCC16C4.09	sts5	viable	V	0.0	0.089	0.581	0.061	0.599	0.635	1.079
SPCC16C4.10	pgl1	viable	V	0.0	0.346	1.142	2.222	2.972	3.375	3.802
SPCC16C4.11	pef1	viable	V	0.0	0.978	0.935	2.192	2.049	2.868	3.757
SPCC16C4.12	naa20	viable	V	0.0	-0.031	1.021	1.26	2.365	3.075	3.075
SPCC16C4.14c	sfc4	viable	V	0.0	0.409	1.634	3.016	4.031	3.711	3.994
SPCC16C4.15	rml2	inviable	E	0.0	0.393	1.285	4.092	4.175	5.181	5.742
SPCC16C4.16c	cbc3	viable	Not_determined	0.0	-0.663	-0.325	-0.364	-0.64	-0.31	-0.366
SPCC16C4.17	mug123	viable	V	0.0	0.268	-0.243	-0.253	-0.76	-0.365	-0.765
SPCC16C4.18c	taf6	inviable	E	0.0	0.249	2.292	3.209	2.971	2.96	3.003
SPCC16C4.19	rpp21	inviable	E	0.0	0.833	2.734	2.174	1.814	2.58	2.633
SPCC16C4.20c	hap2	viable	V	0.0	0.074	0.076	0.561	0.621	-0.079	-0.133
SPCC16C4.21	SPCC16C4.21	unknown	Not_determined	0.0	0.349	0.208	0.231	0.571	0.324	0.311
SPCC1739.01	SPCC1739.01	viable	V	0.0	-0.044	0.525	-0.211	0.87	0.105	0.57
SPCC1739.02c	mrpl22	inviable	E	0.0	0.216	1.171	2.829	3.669	3.996	3.927
SPCC1739.03	hrr1	viable	V	0.0	0.082	-0.111	0.206	0.05	0.498	0.52
SPCC1739.04c	dms1	viable	V	0.0	-0.155	-0.125	0.002	0.025	-0.05	-0.103
SPCC1739.05	set5	viable	V	0.0	-0.561	-0.346	-0.278	-0.729	-0.446	-0.6
SPCC1739.06c	met1	viable	V	0.0	0.076	0.347	0.579	0.541	0.463	0.487
SPCC1739.07	cti1	condition-dependent	V	0.0	0.191	0.663	1.457	2.127	2.198	2.255
SPCC1739.08c	SPCC1739.08c	viable	V	0.0	0.599	0.061	0.784	0.727	0.682	1.189
SPCC1739.10	mug33	viable	V	0.0	-0.243	-0.364	-0.58	-0.926	-1.367	-1.041
SPCC1739.11c	cdc11	inviable	E	0.0	0.16	2.089	3.817	4.389	4.322	4.322
SPCC1739.13	ssa2	condition-dependent	E	0.0	2.697	3.064	3.71	2.727	3.264	3.71
SPCC1739.14	npp106	viable	V	0.0	0.744	1.202	2.236	2.792	3.293	3.156
SPCC1739.15	wtf21	inviable	E	0.0	0.359	0.068	-0.048	-0.249	0.213	0.031
SPCC1742.01	gsf2	viable	V	0.0	0.333	0.024	0.659	-0.091	0.498	-0.397
SPCC1753.01c	ssb2	inviable	E	0.0	0.843	2.033	2.928	3.437	3.852	3.674
SPCC1753.02c	git3	viable	V	0.0	0.78	1.391	1.954	2.309	2.659	2.577
SPCC1753.03c	rec7	viable	V	0.0	0.032	-0.019	-0.057	-0.208	-0.141	0.309
SPCC1753.04	tol1	inviable	E	0.0	2.137	3.303	4.425	4.352	4.138	4.296
SPCC1753.05	rsm1	viable	V	0.0	-0.18	0.536	1.466	2.704	3.658	4.442
SPCC1795.02c	vcx1	viable	V	0.0	0.127	0.347	-0.032	0.17	0.543	0.108
SPCC1795.03	gms1	viable	V	0.0	0.45	1.37	2.484	2.923	3.744	4.32
SPCC1795.04c	pre10	inviable	E	0.0	2.425	3.104	3.572	3.572	3.113	3.572
SPCC1795.05c	ura6	inviable	E	0.0	2.293	4.878	3.239	2.561	2.554	4.139
SPCC1795.06	map2	viable	V	0.0	-0.019	0.097	-0.305	-0.02	-0.054	-0.581
SPCC1795.08c	vid21	inviable	E	0.0	0.371	1.03	2.482	3.085	3.779	4.218
SPCC1795.09	yps1	viable	V	0.0	0.967	1.449	1.776	1.546	1.124	1.858
SPCC1795.10c	svp26	viable	V	0.0	0.196	-0.023	-0.731	-0.312	-0.976	-0.178
SPCC1795.11	sum3	inviable	E	0.0	2.511	3.925	4.045	3.761	3.902	3.96
SPCC1795.12c	SPCC1795.12c	viable	V	0.0	-0.899	0.781	0.762	-0.886	0.762	0.297
SPCC18.01c	adg3	viable	V	0.0	0.021	0.351	0.432	0.49	0.701	0.926
SPCC18.02	SPCC18.02	viable	V	0.0	0.399	0.029	0.717	-0.59	-0.261	-0.537
SPCC18.03	SPCC18.03	viable	V	0.0	-0.19	0.307	0.232	0.018	-0.105	0.093
SPCC18.04	pof6	inviable	E	0.0	1.759	3.17	4.014	4.186	4.198	4.205
SPCC18.05c	rsa4	inviable	E	0.0	1.819	3.922	4.339	4.149	4.339	4.322
SPCC18.06c	caf1	viable	V	0.0	0.316	1.164	2.196	2.864	3.496	4.211
SPCC18.07	rpc53	inviable	E	0.0	1.308	2.982	4.153	4.452	4.728	4.44
SPCC18.08	msk1	inviable	E	0.0	-0.088	0.183	1.426	3.481	4.481	4.481
SPCC18.09c	hnt3	viable	V	0.0	0.306	0.097	0.05	-0.091	-0.036	0.736
SPCC18.10	SPCC18.10	viable	V	0.0	0.115	-0.451	-0.087	-0.254	0.245	-0.338
SPCC18.11c	sdc1	viable	V	0.0	-0.179	0.145	0.298	0.36	1.21	1.734
SPCC18.12c	utp23	inviable	E	0.0	1.358	3.488	3.841	4.221	4.477	4.217
SPCC18.13	trm82	viable	V	0.0	0.044	-0.309	0.492	0.637	1.064	1.069
SPCC18.14c	rpp0	inviable	E	0.0	2.075	3.008	2.964	3.322	3.165	3.322
SPCC18.15	dph7	viable	V	0.0	0.25	0.666	0.838	0.774	1.016	1.151
SPCC18.16c	fmn1	inviable	E	0.0	2.496	4.598	5.705	4.783	5.219	5.342
SPCC18.17c	SPCC18.17c	viable	V	0.0	0.142	0.539	1.222	1.724	1.866	2.48
SPCC18.18c	fum1	unknown	Not_determined	0.0	0.094	0.762	0.709	0.762	0.584	0.909
SPCC18.19c	ost5	unknown	Not_determined	0.0	0.12	-0.191	-0.279	-0.258	-0.306	-0.64
SPCC1827.01c	utp25	inviable	E	0.0	2.071	3.276	3.332	4.109	3.455	4.115
SPCC1827.02c	pcy1	viable	V	0.0	0.084	0.072	0.2	0.192	0.134	-0.04
SPCC1827.03c	pcs60	viable	V	0.0	0.221	1.255	2.411	0.455	0.675	0.623
SPCC1827.04	vms1	viable	V	0.0	0.393	0.589	0.367	0.066	0.138	0.864
SPCC1827.05c	SPCC1827.05c	inviable	E	0.0	1.793	2.939	4.163	4.317	4.103	4.323
SPCC1827.06c	hom2	inviable	E	0.0	0.932	2.312	2.736	2.866	3.011	2.706
SPCC1827.07c	spx2	viable	V	0.0	0.041	0.241	0.328	0.304	0.445	0.701
SPCC1827.08c	pof7	viable	V	0.0	-0.363	-0.123	-0.07	-0.165	0.508	-0.221
SPCC1840.02c	bgs4	condition-dependent	V	0.0	2.437	3.208	3.732	3.633	3.883	3.866
SPCC1840.03	sal3	viable	V	0.0	0.868	1.729	2.703	2.924	3.524	3.698
SPCC1840.04	pca1	viable	V	0.0	-0.107	-0.197	-0.458	-0.832	-0.819	-0.86
SPCC1840.05c	pgm2	viable	V	0.0	-0.038	0.381	-0.033	0.471	-0.028	0.66
SPCC1840.06	atp5	viable	V	0.0	0.353	0.794	0.861	1.354	1.755	1.346
SPCC1840.07c	SPCC1840.07c	viable	V	0.0	0.133	-0.111	0.773	-0.09	0.06	0.114
SPCC1840.08c	pdi5	viable	V	0.0	-0.225	-0.386	-0.097	-0.178	-0.326	-0.411
SPCC1840.09	coq11	viable	V	0.0	-0.163	0.04	0.496	0.702	1.217	1.998
SPCC1840.11	csl4	viable	V	0.0	1.122	2.016	2.611	2.611	2.611	2.611
SPCC1840.12	opt3	viable	V	0.0	0.275	-0.071	0.172	0.135	-0.131	0.218
SPCC1840.13	SPCC1840.13	unknown	Not_determined	0.0	0.007	0.248	-0.199	0.072	0.808	-0.11
SPCC188.02	par1	viable	V	0.0	0.381	0.877	0.813	1.028	1.368	2.099
SPCC188.03	cnd3	inviable	E	0.0	1.9	2.99	3.808	3.768	3.605	3.767
SPCC188.04c	spc25	inviable	E	0.0	1.029	2.227	3.111	3.126	3.134	3.124
SPCC188.06c	srp54	inviable	E	0.0	2.052	3.465	3.888	4.328	3.901	4.207
SPCC188.07	ccq1	viable	V	0.0	0.416	0.501	0.535	0.993	0.721	1.801
SPCC188.08c	ubp5	viable	V	0.0	0.203	0.435	0.475	0.493	0.515	0.819
SPCC188.11	prp45	inviable	E	0.0	1.36	3.191	4.499	4.274	4.907	4.409
SPCC188.13c	dcr1	viable	V	0.0	-0.021	0.074	0.802	0.753	0.481	0.692
SPCC1884.01	SPCC1884.01	unknown	Not_determined	0.0	-0.063	0.057	-0.007	-0.235	-0.085	-0.199
SPCC1884.02	nic1	condition-dependent	V	0.0	-0.387	-0.153	0.059	0.328	-0.008	0.276
SPCC18B5.01c	bfr1	viable	V	0.0	0.286	0.546	0.716	0.866	0.835	0.594
SPCC18B5.03	wee1	viable	V	0.0	-0.191	-0.243	0.46	1.11	1.619	1.874
SPCC18B5.04	rsm18	inviable	E	0.0	-0.015	1.554	3.477	4.352	4.948	4.226
SPCC18B5.05c	SPCC18B5.05c	viable	V	0.0	-0.916	-1.424	-0.393	-1.585	-1.025	-0.405
SPCC18B5.06	dom34	viable	V	0.0	-0.117	0.27	0.491	0.859	0.556	0.719
SPCC18B5.07c	nup61	viable	V	0.0	0.254	0.507	-0.506	-0.94	-0.674	-0.538
SPCC18B5.08c	ism1	inviable	E	0.0	0.336	0.869	2.958	3.3	3.598	3.387
SPCC18B5.09c	thc1	viable	V	0.0	0.092	-0.385	-0.759	-0.3	-0.903	-0.284
SPCC18B5.10c	tho3	viable	V	0.0	-0.642	-0.26	-0.231	-0.381	-0.548	-0.394
SPCC18B5.11c	cds1	viable	V	0.0	-0.21	0.091	0.021	0.442	0.222	0.46
SPCC1902.01	gaf1	viable	V	0.0	-0.185	0.171	0.058	0.454	-0.105	0.26
SPCC1902.02	mug72	viable	V	0.0	0.108	0.384	-0.021	0.448	-0.169	0.239
SPCC1906.01	mpg1	inviable	E	0.0	1.839	4.06	3.94	3.945	4.923	3.888
SPCC1906.02c	rqt3	viable	V	0.0	-0.103	0.314	0.613	0.705	0.29	0.332
SPCC1906.04	wtf20	viable	V	0.0	0.055	-0.177	0.223	-0.482	0.031	0.991
SPCC191.02c	acs1	viable	V	0.0	2.146	3.262	4.488	4.193	4.198	4.581
SPCC191.04c	SPCC191.04c	unknown	Not_determined	0.0	0.337	0.305	0.237	0.271	0.461	0.637
SPCC191.05c	SPCC191.05c	viable	V	0.0	0.431	0.626	0.586	0.632	0.507	0.739
SPCC191.06	SPCC191.06	viable	V	0.0	-0.176	0.461	0.905	0.789	0.423	0.377
SPCC191.09c	gst1	viable	V	0.0	-0.546	-0.807	-0.665	-0.792	-0.878	-0.69
SPCC191.10	SPCC191.10	viable	V	0.0	0.204	-0.678	-0.617	-0.398	-0.443	-0.443
SPCC191.11	inv1	viable	V	0.0	-0.12	0.225	0.762	1.698	-0.521	-0.653
SPCC1919.01	ckk2	viable	V	0.0	0.299	-0.287	-0.18	-0.228	-0.585	-0.342
SPCC1919.02	pbn1	inviable	E	0.0	0.742	2.735	2.934	3.478	3.238	3.533
SPCC1919.03c	amk2	viable	V	0.0	-0.384	-0.374	0.167	0.551	0.848	0.551
SPCC1919.04	SPCC1919.04	unknown	Not_determined	0.0	0.792	1.299	1.28	1.217	1.28	0.426
SPCC1919.05	ski3	viable	V	0.0	0.143	0.466	0.532	0.707	0.698	1.092
SPCC1919.06c	wtf25	unknown	Not_determined	0.0	-0.047	-0.372	-0.506	-0.012	0.218	0.075
SPCC1919.07	SPCC1919.07	viable	V	0.0	0.452	-0.069	0.407	0.74	0.882	0.736
SPCC1919.08c	mrpl33	inviable	E	0.0	0.261	0.527	3.787	3.648	3.235	3.261
SPCC1919.09	tif6	viable	V	0.0	1.827	3.895	4.643	4.814	4.893	4.845
SPCC1919.10c	myo52	condition-dependent	V	0.0	0.61	1.814	2.864	3.575	4.018	4.266
SPCC1919.11	mug137	viable	V	0.0	-0.076	-0.363	-0.261	-0.321	-0.199	-0.182
SPCC1919.12c	erm2	viable	V	0.0	-0.191	-0.068	0.059	0.093	0.134	0.2
SPCC1919.13c	bmt5	viable	V	0.0	-0.014	-0.097	-0.13	0.025	-0.219	-0.06
SPCC1919.14c	bdp1	inviable	E	0.0	1.807	3.022	3.359	3.042	3.307	3.497
SPCC1919.15	brl1	viable	V	0.0	0.576	1.152	1.748	2.698	3.589	4.266
SPCC23B6.01c	osh6	viable	V	0.0	0.01	0.121	0.04	-0.016	-0.175	-0.034
SPCC23B6.02c	ecm1	viable	V	0.0	-0.478	-0.498	0.073	-0.485	-0.537	0.137
SPCC23B6.03c	tel1	viable	V	0.0	0.201	0.157	0.296	0.34	0.274	0.39
SPCC23B6.04c	pdr16	viable	V	0.0	0.129	0.52	0.778	0.555	0.885	0.759
SPCC23B6.05c	ssb3	viable	V	0.0	0.149	0.34	1.247	0.892	1.448	1.772
SPCC24B10.02c	SPCC24B10.02c	viable	V	0.0	-0.044	0.092	0.837	1.372	0.974	0.977
SPCC24B10.03	SPCC24B10.03	viable	V	0.0	0.11	0.332	-0.366	0.259	0.317	0.788
SPCC24B10.04	mrpl50	viable	V	0.0	0.44	1.841	3.551	4.277	3.721	4.872
SPCC24B10.05	tim9	inviable	E	0.0	0.218	0.869	3.132	4.047	4.226	3.92
SPCC24B10.06	SPCC24B10.06	viable	V	0.0	-0.138	1.458	3.365	3.443	3.669	3.227
SPCC24B10.07	gad8	viable	V	0.0	1.24	1.657	2.134	2.786	2.816	3.367
SPCC24B10.08c	ada2	viable	V	0.0	0.085	0.67	1.213	1.62	1.744	2.23
SPCC24B10.09	rps1702	viable	V	0.0	1.286	2.178	2.034	2.59	3.065	2.378
SPCC24B10.10c	yta4	viable	V	0.0	0.695	0.244	1.131	0.708	1.061	0.459
SPCC24B10.11c	tho7	viable	V	0.0	0.387	1.169	2.37	3.36	4.816	4.907
SPCC24B10.12	cgi121	viable	V	0.0	1.48	2.474	2.607	3.494	3.016	5.494
SPCC24B10.14c	xlf1	viable	V	0.0	0.252	-0.368	-0.369	-0.533	-0.517	-0.256
SPCC24B10.15	swt1	viable	V	0.0	-0.151	-0.115	-0.53	-0.501	-0.638	-0.523
SPCC24B10.17	emp24	viable	V	0.0	1.094	1.334	2.78	3.44	3.442	3.466
SPCC24B10.18	SPCC24B10.18	viable	V	0.0	0.195	0.458	0.739	1.019	1.268	1.018
SPCC24B10.19c	nts1	viable	V	0.0	0.07	0.091	0.056	0.283	0.226	0.683
SPCC24B10.20	SPCC24B10.20	viable	V	0.0	-0.04	0.136	0.345	0.135	0.281	0.086
SPCC24B10.21	tpi1	viable	V	0.0	1.277	3.125	3.144	3.308	3.585	3.798
SPCC24B10.22	pog1	viable	V	0.0	0.111	0.272	1.362	2.845	3.896	3.884
SPCC285.03	dbp6	inviable	E	0.0	1.447	2.998	3.523	3.752	4.007	4.099
SPCC285.04	SPCC285.04	viable	V	0.0	-0.034	-0.138	-0.055	-0.145	-0.15	-0.196
SPCC285.05	SPCC285.05	viable	V	0.0	0.519	-0.099	0.426	0.869	1.569	0.834
SPCC285.08	ret2	inviable	E	0.0	2.536	4.251	5.503	4.88	4.823	5.201
SPCC285.09c	cgs2	viable	V	0.0	0.074	-0.199	-0.242	-0.095	-0.074	-0.274
SPCC285.11	dsc5	viable	V	0.0	0.231	-0.179	-0.201	-0.361	-0.099	-0.366
SPCC285.12	lsm7	inviable	E	0.0	1.587	3.705	4.774	5.008	5.755	4.847
SPCC285.13c	nup60	viable	V	0.0	0.27	0.666	0.611	0.576	0.546	0.504
SPCC285.14	trs130	viable	V	0.0	0.216	2.385	3.365	3.476	3.854	3.839
SPCC285.15c	rps2802	viable	V	0.0	1.904	-0.234	2.785	2.785	1.849	1.921
SPCC285.16c	msh6	viable	V	0.0	0.094	-0.255	-0.308	0.151	-0.178	0.067
SPCC285.17	spp27	viable	V	0.0	0.044	0.125	0.196	0.16	0.24	0.311
SPCC290.02	rpc34	inviable	E	0.0	1.552	3.653	4.917	4.682	5.161	4.998
SPCC290.03c	nup186	inviable	E	0.0	1.503	2.861	3.534	3.895	3.918	3.952
SPCC290.04	ams2	viable	Not_determined	0.0	0.968	1.892	3.002	3.149	3.613	3.48
SPCC297.03	ssp1	condition-dependent	V	0.0	0.749	1.257	2.298	1.512	0.891	1.61
SPCC297.04c	set7	viable	V	0.0	0.538	-0.312	-0.759	-0.504	-0.119	-0.532
SPCC297.05	SPCC297.05	viable	V	0.0	-0.201	0.144	0.385	0.181	0.731	0.692
SPCC297.06c	SPCC297.06c	viable	V	0.0	-1.139	-0.829	-1.025	-1.047	-0.975	-0.48
SPCC2H8.02	pho843	viable	V	0.0	0.274	-0.176	-0.521	0.114	-0.206	0.834
SPCC2H8.04	lyr2	inviable	E	0.0	0.119	0.292	0.917	3.821	3.225	4.046
SPCC2H8.05c	dbl1	viable	V	0.0	0.741	0.506	0.73	0.387	0.133	0.412
SPCC306.02c	yip3	viable	V	0.0	0.046	-0.503	-0.434	-0.94	-1.253	-0.905
SPCC306.03c	cnd2	inviable	E	0.0	1.583	3.394	4.128	4.095	4.226	4.659
SPCC306.04c	set1	viable	V	0.0	0.103	0.491	0.682	1.089	1.306	1.564
SPCC306.05c	ins1	viable	V	0.0	-0.534	-0.475	-0.06	-0.438	0.144	-0.212
SPCC306.06c	big1	condition-dependent	E	0.0	0.152	0.813	1.49	1.713	2.345	2.533
SPCC306.07c	SPCC306.07c	viable	V	0.0	0.108	0.589	0.181	0.249	0.286	0.275
SPCC306.08c	mdh1	viable	V	0.0	0.15	0.355	0.268	0.572	0.389	0.226
SPCC306.09c	cap1	viable	V	0.0	0.156	0.449	1.048	2.458	2.856	3.033
SPCC306.11	SPCC306.11	viable	V	0.0	0.059	0.24	0.148	-0.059	-0.159	0.077
SPCC31H12.03c	mlo1	viable	V	0.0	0.027	0.411	-0.194	-0.293	-0.179	0.237
SPCC31H12.05c	sds21	viable	V	0.0	-0.249	-0.196	-0.208	-0.283	-0.571	-0.459
SPCC31H12.06	mug111	viable	V	0.0	0.261	0.076	-0.161	-0.286	0.268	-0.143
SPCC31H12.07	sec231	inviable	E	0.0	2.12	4.098	4.7	4.053	4.7	4.7
SPCC31H12.08c	ccr4	viable	V	0.0	0.535	0.76	1.536	1.694	2.616	2.984
SPCC320.03	rgt1	viable	V	0.0	0.284	0.583	0.564	0.757	1.258	1.014
SPCC320.04c	gem1	viable	V	0.0	0.642	2.238	3.83	4.128	4.433	4.513
SPCC320.05	sul3	viable	V	0.0	0.395	-0.257	-0.525	-0.65	-0.385	-0.794
SPCC320.06	SPCC320.06	viable	V	0.0	0.083	0.028	0.405	0.222	0.409	0.438
SPCC320.07c	mde7	viable	V	0.0	0.644	0.541	0.945	0.687	0.797	1.263
SPCC320.08	qtp1	viable	V	0.0	-0.122	-0.216	-0.221	-0.071	-0.246	-0.297
SPCC320.09	hem15	inviable	E	0.0	0.352	1.856	2.897	3.028	3.222	4.001
SPCC320.10	srp72	inviable	E	0.0	1.894	3.326	3.644	3.983	3.853	4.044
SPCC320.11c	nip7	inviable	E	0.0	2.061	4.263	5.353	5.18	5.868	5.705
SPCC320.14	sry1	viable	V	0.0	-0.241	-0.003	0.334	0.375	0.18	0.145
SPCC330.01c	rhp16	viable	V	0.0	-0.002	0.231	0.207	-0.047	-0.015	0.131
SPCC330.02	rhp7	viable	V	0.0	-0.268	0.005	0.425	0.014	0.266	0.274
SPCC330.03c	SPCC330.03c	viable	V	0.0	-0.207	-0.063	0.032	-0.348	-0.17	-0.278
SPCC330.04c	tdk1	condition-dependent	E	0.0	1.336	3.15	4.216	4.027	4.05	4.525
SPCC330.05c	ura4	viable	Not_determined	0.0	0.322	0.501	0.42	0.873	0.746	1.05
SPCC330.07c	SPCC330.07c	viable	V	0.0	0.212	0.418	0.251	0.577	0.357	0.354
SPCC330.08	alg11	inviable	E	0.0	2.272	4.081	4.893	4.627	4.646	4.854
SPCC330.09	enp2	inviable	E	0.0	1.624	3.018	3.018	3.018	3.018	3.018
SPCC330.10	pcm1	inviable	E	0.0	1.028	2.605	3.687	3.844	3.769	3.986
SPCC330.11	btb1	viable	V	0.0	0.295	0.309	0.446	0.755	0.901	1.891
SPCC330.14c	rpl2402	viable	V	0.0	0.033	0.428	0.747	0.94	1.189	1.615
SPCC330.19c	SPCC330.19c	viable	V	0.0	-0.381	1.299	0.717	0.217	0.313	0.426
SPCC330.21	new25	viable	Not_determined	0.0	-0.123	-0.189	-0.034	2.663	2.663	2.663
SPCC338.04	mix23	viable	V	0.0	-0.127	0.294	-0.024	0.351	0.619	0.269
SPCC338.05c	mms2	viable	V	0.0	-0.17	0.134	0.178	0.055	0.373	0.359
SPCC338.06c	hsp20	viable	V	0.0	-0.979	-0.97	-1.094	-0.177	-0.359	-1.022
SPCC338.07c	naa15	viable	V	0.0	0.618	1.135	1.787	2.609	3.644	3.328
SPCC338.08	ctp1	viable	V	0.0	0.539	1.002	1.252	4.308	3.371	4.308
SPCC338.10c	cox5	viable	V	0.0	0.541	0.173	0.228	-0.445	0.228	0.812
SPCC338.11c	efm2	viable	V	0.0	0.093	0.205	0.505	0.078	0.125	0.03
SPCC338.12	pbi2	viable	V	0.0	0.208	0.226	0.569	0.325	0.05	0.036
SPCC338.13	cog4	inviable	E	0.0	1.719	3.216	4.313	3.978	4.149	4.125
SPCC338.15	wbp1	inviable	E	0.0	1.801	2.938	3.591	2.61	2.892	3.2
SPCC338.16	pof3	viable	V	0.0	0.57	1.407	2.208	2.815	3.548	3.643
SPCC338.17c	rad21	inviable	E	0.0	1.023	1.992	1.998	1.885	2.224	2.207
SPCC338.18	SPCC338.18	viable	V	0.0	0.03	-0.021	0.495	0.583	0.463	0.493
SPCC364.01	cif1	viable	V	0.0	0.473	0.343	0.586	0.713	0.5	0.959
SPCC364.02c	bis1	viable	V	0.0	0.608	1.483	1.181	1.404	1.466	1.605
SPCC364.03	rpl1702	viable	V	0.0	0.826	1.962	2.511	3.021	3.459	3.211
SPCC364.04c	coy1	viable	V	0.0	-0.268	-0.099	-0.308	0.082	0.159	0.298
SPCC364.05	vps3	viable	V	0.0	0.03	0.108	0.409	0.363	0.507	0.797
SPCC364.06	nap1	condition-dependent	V	0.0	0.162	0.277	0.334	0.803	0.933	0.56
SPCC364.07	ser3	viable	V	0.0	1.295	3.268	3.113	3.247	3.381	3.332
SPCC417.03	SPCC417.03	unknown	Not_determined	0.0	-0.279	-0.146	0.511	-0.187	-0.871	-1.185
SPCC417.05c	cfh2	viable	V	0.0	0.104	-0.539	-0.467	-0.798	-0.662	-0.485
SPCC417.06c	mug27	viable	V	0.0	0.31	0.524	0.697	0.243	0.742	0.457
SPCC417.07c	mto1	viable	V	0.0	0.181	0.626	1.04	1.341	1.51	1.506
SPCC417.08	tef3	inviable	E	0.0	1.918	2.975	3.369	3.393	3.775	3.771
SPCC417.09c	sdr1	viable	V	0.0	0.048	-0.185	-0.032	0.301	0.184	0.048
SPCC417.10	dal51	viable	V	0.0	-0.237	0.025	-0.18	0.273	0.271	0.394
SPCC417.11c	SPCC417.11c	viable	V	0.0	0.399	0.406	0.929	0.482	0.468	0.929
SPCC417.12	SPCC417.12	viable	V	0.0	0.462	0.511	0.721	0.297	0.462	2.034
SPCC4B3.01	tum1	unknown	Not_determined	0.0	-0.45	-0.631	-0.234	-0.034	-0.392	-0.417
SPCC4B3.02c	got1	viable	V	0.0	0.051	-0.167	0.306	-0.582	1.503	2.139
SPCC4B3.03c	mam301	viable	V	0.0	0.14	0.955	0.701	0.394	0.708	0.429
SPCC4B3.04c	nte1	viable	V	0.0	-0.044	-0.432	-0.179	-0.373	-0.38	-0.098
SPCC4B3.05c	hem12	viable	V	0.0	0.822	2.982	4.13	5.27	4.581	4.94
SPCC4B3.06c	SPCC4B3.06c	viable	V	0.0	-0.477	-0.614	-0.199	-0.655	-0.684	-0.377
SPCC4B3.07	nro1	viable	V	0.0	0.557	-0.005	0.279	0.986	0.455	0.536
SPCC4B3.08	lsg1	viable	V	0.0	-0.086	0.11	0.295	0.377	0.515	0.628
SPCC4B3.09c	mrpl12	inviable	E	0.0	0.346	1.664	3.132	5.036	4.099	4.632
SPCC4B3.10c	ipk1	viable	V	0.0	0.375	0.303	1.354	2.132	2.45	2.892
SPCC4B3.11c	fra3	viable	V	0.0	-0.392	0.127	0.786	-1.268	-0.362	-0.396
SPCC4B3.12	set9	viable	V	0.0	-0.034	-0.444	0.149	-0.131	-0.327	0.274
SPCC4B3.13	SPCC4B3.13	viable	V	0.0	0.635	1.206	0.978	1.533	0.894	1.786
SPCC4B3.14	cwf20	condition-dependent	E	0.0	0.325	1.441	3.233	4.184	5.028	4.416
SPCC4B3.15	mid1	viable	V	0.0	0.08	0.524	0.661	0.642	0.856	1.479
SPCC4B3.16	tip41	viable	V	0.0	0.032	0.282	0.673	0.841	0.807	1.067
SPCC4B3.17	cbp3	viable	V	0.0	-0.041	0.404	0.423	0.646	0.801	0.978
SPCC4B3.18	ppc1	inviable	E	0.0	0.801	1.524	2.462	3.398	3.398	3.398
SPCC4B3.20	cmc1	viable	Not_determined	0.0	0.403	0.712	0.61	0.851	1.075	1.122
SPCC4E9.01c	rec11	viable	V	0.0	-0.287	-0.283	-0.469	-0.428	-0.479	-0.457
SPCC4E9.02	cig1	viable	V	0.0	0.395	-0.165	0.626	-0.423	0.317	1.161
SPCC4F11.02	ptc1	viable	V	0.0	-0.154	0.391	0.342	0.817	0.961	0.952
SPCC4F11.03c	SPCC4F11.03c	viable	V	0.0	-0.373	-0.486	-0.535	-0.565	-0.703	-0.348
SPCC4F11.04c	imt2	viable	V	0.0	-0.43	-0.533	-0.068	-0.015	0.151	-0.133
SPCC4F11.05	SPCC4F11.05	unknown	Not_determined	0.0	-0.056	-0.367	-0.142	-0.431	-0.43	-0.46
SPCC4G3.02	aph1	viable	V	0.0	0.07	-0.469	-0.805	-0.146	-0.255	0.09
SPCC4G3.03	SPCC4G3.03	viable	V	0.0	0.213	2.031	2.031	0.446	0.127	0.63
SPCC4G3.04c	coq5	condition-dependent	V	0.0	-0.001	0.171	1.064	1.217	1.742	2.287
SPCC4G3.05c	mus81	viable	V	0.0	0.085	1.373	2.342	2.991	3.437	3.843
SPCC4G3.07c	phf1	inviable	E	0.0	0.711	1.612	0.625	1.529	2.529	2.529
SPCC4G3.08	psk1	viable	V	0.0	-0.967	1.818	-0.401	1.818	0.318	-0.533
SPCC4G3.09c	gyp3	viable	V	0.0	0.768	0.633	0.715	1.49	1.607	1.049
SPCC4G3.10c	rhp42	viable	V	0.0	0.265	0.373	0.095	-1.415	-0.524	-1.058
SPCC4G3.11	nur1	viable	V	0.0	0.092	-0.018	0.254	0.329	0.459	1.556
SPCC4G3.12c	SPCC4G3.12c	viable	V	0.0	0.144	0.52	0.436	0.802	0.725	0.969
SPCC4G3.14	mdj1	inviable	E	0.0	0.598	2.696	3.925	5.102	4.664	4.687
SPCC4G3.15c	not2	viable	V	0.0	0.744	0.47	0.764	0.945	1.211	1.506
SPCC4G3.16	rib2	inviable	E	0.0	0.936	1.315	2.013	1.958	2.457	2.314
SPCC4G3.17	hdd1	viable	V	0.0	0.011	-0.207	0.492	0.469	0.293	0.263
SPCC4G3.18	rix1	inviable	E	0.0	1.319	2.969	3.24	3.458	3.375	3.635
SPCC4G3.19	alp16	viable	V	0.0	-0.325	0.467	1.281	1.646	2.475	0.941
SPCC548.04	urm1	unknown	Not_determined	0.0	0.847	2.324	2.298	3.798	1.894	2.934
SPCC548.05c	dbl5	viable	V	0.0	0.243	0.43	-0.013	0.407	-0.012	-0.093
SPCC548.06c	ght8	viable	V	0.0	0.756	-0.725	0.268	-0.173	1.511	1.2
SPCC548.07c	ght1	viable	V	0.0	-0.029	0.629	0.468	0.212	0.353	0.276
SPCC550.01c	coa4	viable	V	0.0	-0.202	1.024	0.994	1.898	0.994	1.107
SPCC550.02c	cwf5	inviable	E	0.0	0.99	1.779	2.626	3.302	3.242	3.734
SPCC550.03c	ski2	viable	V	0.0	-0.011	0.265	0.581	0.886	1.247	1.478
SPCC550.04c	gpi2	inviable	E	0.0	1.942	3.609	4.023	4.09	4.463	4.141
SPCC550.05	nse1	inviable	E	0.0	0.022	0.701	1.548	4.245	2.745	3.381
SPCC550.07	fah2	viable	V	0.0	-0.479	-0.46	-0.595	0.189	-0.467	0.065
SPCC550.08	SPCC550.08	viable	V	0.0	-0.015	-0.262	-0.236	-0.289	-0.416	-0.565
SPCC550.10	atd3	viable	V	0.0	-0.437	-0.159	0.128	0.163	-0.174	-0.117
SPCC550.11	nmd5	viable	V	0.0	0.177	-0.016	0.424	0.223	0.134	0.46
SPCC550.12	arp6	viable	V	0.0	0.463	0.574	0.288	0.785	1.04	1.333
SPCC550.13	dfp1	inviable	E	0.0	1.697	3.713	4.516	4.516	4.334	4.759
SPCC550.14	vgl1	viable	V	0.0	-0.221	-0.287	-0.337	-0.389	-0.45	-0.348
SPCC550.15c	rei1	viable	V	0.0	0.762	0.687	1.304	1.97	1.464	1.609
SPCC553.01c	dbl2	viable	V	0.0	0.188	0.934	1.879	2.267	2.876	3.05
SPCC553.02	qns1	inviable	E	0.0	1.206	3.166	3.573	3.766	3.644	3.596
SPCC553.03	pex1	viable	V	0.0	0.401	0.019	0.488	0.054	0.377	0.528
SPCC553.04	cyp9	viable	V	0.0	-0.046	0.298	0.608	0.762	1.026	1.364
SPCC553.06	swp1	inviable	E	0.0	1.594	2.932	3.831	3.376	3.831	3.632
SPCC553.07c	kpa1	viable	V	0.0	0.326	0.358	0.567	1.042	0.147	0.65
SPCC553.08c	ria1	viable	V	0.0	1.467	3.043	4.095	4.407	4.49	4.723
SPCC553.09c	spb70	inviable	E	0.0	1.328	3.146	4.221	4.178	4.013	4.083
SPCC553.10	knh3	unknown	Not_determined	0.0	0.049	0.024	0.332	0.024	0.542	0.48
SPCC553.11c	toa2	inviable	E	0.0	0.287	2.239	3.386	3.952	3.194	3.755
SPCC553.12c	SPCC553.12c	viable	V	0.0	0.022	0.276	0.521	0.87	1.183	0.946
SPCC569.02c	SPCC569.02c	viable	V	0.0	0.042	1.804	1.059	1.278	0.581	0.712
SPCC569.03	SPCC569.03	viable	V	0.0	0.09	-0.635	0.313	-0.105	2.217	-0.851
SPCC569.05c	SPCC569.05c	viable	V	0.0	-0.45	-0.315	0.421	0.156	0.334	0.899
SPCC569.06	SPCC569.06	viable	V	0.0	0.024	-0.083	0.689	-0.019	0.628	0.231
SPCC569.07	SPCC569.07	viable	V	0.0	-0.054	-0.02	-0.437	-0.215	-0.197	-0.239
SPCC576.01c	xan1	condition-dependent	V	0.0	-0.058	0.8	0.851	0.621	0.313	0.829
SPCC576.03c	tpx1	condition-dependent	E	0.0	1.025	3.572	4.684	4.474	4.576	5.003
SPCC576.04	bxi1	viable	V	0.0	0.537	2.533	1.185	1.995	2.775	2.922
SPCC576.05	sac3	inviable	E	0.0	0.946	2.833	3.294	3.732	3.306	3.436
SPCC576.06c	SPCC576.06c	inviable	E	0.0	0.327	1.089	3.117	3.672	3.804	3.814
SPCC576.07	ret3	inviable	E	0.0	2.235	1.677	2.769	2.788	2.738	2.788
SPCC576.08c	rps2	inviable	E	0.0	2.726	2.726	2.726	2.726	2.726	2.726
SPCC576.10c	rpt3	inviable	E	0.0	1.149	2.381	2.7	2.607	2.49	3.096
SPCC576.11	rpl15	viable	V	0.0	1.474	1.424	2.898	2.898	2.898	2.898
SPCC576.12c	mhf2	viable	V	0.0	0.639	2.457	2.457	2.457	2.457	1.593
SPCC576.13	swc5	viable	V	0.0	0.359	0.56	0.609	0.807	1.12	1.573
SPCC576.14	dph5	viable	V	0.0	0.41	0.592	0.858	0.831	1.305	1.367
SPCC576.15c	ksg1	inviable	E	0.0	0.696	1.493	2.291	3.202	3.38	3.239
SPCC576.17c	SPCC576.17c	viable	V	0.0	0.09	1.178	0.586	2.202	0.879	0.118
SPCC576.19c	SPCC576.19c	unknown	Not_determined	0.0	0.027	-0.061	0.05	-0.039	-0.383	0.015
SPCC584.01c	met10	viable	V	0.0	0.258	0.354	0.344	0.457	0.578	0.836
SPCC584.02	cuf2	viable	V	0.0	0.123	0.047	0.07	0.796	2.054	1.224
SPCC584.03c	SPCC584.03c	viable	V	0.0	-0.266	0.26	-0.292	-0.395	-0.564	-0.509
SPCC584.04	sup35	inviable	E	0.0	2.192	3.585	4.408	3.981	4.075	4.322
SPCC584.05	sec1	inviable	E	0.0	1.15	3.365	4.746	5.383	4.798	4.778
SPCC584.11c	svf1	viable	V	0.0	0.699	1.36	1.909	2.484	3.007	3.601
SPCC584.12	mug42	viable	V	0.0	-0.111	-0.164	-0.104	-0.228	-0.11	-0.227
SPCC584.13	SPCC584.13	viable	V	0.0	-0.066	-0.084	-0.109	-0.141	-0.235	-0.114
SPCC584.14	mug160	inviable	E	0.0	1.699	3.422	3.641	4.246	4.04	4.057
SPCC584.15c	aly3	viable	V	0.0	-0.11	-0.171	0.049	-0.121	-0.001	-0.094
SPCC584.16c	SPCC584.16c	viable	V	0.0	0.017	-0.241	0.166	-0.035	-0.221	-0.327
SPCC594.01	duc1	viable	V	0.0	-0.16	-0.034	0.157	0.261	0.181	0.673
SPCC594.02c	SPCC594.02c	viable	V	0.0	1.173	1.742	2.256	2.315	1.522	1.735
SPCC594.03	SPCC594.03	unknown	Not_determined	0.0	0.171	0.096	0.27	0.267	-0.607	-0.391
SPCC594.04c	SPCC594.04c	viable	V	0.0	0.91	1.475	2.068	1.984	3.413	4.259
SPCC594.05c	spf1	viable	V	0.0	0.176	0.507	0.814	1.136	1.357	1.404
SPCC594.06c	vsl1	viable	V	0.0	0.38	0.606	0.832	1.099	1.173	1.619
SPCC594.07c	bqt3	viable	V	0.0	0.503	1.864	1.519	0.279	1.042	1.173
SPCC5E4.03c	taf5	inviable	E	0.0	0.646	2.781	3.563	3.712	3.701	3.587
SPCC5E4.04	cut1	inviable	E	0.0	0.93	2.989	4.247	4.314	4.614	4.674
SPCC5E4.05c	mgl1	viable	V	0.0	-0.35	2.031	0.127	0.446	0.531	0.24
SPCC5E4.06	smc6	inviable	E	0.0	0.764	2.565	4.113	4.231	4.435	4.529
SPCC5E4.07	rpl2802	viable	V	0.0	1.015	1.424	3.612	3.612	2.675	3.612
SPCC5E4.10c	SPCC5E4.10c	viable	V	0.0	-0.117	0.252	0.134	-0.19	0.344	0.304
SPCC61.01c	str2	unknown	E	0.0	1.929	1.929	1.929	1.929	1.929	1.929
SPCC61.02	spt3	viable	V	0.0	1.015	0.592	2.112	1.612	2.675	1.821
SPCC61.03	nnr2	viable	V	0.0	0.551	-0.162	0.192	-0.007	0.889	0.557
SPCC61.04c	SPCC61.04c	inviable	E	0.0	2.037	4.173	4.712	4.69	4.573	4.141
SPCC61.05	SPCC61.05	viable	V	0.0	-0.031	-0.238	-0.403	-0.444	-0.217	0.006
SPCC613.01	SPCC613.01	viable	V	0.0	0.215	0.377	0.508	0.399	0.491	0.553
SPCC613.02	SPCC613.02	viable	V	0.0	-0.276	0.21	0.725	0.663	0.916	0.286
SPCC613.04c	rng3	inviable	E	0.0	0.643	2.72	4.035	4.04	3.784	4.011
SPCC613.05c	rpl35	inviable	E	0.0	1.46	2.654	3.1	3.154	3.295	3.295
SPCC613.07	bcd1	viable	V	0.0	0.773	2.092	2.6	3.286	3.574	4.207
SPCC613.08	SPCC613.08	viable	V	0.0	0.863	2.113	3.565	3.531	3.263	3.604
SPCC613.09	sen54	inviable	E	0.0	1.911	3.498	4.566	4.691	4.464	5.028
SPCC613.10	qcr2	viable	V	0.0	0.9	1.193	1.21	1.252	1.774	1.713
SPCC613.11c	meu23	viable	V	0.0	0.785	1.687	1.893	2.061	1.85	2.428
SPCC613.12c	raf1	viable	V	0.0	0.084	0.082	0.995	2.14	1.658	2.276
SPCC622.02	SPCC622.02	viable	Not_determined	0.0	0.436	0.015	0.177	0.779	0.816	-0.332
SPCC622.03c	SPCC622.03c	unknown	Not_determined	0.0	-0.052	-0.253	-0.169	-0.135	-0.144	-0.048
SPCC622.04	SPCC622.04	unknown	Not_determined	0.0	-0.013	0.098	-0.113	0.019	0.175	0.334
SPCC622.06c	SPCC622.06c	unknown	Not_determined	0.0	-0.253	-0.373	-0.613	-0.321	-0.403	-0.606
SPCC622.07	SPCC622.07	unknown	Not_determined	0.0	-0.088	0.645	1.24	0.33	0.355	0.939
SPCC622.10c	sec5	inviable	E	0.0	1.09	2.721	3.337	3.819	3.974	3.417
SPCC622.11	lmb1	viable	V	0.0	0.516	0.161	0.159	0.334	0.424	0.168
SPCC622.12c	gdh1	viable	V	0.0	1.257	0.802	2.033	0.923	1.263	0.996
SPCC622.13c	tti1	inviable	E	0.0	1.378	3.056	3.829	3.983	4.366	4.368
SPCC622.14	SPCC622.14	viable	V	0.0	-0.239	-0.43	-0.202	-0.527	-0.422	-0.396
SPCC622.15c	SPCC622.15c	viable	V	0.0	1.645	0.323	0.62	1.286	0.546	1.011
SPCC622.16c	epe1	viable	V	0.0	0.226	0.356	0.452	0.751	1.162	1.229
SPCC622.17	apn1	viable	V	0.0	0.237	0.277	0.047	-0.076	0.256	0.246
SPCC622.19	jmj4	viable	V	0.0	0.53	-0.325	0.217	0.519	-0.598	-0.687
SPCC63.02c	aah3	viable	V	0.0	0.129	-0.384	0.368	-0.057	0.176	0.65
SPCC63.03	mib1	viable	V	0.0	0.177	0.133	-0.109	0.374	0.211	0.205
SPCC63.04	mok14	viable	V	0.0	-0.175	0.42	1.422	1.247	1.365	1.29
SPCC63.05	tap42	inviable	E	0.0	0.956	2.926	4.005	3.83	3.954	3.792
SPCC63.06	wdr89	viable	V	0.0	-0.111	0.104	0.475	0.692	0.918	1.567
SPCC63.07	thg1	inviable	E	0.0	2.078	3.863	4.495	4.811	4.821	4.644
SPCC63.08c	atg1	viable	V	0.0	0.835	1.471	1.71	0.755	1.361	0.946
SPCC63.10c	sec59	inviable	E	0.0	-0.276	1.749	3.162	3.583	3.319	3.435
SPCC63.11	prp28	inviable	E	0.0	1.621	3.693	4.471	4.085	4.094	4.205
SPCC63.12c	pup3	inviable	E	0.0	1.053	3.593	3.886	4.418	3.69	4.209
SPCC63.13	SPCC63.13	viable	V	0.0	0.009	0.141	-0.239	-0.025	-0.576	-0.555
SPCC63.14	eis1	viable	V	0.0	0.128	0.519	0.327	0.654	0.409	0.598
SPCC645.02	gep4	viable	V	0.0	0.08	-0.313	0.317	0.684	1.808	3.278
SPCC645.03c	isa1	inviable	E	0.0	0.366	1.091	2.247	3.245	4.167	4.535
SPCC645.04	nse3	inviable	E	0.0	-0.18	1.537	2.065	2.143	2.087	2.036
SPCC645.05c	myo2	inviable	E	0.0	0.432	1.66	3.785	4.206	4.351	4.416
SPCC645.06c	rgf3	inviable	E	0.0	0.867	2.513	3.343	3.626	3.909	3.807
SPCC645.07	rgf1	viable	V	0.0	0.607	1.974	3.329	3.398	4.502	4.568
SPCC645.08c	snd1	viable	V	0.0	-0.082	-0.188	0.222	-0.289	-0.142	0.038
SPCC645.09	mrpl37	inviable	E	0.0	0.482	1.062	1.233	3.416	3.471	3.536
SPCC645.10	cca2	inviable	E	0.0	1.673	3.142	3.857	3.933	3.63	3.607
SPCC645.11c	mug117	viable	V	0.0	0.266	-0.263	0.091	-0.16	-0.696	-0.674
SPCC645.12c	SPCC645.12c	viable	V	0.0	-0.03	0.049	-0.461	-0.084	-0.388	-0.377
SPCC645.13	bye1	viable	V	0.0	1.278	1.657	0.429	0.54	3.024	1.014
SPCC645.14c	sti1	viable	V	0.0	-0.412	-0.034	0.241	0.015	0.236	0.514
SPCC663.01c	ekc1	viable	V	0.0	0.791	1.893	2.518	2.764	2.587	2.726
SPCC663.03	pmd1	viable	V	0.0	0.243	0.424	0.266	0.638	0.616	0.775
SPCC663.05c	asf1	inviable	E	0.0	0.397	1.842	3.406	3.716	3.716	3.716
SPCC663.06c	osr1	viable	V	0.0	-0.102	-0.288	-0.261	-0.698	-0.342	-0.381
SPCC663.08c	SPCC663.08c	viable	V	0.0	0.402	-0.323	1.592	2.529	0.625	0.431
SPCC663.09c	SPCC663.09c	viable	V	0.0	0.068	0.102	0.06	0.438	0.007	0.546
SPCC663.10	trm44	viable	V	0.0	0.348	0.537	0.269	1.028	1.683	0.79
SPCC663.12	cid12	viable	V	0.0	0.0	-0.444	-1.099	0.779	-0.242	-0.338
SPCC663.13c	naa50	viable	V	0.0	0.259	0.264	0.105	0.05	0.088	0.15
SPCC663.14c	trp663	viable	V	0.0	0.782	0.669	0.666	0.749	0.573	0.74
SPCC663.15c	SPCC663.15c	viable	V	0.0	-0.221	0.337	0.625	0.27	-0.02	0.603
SPCC663.17	wtf15	unknown	Not_determined	0.0	0.009	-0.124	0.168	-0.134	0.428	0.122
SPCC70.03c	put1	viable	V	0.0	-0.03	0.255	0.33	0.508	-0.082	0.208
SPCC70.04c	SPCC70.04c	viable	V	0.0	-0.129	-0.466	-0.399	-0.666	-0.605	-1.128
SPCC70.05c	nnk1	inviable	E	0.0	1.409	2.735	3.701	3.682	3.873	4.042
SPCC70.06	sac32	viable	V	0.0	0.319	0.288	0.409	0.429	0.181	0.399
SPCC70.07c	tmp1	inviable	E	0.0	0.974	3.2	4.053	4.451	4.527	4.45
SPCC70.08c	SPCC70.08c	viable	V	0.0	0.409	0.563	0.411	0.861	0.566	0.678
SPCC70.09c	gsr2	viable	V	0.0	0.059	0.306	-0.175	0.665	0.075	0.228
SPCC70.10	SPCC70.10	viable	V	0.0	0.034	-0.005	-0.035	-0.282	-0.062	-0.073
SPCC736.02	SPCC736.02	viable	V	0.0	0.315	0.446	0.883	1.005	1.259	1.486
SPCC736.03c	msf1	inviable	E	0.0	0.028	0.515	2.956	4.562	4.338	4.556
SPCC736.04c	gma12	viable	V	0.0	0.068	0.122	0.405	0.516	0.599	0.701
SPCC736.05	wtf7	viable	Not_determined	0.0	0.892	0.826	1.952	1.049	1.154	1.339
SPCC736.06	dar2	viable	V	0.0	1.124	0.475	1.535	2.695	2.695	2.348
SPCC736.07c	uri1	viable	V	0.0	0.855	1.65	2.98	2.905	4.045	3.966
SPCC736.08	cbf11	condition-dependent	V	0.0	0.588	1.687	3.014	3.512	3.838	3.864
SPCC736.09c	tfx1	viable	V	0.0	0.798	0.644	0.097	0.673	0.845	0.921
SPCC736.11	ago1	viable	V	0.0	-0.036	0.392	0.561	0.289	0.532	0.893
SPCC736.12c	mmi1	inviable	E	0.0	0.28	1.344	3.114	3.957	3.435	3.933
SPCC736.14	dis1	condition-dependent	V	0.0	0.105	0.566	0.705	0.577	0.713	1.12
SPCC736.15	pil1	viable	V	0.0	-0.212	-0.194	-0.179	-0.022	-0.059	-0.296
SPCC737.02c	qcr7	viable	V	0.0	0.157	0.132	0.169	0.21	0.275	0.174
SPCC737.03c	ima1	viable	V	0.0	0.133	0.339	0.434	0.884	0.659	0.776
SPCC737.04	SPCC737.04	viable	Not_determined	0.0	0.415	0.348	0.412	0.859	0.606	0.561
SPCC737.05	SPCC737.05	viable	V	0.0	0.541	0.656	0.46	1.02	0.276	0.348
SPCC737.06c	gcs2	viable	V	0.0	0.042	0.066	0.137	0.299	0.725	0.66
SPCC737.07c	SPCC737.07c	viable	V	0.0	0.069	0.035	-0.017	-0.004	-0.125	0.496
SPCC737.08	mdn1	inviable	E	0.0	2.336	3.77	4.308	4.268	4.309	4.303
SPCC737.09c	hmt1	viable	V	0.0	-0.025	-0.072	0.2	-0.076	0.096	-0.294
SPCC74.01	sly1	inviable	E	0.0	1.943	3.567	3.471	3.993	3.771	3.887
SPCC74.02c	ppn1	viable	V	0.0	0.215	0.05	0.539	0.651	1.118	1.751
SPCC74.03c	ssp2	viable	V	0.0	0.322	0.513	0.593	0.761	0.923	1.123
SPCC74.04	SPCC74.04	viable	V	0.0	0.719	0.913	2.164	2.101	1.197	1.7
SPCC74.06	mak3	viable	V	0.0	-0.038	0.1	0.251	0.268	0.392	0.375
SPCC74.09	mug24	viable	V	0.0	0.517	-0.121	0.42	0.898	1.398	0.8
SPCC757.02c	SPCC757.02c	viable	V	0.0	0.169	-0.146	-0.018	-0.139	-0.003	-0.41
SPCC757.03c	hsp3101	viable	V	0.0	-1.505	0.655	-0.499	0.036	-0.624	-0.977
SPCC757.04	SPCC757.04	viable	V	0.0	0.032	0.092	0.125	-0.07	-0.019	-0.025
SPCC757.05c	SPCC757.05c	viable	V	0.0	0.043	0.278	-0.655	0.871	0.132	-0.364
SPCC757.06	SPCC757.06	unknown	Not_determined	0.0	0.129	-0.715	0.355	-0.559	-0.501	-0.517
SPCC757.07c	ctt1	viable	V	0.0	0.069	-0.211	-0.419	-0.007	-0.461	-0.415
SPCC757.08	rrp45	inviable	E	0.0	1.409	3.481	5.926	3.926	4.989	5.061
SPCC757.10	vph2	inviable	E	0.0	0.348	0.766	1.662	2.332	3.25	3.78
SPCC757.11c	SPCC757.11c	viable	V	0.0	-0.188	-0.175	-0.238	-0.254	-0.603	-0.547
SPCC757.12	aah1	viable	V	0.0	0.16	-0.422	-1.421	-0.431	-0.387	-0.893
SPCC757.13	SPCC757.13	viable	V	0.0	-0.024	0.106	-0.05	-0.194	-0.2	-0.304
SPCC757.15	cox14	unknown	Not_determined	0.0	0.287	0.296	-0.353	-0.531	-0.296	-0.203
SPCC777.02	SPCC777.02	viable	V	0.0	0.169	0.478	0.05	0.073	0.097	-0.111
SPCC777.03c	SPCC777.03c	viable	V	0.0	1.021	1.601	0.944	0.784	0.764	1.534
SPCC777.04	dip5	viable	V	0.0	-0.193	-0.031	-0.47	-0.293	-0.132	-0.582
SPCC777.05	gtr2	condition-dependent	E	0.0	2.047	3.14	3.954	4.395	3.771	3.714
SPCC777.06c	SPCC777.06c	viable	V	0.0	0.062	-0.044	0.006	0.029	0.118	0.436
SPCC777.07	omh3	viable	V	0.0	-0.145	0.223	1.985	3.916	4.606	4.637
SPCC777.08c	bit61	viable	V	0.0	0.119	0.331	0.482	0.415	0.983	1.221
SPCC777.09c	arg1	viable	V	0.0	0.368	1.175	1.302	1.133	0.935	1.015
SPCC777.10c	ubc12	condition-dependent	E	0.0	0.416	1.327	2.872	4.162	4.826	5.103
SPCC777.11	gta3	inviable	E	0.0	0.126	0.485	1.604	3.333	4.281	3.997
SPCC777.12c	SPCC777.12c	viable	V	0.0	-0.701	0.573	0.539	1.651	0.03	0.482
SPCC777.13	vps35	viable	V	0.0	0.322	0.239	0.395	0.196	0.591	0.98
SPCC777.14	prp4	inviable	E	0.0	0.477	2.238	3.236	3.54	3.922	4.004
SPCC777.15	dus4	viable	V	0.0	0.564	0.784	1.066	0.749	1.118	1.268
SPCC777.17c	SPCC777.17c	viable	V	0.0	-0.156	0.575	1.467	0.43	0.38	0.707
SPCC790.02	pep3	condition-dependent	E	0.0	0.493	0.643	1.902	2.379	2.941	3.041
SPCC790.03	rbd2	condition-dependent	V	0.0	0.672	0.03	-0.182	-0.616	0.919	0.72
SPCC794.01c	gcd1	viable	V	0.0	0.188	0.474	0.375	0.385	0.048	0.184
SPCC794.03	SPCC794.03	viable	V	0.0	0.451	-0.157	0.298	0.458	0.583	0.122
SPCC794.04c	SPCC794.04c	viable	V	0.0	0.285	0.712	0.839	0.909	0.539	0.658
SPCC794.06	SPCC794.06	viable	V	0.0	0.18	0.366	0.008	0.68	0.711	0.549
SPCC794.07	lat1	viable	V	0.0	0.39	1.024	2.051	3.619	4.322	3.787
SPCC794.08	efr3	viable	V	0.0	0.758	1.014	1.223	1.868	1.703	1.295
SPCC794.09c	tef101	viable	V	0.0	0.221	0.674	0.897	0.436	0.805	2.892
SPCC794.10	ugp1	viable	V	0.0	0.021	-0.514	-0.299	-0.398	-0.386	-0.177
SPCC794.11c	ent3	viable	V	0.0	0.194	0.279	0.377	0.172	0.518	0.157
SPCC794.12c	mae2	viable	V	0.0	-0.112	-0.172	-0.015	-0.265	-0.261	-0.2
SPCC794.16	SPCC794.16	unknown	Not_determined	0.0	-0.579	0.159	-0.354	-0.463	-0.395	-0.543
SPCC825.01	SPCC825.01	viable	V	0.0	1.703	3.052	3.617	3.892	3.931	3.849
SPCC825.02	gbs1	condition-dependent	V	0.0	0.002	0.076	-0.396	0.007	0.069	0.479
SPCC825.03c	psy1	inviable	E	0.0	2.038	4.239	5.173	4.646	5.298	5.328
SPCC825.04c	naa40	viable	V	0.0	0.885	1.796	2.73	1.351	2.727	1.105
SPCC825.05c	pwi1	viable	V	0.0	0.013	0.015	-0.206	0.147	-0.688	-0.266
SPCC830.03	grc3	inviable	E	0.0	1.255	2.822	3.255	3.94	4.108	3.974
SPCC830.04c	mug128	viable	V	0.0	0.199	0.531	0.759	0.719	1.084	0.485
SPCC830.05c	epl1	inviable	E	0.0	1.794	2.645	3.365	3.632	3.15	3.21
SPCC830.06	cnb1	viable	V	0.0	0.261	0.437	0.881	1.209	0.881	1.026
SPCC830.07c	psi1	viable	V	0.0	0.169	0.119	0.445	0.203	0.423	0.595
SPCC830.08c	yop1	viable	V	0.0	-0.017	-0.337	-0.19	-0.653	-0.578	-0.394
SPCC830.09c	pop5	inviable	E	0.0	1.384	3.712	4.56	3.609	3.174	4.474
SPCC830.10	ham1	viable	V	0.0	0.296	0.225	-0.018	0.599	0.563	-0.133
SPCC830.11c	fap7	inviable	E	0.0	1.853	3.667	3.961	3.748	3.961	3.311
SPCC895.03c	sua5	inviable	E	0.0	1.02	3.147	2.21	3.147	2.21	3.147
SPCC895.04c	ufe1	inviable	E	0.0	1.895	3.348	3.575	3.724	3.978	3.851
SPCC895.05	for3	condition-dependent	V	0.0	0.455	1.762	2.989	3.677	3.871	4.463
SPCC895.06	elp2	viable	V	0.0	1.066	1.886	3.038	3.447	3.733	3.947
SPCC895.07	alp14	viable	V	0.0	0.432	0.817	1.238	1.428	2.104	2.354
SPCC895.09c	ucp12	viable	V	0.0	-0.331	-0.308	0.095	-0.327	-0.242	-0.317
SPCC962.01	tcb1	viable	V	0.0	0.023	0.262	0.405	0.202	0.439	0.259
SPCC962.02c	bir1	inviable	E	0.0	0.817	3.467	4.589	4.368	4.706	4.47
SPCC962.03c	cut15	inviable	E	0.0	1.375	3.312	3.548	3.5	3.667	3.668
SPCC962.04	rps1201	viable	V	0.0	0.897	0.414	1.09	1.759	0.999	2.237
SPCC962.05	ast1	viable	V	0.0	-0.012	0.123	0.029	-0.025	-0.402	0.115
SPCC962.06c	bpb1	inviable	E	0.0	2.14	3.396	4.366	3.957	4.226	4.178
SPCC965.03	vma8	inviable	E	0.0	0.552	1.272	1.99	2.947	3.295	3.496
SPCC965.04c	yme1	viable	V	0.0	0.346	0.279	0.466	0.16	0.286	0.458
SPCC965.05c	thp1	viable	V	0.0	-0.347	-0.389	-0.523	-0.194	-0.549	-0.212
SPCC965.06	osr2	viable	V	0.0	0.21	0.299	1.319	0.641	0.045	0.657
SPCC965.07c	gst2	viable	V	0.0	0.183	-0.267	-0.447	-0.004	-0.089	-0.082
SPCC965.08c	alr1	viable	V	0.0	-0.182	-0.076	-0.227	-0.353	-0.191	-0.682
SPCC965.09	SPCC965.09	viable	V	0.0	0.118	-0.705	0.892	-0.354	0.529	0.027
SPCC965.10	SPCC965.10	viable	V	0.0	0.384	0.47	0.604	0.953	0.86	0.881
SPCC965.11c	agp3	viable	V	0.0	-0.253	-0.667	-0.259	-0.55	-0.367	-0.458
SPCC965.12	dpe2	viable	V	0.0	-0.042	-0.328	0.191	0.31	0.306	0.292
SPCC965.13	SPCC965.13	viable	V	0.0	0.469	0.721	0.746	0.932	0.806	0.939
SPCC970.01	rad16	viable	V	0.0	0.022	0.137	0.475	0.684	0.91	1.112
SPCC970.02	dcw1	viable	V	0.0	0.063	0.461	0.203	0.131	-0.094	0.542
SPCC970.03	cbr1	inviable	E	0.0	1.904	2.785	2.785	2.785	1.285	2.785
SPCC970.04c	mob2	inviable	E	0.0	1.256	2.939	4.395	4.329	4.587	4.641
SPCC970.05	rpl3601	viable	V	0.0	1.904	3.119	3.308	3.664	4.335	4.314
SPCC970.06	erv29	viable	V	0.0	-0.001	0.146	0.671	0.811	0.75	0.989
SPCC970.07c	raf2	viable	V	0.0	-0.055	0.004	0.469	0.898	1.72	2.156
SPCC970.08	kcs1	inviable	E	0.0	1.624	2.568	4.323	3.802	4.439	3.729
SPCC970.09	sec8	inviable	E	0.0	1.047	3.167	4.246	4.458	4.385	4.639
SPCC970.10c	brl2	viable	V	0.0	0.5	1.216	2.189	2.899	3.653	4.451
SPCC970.11c	wtf9	viable	Not_determined	0.0	-0.306	0.538	1.011	0.386	-0.171	0.066
SPCC970.12	mis18	inviable	E	0.0	0.052	0.513	1.272	2.3	3.189	2.987
SPCP1E11.02	ppk38	viable	V	0.0	-0.479	-0.726	-0.444	-0.356	-0.522	-0.121
SPCP1E11.03	mug170	viable	V	0.0	-0.255	0.342	0.268	1.058	0.86	0.941
SPCP1E11.04c	pal1	viable	V	0.0	-0.295	-0.369	-0.518	-0.776	-0.08	-0.344
SPCP1E11.05c	are2	viable	V	0.0	0.041	0.355	1.002	1.821	2.669	3.523
SPCP1E11.06	apl4	viable	V	0.0	-0.073	0.609	1.158	1.035	1.633	1.574
SPCP1E11.07c	cwf18	viable	V	0.0	-0.236	0.366	0.909	0.152	0.425	1.018
SPCP1E11.08	nsa2	inviable	E	0.0	3.318	5.013	4.69	4.552	4.585	4.766
SPCP1E11.09c	rpp103	viable	V	0.0	0.566	1.451	2.115	2.674	2.865	3.529
SPCP1E11.10	dhm1	viable	V	0.0	1.275	2.487	3.128	4.059	6.116	5.109
SPCP1E11.11	puf6	viable	V	0.0	0.358	0.395	0.697	1.058	1.34	1.131
SPCP20C8.04	new22	unknown	Not_determined	0.0	0.091	0.747	2.255	0.607	0.973	0.439
SPCP25A2.02c	rhp26	viable	V	0.0	0.028	0.503	1.185	0.469	0.382	0.378
SPCP25A2.03	tho1	inviable	E	0.0	1.181	2.477	3.496	4.019	4.163	4.093
SPCP31B10.02	SPCP31B10.02	viable	V	0.0	-0.442	-0.417	0.65	0.383	0.375	-0.304
SPCP31B10.03c	med31	viable	V	0.0	0.031	0.825	1.488	2.66	3.392	4.413
SPCP31B10.04	psg2	viable	V	0.0	-0.31	-0.206	0.308	-0.184	0.308	-0.193
SPCP31B10.05	tdp1	viable	V	0.0	0.102	0.122	0.112	0.194	0.332	0.619
SPCP31B10.06	tcb2	viable	V	0.0	-0.13	0.284	0.547	0.231	0.19	0.455
SPCP31B10.07	eft202	viable	V	0.0	1.43	2.06	2.578	2.382	2.18	2.962
SPCP31B10.08c	rpl35A01	inviable	E	0.0	1.959	2.685	2.685	2.508	2.685	2.685
SPCPB16A4.02c	opy1	viable	V	0.0	0.094	1.437	1.314	0.799	0.986	0.461
SPCPB16A4.03c	ade10	viable	V	0.0	-0.023	0.829	-0.065	-0.036	0.255	-0.117
SPCPB16A4.06c	SPCPB16A4.06c	viable	V	0.0	-0.313	0.586	1.081	1.982	0.533	1.996
SPCPB1C11.01	amt1	viable	V	0.0	0.322	0.608	0.756	0.722	0.583	0.511
SPCPB1C11.02	SPCPB1C11.02	viable	V	0.0	-0.019	0.537	0.206	0.336	-0.157	0.644
SPCPB1C11.03	SPCPB1C11.03	viable	V	0.0	0.281	1.062	0.786	0.561	1.312	0.18
SPCPJ732.01	vps5	viable	V	0.0	0.134	0.969	0.783	0.404	0.522	1.638
SPCPJ732.02c	xks1	viable	V	0.0	0.08	0.054	-0.256	0.424	0.804	1.11
SPCPJ732.03	meu15	viable	V	0.0	-0.429	-0.286	0.169	0.028	0.046	-0.008
SPMTR.02	mat2-Pi	unknown	Not_determined	0.0	0.368	1.132	1.1	0.512	0.113	0.252
